prediction,regime,surprise,tick,vector
"[0.2246813858799676, 0.34871353422700546, 0.741163459538019, 0.3357395779930714]",stable,0.0,0,"[0.2246813858799676, 0.34871353422700546, 0.741163459538019, 0.3357395779930714]"
"[0.2246813858799676, 0.34871353422700546, 0.741163459538019, 0.3357395779930714]",stable,0.11841194904671896,1,"[0.20741619745341902, 0.39517077068852136, 0.6348711369849259, 0.3194003524218712]"
"[0.21604879166669333, 0.3719421524577634, 0.6880172982614725, 0.3275699652074713]",stable,0.20795525397265063,2,"[0.19144867112494776, 0.4458073931571125, 0.4953666518664479, 0.31921075566543755]"
"[0.20784875148611148, 0.39656389935754643, 0.6238004161297976, 0.32478356202679337]",stable,0.1861953767428938,3,"[0.21059721426956532, 0.5410389480745744, 0.5094404933524744, 0.3514281230727777]"
"[0.20853586718197495, 0.43268266153680346, 0.5952104354354668, 0.3314447022882895]",stable,0.1501331154937119,4,"[0.285616349642167, 0.5259799592490652, 0.5844600329147326, 0.41964104391754337]"
"[0.22395196367401335, 0.45134212107925575, 0.59306035493132, 0.34908397061414026]",stable,0.22562860836068593,5,"[0.30840100298458667, 0.5705612954081506, 0.6855267922589945, 0.4940438792460267]"
"[0.2380268035591089, 0.4712119834674049, 0.6084714278192659, 0.3732439553861213]",stable,0.22867756884072166,6,"[0.35819884812090874, 0.5344277028344524, 0.7499886226884499, 0.4908397315772919]"
"[0.25519423849650885, 0.48024280051984025, 0.628688169943435, 0.39004335198485995]",stable,0.3061636135258758,7,"[0.4214578643107169, 0.5750446479539741, 0.8061867788232552, 0.5500415349343506]"
"[0.4214578643107169, 0.5750446479539741, 0.8061867788232552, 0.5500415349343506]",stable,0.0613628420983372,8,"[0.4350801417373255, 0.5237441049539968, 0.7850746844366444, 0.5276280187752048]"
"[0.4282690030240212, 0.5493943764539855, 0.7956307316299498, 0.5388347768547777]",stable,0.06765494303990739,9,"[0.48142353422488554, 0.5247622289439162, 0.8043264695989814, 0.5715368957580779]"
"[0.445987180090976, 0.5411836606172957, 0.7985293109529602, 0.5497354831558777]",stable,0.10002785805700899,10,"[0.516830863658971, 0.5527725728516711, 0.8491724900729746, 0.5975654989182942]"
"[0.4636981009829747, 0.5440808886758896, 0.8111901057329638, 0.5616929870964819]",stable,0.1129914390960319,11,"[0.5009061949039252, 0.5888407391280679, 0.8876941807892426, 0.6210756894856786]"
"[0.4711397197671648, 0.5530328587663252, 0.8264909207442196, 0.5735695275743212]",stable,0.11735851908232531,12,"[0.5468287871977396, 0.6089348725668033, 0.8859476365441424, 0.6107723617677636]"
"[0.4837545643389272, 0.5623498610664049, 0.8364003733775401, 0.579769999939895]",stable,0.09110158886308937,13,"[0.49500538158686125, 0.6197506083205807, 0.7694425589530236, 0.5996376597615045]"
"[0.48536182394577493, 0.5705499678170015, 0.826834971316895, 0.5826082370572677]",stable,0.22734278782534123,14,"[0.3661796152239008, 0.5724867536449665, 0.65445729528728, 0.49450301605612923]"
"[0.26906741058743283, 0.49177329466048103, 0.6319093106114156, 0.4031008099937686]",stable,0.1653122810173981,15,"[0.2875517534718631, 0.6205345595289329, 0.5436069781464137, 0.4541861706563171]"
"[0.27112122646348064, 0.5060801018680867, 0.6220979403375265, 0.4087769611784962]",stable,0.20166346703837723,16,"[0.27212373882524515, 0.6492850918295593, 0.48268076065698423, 0.4356531544908143]"
"[0.2712214776996571, 0.5204006008642339, 0.6081562223694722, 0.41146458050972806]",stable,0.2908256705662659,17,"[0.16857929551509826, 0.6360929227154947, 0.37161139880888344, 0.3428643894891173]"
"[0.16857929551509826, 0.6360929227154947, 0.37161139880888344, 0.3428643894891173]",stable,0.04851638542156443,18,"[0.202249730106105, 0.6211770159947849, 0.3424810556436352, 0.3306545441747619]"
"[0.18541451281060162, 0.6286349693551398, 0.35704622722625934, 0.3367594668319396]",stable,0.03210415502790322,19,"[0.21121502974996922, 0.6310601418258305, 0.3616303089212493, 0.35514736582062534]"
"[0.19401468512372413, 0.6294433601787034, 0.3585742544579227, 0.34288876649483485]",stable,0.02491160549310392,20,"[0.18446868318463433, 0.6078608721613621, 0.3575666172098171, 0.35080348780265663]"
"[0.1916281846389517, 0.6240477381743681, 0.3583223451458963, 0.3448674468217903]",stable,0.05052925324432216,21,"[0.21366564989547787, 0.6578406068401359, 0.3558334547745346, 0.3751891059214134]"
"[0.19603567769025693, 0.6308063119075216, 0.3578245670716239, 0.35093177864171493]",stable,0.0572498774168449,22,"[0.16576279360939655, 0.6732288031306661, 0.37306517991472754, 0.36907446069976263]"
"[0.19099019701011355, 0.637876727111379, 0.36036466921214116, 0.3539555589847229]",stable,0.05660220154900192,23,"[0.14606316012938095, 0.6571275459410243, 0.38850759573702776, 0.3587254896251134]"
"[0.1845720488842946, 0.6406268440870425, 0.364385087287125, 0.35463697764763585]",stable,0.18196318190126096,24,"[0.3305936136079523, 0.6752990640082897, 0.3934630711109584, 0.45333150751509904]"
"[0.20282474447475182, 0.6449608715771984, 0.3680198352651042, 0.36697379388106877]",stable,0.3572332014358465,25,"[0.5098408046091922, 0.6816200251346639, 0.39511309288667407, 0.5438318185209793]"
"[0.5098408046091922, 0.6816200251346639, 0.39511309288667407, 0.5438318185209793]",stable,0.10121903244500395,26,"[0.5995132654680728, 0.6392136386707465, 0.386044364591762, 0.561820671925275]"
"[0.5546770350386325, 0.6604168319027053, 0.39057872873921806, 0.5528262452231272]",stable,0.18989497970873948,27,"[0.7281033419972642, 0.6689266579603926, 0.3735115470266658, 0.6277909938862932]"
"[0.6124858040248431, 0.6632534405886011, 0.3848896681683673, 0.5778144947775159]",stable,0.21307431771789956,28,"[0.8061225855350659, 0.6299693086854627, 0.4223436810995039, 0.6512639685409091]"
"[0.6608949994023988, 0.6549324076128165, 0.3942531714011514, 0.5961768632183642]",stable,0.16848105131208824,29,"[0.8148797318366712, 0.6624607192777178, 0.40759353478761867, 0.6628096333586275]"
"[0.6916919458892533, 0.6564380699457967, 0.39692124407844487, 0.6095034172464169]",stable,0.1709328402745773,30,"[0.8384684412562765, 0.6363486989207922, 0.42445790736725203, 0.6902056206788322]"
"[0.7161546951170905, 0.6530898414416293, 0.4015106879599127, 0.6229537844851528]",stable,0.16814212194756153,31,"[0.8682543150786514, 0.6626306742757113, 0.39916605080947015, 0.6939534603016119]"
"[0.7378832122544564, 0.6544528175607839, 0.40117573979556376, 0.6330965953160755]",stable,0.11708325573755406,32,"[0.8401000936910938, 0.605257134286278, 0.3778477373152427, 0.6502950537035744]"
"[0.750660322434036, 0.6483033571514707, 0.3982597394855236, 0.6352464026145129]",stable,0.10191900223249721,33,"[0.840152476029252, 0.625036898103894, 0.40180811853436094, 0.6779631247555111]"
"[0.7606038950557267, 0.6457181950350733, 0.39865400382428334, 0.6399927050746238]",stable,0.17859346126426157,34,"[0.7739144563775637, 0.6023496292651784, 0.5705426114006774, 0.6570785896627165]"
"[0.7619349511879104, 0.6413813384580838, 0.4158428645819227, 0.6417012935334331]",stable,0.26389137271044444,35,"[0.6925414696794737, 0.5188184869460135, 0.6382331981897086, 0.6231516773058968]"
"[0.7556264528689617, 0.6302392610478956, 0.436060167637176, 0.6400149647854753]",stable,0.3021524155555385,36,"[0.6902661112595176, 0.5342170410842891, 0.7130721446222149, 0.6073315461937084]"
"[0.5109748598599928, 0.5660083519754124, 0.81261461798006, 0.5856986506993228]",stable,0.17962013802331636,37,"[0.660633718452649, 0.509271179446675, 0.7475710650864589, 0.6348499427340208]"
"[0.5276036219258435, 0.5597042216944417, 0.8053875565474375, 0.5911599053698448]",stable,0.14375936017048235,38,"[0.6197650084265429, 0.497354927323359, 0.714365970411313, 0.5903420890167962]"
"[0.5368197605759135, 0.5534692922573334, 0.796285397933825, 0.5910781237345399]",stable,0.16511607505779588,39,"[0.5583322921316409, 0.4190324740761604, 0.7491129728864784, 0.5104429362477473]"
"[0.5387754452627979, 0.5412477633317723, 0.7919969956567936, 0.5837476521448315]",stable,0.2670623362446853,40,"[0.41942071875511866, 0.48747798998335407, 0.5996343005954863, 0.4526669681232844]"
"[0.2846941359774263, 0.5174076362386993, 0.6073815022082008, 0.41521025211096046]",stable,0.149275859004114,41,"[0.36550724521066447, 0.5016886450180887, 0.4838832649908668, 0.3992847324431341]"
"[0.2914285617468628, 0.5160977203036484, 0.5970899824400896, 0.413883125471975]",stable,0.17110354993005913,42,"[0.2647602523294523, 0.5149032575114693, 0.4356467060654001, 0.3638844470541485]"
"[0.20970646756971856, 0.6305100255698952, 0.37553393202069263, 0.3666305331225221]",stable,0.11106466263351242,43,"[0.25323585774573465, 0.5300768264730514, 0.39395982929425094, 0.37040018902699073]"
"[0.21405940658732017, 0.6204667056602109, 0.3773765217480484, 0.3670074987129689]",stable,0.08814911731188883,44,"[0.2557741719785931, 0.5441939032649831, 0.3636831660001496, 0.3619978226399863]"
"[0.2178516579865268, 0.6135328145333719, 0.37613167122551217, 0.36655207361542497]",stable,0.15742394887350558,45,"[0.3097081151303291, 0.49320433416305914, 0.3441279245749096, 0.33754331679938393]"
"[0.22550636274851033, 0.6035054411691793, 0.3734646923379619, 0.36413467721408826]",stable,0.1970451369032012,46,"[0.30093749917882395, 0.43499510497014593, 0.44135501262384097, 0.3526411729789894]"
"[0.2921600184723983, 0.5098590575856867, 0.5851103693773012, 0.4091722060494376]",stable,0.12201929370046022,47,"[0.3110771523512874, 0.4017447217266914, 0.5664221155062459, 0.3592433603789567]"
"[0.29351124232089043, 0.50213660502433, 0.5837754941007972, 0.4056058599301176]",stable,0.12987473507630085,48,"[0.30642244036510036, 0.3833525907951884, 0.6117359481366813, 0.36306977231124016]"
"[0.2943719888571711, 0.4942176707423872, 0.5856395243698562, 0.40277012075552576]",stable,0.23102954307860404,49,"[0.2581456489388443, 0.31542085447373, 0.7070724609451586, 0.32963980913222546]"
"[0.2921078426122756, 0.4830428697255961, 0.5932290829058127, 0.3981994762790695]",stable,0.2536173768419871,50,"[0.2323669793689363, 0.29539992890157424, 0.7442247540642473, 0.3458235548506342]"
"[0.2885936741861968, 0.4720050496771243, 0.60211118120925, 0.39511853972445565]",stable,0.2363341291488252,51,"[0.2703091813429663, 0.36625850232176704, 0.8121667387728012, 0.3804956678763458]"
"[0.28757786902823956, 0.4661302414907155, 0.613780934407225, 0.3943061579551162]",stable,0.28693701546398126,52,"[0.3540810303981865, 0.37671717709485336, 0.8748256842536143, 0.4363908685298283]"
"[0.3540810303981865, 0.37671717709485336, 0.8748256842536143, 0.4363908685298283]",stable,0.08081246209122843,53,"[0.3101271800389672, 0.34071438405757115, 0.8465029541378133, 0.38638751944051514]"
"[0.33210410521857686, 0.35871578057621223, 0.8606643191957137, 0.4113891939851717]",stable,0.1253308550049108,54,"[0.28562719920901186, 0.27045116589534585, 0.881322229308237, 0.3383800920247919]"
"[0.31661180321538857, 0.3292942423492568, 0.8675502892332215, 0.3870528266650451]",stable,0.06113926606178856,55,"[0.3155675057574173, 0.27098913516511314, 0.8502096429456565, 0.38099182345035193]"
"[0.31635072885089577, 0.31471796555322085, 0.8632151276613302, 0.38553757586137183]",stable,0.06962246854446245,56,"[0.2715395482887919, 0.26598862049222116, 0.8537598678471926, 0.3661650382209808]"
"[0.307388492738475, 0.3049720965410209, 0.8613240756985027, 0.3816630683332936]",stable,0.20251462827648456,57,"[0.4589835043050817, 0.3656594630548647, 0.7806776894920885, 0.47023129667474445]"
"[0.3326543279995761, 0.31508665762666155, 0.8478830113307669, 0.3964244397235354]",stable,0.34257790153596007,58,"[0.5599771542349719, 0.4279989863531593, 0.6509868539801258, 0.5154482211087901]"
"[0.5405422543438124, 0.5318103652502212, 0.7802461505170712, 0.578056032891828]",stable,0.20186275426767442,59,"[0.5259265763365745, 0.38496331926360217, 0.6878251207206406, 0.47593232431594773]"
"[0.5394179714201787, 0.5205144386358659, 0.7731368405327305, 0.5702003630013757]",stable,0.19444030392432812,60,"[0.5428629603792905, 0.3640005214281538, 0.7023322983357669, 0.47917688050464546]"
"[0.5396640420601152, 0.5093348731210293, 0.7680793732329473, 0.5636986856801807]",stable,0.08227359493845558,61,"[0.5577280142048219, 0.43375408538162863, 0.7489571852143874, 0.544606179702001]"
"[0.5408683068697624, 0.5042961539384027, 0.7668045606983767, 0.562425851948302]",stable,0.03928271649155558,62,"[0.5535003785984093, 0.5083915017701242, 0.8015627816655299, 0.5750217552558865]"
"[0.5416578113528028, 0.5045521131778853, 0.7689769495088237, 0.563213095905026]",stable,0.0676717077170854,63,"[0.5317077619539267, 0.5524415766001846, 0.8038388412361964, 0.5943852684411159]"
"[0.5410725143293394, 0.5073691404380205, 0.7710276490221986, 0.5650467531130312]",stable,0.0913331712177979,64,"[0.5061451320335822, 0.5020392447387485, 0.8542457010598403, 0.5780149510433854]"
"[0.5391321042017974, 0.5070730351213943, 0.7756508741354008, 0.5657672085536064]",stable,0.15142368310981527,65,"[0.5129831715482126, 0.5602322082599008, 0.9101388030254329, 0.6022701457192646]"
"[0.5377558445884508, 0.5098708863392104, 0.7827291861822446, 0.5676884157728516]",stable,0.15945612934883066,66,"[0.47234314956499335, 0.5023435164195872, 0.9279558041447014, 0.5676201958421039]"
"[0.534485209837278, 0.5094945178432293, 0.7899905170803675, 0.5676850047763142]",stable,0.1438508613942633,67,"[0.45028173962495166, 0.5214624625511302, 0.9043535739567282, 0.5481733300804729]"
"[0.5304755207795482, 0.5100644199721769, 0.7954363769316227, 0.5667558774098457]",stable,0.10622788012702501,68,"[0.4565544757894797, 0.46933396544545597, 0.8535812659922316, 0.5388230369879682]"
"[0.5271154732799995, 0.5082130356755078, 0.7980793264343777, 0.5654862028452149]",stable,0.01735274049624194,69,"[0.5416865982284403, 0.5111179944064331, 0.7950713071731332, 0.5739309026837197]"
"[0.5277490004516708, 0.5083393382290263, 0.7979485429882367, 0.5658533637077586]",stable,0.07849984045087229,70,"[0.5008541676051661, 0.4535901296368833, 0.8319113710939036, 0.5299654356180805]"
"[0.5266283824163998, 0.5060581212043537, 0.7993636608259728, 0.5643580333706887]",stable,0.08170292697098193,71,"[0.4861149907169225, 0.46292028032310717, 0.8500097468782025, 0.5396976598876141]"
"[0.5250078467484207, 0.5043326075691038, 0.801389504268062, 0.5633716184313656]",stable,0.057005429158638765,72,"[0.5419469679241428, 0.516314459935775, 0.8544578957934772, 0.5650645927735588]"
"[0.5256593514090254, 0.5047934480447449, 0.8034305962498087, 0.5634367328291423]",stable,0.05430439547259633,73,"[0.4961605352693598, 0.47646119442940976, 0.8296886379801706, 0.5392171980779286]"
"[0.5245668026631118, 0.503744105318251, 0.8044031163138962, 0.5625397130235418]",stable,0.0945748710083544,74,"[0.46023577081123296, 0.5614908450206991, 0.8423505870025645, 0.5681279228612066]"
"[0.522269265811259, 0.5058064888790528, 0.8057583831242058, 0.5627392919463156]",stable,0.16252789672269938,75,"[0.40697773237664114, 0.6015444206926056, 0.8686507551687844, 0.5641455216816885]"
"[0.5182936956928239, 0.5091077968726235, 0.8079270856085015, 0.5627877826268456]",stable,0.15617408888956966,76,"[0.4508465221452825, 0.5998455292639988, 0.700399530013, 0.5560266045443998]"
"[0.5160454565745725, 0.512132387952336, 0.8043428337553181, 0.5625624100240975]",stable,0.2295797433807026,77,"[0.5940876159601092, 0.6275278874938791, 0.6291509590718208, 0.6136306551440469]"
"[0.5185629455870092, 0.515854823421418, 0.7986914829590763, 0.5642097727699023]",stable,0.346904687536166,78,"[0.6819072811374212, 0.6184396164152399, 0.5213997081788498, 0.643248511144235]"
"[0.749483188558, 0.6292559573285077, 0.44317179601564877, 0.6402844269820386]",stable,0.06888988487974712,79,"[0.7542583654461313, 0.6723057654163218, 0.489358051768025, 0.6674240240241897]"
"[0.7498505098570871, 0.6325674810275703, 0.4467245849196777, 0.6423720882929733]",stable,0.1444310410546696,80,"[0.6135357138000134, 0.6582229963250171, 0.45681858257615227, 0.6034040534158127]"
"[0.7401137387101533, 0.6344000178345308, 0.447445584752283, 0.639588657230319]",stable,0.24425675727909507,81,"[0.5227545795813336, 0.6791435063939482, 0.42306735074535073, 0.5404923335974628]"
"[0.7256231281015653, 0.6373829170718254, 0.44582036915182083, 0.6329822356547953]",stable,0.3578942833302006,82,"[0.40381648309834356, 0.6902386283095041, 0.4100090327782809, 0.4899695675134426]"
"[0.23922252585234366, 0.6101772247953581, 0.3762757954487557, 0.37381428416019247]",stable,0.26575361060362607,83,"[0.3940090670360821, 0.6632469238294197, 0.533171233707901, 0.5124993111643482]"
"[0.2502787073654678, 0.6139679175835052, 0.3874826124672661, 0.38372035751763217]",stable,0.335554586167468,84,"[0.4322691807644439, 0.644798054010797, 0.6225088063647818, 0.5363261855844502]"
"[0.515866265436304, 0.519884299377336, 0.7931857743155046, 0.5633384106703568]",stable,0.15147169339814825,85,"[0.46275202709791813, 0.6251908106094642, 0.6982485851800595, 0.5678128265891271]"
"[0.5142567430624134, 0.5230754057783096, 0.7903088897962487, 0.5634739990315316]",stable,0.08714372763455318,86,"[0.5024585778504098, 0.5972296635606138, 0.7508903553346656, 0.5835278704116921]"
"[0.5139097382032368, 0.5252564133601422, 0.7891495211356139, 0.564063818778007]",stable,0.19070740244152137,87,"[0.44792228620981694, 0.6247358373379629, 0.6454677763209213, 0.5256662936304788]"
"[0.5120243824319962, 0.5280986826166513, 0.7850443284266225, 0.5629667466309348]",stable,0.27970513249766304,88,"[0.374301191825799, 0.5974462131119662, 0.5664439629419901, 0.4812839201680192]"
"[0.2921422544386374, 0.4730416084181498, 0.6112895148564231, 0.39888393491369006]",stable,0.17090879157977287,89,"[0.3210045491679723, 0.6118195546627649, 0.5255728110523125, 0.44095662566791116]"
"[0.2549937634856348, 0.6138246933887892, 0.3966886257062692, 0.38753610872765076]",stable,0.06580851234159846,90,"[0.26946491428845765, 0.5983853732888631, 0.45703390040017444, 0.4030738469165062]"
"[0.25589821041081123, 0.6128597358825438, 0.40046020537463833, 0.3885072173644542]",stable,0.04329617087359015,91,"[0.2694145243176211, 0.6102967483462703, 0.4413574637969047, 0.3920727494592421]"
"[0.2566932876994471, 0.6127089719098219, 0.40286592645830105, 0.38871695454650057]",stable,0.06601356796763547,92,"[0.19871062141832802, 0.6051463008947036, 0.4105294576255706, 0.3590542192728381]"
"[0.2534720284616071, 0.6122888235200931, 0.40329167818981604, 0.3870690248090749]",stable,0.1385801244132488,93,"[0.35392635854321347, 0.6511554918315154, 0.358263420540881, 0.4617363975880751]"
"[0.25875909846590217, 0.6143344376417469, 0.40092176989250367, 0.3909988865342855]",stable,0.247751125311621,94,"[0.47801285890235196, 0.6195963338303427, 0.375722385371804, 0.5034520416520001]"
"[0.26972178648772466, 0.6145975324511767, 0.39966180066646867, 0.3966215442901712]",stable,0.37844261245498767,95,"[0.6024014911406502, 0.6292479125867195, 0.4095737495632994, 0.5761491039147283]"
"[0.7179217757915081, 0.6368744792915063, 0.44355495542753826, 0.6294301649210411]",stable,0.04926608591554696,96,"[0.6909469741306326, 0.6664871556766759, 0.4685253622317671, 0.6153207539435048]"
"[0.716335022752633, 0.6386164014318103, 0.44502380288661053, 0.6286001995694214]",stable,0.07412460017782063,97,"[0.7756645086295456, 0.6594699743691107, 0.4540775289104266, 0.6667790811394382]"
"[0.7196311053013504, 0.6397749332616605, 0.4455267876657114, 0.6307212485455334]",stable,0.12150648332750603,98,"[0.8243199767835941, 0.6661978663998873, 0.41196295781374326, 0.6752112879749684]"
"[0.7251410459056791, 0.6411656139531461, 0.44376027030508153, 0.6330628295681353]",stable,0.17049227819175491,99,"[0.8752666520447563, 0.6770193366747174, 0.3949104844702219, 0.686524295085669]"
"[0.7326473262126328, 0.6429583000892247, 0.4413177810133385, 0.6357359028440119]",stable,0.18902454405848998,100,"[0.8931574984923527, 0.6740928900547103, 0.40730541908028595, 0.7242828361317932]"
"[0.7402906677497624, 0.6444408996113907, 0.43969814473081226, 0.6399524234767634]",stable,0.17735872956290918,101,"[0.8692144720663363, 0.7106186224522878, 0.432092355202913, 0.7419202252475264]"
"[0.746150840673243, 0.6474489779223406, 0.43935242702499866, 0.6445873235572526]",stable,0.2556707796826022,102,"[0.9402659015448898, 0.7507036028166607, 0.44673127199517937, 0.7748598295251116]"
"[0.754590625928532, 0.6519383094394849, 0.43967324637152827, 0.6502513455558551]",stable,0.21868407716652496,103,"[0.9118420234436976, 0.7604430749687637, 0.4270471296992332, 0.7559018099226331]"
"[0.7611427674916639, 0.6564593413365383, 0.4391471581768493, 0.6546534482378041]",stable,0.30357783914267317,104,"[1.0, 0.7446984579492183, 0.4680897568382165, 0.817389157838169]"
"[1.0, 0.7446984579492183, 0.4680897568382165, 0.817389157838169]",stable,0.07882153389285922,105,"[0.9498358211020853, 0.7381898590417292, 0.4186058185335151, 0.7826707570852671]"
"[0.9749179105510426, 0.7414441584954737, 0.4433477876858658, 0.800029957461718]",stable,0.04594482235707648,106,"[0.9326787338307615, 0.7355205875034501, 0.46032671640383593, 0.8018754757381711]"
"[0.9608381849776156, 0.7394696348314659, 0.4490074305918559, 0.8006451302205356]",stable,0.0439632028752961,107,"[0.9794310424092214, 0.7200493420522723, 0.4189403217502418, 0.7831554174195957]"
"[0.965486399335517, 0.7346145616366675, 0.4414906533814524, 0.7962727020203006]",stable,0.11108577602073028,108,"[0.9198815259116547, 0.7056395502901593, 0.3567460159972597, 0.7489542034577642]"
"[0.9563654246507445, 0.7288195593673659, 0.4245417259046138, 0.7868090023077934]",stable,0.03011266294854091,109,"[0.9600400515260659, 0.7283457354044326, 0.40469680567708727, 0.7644656762529095]"
"[0.956977862463298, 0.7287405887068771, 0.42123423920002606, 0.7830851146319794]",stable,0.06528132383428714,110,"[0.952956283341647, 0.6973080331616406, 0.38621777013120767, 0.7380149527865469]"
"[0.956403351160205, 0.7242502236289862, 0.4162318864759091, 0.7766465200826319]",stable,0.25133639686119097,111,"[0.7949234593533143, 0.6022393695338362, 0.49368456024585283, 0.6493332696408195]"
"[0.7624939951661298, 0.6542905424644302, 0.44132865425960943, 0.6544406410939247]",stable,0.1738832568445354,112,"[0.6565277027033318, 0.5788111894150536, 0.5519836334486029, 0.6218082229107373]"
"[0.7584183685329453, 0.6513874904240695, 0.4455846149976477, 0.653185548086879]",stable,0.26060086280042866,113,"[0.6424088602430078, 0.5129364192258083, 0.6182215092875114, 0.5791422682253062]"
"[0.5156461734823021, 0.5276775086335723, 0.7804103612283139, 0.5634160666752229]",stable,0.1055102394588914,114,"[0.592347111611352, 0.5247423030804695, 0.7086554831626455, 0.573007665235336]"
"[0.5177191718101144, 0.5275981787537587, 0.778471040199512, 0.5636752990687395]",stable,0.06802216123777109,115,"[0.5497940245957132, 0.5397072171945799, 0.7241037784559227, 0.5859416475970064]"
"[0.5185632468834196, 0.5279168376600961, 0.777040322785207, 0.5642612556089571]",stable,0.07888600974974512,116,"[0.5587080706423535, 0.5340774781338997, 0.8267966618079298, 0.6100624444102254]"
"[0.5195926013387768, 0.52807480280045, 0.7783161263498921, 0.5654356450653999]",stable,0.045207650906591436,117,"[0.49939862802535295, 0.5385525367688837, 0.8171778599878013, 0.5614459217852854]"
"[0.5190877520059413, 0.5283367461496609, 0.7792876696908398, 0.565335901983397]",stable,0.09074001036537359,118,"[0.44842631244354847, 0.5363511676530872, 0.8354620830356507, 0.569909169241077]"
"[0.5173643022605171, 0.5285322198448663, 0.7806577773333961, 0.5654474450872429]",stable,0.09773502852040815,119,"[0.4605704089747191, 0.591804263324884, 0.8228934094468083, 0.5886722029798376]"
"[0.5160120667060933, 0.530038697070581, 0.7816633876218106, 0.5660004155132571]",stable,0.12503801037075088,120,"[0.5891533835904131, 0.5601114478189925, 0.6957004135792075, 0.6106193415209299]"
"[0.5177130275638683, 0.5307380633670558, 0.7796642486905874, 0.5670380649552961]",stable,0.2292333145518174,121,"[0.6849313861430393, 0.5804241547213111, 0.6389115006276571, 0.6150577410596818]"
"[0.7556966284444302, 0.6487592187313747, 0.45274487002098135, 0.6517734070858717]",stable,0.11246146959132147,122,"[0.705279015536491, 0.6070526493725146, 0.5436229546507962, 0.6414108660058219]"
"[0.7538959994120038, 0.6472696983971298, 0.4559905159006176, 0.6514033163330127]",stable,0.11794580980179745,123,"[0.7902632306743022, 0.6112267467292382, 0.554547498724684, 0.6911030053972737]"
"[0.7551500418693244, 0.6460268379947887, 0.45938903254972335, 0.6527722711283321]",stable,0.05066855089722451,124,"[0.8007845919891601, 0.6278546438051102, 0.45854919461307847, 0.665176138104305]"
"[0.7566711935399856, 0.645421098188466, 0.4593610379518352, 0.6531857333608645]",stable,0.12196190358543331,125,"[0.8583798071198719, 0.6542115958666689, 0.4834006071801442, 0.7154343487006994]"
"[0.7599521165586915, 0.6457046626296984, 0.46013650792694194, 0.6551937532105366]",stable,0.191636758989828,126,"[0.8954977433200654, 0.7301875161081104, 0.48356390355288187, 0.7584692830533926]"
"[0.9487901501801876, 0.7249923851888767, 0.4246483886105307, 0.774374365453977]",stable,0.03346818548650924,127,"[0.9278533757117022, 0.7240301960331645, 0.45022581262058936, 0.7795358078544569]"
"[0.9464638419059115, 0.7248854752826864, 0.4274903246116484, 0.7749478590540303]",stable,0.07728477869691139,128,"[0.996695773763274, 0.7515969449406477, 0.4555089299358089, 0.8191196281436717]"
"[0.9514870350916478, 0.7275566222484826, 0.4302921851440645, 0.7793650359629944]",stable,0.037893438987391746,129,"[0.9228851582264906, 0.7469720987839923, 0.4355497654286332, 0.7647622116289159]"
"[0.9488868644675427, 0.7293216655698926, 0.43077014698811616, 0.7780375064780783]",stable,0.08019607713449449,130,"[0.8850080028766683, 0.7626116319394864, 0.43205445707290285, 0.7428092434449237]"
"[0.9435636260016365, 0.7320958294340255, 0.43087717282851506, 0.7751018178919821]",stable,0.06343758991997736,131,"[0.9143619083136644, 0.7138387007382403, 0.39062129602212325, 0.7402058420027576]"
"[0.9413173400256386, 0.730691434918965, 0.4277805669203311, 0.7724175120543494]",stable,0.07660117612744524,132,"[0.9238206477202451, 0.7417078058959575, 0.35491804887153905, 0.7609589355037913]"
"[0.940067576289539, 0.7314783185601789, 0.4225761013454174, 0.7715990423007381]",stable,0.026462967422171673,133,"[0.924776940156813, 0.7345095478921144, 0.4011993270113811, 0.7710243604301388]"
"[0.9390482005473573, 0.7316804005156412, 0.42115098305648163, 0.7715607301760314]",stable,0.051779645228078035,134,"[0.9170206645492915, 0.7749031456995921, 0.4032651714609011, 0.7687658491177051]"
"[0.9376714795474781, 0.7343818220896381, 0.42003311983175784, 0.771386050109886]",stable,0.13131998710109272,135,"[0.8523407300862693, 0.7025491935567035, 0.5112273130506246, 0.746208578186284]"
"[0.9326520236968188, 0.7325093145288772, 0.42539748413875, 0.7699050223496742]",stable,0.24502386323374561,136,"[0.8029722247126208, 0.7052157441450538, 0.6245312215772526, 0.7167951464424188]"
"[0.7612964949385019, 0.6475643839270533, 0.46527384272851413, 0.657118796749033]",stable,0.1353626891892192,137,"[0.6487753242563608, 0.6804440141223458, 0.5228422478774875, 0.6215259264000138]"
"[0.7578867624935886, 0.6485607363572137, 0.4670183398542406, 0.6560402249202748]",stable,0.28729046791331275,138,"[0.4982776744426276, 0.662659460285167, 0.5037212927799654, 0.5394509733344877]"
"[0.4982776744426276, 0.662659460285167, 0.5037212927799654, 0.5394509733344877]",stable,0.0993189429306016,139,"[0.4051493264005019, 0.6872931385449859, 0.5150782330772777, 0.5181070042033301]"
"[0.4517135004215648, 0.6749762994150764, 0.5093997629286215, 0.5287789887689089]",stable,0.13442128082708305,140,"[0.3392744262284978, 0.6681196649669239, 0.4660356884323138, 0.46962597582009474]"
"[0.273033816951571, 0.6171462054281169, 0.4028224619886518, 0.40009794579159613]",stable,0.041090028897921,141,"[0.2890539984825768, 0.634668552136391, 0.4304017789633213, 0.4191791642954377]"
"[0.27376200702116216, 0.6179426757330385, 0.4040760673056823, 0.4009652739054071]",stable,0.055624450423426244,142,"[0.23648516276311574, 0.6525687455167397, 0.38681193237026923, 0.386560368375149]"
"[0.2721412746621167, 0.6194481570279821, 0.403325452743273, 0.4003389736649611]",stable,0.12147836161992087,143,"[0.16772296340715895, 0.628657093753544, 0.3698207536368549, 0.34889541975685695]"
"[0.2677905116931601, 0.6198318627248804, 0.40192942361383893, 0.3981954922521234]",stable,0.10942542563800443,144,"[0.18354967004927925, 0.6412304614424683, 0.3511796027011457, 0.35525413659767024]"
"[0.2644208780274049, 0.6206878066735839, 0.39989943077733126, 0.39647783802594533]",stable,0.13078397131440933,145,"[0.16942501873479734, 0.6604622744546762, 0.3329759975657363, 0.3515392168863132]"
"[0.26076719113153535, 0.6222175938959336, 0.3973254525768853, 0.3947494295205748]",stable,0.11161237877769306,146,"[0.16404648058579507, 0.609970558955868, 0.37146239956723054, 0.3469630311195762]"
"[0.2571849425928042, 0.6217640000092645, 0.3963675617246758, 0.39297956291313046]",stable,0.1557268510773077,147,"[0.13241765414175005, 0.636283409944325, 0.3360457604926718, 0.3234494046342248]"
"[0.25272896800526656, 0.6222825503640881, 0.3942132116806757, 0.3904963429745981]",stable,0.16460629384451214,148,"[0.12902039602550688, 0.6069479479573449, 0.32702253506172885, 0.3065815997141334]"
"[0.24846315517837833, 0.6217537709707521, 0.39189629179726376, 0.3876027311380304]",stable,0.14489577034240286,149,"[0.13556887986192767, 0.5878881296961829, 0.34964935868481445, 0.3146782369845142]"
"[0.24470001266782995, 0.6206249162615998, 0.39048806069351544, 0.3851719146662465]",stable,0.09649125090024299,150,"[0.1860773031435224, 0.5877859480158918, 0.348937709973505, 0.3297723664016278]"
"[0.24280895752188456, 0.6195655947052866, 0.3891477267993216, 0.38338483246416205]",stable,0.114164485531511,151,"[0.18159092612261482, 0.5701583540741767, 0.33496440118654486, 0.32086304276623334]"
"[0.2408958940406574, 0.6180216184355645, 0.3874544978739223, 0.3814310265361017]",stable,0.07767157471870317,152,"[0.21327208430963754, 0.5931578589020385, 0.3546297123816406, 0.3216470355813972]"
"[0.24005880889729314, 0.6172681711769727, 0.3864598074044592, 0.37961939044656523]",stable,0.11208649176696932,153,"[0.16202737979701795, 0.5837424235026462, 0.3470962494792637, 0.3179670404545108]"
"[0.23776376686493209, 0.6162821197747866, 0.385302055700777, 0.37780608603503424]",stable,0.1186761251075315,154,"[0.139558227755688, 0.5797942197807155, 0.39547486105266133, 0.322989647404852]"
"[0.23495789431895367, 0.6152396083463847, 0.3855927072822594, 0.37623990207417185]",stable,0.1221592739587982,155,"[0.13262778665604547, 0.6252043326967793, 0.3616628222104037, 0.3147622463860541]"
"[0.2321153913283173, 0.6155164062450067, 0.38492798825248564, 0.3745321894161686]",stable,0.15648727296295029,156,"[0.08991697139995512, 0.6514783332624543, 0.3707356671935089, 0.32187106715876906]"
"[0.22827219078971292, 0.6164883502184513, 0.38454441200764844, 0.3731089158416443]",stable,0.14923044348803113,157,"[0.14107777930063467, 0.6571102604750925, 0.2817061615408658, 0.3237022916224121]"
"[0.22597760101368453, 0.617557347856784, 0.3818381422585226, 0.37180874152008553]",stable,0.1188743031279857,158,"[0.18954843105483765, 0.7166673549982786, 0.3274855394193897, 0.37700648807970544]"
"[0.22504351973268846, 0.6200986300911813, 0.3804444857754679, 0.3719420170728963]",stable,0.11246062886691419,159,"[0.1295878445078143, 0.6650240641242537, 0.3659189388156387, 0.33579895446106156]"
"[0.2226571278520666, 0.6212217659420081, 0.38008134710147223, 0.3710384405076005]",stable,0.09177808881707462,160,"[0.20664715967847724, 0.7072489580479381, 0.3771787838837093, 0.3985665325434063]"
"[0.22226664082344247, 0.6233199901397136, 0.3800105528766487, 0.37170985738652257]",stable,0.10061560311384925,161,"[0.23100745000264872, 0.7070334422574065, 0.32488821272518137, 0.3708831799276498]"
"[0.22247475532770927, 0.6253131675710872, 0.37869811620637567, 0.3716901745898828]",stable,0.07521672931769179,162,"[0.2207178784684753, 0.6917986238018483, 0.34573059914261955, 0.3838267590101761]"
"[0.22243389772633174, 0.6268593409718026, 0.37793142976303246, 0.37197242073919196]",stable,0.12717223599301922,163,"[0.1703778405574732, 0.6858384955035993, 0.27864589299535936, 0.3607124900570703]"
"[0.22125080551794857, 0.6281997763020707, 0.3756749402910399, 0.37171651322368926]",stable,0.08963958574364356,164,"[0.17921644673108708, 0.6411520213214438, 0.3005113735244681, 0.35047867921090325]"
"[0.22031670865601832, 0.6284876039691678, 0.3740046388073383, 0.3712445613567384]",stable,0.09983353878250244,165,"[0.18112082625007572, 0.6430303227418724, 0.29758790269619556, 0.32246536455036473]"
"[0.21946462425588917, 0.628803750029444, 0.3723434054136179, 0.3701841440348607]",stable,0.1638104960702744,166,"[0.18081620902929482, 0.6190846908731774, 0.22855970292903474, 0.30256783378205254]"
"[0.21864231754894037, 0.6285969615367575, 0.36928417770118, 0.3687454991358648]",stable,0.11668738195513825,167,"[0.1698862708441994, 0.5939482389326459, 0.2819303600281767, 0.3196785084280125]"
"[0.2176265665759249, 0.6278751131491719, 0.36746430649965905, 0.36772327016278455]",stable,0.11018586543348748,168,"[0.14959486377669565, 0.5772851988590717, 0.3295115711202724, 0.30845386148590875]"
"[0.21623816447798144, 0.6268426659187617, 0.3666897608796716, 0.3665136903938687]",stable,0.06465750232938162,169,"[0.18344111561018248, 0.5986112998194258, 0.35474864170452497, 0.31998041376254377]"
"[0.21558222350062548, 0.6262780385967749, 0.3664509384961686, 0.36558302486124217]",stable,0.08420273736026683,170,"[0.17693476074405168, 0.5845719593999769, 0.33392403969447904, 0.3126767075275213]"
"[0.21482443011324168, 0.6254602723380142, 0.3658131561667238, 0.3645456460899928]",stable,0.1360880332180771,171,"[0.10931775455212728, 0.6067158543293344, 0.33826932769535756, 0.2853100574705975]"
"[0.21279545558322022, 0.6250998027609243, 0.365283467157659, 0.363021884770389]",stable,0.06956496619016354,172,"[0.15566456588808136, 0.6039243470729659, 0.3628693767473043, 0.3295387814557555]"
"[0.2117175142682176, 0.6247002658611515, 0.365237918281992, 0.36239012810407517]",stable,0.03510741096690492,173,"[0.2019870267351798, 0.6057562241697829, 0.35221973127901285, 0.3377021146416739]"
"[0.21153732005464285, 0.6243494502742742, 0.3649968407448998, 0.36193294266958626]",stable,0.06268530199506145,174,"[0.1697441526279539, 0.6211692305440782, 0.3422838735757112, 0.3212293117812265]"
"[0.2107774442832485, 0.6242916280973616, 0.36458387770545997, 0.36119287665343425]",stable,0.024437309054817818,175,"[0.22013770590933224, 0.628416026236491, 0.3565289977369675, 0.34051255207147785]"
"[0.2109445918122857, 0.6243652780641318, 0.3644400405631654, 0.3608235851430422]",stable,0.044732976174515895,176,"[0.1861598635330385, 0.6547886177092211, 0.3565882528039191, 0.3408354327677731]"
"[0.21050977201791296, 0.6248990208649229, 0.36430228990072255, 0.3604729158031251]",stable,0.05720769468969291,177,"[0.17193729114210105, 0.658410953926534, 0.3405022484596203, 0.37023982015763535]"
"[0.20984472924419204, 0.6254768128142609, 0.3638919443586346, 0.36064131070578914]",stable,0.055847321807832986,178,"[0.17165567575724608, 0.616495541173136, 0.3501381886831784, 0.3233493476117521]"
"[0.20919745715119298, 0.625324587871191, 0.3636588298556608, 0.36000924353470376]",stable,0.11637742454828666,179,"[0.1589771187431298, 0.5708944418002962, 0.2985902092986961, 0.2981622034100011]"
"[0.2083604515110586, 0.6244174187700096, 0.362574352846378, 0.3589784595326254]",stable,0.05230588773298329,180,"[0.17846480496107509, 0.6040258413472013, 0.3454690006756327, 0.3253073041289523]"
"[0.2078703589446654, 0.6240831306155372, 0.36229393723702147, 0.35842647337846684]",stable,0.06428245773970963,181,"[0.1618371689356718, 0.6521276784929005, 0.3369379976400397, 0.3342653589140649]"
"[0.20712788813806873, 0.6245354620329141, 0.3618849704693282, 0.3580367779838797]",stable,0.14655624730758143,182,"[0.10606546007544015, 0.6818318407838841, 0.30418263116020594, 0.28982619024819667]"
"[0.2055237226132651, 0.6254449283622946, 0.3609690603215644, 0.3569540702420434]",stable,0.07903422441497697,183,"[0.15437129304317915, 0.6696549181781697, 0.3309394797296433, 0.32914150711118695]"
"[0.2047244659012325, 0.6261357094531677, 0.3604998481248156, 0.3565194989431238]",stable,0.10715104662145848,184,"[0.13371366293805165, 0.6003384548679841, 0.3028033146536832, 0.30707837905410834]"
"[0.20363199200949125, 0.6257388286133957, 0.35961220914833664, 0.35575886632944664]",stable,0.09746763351916662,185,"[0.15284123411698944, 0.6479906541497004, 0.2811038090005974, 0.33958710504391704]"
"[0.20286243507172608, 0.6260759774851579, 0.35842268793397697, 0.35551383964330224]",stable,0.0927372940360174,186,"[0.18727307113823194, 0.6589809102253794, 0.27531833483171886, 0.33632766404500963]"
"[0.20262975799809183, 0.6265670958842656, 0.35718232445483883, 0.355227478813477]",stable,0.10818697418050349,187,"[0.13628077353618584, 0.6509778342962195, 0.29255053647149276, 0.30493750490748206]"
"[0.20165403763835793, 0.6269260773315003, 0.3562318569844955, 0.35448792037368293]",stable,0.14427568123928813,188,"[0.11057760079198144, 0.6086103063836868, 0.261269996727888, 0.2982088613941615]"
"[0.2003340892782655, 0.6266606313757349, 0.3548555981401968, 0.35367228183774785]",stable,0.07464275633049619,189,"[0.16808989405746705, 0.6473687199416939, 0.29116720888642855, 0.34682998036954543]"
"[0.19987345791796837, 0.6269564612123915, 0.3539457640080001, 0.35357453467391636]",stable,0.14173842584336885,190,"[0.13314222181868807, 0.6116228386473018, 0.25594453535137945, 0.2774341203721646]"
"[0.19893358135318975, 0.6267404946973902, 0.3525654650128364, 0.35250213447248324]",stable,0.13486660827702632,191,"[0.1627381513631522, 0.6508213318009948, 0.2335543447733878, 0.30629218511386225]"
"[0.19843086704777257, 0.6270749507682737, 0.3509125327872885, 0.35186032962028013]",stable,0.09748079811904312,192,"[0.1771019276485013, 0.6045128517002661, 0.4417659842799275, 0.3687180988543145]"
"[0.19813868979572774, 0.626765880918027, 0.35215710061595484, 0.35209125796595186]",stable,0.20500853254617737,193,"[0.3714337761705783, 0.6211517190628056, 0.416616244452602, 0.44047005303343373]"
"[0.42495359233790264, 0.6570347726309862, 0.47847192343661504, 0.4993426768570839]",stable,0.131254296066996,194,"[0.51778588750355, 0.5947593694931742, 0.4101836175029003, 0.5076092751325015]"
"[0.4481616661293145, 0.6414659218465332, 0.46139984695318637, 0.5014093264259383]",stable,0.2120230825256269,195,"[0.63039239847457, 0.5495005123315883, 0.4327809764655406, 0.5510990780588505]"
"[0.754136928257735, 0.64564720035646, 0.4660113585781024, 0.6529537206008211]",stable,0.09143640246915473,196,"[0.7175277204560893, 0.6313007830966949, 0.40370995555845335, 0.5987956455405945]"
"[0.7530909508919738, 0.6452373027204666, 0.46423131849182675, 0.6514063470276719]",stable,0.11378699020669873,197,"[0.7979134159679969, 0.6274786174397069, 0.3614943249568392, 0.6431501359536447]"
"[0.7543360193663077, 0.6447440059071122, 0.4613775131158549, 0.651177007831171]",stable,0.11540182033325512,198,"[0.7804160352567148, 0.6041958874205613, 0.35723945215695, 0.6389898320178398]"
"[0.755040884660643, 0.6436481108128812, 0.45856297092777637, 0.6508476247010809]",stable,0.13680096439891212,199,"[0.8293603211317258, 0.6438043490759203, 0.3438253437828031, 0.6559835501132509]"
"[0.7569966593046189, 0.6436522223461191, 0.4555435596871192, 0.6509827806329802]",stable,0.166866481240336,200,"[0.8635509567101074, 0.6651779952897132, 0.3456035904505187, 0.7137557726708804]"
"[0.9288130755308903, 0.7287686856822571, 0.42096449004495934, 0.7667856195897412]",stable,0.07586652377215858,201,"[0.9088249390129761, 0.6981391773101048, 0.3884779698536599, 0.7087971461613669]"
"[0.9277610683457369, 0.727156606294249, 0.4192546731927857, 0.7637335946724583]",stable,0.26491024098392246,202,"[0.7527256732899996, 0.5791000841346233, 0.45140706070257025, 0.6349487489829954]"
"[0.7568871468427056, 0.641997039315055, 0.4554374956105923, 0.6505716516163139]",stable,0.26346789507570006,203,"[0.5933033931475037, 0.5214752601152689, 0.5604063035337731, 0.519759812074505]"
"[0.4771900115329523, 0.6174677895002804, 0.4812011382693037, 0.5050794235556516]",stable,0.2463968036198995,204,"[0.48256452426425217, 0.42875099121503363, 0.6374028957359413, 0.4792051031529118]"
"[0.5169141979434224, 0.5284201753636008, 0.7764310361234362, 0.5650418612779691]",stable,0.18330979805325565,205,"[0.42961735531496476, 0.41393671810732013, 0.7410422989509869, 0.4572322205893167]"
"[0.5149742681072345, 0.5258760985356834, 0.7756446197418263, 0.5626460914848879]",stable,0.23508220770467267,206,"[0.39625534430796283, 0.36521596272954937, 0.7873573177525828, 0.4392743160283071]"
"[0.3417401874722028, 0.3222479869270741, 0.8392364836767406, 0.4025458506242171]",stable,0.043829910295796325,207,"[0.3722127962731628, 0.326597346206004, 0.8385680192611519, 0.43374067998084426]"
"[0.3455492635723228, 0.32279165683694033, 0.839152925624792, 0.4064452042937955]",stable,0.03507089977608294,208,"[0.33146807535054645, 0.30356566084349856, 0.8453989253499826, 0.38148450088103003]"
"[0.34398468710323654, 0.32065543505989125, 0.8398469255942577, 0.4036717928034882]",stable,0.061734312905585856,209,"[0.3132307159646226, 0.2872809845118411, 0.8571491942577377, 0.3655654127754326]"
"[0.34090928998937514, 0.3173179900050862, 0.8415771524606057, 0.3998611548006826]",stable,0.0819556495197221,210,"[0.33962018318375625, 0.23673533595560686, 0.8461072499789593, 0.38568438596362487]"
"[0.3407920984615916, 0.30999229418240626, 0.8419889795077289, 0.3985723576336774]",stable,0.08236881760072959,211,"[0.32257228494979207, 0.23804873450071376, 0.8750305890050232, 0.3849695354745602]"
"[0.33927378066894165, 0.3039969975422652, 0.8447424469658368, 0.39743878912041763]",stable,0.10091259993631714,212,"[0.3146043987318697, 0.22773801583963474, 0.8237115221517779, 0.3398450192152158]"
"[0.3373761359045515, 0.2981309220266783, 0.8431246835186014, 0.3930084991277098]",stable,0.10555927492221369,213,"[0.3085229950175073, 0.20641888838565142, 0.8553546225988532, 0.351180419341801]"
"[0.33531519726976267, 0.2915800624808907, 0.8439982505957622, 0.390020779143002]",stable,0.1006616456398734,214,"[0.321346979040906, 0.2056894797489779, 0.8815963305527823, 0.35615563535242517]"
"[0.3343839827211722, 0.2858540236320965, 0.8465047892595635, 0.38776310289029686]",stable,0.18039558987296625,215,"[0.44396745139137295, 0.33530812921492337, 0.7150394531764263, 0.41613895687520713]"
"[0.34123294951305977, 0.2889449052310232, 0.8382882057543675, 0.38953659376435373]",stable,0.37823322095964707,216,"[0.5655000292672522, 0.4498193029748334, 0.6165393494541633, 0.522621225695143]"
"[0.5160726542194087, 0.5242226899365345, 0.7721858095181815, 0.56177598570685]",stable,0.24519471020177008,217,"[0.6798174831755094, 0.49127966572584436, 0.5939764555060687, 0.583322683818317]"
"[0.7549604052510257, 0.6382291049753248, 0.45890096960797927, 0.648890427421364]",stable,0.10038491304650622,218,"[0.725338506782371, 0.5713366114669649, 0.5260206827830858, 0.634057615348369]"
"[0.754237919922522, 0.6365975807434135, 0.46053803578298186, 0.6485286515171446]",stable,0.060889194090291934,219,"[0.8058608431674642, 0.6262750534581856, 0.4865371248568924, 0.6646550444921603]"
"[0.7554670371426397, 0.6363518062842415, 0.461157061713313, 0.648912613254645]",stable,0.09716768434393283,220,"[0.8393718877211636, 0.6177594328173348, 0.4282361526523625, 0.6800906876920674]"
"[0.7574183127374892, 0.6359194255059414, 0.46039145917701185, 0.6496376847531897]",stable,0.1437351370747074,221,"[0.8468093246634283, 0.7038766139440853, 0.3975523184191809, 0.713685319722341]"
"[0.9237134811616216, 0.7259926066767408, 0.41816955545410545, 0.7612311809249525]",stable,0.1496625540335188,222,"[0.7932108615329728, 0.7583341367305088, 0.38104838849710204, 0.7069726263236026]"
"[0.9174990707031144, 0.7275326795364441, 0.41640188083710533, 0.7586474402296501]",stable,0.10511468055976597,223,"[0.830701414851069, 0.7508420306743087, 0.37834701617422545, 0.7196120148727625]"
"[0.9135537227098397, 0.7285921954972562, 0.4146721142615199, 0.756873102713428]",stable,0.25900764230918205,224,"[0.7168893234570823, 0.6321490400440275, 0.4884372302907222, 0.6399735806248587]"
"[0.7564971993447526, 0.6358337349272616, 0.4610288630659598, 0.6494180460230004]",stable,0.25265436642689376,225,"[0.594381879666608, 0.525827431361567, 0.5885127506638284, 0.5535049417099068]"
"[0.4967219895552282, 0.6021943964771614, 0.49908640700172446, 0.5131503432480274]",stable,0.18226482943273262,226,"[0.4604153361662423, 0.4540538468424513, 0.5937080937984365, 0.48147371291104135]"
"[0.4915353247853731, 0.58103146081506, 0.5126037908298262, 0.5086251103427438]",stable,0.2877640256146759,227,"[0.4320937196767211, 0.38043091901813586, 0.7005092396147864, 0.4475858199817466]"
"[0.2991398277005416, 0.4684110739481492, 0.6157505010943413, 0.4013190291670929]",stable,0.19407753168551692,228,"[0.39537302205085206, 0.33647393717222984, 0.7204627292983773, 0.4070811307104915]"
"[0.34441765966234167, 0.2917407306393295, 0.8313572953746033, 0.39056862534942066]",stable,0.10316990512305318,229,"[0.364271500810521, 0.34736225207854976, 0.749760848575518, 0.41288723949351663]"
"[0.3455206508372405, 0.2948308151637306, 0.8268241594413208, 0.391808548357426]",stable,0.29496950519516674,230,"[0.5181478173285994, 0.46911028784592484, 0.722916769617967, 0.5184449970045673]"
"[0.5161168066259872, 0.5230500856367344, 0.771137532073496, 0.5608540497770141]",stable,0.22933800818213015,231,"[0.657979031138433, 0.5425367081458514, 0.5944291723813537, 0.5902727243125344]"
"[0.7543079067179455, 0.6337604676654525, 0.46399331438407965, 0.6481037055405455]",stable,0.1037883137923522,232,"[0.7649718693102263, 0.6261040946368405, 0.5657092129111936, 0.6640269564824482]"
"[0.7545397319916907, 0.6335940247735261, 0.46620452956945174, 0.6484498631697173]",stable,0.10086133785363559,233,"[0.835999603888534, 0.663218051064463, 0.4971437809880469, 0.6897109650956952]"
"[0.7562729207554532, 0.6342243232052481, 0.46686281151452824, 0.6493277589553764]",stable,0.13295151340814845,234,"[0.8730226467994638, 0.6361787306943063, 0.44152965646358644, 0.7076374316752364]"
"[0.9117915020180842, 0.7245742187666933, 0.4158398334876967, 0.7547324213639415]",stable,0.12087521097437118,235,"[0.8769036915349281, 0.6626547956026184, 0.35525263894483, 0.6779936814717386]"
"[0.9103378432479526, 0.7219942428015235, 0.4133153670484106, 0.751534973868433]",stable,0.09165948542151597,236,"[0.8782464018219756, 0.6527981105117358, 0.4110502550919024, 0.7007573685793013]"
"[0.9090541855909136, 0.719226397509932, 0.4132247625701503, 0.7495038696568678]",stable,0.11865748438152769,237,"[0.8586816460822624, 0.6585153984071914, 0.3605655286741223, 0.6782060047755664]"
"[0.9071167802251963, 0.7168913590829036, 0.41119940742030303, 0.7467616440845101]",stable,0.10189555655342324,238,"[0.8995051617094173, 0.6536513245662048, 0.34844654659506213, 0.6978991410635144]"
"[0.9068348684283156, 0.714549135582285, 0.4088752273897385, 0.7449519217503991]",stable,0.10142681540980551,239,"[0.8652924869813216, 0.6567716446478192, 0.3536163393959835, 0.6983703130738135]"
"[0.9053512119480658, 0.7124856537631971, 0.40690169567567586, 0.7432882928690925]",stable,0.09907818718223817,240,"[0.8672930647233235, 0.6490447953089312, 0.37769420615540433, 0.6842100004119852]"
"[0.9040388620437644, 0.7102980379544293, 0.405894540864632, 0.7412511103705716]",stable,0.05853468946978312,241,"[0.8704963130824462, 0.7054454104112928, 0.36614754481618006, 0.714834532402306]"
"[0.902920777078387, 0.7101362837029914, 0.4045696409963503, 0.7403705577716294]",stable,0.06217323464168339,242,"[0.8879454023501814, 0.7138837381436952, 0.34845957863144217, 0.718487533662046]"
"[0.9024377004742513, 0.7102571693301108, 0.402759638984579, 0.7396646537680944]",stable,0.042218478825327685,243,"[0.9081026608556446, 0.7126867516274037, 0.3609935927725802, 0.7396127704398695]"
"[0.9026147304861698, 0.7103330937769013, 0.40145445004045405, 0.7396630324140874]",stable,0.0640887345142338,244,"[0.9313886806068266, 0.7542588024242204, 0.36675319952413243, 0.7517370134694076]"
"[0.9034866683686139, 0.7116641758571232, 0.4004028969945049, 0.740028910627885]",stable,0.05273591804197882,245,"[0.8929716203335475, 0.6978169927696196, 0.35116472839314783, 0.7326553707808342]"
"[0.9031774022499355, 0.7112569057663143, 0.3989547155650532, 0.7398120418088541]",stable,0.22646594906659628,246,"[0.7310050538546964, 0.689029038285701, 0.3074534181417487, 0.6267769012028511]"
"[0.7557465068616874, 0.6353660881027575, 0.46354178248592864, 0.6488579494188654]",stable,0.17197406975271232,247,"[0.6273880583507138, 0.6472756919502299, 0.37485045367930053, 0.5775053118090522]"
"[0.753126946687994, 0.6356091412425019, 0.461731755367426, 0.6474017731411141]",stable,0.3470235748953349,248,"[0.46461040979597756, 0.6513554116655704, 0.347011740626692, 0.4932105196322811]"
"[0.48816971041169865, 0.5898219546713738, 0.4919047845544345, 0.506698286503936]",stable,0.20808856935255987,249,"[0.41668563490462945, 0.6182963374092112, 0.31631780953289657, 0.42577052010340005]"
"[0.48022703535535766, 0.592985774975578, 0.47239512066315253, 0.49770631245943203]",stable,0.17871318421738858,250,"[0.37517838000568693, 0.5929520498788826, 0.34653549181333165, 0.42655481977833964]"
"[0.4697221698203906, 0.5929824024659085, 0.45980915777817044, 0.4905911631913228]",stable,0.20302365455083757,251,"[0.35326004273789263, 0.5859661258801085, 0.30901445089514484, 0.4208279529617765]"
"[0.20023492429494616, 0.6262145328769739, 0.3515740918359439, 0.3530201322226522]",stable,0.12128143851742602,252,"[0.29324839788031953, 0.5839484079227059, 0.29137577293884265, 0.3784645450426081]"
"[0.20147510394275114, 0.6256509845442504, 0.35077144758398254, 0.3533593910602516]",stable,0.07798208469340218,253,"[0.26405634053840144, 0.601982898818738, 0.31071690361843074, 0.35285980614288065]"
"[0.2022985412663781, 0.6253395623636515, 0.3502444141107516, 0.3533528175744967]",stable,0.08975750371358182,254,"[0.26123382150356206, 0.5796559949231852, 0.30126410751608523, 0.3435048001058332]"
"[0.20306393451621169, 0.6247462692800091, 0.3496083062328988, 0.3532249212437349]",stable,0.13485633429735988,255,"[0.30581517259297897, 0.6212822628447436, 0.2640980979953268, 0.3706725262483275]"
"[0.20438125808129845, 0.6247018589410954, 0.34851202151190425, 0.3534486084873835]",stable,0.09832881138786304,256,"[0.2613962649407464, 0.5860871545586511, 0.27853900896185524, 0.3479235508502031]"
"[0.20510296702888642, 0.6242130652147353, 0.34762628717582766, 0.3533786710489382]",stable,0.1051354897758182,257,"[0.25696250193327236, 0.5771514728066537, 0.27085329273707387, 0.3374045139561641]"
"[0.20575121121519127, 0.6236247953096343, 0.34666662474534327, 0.3531789940852786]",stable,0.08757573669271453,258,"[0.2579652601990501, 0.5782792752730078, 0.2932154227369564, 0.3477058265883551]"
"[0.20639582910388088, 0.6230649740746143, 0.3460067333625237, 0.3531114241161808]",stable,0.04772128629612181,259,"[0.24274646428587895, 0.5996401785833562, 0.3524481470264825, 0.3722357445962451]"
"[0.20683912953292966, 0.622779305836916, 0.34608528718769394, 0.3533446475366694]",stable,0.15317822634895614,260,"[0.2303633228882484, 0.5066619818562459, 0.4426106441002783, 0.34286591198031874]"
"[0.2071225535492588, 0.6213803019335344, 0.3472482432950745, 0.35321839771068925]",stable,0.30037543982231674,261,"[0.19882281311313588, 0.38583294642411237, 0.5224413395861064, 0.29012052546746403]"
"[0.2943628270059032, 0.4644787821612903, 0.6113072076891872, 0.3960238623242534]",stable,0.16833966182794263,262,"[0.2193243066160797, 0.34470638716591484, 0.6043382959499302, 0.30484563099520023]"
"[0.29095198517000215, 0.4590345823887732, 0.6109904389737664, 0.39187939726384186]",stable,0.18056991614748824,263,"[0.2434298064083805, 0.32601064085489706, 0.6897066428050658, 0.31153310066940865]"
"[0.28888580348471427, 0.4532509327568655, 0.6144128826186054, 0.38838608002060565]",stable,0.2344122620487614,264,"[0.23210565119118903, 0.2864954391664699, 0.7538053598588403, 0.3213975321143003]"
"[0.3395514403295536, 0.29439211116387476, 0.8229810647264535, 0.3881027053972615]",stable,0.1464453122206387,265,"[0.21831604241743746, 0.26375093128663707, 0.7862336440031976, 0.32132731374427304]"
"[0.3334896704339478, 0.2928600521700129, 0.8211436936902906, 0.3847639358146121]",stable,0.14375686829242057,266,"[0.2084106900400677, 0.25697966907400605, 0.8048809938068149, 0.3258622503866424]"
"[0.32753352851042966, 0.29115146249877444, 0.8203692794101252, 0.3819590936513754]",stable,0.1150934046986801,267,"[0.25039989372232235, 0.23029202176062236, 0.825544800596216, 0.3222411177730796]"
"[0.32402745420187934, 0.28838512428340385, 0.8206045303731293, 0.379244640202362]",stable,0.08832389844856803,268,"[0.2914605058322176, 0.2655834219018757, 0.8946009069820907, 0.35194768930506015]"
"[0.32261149992493754, 0.2873937459189896, 0.8238217641387363, 0.3780578162503054]",stable,0.10730538827306228,269,"[0.27699560939408935, 0.22735703764986068, 0.8952219175172431, 0.351016206807753]"
"[0.32071083781948556, 0.2848922164077759, 0.8267967705295075, 0.37693108252353236]",stable,0.11542796885537264,270,"[0.273007747655218, 0.20378611517890213, 0.8630971999295834, 0.3207874243627176]"
"[0.31880271421291484, 0.28164797235862093, 0.8282487877055105, 0.3746853361970998]",stable,0.043783202867311403,271,"[0.2892175604910973, 0.2711477259098947, 0.8585692871800045, 0.3712068783908596]"
"[0.31766482368515264, 0.2812441167259776, 0.8294149607622218, 0.37455154935839824]",stable,0.11871114675706668,272,"[0.3643988541934292, 0.34415108468426525, 0.8897908958264308, 0.44016958502121495]"
"[0.3193957137039777, 0.28357400442813635, 0.8316511065053406, 0.3769818469755396]",stable,0.31720905223422075,273,"[0.5297315844928556, 0.45263035454565576, 0.775400583299557, 0.5339411837568707]"
"[0.516400447831547, 0.5215830079056702, 0.7712263456407057, 0.5602933650682611]",stable,0.18484254352774637,274,"[0.4568295108040465, 0.4666933625055604, 0.6372425804730275, 0.4620409001688244]"
"[0.5151847144228225, 0.52046281106077, 0.7684919830862632, 0.5582882127233746]",stable,0.3235427460370064,275,"[0.3685651387463986, 0.4641082732161211, 0.5245167980500535, 0.41516978731107673]"
"[0.29220577578728446, 0.4537033219426678, 0.6106672124282491, 0.3895020678243753]",stable,0.15972788811355884,276,"[0.22541608725209045, 0.4390353229415563, 0.4753768955255097, 0.33916802661716555]"
"[0.2895341882458767, 0.4531166019826234, 0.6052555997521395, 0.38748870617608694]",stable,0.20968188008884636,277,"[0.1929554937333993, 0.45514653869738975, 0.44069710666799844, 0.3005667393629179]"
"[0.20695389807526046, 0.6194013285616756, 0.3483607297637998, 0.35259159225416814]",stable,0.21061287484373684,278,"[0.35969264876077744, 0.5038792558783267, 0.42296552349559996, 0.3986071609690025]"
"[0.4597194860876985, 0.584882116412492, 0.45645973647975496, 0.4822289811711119]",stable,0.07830035256328481,279,"[0.5089633743723412, 0.5719940430310323, 0.41847284029968124, 0.5280206612152285]"
"[0.463823143444752, 0.5838081102973703, 0.45329416179808213, 0.4860449545081216]",stable,0.12069481053743591,280,"[0.5658645232460685, 0.5782728335034847, 0.4005403128073214, 0.5226671639770506]"
"[0.47167248035254555, 0.5833823197747638, 0.4492361734141775, 0.48886204754419305]",stable,0.1706560090343164,281,"[0.6153697083850592, 0.5841083172515541, 0.39064368075553957, 0.5598618560439602]"
"[0.4819365680691537, 0.5834341767373916, 0.44505099536713194, 0.49393346243703357]",stable,0.29700918194561915,282,"[0.7436364327429279, 0.6191553592315153, 0.4098057029922272, 0.6251180708191267]"
"[0.7529371364090927, 0.6352800656022822, 0.46069323431992204, 0.6469560990946743]",stable,0.07514866517162246,283,"[0.8074155114302455, 0.6395886163022161, 0.4091279915774097, 0.6483311132411951]"
"[0.7540053398408798, 0.6353645469885554, 0.4596821511288924, 0.6469830601563709]",stable,0.08987266297272009,284,"[0.7892539692486918, 0.643137868684468, 0.37785005251548115, 0.6557985454530324]"
"[0.7546831980987224, 0.635514033944246, 0.4581084569247883, 0.6471525887197682]",stable,0.07349664970938799,285,"[0.8085165129005293, 0.6467340636032536, 0.41677256336046237, 0.6730212294580009]"
"[0.7556989210195112, 0.6357257326170574, 0.4573285344047067, 0.647640676280867]",stable,0.09968628611286612,286,"[0.6986701658989771, 0.6783480032097005, 0.5257599629694348, 0.6612626571388918]"
"[0.7546428329617235, 0.6365150339243286, 0.4585957830818313, 0.6478929351856452]",stable,0.18483379766536628,287,"[0.6620179873195917, 0.6150983557644704, 0.6145603619303391, 0.6195989999631022]"
"[0.7529587448591394, 0.6361256397759676, 0.46143150269725874, 0.6473784999997808]",stable,0.29547153903048073,288,"[0.6238362315580782, 0.6411540972713927, 0.7269284914681917, 0.6365678337556512]"
"[0.5173577447655276, 0.5228766367849824, 0.7676607132539018, 0.5598538051440202]",stable,0.083526041304634,289,"[0.5647048542616536, 0.5773514405089559, 0.7493648133473918, 0.5977035951596967]"
"[0.51828611946153, 0.5239447701913348, 0.7673019701184801, 0.5605959578894256]",stable,0.07588813678771333,290,"[0.5459440619667463, 0.5846273230545606, 0.7655853906625173, 0.596772312797874]"
"[0.5188180029712457, 0.5251117423617815, 0.7672689589750962, 0.5612916570222803]",stable,0.06349744795985499,291,"[0.477504797795437, 0.488662282218958, 0.7846792624808532, 0.5349579682823759]"
"[0.5180385085339663, 0.5244240166987093, 0.7675974552676575, 0.560794794970584]",stable,0.2160507659159477,292,"[0.3884480600626095, 0.3930502143204281, 0.8208595886765544, 0.46185886463551595]"
"[0.32186186893107166, 0.28748386906714674, 0.8312656951543126, 0.38001316903482446]",stable,0.0970102155663979,293,"[0.31471640267238477, 0.3647010262398669, 0.8839125502735755, 0.405028035022867]"
"[0.3216154735428411, 0.29014652965930954, 0.8330811039515285, 0.38087575062061907]",stable,0.2595844372930337,294,"[0.400392313116132, 0.4564269619533183, 0.9362930214995089, 0.5321252383677563]"
"[0.5158598752854879, 0.523164811981202, 0.7707214472349141, 0.5602638772557168]",stable,0.1975834638124329,295,"[0.4318032127304374, 0.44092313351646883, 0.9272807837389836, 0.5338218060634987]"
"[0.5143315723299415, 0.5216695087363887, 0.7735679806258972, 0.5597831123249493]",stable,0.14848930965652685,296,"[0.40270797481212284, 0.4981083631295025, 0.8677891728557368, 0.547273639437147]"
"[0.5123382938028377, 0.5212487739934086, 0.7752505019157158, 0.5595597288805242]",stable,0.1691258370056817,297,"[0.42187948909431355, 0.46854790129122936, 0.9019530477615133, 0.5196869777063229]"
"[0.5107512972290039, 0.5203241972793353, 0.777473353597221, 0.5588602069300996]",stable,0.11996089660472999,298,"[0.43425731913230065, 0.5128765448138422, 0.8645434923812956, 0.5288167145560925]"
"[0.5094324355376814, 0.5201957894782061, 0.7789745628866016, 0.5583422156822719]",stable,0.1324760412977411,299,"[0.4538593455899126, 0.5215822010469773, 0.8969432323319569, 0.5816446637045822]"
"[0.5084905187589056, 0.5202192879793718, 0.7809740318602517, 0.5587371724284127]",stable,0.15260865355398745,300,"[0.4886292373262205, 0.5315442846918613, 0.9291818778648263, 0.5870410497521832]"
"[0.5081594974016942, 0.5204080379245799, 0.7834441626269946, 0.5592089037171422]",stable,0.1495633480403363,301,"[0.4213044263530888, 0.46234815559000886, 0.876246180421965, 0.5058963604777297]"
"[0.5067356437779466, 0.5194562365748329, 0.7849655071810105, 0.5583349275984633]",stable,0.21630391723099548,302,"[0.3908889479619615, 0.3910619733995755, 0.8607514796324256, 0.4527966537767445]"
"[0.3239245893568118, 0.29351037778398503, 0.8340034498075585, 0.3832731140591566]",stable,0.08253659399612125,303,"[0.3455003743120978, 0.3639078440122206, 0.8396312535179198, 0.42014179217603365]"
"[0.3246205824198855, 0.2957812637913475, 0.8341849918627313, 0.3844624262564752]",stable,0.03362585037133236,304,"[0.3412663115502909, 0.3144038179443177, 0.8178348145435687, 0.3999378808011416]"
"[0.32514076145521065, 0.2963632186086278, 0.8336740488215075, 0.38494603421099605]",stable,0.03705653477069393,305,"[0.3435226815256933, 0.2818675248129131, 0.8520649682853941, 0.40701276768896577]"
"[0.32569778933613436, 0.2959239551602728, 0.8342313494113223, 0.38561472310426786]",stable,0.096728047673958,306,"[0.2709960151362238, 0.25720146347008466, 0.8959852752345187, 0.35319478496546264]"
"[0.32408891362437225, 0.2947850583458555, 0.8360476413472986, 0.38466119551195005]",stable,0.13724035773627652,307,"[0.3157861475039408, 0.31217782365539004, 0.9601850735516867, 0.4399184982593604]"
"[0.32385169173521705, 0.29528199449755643, 0.839594425124567, 0.3862399755904475]",stable,0.2165497132410664,308,"[0.41676074731606094, 0.41471594635075243, 0.9311134820024909, 0.511225891072023]"
"[0.5052844357704969, 0.5177668770550896, 0.7873227325813569, 0.557575104428682]",stable,0.18203148847101333,309,"[0.5110653102879077, 0.44188951891430556, 0.9526845591921792, 0.5572048257577588]"
"[0.5053761956834717, 0.5165624745449185, 0.7899475234799413, 0.5575692269894609]",stable,0.13378628876997517,310,"[0.45648051315274535, 0.4692307334404156, 0.9019914489811878, 0.5308512866686754]"
"[0.5046122006439291, 0.5158229160901607, 0.7916982098158983, 0.5571517591719487]",stable,0.09770976523181173,311,"[0.47961123992429594, 0.5086333319561355, 0.8856639062069538, 0.5635476927609476]"
"[0.5042275704790117, 0.5157123071034834, 0.7931438359142222, 0.557250158150241]",stable,0.14876104398990336,312,"[0.6209956935622821, 0.5590486037956318, 0.7439949581637002, 0.6220684182738396]"
"[0.5059967844651219, 0.516368917659425, 0.7923991559483051, 0.5582322530005985]",stable,0.30206127050955617,313,"[0.7329955557027354, 0.6042222241605953, 0.652458903057468, 0.6696373298872504]"
"[0.7526022593384892, 0.6355559359256931, 0.46484270627511964, 0.6477759791049141]",stable,0.2247456325456263,314,"[0.5902190477373708, 0.5650337106527975, 0.5730752740326879, 0.5614358438397755]"
"[0.48915540004703484, 0.5822074789984186, 0.45358594727816903, 0.49843362119721635]",stable,0.07385959849666017,315,"[0.469738138210057, 0.5360310261375978, 0.5014283599823018, 0.4728006545198707]"
"[0.48794182118222373, 0.5793214506946174, 0.4565760980721773, 0.4968315607798822]",stable,0.17901362742038426,316,"[0.328674584556321, 0.5252845662473309, 0.4674993094529268, 0.4364947999112797]"
"[0.2910395881039707, 0.45589229291588135, 0.5999572808944775, 0.38937355593513284]",stable,0.20926074289784996,317,"[0.29120422654781974, 0.5780469876281055, 0.43067511789044194, 0.40392729293912316]"
"[0.20794507841023174, 0.6189148069036337, 0.34932913432999557, 0.35319554167399114]",stable,0.07589903480455301,318,"[0.2561682955935935, 0.5979025420212633, 0.3988376193858992, 0.3764888763586503]"
"[0.2085058134937592, 0.6186704782422108, 0.3499048143887851, 0.3534663944028825]",stable,0.0556393321495113,319,"[0.2456686282652751, 0.6436255663861205, 0.37588427940281216, 0.3738862732863697]"
"[0.2089329722842364, 0.618957318335819, 0.3502034289291762, 0.35370110565441687]",stable,0.05472355783631473,320,"[0.25511184039244444, 0.6164293986864334, 0.35584363619586806, 0.3824061157875664]"
"[0.2094577321491024, 0.618928591976167, 0.35026752219357044, 0.35402729895138446]",stable,0.10889937050999417,321,"[0.27560783542067385, 0.644720022201068, 0.4160432113427472, 0.4039432040171884]"
"[0.2102009917364234, 0.6192183833270086, 0.3510065748806398, 0.35458815181729236]",stable,0.15358600752997076,322,"[0.29550670842201204, 0.6885931896565742, 0.41871559896696986, 0.43773994502565533]"
"[0.21114883303292992, 0.6199892145084482, 0.3517588973704879, 0.3555120606307186]",stable,0.19854331057772698,323,"[0.29061788863011273, 0.5798635771571692, 0.5207656556093184, 0.4096485942693876]"
"[0.29102396960493887, 0.460483821961855, 0.597024257735768, 0.390124483280846]",stable,0.05659577867583754,324,"[0.24500714142577917, 0.48925660092652307, 0.6078166999969437, 0.4020065735407129]"
"[0.28938051145568316, 0.4615114212105932, 0.5974097021022384, 0.3905488436472698]",stable,0.13867337093492937,325,"[0.21524247602735838, 0.460160313573654, 0.7145241115923614, 0.39457936560083484]"
"[0.2868240274753961, 0.46146483129207805, 0.601448130015691, 0.39068782716291]",stable,0.1903507807875185,326,"[0.2277710351630983, 0.36082693600891597, 0.7462724485664481, 0.3501403903183235]"
"[0.32118278460821376, 0.29710268731731637, 0.8370021479979525, 0.38523720933288846]",stable,0.14814091881005295,327,"[0.20017995643415454, 0.34463353739223856, 0.7927247543962984, 0.32970003163393374]"
"[0.31791243790080675, 0.2983873048869089, 0.8358054616843943, 0.383736204530214]",stable,0.26797766386412536,328,"[0.16412915665023725, 0.4033109584341389, 0.6552489374514375, 0.3162595476695119]"
"[0.28273419844789077, 0.45952636886348003, 0.6032414902635491, 0.38820688451313007]",stable,0.25119482984438674,329,"[0.10638562927833459, 0.40590894396491356, 0.5269770378507612, 0.2355342617616202]"
"[0.2770455349262922, 0.4577967745119134, 0.6007813466373301, 0.3832819611985652]",stable,0.23659789360679212,330,"[0.11540049604755766, 0.43631794936701096, 0.4665719604110971, 0.2766238842224831]"
"[0.2719941274613317, 0.4571255612261352, 0.5965873033177603, 0.37994889629306267]",stable,0.1965917636614051,331,"[0.14258312773924442, 0.4809603222339218, 0.47646232015571455, 0.2968645579467077]"
"[0.2680725820152079, 0.4578478267112196, 0.5929471523128499, 0.3774311890704458]",stable,0.20021759091214236,332,"[0.17094117660611138, 0.5427846518321235, 0.447894179928507, 0.3284623751705383]"
"[0.21070699065461324, 0.6191408127207964, 0.3528153290469496, 0.3552148113399474]",stable,0.10244284996937723,333,"[0.1601688234619948, 0.5537300848537358, 0.39962137216099997, 0.3168603829832859]"
"[0.21015766275034564, 0.6184298265483283, 0.3533240903851458, 0.3547979153795489]",stable,0.12913296448625838,334,"[0.15678843763074174, 0.5391726138848243, 0.42668303590393986, 0.3082811691441875]"
"[0.20958380011465097, 0.6175775984551723, 0.35411289625093934, 0.354297735312502]",stable,0.12696070111766264,335,"[0.21834858410625532, 0.507864658749649, 0.4118807050318328, 0.3284491508310393]"
"[0.20967704249754038, 0.6164104395221348, 0.35472744740818285, 0.3540227503712099]",stable,0.24193024768665805,336,"[0.4143191056105203, 0.5747082595752969, 0.41222959091189754, 0.46175530084111477]"
"[0.48361107320741764, 0.579050086511128, 0.4539674800039255, 0.49476825137171937]",stable,0.16213374623794902,337,"[0.41724322351092513, 0.6087508132007116, 0.5983876376530529, 0.5067409325470983]"
"[0.47992397044650137, 0.5807001268827715, 0.46199082209554365, 0.4954334003259071]",stable,0.28089170146404185,338,"[0.47096303865291916, 0.6239840457522494, 0.7179847913855115, 0.6022671015031229]"
"[0.5054738927365815, 0.517975113601109, 0.7912884937906515, 0.5588894895454123]",stable,0.12229835630642033,339,"[0.4382579003979633, 0.6118248852069706, 0.7932984918043137, 0.5992265519905092]"
"[0.5044854222610136, 0.5193552573011953, 0.7913180525849701, 0.5594826816401932]",stable,0.10861816671935343,340,"[0.4779796656088684, 0.5960369275016113, 0.7347797263650749, 0.604412517265286]"
"[0.5041012808602578, 0.5204665858548244, 0.7904986565527977, 0.5601338386782381]",stable,0.12367142331976458,341,"[0.43604183907395416, 0.6165344664784238, 0.7533004227636638, 0.5530778451173041]"
"[0.5031290031204534, 0.5218389841494473, 0.789967253212953, 0.5600330387702247]",stable,0.08731135076222703,342,"[0.48755165940968676, 0.5844107154258067, 0.8372203514880087, 0.595140608941461]"
"[0.5029096039132596, 0.5227202761392551, 0.7906327898083764, 0.560527511589538]",stable,0.10349941381528951,343,"[0.4801174108903487, 0.6121987153504765, 0.8253751103954702, 0.5918200773817874]"
"[0.5025930456768303, 0.5239630322394109, 0.7911153220387527, 0.5609621305588748]",stable,0.1464902558511315,344,"[0.5105934669178271, 0.5952944259274717, 0.9037711828694154, 0.6210942984419455]"
"[0.5027026404883508, 0.5249401746186995, 0.7926585530090356, 0.5617858588860402]",stable,0.11483637341861044,345,"[0.411183747935021, 0.5631076638952642, 0.7607598711109886, 0.5134391752227201]"
"[0.5014658986970896, 0.5254559515008153, 0.7922274897401432, 0.5611325253230224]",stable,0.19154635155587824,346,"[0.5060640177534883, 0.6132491469904132, 0.6222291302743967, 0.5689922136241801]"
"[0.481299762410027, 0.5824132332042262, 0.4704244172628517, 0.4993049168152898]",stable,0.21680480737183985,347,"[0.6312426127933253, 0.6405916093435317, 0.5440890704681447, 0.6246454989760961]"
"[0.7504731427324337, 0.6356442810733745, 0.46623299336622537, 0.6473701812079173]",stable,0.09061840955157123,348,"[0.6677698599838872, 0.6688349521027658, 0.4744787905307707, 0.6331487411257681]"
"[0.7490472240643553, 0.636216534022157, 0.46637516228285547, 0.6471249839651216]",stable,0.09450245995890601,349,"[0.7671095958899847, 0.6945113806043641, 0.4941510893955015, 0.7137183349643562]"
"[0.7493533659597049, 0.637204582269313, 0.46684594070849356, 0.6482536848295154]",stable,0.09548548536975476,350,"[0.8011356766739012, 0.70273678163149, 0.44267235223523393, 0.6877155484509596]"
"[0.7502164044716082, 0.638296785592016, 0.46644304756727256, 0.6489113825565395]",stable,0.13191090200919006,351,"[0.8481545520679149, 0.7098252957820719, 0.4381648014936187, 0.692415616181224]"
"[0.9016053208161635, 0.7112160026239073, 0.40007500373444077, 0.7384578582194933]",stable,0.03586229407536121,352,"[0.8811829197444572, 0.6827371280513787, 0.40476901536492116, 0.7324620572964178]"
"[0.9010380318975049, 0.7104249227746703, 0.40020539294639856, 0.7382913081938522]",stable,0.06169745412687528,353,"[0.8700059404854704, 0.7310022135601341, 0.363802553892698, 0.7052006212699781]"
"[0.9001993267242067, 0.7109810657688721, 0.3992215324314337, 0.7373969653040178]",stable,0.08181337556994667,354,"[0.8685902524987237, 0.780303999873717, 0.4197275784247402, 0.7590332249986319]"
"[0.8993675089814308, 0.7128053535084732, 0.3997611652207313, 0.7379663405591392]",stable,0.25377348975088515,355,"[0.6729394172492912, 0.7520945937944988, 0.36829557035998367, 0.6350218151452514]"
"[0.7489495686155047, 0.6401623234314008, 0.4648340725310875, 0.6486836847301249]",stable,0.2585258049663846,356,"[0.531727384373522, 0.7161342800449598, 0.4030998261686913, 0.5483479526052547]"
"[0.4838211435082017, 0.5890992855462629, 0.4670581877081437, 0.5017570686047881]",stable,0.21790255854619422,357,"[0.3804751258046386, 0.7137913058481524, 0.323374253446593, 0.4771003706517376]"
"[0.47889990456993675, 0.5950370007987339, 0.4602160956004508, 0.5005829401308333]",stable,0.19446870498635152,358,"[0.34544862589749153, 0.6198537813600371, 0.34163854173984715, 0.42756017270336755]"
"[0.21110621705964513, 0.6164466852256917, 0.35458966945377934, 0.35479682850102207]",stable,0.0926053649311587,359,"[0.2619973464937926, 0.6613164211092691, 0.3067166700127062, 0.39579352696812964]"
"[0.21163633299125084, 0.6169140783078123, 0.3540909923762681, 0.35522387744338774]",stable,0.1870752665083131,360,"[0.3822654846195613, 0.6364207372970495, 0.33928060398968246, 0.42790806144978294]"
"[0.47450743093582876, 0.5969180797304755, 0.4547190277999613, 0.49727953655442186]",stable,0.16644046061454573,361,"[0.4888641633470882, 0.5821973133979871, 0.2926078453151255, 0.46566348499819205]"
"[0.47513163669284003, 0.5962780464116717, 0.4476707155180119, 0.49590492561719446]",stable,0.22155976918485387,362,"[0.6312840493845858, 0.5630258269790854, 0.29414009517786377, 0.49063293808222697]"
"[0.4816379872216628, 0.5948925372686472, 0.44127360633717244, 0.49568525946990416]",stable,0.2940964737070274,363,"[0.7315792874944357, 0.6033682262980609, 0.32812877797071643, 0.6012716827177144]"
"[0.7486694027909712, 0.6395688702518308, 0.462629148425275, 0.6479189750202473]",stable,0.15494580041357042,364,"[0.7689920284842983, 0.6042226488626289, 0.31950288700641316, 0.6047830285660885]"
"[0.7489919841511827, 0.6390078191186689, 0.46035730300592803, 0.647234277457483]",stable,0.12943383763281935,365,"[0.8212609479645303, 0.6332104209966004, 0.3534952951329712, 0.6384469774126204]"
"[0.7501211867107663, 0.6389172347730115, 0.4586875841329131, 0.647096975894282]",stable,0.21524126961799186,366,"[0.8652746035291708, 0.6091500461862861, 0.27942835720107717, 0.640129997693173]"
"[0.8984933319185524, 0.7101475251155965, 0.39667570860484275, 0.7354577163830888]",stable,0.20499374973110554,367,"[0.7981779747511134, 0.5868244428936849, 0.34017485960630467, 0.6190174398507811]"
"[0.7508605219113871, 0.6381158072056373, 0.45686431144788836, 0.6466649830320742]",stable,0.09934670669740607,368,"[0.8017266562794024, 0.594090335628598, 0.3837620413255112, 0.6471345162574704]"
"[0.751631220916963, 0.6374487546059853, 0.455756701294519, 0.646672097171853]",stable,0.13699911677537935,369,"[0.8576742208171947, 0.6102017502202418, 0.3804610987992113, 0.6800159596695509]"
"[0.8974728541410185, 0.7076488807432126, 0.39627034335970196, 0.7340716724652503]",stable,0.23086262061509266,370,"[0.7808074196418914, 0.5626186890135396, 0.5080856186573726, 0.6556477367864124]"
"[0.7520666865695738, 0.6363318879553517, 0.456537729911875, 0.6468060619422196]",stable,0.1754750734867373,371,"[0.7182622671686623, 0.6009019831924117, 0.6250050291756728, 0.6503065721042014]"
"[0.7515695627548544, 0.6358108599441321, 0.4590151901951661, 0.6468575400328369]",stable,0.19475768443224029,372,"[0.7023122410950482, 0.5411401731702434, 0.619508612789018, 0.6188647860028741]"
"[0.7508556885279007, 0.6344388210053801, 0.4613411818269611, 0.6464518479454462]",stable,0.2870866332317357,373,"[0.6592551516245504, 0.5352064897572814, 0.7128784936035379, 0.616285611212438]"
"[0.503569755402789, 0.5255859586775681, 0.7911695031249885, 0.5618678998015479]",stable,0.1580205905013973,374,"[0.6434875177620684, 0.5403271058178674, 0.7364680432890792, 0.6086009252930672]"
"[0.5054107785917269, 0.5257799211399404, 0.790449747074516, 0.5624828080316995]",stable,0.07862781508928426,375,"[0.5168108271360031, 0.4516016536579971, 0.7700038811887665, 0.5509970167893846]"
"[0.505558831170224, 0.5248165670167984, 0.790184216348727, 0.5623336419116693]",stable,0.13554743261984198,376,"[0.5019224243890202, 0.4058611604593197, 0.8241803738082071, 0.5070728460045579]"
"[0.505512210570465, 0.5232914977019588, 0.7906200645212844, 0.5616251701692706]",stable,0.15371879270395652,377,"[0.5920012200007551, 0.45323475572925087, 0.6847556838933109, 0.5558024305602791]"
"[0.5066070081581902, 0.5224047034997726, 0.7892800090702974, 0.5615514646045998]",stable,0.2277584528045341,378,"[0.651599982693403, 0.5599664820665818, 0.6245960575551437, 0.6097101508781975]"
"[0.7494377498731222, 0.6333749304491116, 0.46367339433736365, 0.6459269665587712]",stable,0.1510066039503572,379,"[0.7737535680060783, 0.6229631735027688, 0.6082405155164029, 0.6806210325707033]"
"[0.749780226184854, 0.6332282859850786, 0.4657095509736881, 0.6464156153758407]",stable,0.11023548003535995,380,"[0.7503239126545724, 0.5987927193622896, 0.5700799281980148, 0.6549350973476565]"
"[0.7497877773858224, 0.6327500142264287, 0.4671591395462482, 0.6465339415143381]",stable,0.06394368772040553,381,"[0.7772988702553617, 0.6162419321385618, 0.5223913238031873, 0.6435634169148611]"
"[0.7501646416717066, 0.6325238761156361, 0.46791574481004183, 0.646493249396537]",stable,0.049915058014910516,382,"[0.7880232548008836, 0.6162815054037196, 0.43988682801563744, 0.6435261556069476]"
"[0.7506762445518306, 0.6323043846195291, 0.4675369756641715, 0.6464531535345156]",stable,0.1072509225651881,383,"[0.8471401029863742, 0.613015120778502, 0.43756222879738, 0.6768985679305674]"
"[0.7519624293309578, 0.632047194434982, 0.4671373123726143, 0.6468590923931297]",stable,0.10011832870122138,384,"[0.7888367842625775, 0.6343342186337485, 0.37490174421577227, 0.6591607661573597]"
"[0.752447618211637, 0.63207728685865, 0.4659236864758137, 0.6470209565216064]",stable,0.1567386041409853,385,"[0.8454686710360435, 0.6298159646526592, 0.3403008847658342, 0.6583290010881672]"
"[0.8962044594311411, 0.705750516936126, 0.39490523461351, 0.7322242902365409]",stable,0.10108181761206056,386,"[0.8965889230166834, 0.6420732115627346, 0.3336415330855112, 0.6831392039579023]"
"[0.896213613326035, 0.704234390617712, 0.3934465750533196, 0.7310555977060972]",stable,0.06837878617601206,387,"[0.9132212983461755, 0.683674869927422, 0.3410985541017105, 0.6960786358512433]"
"[0.8966091408846428, 0.7037562622295657, 0.3922291792172356, 0.7302421799885425]",stable,0.06454116211189678,388,"[0.9369093811298687, 0.7165650403141288, 0.34699888636885884, 0.7484522886033123]"
"[0.8975250554356706, 0.7040473708223967, 0.39120121801613617, 0.7306560460934236]",stable,0.24186083411847842,389,"[0.8177638427325572, 0.5471118519643703, 0.5358842830654518, 0.6495828345046849]"
"[0.7532958808677529, 0.6309738396522308, 0.4668322656523025, 0.6470542276642438]",stable,0.22854832056151334,390,"[0.6647230398904588, 0.5188461073927363, 0.6373736010488017, 0.5947836694864213]"
"[0.5085834585548435, 0.5223602210484346, 0.7873811789700287, 0.5619668671656226]",stable,0.12035895193028083,391,"[0.6038870250868528, 0.48637243866902585, 0.7277943587127492, 0.5855846123389775]"
"[0.5097600457959796, 0.5219159274388123, 0.786645539213766, 0.5622584442665283]",stable,0.06688526706355159,392,"[0.5726276745181811, 0.5085275979462157, 0.7707902276242516, 0.5717801004673748]"
"[0.5105267241950308, 0.5217526551279269, 0.7864521817553574, 0.5623745620250751]",stable,0.1972274770825026,393,"[0.6634322426189285, 0.5266960853898702, 0.6755370706980456, 0.6188721795698675]"
"[0.5123689593567645, 0.5218122145286732, 0.7851158551161126, 0.5630552562123617]",stable,0.35599969663373576,394,"[0.7631520861749269, 0.5625757425863338, 0.548486780226159, 0.641723057780948]"
"[0.7534222424742552, 0.6300969409718987, 0.46787911840324936, 0.6469858793324067]",stable,0.21620144458767754,395,"[0.6479728315395433, 0.497303302904588, 0.5862712062177189, 0.5839569208521977]"
"[0.7520874398041955, 0.6284160088444644, 0.46937775242621727, 0.6461880444149356]",stable,0.28868628373303673,396,"[0.5710623982574667, 0.5262446797223927, 0.6464912352064551, 0.5525849543405142]"
"[0.513067690772249, 0.5218649819714556, 0.78346556202195, 0.5629306097615064]",stable,0.16563706891047342,397,"[0.6160205187048642, 0.5064473166664571, 0.6573616135483953, 0.5893208275296942]"
"[0.5142789005126327, 0.5216835976737497, 0.7819819861575551, 0.5632410829117205]",stable,0.11221387678365345,398,"[0.6117101657069923, 0.5348823761747994, 0.7418569679796146, 0.5995023276193074]"
"[0.5154118222009392, 0.5218370718423665, 0.7815154161787419, 0.5636627252920412]",stable,0.048719263416132245,399,"[0.5512988176585054, 0.5041331649380283, 0.7985606774539608, 0.5856108672002108]"
"[0.5158243164016009, 0.521633578659558, 0.7817113387221353, 0.5639150027852385]",stable,0.074944985753068,400,"[0.5424840526494861, 0.5825084852836033, 0.785288712958801, 0.5983745078572119]"
"[0.5161272679498723, 0.522325338962104, 0.7817519907020973, 0.5643065880701473]",stable,0.13227883394606316,401,"[0.4277264835125379, 0.47055444032673693, 0.8382587662632971, 0.5025834190721379]"
"[0.5151340007090034, 0.521743643471819, 0.7823868982926726, 0.5636130693173608]",stable,0.20495153788842524,402,"[0.3591429581247672, 0.42416500404876034, 0.825189094927767, 0.484125280268545]"
"[0.31899745159091103, 0.30169724433853656, 0.8355260836118515, 0.38637802231280166]",stable,0.0697121009596744,403,"[0.28291407395153034, 0.33949165141086524, 0.8652025341305674, 0.4217143769211509]"
"[0.3180722367796449, 0.3026663316993655, 0.8362870182405365, 0.3872840826873747]",stable,0.12644010170012884,404,"[0.3630088614426514, 0.4032593588811494, 0.8427380213871385, 0.44898680971497396]"
"[0.31919565239622005, 0.3051811573789101, 0.8364482933192017, 0.38882665086306467]",stable,0.0759250974831917,405,"[0.3378338125787272, 0.3231878704216338, 0.9067626058852404, 0.40102891076055025]"
"[0.31965024166896416, 0.30562034550190337, 0.8381632765525198, 0.3891242669581253]",stable,0.22320656317474907,406,"[0.4501909737509754, 0.3914129490285165, 0.6932213494029704, 0.4555453031294763]"
"[0.5144124115205808, 0.5202955246446711, 0.7813961699716759, 0.5624123163597176]",stable,0.2001318932349539,407,"[0.5393189563925935, 0.4944127604923985, 0.5863866556452971, 0.5353233784998994]"
"[0.48394522598850004, 0.5908733461975973, 0.4470781283094974, 0.497270784231104]",stable,0.20731332122732765,408,"[0.6358501059574708, 0.5527541418662432, 0.5533921101339585, 0.581816535926209]"
"[0.7506344731311114, 0.6274702355072366, 0.47042793189756404, 0.6453834005588266]",stable,0.10011669824130334,409,"[0.6759352164473603, 0.5937108849235594, 0.4579757577737444, 0.5892708001432897]"
"[0.749712260085633, 0.6270534534012653, 0.4702742013528255, 0.6446906524055483]",stable,0.05399285432272248,410,"[0.7553355875485032, 0.6774672098558944, 0.47287575409505495, 0.6630016215121468]"
"[0.7497808372498143, 0.6276682553092485, 0.47030592760577955, 0.6449139569068483]",stable,0.05394986247405298,411,"[0.7924289690475468, 0.6357877934892403, 0.4970887533814247, 0.6624774946583253]"
"[0.75029467016304, 0.6277660810704533, 0.4706286122536789, 0.6451255657954202]",stable,0.023146882661716037,412,"[0.7674806347367432, 0.6297738067363109, 0.45543165058702356, 0.6427927150973404]"
"[0.7504992649793936, 0.6277899825664753, 0.47044769604336156, 0.6450977937633003]",stable,0.07853666700165424,413,"[0.8034397886891305, 0.638214077522447, 0.41556954362949716, 0.6607514082039676]"
"[0.7511220946700964, 0.6279126189777221, 0.4698020707208455, 0.6452819539331904]",stable,0.15917042778931778,414,"[0.8307872242825405, 0.6727001101165163, 0.3429003544896386, 0.6749252881170096]"
"[0.8960419925211566, 0.7033507650289326, 0.3901278654933251, 0.7294175848050588]",stable,0.06792408392419712,415,"[0.8627552982076645, 0.6556532503859072, 0.3690845294553702, 0.7013497693593639]"
"[0.8953183687317329, 0.7023138625366928, 0.3896704016664131, 0.7288074149040654]",stable,0.05502909544390219,416,"[0.8779609172556494, 0.6830778199452331, 0.42142651496248706, 0.692086247202371]"
"[0.8949490612535184, 0.7019045850347468, 0.3903460636514359, 0.7280261134636038]",stable,0.04820789259821169,417,"[0.886128811859716, 0.7024798172502438, 0.4375854859933395, 0.7318089951817331]"
"[0.8947653060578141, 0.7019165690392364, 0.3913302182835589, 0.728104923499398]",stable,0.03262241612120561,418,"[0.8743475261678573, 0.723838514483451, 0.38205960882661905, 0.7370949405287558]"
"[0.8943486166723048, 0.7023639556809551, 0.39114102217219276, 0.7282883932346911]",stable,0.029555664355036298,419,"[0.8806642994690846, 0.7218061618234819, 0.38513566564045854, 0.7447872741478763]"
"[0.8940749303282404, 0.7027527998038056, 0.39102091504155806, 0.7286183708529548]",stable,0.058234975903651044,420,"[0.937339023592437, 0.6948609569651324, 0.3604379583183926, 0.7514642069550628]"
"[0.8949232458824403, 0.702598057787361, 0.3904212492234568, 0.7290663284235843]",stable,0.14173416476140155,421,"[1.0, 0.7135606040780146, 0.3994992986142089, 0.8231134485433114]"
"[0.8969439526923934, 0.7028088759852581, 0.3905958270963559, 0.7308749268874253]",stable,0.15341010906530156,422,"[1.0, 0.7505186254435788, 0.41094217582185905, 0.8319883215338545]"
"[0.8988884064151784, 0.7037090599373018, 0.3909797204685352, 0.7327827267864145]",stable,0.12219665331511254,423,"[0.9904637437031127, 0.7294422084560407, 0.4115496898517471, 0.8066790129508837]"
"[0.9005842459945845, 0.7041855997246859, 0.39136064582748353, 0.7341511765302009]",stable,0.17637963578310986,424,"[1.0, 0.8090466074369075, 0.4355591897377637, 0.8251288746342178]"
"[0.9023918051583193, 0.7060921635012717, 0.39216425571676133, 0.7358053164957284]",stable,0.1465648460923747,425,"[0.9812221521667828, 0.7603257978645044, 0.46526886363210895, 0.8193604462359496]"
"[0.9037994899263275, 0.707060621257758, 0.39346969514382113, 0.7372973723839467]",stable,0.15954971115303945,426,"[0.9634737615605548, 0.7973739040673947, 0.47383088545922414, 0.8226242829877002]"
"[0.9048464069725421, 0.7086450648158218, 0.394879540587951, 0.7387943357278721]",stable,0.0804401510350881,427,"[0.9505535429868872, 0.6906097172002392, 0.4367213322777981, 0.7868096074701261]"
"[0.9056344610417549, 0.7083341105465876, 0.3956009507895001, 0.7396221852406696]",stable,0.0720311781661409,428,"[0.9678433968353061, 0.7156177983296976, 0.3726560831736264, 0.7668071052847744]"
"[0.9066888497840185, 0.7084575628818944, 0.39521205472821413, 0.7400829465973493]",stable,0.10374431915694092,429,"[1.0, 0.7050315691349341, 0.3560303371897147, 0.7626432786048087]"
"[0.9082440356209516, 0.7084004629861117, 0.3945590261025725, 0.7404589521308069]",stable,0.09377445313407172,430,"[0.9886332946315024, 0.674588808086438, 0.3926625520244839, 0.7748739267108541]"
"[0.9095618923260427, 0.707846173561527, 0.3945279363635874, 0.7410231320419552]",stable,0.047341470457348885,431,"[0.9408892885733309, 0.7423024074268315, 0.386637286858217, 0.7442347776687753]"
"[0.9100671729106763, 0.708401919269032, 0.39440066782317823, 0.7410749327778716]",stable,0.1617438306004894,432,"[0.8422365207121173, 0.6527066590303965, 0.5296471771665408, 0.7281718689159677]"
"[0.7521815647403525, 0.6282009217690322, 0.4704979440516094, 0.6462457901539204]",stable,0.12195339388317535,433,"[0.755738126880446, 0.6123251136860847, 0.5900767546028796, 0.663819859979246]"
"[0.7522224447649511, 0.6280184412163546, 0.47187241313840556, 0.6464477909565103]",stable,0.17537455371643154,434,"[0.6483877918115887, 0.6398295379045963, 0.6111756052492816, 0.6257181599893734]"
"[0.7510425055268448, 0.6281526582241755, 0.4734554039578473, 0.6462122269682474]",stable,0.3106850155384703,435,"[0.46230788294624436, 0.6406187459285376, 0.5057637687165122, 0.5368583846610566]"
"[0.4831130204868748, 0.5927866308026336, 0.44933526832515186, 0.49879338424764064]",stable,0.11058810281180778,436,"[0.3873397215180363, 0.6367441601708157, 0.4761012427113472, 0.47858145917496664]"
"[0.4795658612658067, 0.5944146874458996, 0.4503266007098258, 0.4980447944301342]",stable,0.16729813460514506,437,"[0.34032022393177747, 0.6277417714602287, 0.3862225404791659, 0.43991310549159557]"
"[0.2129629710421841, 0.6170257040104146, 0.3544222454494939, 0.356096962268627]",stable,0.06874449584835265,438,"[0.27111706724269463, 0.5844797405434963, 0.3443832207926272, 0.3696573844779383]"
"[0.21355638018708728, 0.6166936023423848, 0.35431980642238303, 0.35623533392382406]",stable,0.021774349803285166,439,"[0.23106424137983114, 0.6247474549699277, 0.3574569729032624, 0.36587331867876666]"
"[0.21373322726984226, 0.6167749543891277, 0.35435149497269497, 0.35633268730518713]",stable,0.10535141818853011,440,"[0.17545899661310693, 0.6728355773645681, 0.2740349864537989, 0.3499711157297671]"
"[0.21335048496327488, 0.6173355606188821, 0.353548329887506, 0.3562690715894329]",stable,0.062241642591024084,441,"[0.2182408299995517, 0.6722167024240222, 0.3454943898113446, 0.38407736030464595]"
"[0.2133989042210598, 0.6178789382605171, 0.3534685879065539, 0.3565444011806726]",stable,0.03456448299710733,442,"[0.1962641424347757, 0.6365534630128912, 0.33371679936089277, 0.34380735293922055]"
"[0.21323091636040994, 0.6180620218365207, 0.35327494292081213, 0.3564195281586976]",stable,0.1471021453531951,443,"[0.22077135491992916, 0.49980658136770734, 0.4392818234941748, 0.34225442147329177]"
"[0.2133041245017645, 0.6169139107640079, 0.35410996117880594, 0.3562820028510723]",stable,0.28711669516556376,444,"[0.26425954681243463, 0.38949291499200867, 0.5201913059447084, 0.3331255959027077]"
"[0.26796043392100866, 0.4558373881312428, 0.5908072744784928, 0.37612808338904175]",stable,0.11096828418122637,445,"[0.2776265046224754, 0.35927091035217557, 0.6243954317010295, 0.33408907489622963]"
"[0.268236607369622, 0.45307834590898377, 0.5917669361134225, 0.3749269688606757]",stable,0.18809984135498553,446,"[0.2748900468632993, 0.31587883777338804, 0.7156115537428098, 0.34063283361489155]"
"[0.31858452274501975, 0.3058645953178911, 0.8352453783903838, 0.3879697090213816]",stable,0.09775784842276308,447,"[0.26809750844371333, 0.2838029968889051, 0.768791550880172, 0.3420912500325622]"
"[0.31741040613336147, 0.30535153488931005, 0.8336999405413091, 0.38690276811466495]",stable,0.1945421320531693,448,"[0.22305380039519027, 0.36672573071877834, 0.6812606189988863, 0.34286944628521404]"
"[0.26698152939811, 0.4506796621537002, 0.5942528717491299, 0.3740364821224684]",stable,0.058665700469621974,449,"[0.23417271496041486, 0.4622192147321086, 0.6414953832339022, 0.37355695977095976]"
"[0.2660948046835777, 0.45099154195311664, 0.5955296963838534, 0.37402352205891415]",stable,0.1808185805098433,450,"[0.15007860868129816, 0.507336751596486, 0.4860012627583202, 0.310271338562682]"
"[0.263041746894044, 0.4524743106279422, 0.5926473691831816, 0.3723458330195396]",stable,0.26414147346825667,451,"[0.15822812250170348, 0.5177895641881435, 0.3730872270801631, 0.292897209370089]"
"[0.2127745475594562, 0.6159607920469323, 0.35429243488939594, 0.35567253368298596]",stable,0.08749255450092597,452,"[0.17937581795271448, 0.5489423271421849, 0.38530048748982426, 0.3227104647325474]"
"[0.21245646442034438, 0.6153225209526014, 0.35458774967606665, 0.35535860921679124]",stable,0.05709044984994935,453,"[0.21034127821476103, 0.5953982244389591, 0.4080086970951332, 0.35334112646071214]"
"[0.21243650983349924, 0.6151345558911518, 0.35509172087813334, 0.35533957636060187]",stable,0.21450533755949358,454,"[0.39424301537809897, 0.6217600287612892, 0.41123185665770007, 0.4541491034674178]"
"[0.4765186167698171, 0.5953913067785922, 0.4489303598508213, 0.4964770911814657]",stable,0.1357790420722493,455,"[0.5882891813475694, 0.6329450655162823, 0.3952932595370271, 0.5371718799710331]"
"[0.48037277416904994, 0.5966862639764435, 0.447080804667587, 0.49788035976041634]",stable,0.2529641883510401,456,"[0.694882658324457, 0.6658944983563748, 0.4154417385095481, 0.6082686742434]"
"[0.7504114960077168, 0.6285767238436385, 0.47280356502022597, 0.6457858949151593]",stable,0.07769574238206432,457,"[0.7781100796374485, 0.6772747778863214, 0.4225534856550292, 0.6650951130623093]"
"[0.7507192580480472, 0.6291178133330017, 0.47224523080505715, 0.6460004417834608]",stable,0.08441423173327031,458,"[0.7963302182671744, 0.6735438360156991, 0.42242179520955475, 0.6702771096162736]"
"[0.7512204773911144, 0.6296060113844598, 0.47169772052378783, 0.6462672183530522]",stable,0.1279093138584195,459,"[0.8323029903924805, 0.6942934770366719, 0.39742179360742197, 0.6554887759939031]"
"[0.9088328208072128, 0.7081779757415342, 0.39444862220070587, 0.7397164223527293]",stable,0.1476932269266742,460,"[0.7888057437562414, 0.6533765998154105, 0.4053072608530304, 0.6742512467412933]"
"[0.7516290128950832, 0.6298643873456659, 0.47097608509258393, 0.6465713925746635]",stable,0.15037192390177054,461,"[0.878893089702972, 0.6224917298677585, 0.41414764201800025, 0.7025333638729292]"
"[0.908365012508709, 0.7068391281497565, 0.3947564193853511, 0.7391354370639824]",stable,0.07771334594477777,462,"[0.8855042386286179, 0.6472713427044334, 0.4227757062937674, 0.7047356165147431]"
"[0.9080133082951692, 0.7059227006813669, 0.39518748533778825, 0.7386062090555326]",stable,0.0647618485354287,463,"[0.9143874558906001, 0.651019393004947, 0.3735189026926219, 0.7127302240405531]"
"[0.9081098862890393, 0.7050908323832393, 0.3948591734795282, 0.7382141486765178]",stable,0.04525122967036825,464,"[0.9317397302422451, 0.6739351227721557, 0.3928996358000409, 0.7155252475982359]"
"[0.9084625705271469, 0.7046258217920292, 0.3948299266484911, 0.7378755083619166]",stable,0.06149448288695707,465,"[0.9232661481099856, 0.6842519387567025, 0.33990933780570454, 0.726427393778827]"
"[0.9086802701974828, 0.704326205865039, 0.3940222709302148, 0.7377071537356947]",stable,0.05659368166184089,466,"[0.9426066318811893, 0.6613365049095372, 0.38017132785976576, 0.7411544388651583]"
"[0.9091719565986959, 0.7037031667207564, 0.393821532624846, 0.7377571143897449]",stable,0.034891827379860324,467,"[0.9273820338917785, 0.6740088217060531, 0.3919655406638847, 0.7385532744707217]"
"[0.9094321005600257, 0.7032789617919749, 0.39379501845397513, 0.7377684881051875]",stable,0.04821892356886831,468,"[0.8909974984384428, 0.6917055350710855, 0.357852160894498, 0.7141169169278928]"
"[0.9091724582766232, 0.7031159557818215, 0.39328878102355996, 0.7374353673843805]",stable,0.059361652776807064,469,"[0.9098063949347187, 0.7469066932823981, 0.3545532407616174, 0.7271721722445251]"
"[0.9091812629524301, 0.7037241604693295, 0.39275078740881075, 0.737292823007438]",stable,0.10488615854161207,470,"[0.9017455698773011, 0.7550308214621149, 0.30165027465480176, 0.7410531203143944]"
"[0.9090794041431818, 0.7044269914418334, 0.39150283517930373, 0.7373443339294512]",stable,0.10616370331851144,471,"[0.9955087272730765, 0.7344457032479218, 0.34931066912669795, 0.7708018005236438]"
"[0.9102473679692614, 0.7048326497094832, 0.39093267077318744, 0.7377964618563997]",stable,0.11252361303515294,472,"[1.0, 0.7287928477204753, 0.3517238470741828, 0.7877424886198381]"
"[0.9114440697296713, 0.7051521190162965, 0.3904098864572007, 0.7384624088799122]",stable,0.1422367538752415,473,"[1.0, 0.7623323490041253, 0.3781456226175415, 0.8331680079643008]"
"[0.9126092793384913, 0.7059044904635048, 0.3902485145645736, 0.7397085351836542]",stable,0.1468249337650146,474,"[1.0, 0.7908364529564667, 0.3575126865843759, 0.8147775063429029]"
"[0.9137442237626668, 0.7070075029634134, 0.3898233739414541, 0.740683456887021]",stable,0.10800072389305743,475,"[1.0, 0.7357876076206511, 0.38947563991104556, 0.798955938248999]"
"[0.9148500670477608, 0.7073764786641472, 0.3898189158128591, 0.7414305399814054]",stable,0.12301750376757019,476,"[1.0, 0.7575231546478555, 0.34271461302231404, 0.7975490814613383]"
"[0.9159279143003208, 0.7080112467145739, 0.38922265881551044, 0.7421409012659616]",stable,0.11344155946446878,477,"[1.0, 0.7442409160614171, 0.38168900197646055, 0.8087106158025754]"
"[0.9169788153715668, 0.7084641175814095, 0.3891284881050223, 0.7429730226976692]",stable,0.04813284114047913,478,"[0.9607163590159904, 0.6964814682369691, 0.39734848396045575, 0.7568527004688417]"
"[0.9175187850461893, 0.7083161836388856, 0.38922996953533634, 0.7431443767442268]",stable,0.10099743148542033,479,"[0.9967688024232966, 0.7325879425855409, 0.43594158021202767, 0.7770386691546762]"
"[0.9184852486727393, 0.7086121806992107, 0.38979962332407647, 0.7435577217736226]",stable,0.25324162776671,480,"[0.7701816732201706, 0.5969413214760754, 0.5389152610914462, 0.6573514730702109]"
"[0.7518285038663207, 0.6295103758847025, 0.47170661386676527, 0.6466873074187016]",stable,0.08263229809394644,481,"[0.8255721883529658, 0.6015913539921065, 0.4633648970700992, 0.669944772114277]"
"[0.7526130111480935, 0.6292133650135047, 0.4716178721987156, 0.6469347272558886]",stable,0.13998529212497474,482,"[0.870187117519908, 0.6250611979939391, 0.5051727443385835, 0.7149717876487549]"
"[0.7538506333204283, 0.6291696579922461, 0.47197108137913524, 0.6476509068389715]",stable,0.1653745693964127,483,"[0.7230134908162479, 0.5308992897286403, 0.5908902474374845, 0.5966706605611451]"
"[0.7535294130860097, 0.6281460083228335, 0.47320982269224304, 0.6471198626069109]",stable,0.30949613851574875,484,"[0.5925040828230277, 0.5040065856347425, 0.6925872001255238, 0.5676109148398799]"
"[0.5152705617546736, 0.5201165253148916, 0.7804202472261139, 0.5624694438155435]",stable,0.06154919530570232,485,"[0.48442133645098817, 0.4840164838261866, 0.7624543546303293, 0.5276751562284632]"
"[0.5149352440883291, 0.5197241335595796, 0.7802249657848555, 0.5620912450374231]",stable,0.18701251915434747,486,"[0.4219641330948499, 0.3840675832285142, 0.809474351697728, 0.47799707985880724]"
"[0.319786627200668, 0.3071405359879283, 0.8331493589766823, 0.3889730933815772]",stable,0.22240267639085418,487,"[0.329747248100182, 0.44375229658390636, 0.6595909640085301, 0.4130240164419763]"
"[0.2647521443608681, 0.45225066924219764, 0.5943638716146008, 0.3733888633637047]",stable,0.07749719972712013,488,"[0.30905806419871534, 0.4968664938379801, 0.549701026834394, 0.3809690958565067]"
"[0.2658597923568143, 0.45336606485709224, 0.5932473004950957, 0.3735783691760247]",stable,0.08574466066635582,489,"[0.260179695578811, 0.4966018664492996, 0.519421803432165, 0.3741655467228743]"
"[0.26572125341100933, 0.4544205966032437, 0.591446678615512, 0.3735926905796064]",stable,0.13758468725557343,490,"[0.3260034501957246, 0.5387495304596848, 0.633022448314632, 0.45393999424677717]"
"[0.2671565438106454, 0.45642842836173037, 0.5924365778940625, 0.375505721619301]",stable,0.23467608565108544,491,"[0.3999647927039458, 0.5413199123354463, 0.7182137602740037, 0.49554059381781707]"
"[0.5136990026755939, 0.5199563462345889, 0.7795581786288247, 0.5613756466372123]",stable,0.11605113855644943,492,"[0.46895677670687136, 0.6160630696028551, 0.8199155370624457, 0.585886487489533]"
"[0.513223021548267, 0.520978758185315, 0.7799875122291824, 0.5616364002633008]",stable,0.1205282642193717,493,"[0.4048287209070466, 0.5717039982148615, 0.7829948443258131, 0.5476491188319126]"
"[0.5120820289099385, 0.5215127080803629, 0.7800191683565153, 0.5614891657219178]",stable,0.09923701478918948,494,"[0.4322599698605525, 0.5227549672510713, 0.8370503690519854, 0.5465786683200217]"
"[0.511250549128174, 0.5215256482800578, 0.7806132433637597, 0.561333848040648]",stable,0.08215199234966387,495,"[0.4486653537948831, 0.5025022932541588, 0.8055715386811281, 0.5183543339609997]"
"[0.5106053409288617, 0.5213295312179351, 0.7808705453773408, 0.560890760266631]",stable,0.05488481692253571,496,"[0.4773730613773931, 0.48861126233601515, 0.7961292705383521, 0.5363012317582514]"
"[0.5102662360354793, 0.5209956713313849, 0.781026246654494, 0.5606398467104231]",stable,0.10495422460214818,497,"[0.4528021392716392, 0.5286102939245569, 0.866954178639666, 0.5771224093894914]"
"[0.5096857906136223, 0.521072586711114, 0.7818942055634351, 0.5608063372425349]",stable,0.13591521190792727,498,"[0.478095909297297, 0.48914403305932863, 0.9093388909727617, 0.5754160548654088]"
"[0.509369891800459, 0.5207533011745962, 0.7831686524175283, 0.5609524344187636]",stable,0.12753317095051953,499,"[0.4058753875310059, 0.5129880123755329, 0.8449121476094672, 0.5199519664938149]"
"[0.5083451937383852, 0.5206764171270807, 0.783779974152102, 0.560546489191784]",stable,0.13756084623150416,500,"[0.42214701247988945, 0.5217150534927757, 0.8909581537165646, 0.5626956805287093]"
"[0.5075001135299686, 0.5206865998365483, 0.7848307406184203, 0.5605675596950871]",stable,0.16202167704195755,501,"[0.4605334100859057, 0.5314093299918731, 0.9389337096711091, 0.5740749867723641]"
"[0.5070441261178904, 0.5207907040128136, 0.7863268859490289, 0.5606986997637985]",stable,0.11975080109841653,502,"[0.4570227955717238, 0.5518960428429839, 0.8898448774830396, 0.5731326926513803]"
"[0.5065631517857156, 0.5210897938092575, 0.7873222512522405, 0.5608182573877175]",stable,0.08758386452908232,503,"[0.46768027710162513, 0.53476390208525, 0.8645861914033462, 0.5592827778754013]"
"[0.5061928386934862, 0.521220023411886, 0.7880580983012987, 0.5608036337733144]",stable,0.1589595689713549,504,"[0.37253087648763367, 0.5552837465040815, 0.72339453662582, 0.5154063762858849]"
"[0.5049318767858837, 0.5215413792901142, 0.7874480647005866, 0.560375357759282]",stable,0.22935814709149538,505,"[0.3514648404615383, 0.6322900388687042, 0.6703240198769008, 0.5049702954928165]"
"[0.5034976054183664, 0.5225764134917833, 0.7863534474592437, 0.5598575534390346]",stable,0.32420339258452885,506,"[0.27691990678674294, 0.6156401971824711, 0.592538842916963, 0.472993190910967]"
"[0.2673835987635779, 0.46013102763663133, 0.592438956150409, 0.3777728720679444]",stable,0.15103104732717518,507,"[0.23415099721485774, 0.5637178147264482, 0.4880204530236208, 0.36925669944068423]"
"[0.21263944896790446, 0.6146540255998929, 0.3563340454776239, 0.35546964293144373]",stable,0.11589397794834642,508,"[0.23428970602420354, 0.5267436540099808, 0.4286678442276749, 0.3569758366104475]"
"[0.21283991431101834, 0.6138400406777641, 0.3570038028734577, 0.35548358916921224]",stable,0.12201937105981696,509,"[0.21664903019073628, 0.4985251587090125, 0.38270192784245993, 0.32521310982615254]"
"[0.21287486032826347, 0.6127821059808031, 0.35723956548785224, 0.35520587834955114]",stable,0.1342876475299,510,"[0.17577991104335142, 0.5052472144074284, 0.4065061420752398, 0.3035707300266685]"
"[0.21253763351658247, 0.6118045160574088, 0.35768744345682846, 0.35473646791025226]",stable,0.11340691634408145,511,"[0.1854056222270255, 0.5279902169293029, 0.3238014519102469, 0.2918724442033161]"
"[0.21229320098244234, 0.6110494322814799, 0.3573821642537061, 0.3541701253543339]",stable,0.13592833577664573,512,"[0.20452371919369497, 0.5248120141525593, 0.27781466646913305, 0.28599191306842436]"
"[0.2122238306093285, 0.6102794553339003, 0.35667174016634384, 0.3535613913160668]",stable,0.08336789794148909,513,"[0.17125573290627016, 0.5588821482064783, 0.330965651800002, 0.3091841987648644]"
"[0.2118612810721333, 0.6098246119079939, 0.3564442526586771, 0.3531686727979146]",stable,0.05722354982208747,514,"[0.22154132917906008, 0.5591927088384271, 0.3430155210513798, 0.3322662594955784]"
"[0.21194619377482565, 0.6093804724073836, 0.356326456767385, 0.35298531829526253]",stable,0.08978491281808992,515,"[0.20285056765040932, 0.5268204465250651, 0.355434075920677, 0.3189023909284389]"
"[0.21186710137374376, 0.6086625591388417, 0.35631869693393536, 0.3526889450138118]",stable,0.09537447120145297,516,"[0.19483797685782545, 0.5394712428170357, 0.4107981006902507, 0.3202720514675404]"
"[0.21172029857619276, 0.6080660822739985, 0.3567883469663174, 0.35240948903496466]",stable,0.014591265309279108,517,"[0.21879836991872034, 0.6031472135104556, 0.3537571504695756, 0.36378589036759373]"
"[0.21178079491245366, 0.6080240406606349, 0.3567624393039521, 0.35250672323438886]",stable,0.2173874975246194,518,"[0.3860347326978143, 0.6763935669349453, 0.37374588436225464, 0.46173153597073574]"
"[0.47722817278667545, 0.5993431740750602, 0.4446363073240759, 0.496675398967427]",stable,0.14257161553907585,519,"[0.5357227810453905, 0.6687644101866194, 0.341207098842959, 0.5339331118842761]"
"[0.4791150956337307, 0.6015825687883364, 0.4412998812440399, 0.4978772606744221]",stable,0.24999373958024057,520,"[0.6639114474898357, 0.6764423885314466, 0.31244503651266786, 0.5762329531751642]"
"[0.7526055165334719, 0.6286439091497265, 0.4715524537625567, 0.6463890697261713]",stable,0.1593484569696807,521,"[0.7051964126998328, 0.6853578271470802, 0.33127936075485875, 0.6305366725650929]"
"[0.7521217501678226, 0.6292226225986791, 0.4701210956706414, 0.6462273105714664]",stable,0.15289610936504092,522,"[0.7542697759480776, 0.6966691082983304, 0.33537225229147033, 0.620413999684324]"
"[0.752143447397926, 0.6299039002320089, 0.468759996242569, 0.6459665700574548]",stable,0.11831929607103552,523,"[0.7738720629454722, 0.677340792071959, 0.3630913334381939, 0.6565116202153466]"
"[0.7523607335534015, 0.6303782691504085, 0.4677033096145252, 0.6460720205590337]",stable,0.11853073052420414,524,"[0.7979101893961618, 0.7040543454257433, 0.38975009105196523, 0.6677494893097604]"
"[0.752811718264716, 0.6311077352521446, 0.4669314955693514, 0.6462866489625062]",stable,0.22338563238755788,525,"[0.8478187809428336, 0.7315338590675643, 0.2968857187509889, 0.6895743636182262]"
"[0.9176338454470778, 0.7088883454988294, 0.38868017869066573, 0.7429073198681359]",stable,0.13514391360213754,526,"[0.7989007934843342, 0.7074180407666467, 0.34870335701312705, 0.692251306524494]"
"[0.9162203567332357, 0.7088708418710653, 0.3882042641468855, 0.7423042720902353]",stable,0.04720437022270324,527,"[0.880221688678226, 0.7213997167675706, 0.367509678176432, 0.7236733872017903]"
"[0.9157968429914118, 0.7090182403992594, 0.3879607984295861, 0.7420850852091948]",stable,0.08689704055460767,528,"[0.8549006168606679, 0.7057632193572616, 0.3442514630589657, 0.6982485235322429]"
"[0.9150887473387287, 0.7089803913173757, 0.3874525503438812, 0.7415753577478349]",stable,0.08068154566800993,529,"[0.9357586618812621, 0.7644668007967408, 0.33386705433125125, 0.753069679143732]"
"[0.9153263325633556, 0.7096181661389775, 0.3868366251023567, 0.7417074763845692]",stable,0.04624510307662584,530,"[0.905118382619123, 0.7495642135402862, 0.366931743048435, 0.7482279275910162]"
"[0.9152103331321711, 0.7100720984958107, 0.38661043326083483, 0.7417815724210062]",stable,0.030604091919885404,531,"[0.9146683801085058, 0.7096846247436946, 0.35842662565873384, 0.7298719300124319]"
"[0.9152042437723548, 0.7100677448581464, 0.3862937612653057, 0.7416477562141683]",stable,0.08370529440651761,532,"[0.8567730122689103, 0.6832823387517838, 0.3445304829976774, 0.7080213067326879]"
"[0.9145550078667609, 0.7097701292347424, 0.3858297248401098, 0.7412741289977074]",stable,0.09148797894019031,533,"[0.8837113270456857, 0.6853593976392615, 0.3152349533186325, 0.6983880932661065]"
"[0.9142160663192767, 0.7095018794369898, 0.3850539581200935, 0.7408028538797777]",stable,0.3117089442903348,534,"[0.68517037637844, 0.5634621401385025, 0.45367173538130995, 0.6041846520928961]"
"[0.7521485678540663, 0.6304445431431873, 0.466801497920449, 0.645873884287314]",stable,0.29960157509218893,535,"[0.5476943706137092, 0.4827385838241334, 0.5350639903300646, 0.4993038780098123]"
"[0.48125819797685504, 0.597868694258205, 0.44423000965297815, 0.49792184246615306]",stable,0.3263686230718026,536,"[0.45341040623433665, 0.32201083905185907, 0.5976102519502148, 0.4197046856868036]"
"[0.2716114807515497, 0.4569919324415229, 0.5925564856004045, 0.37872586783200934]",stable,0.2700338358989717,537,"[0.4314242169180844, 0.28731627360209844, 0.7257490035837195, 0.40784778122982507]"
"[0.3222674625277217, 0.3066999968237987, 0.8307626844123943, 0.3893925308893161]",stable,0.12842831750233397,538,"[0.3883670761281153, 0.30005988564634284, 0.7217142790803412, 0.40314127761206336]"
"[0.32370441064946937, 0.3065556465808105, 0.8283920669051758, 0.38969141668763674]",stable,0.10497073690551044,539,"[0.38410440072386487, 0.27155471734784603, 0.7535228034016256, 0.36644867285727545]"
"[0.32498951682126503, 0.30581094595883257, 0.8267991038519086, 0.3891968902231609]",stable,0.08839641755404656,540,"[0.3154652698179438, 0.2515403380885301, 0.7976699691838905, 0.32651188411891446]"
"[0.32479109500869585, 0.3046803082948679, 0.8261922468796583, 0.3878909525959891]",stable,0.07233427053194663,541,"[0.2963474592243422, 0.25354762527029573, 0.8267075186073718, 0.34536578947447805]"
"[0.32421061264574985, 0.3036367841515093, 0.8262027626292034, 0.38702309212412156]",stable,0.058297336363119526,542,"[0.3578308947758966, 0.3395845898522043, 0.8199145833589814, 0.41762489147145837]"
"[0.32488301828835275, 0.3043557402655232, 0.8260769990437989, 0.38763512811106826]",stable,0.12133951142044343,543,"[0.3603562691622958, 0.398594690015666, 0.8625245283016294, 0.4446923227947878]"
"[0.3255785722270575, 0.3062035628096436, 0.826791656480227, 0.38875389663427845]",stable,0.21100041631132851,544,"[0.41978874475272854, 0.44515327896913964, 0.8779396558890951, 0.5058968759881568]"
"[0.5027225233751661, 0.5218595326165736, 0.7872014679076683, 0.5593579175367117]",stable,0.12292459078798952,545,"[0.43104027210473433, 0.4932816854859452, 0.8761036430045316, 0.523976852125641]"
"[0.5020648880424098, 0.5215973505328063, 0.7880170841929606, 0.5590333206063349]",stable,0.09867510225668678,546,"[0.4126087274776401, 0.5221342347251806, 0.7826498759251215, 0.5177383333421238]"
"[0.5012516502190937, 0.5216022312981915, 0.7879682913905256, 0.5586579116312057]",stable,0.1662768317023128,547,"[0.5156486831422418, 0.5652714849809117, 0.6290015805726769, 0.5424316570258533]"
"[0.5013813532184013, 0.5219956479980358, 0.7865361588606351, 0.5585117291572836]",stable,0.2539578921341027,548,"[0.6429521391878195, 0.5590474700640109, 0.5809573811661137, 0.5870923551199108]"
"[0.751088408352452, 0.6297513676763993, 0.46790980746652344, 0.645303189829378]",stable,0.07856145411310007,549,"[0.7209500097231006, 0.5905110250660333, 0.5288991167817916, 0.643283620199314]"
"[0.7507986160579391, 0.6293740566897612, 0.46849624313301647, 0.6452837708906274]",stable,0.0610963148456434,550,"[0.7945218044833788, 0.6642474909292421, 0.4591927949569335, 0.6680506748964649]"
"[0.7512150273762767, 0.6297061846348991, 0.4684076388646728, 0.6455005985478258]",stable,0.12029648747718745,551,"[0.8378838146223627, 0.6790129810839571, 0.4393668793791, 0.7062067788680705]"
"[0.9133863679312667, 0.7091704783679351, 0.3856443159598653, 0.7404268095861721]",stable,0.0851133471089877,552,"[0.8564086059122046, 0.7232696250384792, 0.44703094204111016, 0.734884906220174]"
"[0.9127737038235348, 0.7093220820955753, 0.38630438720805077, 0.740367219227398]",stable,0.07389386520082039,553,"[0.8528699139181884, 0.7104411099945757, 0.4223705075897683, 0.716496274410197]"
"[0.9121364294628396, 0.7093339866476924, 0.3866880693397711, 0.7401132730059383]",stable,0.048134571919996656,554,"[0.8831211307055843, 0.6910058000374981, 0.4201943353123392, 0.7360565294712824]"
"[0.9118310052653948, 0.7091410583675851, 0.3870407668763245, 0.7400705704424156]",stable,0.06489387246764461,555,"[0.9142828554419891, 0.6576513125628977, 0.425392134417908, 0.7309501647925829]"
"[0.911856545371401, 0.7086047068487863, 0.38744026028821593, 0.7399755662168966]",stable,0.07084638338549956,556,"[0.917767945423361, 0.6700567184883082, 0.43955626057690206, 0.7120070035884564]"
"[0.9119174876399779, 0.7082073049069257, 0.38797753864170753, 0.7396872305196962]",stable,0.07047037863095756,557,"[0.9088704765870775, 0.6483280931215872, 0.4248567774243013, 0.7430326349522027]"
"[0.9118863956904586, 0.7075962925417693, 0.3883538574047952, 0.7397213672996197]",stable,0.07239112478409655,558,"[0.9072589077970907, 0.6457593654633342, 0.4115615205728241, 0.7104526105259028]"
"[0.9118396533885054, 0.7069716771167345, 0.38858827824487635, 0.7394257232918043]",stable,0.11050222626983784,559,"[0.8857581989378494, 0.6516332960724811, 0.3073079446934475, 0.6962786410555941]"
"[0.9115788388439988, 0.7064182933062919, 0.3877754749093621, 0.7389942524694423]",stable,0.20112832525614466,560,"[0.7635150301484814, 0.655692024903844, 0.45375867353578336, 0.6312780746319986]"
"[0.7513310651382785, 0.6299513340713986, 0.4682694410785512, 0.6453664237939029]",stable,0.14319943659629186,561,"[0.7382542982655314, 0.65451999047693, 0.602790049093549, 0.6858097662788343]"
"[0.7512088523637669, 0.6301809476826652, 0.4695266430226166, 0.6457443989573134]",stable,0.2132054264009473,562,"[0.6596284807799514, 0.588407632743889, 0.6574693794696869, 0.6442927229628387]"
"[0.7503608859602131, 0.6297941577295284, 0.47126685354527464, 0.6457309575129202]",stable,0.2726477272901015,563,"[0.6220396314216319, 0.6219053645186283, 0.7102207171256629, 0.6190990809026798]"
"[0.5024586592737872, 0.5228876990383982, 0.7858547709880014, 0.5590526876550104]",stable,0.1295109206586254,564,"[0.5879469988444127, 0.5912254374649842, 0.7685817137149914, 0.6261080182893828]"
"[0.5032151932522883, 0.5234924577855361, 0.785701912074081, 0.5596460976606243]",stable,0.1590194771313335,565,"[0.5658177247677991, 0.6326596616594441, 0.7950081030079171, 0.6564140343112926]"
"[0.5037643382655822, 0.5244500648370616, 0.7857835453278866, 0.5604949392101916]",stable,0.14319676406862283,566,"[0.5951698710385881, 0.6023438937975435, 0.788943877267628, 0.6384237883619249]"
"[0.5045591689853475, 0.5251274024801962, 0.7858110264751886, 0.5611725813767283]",stable,0.15428125165146042,567,"[0.5844234361395444, 0.6071034285105574, 0.8514270257369501, 0.6411655513191825]"
"[0.5052476540470215, 0.5258340923597683, 0.7863766816412384, 0.5618621759451977]",stable,0.18107652825638387,568,"[0.5871261849194229, 0.5655955385210407, 0.9092070296235757, 0.6589000462910806]"
"[0.5059474705502044, 0.5261739337799501, 0.7874265136752754, 0.5626915594524275]",stable,0.22615120725254292,569,"[0.697641010829702, 0.5904537363168837, 0.769760615210124, 0.6624611849610313]"
"[0.5075719920779966, 0.5267186778692462, 0.7872768026713334, 0.5635370647533479]",stable,0.28478914453332155,570,"[0.7087999281235172, 0.640310408836708, 0.6473829510838727, 0.6537523824256938]"
"[0.7499795927690507, 0.6298906370974843, 0.4728825975593902, 0.6458045485671658]",stable,0.17170426414279635,571,"[0.6409542581331745, 0.6356096285950519, 0.6052217201099346, 0.6387703100755342]"
"[0.74898845336327, 0.6299426279292802, 0.4740856804916678, 0.6457406009445146]",stable,0.07720906942981068,572,"[0.7056394510461587, 0.6667270066272089, 0.5244187585321577, 0.659726134152288]"
"[0.7485979218108636, 0.6302740187283608, 0.47453913164518574, 0.6458665967391792]",stable,0.10925609699977623,573,"[0.7833499702719617, 0.6993707253506476, 0.5310206797020777, 0.6984467234262901]"
"[0.7489082079578376, 0.6308909536089169, 0.47504343118140807, 0.6463360621560285]",stable,0.09244446320071091,574,"[0.8186446303994288, 0.6612574597643264, 0.4862862482452274, 0.6976613437421874]"
"[0.7495253444396216, 0.6311596837518851, 0.47514292513772505, 0.6467902681877643]",stable,0.07021001830760204,575,"[0.8087348561114045, 0.6490805051815465, 0.4430985997235603, 0.6554900248728749]"
"[0.7500447261209531, 0.6313168839398646, 0.4748618345639166, 0.6468665818428969]",stable,0.07855329666408667,576,"[0.7054347228943071, 0.6532747010632737, 0.5336363199143226, 0.6312466532936211]"
"[0.749656813049417, 0.6315078214800681, 0.4753729170452245, 0.646730756377251]",stable,0.166626379180562,577,"[0.6293268088706807, 0.6081491888922842, 0.5828156456943158, 0.6121551193298097]"
"[0.7486194854271866, 0.6313064539577596, 0.4762991474646132, 0.6464326905406351]",stable,0.2611959771630955,578,"[0.5727732392122207, 0.6224487479835898, 0.6650911974271038, 0.6066766960979665]"
"[0.50811990171778, 0.527523132239955, 0.7862500328793651, 0.5638995826638068]",stable,0.16034301109550828,579,"[0.4611202839310506, 0.521140802929164, 0.6432236931560682, 0.5090940249802989]"
"[0.5077282382362239, 0.527469946162365, 0.7850581467150043, 0.563442869683111]",stable,0.14668640423190338,580,"[0.4230896185580059, 0.45445475144766384, 0.7222475722483256, 0.49219107446789256]"
"[0.5070287455116106, 0.5268665148010865, 0.7845390510582548, 0.5628540118714149]",stable,0.31418278150778833,581,"[0.3288596694632152, 0.4870691080666593, 0.568680094000537, 0.4257858623573843]"
"[0.2728836627229201, 0.4576603141220815, 0.5920258991204075, 0.3797716454881288]",stable,0.05718618061999063,582,"[0.26864447520578527, 0.5118617481564773, 0.5872092240201171, 0.39683894558773575]"
"[0.2727915064725476, 0.4588386061663075, 0.5919211887921403, 0.3801426737511637]",stable,0.1729688479321773,583,"[0.30965989058973026, 0.6047775711786652, 0.5134127820712423, 0.41326658011560774]"
"[0.27357594017716846, 0.46194369052827255, 0.5902507971597808, 0.38084743771636465]",stable,0.20272866244914248,584,"[0.23627136621810252, 0.6024189620933599, 0.4490454608730336, 0.37492878727791706]"
"[0.2119883421269083, 0.6079765399948105, 0.35754449880877476, 0.35269674072628315]",stable,0.07151536903279565,585,"[0.19005604416169067, 0.6195228436817268, 0.4225908850164429, 0.36910018019348767]"
"[0.2118040371019905, 0.6080735677568854, 0.35809110709623415, 0.3528345847554193]",stable,0.22279949119749856,586,"[0.3648492182988045, 0.6137919084084306, 0.4578228002272777, 0.4802617237631944]"
"[0.47773065313812624, 0.5983512158991209, 0.44464191239765394, 0.4973866873539422]",stable,0.07172024679522568,587,"[0.5281277051846778, 0.6352116152252727, 0.4704643962888287, 0.5214374925918527]"
"[0.47921291937478955, 0.5994353452910666, 0.4454013972179826, 0.49809406397858663]",stable,0.20617460106987082,588,"[0.6497224868685135, 0.6606345473308125, 0.4498971541260687, 0.5964246256516764]"
"[0.7477742119352321, 0.6315571214224865, 0.4760734894018906, 0.6460052711826099]",stable,0.03674308943153812,589,"[0.7544825262693244, 0.660335422105674, 0.45558752841545047, 0.6384429995649591]"
"[0.7478310620567075, 0.6318010053265813, 0.4758998795630225, 0.6459411841350027]",stable,0.10496815596403627,590,"[0.7705778924202366, 0.6597691805336537, 0.3783183633074782, 0.6599598979047648]"
"[0.7480222118916952, 0.6320360320089938, 0.47507986682137926, 0.6460589884523956]",stable,0.12643302473983492,591,"[0.8077987027841086, 0.6799875076740992, 0.37527865452958664, 0.658406250824285]"
"[0.7485203493157986, 0.6324356276395363, 0.47424819005228097, 0.6461618823054948]",stable,0.1551308126285396,592,"[0.8172689673940757, 0.6720929051727803, 0.34194623442196886, 0.6623695784454287]"
"[0.9106450777405342, 0.7060784379782373, 0.38732172005305127, 0.7382355923305908]",stable,0.1260257402981507,593,"[0.8319165893186358, 0.6514029321546931, 0.3326771818506475, 0.6773350518068355]"
"[0.9098732298148293, 0.7055424036074183, 0.38678598928636104, 0.7376385282078088]",stable,0.07376100201288059,594,"[0.8418354338768601, 0.69214456905043, 0.3974560810505218, 0.7148747211278103]"
"[0.909212668689218, 0.7054123275437582, 0.3868895824102849, 0.7374175203720807]",stable,0.05229682108197556,595,"[0.8755655976199506, 0.7413169994476165, 0.3961351937072601, 0.752523986238105]"
"[0.9088891391597058, 0.705757564773603, 0.38697848251890965, 0.7375627748515617]",stable,0.10966711765444813,596,"[0.8737089358723996, 0.7907986862841254, 0.43899102318375427, 0.7667506705811072]"
"[0.9085540896045886, 0.7065674802165602, 0.387473840049051, 0.7378407548108907]",stable,0.11211517323278439,597,"[0.9158462466757881, 0.7879841243679169, 0.4483928330281994, 0.784497403466833]"
"[0.9086228835392226, 0.7073355617651581, 0.3880485475299864, 0.7382809118736826]",stable,0.13835435749920286,598,"[0.790724535575551, 0.7339817270985978, 0.41388543696316415, 0.676117057393004]"
"[0.7488691442435651, 0.6332748516020079, 0.47374932432427175, 0.6464094457359699]",stable,0.10820674145371062,599,"[0.7212437725701853, 0.7166383861823105, 0.41053874540114704, 0.647103384076117]"
"[0.7486427067708326, 0.6339581592625022, 0.4732312048249019, 0.6464151337551515]",stable,0.18297326824635893,600,"[0.6101449231825022, 0.734061892520289, 0.42354966696442276, 0.6038878693528213]"
"[0.747516708530277, 0.6347720107524029, 0.4728272898829468, 0.6460693836380593]",stable,0.3253321882386143,601,"[0.46151238505600334, 0.7036273690457442, 0.41066246684752833, 0.5218235222606319]"
"[0.47870718982282423, 0.6024122602554859, 0.44440885635025534, 0.4987720485009308]",stable,0.12519411845019843,602,"[0.3869167857685179, 0.6794120573441051, 0.4084878168853655, 0.4934055608094527]"
"[0.47615745637687124, 0.6045511435079476, 0.44341104969845285, 0.4986229793983898]",stable,0.1271782903680088,603,"[0.38288812716118364, 0.642267480554402, 0.37877360083676526, 0.4553260061434818]"
"[0.47363666369536617, 0.6055705039686625, 0.4416640916211099, 0.4974527909320409]",stable,0.15931678286505677,604,"[0.3365210970906603, 0.6368187197046423, 0.40887319063264993, 0.43015149434107774]"
"[0.2128433459352294, 0.6083131106897833, 0.35851429112570427, 0.3534788923352998]",stable,0.12967565975673948,605,"[0.30502681600115417, 0.6523612655138588, 0.4073688332702902, 0.416653082859497]"
"[0.21360519279527837, 0.6086771450271724, 0.35891804767235375, 0.35400099308343363]",stable,0.09056038455001748,606,"[0.21631168403178952, 0.6700777842119875, 0.40243957966980787, 0.40429707558818206]"
"[0.213627377149676, 0.6091804289549168, 0.3592747815411853, 0.354413256054784]",stable,0.1142428932683966,607,"[0.1995112013091906, 0.7157950605311637, 0.34358884104975684, 0.3896189920467391]"
"[0.21351261149243628, 0.6100472145774879, 0.35914725356971033, 0.3546994815506536]",stable,0.10437031196046935,608,"[0.15852955847842523, 0.6939786749845775, 0.3306298565805485, 0.3582057506332864]"
"[0.21306919977458136, 0.610724081193674, 0.3589172745617332, 0.35472775791422323]",stable,0.09047419206388513,609,"[0.17278652133697278, 0.6823362447121082, 0.3238783279091389, 0.3691102299267355]"
"[0.2127469383470805, 0.6112969785018215, 0.3586369629885125, 0.35484281769032333]",stable,0.06978604087168726,610,"[0.17038121661087297, 0.653627415904436, 0.3272226843119841, 0.33762322748463636]"
"[0.2124107024602852, 0.6116329343542233, 0.35838764331647655, 0.35470615427599245]",stable,0.10889065426887273,611,"[0.3104183574763113, 0.6106500395713206, 0.3372446824051961, 0.3971759466832152]"
"[0.21318241627930903, 0.611625195025224, 0.35822116330930115, 0.35504056209022256]",stable,0.32279354150778594,612,"[0.4952429563420317, 0.6469431133364992, 0.3785974947875225, 0.5066155334420644]"
"[0.47420525034396266, 0.6066592568467635, 0.44000444433601554, 0.4976939157349363]",stable,0.11579175744982545,613,"[0.5606771419412468, 0.6511381577742983, 0.3970972836732133, 0.5436389480348679]"
"[0.47642247833363666, 0.6077997414859311, 0.43890426072927696, 0.49887199348621664]",stable,0.2341191267591909,614,"[0.6452410736155331, 0.7096153785057254, 0.40021613567865744, 0.619075372972213]"
"[0.7466919050229001, 0.6353755862988006, 0.4722417160587186, 0.6458516900036574]",stable,0.16180580971570263,615,"[0.7636982558027332, 0.7515253803815231, 0.3613834372956014, 0.6564144290010769]"
"[0.7468279558291387, 0.6363047846514625, 0.4713548498286137, 0.6459361919156368]",stable,0.1794763593267051,616,"[0.8113271017994664, 0.7101205995196092, 0.326345839539386, 0.6856254365110821]"
"[0.907713577167823, 0.7073615901553866, 0.3874718867076443, 0.7377888046273032]",stable,0.10362595985349217,617,"[0.8279049792902331, 0.6928337074961886, 0.3617256089716763, 0.6786703044048373]"
"[0.9069746086689564, 0.707227072723357, 0.3872334952471261, 0.7372414111067248]",stable,0.11733411705350853,618,"[0.8064967811244893, 0.7187402938752374, 0.39791475357873995, 0.6787191276940623]"
"[0.9060527937373558, 0.7073326986054844, 0.387331488442829, 0.7367045094240399]",stable,0.09907961895623422,619,"[0.8278237342920806, 0.7308613546312117, 0.36712535682433733, 0.684406328370973]"
"[0.9053416204696716, 0.7075465954784456, 0.38714779633720636, 0.7362290714144665]",stable,0.11188784000256231,620,"[0.8486769346642523, 0.7261462973132843, 0.3029334604645641, 0.6929855881112335]"
"[0.9048311278047579, 0.7077141603598405, 0.386389108626642, 0.7358394904838066]",stable,0.19418505661746047,621,"[0.7517837700314648, 0.7333697398081002, 0.31238422610211297, 0.6455654017437665]"
"[0.7468672876878873, 0.6370751414384199, 0.4700931782117367, 0.645933249136495]",stable,0.26287843736701055,622,"[0.6150190253478482, 0.7153265333204333, 0.2692649813600713, 0.573366978953511]"
"[0.47988739200899194, 0.6104879112817936, 0.4346632787450468, 0.5007343681228991]",stable,0.19905004818029534,623,"[0.4402603226832709, 0.6315856363889766, 0.24864571966766078, 0.44593499981061524]"
"[0.47892087812299877, 0.6110024899429444, 0.430126265109013, 0.4993977981640628]",stable,0.2710612075562653,624,"[0.32606548607061064, 0.6298498671964646, 0.2318520443946047, 0.3972140561444585]"
"[0.21406431526205358, 0.6117675752765619, 0.3572339045677801, 0.35537004251252124]",stable,0.16016779524641478,625,"[0.34415802427368414, 0.665092301804121, 0.32479263639578926, 0.4248926084163243]"
"[0.21507279362648482, 0.6121809452496437, 0.35698242186877244, 0.35590897713193054]",stable,0.14395293037515017,626,"[0.2964966537898133, 0.6773962908729727, 0.31160239381300303, 0.44411449231427547]"
"[0.21569913101235658, 0.6126826017544387, 0.3566333447298819, 0.3565874810948717]",stable,0.1219121691957776,627,"[0.2497020633163446, 0.6948274849721728, 0.278327975958087, 0.3853427410555874]"
"[0.21595869538108933, 0.6133096619316732, 0.35603559382322697, 0.3568069868960985]",stable,0.08324955508562892,628,"[0.2420703233970068, 0.6788478777836879, 0.32995629937283133, 0.39249009169679955]"
"[0.21615651074484626, 0.6138061635669158, 0.35583802341072396, 0.357077313447619]",stable,0.06336735007043229,629,"[0.22832983740062307, 0.6453633532625059, 0.31822488574227026, 0.3952430942771914]"
"[0.2162480395166942, 0.6140434356698902, 0.3555552178643446, 0.3573642742057361]",stable,0.07608111374541612,630,"[0.21301378594586928, 0.6327329992810012, 0.2871833755258585, 0.3299076382164167]"
"[0.2162239032960164, 0.614182910025197, 0.3550449802349529, 0.3571593739371591]",stable,0.07968996047254673,631,"[0.1923087153643453, 0.6333758143299058, 0.2850172516942855, 0.3346581907217413]"
"[0.21604675375578178, 0.6143250796867133, 0.35452625631983686, 0.35699269850593374]",stable,0.0781530446277649,632,"[0.18468412003293683, 0.6178423975239529, 0.30628494689382835, 0.3042225541944765]"
"[0.2158161461548785, 0.6143509423178696, 0.3541715408093515, 0.35660468273893775]",stable,0.0721410192675748,633,"[0.2100263721560531, 0.6153482022286435, 0.287723778975284, 0.3291364174511455]"
"[0.2157738850307995, 0.6143582215872914, 0.3536865206499787, 0.3564041844521656]",stable,0.042890578759882815,634,"[0.1791236830134137, 0.6002335905668411, 0.3501995766957788, 0.3395311154118599]"
"[0.21550830385676048, 0.6142558691885924, 0.35366125294016565, 0.35628191583593144]",stable,0.037615343008845205,635,"[0.2070333076972371, 0.6011569381188613, 0.3263506031712511, 0.3356509952602697]"
"[0.21544733266136823, 0.6141616322744217, 0.35346477344542526, 0.3561334919468979]",stable,0.06731387195269035,636,"[0.19227492142219246, 0.659561961807848, 0.3095979123814815, 0.35908396534597575]"
"[0.21528181543823124, 0.6144859203425176, 0.35315143872354, 0.3561545667568913]",stable,0.04490856222846228,637,"[0.1773832657677772, 0.6350505687191128, 0.3430427438293054, 0.3487122271391319]"
"[0.21501303139801525, 0.6146317689125643, 0.3530797458519497, 0.3561017842064107]",stable,0.053565677491079426,638,"[0.1931752744007844, 0.6613730391725927, 0.33912602236649525, 0.3596992040844194]"
"[0.21485924437690798, 0.6149609327876349, 0.35298148019360137, 0.35612711814921355]",stable,0.08642644609019169,639,"[0.1471716714300223, 0.6650659385343648, 0.33370233441901, 0.35373421412626294]"
"[0.21438590470595073, 0.6153113174432064, 0.35284666099238043, 0.35611038455464744]",stable,0.11888820435856992,640,"[0.13234612484021918, 0.6827836135255255, 0.40554492123230645, 0.36472794129958935]"
"[0.2138161840124387, 0.6157798750548893, 0.3532126211329355, 0.35617022869870957]",stable,0.09082413056648334,641,"[0.15185737606887117, 0.6756999549412058, 0.3315721846385993, 0.33742444660988297]"
"[0.21338888188868996, 0.6161931169851397, 0.3530633767433194, 0.3560409474429245]",stable,0.10863405266370711,642,"[0.11716936994029672, 0.6139207635106402, 0.3550708986943436, 0.3057024017363073]"
"[0.21272984413561877, 0.6161775529202459, 0.3530771268936689, 0.35569616288329015]",stable,0.0738041012974396,643,"[0.15429382701213318, 0.6384972203229652, 0.33823166284203493, 0.31945086090924035]"
"[0.21233232020960865, 0.6163293873923732, 0.3529761373422972, 0.35544959620319455]",stable,0.1021527643103809,644,"[0.16175957866832985, 0.6126277285317752, 0.28873489531142466, 0.29431903418008004]"
"[0.21199061249649193, 0.6163043761838556, 0.35254207489614264, 0.35503655186520056]",stable,0.08275003764820753,645,"[0.19112205534862547, 0.5964328882829977, 0.286411435480948, 0.3144910890797105]"
"[0.21185055506596934, 0.6161710104932459, 0.3520982451014098, 0.3547644346652979]",stable,0.020256476785508834,646,"[0.20413968003532276, 0.6245402260871746, 0.33650974344314144, 0.3486144668266736]"
"[0.2117991492324317, 0.6162268052638721, 0.3519943217570214, 0.3547234348797071]",stable,0.058236717787765575,647,"[0.24732109279029266, 0.5858422282166895, 0.32563414013468417, 0.33210430299837235]"
"[0.2120343938917553, 0.6160255828993212, 0.3518197510178006, 0.354573639304334]",stable,0.04341176589096156,648,"[0.23686004122983884, 0.6321792909544977, 0.32363409739345694, 0.36916457134630476]"
"[0.21219772051897953, 0.6161318572944211, 0.3516343190860615, 0.3546696322782943]",stable,0.09438708895255858,649,"[0.2767278966323663, 0.6657119964263909, 0.36434829991334666, 0.4007667409391576]"
"[0.21261948637592976, 0.6164559104913621, 0.35171741699996534, 0.35497092057019536]",stable,0.026130066033314733,650,"[0.1917244469952945, 0.6224195275521299, 0.3661357156324097, 0.35331997651140307]"
"[0.21248380430202954, 0.616494635277471, 0.35181104231576044, 0.35496020015422913]",stable,0.037790518770311005,651,"[0.22804695397355979, 0.617911158576488, 0.3816256518652863, 0.3721355953573515]"
"[0.21258421171926523, 0.6165037741374646, 0.3520033946354348, 0.3550710091555396]",stable,0.04447020552888833,652,"[0.17861549189054932, 0.6203594752493166, 0.3803778833819295, 0.35700678039483413]"
"[0.21236646351523497, 0.6165284901702329, 0.3521852823838098, 0.35508341794553505]",stable,0.0797899170280381,653,"[0.17440277264266735, 0.675190609328971, 0.3843781932145613, 0.3762390626467165]"
"[0.21212465656700205, 0.6169021342413077, 0.3523903327712668, 0.35521816727484196]",stable,0.09268886557579493,654,"[0.15324122758037112, 0.6785113269233662, 0.38876587128590495, 0.3529609195393829]"
"[0.21175197663670692, 0.6172920658405613, 0.35262055769857464, 0.35520388089676946]",stable,0.0934528721331208,655,"[0.12776909975343237, 0.6348647052981081, 0.385180263560695, 0.33755781626452225]"
"[0.21122378244247247, 0.6174025855855773, 0.3528253357228647, 0.3550928993582019]",stable,0.10371639448726157,656,"[0.12346075940474466, 0.6250388857750616, 0.4036561526863615, 0.3347789327599207]"
"[0.21067526354848667, 0.6174503124617614, 0.3531430283288865, 0.35496593706696256]",stable,0.07716209287843252,657,"[0.13916348179329066, 0.632828116615908, 0.37702170120110007, 0.3491878951118029]"
"[0.21023109099100099, 0.6175458267732779, 0.35329134306722326, 0.3549300486076138]",stable,0.09371056679218784,658,"[0.14781298404069035, 0.6862112640879108, 0.34153049869898383, 0.34923878236986405]"
"[0.20984579403451759, 0.6179696874974423, 0.35321874526248104, 0.3548949173345413]",stable,0.06311988604969573,659,"[0.16801026278123574, 0.6503107766073029, 0.32573530648932136, 0.33409532868302483]"
"[0.2095891343335772, 0.6181680990870733, 0.35305013520865797, 0.3547673124961884]",stable,0.0737538063363293,660,"[0.14504433440513975, 0.6282966242901227, 0.33447685365787916, 0.3260264193134524]"
"[0.20919556848035503, 0.6182298583870919, 0.35293688349188496, 0.3545920631475132]",stable,0.1074723506499098,661,"[0.11823431218670603, 0.647425754405086, 0.3186269641334325, 0.319282218953277]"
"[0.20864428813918143, 0.6184068032114435, 0.3527289445866822, 0.3543780640917905]",stable,0.1434043738832837,662,"[0.2599208375012942, 0.6772740471904466, 0.4514008761191536, 0.42318233320599036]"
"[0.20895318301485677, 0.6187614251631243, 0.3533233538127814, 0.35479254764067125]",stable,0.24508208126935999,663,"[0.2237779679400351, 0.5044805158230129, 0.569012712860637, 0.3710229655393528]"
"[0.27253848242222817, 0.46282987438857964, 0.5898083370702153, 0.3806427612126769]",stable,0.10577233825254957,664,"[0.20044288710479832, 0.4547448333369773, 0.6575793907141604, 0.3441498978772167]"
"[0.27106714374228064, 0.46266487355079183, 0.5911914197976428, 0.3798980088997083]",stable,0.15752808583142955,665,"[0.24289509853877855, 0.37715105527033677, 0.7201603679168397, 0.37118990928548296]"
"[0.32398850542535984, 0.30756793766465695, 0.8247410547770849, 0.3884161276468016]",stable,0.11575438344577856,666,"[0.2404415160323004, 0.36893128352675647, 0.788535830318118, 0.3517732653575027]"
"[0.3224121471349248, 0.3087257366431871, 0.8240579373344629, 0.3877247528866261]",stable,0.12290080948011403,667,"[0.2295517593834721, 0.28157054435441653, 0.7783442426159014, 0.32727302830861915]"
"[0.3206925103247127, 0.30822286271191357, 0.8232113874322673, 0.3866052765055519]",stable,0.18451281277865092,668,"[0.20524321462529924, 0.3235919947299648, 0.6999627257488403, 0.3138729221076998]"
"[0.318593432221087, 0.30850230147587815, 0.8209705026743869, 0.38528287006195455]",stable,0.21540567585971654,669,"[0.207699840965151, 0.3265008002137137, 0.6600798892147317, 0.29644323276698004]"
"[0.26979979768673806, 0.4599415920840503, 0.5925691891859846, 0.3782289133770537]",stable,0.12215087223814008,670,"[0.21402179990650314, 0.36640408253022044, 0.5895853324058586, 0.3229886974347765]"
"[0.26870611145575307, 0.4581075232692693, 0.5925106821902958, 0.3771457718879895]",stable,0.12444468772232589,671,"[0.22357367982825974, 0.38999421571046844, 0.5447217464701299, 0.29636001278509494]"
"[0.2678381800783013, 0.4567976519700616, 0.5915916641956772, 0.3755921995975492]",stable,0.1669249318038098,672,"[0.17679852935069654, 0.40519291442335326, 0.4916519825986562, 0.29237726128642805]"
"[0.26612045081928987, 0.4558239776767275, 0.5897060098259221, 0.3740221064218677]",stable,0.14701115413904678,673,"[0.23507751324428572, 0.4543316528295638, 0.45255007649727713, 0.3311894274569957]"
"[0.2655455816049379, 0.4557963420314096, 0.587166085134651, 0.3732289086632589]",stable,0.1495497380295781,674,"[0.22535572861868103, 0.49331545906380725, 0.45428518920022737, 0.3321815797071303]"
"[0.26481485700518775, 0.45647850779563504, 0.5847500688449341, 0.37248259359132924]",stable,0.19705868209371535,675,"[0.27821090163730733, 0.5170166222734514, 0.39958669439263994, 0.34598105337879537]"
"[0.20936789989283552, 0.6181521748464196, 0.35360037980427755, 0.3547397842019774]",stable,0.10718947524128308,676,"[0.2940248781050724, 0.5613716996539738, 0.35508218916747836, 0.3878541545025836]"
"[0.20987181047743217, 0.6178141958274169, 0.35360920009810615, 0.3549368935490048]",stable,0.08650973452466151,677,"[0.27233208564195727, 0.5585331621955638, 0.3588462417856554, 0.3613385058303909]"
"[0.21024139790444119, 0.6174634204804829, 0.3536401885104585, 0.35497477291161655]",stable,0.10132666529427004,678,"[0.25602566697985946, 0.5304156183372569, 0.3427799843197069, 0.3331658318127072]"
"[0.2105107171342966, 0.6169513745855227, 0.35357630495639525, 0.3548464850227994]",stable,0.0402308412621038,679,"[0.23837292591910894, 0.5888845438641059, 0.35922855682628635, 0.3501006476527702]"
"[0.21067365402777502, 0.616787241072532, 0.3536093590608975, 0.354818731587887]",stable,0.04820383533265262,680,"[0.234337872363562, 0.5798278981617375, 0.34501787477010354, 0.3368240690287547]"
"[0.21081123669251794, 0.6165723611718879, 0.35355940857083473, 0.3547141114567293]",stable,0.06401341932734413,681,"[0.25170416373344023, 0.5714792943624165, 0.3418313916823382, 0.3387593216560489]"
"[0.21104761199333255, 0.6163117076065152, 0.35349161656569894, 0.35462188723822824]",stable,0.03939282591915326,682,"[0.2272030460669204, 0.5960148472081447, 0.37614943609912393, 0.37373882621261617]"
"[0.21114045931559455, 0.6161950589835361, 0.3536218339193393, 0.35473175470359825]",stable,0.04700348721639899,683,"[0.228759040370425, 0.6186492677382595, 0.3720237823077938, 0.3941558408314142]"
"[0.21124113692162216, 0.616209083033563, 0.35372698791013046, 0.35495703519575716]",stable,0.05191338605851124,684,"[0.22179594199977648, 0.6241737835727823, 0.39813543593260275, 0.3783674822521065]"
"[0.21130110740502078, 0.6162543370138995, 0.35397930863753085, 0.35509004909948644]",stable,0.07345480218571429,685,"[0.18356047807283923, 0.5750079812990035, 0.33493732862014036, 0.30447180549449265]"
"[0.21114438068562993, 0.6160213067556234, 0.353871726829523, 0.3548040703220571]",stable,0.2244042082107112,686,"[0.22916759383418928, 0.5157464030957287, 0.5537679693497677, 0.35914554158928685]"
"[0.26417829873427706, 0.45753686306885105, 0.5841968170682348, 0.3722444319484356]",stable,0.05085524205637897,687,"[0.2570272392015915, 0.4420500017341168, 0.6319789449874292, 0.3757291657525209]"
"[0.2640528415494931, 0.457265163747189, 0.5850351000141856, 0.372305567629209]",stable,0.16589028238520143,688,"[0.20985636037311434, 0.3890920856077047, 0.7232401615147722, 0.3434244386598089]"
"[0.26311841946024517, 0.4560897658482324, 0.5874179459021268, 0.37180761712973665]",stable,0.19414348627419706,689,"[0.23725133829147116, 0.35136108781988107, 0.7468007546403487, 0.3462809320402717]"
"[0.3171408948294867, 0.3092676369463068, 0.8196460428880646, 0.38458640688299595]",stable,0.20591996735965343,690,"[0.24979753720539868, 0.39372545388544145, 0.6516401218436119, 0.33449855612859]"
"[0.2628926417949088, 0.4550327436115749, 0.5885064573587622, 0.3711752601636155]",stable,0.16568769450845497,691,"[0.2948320573828382, 0.4376216731682265, 0.7432730616877022, 0.41782757686851996]"
"[0.3167495117163876, 0.3115194621431826, 0.8183061660249005, 0.3851695853037946]",stable,0.13790973475330914,692,"[0.28882844771613747, 0.4345004973619379, 0.794390266454655, 0.43559977317863025]"
"[0.3162681140612109, 0.31363982481936803, 0.8178938229288617, 0.3860390713016366]",stable,0.08294692084741068,693,"[0.271774840122161, 0.38257867250148175, 0.8101177246042747, 0.3766845094540697]"
"[0.31551399077410835, 0.31480827986482757, 0.8177620246521738, 0.3858805194059151]",stable,0.10475058168442197,694,"[0.24506892533481875, 0.3692083173048146, 0.871277264877256, 0.39955283115845797]"
"[0.31433990635012027, 0.31571494715549403, 0.8186539453225918, 0.38610839126845753]",stable,0.03977594664557157,695,"[0.2797307181616285, 0.32542880538593105, 0.8347390240104091, 0.3805190061170644]"
"[0.31377254260932524, 0.3158741907330422, 0.8189176351371463, 0.3860167620036806]",stable,0.19326799825548338,696,"[0.4602649571532998, 0.36232225482321506, 0.7392871368366575, 0.47200543982494314]"
"[0.3161353234890668, 0.31662335305707723, 0.817633272261332, 0.3874036761620881]",stable,0.3382045532907613,697,"[0.5590878279478848, 0.4340745148810385, 0.6486996117998262, 0.5015222258946788]"
"[0.5074554593020718, 0.5261059246378074, 0.7834256130315465, 0.5623512923142285]",stable,0.282677625829016,698,"[0.704934982957185, 0.5006621994244073, 0.5859319084932909, 0.5978101613923585]"
"[0.7465371120600865, 0.6360010237847663, 0.47100529419820564, 0.6455543271857537]",stable,0.15346748537073543,699,"[0.7745657726164628, 0.496951195359367, 0.4917176904153316, 0.5907564703732456]"
"[0.7467560859706833, 0.6349146970001929, 0.47116710979365195, 0.645126218929406]",stable,0.18519492926844913,700,"[0.8585565893118922, 0.5050787278984861, 0.40725701410559967, 0.6158699362543486]"
"[0.7476227565392198, 0.6339082166195595, 0.4706716826952949, 0.644899426040452]",stable,0.2105009155497231,701,"[0.9210012014140879, 0.5779643652224056, 0.37400830472616126, 0.6870542258916381]"
"[0.9049755034619841, 0.7065556800461134, 0.3862785657346734, 0.7354039077642337]",stable,0.12992957749717515,702,"[1.0, 0.6277992665664945, 0.42045793791214914, 0.7573410456739965]"
"[0.9058164282101081, 0.7058587206347893, 0.3865810380548281, 0.735598041728037]",stable,0.11556917912143934,703,"[0.9938868238625019, 0.637267226239003, 0.3587946237079176, 0.746686894091053]"
"[0.9065889755403922, 0.7052570408593877, 0.38633729757810076, 0.7356953123628003]",stable,0.14213048631861622,704,"[1.0, 0.6359563824739105, 0.3066321100570473, 0.717807957048333]"
"[0.9074012453183018, 0.7046544264386444, 0.38564420899096113, 0.7355397701426745]",stable,0.1229953355607928,705,"[0.9529643281302618, 0.699869209548918, 0.27355952815067264, 0.7139531058651294]"
"[0.9077940305149567, 0.7046131745689054, 0.3846779617423379, 0.7353536782092474]",stable,0.0888989223472208,706,"[0.970444755091561, 0.710960745601268, 0.32222085423815705, 0.7414136426253111]"
"[0.9083295067933892, 0.7046674273127718, 0.38414414031067823, 0.7354054727769062]",stable,0.08814941639690534,707,"[0.9378593068335787, 0.7559976656769808, 0.31901157025111604, 0.7400169223983525]"
"[0.9085797593361026, 0.7051024293328074, 0.3835921693779701, 0.7354445528584438]",stable,0.07704739573589596,708,"[0.9159311301580133, 0.6559685108270843, 0.3312903093874909, 0.7083773766013647]"
"[0.9086415355614968, 0.7046895392613307, 0.38315265794947867, 0.7352170975957792]",stable,0.2681626059022338,709,"[0.7783139168277244, 0.5339502371411987, 0.48011827493758924, 0.6072653299913161]"
"[0.7478588423875929, 0.6331393090851106, 0.4707443487894664, 0.6446099329939202]",stable,0.2498574129682051,710,"[0.63386692822751, 0.4627093589804937, 0.5710419547138756, 0.5429802489717106]"
"[0.7469886751039282, 0.6318383170995792, 0.47150997936904204, 0.6438341338792469]",stable,0.4487284602049733,711,"[0.4837470391019257, 0.38085591464010354, 0.6115336248354236, 0.4214329548381042]"
"[0.2665735484166924, 0.4537964631287171, 0.5888902434833732, 0.3720128884081903]",stable,0.25731402531142117,712,"[0.4439022849612404, 0.392032998896638, 0.7332275467804548, 0.47259640684167886]"
"[0.5069387668277561, 0.5250159008512939, 0.7830174986717815, 0.5616215777981916]",stable,0.2887161738775555,713,"[0.3975588442628368, 0.310159978105863, 0.7378784913906925, 0.40933085555591464]"
"[0.31742776032674563, 0.31652075980388333, 0.8163673233586235, 0.38775172662865676]",stable,0.11506350893314468,714,"[0.4026632290829668, 0.3235560664032524, 0.7682550056169767, 0.44783696022639524]"
"[0.31875956452606163, 0.3166306864694985, 0.8156155683939103, 0.38869055840362143]",stable,0.08698395352117602,715,"[0.37307325916530526, 0.26156519321444816, 0.776120709551827, 0.39360770416422597]"
"[0.31959515982820386, 0.3157835250348054, 0.8150079551809551, 0.3887662067999384]",stable,0.10481512159666458,716,"[0.32516066754719103, 0.2132987304270007, 0.812814587388963, 0.3676169550146242]"
"[0.31967948570273397, 0.31423072511650535, 0.8149747223356218, 0.38844576359107]",stable,0.11738175966840966,717,"[0.29142673026772975, 0.21831523221014157, 0.8476240521232925, 0.3363449114087177]"
"[0.31925780278579363, 0.31279915059551483, 0.8154620257652886, 0.38766813893163193]",stable,0.13783201960755373,718,"[0.2955944787001861, 0.19922616105817362, 0.8800792019815143, 0.3507424120232988]"
"[0.3189098127257111, 0.3111289595729069, 0.8164122783567036, 0.3871251135359211]",stable,0.17826834323925336,719,"[0.2760074115969214, 0.18284821723643238, 0.900983509079769, 0.3075591392866119]"
"[0.3182880387963084, 0.3092698183796247, 0.817637948367183, 0.3859719834743369]",stable,0.19119495097028985,720,"[0.2510719398255425, 0.16659868069161457, 0.8839556845679503, 0.30062323039792677]"
"[0.31732780881101175, 0.30723165926979595, 0.8185853445986224, 0.38475271557324536]",stable,0.21852401377148314,721,"[0.24914770550459087, 0.14146830420558085, 0.8818722214867988, 0.27694965699177054]"
"[0.31636752566585086, 0.30489696412804645, 0.8194767090618362, 0.3832343626354781]",stable,0.13524903836749447,722,"[0.2381801392548071, 0.23223020915085157, 0.895351618796524, 0.3494471493828373]"
"[0.3152815897434753, 0.3038877036422521, 0.8205305272525958, 0.382765095784747]",stable,0.15362908629660046,723,"[0.21804423107427293, 0.21857565897507503, 0.8713906321821804, 0.31732889023596506]"
"[0.3139495711315684, 0.3027190454961264, 0.8212272410187546, 0.3818687094073664]",stable,0.15084109038646207,724,"[0.21388673782170337, 0.2689380864271248, 0.9216100577712052, 0.3428481911611752]"
"[0.3125973706814351, 0.30226254604924796, 0.8225837655694633, 0.38134140510674214]",stable,0.14816872480667023,725,"[0.2721464691626348, 0.20083152337892418, 0.9091760832000233, 0.3310302359236316]"
"[0.3120580253278511, 0.30091013241364367, 0.8237383298045374, 0.380670589517634]",stable,0.13353481834351957,726,"[0.4291185632320477, 0.3256010607582798, 0.7857304786293011, 0.4262133110232494]"
"[0.31359829556343266, 0.3012350130497573, 0.8232382264996002, 0.3812698358532342]",stable,0.3669402136394011,727,"[0.5846126313766609, 0.4294136837883131, 0.6881133099779605, 0.5440821064969449]"
"[0.507565168961215, 0.5242449152298182, 0.7822521423113474, 0.5614801304489879]",stable,0.21680700405970468,728,"[0.6677483062370779, 0.48896430683952036, 0.642027723350235, 0.5824331860838036]"
"[0.5088466340594219, 0.5239626703626958, 0.7811303469596586, 0.5616477548940665]",stable,0.3182206110060153,729,"[0.7011530808396813, 0.565170387466486, 0.5355793196194683, 0.6094933902129134]"
"[0.7466414357534413, 0.6313332570266011, 0.47199535315881797, 0.6435739767302596]",stable,0.03549676282405148,730,"[0.757875431596473, 0.6340421553695827, 0.5003525971030647, 0.6615279761186852]"
"[0.7467259018875995, 0.6313536246833152, 0.472208565519301, 0.6437089692068644]",stable,0.03878421810509647,731,"[0.7386261561657143, 0.6330440406087454, 0.5093418486022455, 0.6512502870456413]"
"[0.7466654560240032, 0.6313662397275349, 0.4724856795721588, 0.6437652476981985]",stable,0.08972798281060376,732,"[0.8030896692027628, 0.6251904274339553, 0.534919567496617, 0.6742822601268189]"
"[0.7470834131586607, 0.6313204929698047, 0.4729481528160437, 0.6439912996421142]",stable,0.12347364423785431,733,"[0.7890040862202274, 0.7256364977031846, 0.43306098233671936, 0.6987809234200507]"
"[0.7473916534017605, 0.6320139930046089, 0.4726548647978133, 0.6443941645228343]",stable,0.11509021504131343,734,"[0.8177051368413416, 0.6915997267869927, 0.4376105924776731, 0.7037508065438774]"
"[0.9078837322388289, 0.7045804574907113, 0.38360647407054693, 0.7349548785036801]",stable,0.04544290498797824,735,"[0.8638000065306247, 0.71387179457302, 0.3776864077410304, 0.7344011535653977]"
"[0.9075194039271908, 0.7046572454004825, 0.38355754790253443, 0.7349503022645207]",stable,0.23122123535499417,736,"[0.7136954683596328, 0.6625006130271593, 0.3717480392978306, 0.6167179228853986]"
"[0.7471456958467084, 0.6322365230777662, 0.4719183186262806, 0.6441921481605173]",stable,0.27063627732988155,737,"[0.5433792909271216, 0.6276031056719662, 0.356921213996589, 0.5082603851209138]"
"[0.4804556022373826, 0.6113977426983973, 0.4283832877015743, 0.4996088121392259]",stable,0.14350828424941525,738,"[0.4236376496098198, 0.5939610357071518, 0.3128925727305856, 0.4385825562143021]"
"[0.4791342545018579, 0.6109922378846474, 0.42569745712085366, 0.49818959688515796]",stable,0.21179122814877688,739,"[0.371310315840804, 0.6593965152003518, 0.26822038459011965, 0.4201670351669033]"
"[0.2120441893100972, 0.616264987701942, 0.3533905395135713, 0.35517127798972475]",stable,0.13849376836558092,740,"[0.3387218088751332, 0.6223352122877042, 0.3168546346162424, 0.39714251342837886]"
"[0.21275188550878454, 0.6162988995711363, 0.35318642831302755, 0.3554057541653597]",stable,0.10890562286578838,741,"[0.30715580665650943, 0.6236459004598988, 0.31519415792899746, 0.3934970042462739]"
"[0.21327635173738305, 0.6163397162427405, 0.3529753601442274, 0.35561737222136475]",stable,0.05566898493016409,742,"[0.20905468047414566, 0.5820346903406667, 0.3142089814218363, 0.33557874817902655]"
"[0.2132530275867574, 0.6161501857128948, 0.35276118125625844, 0.3555066615912966]",stable,0.08569970999825159,743,"[0.22430012783697015, 0.5760780057054014, 0.2857525291505731, 0.3219438428438725]"
"[0.21331372593978057, 0.6159300088996669, 0.35239300184908434, 0.35532225049927785]",stable,0.1742869525089572,744,"[0.13868889995253275, 0.48958887192585354, 0.32571592070294947, 0.26513728716880264]"
"[0.212905940005424, 0.6152396201730339, 0.35224722544937864, 0.3548294364920075]",stable,0.10873967397420636,745,"[0.14486841319266522, 0.5442924107185263, 0.35804982734232654, 0.30869880758766666]"
"[0.2125361708379634, 0.614854037512955, 0.35227876132923164, 0.35457872655230993]",stable,0.10963083447389671,746,"[0.16305211041138495, 0.5504478251831098, 0.3435522772381161, 0.28146281911848214]"
"[0.21226868943025215, 0.6145058958246855, 0.35223159114495534, 0.35418350543104604]",stable,0.14215337949999396,747,"[0.24555603501998996, 0.5498022940512779, 0.47262958474654543, 0.37461150046527353]"
"[0.21244765365385287, 0.6141580269979467, 0.3528788921858241, 0.3542933333613376]",stable,0.24696104976398478,748,"[0.2554274719603085, 0.5561787805831729, 0.5830035908842494, 0.4074301883022104]"
"[0.26639082585183366, 0.45547486177551144, 0.5887937409817481, 0.37259349988186274]",stable,0.2004742589891032,749,"[0.3598751852072169, 0.578067730495737, 0.670401994330814, 0.4713947377152209]"
"[0.2678986380995011, 0.4574521661097086, 0.5901100031325396, 0.3741870682340137]",stable,0.18334086687082995,750,"[0.3687930286184096, 0.48056535743641454, 0.7162129261453148, 0.45784128881549147]"
"[0.269500136361706, 0.45781904216251346, 0.5921116368311551, 0.3755149130051483]",stable,0.2675047141291791,751,"[0.3778162065656646, 0.4574565409440695, 0.8092795178655284, 0.48805104523303244]"
"[0.5078067100316936, 0.5234348439387384, 0.7813537530779592, 0.5610636540237408]",stable,0.20591155454429877,752,"[0.3712978904286547, 0.4134818255851447, 0.8302533080558406, 0.46470973483342387]"
"[0.3143476409512927, 0.3026927638619052, 0.823329331454876, 0.382353470904925]",stable,0.07973132413195574,753,"[0.3106006545752613, 0.3787037307100958, 0.8100665811090293, 0.40208863021514696]"
"[0.3142996026644205, 0.303667263436882, 0.8231592961940317, 0.38260648576787654]",stable,0.060823059216266975,754,"[0.27371442350670344, 0.3418465696456569, 0.8456018801819182, 0.3730692552199243]"
"[0.3137858662193861, 0.3041505457939551, 0.8234433795356506, 0.38248576133056067]",stable,0.05886344968331721,755,"[0.26119920708850897, 0.3071274074655223, 0.8268650251967686, 0.3564285238401539]"
"[0.3131285329802501, 0.3041877565648497, 0.8234861501064146, 0.3821600458619306]",stable,0.0783889707422936,756,"[0.24940700684019462, 0.32961151539687805, 0.8531817918545398, 0.35857617025938704]"
"[0.31234184747234817, 0.30450163013067716, 0.8238527629675024, 0.3818688869038745]",stable,0.07690306741933686,757,"[0.24600957459780487, 0.3002936079607581, 0.8620015000370231, 0.3754596932558213]"
"[0.31153291731534155, 0.3044503127871415, 0.8243179914683503, 0.38179072600572744]",stable,0.09650914352989212,758,"[0.24854623762490888, 0.31923983630692004, 0.8908420198181691, 0.3552856960563278]"
"[0.3107740416564207, 0.3046284998175003, 0.825119485785818, 0.3814713882954937]",stable,0.13811331941079572,759,"[0.21064678956726093, 0.2673514690173829, 0.8948448477424227, 0.3285694104261372]"
"[0.30958205056012117, 0.30418472564130844, 0.8259495496186346, 0.380841602844668]",stable,0.09393616199707563,760,"[0.23211669649066502, 0.26975884509972103, 0.8643591546069602, 0.36808690005660666]"
"[0.3086706934534217, 0.30377971528199565, 0.8264014273243796, 0.38069154751774964]",stable,0.12113361777058841,761,"[0.2513081531792336, 0.23708884095294175, 0.8869639377128008, 0.3235303548765715]"
"[0.3080036871711637, 0.3030042399990997, 0.8271056425614544, 0.38002688248703825]",stable,0.10211141238496224,762,"[0.22798974147448905, 0.29268880327366076, 0.8884750124475628, 0.36770206044990955]"
"[0.3070839866459146, 0.3028856717608762, 0.8278110376176164, 0.37988521786592183]",stable,0.10657258047361493,763,"[0.23216331904844353, 0.25253019559960693, 0.8819964488312196, 0.3633662679071942]"
"[0.30623261542321606, 0.30231345044086183, 0.828426780926862, 0.3796975025254818]",stable,0.11562810872451458,764,"[0.2661759011552911, 0.25383394786742286, 0.9240630067429839, 0.3633033172408867]"
"[0.3057825399820034, 0.30176873692880074, 0.8295013452618746, 0.37951329819644136]",stable,0.14038241334132823,765,"[0.2959412738137228, 0.2250135592724496, 0.9462940455579719, 0.3706544429527577]"
"[0.30567319258013365, 0.300915901621508, 0.8307990419318312, 0.3794148664715115]",stable,0.06004610953369571,766,"[0.32500218137304937, 0.331427800639994, 0.87319911857402, 0.40184660696123164]"
"[0.3058855990503855, 0.3012511972151177, 0.8312649768399871, 0.37966136911425563]",stable,0.1123873172491725,767,"[0.346658331279933, 0.3761924621055318, 0.8609201409282045, 0.4465408984526822]"
"[0.30632878092244575, 0.3020657761813179, 0.8315873155800765, 0.3803883205201081]",stable,0.06724024825098635,768,"[0.34008263615419876, 0.3351318385552347, 0.8099986254857822, 0.4230789778229056]"
"[0.3066917256023571, 0.302421325239102, 0.8313551791274495, 0.38084735984594464]",stable,0.01537995001035263,769,"[0.30448072395217723, 0.3113662342599295, 0.8436469995901846, 0.381591729609471]"
"[0.30666820430820624, 0.3025164838457065, 0.8314859431749255, 0.38085527867321617]",stable,0.06370450031383854,770,"[0.32154950593733583, 0.3370199865335604, 0.8665793161557368, 0.41846875627310903]"
"[0.30682484958851286, 0.3028796786108418, 0.8318553471010394, 0.3812512100163729]",stable,0.035809616219241856,771,"[0.29995458276844356, 0.2824790928879204, 0.8599252506556516, 0.3756812311845509]"
"[0.3067532843091371, 0.3026671725095614, 0.8321477419297332, 0.3811931894035414]",stable,0.031367396675430814,772,"[0.27976398008589937, 0.29446357537671985, 0.8395782852826177, 0.36966153508586924]"
"[0.306475044059413, 0.30258259934324344, 0.8322243454694536, 0.3810743063693386]",stable,0.05737050708015453,773,"[0.25504180093305523, 0.31083500274908543, 0.8091417683410881, 0.374359467929038]"
"[0.3059502150479195, 0.30266680754126224, 0.8319888089681438, 0.3810057876097437]",stable,0.06488892742188271,774,"[0.26714015279225584, 0.2891818247685433, 0.7982668008097388, 0.34378572077667885]"
"[0.3055581942170542, 0.30253059559406303, 0.8316481826231095, 0.38062982733870265]",stable,0.06727177072732453,775,"[0.27599304193350255, 0.2653339006266477, 0.8165494874616981, 0.335465370127706]"
"[0.3052625426942187, 0.30215862864438886, 0.8314971956714953, 0.3801781827665927]",stable,0.11184876998314099,776,"[0.2745634225917814, 0.20945968786239977, 0.8090307978071101, 0.33048030839983394]"
"[0.30495859101003614, 0.3012408173495177, 0.8312747560886796, 0.3796861246045456]",stable,0.08893241792279327,777,"[0.24781664463217415, 0.2722865661934271, 0.8856724793228162, 0.3505946831023407]"
"[0.3043983758494688, 0.300956952142105, 0.831808067100779, 0.3794009143937397]",stable,0.07539523552178348,778,"[0.26194604189563037, 0.26155057283462646, 0.8532627648756193, 0.33616812481774344]"
"[0.3039862172673927, 0.3005743659352363, 0.832016365137428, 0.37898117857261354]",stable,0.0863544726611232,779,"[0.253103975587489, 0.2648913723338176, 0.88322699502342, 0.3477996490313994]"
"[0.3034969649435475, 0.3002312602275303, 0.832508775040178, 0.37868135617317883]",stable,0.16137363701584842,780,"[0.18905662455718797, 0.2197704778559754, 0.8509795442070727, 0.3003886208619283]"
"[0.30240705693986786, 0.2994649670620869, 0.8326846871274818, 0.3779357110749764]",stable,0.1755057575908858,781,"[0.22349944715774728, 0.17009533048531286, 0.8604020283079059, 0.29384584131705177]"
"[0.301662645526829, 0.2982444987924947, 0.8329461714782405, 0.3771424104168828]",stable,0.20199038142189424,782,"[0.17569543647873115, 0.17824587630130784, 0.8538241009547587, 0.27665948105778077]"
"[0.30048538189086543, 0.29712301633930605, 0.8331412923144695, 0.3762033176191342]",stable,0.12958436985748584,783,"[0.2562805887266088, 0.19118838761885354, 0.874651511058786, 0.3326969807206335]"
"[0.3000760782504557, 0.29614214014745, 0.8335256461917318, 0.3758004811663703]",stable,0.1044999237171275,784,"[0.2907529236819987, 0.2036465497427051, 0.8655450821666291, 0.34040790678550276]"
"[0.2999905447223047, 0.29529355674924135, 0.8338194024850795, 0.37547577864911463]",stable,0.07877693105628157,785,"[0.27610736730113555, 0.3204650339773132, 0.8990681121824708, 0.4027594976019499]"
"[0.2997734249275668, 0.2955223883604057, 0.8344125725732376, 0.37572381245777675]",stable,0.09272468868938506,786,"[0.3237824254978148, 0.37179798162602323, 0.8432260997737798, 0.4218301178229281]"
"[0.29998972223000153, 0.29620955586730313, 0.8344919737191884, 0.3761391845781835]",stable,0.18620046965505105,787,"[0.37616662085174557, 0.43463442449812134, 0.8545044566474708, 0.47260550661712125]"
"[0.3006698731105528, 0.297445492194364, 0.8346706566024766, 0.37700049102495975]",stable,0.30808937149518917,788,"[0.467380510497736, 0.48706104939322054, 0.8277641444190352, 0.5534228954068492]"
"[0.5074883934999301, 0.5231484361076714, 0.7817191892302511, 0.5610034905700645]",stable,0.07117619760199845,789,"[0.4727316701832272, 0.47220768227826354, 0.766812993799727, 0.5287410321013801]"
"[0.5072168565990184, 0.5227504614683791, 0.7816027345784502, 0.5607514401132779]",stable,0.0825680342685211,790,"[0.5243387234119328, 0.5199078704609472, 0.8495182007374805, 0.6043832071251074]"
"[0.5073495842487309, 0.5227284258791741, 0.7821292110603031, 0.5610896708653076]",stable,0.15681820683080805,791,"[0.5446036223535797, 0.5940942636418741, 0.8899845055156218, 0.6415771810572438]"
"[0.5076361537726143, 0.5232773938619641, 0.782958867171498, 0.5617088055590918]",stable,0.197263872055308,792,"[0.6771367583935367, 0.5852324339625554, 0.7597462965830423, 0.6379015205927795]"
"[0.5089300515178121, 0.5237503330993734, 0.7827816719761663, 0.5622904293379749]",stable,0.3359381624417217,793,"[0.7365413207360466, 0.6720314518104704, 0.6457230170156183, 0.7046814193751819]"
"[0.7470688525488051, 0.6325248921265539, 0.47317777296243513, 0.6446304762127973]",stable,0.1835217777621017,794,"[0.8164541803142564, 0.7054609028762866, 0.5785042485273827, 0.7562216545595848]"
"[0.7475680275687004, 0.6330496116283506, 0.47393551739095996, 0.6454332904455081]",stable,0.20327148554941155,795,"[0.844551043741895, 0.7418764686918117, 0.5695909584724692, 0.7499337363039131]"
"[0.9070032698273114, 0.704962321001231, 0.38508241192359943, 0.7350731172976306]",stable,0.14817061175706545,796,"[0.863261402444164, 0.7462142382940165, 0.5204138102245744, 0.7400602186471343]"
"[0.906647644889237, 0.7052977024426358, 0.3861826671943391, 0.7351136628370574]",stable,0.08795161038547579,797,"[0.9116793448348125, 0.7327118251351434, 0.4689766680102236, 0.745301256809909]"
"[0.9066882231146045, 0.7055187840772528, 0.38685036074930584, 0.7351958208529675]",stable,0.06717086663392106,798,"[0.935984228797826, 0.69935354219665, 0.42941235568579406, 0.7776709400987175]"
"[0.9069225911600702, 0.705469462142208, 0.38719085670879777, 0.7355356218069334]",stable,0.06373211218544111,799,"[0.904268465659136, 0.7316699460219501, 0.4406754059184233, 0.7580672746924512]"
"[0.9069015266719676, 0.7056774024904598, 0.3876153372580805, 0.735714444448882]",stable,0.04787259054524188,800,"[0.9048686431534013, 0.7101410498984878, 0.4352353705365665, 0.7354682890406264]"
"[0.9068855197151285, 0.7057125493204442, 0.3879902981500371, 0.735712506217321]",stable,0.1769530686847539,801,"[0.8283746078591514, 0.6574824791318661, 0.5347602116405439, 0.6999231494182919]"
"[0.7481452174279178, 0.6332241321105185, 0.4743699794927427, 0.6458225037238853]",stable,0.09567303652619853,802,"[0.7939400748555169, 0.5983404794885399, 0.5464844219339163, 0.6710969754785425]"
"[0.7484700036508086, 0.6329767303188734, 0.474881429439134, 0.6460017552966133]",stable,0.17959518934032392,803,"[0.6705381700137869, 0.5801934828660397, 0.6270935540601499, 0.6309531923470285]"
"[0.7479211879209704, 0.632605017308642, 0.4759533458097045, 0.6458957795011937]",stable,0.24823833967822814,804,"[0.6440695536840833, 0.5768192664274989, 0.6935824567587686, 0.626852895825706]"
"[0.5099538356251323, 0.5241523704730712, 0.7821059203457315, 0.5627795389325789]",stable,0.27203630118693056,805,"[0.6792871588957834, 0.599864157537468, 0.6007552939352883, 0.6446919946010478]"
"[0.7474412296760391, 0.6323760602473052, 0.47682608670568766, 0.6458873614249688]",stable,0.08852106573515467,806,"[0.7364907105130742, 0.647965876299283, 0.5631975291125003, 0.6422822565747254]"
"[0.7473651844040741, 0.6324843228587773, 0.4774258883890683, 0.64586232597462]",stable,0.1259066053861332,807,"[0.8187002175763962, 0.6916056667346162, 0.5417591465650045, 0.7018059128541393]"
"[0.7478571501500901, 0.6328920562648176, 0.4778695660316609, 0.6462481438151684]",stable,0.15609152485141126,808,"[0.8714788182056218, 0.6676260071158295, 0.5105165305086186, 0.7287707206431276]"
"[0.9066089048595855, 0.7054149982094707, 0.3889475343403385, 0.7356582735175226]",stable,0.08659708550765069,809,"[0.8718743120481885, 0.7272834473738142, 0.46323474948806115, 0.7528554790285442]"
"[0.9063396444501948, 0.7055845210712097, 0.3895234042252046, 0.7357915851881506]",stable,0.04650753159558491,810,"[0.9188149437383916, 0.7089750178968312, 0.43282600657137377, 0.7467782390968364]"
"[0.9064356082908733, 0.7056106018160223, 0.389856501166329, 0.7358760979105251]",stable,0.018592980501817007,811,"[0.892366067600569, 0.7034939924917766, 0.3794349353718156, 0.7417631922756567]"
"[0.9063282072169014, 0.7055944444929364, 0.3897769472289663, 0.7359210375621673]",stable,0.05489979386352392,812,"[0.9193537791810716, 0.6702748334548968, 0.4292827167177263, 0.7419327839379047]"
"[0.9064268857923875, 0.7053268716820421, 0.3900762333614569, 0.7359665810953169]",stable,0.05762238471706761,813,"[0.9012278999044153, 0.6983734863352147, 0.44257209746809634, 0.7580831913720791]"
"[0.906387795672929, 0.7052745905892088, 0.3904709391066196, 0.7361328713981496]",stable,0.06194627908089864,814,"[0.9189537028916119, 0.7451296843302729, 0.43000032704974867, 0.7591206607540801]"
"[0.9064815710999342, 0.7055720166619034, 0.390765934539031, 0.7363044220649849]",stable,0.0725056578802181,815,"[0.9478185855558704, 0.6955277265412033, 0.44767537234619015, 0.7507525978999217]"
"[0.9067877712070151, 0.7054976145128612, 0.39118748593019514, 0.7364114455896882]",stable,0.07476026122537639,816,"[0.9641356511092852, 0.7010077511306771, 0.4098515597832747, 0.7803638153007452]"
"[0.9072094467945319, 0.7054646008115215, 0.39132472176735017, 0.7367346247787401]",stable,0.08340766596983008,817,"[0.9818784972214004, 0.703324648930925, 0.4031814071737104, 0.7718944209671119]"
"[0.9077544763596915, 0.7054489807248018, 0.3914112669163017, 0.7369912656268305]",stable,0.21828789672791496,818,"[0.8152116519806722, 0.5915019400642839, 0.5471961181233848, 0.6941825799082975]"
"[0.7483184823544092, 0.6326085623182387, 0.4783444054295494, 0.6465764618706008]",stable,0.16751403814142146,819,"[0.7425159218198959, 0.6002308818860702, 0.6407339641738194, 0.6712462872928158]"
"[0.7482790091534942, 0.6323883059887682, 0.47944909630536076, 0.6467442838122486]",stable,0.20294078777972724,820,"[0.7090630842835794, 0.621644330291037, 0.6774848046182345, 0.6644502093875596]"
"[0.748014036688157, 0.6323157115583781, 0.48078717541558286, 0.6468639184445142]",stable,0.28155207610739075,821,"[0.668547571018384, 0.598289570022374, 0.746433306345564, 0.6819496307565059]"
"[0.5111462697258334, 0.5247097930260735, 0.7818377052028731, 0.5636755546605784]",stable,0.307287730039504,822,"[0.7635375514396527, 0.5974288569286593, 0.6795492190985282, 0.6860413722049377]"
"[0.7481182213509188, 0.6320815715944202, 0.48212114886311946, 0.6471268543757922]",stable,0.12290198695488057,823,"[0.7762930694117876, 0.6375219262856813, 0.5902806560920164, 0.6979500761453736]"
"[0.7483060536713246, 0.6321178406256953, 0.48284221224464546, 0.6474656758542561]",stable,0.09768828470997094,824,"[0.7922317717275289, 0.6474476003652674, 0.548644094110496, 0.7026801945251894]"
"[0.7485969524663988, 0.6322193622133746, 0.4832779862967372, 0.6478313349183019]",stable,0.08243342239672741,825,"[0.8180135052774337, 0.6152809174726417, 0.5058372568426669, 0.6821938104704325]"
"[0.7490536403138398, 0.6321079250769225, 0.48342640255032887, 0.6480574038364081]",stable,0.10545614478335436,826,"[0.8411885146232696, 0.6416158913457854, 0.4505484813245672, 0.686277873245563]"
"[0.7496558290348164, 0.6321700686473072, 0.4832115141763042, 0.6483072108260104]",stable,0.13514450360213165,827,"[0.856184051499628, 0.6773133524301248, 0.42355316329799425, 0.6846216676185696]"
"[0.9073807776288214, 0.7052450993603476, 0.3916441792089227, 0.7366117757861909]",stable,0.10828050612410742,828,"[0.8451097564272483, 0.7392793851045553, 0.4730466909968218, 0.7445039487131273]"
"[0.9069327846705367, 0.7054899503369246, 0.39222980879013064, 0.7366685540086869]",stable,0.07209859993493492,829,"[0.8567187759827097, 0.7225590960296734, 0.4385287256148134, 0.7211181196013317]"
"[0.9065741131799094, 0.7056118728061586, 0.3925605153388784, 0.7365574794772057]",stable,0.07113518335627368,830,"[0.8696071432371543, 0.7172779635746216, 0.4513144081858041, 0.7262842207003585]"
"[0.9063119360881169, 0.705694611038559, 0.39297720961438853, 0.7364846194858806]",stable,0.059156345711970336,831,"[0.8767756378656956, 0.69308137204174, 0.4425065721187542, 0.7403354346243418]"
"[0.906103933987959, 0.705605785411821, 0.39332600794188405, 0.7365117379023487]",stable,0.04068149122414224,832,"[0.9035299843742062, 0.7436792578799376, 0.404261028160901, 0.7454108692439504]"
"[0.9060859343403105, 0.7058720334710386, 0.3934024766147443, 0.7365739695900522]",stable,0.08039003422919559,833,"[0.9613402323413515, 0.7437470136498903, 0.4185087177059063, 0.7732438849227529]"
"[0.9064696447430953, 0.7061350541667251, 0.3935768255112107, 0.7368286217798626]",stable,0.08279876264269859,834,"[0.9806380049531619, 0.7071876330034947, 0.3792271997739981, 0.7707058967279169]"
"[0.9069811506755786, 0.7061423133311167, 0.39347786257509204, 0.7370622581588147]",stable,0.09574212617038474,835,"[0.9628883919667091, 0.6518739357449173, 0.33899806486047107, 0.7257560682622641]"
"[0.9073640769857919, 0.7057706121147728, 0.3931047132756768, 0.7369848185019889]",stable,0.08994307240829184,836,"[0.9457666805531664, 0.6446206875240003, 0.3406654740421422, 0.7257683473706005]"
"[0.9076253191869305, 0.7053546262332029, 0.3927479837570813, 0.7369085159772857]",stable,0.11450130161233478,837,"[0.8976159048613108, 0.6170830627687071, 0.33024742089627557, 0.7006846230143131]"
"[0.9075576880090547, 0.7047581967503347, 0.3923256826566705, 0.7366637599437521]",stable,0.10313218780113778,838,"[0.9320221049759979, 0.667327273990178, 0.30558893441653096, 0.703296066149207]"
"[0.9077218787269536, 0.7045069825036223, 0.3917435568295555, 0.7364398156900975]",stable,0.156226325827708,839,"[0.9301324393566718, 0.627536546348504, 0.2767880143513712, 0.6674093378884473]"
"[0.907871282464485, 0.7039938462625883, 0.39097718654636754, 0.7359796125047531]",stable,0.11988115791757867,840,"[0.9124842060908851, 0.622148515054796, 0.3227121036394711, 0.6812856167238837]"
"[0.9079018316275738, 0.7034518242016096, 0.3905250999046, 0.7356174006121646]",stable,0.15340136158818637,841,"[0.9467554128543759, 0.5978254011150186, 0.3030226696741217, 0.6789714791998109]"
"[0.9081574472935395, 0.7027569135234083, 0.38994942602150473, 0.735244730076557]",stable,0.21300814618529587,842,"[0.8958831085049273, 0.5672428076596119, 0.2554448426713202, 0.6416164484607557]"
"[0.9080772228570126, 0.7018712004131874, 0.38907031109764734, 0.7346327805235126]",stable,0.15292301597640856,843,"[0.9496780042339616, 0.5840915273167759, 0.3118496226709747, 0.6919743969587149]"
"[0.9083473578010188, 0.7011063973411328, 0.3885688780559157, 0.734355778032832]",stable,0.18200539471965743,844,"[0.9164970491456595, 0.5704285800163438, 0.29030256513690633, 0.6548159386906647]"
"[0.9083999364548552, 0.7002633146487147, 0.387934901843535, 0.7338426177790116]",stable,0.3355803789871364,845,"[0.6968070866912367, 0.6011170504742048, 0.23230035948509464, 0.5500205184134076]"
"[0.7493126553832347, 0.6319684256721572, 0.48158222096402364, 0.6476689855506038]",stable,0.37048592996218305,846,"[0.5418712563819248, 0.546676929247189, 0.247506570292232, 0.4683317594080933]"
"[0.48056009545367756, 0.6095305263247052, 0.42164766423838496, 0.49751100966977013]",stable,0.17218532337668604,847,"[0.4410331055842812, 0.5790425300362394, 0.27853808082237635, 0.4158070815205706]"
"[0.4796817179010243, 0.6088530152960726, 0.41846745127358476, 0.4956953668220101]",stable,0.21900399780338178,848,"[0.3836094823497402, 0.5565598931068976, 0.27274903966011405, 0.3741863116096624]"
"[0.21336295755062235, 0.6138500155867647, 0.35245039030065983, 0.3543997129241629]",stable,0.10186885981835131,849,"[0.2993099840743194, 0.5728077064384468, 0.32997945570525034, 0.382700935346676]"
"[0.21382012258532285, 0.6136317054317204, 0.35233086405281194, 0.3545502513413039]",stable,0.0774894148756023,850,"[0.26728239469855963, 0.5843479831241905, 0.30819986050132425, 0.3730249099743475]"
"[0.21410299174994316, 0.613476765102051, 0.3520973666795236, 0.35464800085788084]",stable,0.07673207613334732,851,"[0.21898278955714018, 0.6245814520533057, 0.2763697223710952, 0.35709930587877564]"
"[0.21412867489629683, 0.613535210822847, 0.35169880013053195, 0.354660902463254]",stable,0.0554553137283212,852,"[0.23283392700831512, 0.6223923017819827, 0.305799472226031, 0.33141850581856475]"
"[0.2142266081534278, 0.6135815830268215, 0.3514584895132309, 0.35453921452270587]",stable,0.061782678014157225,853,"[0.24812886781638646, 0.5989517272159006, 0.3031616314581309, 0.34353390156470504]"
"[0.2144031824225057, 0.6135053858611397, 0.35120694337752717, 0.35448189518438294]",stable,0.047848740326729186,854,"[0.20156299549014467, 0.6455020119624068, 0.3187901432330696, 0.3615528595405931]"
"[0.21433665295653492, 0.6136711714886074, 0.3510389806824782, 0.3545185323053996]",stable,0.0279515797072382,855,"[0.2110533752673436, 0.6232855611653884, 0.33144962045282844, 0.33736244380359437]"
"[0.21431972884473494, 0.6137207301982815, 0.35093800459882024, 0.35443009885951404]",stable,0.17017154000220464,856,"[0.3541598738927583, 0.6697723950078611, 0.33945839337374323, 0.43272132606834846]"
"[0.2150368577936992, 0.6140081746332025, 0.350879134797666, 0.3548315923323798]",stable,0.35388157264667974,857,"[0.5204996323145864, 0.7123898587359148, 0.34102646347677834, 0.5036557501221874]"
"[0.4805690638665365, 0.611103816240417, 0.4167839515388716, 0.49586841863288356]",stable,0.16022667176279884,858,"[0.5837029378267308, 0.6561070233528292, 0.3124263839564884, 0.5419140462649629]"
"[0.4827634016103705, 0.6120613312853619, 0.41456357776052305, 0.49684811283782143]",stable,0.21209107243445838,859,"[0.6467498799919766, 0.614940974516379, 0.2877583293494838, 0.5416051742323588]"
"[0.48617978657665395, 0.6121213238526747, 0.4119218017519597, 0.4977805516168743]",stable,0.2704222327003207,860,"[0.7109919968192491, 0.6250835009781749, 0.27816941427309533, 0.5650853424741118]"
"[0.7490654253279831, 0.6319240068031637, 0.48026988027569506, 0.6471361878533362]",stable,0.1665799220767464,861,"[0.7483271126097835, 0.6532324486987021, 0.31515216182161826, 0.6416212363639993]"
"[0.7490606925541485, 0.6320605993794172, 0.47921143336252786, 0.6471008356001994]",stable,0.10719537891376275,862,"[0.7593347367981755, 0.6497472927553842, 0.37594547388222016, 0.6268865890059551]"
"[0.7491261323264036, 0.6321732534773532, 0.4785536883976852, 0.6469720824371786]",stable,0.14120537978071712,863,"[0.7779808492276096, 0.6575141368881607, 0.3428762772006624, 0.6394991773526977]"
"[0.7493087571169175, 0.6323336388153964, 0.477694970605299, 0.6469247855695553]",stable,0.18862090547197244,864,"[0.8487012162786458, 0.7223230122896803, 0.3549702098510573, 0.6973185431429981]"
"[0.9080172523511615, 0.700404722966926, 0.3877235897153781, 0.7336084890954474]",stable,0.05367831461170201,865,"[0.8584682979505779, 0.7207817006337957, 0.3892701100351551, 0.7306674631815591]"
"[0.9077016539154888, 0.700534512633594, 0.3877334401632748, 0.7335897564463143]",stable,0.056018223919124616,866,"[0.8580993278054618, 0.682872090294183, 0.39014969475032035, 0.714620011946122]"
"[0.9073877151426406, 0.7004227251504331, 0.3877487329138258, 0.7334696947722624]",stable,0.03969467503218954,867,"[0.8873620967132816, 0.6795061434514748, 0.399580055067478, 0.7090328729952771]"
"[0.9072617678569214, 0.7002911743221378, 0.38782314374498084, 0.7333160040692626]",stable,0.03039199930873434,868,"[0.8892374659338738, 0.7245068895633284, 0.38573639919056124, 0.7361519862079758]"
"[0.9071491159699022, 0.7004425225423953, 0.38781010159151574, 0.7333337289576295]",stable,0.03784060180254713,869,"[0.9370598853111627, 0.7080486420871496, 0.39498838160069183, 0.7540188990989074]"
"[0.9073348971459348, 0.7004897655209341, 0.3878546871816348, 0.7334622082752772]",stable,0.058448262566261705,870,"[0.9375923507841792, 0.6985230193088598, 0.3378878013700522, 0.7331042585948498]"
"[0.9075216715511092, 0.7004776251122177, 0.3875462496148966, 0.7334599987093486]",stable,0.09892470659948539,871,"[0.9886724752231983, 0.7069077347815611, 0.33853071475176044, 0.7609695547015709]"
"[0.9080195292423491, 0.7005170736377965, 0.3872455408120553, 0.7336287689915095]",stable,0.07481258999102203,872,"[0.9648519357078985, 0.7280435690456596, 0.3595940348779428, 0.7626922764645585]"
"[0.9083660683061634, 0.7006849181219907, 0.3870769340685546, 0.7338059855004916]",stable,0.04732044678475721,873,"[0.9504338223792516, 0.7127282691270005, 0.3695792767738225, 0.7380859898137434]"
"[0.9086210243914548, 0.7007579081280817, 0.38697088766070775, 0.7338319249205719]",stable,0.04987493143160659,874,"[0.939345148268723, 0.727023068851589, 0.3680032943561147, 0.7560559824637305]"
"[0.9088061094750528, 0.7009161319878618, 0.3868566250504391, 0.7339658047852897]",stable,0.03443419120035911,875,"[0.9045129798875017, 0.7069718918342153, 0.3641811212650658, 0.7091377588950027]"
"[0.9087804021122531, 0.70095239402287, 0.3867208435906464, 0.7338171338518149]",stable,0.20520888824524347,876,"[0.8121007491972944, 0.6660801798942402, 0.5641175149481121, 0.7249807205437909]"
"[0.7497036753061023, 0.6325458812121186, 0.4782385086200336, 0.647415703399582]",stable,0.2378309973088609,877,"[0.7140288409616501, 0.6344943118324319, 0.7047577912325327, 0.7104720884708805]"
"[0.7494807075914494, 0.6325580589034956, 0.47965425413636176, 0.6478098058062776]",stable,0.2985516875547093,878,"[0.7017988684686265, 0.6085872824203665, 0.7674365798036885, 0.7066849896100719]"
"[0.5125690503134662, 0.5253357444394637, 0.7817302341178045, 0.5647427892497537]",stable,0.16930759289873779,879,"[0.5968932433061976, 0.6029337654414023, 0.8536242148415732, 0.6665479667289094]"
"[0.5131936739652643, 0.5259105445950337, 0.7822627821231658, 0.5654969016755252]",stable,0.19028322403785725,880,"[0.6361121366033281, 0.6088050063535776, 0.8026140197126667, 0.6830260139467973]"
"[0.5140974861905442, 0.5265200626961994, 0.7824124235760297, 0.5663610863245788]",stable,0.16118609861595184,881,"[0.6164152898948226, 0.616431708744259, 0.8029009359386948, 0.6500757337780411]"
"[0.5148443314730571, 0.5271763520834116, 0.7825619747611586, 0.5669721421454069]",stable,0.09510670444724029,882,"[0.5800900450229277, 0.583350329750424, 0.7798828112977194, 0.6072907285589347]"
"[0.5153171264987808, 0.5275834098925929, 0.7825425605331627, 0.5672643058150703]",stable,0.15631762557692463,883,"[0.4213108618772447, 0.5987314871092366, 0.6855524958600205, 0.5336651876571852]"
"[0.5146408224367554, 0.5280952665632161, 0.7818447902837157, 0.5670225855405531]",stable,0.29102486696732355,884,"[0.3274900999700799, 0.6199554261346369, 0.6138872050613644, 0.45290842812202986]"
"[0.27040622954308685, 0.4603524231620779, 0.5924518800847521, 0.37672418667884955]",stable,0.20911619264703793,885,"[0.24762921541472308, 0.6535479272433659, 0.5296861315449025, 0.42084615022988414]"
"[0.21520314533258197, 0.614209908064887, 0.3517914153933152, 0.3551684013012446]",stable,0.19530505887471358,886,"[0.20766578014944204, 0.6204784931313457, 0.542462769656546, 0.3963071136393991]"
"[0.26944099186010767, 0.4628159011616051, 0.5916828168473951, 0.3770254624782426]",stable,0.18768902940079502,887,"[0.22407141153152696, 0.6230066840740863, 0.5056667401903429, 0.38746196402978667]"
"[0.21524816191227203, 0.6142545617502129, 0.35257250841258947, 0.35533232801560266]",stable,0.1393024799820559,888,"[0.1847838160502436, 0.6341720668447738, 0.4820438282232008, 0.39163074254924773]"
"[0.21509430157963552, 0.6143551552102864, 0.3532264039671885, 0.35551565334153024]",stable,0.07086393818298142,889,"[0.15518081656676072, 0.6212854976439903, 0.389826090510057, 0.34884442053725695]"
"[0.21479322879062612, 0.6143899810516618, 0.353410321990017, 0.3554821295585942]",stable,0.053594313225619,890,"[0.20363131894582237, 0.5841791967373849, 0.3887632062878332, 0.3312903073518298]"
"[0.2147374192414021, 0.6142389271300904, 0.35358708641150605, 0.3553611704475604]",stable,0.09546414436810309,891,"[0.16987276093166814, 0.5519421535575174, 0.3718231766977039, 0.30162922177448453]"
"[0.2145142119861298, 0.613928992933212, 0.35367781322885034, 0.3550938473198337]",stable,0.09978314827209266,892,"[0.15372749412734263, 0.5565916169602525, 0.35215674538013936, 0.300579965783277]"
"[0.21421328764029424, 0.6136451445373062, 0.3536702831899953, 0.35482397661915765]",stable,0.24692597211501716,893,"[0.18030122434271983, 0.43165304363415796, 0.5109194972792909, 0.3103946220773153]"
"[0.26809038932196544, 0.46234373665361345, 0.5904591301872723, 0.37601590429034976]",stable,0.12820296641397244,894,"[0.21660947189988997, 0.36511081184930966, 0.6284838907203438, 0.32229820088517097]"
"[0.26732201742014344, 0.4608924989699671, 0.5910266639265719, 0.3752141475231083]",stable,0.2232397887783159,895,"[0.20431562610729304, 0.3138144389321881, 0.7260070007066586, 0.2976606119120421]"
"[0.29981718065919655, 0.297590350130097, 0.8337090313290624, 0.37629836820095164]",stable,0.16381066049702722,896,"[0.17016562927276574, 0.30757808690203287, 0.7598992105897026, 0.30938974998056024]"
"[0.2986798863487893, 0.2976779618561666, 0.8330615767611733, 0.375711450497264]",stable,0.15539913438905983,897,"[0.17357044330380136, 0.2574199087100291, 0.8004690716738256, 0.2994649030419465]"
"[0.2975919781483981, 0.29732789182880887, 0.8327781636734573, 0.3750484370411308]",stable,0.2163684801545872,898,"[0.3120691807733285, 0.3697109603577845, 0.6295513579985264, 0.38312845276241486]"
"[0.2679800639400432, 0.4595515939903762, 0.5915932035452771, 0.3753305343648628]",stable,0.22142379555602007,899,"[0.45814047181353196, 0.4103508325782483, 0.497807204333402, 0.4159628853197312]"
"[0.2707360118802387, 0.45883853947715697, 0.5902339861653949, 0.37591940901638266]",stable,0.35984826038615214,900,"[0.579931092914115, 0.47733402980665857, 0.4394459619191531, 0.4798908519648225]"
"[0.4880930785427246, 0.6093705627496948, 0.41248351930639215, 0.4974154557056079]",stable,0.22391528936076951,901,"[0.6663866698344663, 0.4944515120598127, 0.43324532772685753, 0.5660595465908307]"
"[0.7489645955556917, 0.631700254264715, 0.47936599993506046, 0.6473020402210884]",stable,0.17534011006891728,902,"[0.6759299404713653, 0.5277696736865296, 0.41813419094872095, 0.5430945868185834]"
"[0.7485137643514674, 0.6310587074710226, 0.47898802580551514, 0.6466587843358877]",stable,0.11898058621258992,903,"[0.7920909097986645, 0.5370588133848477, 0.4257729726019001, 0.6223773034401575]"
"[0.7487811088020637, 0.6304820210042361, 0.47866155308647457, 0.6465098181954232]",stable,0.09334691377037245,904,"[0.823841088935482, 0.62783458245954, 0.42323446282284183, 0.6458210316658184]"
"[0.7492387916077553, 0.6304658780862807, 0.4783235830238915, 0.6465056182775597]",stable,0.10118144869722649,905,"[0.8263375996237379, 0.6433772552669423, 0.4286331671420671, 0.6872194767507401]"
"[0.7497060571108826, 0.6305441288570726, 0.4780224289882441, 0.6467523689349729]",stable,0.1979703512042798,906,"[0.8815804752508971, 0.7340747086329705, 0.42493462703109314, 0.7376616761086789]"
"[0.9086184977856975, 0.701149550657454, 0.3869483065873157, 0.7338400180319152]",stable,0.06519679930006593,907,"[0.8643855119523405, 0.7205672750718365, 0.42127297639425826, 0.7610215305808993]"
"[0.9083567641417132, 0.701264448435054, 0.38715141114238644, 0.7340008553842761]",stable,0.07905217428760437,908,"[0.9460844263749465, 0.7388779663070687, 0.42790675583954557, 0.7758349911339268]"
"[0.9085786915666144, 0.7014857044225364, 0.3873911484641344, 0.7342469385357446]",stable,0.10556529829176937,909,"[0.9365690454517285, 0.7767898566509114, 0.4249128116144906, 0.7915355215555162]"
"[0.9087423778466444, 0.7019260795817667, 0.38761057339483823, 0.7345819594890766]",stable,0.11215160261089298,910,"[0.9640684632872887, 0.7869480772131378, 0.3949662372263273, 0.7818488651036335]"
"[0.9090640411340899, 0.7024203935214839, 0.38765333888223064, 0.7348567670798589]",stable,0.1030937574317962,911,"[0.9482157614315683, 0.7853592512482221, 0.35735138130255567, 0.7708901247499055]"
"[0.9092903516560406, 0.7028998088840661, 0.38747818305807064, 0.7350650523843101]",stable,0.04148296673996743,912,"[0.9325876506356932, 0.7088458017854791, 0.3658583722755891, 0.7610516131407465]"
"[0.9094242441789122, 0.7029339812570626, 0.3873539312719644, 0.7352144004346345]",stable,0.1770762501997422,913,"[0.7859831807547111, 0.6522969540578407, 0.4916610697391665, 0.6835015917049471]"
"[0.7499245940003033, 0.6306751699727399, 0.4781045894746954, 0.646973749795033]",stable,0.09594073381216324,914,"[0.7824933707874971, 0.6301221079544865, 0.38956587640868934, 0.6644233799923098]"
"[0.7501196166157955, 0.6306718582241276, 0.4775744175401685, 0.6470782385986096]",stable,0.12407553616546639,915,"[0.8269902523148438, 0.670304943837462, 0.3908234524988183, 0.6668046835680587]"
"[0.9089531927968318, 0.7027475296146649, 0.3873737571075464, 0.7348234877668254]",stable,0.0579150964488211,916,"[0.8564519023205961, 0.7057497806359473, 0.3860889665368478, 0.7105931617888114]"
"[0.9086548900100351, 0.7027645878591039, 0.387366457161122, 0.7346858154601321]",stable,0.019203874842932307,917,"[0.9223211792950953, 0.6995452096293331, 0.37530387733739956, 0.7397996318402986]"
"[0.908732100683962, 0.7027463992815346, 0.3872983069926264, 0.7347147070780992]",stable,0.05668624109235636,918,"[0.8673549159267241, 0.6789623784554397, 0.379114496102296, 0.7052426168332363]"
"[0.9084996445898201, 0.702612781187006, 0.38725233052695035, 0.7345491335373977]",stable,0.06323811138239836,919,"[0.8833515896196321, 0.742901136764611, 0.42663655557391494, 0.7484187148119543]"
"[0.9083591526626124, 0.7028378557991715, 0.3874723541305647, 0.7346266172316689]",stable,0.0787772236549411,920,"[0.8556584357565544, 0.7415896647824032, 0.4313407242047852, 0.733094033815829]"
"[0.9080663709020231, 0.7030531436268561, 0.38771606729764374, 0.7346181028793587]",stable,0.03537747524814308,921,"[0.8971716293996386, 0.7348526515218997, 0.3952305917336576, 0.7426923571893743]"
"[0.9080061789600211, 0.7032288315157791, 0.387757584007235, 0.7346627120191931]",stable,0.04956177083823105,922,"[0.9011747067236289, 0.667488546211867, 0.36263781486873936, 0.7122723274640234]"
"[0.9079686433982826, 0.7030324563218016, 0.38761956329768277, 0.7345396879282307]",stable,0.06951487398283404,923,"[0.9002705260087488, 0.6455015203056106, 0.3681471323161549, 0.7016144312659535]"
"[0.9079265771830393, 0.7027180796222595, 0.38751315657100777, 0.7343597684929177]",stable,0.04956977681050381,924,"[0.8945094026119104, 0.6704177492789587, 0.4119792081122657, 0.7091557374410172]"
"[0.9078536577560222, 0.7025425343486545, 0.38764612424242767, 0.7342227900632878]",stable,0.07414448184890643,925,"[0.8636655392082977, 0.6808508408158787, 0.4423752211418861, 0.725333990813396]"
"[0.9076148030611696, 0.70242528195118, 0.38794195719864094, 0.734174742499775]",stable,0.06355842940847903,926,"[0.8762894529543859, 0.7242177864799285, 0.4360474169770813, 0.7177629212897639]"
"[0.9074463872003804, 0.7025424459540228, 0.3882005887028261, 0.7340865069018716]",stable,0.047559646922468994,927,"[0.929463506121512, 0.7400604956486142, 0.37700947570070587, 0.7497172914852063]"
"[0.9075641258042367, 0.702743077235812, 0.3881407431787506, 0.734170093985205]",stable,0.054712112853216324,928,"[0.9399750511861347, 0.6951096788010888, 0.3447288076555214, 0.7338832295296179]"
"[0.9077365243435022, 0.7027024740526486, 0.38790982862809514, 0.7341685681104413]",stable,0.06435403605624056,929,"[0.9500587259250514, 0.7073452494442127, 0.3405538590445101, 0.7434491926304118]"
"[0.9079604513359972, 0.7027270390018103, 0.3876592679424677, 0.7342176719438803]",stable,0.030991652208102134,930,"[0.9268304925500177, 0.7108017817978068, 0.37020118143999464, 0.7495283804715678]"
"[0.9080597673423868, 0.7027695376481051, 0.3875673832766652, 0.7342982546203417]",stable,0.07602798574056342,931,"[0.9522809774401717, 0.670027149412758, 0.3353169704736062, 0.7390489985421514]"
"[0.9082912920025846, 0.7025981115316897, 0.3872938209059686, 0.734323127625168]",stable,0.0725459352827175,932,"[0.9693219932309136, 0.7082129784579861, 0.351317371623728, 0.7488948330869536]"
"[0.9086091602381489, 0.7026273556302641, 0.38710644356595686, 0.7343990219244482]",stable,0.07978031643125691,933,"[0.9706766579515613, 0.7221594737387289, 0.3538198172929618, 0.766383729067487]"
"[0.9089307534905501, 0.702728558314764, 0.3869339739997755, 0.7345647457956556]",stable,0.12139307333566804,934,"[1.0, 0.7047127149902322, 0.40744665829608195, 0.8121402799499698]"
"[0.9094001825962689, 0.7027387859264932, 0.387039709485839, 0.7349646196830489]",stable,0.04266734442731866,935,"[0.9474712273848493, 0.6926396223273515, 0.3885966200103747, 0.7512949826123198]"
"[0.9095954187233898, 0.7026869953439335, 0.38704769364237507, 0.7350483651339682]",stable,0.03170613199931688,936,"[0.9267802211662906, 0.6987959758304305, 0.3660513313929655, 0.7509849303471402]"
"[0.909683096286874, 0.7026671432035585, 0.38694056934518417, 0.7351296741401578]",stable,0.11438928520281007,937,"[1.0, 0.7079453414172179, 0.408820185332907, 0.8016216924636443]"
"[0.9101415577270422, 0.7026939360878919, 0.38705163338573106, 0.73546719707581]",stable,0.20477020483216787,938,"[0.8313092615245421, 0.57922963590867, 0.509947454231633, 0.6621903954103698]"
"[0.7506028883116809, 0.630365654519869, 0.47776711418714146, 0.6471681919129653]",stable,0.23381329587037267,939,"[0.7061377303556023, 0.4721498179462878, 0.6316486469605772, 0.5840830908008384]"
"[0.7503397808681538, 0.6294294661377768, 0.47867765580118543, 0.646794907291]",stable,0.3751278914007466,940,"[0.5956540190725701, 0.37580661203191684, 0.6611591661513179, 0.5083420407261563]"
"[0.5152194881270111, 0.5270074904594212, 0.7809827501113414, 0.5666034387918789]",stable,0.2928190748671776,941,"[0.5044601654765459, 0.2978663264999538, 0.6872942648232097, 0.41057766436377696]"
"[0.2993753245908821, 0.2973325335070084, 0.8315239921316447, 0.3753547234835674]",stable,0.2105373899372119,942,"[0.46979785647194405, 0.34735766498408754, 0.7358208776565247, 0.4355257571233933]"
"[0.30083192742747233, 0.2977600987333082, 0.8307060167942506, 0.3758690058223694]",stable,0.1674840636422277,943,"[0.4507078587207122, 0.29265323605627236, 0.7872654642936998, 0.4364904141295229]"
"[0.302102062438432, 0.29771682023604523, 0.8303378765188222, 0.37638274657073506]",stable,0.07585350648968768,944,"[0.35823872700655146, 0.271173256636974, 0.7867790212298952, 0.3756794007611146]"
"[0.30257379911547505, 0.2974937650797505, 0.8299718357180748, 0.37637683610174666]",stable,0.10479640349675755,945,"[0.3858905512125441, 0.2427321130721568, 0.8556409419705501, 0.39594373313344533]"
"[0.3032681053829506, 0.2970374179796872, 0.8301857449368454, 0.3765398935770108]",stable,0.2609167280235325,946,"[0.5326118759390643, 0.3417186180870989, 0.8150108634109345, 0.49165847243049865]"
"[0.5153428383951818, 0.5256933849816033, 0.781224084248218, 0.5660719142077556]",stable,0.2103000252884271,947,"[0.669872742470412, 0.40509917225898695, 0.7076163107940473, 0.5857071103551098]"
"[0.516431077156275, 0.52484412996243, 0.7807057196464281, 0.5662101902369624]",stable,0.2944788236880247,948,"[0.7275520843676004, 0.4709997632115062, 0.5848767049651367, 0.5961681456562623]"
"[0.7502057355946211, 0.6284975267087989, 0.4793023560903852, 0.6464971028107956]",stable,0.24244768206947787,949,"[0.7135088294700027, 0.4873880915369814, 0.6687589655943175, 0.6061419786936687]"
"[0.517809243256371, 0.5245821996237905, 0.7799228752124973, 0.5664894335128835]",stable,0.16988493689989131,950,"[0.6211656592429052, 0.48419686696697456, 0.6513279543739573, 0.5697627041443024]"
"[0.5185269961451664, 0.5243017459247848, 0.7790298549288963, 0.5665121645589349]",stable,0.1337768728318089,951,"[0.6112147381661769, 0.4975227812315426, 0.687633199294856, 0.581834454615428]"
"[0.5191662219522079, 0.524117063409659, 0.7783995331659028, 0.5666178355248418]",stable,0.09762399300112883,952,"[0.5761639839802255, 0.5033580215365747, 0.7022601853398505, 0.5592992956146638]"
"[0.5195566175825367, 0.5239748781913502, 0.7778780307835326, 0.5665677085391556]",stable,0.11550749737055152,953,"[0.4873932429082074, 0.435590152342806, 0.7680691068234585, 0.5002395506739635]"
"[0.5193378191153645, 0.5233736215529248, 0.7778113034096545, 0.566116496580889]",stable,0.19090685362051463,954,"[0.4652921644538774, 0.37828945912828393, 0.8626486149879075, 0.49346864493191905]"
"[0.518972645773057, 0.5223933231581637, 0.778384528487886, 0.565625632718396]",stable,0.23938571208020723,955,"[0.43173567915367544, 0.3344684092555096, 0.8110606394915097, 0.45024916498101175]"
"[0.3043298208686591, 0.29734676501502455, 0.8300276862141568, 0.37714906110927526]",stable,0.16657114737482287,956,"[0.44012918088354913, 0.3488983641062903, 0.83246108406853, 0.4586413439545054]"
"[0.3054429303769779, 0.29776931910593657, 0.830047632098209, 0.3778170306407935]",stable,0.15298598189528703,957,"[0.4215584029458598, 0.32541487631312094, 0.8642466128035561, 0.4671929813881278]"
"[0.30638695860924525, 0.29799407973363723, 0.8303256725917484, 0.37854366438670684]",stable,0.1656816741904713,958,"[0.4050346606647071, 0.3462485546189688, 0.9173073777651775, 0.4670012059555176]"
"[0.3071825045935635, 0.29838322872464795, 0.8310271379560502, 0.379257031657423]",stable,0.10318440031263687,959,"[0.36388226666843904, 0.2665415575381469, 0.8970862201253478, 0.4245832171083491]"
"[0.3076361026901625, 0.29812849535515595, 0.8315556106134047, 0.3796196411410305]",stable,0.1527836438247229,960,"[0.36647305507751193, 0.2807210297128289, 0.9599294793349393, 0.4352809816163186]"
"[0.30810306262974463, 0.2979903408659311, 0.8325744508413534, 0.38006139781146925]",stable,0.13558387089921087,961,"[0.34303817107124174, 0.2801330229152508, 0.9533993483210005, 0.4274426661654907]"
"[0.3083781422237722, 0.2978497320631699, 0.8335258279868624, 0.3804344786646505]",stable,0.11820013004959702,962,"[0.28510315418077664, 0.2183301820757083, 0.9166868691776275, 0.36663491080186866]"
"[0.30819630637968626, 0.29722848557889286, 0.8341755236211652, 0.38032666954072253]",stable,0.08151822319262698,963,"[0.2572217111814058, 0.2484638021498058, 0.8461752692069088, 0.34127768603547953]"
"[0.3078011544789244, 0.296850464777117, 0.8342685449047756, 0.3800239642422323]",stable,0.14953554642673314,964,"[0.19034532873724663, 0.24343184911768576, 0.8911640178695394, 0.33028097175456533]"
"[0.3068976481270653, 0.2964395523489675, 0.83470620238912, 0.37964132583848104]",stable,0.18740384962558676,965,"[0.18878254897803878, 0.19956397358725772, 0.8430263656320657, 0.2714058264369461]"
"[0.3059960061488285, 0.2957000441141453, 0.834769715085631, 0.3788151006522098]",stable,0.18779096793491176,966,"[0.17086712859813874, 0.20619506145550476, 0.8770903562589905, 0.2939419276246037]"
"[0.30497230253102026, 0.29502197606370106, 0.835090326003611, 0.3781721220686673]",stable,0.15447648538640568,967,"[0.19983814602510883, 0.21576119134157848, 0.8997754455690327, 0.3297638894509878]"
"[0.30418182015127654, 0.2944260303139107, 0.8355766802860578, 0.37780815039485016]",stable,0.15834049467336203,968,"[0.20292290033134597, 0.20357113925645573, 0.8248884852387998, 0.2974994044958161]"
"[0.3034261565705308, 0.29374800873885504, 0.8354969176364514, 0.3772088313956036]",stable,0.07469987418376181,969,"[0.2731664068969408, 0.24083319196529376, 0.8363667507533922, 0.33403842128716676]"
"[0.30320201027665233, 0.2933560471331249, 0.8355033608447251, 0.3768890505799856]",stable,0.15585697144083055,970,"[0.28554961963908065, 0.32299074993618426, 0.6857920218490999, 0.3506576187205199]"
"[0.30307221328667017, 0.293573949359618, 0.8344025421756396, 0.37669617240454834]",stable,0.29343976376841713,971,"[0.28323956682475243, 0.4078287339997185, 0.5649649247715506, 0.36877306637010376]"
"[0.27091463409373173, 0.45810982797033645, 0.5898729995740543, 0.37581731840715005]",stable,0.07183246883598225,972,"[0.23864701149746548, 0.46866660633155327, 0.5396110797956742, 0.33733358207761566]"
"[0.27046016053603783, 0.45825851498950854, 0.5891650852109785, 0.3752752939518045]",stable,0.08187443520730588,973,"[0.24534447073971608, 0.47055864290746874, 0.517306736959106, 0.34774876299920005]"
"[0.27011133151108896, 0.4584293500994802, 0.5881670525963691, 0.37489298102190716]",stable,0.21578159493069765,974,"[0.2146273875405928, 0.4865994895931147, 0.3905536570435961, 0.3145720243706158]"
"[0.21421532754128092, 0.6130193038725565, 0.3538519746868111, 0.3546256911401008]",stable,0.13983408537928668,975,"[0.15072616306259537, 0.5096435843602438, 0.37624019579504786, 0.28878553926770306]"
"[0.21390410614677755, 0.612512560149457, 0.35396172086871425, 0.35430294529758904]",stable,0.09231669334688165,976,"[0.1508052711150323, 0.579468683499452, 0.39237351537130416, 0.30987834459967795]"
"[0.21359630695150075, 0.6123513705072618, 0.35414909547604395, 0.354086239928331]",stable,0.14687980594891506,977,"[0.3462897617035767, 0.5705719998269038, 0.3583751586315755, 0.4010196932138969]"
"[0.21424044993573413, 0.612148558028231, 0.35416961034573097, 0.3543140722258337]",stable,0.2738838145437814,978,"[0.45888940855044563, 0.631866652586007, 0.36288444408148574, 0.4755348597903368]"
"[0.487509005142879, 0.6098204845464211, 0.41149153780189407, 0.4969778437873025]",stable,0.0893189426708309,979,"[0.44191772064819895, 0.6302954750251558, 0.48509061109984064, 0.5049314261587585]"
"[0.48661505838808133, 0.6102219549479649, 0.4129346568861676, 0.49713379638282124]",stable,0.19198525738739897,980,"[0.41555478770265153, 0.6066276680386314, 0.5908423565703824, 0.5091632801167097]"
"[0.4852485147210538, 0.6101528340458624, 0.4163559588031717, 0.4973651326084729]",stable,0.24475396356764992,981,"[0.4317484041709082, 0.6129040968394299, 0.6544555419933968, 0.5158924068515587]"
"[0.5183872481784118, 0.5230007780150849, 0.7775527903234934, 0.5652918526790214]",stable,0.14999196603132095,982,"[0.46031780791840576, 0.6188291388466968, 0.6825787600831578, 0.5349209978661463]"
"[0.5180001185766783, 0.5236396337539624, 0.7769196301218912, 0.5650893803136022]",stable,0.11309040784380198,983,"[0.4655888960411352, 0.5780898470104417, 0.6988274863531992, 0.5337956835594457]"
"[0.5176530243877012, 0.5240002311927471, 0.7764024636068667, 0.5648821372887403]",stable,0.09101728949210688,984,"[0.4749674085838306, 0.5839925663087886, 0.7234224474471042, 0.5573906217564724]"
"[0.517372197967939, 0.5243949176079843, 0.7760539108689736, 0.5648328510023437]",stable,0.12857333621898728,985,"[0.40078408130303367, 0.5731354735038375, 0.7621080329264064, 0.5456447156477713]"
"[0.5166101841335278, 0.5247134833327938, 0.7759627613399371, 0.5647074383529674]",stable,0.056599180114884254,986,"[0.4815711958869551, 0.561531573981758, 0.7994303174662232, 0.5730404151774832]"
"[0.5163826582358227, 0.5249525618435013, 0.77611514806803, 0.5647615485920877]",stable,0.13426489683110027,987,"[0.4420414364156563, 0.5989166133478278, 0.8581927086091165, 0.5818799130011199]"
"[0.5159030374498861, 0.5254297492725615, 0.776644680716682, 0.5648719896527911]",stable,0.13764418985242474,988,"[0.44665095105405744, 0.5811344674438932, 0.8812131414868869, 0.5754782574015171]"
"[0.5154591138191436, 0.5257868307993007, 0.7773149913626448, 0.5649399785486162]",stable,0.09796512735583301,989,"[0.5468863439475405, 0.6039024353456228, 0.7771433936543078, 0.6150141062483622]"
"[0.5156592872594518, 0.5262843824206147, 0.7773138983836109, 0.5652589220371497]",stable,0.23303489836347396,990,"[0.6654517916087809, 0.6253219904675424, 0.6571077424731655, 0.6524913802715]"
"[0.7497100984952888, 0.6284789563214231, 0.480342153671571, 0.6465321570649518]",stable,0.13028187291954532,991,"[0.7434424262542214, 0.6775655130646302, 0.5944212573523553, 0.6853979613997124]"
"[0.7496736585403989, 0.6287643432792325, 0.4810054042743662, 0.6467581210436424]",stable,0.07178131205882533,992,"[0.7448738368401501, 0.6779866209966455, 0.5256722315598819, 0.6734332103422382]"
"[0.7496459139062935, 0.6290488651157493, 0.48126359402746166, 0.6469123123112643]",stable,0.09632143374017345,993,"[0.8113307317863303, 0.6814985607206012, 0.46762087724497625, 0.6972681218134518]"
"[0.7500004243538799, 0.629350300147961, 0.48118518760917156, 0.6472017135152999]",stable,0.17602518487702157,994,"[0.8670916569695896, 0.7166308727414412, 0.47283970971185285, 0.7451147545361108]"
"[0.9099241339858429, 0.7027643246568491, 0.3874849064984892, 0.7355159221134883]",stable,0.07546767996506788,995,"[0.9370944576305277, 0.7422541569659449, 0.4174471326587964, 0.7855155459127839]"
"[0.9100606682755148, 0.7029627660252366, 0.3876354704490435, 0.7357671765044395]",stable,0.043615308066058664,996,"[0.9534125747057295, 0.7011001566736984, 0.38786156045242237, 0.7401702295676045]"
"[0.9102774278076659, 0.7029534529784789, 0.3876366008990604, 0.7357891917697553]",stable,0.10164347571453337,997,"[0.9802659524600668, 0.7414985355005177, 0.4300772062121433, 0.7821149319833725]"
"[0.9106256294228519, 0.7031452195581905, 0.3878477481891753, 0.7360196680892261]",stable,0.05442925298003089,998,"[0.9413957888252151, 0.730112683723527, 0.3950409612541501, 0.771187187657864]"
"[0.9107779569446458, 0.7032787218560387, 0.3878833581548435, 0.736193764720754]",stable,0.05945068269092841,999,"[0.9125378240330477, 0.669551166019252, 0.34893346130262043, 0.706585589283449]"
"[0.9107866262406478, 0.7031125762607836, 0.38769148674177834, 0.736047911639782]",stable,0.0353094886044877,1000,"[0.9013187751197382, 0.6963300460544691, 0.36026997355461754, 0.7170959281238136]"
"[0.9107402152057413, 0.7030793285636938, 0.3875570675594884, 0.7359550097598018]",stable,0.03943365696226138,1001,"[0.942131532031854, 0.6797972597311897, 0.38428252166534643, 0.7318536503015709]"
"[0.9108933435805029, 0.7029657574962183, 0.38754109416488275, 0.7359350031282982]",stable,0.06291305109554134,1002,"[0.9650474342690291, 0.6784513824584891, 0.3713104495067698, 0.7486235038411764]"
"[0.9111562275158841, 0.7028467556756467, 0.3874623046277074, 0.7359965977919529]",stable,0.02922939031816001,1003,"[0.9193580323459578, 0.6934398877901259, 0.36905622893956963, 0.7170278110556425]"
"[0.91119584976144, 0.7028013118694365, 0.3873733863876681, 0.7359049611410529]",stable,0.06320172376804756,1004,"[0.9043749549286746, 0.7463609361324136, 0.344374491141593, 0.7501031097040965]"
"[0.911163056997821, 0.7030107331399317, 0.38716666092975427, 0.7359732214706829]",stable,0.042319998311963175,1005,"[0.8828054789798248, 0.7311134159513785, 0.39600159845944155, 0.7468825350936181]"
"[0.9110273748063473, 0.7031451957371155, 0.38720893335812595, 0.7360254191435198]",stable,0.04203071784898481,1006,"[0.9260365338573298, 0.7107399193859046, 0.3488354060388625, 0.7326939087864076]"
"[0.9110988469923044, 0.703181361087824, 0.38702620227565326, 0.7360095548084861]",stable,0.16503686083872499,1007,"[0.8275070459037978, 0.6922861741932316, 0.26827502490033234, 0.6583627325889825]"
"[0.9107026773188991, 0.7031297251309777, 0.38646340048714467, 0.7356415603903841]",stable,0.22844274158414207,1008,"[0.733609145779094, 0.629103765524611, 0.42598737167515155, 0.6182448812417586]"
"[0.7499067599048812, 0.6293488913786847, 0.48086977151812, 0.6470362459023082]",stable,0.18544352601911468,1009,"[0.6204970020730307, 0.5425107721320054, 0.5215871379607372, 0.555146893766269]"
"[0.7491714771899275, 0.628855492973874, 0.4811011201910894, 0.6465141473106262]",stable,0.28821105657105933,1010,"[0.5918176359092641, 0.4391817780710541, 0.5727403670999174, 0.5284823208189007]"
"[0.5161413021243241, 0.525733100114605, 0.776019129198271, 0.5650261587383]",stable,0.19716880751848714,1011,"[0.4688917843281747, 0.40142786557156657, 0.6604520495524187, 0.4765079092435035]"
"[0.5158441353457319, 0.5249513061866613, 0.7752922922193662, 0.5644694401880183]",stable,0.23261207218774582,1012,"[0.41399828311943976, 0.36695171192829457, 0.7764363454991162, 0.4274635356872928]"
"[0.3038818926285152, 0.2941095534659587, 0.8339794312509935, 0.37706673710004285]",stable,0.12710607986096648,1013,"[0.37622248591009694, 0.3738473404133066, 0.811793979377753, 0.44088276298077794]"
"[0.30440609982620787, 0.2946873635163018, 0.8338186671069845, 0.3775291720701931]",stable,0.08234893498466538,1014,"[0.3460087493277602, 0.35146633856258813, 0.7998705099902349, 0.4034952512626571]"
"[0.30470539946290964, 0.2950958453511672, 0.8335744357608208, 0.37771597839531873]",stable,0.05263501244999399,1015,"[0.31192701180846333, 0.34020467039173313, 0.8566777171077281, 0.38995220106437894]"
"[0.304756982408235, 0.2954180512443141, 0.833739459199013, 0.37780337998581204]",stable,0.0647433742809601,1016,"[0.2928073904171013, 0.2988530958830967, 0.8939774353767352, 0.3980147247919268]"
"[0.30467223352886524, 0.29544241326302884, 0.8341666788882167, 0.3779467228567774]",stable,0.09138230935766875,1017,"[0.2779128027335364, 0.22216378831334113, 0.8561906232893062, 0.3357584741902185]"
"[0.3044837868331235, 0.29492636660845356, 0.8343217770882244, 0.37764962251405515]",stable,0.20749729784900808,1018,"[0.4455496309966054, 0.33686270562878484, 0.694469944774649, 0.420525777812678]"
"[0.3054702612678331, 0.2952196277204838, 0.8333437922468708, 0.3779494557678917]",stable,0.42788486069152226,1019,"[0.5905705672751889, 0.4411559171670535, 0.5818876895065858, 0.5093865028313043]"
"[0.516311175545291, 0.5244275850052887, 0.7740835134524113, 0.5641251718295388]",stable,0.2525282948049451,1020,"[0.4933129639631854, 0.4814970369569795, 0.5385210939862962, 0.48725556456724173]"
"[0.48540067414071664, 0.6077253661762609, 0.41866096135379677, 0.49717438604165726]",stable,0.12950091562655924,1021,"[0.45287845773736807, 0.5215144792423425, 0.5042038540417821, 0.4661439320815565]"
"[0.48479841087398795, 0.6061288682700772, 0.42024508899616686, 0.4965997480053591]",stable,0.13824198809301066,1022,"[0.38305455059975396, 0.5738598779765376, 0.49430394928127747, 0.4493447837464459]"
"[0.4829485225053655, 0.6055421593556493, 0.4215916137286234, 0.49574056683701523]",stable,0.17352975793796363,1023,"[0.36601072932419887, 0.5458224982739085, 0.5178033610687474, 0.43561577020559933]"
"[0.27142502189209045, 0.45962651651282854, 0.5872031664110593, 0.3757248000518208]",stable,0.1485046035425676,1024,"[0.29151561509170487, 0.550633134563234, 0.4755538770602792, 0.4057617272700995]"
"[0.2716965163947879, 0.46085633567567186, 0.5856943922306433, 0.3761307044736894]",stable,0.045192386575445886,1025,"[0.31525893780417724, 0.4641285864099398, 0.5761075105313436, 0.3826154033680896]"
"[0.27227734868024644, 0.4608999656854621, 0.5855665671413194, 0.37621716712561476]",stable,0.10615881883644446,1026,"[0.2410788279733298, 0.38478325553594345, 0.6512376861096544, 0.36243682997770427]"
"[0.27186684182883963, 0.45989843002560005, 0.5864306608119554, 0.3760358468999843]",stable,0.1387328499454794,1027,"[0.4057329159463702, 0.4444627734748772, 0.5757355657343995, 0.4072453535043012]"
"[0.27360536227192445, 0.45969796695351267, 0.5862917634732857, 0.37644116516757287]",stable,0.29890977626545234,1028,"[0.5366145775125287, 0.44034335342953346, 0.5144579852281194, 0.4974308931776232]"
"[0.4839068449162078, 0.6025921806783971, 0.42324994179111447, 0.49577075123595465]",stable,0.1858003854826716,1029,"[0.637369625724182, 0.5433232786007398, 0.48267497423359207, 0.5584351024885813]"
"[0.7485398283115899, 0.6283722601243082, 0.481110012021838, 0.6460165255884678]",stable,0.12192027402334407,1030,"[0.7079818466643383, 0.5449203950353747, 0.46928732443384763, 0.5678141367886126]"
"[0.7483119744821108, 0.6279034294215614, 0.4810435924286471, 0.6455771863255473]",stable,0.06773013341859133,1031,"[0.7932793864042074, 0.5809159179127424, 0.46861397074403877, 0.6313300425797015]"
"[0.7485631890738544, 0.6276409293572663, 0.4809741532013588, 0.6454975933437269]",stable,0.1391255023739773,1032,"[0.8432689393000345, 0.5593512744245307, 0.41057112277481334, 0.6178089201932352]"
"[0.7490893321306665, 0.6272615423854179, 0.48058302525454466, 0.6453437673817798]",stable,0.21016041215701667,1033,"[0.7314174141329244, 0.44138255086470735, 0.5257416661185835, 0.5601099723304941]"
"[0.7489916972246017, 0.6262345866311598, 0.48083252050793707, 0.644872862436745]",stable,0.37369508250990513,1034,"[0.6364228189709326, 0.3514218725891857, 0.6690315556687612, 0.518242069553598]"
"[0.5170572105976242, 0.5233530153629528, 0.7734310168202148, 0.5638401836166448]",stable,0.24569069159935708,1035,"[0.5265327408072747, 0.3125698008287667, 0.7108285195462948, 0.4546362731027785]"
"[0.5171157015248442, 0.522051884409038, 0.7730445816518573, 0.5631660854035963]",stable,0.24071994708226813,1036,"[0.4840918971314003, 0.31647487984092676, 0.7460154788063771, 0.4454246565909446]"
"[0.30671068929466344, 0.2953672336379869, 0.8327373456257562, 0.3784180335513851]",stable,0.11897951171814646,1037,"[0.3904005851155673, 0.3234341524695007, 0.759791505060399, 0.4107178471374342]"
"[0.30728786098998, 0.2955607985954456, 0.8322342708632365, 0.3786407908864613]",stable,0.08848557550383457,1038,"[0.3573340213167008, 0.2624038871137747, 0.7690026301634971, 0.36355908858822356]"
"[0.30763064291002606, 0.29533369646200947, 0.8318011774337862, 0.3785374915556515]",stable,0.029409733003523786,1039,"[0.29408041643562444, 0.2882770977548585, 0.8237338504645197, 0.3547373569323313]"
"[0.3075384644986356, 0.29528569238917174, 0.8317462976584851, 0.3783755858779418]",stable,0.0778544939158406,1040,"[0.3132238136358223, 0.24920905703429863, 0.8925610802349173, 0.36397055472090223]"
"[0.30757687901983277, 0.29497436377190905, 0.832157208351569, 0.3782782545863402]",stable,0.08980392345412273,1041,"[0.3132148295924588, 0.2344820285572369, 0.898285280608144, 0.37743349367372153]"
"[0.30761471761427994, 0.29456837494496496, 0.8326010209170495, 0.3782725850500139]",stable,0.05015825621183874,1042,"[0.3350363146672946, 0.2878743560390544, 0.8520134664085489, 0.41490936646161486]"
"[0.3077975282613, 0.2945237481522589, 0.8327304372203261, 0.37851683025942456]",stable,0.24073667971757076,1043,"[0.4597583515198707, 0.40998251254412277, 0.7303051875660216, 0.48359013378784294]"
"[0.5167638159419916, 0.5213643422503575, 0.772782376780165, 0.5626778893814137]",stable,0.1798050255140363,1044,"[0.572012514768212, 0.5363134909679327, 0.603247236648814, 0.5450203784759715]"
"[0.5171006982519076, 0.5214554955961963, 0.7717486259257056, 0.5625702216319903]",stable,0.08347307849257907,1045,"[0.5433031756632644, 0.47182556119588814, 0.7137297548331433, 0.5413131000229542]"
"[0.5172595011453098, 0.5211547081149822, 0.7713969964039324, 0.5624413905919357]",stable,0.1363245156188223,1046,"[0.4807053679931325, 0.3981333196647558, 0.7822955308995743, 0.5177745254923428]"
"[0.5170392955239113, 0.5204136154134748, 0.7714626502261953, 0.5621723130913356]",stable,0.24121926874522473,1047,"[0.4047967469138118, 0.3446026032221162, 0.8089946984152218, 0.446976049061303]"
"[0.3084399071927736, 0.29485539619907913, 0.8325732468971134, 0.37897020256937075]",stable,0.10096439544014267,1048,"[0.3624014417853104, 0.34023574794195677, 0.8704552807374226, 0.4405131722639372]"
"[0.3087949172887771, 0.29515395114475595, 0.8328224708039574, 0.37937509052788765]",stable,0.08605533100999124,1049,"[0.37618581267975804, 0.3243022572206726, 0.8378231724048608, 0.42397729282827223]"
"[0.3092353806573456, 0.2953444629491737, 0.8328551551281463, 0.37966660818998166]",stable,0.05209318267586513,1050,"[0.3462885004204233, 0.26022437184290703, 0.8239265224468233, 0.3849225302074411]"
"[0.30947598533113185, 0.29511641040952263, 0.832797176993852, 0.3797007375537314]",stable,0.02469702330691188,1051,"[0.3103519351533705, 0.2941975536874038, 0.8081513830872091, 0.37874354521852943]"
"[0.3094816366203076, 0.295110482301638, 0.8326381718718738, 0.37969456211931074]",stable,0.16694034248103246,1052,"[0.3673352842703268, 0.41267948331805404, 0.8753518483407887, 0.47390233910073976]"
"[0.30985249333601284, 0.2958641297440509, 0.8329119774902642, 0.3802984581256019]",stable,0.22946934872175972,1053,"[0.3469410580167099, 0.4620446396140869, 0.6941196183849061, 0.4466410505230844]"
"[0.2745455634994217, 0.45972805250044313, 0.5876741718695885, 0.3773411636977717]",stable,0.03387630312747654,1054,"[0.2483410012539143, 0.4768163291232502, 0.5996280256260874, 0.3722400840535527]"
"[0.2742138601798583, 0.459944359799466, 0.5878254864741012, 0.37727659306936384]",stable,0.1149130728225298,1055,"[0.22615158285121656, 0.5635724565050277, 0.5855939036545716, 0.389575756244275]"
"[0.27361308171325033, 0.46123971100828554, 0.5877975916888569, 0.3774303326090502]",stable,0.20571909000658176,1056,"[0.15825173726991765, 0.6116730245679841, 0.5082971972356447, 0.36958115083029636]"
"[0.21396997306295237, 0.6121462607651379, 0.35491418806017505, 0.35438782622875387]",stable,0.13730988893420945,1057,"[0.12381095053284648, 0.6039794042263744, 0.45743032264023964, 0.3421771399016822]"
"[0.21353651622386535, 0.6121069970317785, 0.35540705409180995, 0.35432912100602754]",stable,0.10401098260922395,1058,"[0.146678308014999, 0.620271535624572, 0.43023218677179254, 0.32819859618493086]"
"[0.21321662049080856, 0.6121460618097344, 0.3557650690807094, 0.35420409457147684]",stable,0.11998892630881865,1059,"[0.151347748174168, 0.6602158414648649, 0.4461280955328624, 0.3638687109283235]"
"[0.21292200681311027, 0.6123749655223778, 0.35619536920667194, 0.3542501165541285]",stable,0.10999445431954301,1060,"[0.18448803641170697, 0.6366353436371202, 0.45722391237188525, 0.37649774177370005]"
"[0.21278724865954912, 0.6124899436177084, 0.35667417746811847, 0.3543555555362118]",stable,0.239917610380464,1061,"[0.36164049992176184, 0.696967189526108, 0.4434149009979585, 0.49837920347151554]"
"[0.481761821319814, 0.6042478825880061, 0.4236037130052696, 0.49581651355587675]",stable,0.12862236963861,1062,"[0.5526039236886031, 0.6798428658777566, 0.45226605060323866, 0.5664492213353725]"
"[0.48298323687789657, 0.6055512443688639, 0.42409789123971736, 0.4970343188624198]",stable,0.15567934814416254,1063,"[0.47678532112631095, 0.5556455858280707, 0.5714017751754729, 0.49997307744026187]"
"[0.4828781874583782, 0.6047053857495284, 0.4265945672386285, 0.49708412832984084]",stable,0.2824289479810817,1064,"[0.37527706065392724, 0.48353862347349136, 0.654757939275367, 0.45902891123047046]"
"[0.2748681925643698, 0.4615150062239054, 0.5886242626467152, 0.3784377224685739]",stable,0.17512451976554116,1065,"[0.3330790970709529, 0.3733573913893747, 0.7265710611277938, 0.40032387688510157]"
"[0.3100004334871908, 0.2963577173978428, 0.8322346468127964, 0.38042600856356057]",stable,0.1728384884167166,1066,"[0.3514444201610878, 0.4397238384476141, 0.7832443133534682, 0.4525484156880838]"
"[0.3102627372003167, 0.297265097910816, 0.831924581411155, 0.3808824794947284]",stable,0.2069408673642911,1067,"[0.41115974237862885, 0.44047925551785894, 0.8124601041572345, 0.4893036772268576]"
"[0.5164052862236401, 0.5199349665518244, 0.7717081439623092, 0.5617359739544225]",stable,0.11726563310342396,1068,"[0.4583847218611727, 0.478929560396858, 0.8565710174855713, 0.5229843006789536]"
"[0.5160599257214826, 0.5196908867532829, 0.7722132801142335, 0.5615053092325448]",stable,0.1539757921816741,1069,"[0.40402530966503264, 0.5257758316931119, 0.8669875863662768, 0.5152711908503254]"
"[0.5153969989992551, 0.5197268923446429, 0.772774074825784, 0.5612317345675613]",stable,0.12478244173869009,1070,"[0.4207143002764794, 0.5347600243213079, 0.852411162534216, 0.5550849034218932]"
"[0.5148400419479445, 0.5198153225327409, 0.7732425282828924, 0.5611955767372927]",stable,0.12275789323602602,1071,"[0.5812240025533603, 0.5941160565816324, 0.754811055148843, 0.6304945799335212]"
"[0.5152282522438826, 0.520249829749401, 0.7731347418902956, 0.5616008340659256]",stable,0.27487694108752,1072,"[0.6981293270611797, 0.6146309270346786, 0.6155737974518085, 0.653095570718852]"
"[0.7487122336522751, 0.6261708302597506, 0.4815728571944418, 0.6449180421525808]",stable,0.06752994296054245,1073,"[0.7437746024260068, 0.613235565449437, 0.5453593146026755, 0.6622350791312948]"
"[0.7486852520608748, 0.6261001457525904, 0.48192141707098957, 0.6450126707699508]",stable,0.03785354821545385,1074,"[0.7671172486288003, 0.6180130028912705, 0.4498751784180638, 0.6441242319369407]"
"[0.7487854259552656, 0.6260561938892137, 0.4817472527304846, 0.6450078422980323]",stable,0.06040846765668984,1075,"[0.7696794610901625, 0.587748472963615, 0.44381289332193063, 0.6275114096856357]"
"[0.7488983666857246, 0.6258491251274537, 0.481542202139087, 0.644913266986614]",stable,0.09981262742510355,1076,"[0.8358154349342063, 0.6346740208815024, 0.44005526320550803, 0.6695899554484595]"
"[0.7493656627515767, 0.6258965708035508, 0.4813191540803043, 0.6450459373546884]",stable,0.1799606000277268,1077,"[0.9064962795118777, 0.6052711790256783, 0.4163116747128152, 0.7002220887170444]"
"[0.9106828358198095, 0.7026681282153867, 0.3866041942334921, 0.7354744874107929]",stable,0.10135661872544591,1078,"[0.94864124920417, 0.6186035098163701, 0.4249452141229327, 0.7182864351632968]"
"[0.910861044333351, 0.7022734586454383, 0.38678419902170547, 0.7353937923298187]",stable,0.11829504878037723,1079,"[0.9926127419498507, 0.649639580712657, 0.447611308436921, 0.7643785496467035]"
"[0.9112430616119328, 0.7020275059448179, 0.3870684378507485, 0.7355292351210191]",stable,0.04904664043351842,1080,"[0.9452165405184868, 0.7252389855463397, 0.3962444319116234, 0.7605972230040483]"
"[0.9114010777928935, 0.7021354663150575, 0.3871111168928921, 0.7356458304134984]",stable,0.035794772531989136,1081,"[0.942123670544764, 0.7072754873382926, 0.3718604603749936, 0.7444994000254311]"
"[0.9115433120185966, 0.7021592627086835, 0.38704051200160555, 0.7356868191617018]",stable,0.02170928769214441,1082,"[0.8928494064973742, 0.6943399511299342, 0.3827805680754107, 0.729164372332174]"
"[0.9114571649885448, 0.7021232290147722, 0.38702088092360465, 0.7356567618030404]",stable,0.07123495301113461,1083,"[0.8496141158285633, 0.6873211039680408, 0.3932283968289117, 0.704157243687981]"
"[0.9111734812768018, 0.7020553293585945, 0.38704935576720695, 0.7355122686006776]",stable,0.0631613722887521,1084,"[0.876902805091203, 0.6660105710059121, 0.38018270724834613, 0.697191200810292]"
"[0.9110169941709314, 0.7018907414209109, 0.38701800120776014, 0.7353372865559727]",stable,0.06092585228041948,1085,"[0.8767888775833501, 0.6829691117000906, 0.34168870050705896, 0.7240402985655384]"
"[0.910861411822806, 0.7018047340130891, 0.3868119589318479, 0.7352859366105616]",stable,0.08439853672091208,1086,"[0.8787604481517384, 0.7689821750592751, 0.34719951262965276, 0.7385549799663225]"
"[0.9107161585935252, 0.702108704334565, 0.38663271709337643, 0.7353007286619452]",stable,0.09288857372111012,1087,"[0.8603767054244733, 0.7448112857350391, 0.3215022164878374, 0.7299403168129633]"
"[0.9104894042999709, 0.7023010583048374, 0.38633933646001817, 0.7352765826626254]",stable,0.08357888650246918,1088,"[0.8859158351471541, 0.774463901449388, 0.35546666429790064, 0.7501417147155115]"
"[0.910379208922604, 0.7026246584983108, 0.3862008939839549, 0.735343242447616]",stable,0.08680168246443921,1089,"[0.8974360971938851, 0.7790610209310542, 0.3755207202073685, 0.7728988588529878]"
"[0.9103214271738151, 0.7029658922591713, 0.38615321463673796, 0.7355109014494257]",stable,0.07694738300187193,1090,"[0.8856513053721539, 0.7743567214281779, 0.38662455272818946, 0.7501878286514398]"
"[0.91021178218803, 0.7032831848332557, 0.3861553094727, 0.7355761322369901]",stable,0.06286164191986332,1091,"[0.8968328428965976, 0.7569009762221323, 0.36941331566636415, 0.7604242327331007]"
"[0.9101525833416078, 0.7035204316978083, 0.3860812298540879, 0.7356860795843181]",stable,0.06521519842334807,1092,"[0.9088753964105007, 0.7668490294864442, 0.3896758070925578, 0.7507843780163113]"
"[0.910146956967462, 0.7037994123048068, 0.3860970649961076, 0.7357525919122122]",stable,0.08066512859622439,1093,"[0.8464626905874612, 0.7391520918217861, 0.35596666706880875, 0.7186200393061672]"
"[0.9098676400096549, 0.7039544679167233, 0.38596491412800543, 0.7356774491376243]",stable,0.07257719820019935,1094,"[0.9291667523300673, 0.7526932833664751, 0.3499178041966724, 0.7706077754514244]"
"[0.9099519156093074, 0.7041673011719625, 0.3858075031676066, 0.7358299833136671]",stable,0.098280302873564,1095,"[0.9364367821970483, 0.7505899867525925, 0.4391032192055548, 0.7987749647675797]"
"[0.9100670672031671, 0.7043691389353565, 0.3860392236721194, 0.7361036571460754]",stable,0.14713711881256336,1096,"[0.9895989203716614, 0.7543249452706112, 0.4668193981659421, 0.8154950728419145]"
"[0.9104113609398272, 0.7045853978372407, 0.3863889213972009, 0.7364473429283085]",stable,0.11580601089653779,1097,"[1.0, 0.6948115294050187, 0.4247218814009053, 0.7982531968932779]"
"[0.9107975188668107, 0.7045432690939984, 0.3865541496730789, 0.736713747471261]",stable,0.09302847263576394,1098,"[0.9817777154722769, 0.6552224988463593, 0.4122844991533338, 0.7595505412172312]"
"[0.9111021549037441, 0.7043315919684722, 0.3866645803575435, 0.7368117594615871]",stable,0.10547209442744805,1099,"[0.9935088713208956, 0.6417412245818769, 0.38441732836810427, 0.7570822197711776]"
"[0.9114543203585183, 0.7040641117659653, 0.38665497671656296, 0.7368983853603459]",stable,0.10172696119875006,1100,"[0.9927544948288559, 0.643759993621923, 0.38427803713629277, 0.7467177417000352]"
"[0.9118002785477537, 0.7038074984972672, 0.38664486208005117, 0.7369401698554084]",stable,0.10950887390268907,1101,"[0.825721720850054, 0.6877380733059751, 0.3730140172852818, 0.6726078372976563]"
"[0.9114355388964923, 0.7037394077125584, 0.3865871042631242, 0.7366675752259264]",stable,0.35560393694051373,1102,"[0.6100014633965044, 0.6673436022676118, 0.34220218627284277, 0.5569539627863841]"
"[0.48499690872401363, 0.6057493560248298, 0.4251880275558654, 0.4980819589041166]",stable,0.10957721076260701,1103,"[0.535790131510733, 0.6101259920110144, 0.328531750527805, 0.48998116845066253]"
"[0.48582958450740243, 0.6058211041557509, 0.4236034984242578, 0.4979491590606173]",stable,0.11512219999994562,1104,"[0.42060370349826787, 0.6209103933253678, 0.3446364238434987, 0.4475981921987764]"
"[0.48477755416854545, 0.6060644797875189, 0.4223298359310198, 0.4971370466918779]",stable,0.16046596658725268,1105,"[0.5640034989542121, 0.6421680927466455, 0.2889572338497228, 0.5166525341559765]"
"[0.48603510884768303, 0.6066375530090923, 0.42021281050115794, 0.4974468163341652]",stable,0.24296641639847702,1106,"[0.6851394336945671, 0.6251134587631524, 0.3052573091671624, 0.5738275792552138]"
"[0.7490222069812182, 0.6258923830386288, 0.4803776468882554, 0.6446650905199318]",stable,0.11926373487039162,1107,"[0.7603379450647123, 0.6795476891692456, 0.37538824026078016, 0.6585979705847742]"
"[0.7490823970774071, 0.6261777836031533, 0.4798191925976837, 0.6447392015841066]",stable,0.10454531951396974,1108,"[0.7499455744304224, 0.650500882857735, 0.37817053010580864, 0.646956184533953]"
"[0.749086964153349, 0.626306477250003, 0.47928136898661555, 0.6447509316526242]",stable,0.17293615822084468,1109,"[0.6535276303101396, 0.6301659213890192, 0.35162592264278, 0.5779338661280068]"
"[0.7485840202910163, 0.6263267901138926, 0.4786094982163849, 0.6443992628867051]",stable,0.32754772015549277,1110,"[0.49882952928670443, 0.6332197361127702, 0.3306874644834967, 0.492801893404181]"
"[0.48623502166704274, 0.6070528996200872, 0.41881397696963196, 0.4973742394133842]",stable,0.08416438303422857,1111,"[0.46494344034354484, 0.5943753674128064, 0.3507189593452567, 0.45456465300862436]"
"[0.4859074588774505, 0.6068578606630521, 0.41776636131387235, 0.4967156303917725]",stable,0.1530136072363879,1112,"[0.35209894043832524, 0.637974165805684, 0.3929696626881311, 0.43406306712295933]"
"[0.48388005708291826, 0.60732931983188, 0.4173906537589369, 0.4957663491301238]",stable,0.15826886454445713,1113,"[0.3444425636211326, 0.5837871441502428, 0.4067644262030689, 0.42548784492441344]"
"[0.48179890046408563, 0.6069779440754376, 0.4172320533476553, 0.4947174162315311]",stable,0.2344666854640758,1114,"[0.27456938727829366, 0.5828353640568725, 0.45940430100348423, 0.3963853623783132]"
"[0.213078673841713, 0.6123500635254403, 0.35715875352253057, 0.35455380934207076]",stable,0.07415063671064974,1115,"[0.2465986488942976, 0.6055843217532526, 0.416502334496595, 0.3829666995948344]"
"[0.21323604461660778, 0.6123182994795615, 0.3574373618839112, 0.3546872031930227]",stable,0.06323317859492009,1116,"[0.1658905674040951, 0.6358818946191629, 0.39201729257887724, 0.35227348407829506]"
"[0.21301480406888576, 0.6124284097372231, 0.3575989503451026, 0.35467592413173893]",stable,0.08298963365850494,1117,"[0.19495388263981078, 0.6659677259149488, 0.4152844626096475, 0.37383331721911367]"
"[0.21293079978316912, 0.6126774298124684, 0.3578672550533098, 0.35476502828563367]",stable,0.07244264417051968,1118,"[0.16001953130774868, 0.6376722346642415, 0.39968974295014564, 0.36339483704824876]"
"[0.21268584020689402, 0.612793146501597, 0.3580608776824618, 0.3548049811039791]",stable,0.0622117848638127,1119,"[0.19466516891776603, 0.6387797678565044, 0.4046839878924007, 0.381197076267855]"
"[0.21260279563874135, 0.6129129005170574, 0.3582757307249039, 0.35492660366233797]",stable,0.0967806877531981,1120,"[0.13545199978708375, 0.6497738408180942, 0.3736583778865563, 0.3122780225855731]"
"[0.21224889290547688, 0.6130819873991722, 0.35834629332656287, 0.3547309679693253]",stable,0.14808833345621733,1121,"[0.08924194124855078, 0.6889709527067501, 0.36398938341242176, 0.3229746327157325]"
"[0.21168721732713475, 0.6134285123549146, 0.35837206086120144, 0.35458596187227687]",stable,0.04137252149002937,1122,"[0.1810588858560116, 0.6327310122326414, 0.3515990389580206, 0.3357410549075997]"
"[0.21154799763862964, 0.6135162509907225, 0.35834127439800517, 0.35450030320425563]",stable,0.06047831204346371,1123,"[0.185688235292677, 0.6361046037699781, 0.3085626578288662, 0.3536316431902361]"
"[0.2114309851393267, 0.613618460731805, 0.35811603178909507, 0.3544963726159569]",stable,0.07964106574373435,1124,"[0.1990028366457568, 0.5760138378357563, 0.3014692044574654, 0.3149328822754157]"
"[0.21137500248845476, 0.6134490705385796, 0.3578608659002138, 0.35431815869550404]",stable,0.09446373342407036,1125,"[0.1448565703350964, 0.5641778409990589, 0.37166303023937525, 0.31095295011199164]"
"[0.2110767135550316, 0.6132281233209136, 0.35792275901384235, 0.3541236958767439]",stable,0.04403092481284044,1126,"[0.20907775565559042, 0.6245425276409607, 0.38387910171682754, 0.38778344982055574]"
"[0.2110677896358377, 0.6132786340544852, 0.3580386355437664, 0.35427396263542166]",stable,0.036383838686481804,1127,"[0.18308006749493277, 0.6331578651662533, 0.3516929146041715, 0.3645218464701034]"
"[0.2109433997596559, 0.6133669861927598, 0.3580104323395904, 0.354319508785798]",stable,0.059196312149524165,1128,"[0.17034925266012232, 0.6002355869610759, 0.3423838222109765, 0.3163762089362624]"
"[0.21076377963974646, 0.6133088826563363, 0.35794128804698594, 0.35415161807849915]",stable,0.12050837221619887,1129,"[0.15839919425555926, 0.5582094692934051, 0.2824128918745922, 0.29901783541825655]"
"[0.2105330986468646, 0.6130661539631076, 0.3576085638347727, 0.3539087379786743]",stable,0.14140740001676258,1130,"[0.11516096902673169, 0.6416371504929085, 0.27907019382717796, 0.2913337248738772]"
"[0.2101147998327412, 0.6131914653513961, 0.3572640972996517, 0.35363428616681114]",stable,0.10657047049971352,1131,"[0.16224627500809974, 0.6267270570236019, 0.2881406488694305, 0.28956708590926233]"
"[0.20990576697324495, 0.613250572738611, 0.35696224817986905, 0.3533545167333721]",stable,0.0553520612674097,1132,"[0.18958250949801814, 0.6227625498908493, 0.309662384128253, 0.33538061778237516]"
"[0.20981740498422222, 0.613291929161012, 0.35675659659703596, 0.35327636934662865]",stable,0.07073921217939694,1133,"[0.1883044716415423, 0.6405502898313595, 0.29696246899118034, 0.3383474070191573]"
"[0.20972427540265218, 0.6134099307223555, 0.3564977475597812, 0.3532117418040855]",stable,0.16153831087048381,1134,"[0.25297462269940585, 0.6565028907349664, 0.49586014294682085, 0.40748100462326525]"
"[0.20991069931341405, 0.6135956762396513, 0.3570984475398978, 0.35344566104037506]",stable,0.28332874166270855,1135,"[0.44644834546720846, 0.6554838565508252, 0.43525871663428994, 0.48174792325545435]"
"[0.48127903936119043, 0.6076912663177226, 0.4174971513371646, 0.4945266883936476]",stable,0.13028819096871297,1136,"[0.3627217781721687, 0.6037163635736221, 0.44411965819488125, 0.44767980160227505]"
"[0.4795608181845379, 0.6076336590315763, 0.4178829847698851, 0.49384774800536685]",stable,0.1871651222816225,1137,"[0.3193225640174214, 0.5825963199481514, 0.4284488682065759, 0.4010254518745711]"
"[0.21038027813188617, 0.6134626317920483, 0.3574046725212998, 0.35364986615125144]",stable,0.110538524358418,1138,"[0.3018809633682511, 0.5965324434708635, 0.39287946490563064, 0.4016217099485257]"
"[0.21077130670127234, 0.6133902805599065, 0.35755627419815594, 0.35385487403072696]",stable,0.039907503202631645,1139,"[0.2409913290450136, 0.5879344389499613, 0.35339494570593105, 0.3576022110213129]"
"[0.21089990254103294, 0.6132819578296513, 0.35753856641733794, 0.3538708201455806]",stable,0.09291615023749561,1140,"[0.2760252070739897, 0.6134141160478057, 0.40273417471548345, 0.40234189615192145]"
"[0.21117585722125734, 0.6132825178221012, 0.35773007323216055, 0.35407620606086165]",stable,0.07037336159186859,1141,"[0.26530148800405, 0.63159577165092, 0.36587215896611075, 0.3943398036175499]"
"[0.21140423541021428, 0.613359788935303, 0.35776442802428693, 0.3542460946581473]",stable,0.03547182459350921,1142,"[0.23599579990692282, 0.5990167268646974, 0.3709757982199744, 0.3707761147303725]"
"[0.21150756131146095, 0.6132995239686198, 0.35781993798309236, 0.354315548523997]",stable,0.058997278758703385,1143,"[0.24777812289099735, 0.6113113391232041, 0.3152506340575912, 0.37299780609517885]"
"[0.21165932098334186, 0.6132912052035762, 0.35764182374072623, 0.3543937169657175]",stable,0.08013169018035765,1144,"[0.2711209700455803, 0.621791888088607, 0.3052719868016976, 0.36279244493057766]"
"[0.21190707785443452, 0.6133266247155972, 0.3574236160868136, 0.35442871166557105]",stable,0.0336968747510036,1145,"[0.21665358922016384, 0.6104778878331273, 0.3242945644932681, 0.35713068067473486]"
"[0.2119267729223421, 0.6133148042306077, 0.3572861511424421, 0.3544399231552356]",stable,0.05759435494595965,1146,"[0.2258651843009346, 0.6559258642593764, 0.3602172463521402, 0.39047513723783356]"
"[0.21198436966357598, 0.6134908829910571, 0.3572982631061185, 0.3545888289985521]",stable,0.05328347155260548,1147,"[0.17175860613405092, 0.6256682532266438, 0.3374285612644829, 0.3285518765648666]"
"[0.21181883154205527, 0.6135409956257716, 0.3572164947857826, 0.35448168104615013]",stable,0.036990803197308776,1148,"[0.22499077082511032, 0.6215028891114095, 0.3236959790499539, 0.35168832936171124]"
"[0.21187281489977272, 0.6135736263367783, 0.3570791156229308, 0.35447023288350893]",stable,0.2427210908296644,1149,"[0.4205758630682646, 0.659291706040858, 0.3708014852953439, 0.4688298384156521]"
"[0.4787181759685912, 0.6083716311317089, 0.41721039192024884, 0.49349034929694235]",stable,0.1315297157901651,1150,"[0.559426142824285, 0.6700528197840703, 0.3621147508169848, 0.5563090687976927]"
"[0.47985490789613616, 0.6092403802676577, 0.41643439697513246, 0.4943751199941361]",stable,0.2124325756845762,1151,"[0.6483276876487792, 0.697213113129255, 0.4010728146712416, 0.5880198836298217]"
"[0.7480591180258738, 0.6266979226951248, 0.47820354699363543, 0.6441040828905958]",stable,0.07551691159492029,1152,"[0.7246045985954807, 0.6448101452952579, 0.4129460326386572, 0.6203113598892798]"
"[0.7479369590705072, 0.6267922571878338, 0.4778636641063699, 0.6439801624582974]",stable,0.21810034468108885,1153,"[0.5751489154859237, 0.5657773398281232, 0.5262469512119736, 0.5360529196849074]"
"[0.4811784357793277, 0.6086367269282198, 0.417959571339533, 0.4949539783231745]",stable,0.2537857141908245,1154,"[0.49711073638570535, 0.4479471673419711, 0.6133913770775649, 0.483180054988767]"
"[0.5151229178493584, 0.5198294654330787, 0.7722060013971984, 0.5611448993038491]",stable,0.14457034030993807,1155,"[0.4804946002784506, 0.42378764649221756, 0.7053849745843714, 0.4836053461083995]"
"[0.5149227541639774, 0.5192743104102993, 0.7718197526872976, 0.5606966937940489]",stable,0.28452611687690604,1156,"[0.3622474414772806, 0.34946447603333974, 0.7309724466437744, 0.39594998572700885]"
"[0.310589685025958, 0.29759339588642936, 0.8312896623245676, 0.38097724368486857]",stable,0.20857305094384845,1157,"[0.4617709685170286, 0.3966770514921096, 0.7787918900661751, 0.47082906727091867]"
"[0.5146172841315236, 0.5185697284624936, 0.7718598224423487, 0.5601802131818469]",stable,0.12218763957632565,1158,"[0.503583789178691, 0.4174862953309425, 0.8199154490209336, 0.5124216793387867]"
"[0.514554235588936, 0.517992108844599, 0.7721344260227977, 0.5599073072741723]",stable,0.1315759423634295,1159,"[0.49731183700143805, 0.439943508755333, 0.8720403872959446, 0.5292129555792973]"
"[0.5144562674151434, 0.5175486508895464, 0.7727020735300315, 0.5597329075486331]",stable,0.1570817503772271,1160,"[0.42401285600410965, 0.46155345973019546, 0.8836173137232046, 0.5272211605358004]"
"[0.5139452876896573, 0.5172322938773467, 0.7733287133051342, 0.5595492253621199]",stable,0.2085551452440988,1161,"[0.33639867805619106, 0.5048661302235005, 0.7340870228501751, 0.4581607756147638]"
"[0.27561856433866033, 0.46204367846780287, 0.5903981987467574, 0.37940995482401524]",stable,0.11950285592448558,1162,"[0.28925248253595287, 0.567261927745851, 0.6040996645450355, 0.43266818144243563]"
"[0.2757828284133265, 0.4633113682181408, 0.5905632766479414, 0.38005162020496003]",stable,0.14482671673236755,1163,"[0.2907483777166582, 0.5664671975746383, 0.504596304751784, 0.43219914964121836]"
"[0.2759609897145567, 0.46453941380571817, 0.5895398603158443, 0.38067242412682023]",stable,0.20712962435597296,1164,"[0.29234438265153123, 0.6008773098448095, 0.43448337764501954, 0.38260400563049]"
"[0.2122012702783513, 0.613521804636811, 0.3573950513862863, 0.3545850646090068]",stable,0.09880069940757882,1165,"[0.25580803697591986, 0.5920260151881895, 0.44332910355424493, 0.35823168161462604]"
"[0.21237853355760972, 0.6134344233788899, 0.35774437680160326, 0.35459988825537114]",stable,0.2409395544349916,1166,"[0.32176709432587763, 0.5964161804791206, 0.549442260546378, 0.44972250617959836]"
"[0.27649988506292517, 0.4660909051783464, 0.5890681238479683, 0.3814847780333235]",stable,0.22802843029885544,1167,"[0.35231524409192655, 0.630459494497456, 0.649702194911395, 0.5062063584890922]"
"[0.27738145900512284, 0.46800216784484766, 0.589773171185915, 0.38293502896885573]",stable,0.38144938252723504,1168,"[0.5760609457363918, 0.5996064079663942, 0.5263477746131109, 0.5698888700312086]"
"[0.48247819618969845, 0.6085130239287426, 0.4194443412473902, 0.49598048368903797]",stable,0.22291251528312936,1169,"[0.6710767812608271, 0.6204162691174804, 0.48078954632773013, 0.5970529415925017]"
"[0.7475387198072446, 0.6267592209802154, 0.4778788241178795, 0.6437370162361948]",stable,0.050180874260938285,1170,"[0.7433503344257111, 0.6576921301227119, 0.5156682635963434, 0.6544929897101964]"
"[0.7475171301918759, 0.626918668965486, 0.4780736150430262, 0.643792459398432]",stable,0.07487347992005511,1171,"[0.7927497475930776, 0.6746640943367104, 0.4787618376965822, 0.6795688346211314]"
"[0.7477490923323948, 0.6271635173007231, 0.4780771443899675, 0.6439759279893177]",stable,0.09359891628619363,1172,"[0.7751876982787415, 0.704095029619584, 0.49630570539564994, 0.6858942057409865]"
"[0.7478890852198761, 0.6275560250166357, 0.47817014725224144, 0.6441897967533569]",stable,0.10283760271673006,1173,"[0.8369716306749702, 0.6563609791877305, 0.46415138692944025, 0.6843597059140468]"
"[0.7483412808820847, 0.6277022430581133, 0.47809898603232875, 0.6443937049216852]",stable,0.11211811691817408,1174,"[0.6870188785882735, 0.5613765903374296, 0.5146823341149463, 0.588962652681676]"
"[0.7480315717795908, 0.6273672650140695, 0.47828375041658444, 0.6441137501123922]",stable,0.3194304795004181,1175,"[0.5398802194032504, 0.46517584329295664, 0.5805811028354133, 0.4959987942640728]"
"[0.5140909895532169, 0.5169398419077714, 0.7722458615609223, 0.5591922004683106]",stable,0.1336652252656444,1176,"[0.4803435666257723, 0.44708108761434967, 0.6853471378532408, 0.4936493125427775]"
"[0.5139024564642368, 0.5165495695374172, 0.7717603938307117, 0.5588260390832518]",stable,0.1863840990215894,1177,"[0.4246167830512384, 0.38935057426703956, 0.7816233890189466, 0.45640417706444086]"
"[0.31130235438861603, 0.29816687825130817, 0.8309792481164073, 0.3814486620184909]",stable,0.09472887558185043,1178,"[0.3724249032041142, 0.3198163681564061, 0.831840377786875, 0.45050046820658746]"
"[0.3116819975489607, 0.2983013471327063, 0.8309845967479009, 0.38187755522462813]",stable,0.2790451950829347,1179,"[0.48986460495230827, 0.45511062027596716, 0.7599905841573779, 0.5102827005670031]"
"[0.5137689128447261, 0.5162082420415202, 0.7716950059991932, 0.5585563538692726]",stable,0.12357511108445147,1180,"[0.5976981290015726, 0.5010275957673103, 0.6849983545551049, 0.5804637353173475]"
"[0.5142326101715595, 0.5161243710676294, 0.7712160189746401, 0.5586773891258918]",stable,0.14401961445418865,1181,"[0.6050777134911572, 0.6003705151777846, 0.7168774414663902, 0.6080608149622556]"
"[0.514731759090898, 0.5165872619693336, 0.7709174553619574, 0.5589487266304872]",stable,0.21351521505533144,1182,"[0.46399279161261203, 0.5573532392406071, 0.5731638652214751, 0.5115571986636658]"
"[0.48222839342514323, 0.607821675487011, 0.42152163211190485, 0.4961909798373438]",stable,0.2774287334940202,1183,"[0.34257646270297093, 0.4909218872007686, 0.6226576067437515, 0.43837403058200425]"
"[0.2781308268637188, 0.46826561289491575, 0.5901511532038212, 0.3835722588724551]",stable,0.10319103543341702,1184,"[0.30859053293893884, 0.41931615921048987, 0.6712171600417998, 0.4110103641090232]"
"[0.27847695988730087, 0.4677093691030473, 0.59107235782698, 0.3838840555228707]",stable,0.19187758746437605,1185,"[0.3129425350637228, 0.3494564729961083, 0.7381143176222276, 0.37898024875649233]"
"[0.31168977864473085, 0.29861711951457914, 0.8304113234199647, 0.3818596706168001]",stable,0.06619304802034083,1186,"[0.2793127992366001, 0.2708246209394687, 0.7841333045058407, 0.3613859606705034]"
"[0.3114911468692208, 0.2984466133883515, 0.8301274091934977, 0.3817340650343075]",stable,0.1461359915824275,1187,"[0.19089673622359782, 0.26608454830671524, 0.800808410848679, 0.31169258277898515]"
"[0.3107558150969914, 0.29824928372321957, 0.8299486348133464, 0.3813069828254336]",stable,0.12902248381960416,1188,"[0.19595631350198742, 0.29644798329718575, 0.7961304587058797, 0.3331306188482899]"
"[0.31006006054187013, 0.29823836675094056, 0.8297436761702708, 0.3810150048619358]",stable,0.1259084251414495,1189,"[0.19672404318279554, 0.3061816959873778, 0.8458299228557022, 0.32918822723684565]"
"[0.3093773134493456, 0.29828621813188294, 0.8298405812707854, 0.3807027953581702]",stable,0.12962861642599519,1190,"[0.20526574476053683, 0.2662415281807616, 0.880343947500201, 0.33184680998168564]"
"[0.3087538908823468, 0.29809433376091815, 0.8301429966374286, 0.38041024454753253]",stable,0.12530330145421906,1191,"[0.40414380049081816, 0.35933419131142447, 0.8002056001862228, 0.42462692286162096]"
"[0.3093216879633496, 0.2984588567225283, 0.8299647978490285, 0.38067343906130685]",stable,0.2747854651052976,1192,"[0.4702466024522904, 0.4718790640955365, 0.7433936195212925, 0.49040532361412026]"
"[0.5144886708032553, 0.516342954877127, 0.7707670518874182, 0.5585741725156437]",stable,0.17606726170940004,1193,"[0.6002011629561043, 0.5329507774790433, 0.61787304650047, 0.5577662864139528]"
"[0.5149544995649556, 0.5164332147825722, 0.7699361062059675, 0.5585697818303084]",stable,0.3434128319830347,1194,"[0.7273432612126373, 0.5998121670699595, 0.5225084558051784, 0.6267672541366536]"
"[0.7479276104199578, 0.6272287971852045, 0.47850598511702963, 0.6440265817909062]",stable,0.22838631062514794,1195,"[0.5485934705120139, 0.6040938732811822, 0.4820639151837125, 0.5350388578137422]"
"[0.4831132611196349, 0.6077719714576, 0.4223288625528623, 0.4967089515436958]",stable,0.05637035139757029,1196,"[0.4402419524734788, 0.5807987333038414, 0.43807117863956474, 0.477622534400121]"
"[0.4825491649532381, 0.6074170604292611, 0.42253599829084526, 0.49645781447601717]",stable,0.11701198963778389,1197,"[0.3815221625966571, 0.623656020951122, 0.410393637678021, 0.4410122578122609]"
"[0.4812371259615942, 0.6076279560204542, 0.4223783052958735, 0.49573774231155276]",stable,0.12601367239522815,1198,"[0.3634484116123554, 0.6222217218172743, 0.4244626677217145, 0.4534536810634817]"
"[0.479727014239168, 0.6078150555819518, 0.42240502789107653, 0.4951956389622185]",stable,0.1689012271530451,1199,"[0.3427217321016726, 0.6060713058550364, 0.36479409939617163, 0.4149764551277101]"
"[0.21290623881487314, 0.6134046131864855, 0.3577729181886258, 0.3548443277973644]",stable,0.11702281428027887,1200,"[0.31146244600580897, 0.5894170688949528, 0.3967414044962015, 0.3982847223624695]"
"[0.21330364287612694, 0.6133078892175682, 0.3579300491818015, 0.35501949067867533]",stable,0.10908453062021205,1201,"[0.29097265748860024, 0.6209585024509708, 0.40055943525272397, 0.4181951390736741]"
"[0.2136155666295907, 0.6133386145719192, 0.3581012515355, 0.35527320814210905]",stable,0.11883046065329325,1202,"[0.32179997786987113, 0.6179611791314885, 0.3598055199464287, 0.4041867942889444]"
"[0.21404830427455182, 0.6133571048301575, 0.35810806860914374, 0.3554688624866964]",stable,0.07073577331297407,1203,"[0.2624746677397628, 0.6253190687374945, 0.3087266197455165, 0.3642336143558749]"
"[0.2142412379935367, 0.61340476205688, 0.3579113297690496, 0.3555037818168525]",stable,0.06471030923161963,1204,"[0.2338109692226052, 0.6080517867615137, 0.30488464852233793, 0.32445597236238866]"
"[0.2143188956571441, 0.6133835200914222, 0.35770090643076896, 0.3553805762237792]",stable,0.18783387580230163,1205,"[0.37546136881966546, 0.5888525215406525, 0.27520616508681167, 0.399055695029299]"
"[0.21495582242853747, 0.613286559622842, 0.357374840259449, 0.3555532051518643]",stable,0.3988409063553092,1206,"[0.5611959720506373, 0.7019027275648092, 0.28114805481545707, 0.5153295467426866]"
"[0.480758266869693, 0.6090060387716082, 0.4206169649407523, 0.4954504985543763]",stable,0.23604803982895825,1207,"[0.6284740865286277, 0.6631357632878063, 0.26657515636116574, 0.5805375590448707]"
"[0.48260471461542964, 0.6096826603280607, 0.4186914423335074, 0.49651408681050746]",stable,0.28401950259450204,1208,"[0.698741133422305, 0.6838420102827112, 0.27209837905205175, 0.5799586248668124]"
"[0.7476816780349697, 0.6275118632506921, 0.47747394708670476, 0.6437062420062857]",stable,0.2053602104464983,1209,"[0.7693537957995054, 0.6699864704455787, 0.27806576514218806, 0.6320692293547168]"
"[0.7477894995163853, 0.627723179704398, 0.47648186657951813, 0.6436483464209546]",stable,0.1686234586028579,1210,"[0.79863861921523, 0.6709660801341382, 0.3220720413630762, 0.6319909343542169]"
"[0.7480412278317261, 0.6279372534689016, 0.4757174615041892, 0.6435906364602281]",stable,0.20013873401368346,1211,"[0.6838880859890122, 0.6154824221052756, 0.299061167078957, 0.5759347567456173]"
"[0.7477252025024517, 0.6278758996198197, 0.47484723345283336, 0.6432573562645897]",stable,0.331432768978013,1212,"[0.5247003707177341, 0.5860480983817901, 0.3200446831573358, 0.45780059519766825]"
"[0.4831244140734828, 0.6093908756126747, 0.41747358110911026, 0.49603614246960825]",stable,0.1465136964913179,1213,"[0.5790277490816106, 0.6243256373322795, 0.30828602201810895, 0.507164638594267]"
"[0.48429396693943555, 0.6095730068531576, 0.4161420255104395, 0.49617185583698215]",stable,0.22009369754394847,1214,"[0.653927781336379, 0.6709168329344639, 0.35997802145312585, 0.6090795365397002]"
"[0.7472654112222259, 0.6280868845870483, 0.4742841490802858, 0.6430898179326049]",stable,0.31415011141187726,1215,"[0.5162253044112535, 0.6273014713736796, 0.3074049223875972, 0.510947968507815]"
"[0.4846786818487345, 0.6097866028112362, 0.4148319399306462, 0.49634988129084756]",stable,0.09274029489311197,1216,"[0.41749612577611667, 0.6325927558949289, 0.3591918174514654, 0.4746399156428817]"
"[0.4838788895145367, 0.6100581046336611, 0.4141695575201798, 0.496091429318848]",stable,0.16369077483762878,1217,"[0.3679032333423201, 0.5963846444873023, 0.34101644022074185, 0.4077400011506079]"
"[0.21555797758961534, 0.6132200166498674, 0.3573104371096903, 0.355758664978631]",stable,0.0474836559655264,1218,"[0.25264892834399444, 0.6328196253607214, 0.3373860999883744, 0.3656498269248465]"
"[0.21570343229845604, 0.6132968778604982, 0.3572323024543126, 0.35579745384900835]",stable,0.03894670181332812,1219,"[0.217819966722289, 0.6193744821416546, 0.32104916789662463, 0.3429052327854777]"
"[0.21571170001104914, 0.6133206185022215, 0.3570909620849466, 0.35574709361047896]",stable,0.04029365145369964,1220,"[0.2103243754386695, 0.6262791125783735, 0.319432519435782, 0.35865814323938905]"
"[0.21569073765862742, 0.6133710406581598, 0.35694443117969693, 0.3557584206518366]",stable,0.10965428701515113,1221,"[0.1484664451031431, 0.6262165680100916, 0.27610177834677535, 0.3273962087986985]"
"[0.21543017838515657, 0.613420829523865, 0.3566310875640654, 0.35564848959814227]",stable,0.09733986096808084,1222,"[0.2087688470640235, 0.6570095634079147, 0.2701705876393742, 0.3482134758474246]"
"[0.21540445895920624, 0.6135891257936875, 0.35629726324003186, 0.35561978298134417]",stable,0.2446866360071772,1223,"[0.37996394938781103, 0.7313297988975883, 0.2766062681629073, 0.4677723716765893]"
"[0.48265636080716345, 0.6114848304485309, 0.41255116588068247, 0.4957582639348214]",stable,0.14094042052713035,1224,"[0.5176068219102182, 0.6840827011817742, 0.2995954614969856, 0.520521652621154]"
"[0.4830627615176641, 0.6123289917361266, 0.4112377274576162, 0.49604621031489504]",stable,0.21448259726023977,1225,"[0.6288929335690356, 0.6527072400690501, 0.3101531123070707, 0.6095708467970105]"
"[0.7466879845019665, 0.6282069838820825, 0.47348350987651405, 0.6429263107563337]",stable,0.2064486624420987,1226,"[0.6445276233948437, 0.676194807171242, 0.31085099014045486, 0.5843418146599891]"
"[0.7461920604189222, 0.6284399344805736, 0.4726940316253681, 0.6426419199985843]",stable,0.37072013846482005,1227,"[0.45689162469730044, 0.6404331401685537, 0.3001400244512879, 0.4883047676983413]"
"[0.4827619438530622, 0.6126520279250052, 0.4099607423655895, 0.4959572282158542]",stable,0.15324877288724428,1228,"[0.42668874497121656, 0.619387147262037, 0.27682222789831357, 0.44526445859763286]"
"[0.48212474841122305, 0.6127285633720169, 0.40844780470118863, 0.49538117401564713]",stable,0.193319174854168,1229,"[0.37211441847897725, 0.6683687351635413, 0.2688225510166985, 0.4436222086951712]"
"[0.48088867728838885, 0.6133537338415845, 0.406878981626082, 0.49479961260755195]",stable,0.2322562184622073,1230,"[0.311552939683898, 0.630580053385938, 0.2817267537310145, 0.3983188748814933]"
"[0.21577426080814735, 0.6136544755151961, 0.35601045358807415, 0.35578401025788325]",stable,0.12365331782967752,1231,"[0.23918526548741365, 0.6335798353932057, 0.2367503414679104, 0.36683270072383417]"
"[0.21586395814408324, 0.6137308178902077, 0.3555535182925946, 0.35582634240526234]",stable,0.1903353301695942,1232,"[0.37820661683678053, 0.6497036120420702, 0.28134151358820847, 0.41124236461922803]"
"[0.47974776550559317, 0.6137576213771455, 0.4054841208701056, 0.493871198741015]",stable,0.13536837523414258,1233,"[0.5575799461173657, 0.6394291201336155, 0.2980326468691213, 0.5017390803720763]"
"[0.4806030641936346, 0.6140397257590847, 0.4043033354415234, 0.49395765897871896]",stable,0.22963639131208693,1234,"[0.6660442930487411, 0.685933695053064, 0.3561984388566496, 0.5981766541727855]"
"[0.7458048731369407, 0.6287176821161894, 0.47213125098397335, 0.6424271119511167]",stable,0.11949015078724098,1235,"[0.7371621985301827, 0.6831967628318522, 0.3664060222056741, 0.6500037916297011]"
"[0.7457633218167158, 0.6289796007734763, 0.47162295661484693, 0.6424635382957253]",stable,0.12513981702295057,1236,"[0.7793947046823345, 0.6919475782500573, 0.3744822355532577, 0.6760435623461488]"
"[0.7459242375242069, 0.6292808829623593, 0.4711581684757963, 0.6426242082672583]",stable,0.13906464520042014,1237,"[0.7961348585331607, 0.7025911295487274, 0.3675265160733084, 0.6691564047159086]"
"[0.9109490381354656, 0.7037345626570147, 0.3865066798403824, 0.7363827179663904]",stable,0.34280978285779456,1238,"[0.6508338224911225, 0.579917698514061, 0.4659044770241927, 0.5683827305572567]"
"[0.7454714260240493, 0.6290458201792722, 0.47113315089745533, 0.6422706774210203]",stable,0.27308819503916454,1239,"[0.579667434815011, 0.46526070516131757, 0.523458298431799, 0.5098972896009358]"
"[0.48167985083082343, 0.6124225624917178, 0.405598498082722, 0.49413091583330826]",stable,0.3364500205892575,1240,"[0.516886969892371, 0.36591011822898767, 0.6290276235099906, 0.4584922310046276]"
"[0.5149649453505093, 0.5156195764228231, 0.7691744387319351, 0.5580288220961155]",stable,0.26691303371999714,1241,"[0.4195443820138877, 0.3270262358757563, 0.7084480099279996, 0.4067597360006651]"
"[0.3099738932535894, 0.29862789446899707, 0.829245763600975, 0.38082779584793025]",stable,0.10124810988159083,1242,"[0.3947249092340121, 0.2837845835905513, 0.7903679253279503, 0.41738781305612066]"
"[0.3104724286417096, 0.29854058087559443, 0.8290170704346632, 0.38104285477268435]",stable,0.04978824638479057,1243,"[0.3314768177499997, 0.33895512948391043, 0.8285005789202241, 0.4011446609990345]"
"[0.3105952613265534, 0.2987769232651168, 0.8290140500164501, 0.38116040919506067]",stable,0.07823882357151557,1244,"[0.3601201760862846, 0.34258879650956897, 0.8404984343610871, 0.42137514543605586]"
"[0.31088319687748206, 0.29903164345839844, 0.8290808196928724, 0.381394215801113]",stable,0.10430917449171757,1245,"[0.34692239303688766, 0.3298426751088656, 0.9096281159288475, 0.4277018136770064]"
"[0.31109151593042655, 0.2992097419072451, 0.8295464110005948, 0.3816618897772742]",stable,0.07576048341391213,1246,"[0.28632311270715427, 0.3247772169386283, 0.8941113487045398, 0.39909318601950317]"
"[0.3109491687854652, 0.2993566814189197, 0.8299174738609623, 0.3817620696407353]",stable,0.24260876148597743,1247,"[0.4566457451890091, 0.4355144112352612, 0.8190875910342506, 0.5195129499401585]"
"[0.5146514012636195, 0.5151889034917071, 0.7694427890131303, 0.5578217475146319]",stable,0.12238395607049268,1248,"[0.5980266448780217, 0.5399985632178906, 0.6847890841624188, 0.5734624794355802]"
"[0.5150972581813436, 0.5153215754688525, 0.7689900954043031, 0.5579053877922839]",stable,0.23587873648053273,1249,"[0.6846124066124735, 0.5783001736164183, 0.6437104918432096, 0.6430059746467074]"
"[0.7451829946524304, 0.6288053194846616, 0.47195105298724566, 0.6422741622419951]",stable,0.15246548270630134,1250,"[0.7787432163214196, 0.5983336841451466, 0.6161153637826343, 0.662462422964999]"
"[0.7453412975848314, 0.6286615853557016, 0.47263107332118615, 0.6423693898869149]",stable,0.11551736803994245,1251,"[0.816291374270181, 0.5980653704626153, 0.5503498378250145, 0.6788935492260851]"
"[0.7456743965364058, 0.6285179411543257, 0.47299595014984264, 0.6425408648133899]",stable,0.1550091214910038,1252,"[0.8634410267658511, 0.6522250553441645, 0.4979613654032642, 0.7372696847565732]"
"[0.9107494246423159, 0.7035181361557002, 0.38697497683854576, 0.7363864447176097]",stable,0.07124188107511366,1253,"[0.9107536285787943, 0.682294068279951, 0.4547921533833558, 0.74146336403381]"
"[0.9107494422320083, 0.703429332524421, 0.3872587307153023, 0.7364076870578449]",stable,0.10569951869721525,1254,"[0.9532945490360687, 0.6765997665448635, 0.47921778704710877, 0.7500461799278899]"
"[0.9109267135103585, 0.7033175426661729, 0.38764189345001815, 0.7364645141114701]",stable,0.07834818754141842,1255,"[0.9512422300888144, 0.681885665603919, 0.449923908547305, 0.7496827914215921]"
"[0.9110939978115139, 0.703228613715707, 0.3879003250479322, 0.7365193617351636]",stable,0.0614506735226628,1256,"[0.8921356523283661, 0.6946289318169041, 0.4438957576734694, 0.7509180911669165]"
"[0.9110156575409224, 0.7031930778400921, 0.3881317111331617, 0.736578860617113]",stable,0.046126976339441586,1257,"[0.911560811805198, 0.7323966112160541, 0.4206189240702681, 0.7513820827996557]"
"[0.9110179009741087, 0.7033132569897874, 0.3882654033674708, 0.7366397792269177]",stable,0.047952559713934965,1258,"[0.8656709478046075, 0.7151737383475489, 0.3785673207689155, 0.7337453022041459]"
"[0.9108320528053813, 0.7033618655199422, 0.3882256571273127, 0.7366279166161687]",stable,0.060799106706952835,1259,"[0.8536380026799988, 0.7076858343864958, 0.4021592716525919, 0.7220495186890754]"
"[0.9105986077028285, 0.7033795143724587, 0.38828252902333427, 0.73656841295116]",stable,0.05785704452595722,1260,"[0.8655775908978155, 0.7165270424043917, 0.37581546919563946, 0.7050682451258365]"
"[0.9104155954393937, 0.7034329596083608, 0.3882318499183437, 0.7364403634884554]",stable,0.072170749462089,1261,"[0.94153822420594, 0.7479443523517706, 0.41936404402200916, 0.7723502710755404]"
"[0.9105415979850072, 0.7036131676761479, 0.3883578911900184, 0.7365857477296986]",stable,0.21014662662795755,1262,"[0.8044261934513837, 0.6094589137435321, 0.5375683277195158, 0.6944864876311535]"
"[0.745948937643485, 0.6284288802785742, 0.4732976902319439, 0.6427836013686131]",stable,0.19695958886392545,1263,"[0.6825228768225514, 0.5281928335034836, 0.6224815677543682, 0.5931134889421056]"
"[0.7456539327094343, 0.6279626661075274, 0.4739915687320482, 0.6425525775898852]",stable,0.3330570297140887,1264,"[0.5817814076083884, 0.4694901586244825, 0.6924301040004409, 0.5365155499023181]"
"[0.5154519611038278, 0.5150777913367016, 0.768582861407474, 0.5577916120588267]",stable,0.09659381596155191,1265,"[0.48833446393818153, 0.4463661546429052, 0.7309112629908717, 0.5082480122190562]"
"[0.5153084822828456, 0.5147142377034011, 0.7683835407809311, 0.5575294766099389]",stable,0.16389671047496657,1266,"[0.41369734561791477, 0.4170324889734006, 0.7461924059456885, 0.476887439743619]"
"[0.5147736868267144, 0.5142001232364011, 0.7682667453344298, 0.5571050448369582]",stable,0.2184798359993901,1267,"[0.3919047496778585, 0.38413344858262355, 0.792399803760281, 0.43407285938228246]"
"[0.31141177210485027, 0.29984112008842656, 0.8297030871746727, 0.3820609884392584]",stable,0.08124611693273785,1268,"[0.3850651840240738, 0.3175029442018421, 0.8367705814551117, 0.4105954749930415]"
"[0.3118302573998459, 0.2999414713617983, 0.8297432433921752, 0.38222311620376853]",stable,0.2002808181584959,1269,"[0.4561718248434573, 0.3760627175739232, 0.876144151183646, 0.48866760719037794]"
"[0.5144668707953884, 0.5134768907460217, 0.7688315485064152, 0.5567467336450913]",stable,0.07738668167011305,1270,"[0.5474602481449288, 0.44732889685771193, 0.7460126314758437, 0.5547781094843421]"
"[0.5146387113024172, 0.51313236994452, 0.7687126999802144, 0.5567364803942542]",stable,0.21947639111756964,1271,"[0.6745863056436305, 0.6100652366979596, 0.7094525488564347, 0.6551179174349774]"
"[0.5154674553145479, 0.5136346127774395, 0.7684056525650652, 0.5572462287727036]",stable,0.3233926171436229,1272,"[0.7242023153051579, 0.6269421792450459, 0.5868528600485803, 0.6805852816244156]"
"[0.7455546196658959, 0.6279579416313121, 0.47451407471036544, 0.6427286549233784]",stable,0.06620116244631934,1273,"[0.7342905084961366, 0.6406375414406427, 0.5251588191989404, 0.6818445252723998]"
"[0.7455027113194915, 0.628016372966839, 0.4747474606296676, 0.6429089123904246]",stable,0.08424877033817718,1274,"[0.7803700802761472, 0.6906026966855269, 0.49709923370998904, 0.6811903988960554]"
"[0.7456626533789258, 0.6283034661949064, 0.4748499916988434, 0.6430845155395329]",stable,0.1336955278258199,1275,"[0.8288152721268474, 0.7004355068036218, 0.46216909073422546, 0.7178929350144528]"
"[0.9102120563484823, 0.7036003545274683, 0.38865551699463213, 0.7365103734848791]",stable,0.060837866253019464,1276,"[0.8580487588862541, 0.7117078465464889, 0.4185836248534183, 0.7321729432270244]"
"[0.9100025651940156, 0.70363291473638, 0.38877571019888424, 0.7364929540862533]",stable,0.05525225238551367,1277,"[0.8887154714533791, 0.7461014522001249, 0.36060185492887836, 0.7380188107850021]"
"[0.9099174168190529, 0.703802788886235, 0.38866301477780424, 0.7364990575130482]",stable,0.25672356332927115,1278,"[0.720790923860387, 0.6578801568318039, 0.5417983067891955, 0.6688318436246867]"
"[0.7455490838377452, 0.62843851957681, 0.4751556917677491, 0.6432020832476844]",stable,0.25854752984428353,1279,"[0.56657769127933, 0.5550066384668523, 0.6175687044140086, 0.5475864020026516]"
"[0.5157309101391085, 0.5138478706418179, 0.7676281425230495, 0.5571964358512085]",stable,0.12427271591184647,1280,"[0.516594256671372, 0.450952454040037, 0.6802345120230269, 0.49515223812583153]"
"[0.5157353375572228, 0.51352533004386, 0.7671799700589467, 0.5568782604782578]",stable,0.2091212597428682,1281,"[0.41086361310729597, 0.3723644819944998, 0.7418131228866659, 0.44658881977849574]"
"[0.31238976788406875, 0.3003506409133955, 0.8292464630503361, 0.3825867642465636]",stable,0.0906719997826724,1282,"[0.3449334415108358, 0.34135680412277775, 0.7573574287796283, 0.4002724132856549]"
"[0.3125725975111854, 0.30058101261681897, 0.8288425920712873, 0.3826861218254349]",stable,0.09165143322526591,1283,"[0.31726230224731755, 0.31286371904562266, 0.7423284300160216, 0.35543861242746755]"
"[0.31259879697898496, 0.30064963108848825, 0.8283592727301964, 0.3825339011025412]",stable,0.0926945890354875,1284,"[0.3632793272094742, 0.2882574871072661, 0.7517978263996982, 0.37960979519726246]"
"[0.31288035548026544, 0.3005807858441481, 0.8279339313616936, 0.38251765606973415]",stable,0.046870040880117377,1285,"[0.2994505462266815, 0.2712134853486986, 0.8109058073383698, 0.35312300333539315]"
"[0.3128061576390854, 0.30041853556516773, 0.8278398533284156, 0.3823552546734118]",stable,0.1521051292679337,1286,"[0.29395094740135846, 0.33860055862920435, 0.6821148260771392, 0.3730385522601066]"
"[0.31270255758283416, 0.3006283269006844, 0.8270391663654965, 0.3823040640008113]",stable,0.24204824050424917,1287,"[0.26668424902653237, 0.35280140849363867, 0.602522723386817, 0.3245113101460575]"
"[0.27834445751807874, 0.4664182684220427, 0.5912010136197872, 0.3832169460242548]",stable,0.13815123986995573,1288,"[0.20919670565912457, 0.3951394757831597, 0.566399264449538, 0.29043461770416085]"
"[0.27757614916409035, 0.46562628183716626, 0.5909254386290066, 0.3821860312651426]",stable,0.1369374820606405,1289,"[0.1852322772735529, 0.4363522900724879, 0.519316260373499, 0.3170734955050854]"
"[0.2765613813411174, 0.4653045896199719, 0.5901385245822428, 0.38147050889415296]",stable,0.20449446501629667,1290,"[0.18080529916237176, 0.45507458452039257, 0.4268956619178218, 0.3046859158245387]"
"[0.21573014646858055, 0.6131252597475747, 0.35582581655070616, 0.355631149937397]",stable,0.11078865969796312,1291,"[0.18689250001619387, 0.5127914941986293, 0.3659438627573291, 0.31994813021529195]"
"[0.21562049762275395, 0.6127437625401644, 0.3558642882092865, 0.35549547305632434]",stable,0.10273813176692721,1292,"[0.17639279135567018, 0.5432469840823528, 0.3283476697692954, 0.2969348696305083]"
"[0.21547190782628772, 0.6124805171672181, 0.3557600585939835, 0.3552736525888023]",stable,0.05269247604377437,1293,"[0.19290212083541391, 0.590768034019815, 0.3395801623882938, 0.316108862519696]"
"[0.215386738818775, 0.6123985832685486, 0.35569900238188656, 0.35512586092816417]",stable,0.05488136440334909,1294,"[0.178955904038053, 0.59559390609224, 0.3575017668806749, 0.31772116468404404]"
"[0.21524978079328355, 0.6123354077904422, 0.3557057796920324, 0.3549852417693517]",stable,0.03181708018431696,1295,"[0.19383372476195565, 0.6202496938179473, 0.37051181478770207, 0.3384981396304398]"
"[0.21516957084560068, 0.6123650493111444, 0.3557612330069974, 0.3549234923231386]",stable,0.03376644751167052,1296,"[0.2303342772998841, 0.6280488473505436, 0.3469800166563655, 0.3791539148158759]"
"[0.21522615557117636, 0.6124235709456198, 0.35572846727434576, 0.3550139043473652]",stable,0.041240165260700186,1297,"[0.20033999128499205, 0.613915556600378, 0.31757399359181965, 0.3504135282333924]"
"[0.2151708166704842, 0.6124291173606933, 0.3555866290822174, 0.3549968025774248]",stable,0.06655246311257156,1298,"[0.19454820052769753, 0.634542067142514, 0.29664234500648906, 0.34863073027780517]"
"[0.2150944366106961, 0.6125110171747, 0.35536831691897397, 0.3549732245318706]",stable,0.055933853561501067,1299,"[0.19692849181311128, 0.6236761193448711, 0.30573766645369843, 0.3404565633532857]"
"[0.21502740360406297, 0.6125522168137044, 0.35518517798736776, 0.3549196575164515]",stable,0.09563651408949782,1300,"[0.18236037628129476, 0.5580529905622951, 0.3925303315296116, 0.29397392757588753]"
"[0.21490730423890572, 0.6123518520113095, 0.35532247634597897, 0.3546955923328465]",stable,0.09128605335502298,1301,"[0.1938087061833579, 0.5549421420481669, 0.42088839602689004, 0.3375716887016441]"
"[0.21483001999694404, 0.6121415600334226, 0.35556264454993836, 0.35463286741112043]",stable,0.054564369989639046,1302,"[0.22490317456634848, 0.589272319327392, 0.4040661750225069, 0.3550882690068094]"
"[0.21486678333478856, 0.6120580956512838, 0.3557396647341448, 0.35463452946073976]",stable,0.07853229578969209,1303,"[0.20308817858266828, 0.608843705909203, 0.42951060974720534, 0.3786366402545642]"
"[0.21482395204478086, 0.6120464069613126, 0.3560079227160105, 0.35472180986362645]",stable,0.02981383021650524,1304,"[0.2036044324246036, 0.6098213503589743, 0.3804861631783515, 0.36732544896728464]"
"[0.21478330161137443, 0.6120383451620288, 0.356096611993048, 0.35476747522269764]",stable,0.09952468744179929,1305,"[0.1447530887644571, 0.5621509938526715, 0.37791570583740214, 0.30964417722541765]"
"[0.21453048495849747, 0.6118582464208397, 0.35617538128490484, 0.35460457522992767]",stable,0.06821650228925785,1306,"[0.193274072629272, 0.5937588335424322, 0.2980689253509658, 0.3322952240129064]"
"[0.21445402304364417, 0.6117931406191189, 0.35596636525636544, 0.3545243257651183]",stable,0.06594415362766651,1307,"[0.17498593925802217, 0.5864495301858378, 0.3159239805656676, 0.3311745806177156]"
"[0.21431256037774588, 0.6117023033057379, 0.3558228441642841, 0.354440634922296]",stable,0.09242073840983404,1308,"[0.155503585900428, 0.6809473379531099, 0.3403529733281863, 0.3474473751570752]"
"[0.21410252832604115, 0.6119496070009072, 0.3557675946255837, 0.354415658994563]",stable,0.08178652839394661,1309,"[0.1444048353990722, 0.6456457617461169, 0.35566838306863097, 0.32803712340507996]"
"[0.21385449383163913, 0.6120695221423492, 0.35576724155954476, 0.35432178520242963]",stable,0.06541279752451909,1310,"[0.17323154008020783, 0.6536879206218449, 0.3347660945507915, 0.33298003174092955]"
"[0.2137104408041518, 0.6122171051156807, 0.35569276940703143, 0.35424610522561584]",stable,0.05232375981563971,1311,"[0.17947063702533705, 0.6107948570513403, 0.3649274855696437, 0.3157999232789975]"
"[0.2135894520982196, 0.6122120795041459, 0.3557254009129064, 0.3541102529925889]",stable,0.07821856606191202,1312,"[0.15914242397400077, 0.6015721146522074, 0.3206679765528134, 0.31154931608551306]"
"[0.2133977372104583, 0.6121746148391743, 0.3556019592778356, 0.3539603905386908]",stable,0.058441986195483256,1313,"[0.168591158786024, 0.5907044108177706, 0.3844089005448756, 0.34314250005649966]"
"[0.21324052114581116, 0.6120992807899764, 0.3557030362647375, 0.35392243302822696]",stable,0.08910736994174116,1314,"[0.19159703431848002, 0.6171851248296281, 0.440477823326838, 0.370017541753219]"
"[0.21316484461844284, 0.6121170634614438, 0.3559994516041155, 0.3539787096321605]",stable,0.054870663659529396,1315,"[0.1715509422680374, 0.5985478865025552, 0.3349017515665624, 0.3284868020654067]"
"[0.21301984844300587, 0.6120697840992178, 0.3559259404541589, 0.353889887654576]",stable,0.04604331832459625,1316,"[0.2256905423602979, 0.5780694817734642, 0.3371214934268962, 0.3326810948612408]"
"[0.21306384390799646, 0.61195172749392, 0.3558606472353142, 0.35381624601293254]",stable,0.1921979012861741,1317,"[0.38446207757172124, 0.5974790423553835, 0.37014637372757814, 0.43836882231451035]"
"[0.4806344984301879, 0.6122618794794991, 0.40521729244449467, 0.4935313234298803]",stable,0.1325902030382724,1318,"[0.5605257375847572, 0.5965128692646826, 0.3017990991588591, 0.5094749059277458]"
"[0.4814844052297046, 0.6120943368176394, 0.4041170988989028, 0.4937009360096448]",stable,0.1812605735708463,1319,"[0.6242621548040181, 0.6035327373468053, 0.29905863319900056, 0.5305699956262159]"
"[0.48298732890943413, 0.6120042147179463, 0.40301122031258807, 0.4940890313740298]",stable,0.23593208348044695,1320,"[0.6867685563540924, 0.6485455139289396, 0.3418856202445684, 0.5893022333203473]"
"[0.7452818996219104, 0.6285299150056833, 0.474549918715371, 0.6429570839298328]",stable,0.18833817877025386,1321,"[0.7167146724061083, 0.6506315536861453, 0.3006285788105454, 0.5803626096925228]"
"[0.7451526361503457, 0.6286299224205271, 0.4737629443266614, 0.6426738510147318]",stable,0.2033208219912834,1322,"[0.8241816572062118, 0.7187330935671653, 0.3107682414270752, 0.6628707780621286]"
"[0.9095758400875278, 0.7038622721718164, 0.388352677035371, 0.7362057177542797]",stable,0.11749790551436304,1323,"[0.8258968091273751, 0.7218894728169216, 0.32945890337842254, 0.6813411477734876]"
"[0.9092437804408605, 0.7039338086823128, 0.3881189715843514, 0.7359880012067368]",stable,0.18370090585279147,1324,"[0.8032367926928466, 0.7345929252886417, 0.2550357710072518, 0.6738798563881738]"
"[0.9088247804892873, 0.7040549909613891, 0.3875929510287107, 0.7357425144683235]",stable,0.11212142564259965,1325,"[0.8465706196590993, 0.7471799733884374, 0.30838662386728294, 0.7120311843554485]"
"[0.9085796853679087, 0.7042247743567712, 0.3872811150950043, 0.7356491627749657]",stable,0.1274429848279949,1326,"[0.8483300162188604, 0.7146647685850662, 0.29643453026428485, 0.670460235077029]"
"[0.9083434121555594, 0.7042657155106077, 0.386924853978021, 0.7353935199212484]",stable,0.12015746747421535,1327,"[0.8226925240808982, 0.7305629301453199, 0.33800294678927606, 0.6720149284150411]"
"[0.9080088383740178, 0.7043684390052745, 0.386733752778065, 0.7351459472981773]",stable,0.08058685969294598,1328,"[0.8396836614732424, 0.7121209110964649, 0.36161329614812704, 0.7014595406654267]"
"[0.9077429816545595, 0.7043986042663297, 0.3866360078106333, 0.7350148717859877]",stable,0.1137082996549754,1329,"[0.8400345642107736, 0.7702928710765433, 0.3252650834397811, 0.719629721117397]"
"[0.9074805459280332, 0.704654008401253, 0.38639813601074624, 0.7349552394190552]",stable,0.09852010434829109,1330,"[0.872520318864046, 0.7710173011216853, 0.3232107198635478, 0.7442964012512693]"
"[0.9073455643563576, 0.7049102373306755, 0.3861541691530351, 0.7349913056809555]",stable,0.08977756798845676,1331,"[0.8848779191195245, 0.7095296596737919, 0.3067951495618093, 0.6998341786912661]"
"[0.907259150336216, 0.7049280043396875, 0.3858489421546073, 0.7348560859617644]",stable,0.07862301494225674,1332,"[0.9286333761971713, 0.7400500715587404, 0.3205446288733421, 0.7499062689698842]"
"[0.9073410439218902, 0.7050625716470401, 0.3855987340577442, 0.734913749498194]",stable,0.08421627556341202,1333,"[0.8966883506060521, 0.7596148660406632, 0.32296854369852296, 0.725946719507699]"
"[0.9073003847870968, 0.705270786511138, 0.38535968752965555, 0.7348795241928868]",stable,0.10225657125778033,1334,"[0.9420927257753074, 0.7236543107619076, 0.29097949216740826, 0.735448851394934]"
"[0.907432675057014, 0.7053406858428899, 0.385000827471244, 0.7348816889350999]",stable,0.0944055314227529,1335,"[0.9086978103350162, 0.6886680865337103, 0.292893579896471, 0.7226717269197713]"
"[0.9074374672360973, 0.7052775320576278, 0.38465193638194556, 0.7348354390789812]",stable,0.06952376803070061,1336,"[0.9078171002072768, 0.7129427704585063, 0.31790597403174725, 0.7169572168464026]"
"[0.907438899813347, 0.7053064574855556, 0.3844000648259071, 0.7347679740894243]",stable,0.08595508847570382,1337,"[0.9534652980278968, 0.6930134389198146, 0.3145664584876802, 0.750324227578027]"
"[0.9076119313855822, 0.7052602431300454, 0.3841375324712521, 0.7348264562453964]",stable,0.09250891273309941,1338,"[0.9676961850146729, 0.7361537298088309, 0.4164065102226416, 0.7891595672975287]"
"[0.9078369660433689, 0.7053759490726625, 0.38425839006582657, 0.7350299510433446]",stable,0.17718364205846215,1339,"[0.9066564092319447, 0.6978481518133084, 0.5583335753147965, 0.7671828894421143]"
"[0.9078325609806398, 0.7053478602769186, 0.3849079243391436, 0.7351499246940862]",stable,0.3478496476385245,1340,"[0.7679600368397612, 0.7302685852210168, 0.6999421609334662, 0.7747408528771684]"
"[0.7679600368397612, 0.7302685852210168, 0.6999421609334662, 0.7747408528771684]",stable,0.08235883212614124,1341,"[0.7490174119797578, 0.6905855868257039, 0.7690793213978621, 0.7664061738867655]"
"[0.7584887244097596, 0.7104270860233604, 0.7345107411656642, 0.7705735133819669]",stable,0.11903777585260476,1342,"[0.7135564864209468, 0.641143848870771, 0.7898811885639666, 0.7051133524149974]"
"[0.743511311746822, 0.687332673639164, 0.7529675569650983, 0.7487534597263105]",stable,0.0752368972858628,1343,"[0.7085006154488441, 0.6793225263948671, 0.8151826863724407, 0.726393739873715]"
"[0.7347586376723275, 0.6853301368280897, 0.7685213393169339, 0.7431635297631616]",stable,0.04034818737556531,1344,"[0.7350842461900061, 0.6540852188387154, 0.7459405653465104, 0.7312583229056198]"
"[0.7348237593758633, 0.6790811532302149, 0.7640051845228493, 0.7407824883916533]",stable,0.21392623993706167,1345,"[0.8603637078630081, 0.7054150919430155, 0.5943384466716465, 0.7636708960744959]"
"[0.7557470841237207, 0.6834701430156817, 0.7357273948809823, 0.7445972230054604]",stable,0.21264700225871058,1346,"[0.8635930409066463, 0.7297980005541681, 0.5602979778123774, 0.7704089726178872]"
"[0.9076681017982086, 0.7054387529917039, 0.38555993197287314, 0.7352809992216841]",stable,0.2551093006733978,1347,"[0.6889372339144347, 0.6649780910280858, 0.4581288923604143, 0.6336235177133441]"
"[0.7448994136177515, 0.6287936529097502, 0.4736925206691558, 0.6426330837476084]",stable,0.24658190219615986,1348,"[0.5311087858727422, 0.7051061257352859, 0.4058622367984625, 0.5742835331979195]"
"[0.48348859408613526, 0.6129740262910436, 0.4030409184009826, 0.4949243907680287]",stable,0.07880396142179373,1349,"[0.4418337701749384, 0.633208571729686, 0.3393043164878711, 0.4931499251707835]"
"[0.483059162911793, 0.6131826298522668, 0.4023838400307443, 0.49490609730826324]",stable,0.1315617405064271,1350,"[0.37345615712153396, 0.5899920609725476, 0.35631484508424455, 0.4435688018353297]"
"[0.481940764893525, 0.6129459913943105, 0.4019137482455759, 0.49438224735445785]",stable,0.19034402474090528,1351,"[0.3280991664265733, 0.5797472815320298, 0.34866233860763796, 0.4015073671620603]"
"[0.21346189000667665, 0.6118402934248477, 0.35583573959300385, 0.3539812671933793]",stable,0.10753819756655313,1352,"[0.30906628081828985, 0.5819209921155569, 0.3502162218992849, 0.39267908138820423]"
"[0.21379156031982016, 0.6117371234203329, 0.35581636194578414, 0.3541147079319822]",stable,0.07225140022955509,1353,"[0.25785635231336534, 0.6572946062834476, 0.3455658228243186, 0.38725080825464037]"
"[0.21394298572185985, 0.6118936783442611, 0.35578113672543543, 0.3542285776925411]",stable,0.048465571910928526,1354,"[0.18681936957584824, 0.642877966402558, 0.33579611177694446, 0.37015948410573296]"
"[0.2138500966254694, 0.6119997889198032, 0.35571269485917345, 0.35428313559121644]",stable,0.07765170019860446,1355,"[0.14009842705957887, 0.6272836481694228, 0.3731373350342026, 0.3469849617657844]"
"[0.21359838444265064, 0.6120519522619521, 0.355772164620863, 0.3542582271481262]",stable,0.07659991118122114,1356,"[0.17965210609047863, 0.6076193532964457, 0.4242892095644296, 0.3552396534673608]"
"[0.21348292091084053, 0.6120368753947225, 0.3560052157941404, 0.3542615653328855]",stable,0.09537509452501258,1357,"[0.1394464598036675, 0.6656510584113038, 0.3792243481536729, 0.34006993560560694]"
"[0.21323194985623992, 0.6122186183879991, 0.35608392471739303, 0.35421345811347105]",stable,0.11415983936605871,1358,"[0.11214615504532582, 0.6546049855588644, 0.3680123724438689, 0.324629019223686]"
"[0.21289044379268954, 0.6123618155743872, 0.3561242235272798, 0.35411351068478936]",stable,0.0898542463461904,1359,"[0.14037321981470224, 0.6124967035432807, 0.32738751107160935, 0.3095128271088142]"
"[0.21264627805538994, 0.6123622697426326, 0.3560274669196849, 0.3539633400330184]",stable,0.1282046387103605,1360,"[0.11877964658811316, 0.6191194502760593, 0.3274545023242898, 0.2717233796165062]"
"[0.21233128935919104, 0.6123849448450938, 0.35593158448815676, 0.35368736701148645]",stable,0.10164538553111396,1361,"[0.13273969286011536, 0.6039210060480339, 0.38419439450814374, 0.2977719176588177]"
"[0.21206509672875934, 0.6123566373574783, 0.35602610893638414, 0.3535003588196715]",stable,0.12897042269248807,1362,"[0.10286432552303479, 0.5928418778228691, 0.4131244833240663, 0.3208275673848323]"
"[0.2117010941580736, 0.6122915881590295, 0.3562164368510098, 0.3533914495148887]",stable,0.043752900300256144,1363,"[0.17659337578985274, 0.6287518281373803, 0.34210393659474575, 0.3388428333596012]"
"[0.21158445721997315, 0.6123462733416819, 0.3561695514680986, 0.35334311524194756]",stable,0.10078330764181533,1364,"[0.1354868162331464, 0.6311424501191765, 0.2983180906309901, 0.3275296235558836]"
"[0.2113324782763082, 0.6124085123376338, 0.35597799033949884, 0.35325764010391425]",stable,0.07968706828082268,1365,"[0.16624587018400322, 0.5864327053132707, 0.32011831083922554, 0.304713150638125]"
"[0.2111836775895349, 0.6123227836015798, 0.3558596415622702, 0.35309742726739346]",stable,0.05459577760095658,1366,"[0.16912028551920497, 0.6044355856239197, 0.3317475955096428, 0.3292694747198499]"
"[0.21104531116825093, 0.6122968388713901, 0.35578032562130757, 0.3530190458445397]",stable,0.04636390308706495,1367,"[0.21043052591433514, 0.572796787897427, 0.36782579035897595, 0.33195043647262745]"
"[0.21104329547889383, 0.612167330507541, 0.3558198189483163, 0.3529499684367629]",stable,0.07293087327583811,1368,"[0.1799497820640351, 0.5649596817508203, 0.3285926477357555, 0.3157716851665479]"
"[0.21094168268995636, 0.612013057145591, 0.3557308412646152, 0.3528284707790171]",stable,0.05113053239923239,1369,"[0.24639482345477035, 0.5788514151866199, 0.35084929052862224, 0.3681216757516895]"
"[0.2110571652331642, 0.6119050387678745, 0.3557149404478856, 0.3528782857789281]",stable,0.07966954574879219,1370,"[0.25655701720947593, 0.6498376745920548, 0.31022113664281836, 0.38059883672454925]"
"[0.21120489202529508, 0.6120281966763945, 0.35556723329267437, 0.3529682875677126]",stable,0.06562129995418757,1371,"[0.23356577549681515, 0.6232360609639168, 0.2959349994164231, 0.34180914964889864]"
"[0.21127725734397312, 0.6120644680818557, 0.35537424871702306, 0.35293217385276493]",stable,0.08423101347055979,1372,"[0.25754588919801774, 0.6312431680259458, 0.2884483161924592, 0.36328467890249055]"
"[0.2114265109951152, 0.6121263348558688, 0.3551583586121051, 0.3529655690303447]",stable,0.05850318317436641,1373,"[0.254501965612707, 0.6074662676140222, 0.32199274632333164, 0.3740713404171831]"
"[0.21156501728005922, 0.6121113507168274, 0.3550517167719483, 0.35303343324702263]",stable,0.10142191469499663,1374,"[0.297646087886548, 0.6489595326545378, 0.34264603804354127, 0.38997615494985355]"
"[0.2118409181473877, 0.6122294538640637, 0.3550119549811521, 0.3531518394063266]",stable,0.052234540425699506,1375,"[0.2522372297294671, 0.6080225045106162, 0.32460170742511385, 0.36556568831653935]"
"[0.21196997984573301, 0.6122160131313051, 0.35491479764071754, 0.3531915002654647]",stable,0.0679155387847415,1376,"[0.2563995014479994, 0.6357128983545062, 0.3522374854810611, 0.39879047397127243]"
"[0.21211147513745998, 0.6122908439759651, 0.35490627116887147, 0.35333671992694815]",stable,0.0566786592366544,1377,"[0.22513090094498492, 0.648295664571695, 0.37664002263267926, 0.38903352518576484]"
"[0.21215280664796007, 0.6124051449937293, 0.3549752672052645, 0.35345004311824596]",stable,0.058650214877638246,1378,"[0.18947927437969983, 0.6634625102755509, 0.37283296780134395, 0.35353140387490595]"
"[0.21208105496356688, 0.6125667189344947, 0.3550317789160116, 0.3534503005889949]",stable,0.04532683702010831,1379,"[0.17422476127511569, 0.6374947990919891, 0.3549886806230315, 0.3535605032199227]"
"[0.21196163447874525, 0.6126453564113322, 0.35503164295925144, 0.3534506482313638]",stable,0.1416123147234363,1380,"[0.08481299121429303, 0.6665806745404345, 0.35138775679245493, 0.3223866216209161]"
"[0.21156179597791364, 0.6128149643299772, 0.35502018419772063, 0.35335296261309196]",stable,0.13516640128789395,1381,"[0.09696244727334456, 0.6702270540202636, 0.38140288557823737, 0.3195188032638551]"
"[0.21120255037068927, 0.6129949395327681, 0.355102888590763, 0.3532468994176398]",stable,0.11595156864526454,1382,"[0.127825249992951, 0.6436857842836121, 0.4217140614555013, 0.3198700249222434]"
"[0.21094199630700886, 0.6130908484226144, 0.3553110485059653, 0.3531425966848417]",stable,0.1424475077660716,1383,"[0.08147884774708462, 0.6359810072664066, 0.39851275037772577, 0.3193751683373128]"
"[0.21053868431772557, 0.6131621573286699, 0.3554456332469988, 0.35303740220400825]",stable,0.10542839962493866,1384,"[0.1219226769903369, 0.608223579233334, 0.33557348872160286, 0.29971705888941574]"
"[0.21026347932602563, 0.613146820129616, 0.3553839185124479, 0.35287181107570204]",stable,0.14793889073212205,1385,"[0.09957929824675034, 0.6349176409728039, 0.2874601719471633, 0.2854379659961743]"
"[0.20992080384280806, 0.6132142220517312, 0.3551736282754036, 0.35266303756152395]",stable,0.150664179617764,1386,"[0.1226247385093222, 0.6043003647809622, 0.2591835201828468, 0.2766003378058537]"
"[0.20965137154239605, 0.6131867101465744, 0.3548773625096859, 0.352428276142525]",stable,0.15789161595269408,1387,"[0.08106852351597128, 0.5999858147594777, 0.305774973310522, 0.27619898179003116]"
"[0.20925573201000702, 0.6131460920069218, 0.3547262782352269, 0.3521937244675942]",stable,0.11750260267012759,1388,"[0.31761346496888754, 0.6186768725667557, 0.34913073076711065, 0.39695490918378373]"
"[0.20958811769392996, 0.6131630575914612, 0.35470911397918975, 0.35233102871518995]",stable,0.3433362136955711,1389,"[0.5131671515385906, 0.6513021438504231, 0.3282175795643873, 0.5058339099534066]"
"[0.48225618294044487, 0.6133334272777056, 0.40116934250132147, 0.4944979207140432]",stable,0.17631511536607467,1390,"[0.6057703312854448, 0.6780080681016032, 0.31921637677804054, 0.5647273825418271]"
"[0.4834913244238948, 0.6139801736859445, 0.40034981284408866, 0.49520021533232106]",stable,0.22184729980598297,1391,"[0.6674819929834751, 0.6591616911628934, 0.34901693764352193, 0.5985792495526482]"
"[0.7445522502965216, 0.6289298324534863, 0.47313343733720226, 0.642435532921622]",stable,0.12718798158521014,1392,"[0.7170991979586818, 0.7069959691678617, 0.37727364928470214, 0.6306163997013814]"
"[0.7444296920271561, 0.6292783419923896, 0.4727054918548251, 0.6423827689340317]",stable,0.09487456256710536,1393,"[0.791133700571518, 0.685144682200506, 0.42693876626133903, 0.6824361966074446]"
"[0.7446372653984645, 0.6295266368377591, 0.4725020841855207, 0.6425607841681358]",stable,0.1828285311785358,1394,"[0.8145632849151191, 0.7183881451972286, 0.3409156402816576, 0.700225883840925]"
"[0.907323269143086, 0.7054867137035762, 0.3853945827443871, 0.7351511654610146]",stable,0.1488133087368325,1395,"[0.8632069188621125, 0.6339939199164158, 0.29190390449492337, 0.6554804555856024]"
"[0.9071604781826397, 0.7052229026563911, 0.3850495986918061, 0.7348571776016958]",stable,0.18401467325194407,1396,"[0.8546114836274273, 0.6009462378590921, 0.27296683838684244, 0.6473138445349922]"
"[0.906967283349716, 0.7048395325652246, 0.3846375297200966, 0.7345353271124799]",stable,0.18949905127162556,1397,"[0.8592254476774857, 0.5817259866115884, 0.31360044850207147, 0.6186586881629594]"
"[0.9067924048307701, 0.704388567195431, 0.3843773206313859, 0.7341108705595513]",stable,0.08617080394663017,1398,"[0.9013071958607789, 0.6636115075248447, 0.3179594383277828, 0.6977623320704969]"
"[0.9067723858199306, 0.7042397458097719, 0.38413491960108076, 0.7339782116599562]",stable,0.09145636172437788,1399,"[0.9019082140012559, 0.6695323569935989, 0.30502419471559733, 0.7043556475907369]"
"[0.9067546979224081, 0.7041135371231676, 0.3838472442378609, 0.7338704932451591]",stable,0.17977294666797874,1400,"[0.874293668992461, 0.6208118398745958, 0.25882055905155543, 0.640630216640417]"
"[0.906637085498749, 0.7038117193795134, 0.3833942490016786, 0.7335326661560114]",stable,0.12167554272527303,1401,"[0.9132653105035191, 0.6427927220450285, 0.2942020826905567, 0.6780129060358598]"
"[0.9066610141088747, 0.7035914341905801, 0.3830722556214941, 0.7333322338090073]",stable,0.14257582606856867,1402,"[0.8935541671612871, 0.625013440283036, 0.28679846567042616, 0.6646814291221658]"
"[0.9066138671774086, 0.7033087795362364, 0.3827259470245478, 0.7330852884684071]",stable,0.10634838578750014,1403,"[0.9084734882369053, 0.6132327230156602, 0.35118337731762195, 0.6862036150009665]"
"[0.9066205324858655, 0.7029859262870588, 0.38261289121914666, 0.7329172537964809]",stable,0.091521331367711,1404,"[0.9218190451513218, 0.6501631931975983, 0.3144336514905627, 0.7063370083674368]"
"[0.9066748128882421, 0.7027972736688821, 0.3823693939344017, 0.73282232434852]",stable,0.09782188572007056,1405,"[0.950378320549476, 0.6544096496128315, 0.31819876081336673, 0.6981828609145859]"
"[0.9068303413852572, 0.7026250757185046, 0.38214102869197814, 0.7326990522366554]",stable,0.12858059169946204,1406,"[0.9857930889411209, 0.7051883774688036, 0.28147179775229186, 0.7452285568701885]"
"[0.907110351128363, 0.7026341654410234, 0.3817840456035395, 0.7327434831041503]",stable,0.11635346723715935,1407,"[0.974773632824912, 0.7140355893527905, 0.28843380174624506, 0.7434928622829687]"
"[0.9073494439965488, 0.7026744531580261, 0.3814541860846092, 0.7327814667761602]",stable,0.1162472802143091,1408,"[0.9620710812776226, 0.708038452044347, 0.27924340593414887, 0.7393508280453027]"
"[0.907542125817961, 0.7026933404780484, 0.38109428897140335, 0.7328045983299248]",stable,0.0918072710254067,1409,"[0.9231979930876606, 0.6986709700865958, 0.29077828443646697, 0.7360153138958611]"
"[0.907597058685574, 0.7026792268977275, 0.38077739070987726, 0.7328158639985771]",stable,0.13879452779097487,1410,"[0.9839607034236822, 0.6924583348354347, 0.2655715615155747, 0.7402767615408196]"
"[0.9078640644364067, 0.7026434895128943, 0.3803745731252818, 0.7328419510529206]",stable,0.1287369149228916,1411,"[1.0, 0.6875236660588332, 0.29539192867015446, 0.7580114508853895]"
"[0.9081850955707745, 0.7025908072012077, 0.38007846635017684, 0.7329296496586086]",stable,0.04097396068299712,1412,"[0.9009788070032695, 0.69341901431137, 0.4174647361814501, 0.7208847377692343]"
"[0.9081600737354706, 0.702558960698118, 0.380208279787091, 0.7328878270478817]",stable,0.20818919860903418,1413,"[0.8193525955372476, 0.6292218059477283, 0.5474489889045615, 0.6869728928701326]"
"[0.7449678642043883, 0.6295252880285112, 0.47283370765772886, 0.6427572979234544]",stable,0.1375916695307142,1414,"[0.7284029486714495, 0.6023575021066847, 0.6052614521854417, 0.6622989197866596]"
"[0.744894891008208, 0.6294056061522035, 0.4734170897922122, 0.6428433843633803]",stable,0.2367151632512421,1415,"[0.6808979806507507, 0.6093095582765686, 0.7003301451582687, 0.649557410129112]"
"[0.7450543550561536, 0.672875773767237, 0.7306706449205945, 0.7310201068802676]",stable,0.13061926300964025,1416,"[0.686005132547244, 0.5895009583692291, 0.7926982709174363, 0.6783342932221404]"
"[0.7376732022425398, 0.662453921842486, 0.7384240981701998, 0.7244343801730018]",stable,0.16037153077818153,1417,"[0.6393396089134261, 0.6030452711396435, 0.8439005507651902, 0.6870865224464051]"
"[0.7267472474281939, 0.6558529606532812, 0.7501437040140877, 0.72028461820338]",stable,0.18567737738807752,1418,"[0.5982403939180926, 0.5668465490070942, 0.8004377423109766, 0.633621791845659]"
"[0.5161562817223293, 0.5137973770793868, 0.7673496525704366, 0.5572698091076833]",stable,0.14300453685527106,1419,"[0.4408829899695143, 0.5933413770234223, 0.6761141430256012, 0.5457345162685872]"
"[0.51577418379465, 0.5142011537288489, 0.7668865281565036, 0.557211254321698]",stable,0.19266996584341667,1420,"[0.4035678378842613, 0.5645367745726673, 0.6364426962252578, 0.48662666917095987]"
"[0.5152074850779309, 0.5144553740361409, 0.7662277209245276, 0.5568547665179064]",stable,0.25472961778106556,1421,"[0.372349683151445, 0.5724257496640884, 0.5811798366989093, 0.47393587423877925]"
"[0.27760255853470794, 0.4664689500552341, 0.5900411475400327, 0.38247556721311626]",stable,0.14637258300810652,1422,"[0.30997330220340397, 0.5862582641255939, 0.5291619728590304, 0.43065558729938563]"
"[0.2779506310472745, 0.4677570071957756, 0.5893865327585165, 0.3829936319452267]",stable,0.2517002781358451,1423,"[0.25674878179671434, 0.6252599278842562, 0.39473603117437966, 0.3973993186577881]"
"[0.20973233990831158, 0.6132000510785951, 0.3548315204537928, 0.352468852231834]",stable,0.09537391833210007,1424,"[0.27875564744529036, 0.6513966084588592, 0.37317701163854683, 0.40283186715508945]"
"[0.2099427768215341, 0.6133165039974374, 0.35488745182935605, 0.352622398009039]",stable,0.09565571078166057,1425,"[0.22439965328220798, 0.6982888003817289, 0.32914469598693613, 0.38514981870240456]"
"[0.20998671869527472, 0.6135747784545326, 0.3548092063708685, 0.3527212655491404]",stable,0.1174250214668537,1426,"[0.169908108429196, 0.716804038404104, 0.3167582381771397, 0.3615634584566983]"
"[0.2098652683611351, 0.6138875943937736, 0.35469390040664506, 0.3527480600731027]",stable,0.12685903830923848,1427,"[0.1826387239018168, 0.7042097204211915, 0.2700440606596017, 0.35806304438509434]"
"[0.20978301293980786, 0.6141604709074516, 0.3544381607095241, 0.3527641174275196]",stable,0.07153595664190468,1428,"[0.2010790846352911, 0.5662782125363099, 0.40592007905703353, 0.3428375802023891]"
"[0.20975679628828825, 0.614016247237659, 0.35459322672864313, 0.3527342182190102]",stable,0.13704101325633428,1429,"[0.29988192315871376, 0.5554116830926829, 0.43556779950166513, 0.3785474792783268]"
"[0.21002744231492615, 0.613840257555542, 0.35483639361384745, 0.35281173551948863]",stable,0.25288804657092373,1430,"[0.3299188624301686, 0.5529580401055354, 0.5485014607802686, 0.4442754378226637]"
"[0.27850348457262447, 0.46866340116290073, 0.5889515851842798, 0.38364556605030575]",stable,0.12193829212901458,1431,"[0.3072401962699758, 0.5347918167139055, 0.49090648774285595, 0.3912178848879894]"
"[0.2788059762747018, 0.4693594897476482, 0.5879195315270016, 0.3837252746696498]",stable,0.18753355821223913,1432,"[0.2770729691221656, 0.5181070936357909, 0.40855885740077597, 0.3588405035414444]"
"[0.21022817742512742, 0.6135536313162613, 0.3549972393138083, 0.35282978572314716]",stable,0.09358861058072221,1433,"[0.2915300628837548, 0.5766316210095505, 0.3430706175431372, 0.3781941761032212]"
"[0.2104708696205263, 0.6134434163601218, 0.3549616374577764, 0.35290550032129664]",stable,0.09907084544231587,1434,"[0.29334303845616094, 0.6105912278925766, 0.35844205087603964, 0.4070071434804178]"
"[0.21071751298015617, 0.6134349277039683, 0.35497199583104505, 0.35306651711641307]",stable,0.12235823095584218,1435,"[0.2934857351091315, 0.6555909641326952, 0.40502177096636843, 0.41502494422504155]"
"[0.21096311601317982, 0.613560019800196, 0.3551205114842656, 0.3532503700158452]",stable,0.07768430172252903,1436,"[0.23642763812817078, 0.6735033927784903, 0.38029992593151274, 0.3872973665302359]"
"[0.21103845483600525, 0.6137373670575282, 0.35519500679328114, 0.3533511007747635]",stable,0.02644774396214085,1437,"[0.22640450898143344, 0.6248168400509029, 0.37086588373652934, 0.363099764001349]"
"[0.2110837824293546, 0.6137700498687181, 0.35524123356892495, 0.353379857893426]",stable,0.037191981960914666,1438,"[0.21705110392509977, 0.6050602064841238, 0.3886203372253248, 0.36593408680875866]"
"[0.2111013333749303, 0.6137444326822928, 0.35533940740320846, 0.3534167820961182]",stable,0.0399636147668959,1439,"[0.23793648436834106, 0.6002191181823173, 0.38166940974693747, 0.35428972003989384]"
"[0.21118002883238904, 0.6137047690034072, 0.3554166214863279, 0.35341934203143716]",stable,0.011909165525669764,1440,"[0.21074360579443513, 0.6194293991851989, 0.3481961971797478, 0.3458872878252852]"
"[0.21117875274163478, 0.6137215076881493, 0.35539550913455425, 0.35339731848112677]",stable,0.03624855467250801,1441,"[0.20475272883879186, 0.5830671433939608, 0.36696361822972323, 0.3675094669471594]"
"[0.21116001797806966, 0.6136321363636764, 0.3554292354001378, 0.3534384617711152]",stable,0.20777884939304792,1442,"[0.19801543097286933, 0.48679085591842924, 0.5186230086001827, 0.3367545757937998]"
"[0.2779644080944744, 0.4695410664785938, 0.5871976927465139, 0.38323599655635965]",stable,0.135895038433387,1443,"[0.20019872024416704, 0.3892279646231991, 0.5907399970692029, 0.30605298667445147]"
"[0.2771626999723063, 0.4687130963563732, 0.5872342113477788, 0.38244029542355645]",stable,0.1752426588271844,1444,"[0.15660686033579754, 0.4097707432687866, 0.5413472239753028, 0.2795011755286699]"
"[0.27593253834336234, 0.4681116437738468, 0.5867659767827534, 0.3813898962409556]",stable,0.1872306025122603,1445,"[0.13782505575218174, 0.5145069306668882, 0.4970502970537221, 0.3053622964215412]"
"[0.27453751326668374, 0.4685802830353927, 0.5858597577955915, 0.38062194068722416]",stable,0.2585515901486025,1446,"[0.136768011069979, 0.45139713201147386, 0.414824633813353, 0.24526975297637632]"
"[0.21094376214403449, 0.6131605229789315, 0.3556018964420367, 0.35312401785020026]",stable,0.3193375629986338,1447,"[0.13542611385374642, 0.36651771630372076, 0.5226820444633821, 0.26637660295413135]"
"[0.2731463992725544, 0.467559657368076, 0.5852279806622694, 0.3794794873098932]",stable,0.18538303667204245,1448,"[0.15117825843944227, 0.44187575514901034, 0.49288219031099617, 0.27797463482163964]"
"[0.27193879391777115, 0.4673053613065011, 0.5843136659063163, 0.37847448877040557]",stable,0.17895697777156336,1449,"[0.14457822189004352, 0.4269051274474848, 0.5275273767433043, 0.27384168773204376]"
"[0.27069016085867575, 0.46690928058239306, 0.5837569375811887, 0.3774486769955197]",stable,0.1959669456527816,1450,"[0.15868395649034367, 0.35033952982243677, 0.6079630417252738, 0.2693597705277093]"
"[0.2696027219813133, 0.46577753542938377, 0.5839919483010342, 0.3763992701366089]",stable,0.2655665078872275,1451,"[0.14070574512103898, 0.2755006745381692, 0.6523712872803314, 0.26224971175884504]"
"[0.2683633279730414, 0.4639479502285067, 0.5846494419450659, 0.3753016782291304]",stable,0.3152151925112205,1452,"[0.11680255204918977, 0.2576507576192342, 0.7147434485616152, 0.24527488654667837]"
"[0.31163206574931696, 0.3003934767953213, 0.8264255285632895, 0.3815552706813898]",stable,0.2132172860309594,1453,"[0.12869266088643216, 0.26979673426409595, 0.8258232566082747, 0.276397000318134]"
"[0.310637829853323, 0.30022719015112986, 0.8264222553461428, 0.380983758342459]",stable,0.2233825194820443,1454,"[0.13826992678920208, 0.3345723628643207, 0.719699988146515, 0.29369216196287573]"
"[0.3097061114583818, 0.3004128397333633, 0.8258453782261448, 0.3805119118755424]",stable,0.290219663293447,1455,"[0.1461318816937691, 0.3793408490406554, 0.6183065020099304, 0.2901298974878651]"
"[0.26719921896085785, 0.46314216831243193, 0.584969985374255, 0.37449051841254694]",stable,0.2039094931935203,1456,"[0.09461076182190983, 0.45808080559633946, 0.550446943565845, 0.27165643812499474]"
"[0.26557102596898097, 0.4630944196075631, 0.5846442963005908, 0.3735203855796455]",stable,0.18559422800241757,1457,"[0.12667332637326387, 0.508665461233884, 0.4896637759937706, 0.309844429032695]"
"[0.2642729166269649, 0.4635203171928558, 0.5837566278865084, 0.3729252831820104]",stable,0.17940596816591967,1458,"[0.18839255717881304, 0.5331032738240554, 0.4501905084520921, 0.3117127325958596]"
"[0.2108783963325411, 0.6129284729813811, 0.355876066331921, 0.35300398513931813]",stable,0.10706885442071808,1459,"[0.20394822412678018, 0.5320811489226379, 0.4172331109236007, 0.3196163291617175]"
"[0.21085836693310248, 0.6126948101950842, 0.3560533988307409, 0.35290748902377594]",stable,0.10194072088388417,1460,"[0.19230862123342907, 0.5277752554691444, 0.3961118602838245, 0.31781038942903234]"
"[0.21080490945269995, 0.612450085253511, 0.3561688410827671, 0.35280634464454036]",stable,0.04110183195650511,1461,"[0.21383869177902104, 0.5756178280731467, 0.3490485605356096, 0.33628837894332403]"
"[0.21081362721800545, 0.6123442454340271, 0.3561483805064821, 0.3527588792258587]",stable,0.07127335199673969,1462,"[0.21947864285497412, 0.55340162995912, 0.3547574488124152, 0.31366103275240276]"
"[0.21083845534303977, 0.6121753554183397, 0.3561443950288487, 0.35264685101246773]",stable,0.054353856155214535,1463,"[0.23453263183754924, 0.5710712479984442, 0.35560409439674073, 0.37916265964862716]"
"[0.21090615299016693, 0.6120579151114257, 0.35614285131275697, 0.3527226104657139]",stable,0.03926487988971746,1464,"[0.21564237157645805, 0.6398399561634406, 0.3289842502165104, 0.3558638853240993]"
"[0.2109196464904128, 0.612137066225534, 0.35606547638085884, 0.35273155996673494]",stable,0.06480729338217532,1465,"[0.17311797525438505, 0.6196975673519133, 0.30791209963123634, 0.33285418444546583]"
"[0.21081225537894682, 0.6121585449219157, 0.35592867701509284, 0.35267509014991316]",stable,0.08233300411848594,1466,"[0.1745895227630364, 0.601094009056025, 0.29612912641100453, 0.31062479879976457]"
"[0.21070964140553067, 0.612127200627678, 0.35575927318901895, 0.3525559675115275]",stable,0.08983716068794435,1467,"[0.19988895560531317, 0.5671519717773743, 0.2915466980348043, 0.3100400624733932]"
"[0.2106790744964905, 0.6120001519586094, 0.3555778817337811, 0.35243586608486616]",stable,0.08944696765530083,1468,"[0.1827442987109381, 0.5621971595225864, 0.29662970086247853, 0.31686646573961164]"
"[0.21060038498723543, 0.6118598618390713, 0.3554118305200591, 0.35233567059093585]",stable,0.08404565143470463,1469,"[0.2220116352895769, 0.5625434742949537, 0.3005440616942589, 0.31372379734839384]"
"[0.21063243906111842, 0.6117213326605766, 0.35525770757391917, 0.3522272102728388]",stable,0.058278539475914326,1470,"[0.2323949858683387, 0.601668349358995, 0.3023778879977429, 0.3471832110422265]"
"[0.2106933985759846, 0.6116931730434854, 0.3551095848300083, 0.3522130814234533]",stable,0.02722720213677551,1471,"[0.2263055252460763, 0.6048444027951349, 0.37389968676589036, 0.3620927804248559]"
"[0.21073700786835914, 0.6116740424003335, 0.355162071148265, 0.35224067834803824]",stable,0.06676930898065006,1472,"[0.1922833339720559, 0.6649975587806126, 0.31954242300709673, 0.34990705270884737]"
"[0.21068560487700455, 0.6118225758721448, 0.3550628520726628, 0.35223417799806833]",stable,0.09333695780655625,1473,"[0.1474581665604928, 0.6105616078675496, 0.29102544534523717, 0.3275016238268507]"
"[0.21050997310390313, 0.6118190731832431, 0.3548849703873088, 0.35216547645870383]",stable,0.12469390931382601,1474,"[0.10669024060373443, 0.6260187691800748, 0.3213017882379276, 0.29350908146312704]"
"[0.21022238381719907, 0.6118584075211845, 0.35479194218190885, 0.3520029933700734]",stable,0.1279457583241151,1475,"[0.106524794181009, 0.5896859582827679, 0.30440712186345587, 0.3011435856560207]"
"[0.20993592638726485, 0.6117971576614099, 0.3546527575953938, 0.35186249776865336]",stable,0.1481257890602353,1476,"[0.09756119744799792, 0.5922952208825332, 0.2811996833773145, 0.2923856953131612]"
"[0.20962635413123384, 0.6117434333176663, 0.3544504075286773, 0.3516986498280046]",stable,0.10543704788883147,1477,"[0.11220068514523646, 0.6457893161404582, 0.35819087559604573, 0.33043608056659285]"
"[0.20935870119445912, 0.6118369659627838, 0.3544606835398514, 0.35164023617618756]",stable,0.14300414648018517,1478,"[0.08815264250189925, 0.6573290100987086, 0.4055917641788989, 0.3188474967395336]"
"[0.20902662980078088, 0.6119616017001426, 0.3546007686922871, 0.3515503930544433]",stable,0.11417783246374796,1479,"[0.13119273098801568, 0.6573791122643564, 0.424566484664951, 0.34702160245363417]"
"[0.20881396887506296, 0.6120856932590611, 0.35479193185068236, 0.3515380193096323]",stable,0.141262354587615,1480,"[0.15839077930349016, 0.6782385624806786, 0.4669059895268278, 0.37314335990411984]"
"[0.20867657598794695, 0.6122659463087113, 0.3550974197462577, 0.351596889447492]",stable,0.12657103668291098,1481,"[0.1213740946580743, 0.6151733083888801, 0.4434161159824034, 0.32730987189662225]"
"[0.20843934098433317, 0.6122738467491465, 0.3553374162034212, 0.35153089211719074]",stable,0.20917079492445767,1482,"[0.15421785538376073, 0.5322960218141846, 0.5388562256968235, 0.3243859841344152]"
"[0.2632538882821204, 0.46415712927268293, 0.5833408834217891, 0.37247584522786603]",stable,0.19818162832649164,1483,"[0.36034634179715846, 0.5899697950568562, 0.4914907426663304, 0.44720025923060125]"
"[0.4822720671701648, 0.6137424471648645, 0.40125219828787323, 0.49472496824220497]",stable,0.05534960149264858,1484,"[0.47024044995018754, 0.5862301055692856, 0.44527925614611924, 0.47977479069336665]"
"[0.4821541101385964, 0.6134727183256922, 0.4016838361100129, 0.49457839787407915]",stable,0.1429233542939469,1485,"[0.5963993010638814, 0.6531087715057363, 0.42791106087870623, 0.5661062772101771]"
"[0.4832632867495215, 0.6138575343759839, 0.4019384693601944, 0.49527284330452664]",stable,0.19413346178157295,1486,"[0.6331464759655113, 0.6939750520132288, 0.3674237095435175, 0.5825238908408404]"
"[0.7444047663808278, 0.6296888054761555, 0.47295220654550735, 0.6425788251812639]",stable,0.1315563334576139,1487,"[0.7263689877852606, 0.698190924952325, 0.36235152592735703, 0.6350469836178024]"
"[0.7443260075223318, 0.6299879413690644, 0.4724692341410613, 0.6425459350434322]",stable,0.14745705812411547,1488,"[0.8057559133897515, 0.708141985599458, 0.368936418958106, 0.6763520322222614]"
"[0.9078057340802951, 0.7025782791233822, 0.380169276808444, 0.7326922014602498]",stable,0.29004135602560255,1489,"[0.7131353743952643, 0.5944823195121475, 0.5389898313086552, 0.6361586101604187]"
"[0.7441903960739532, 0.6298335691001212, 0.47275845412874645, 0.6425181640656799]",stable,0.32672270860115926,1490,"[0.5526708160213575, 0.4764769185781464, 0.6530752871901493, 0.5240464111979921]"
"[0.5153957430223702, 0.5142645275263017, 0.7656591157298824, 0.5566899004107712]",stable,0.19842501053752543,1491,"[0.6348503544245627, 0.5354901079131247, 0.6105988628549582, 0.581365259317489]"
"[0.5159930160793812, 0.5143706554282358, 0.7648838144655079, 0.5568132772053047]",stable,0.289301358026604,1492,"[0.6696224514773244, 0.5747134315824592, 0.5356710561360934, 0.6193715150351004]"
"[0.7438675911189895, 0.629594953786192, 0.4730308030551852, 0.6424179621218246]",stable,0.10342187153421915,1493,"[0.7798619861885849, 0.6468310121108929, 0.5443054437981305, 0.7058476942322947]"
"[0.7440227393735998, 0.6296692471410398, 0.4733380213342496, 0.6426913661395421]",stable,0.1445056742370825,1494,"[0.8661079613350698, 0.6627245455138465, 0.48729479296590517, 0.7111723433554006]"
"[0.9076619486570356, 0.702440852455763, 0.3805386751400215, 0.7326179950529917]",stable,0.10195726256022665,1495,"[0.8681242766841686, 0.6486375433191951, 0.45142087589315727, 0.7024025449307775]"
"[0.9075260803684692, 0.7022559613590738, 0.3807822565859086, 0.7325141618910597]",stable,0.050451885284547936,1496,"[0.9449390040540663, 0.6685815957050985, 0.37872158267664685, 0.7297834859851846]"
"[0.9076542068194471, 0.702140638189026, 0.3807751994834796, 0.732504810261245]",stable,0.06642252341891204,1497,"[0.9611433998491671, 0.6814932793724855, 0.3968914723165487, 0.7619124652210745]"
"[0.9078367637922448, 0.7020701693876042, 0.3808302038276198, 0.7326051776843161]",stable,0.07225120399760476,1498,"[0.9665375290552954, 0.6842492150875954, 0.3765097271907629, 0.7705288339703744]"
"[0.908036426259126, 0.7020095538967879, 0.38081550832885497, 0.7327341697125]",stable,0.0965260917611569,1499,"[0.9871978796924388, 0.665175206618193, 0.39309510732707714, 0.7720176648473713]"
"[0.9083047701690693, 0.7018846917026231, 0.38085713408817096, 0.7328673341027877]",stable,0.05768556849488702,1500,"[0.9629837716399139, 0.6995139257244181, 0.3676528360304601, 0.7454314732380168]"
"[0.9084894965253898, 0.7018766823581022, 0.3808125249731111, 0.7329097805187852]",stable,0.06827031787665995,1501,"[0.9616690095231925, 0.710236945642989, 0.417612568785559, 0.7531245887915841]"
"[0.9086685521247089, 0.7019048313927314, 0.38093643084453344, 0.732977843846303]",stable,0.04671028046959571,1502,"[0.9040060137943369, 0.710242976153648, 0.4176367839350511, 0.7602481658620666]"
"[0.9086529060229291, 0.7019328117442781, 0.38105958639181703, 0.7330693549940069]",stable,0.021852475605094856,1503,"[0.9152663609610616, 0.6962549661616316, 0.3982414848674968, 0.7433813547110169]"
"[0.9086750246013177, 0.7019138222941689, 0.381117050935214, 0.7331038432873748]",stable,0.0256444947805611,1504,"[0.9316174225040279, 0.6971457798020488, 0.3796609931389301, 0.7434204395046918]"
"[0.9087514992609933, 0.7018979288191951, 0.38111219740922636, 0.7331382319414325]",stable,0.04864255521634369,1505,"[0.9117543319512297, 0.7381236668949874, 0.3802723216387956, 0.7654503300374061]"
"[0.908761475449333, 0.7020182801084833, 0.38110940712427477, 0.733245581104542]",stable,0.1903406178554911,1506,"[0.7382354672937911, 0.6857216181029047, 0.38458341629598236, 0.6503433409906766]"
"[0.7439979012960041, 0.629909815256756, 0.47295710028258325, 0.6427242072333238]",stable,0.1657500491453568,1507,"[0.6196579092110137, 0.6717569152497129, 0.39738578950201964, 0.5752672404390803]"
"[0.7434665338084614, 0.6300886490174097, 0.47263414596300823, 0.642435929597451]",stable,0.2365568626389436,1508,"[0.5367973255021347, 0.6852784399201141, 0.41505896336564213, 0.5594529618955673]"
"[0.4837780371221428, 0.6145442738523698, 0.40206462795640063, 0.4958899598294405]",stable,0.05751307641833638,1509,"[0.4956663717581947, 0.6559211613928153, 0.36417186696790327, 0.49158725128521136]"
"[0.4838912593567719, 0.6149383394479931, 0.40170374451841495, 0.49584898165282876]",stable,0.10167182133268027,1510,"[0.43011084384937176, 0.6800187801889848, 0.3476624115446068, 0.4788520194440067]"
"[0.4833838969463247, 0.6155523058700779, 0.4011939206224356, 0.49568863295274557]",stable,0.15354410909909563,1511,"[0.3527651203663249, 0.6058367871656185, 0.37042090961493274, 0.42170783048606186]"
"[0.4821631607166051, 0.6154615066298493, 0.40090632238872065, 0.494997223583898]",stable,0.1869342953655795,1512,"[0.3222433637271083, 0.575915481862742, 0.4165504682569685, 0.4080405565603961]"
"[0.20874775297008596, 0.6121753145949829, 0.35550330523337653, 0.35168403483925903]",stable,0.22482896361689664,1513,"[0.2504958117513086, 0.44890105576078393, 0.5041858824113583, 0.3453460450235588]"
"[0.2631368417084432, 0.46401716529550957, 0.5826146907519687, 0.37222694797828526]",stable,0.08726277522420568,1514,"[0.2925719424979689, 0.4269776311516778, 0.6557843888664548, 0.37698457023983456]"
"[0.2634044335338025, 0.4636804422578384, 0.5832798698257368, 0.3722701990897539]",stable,0.18830830627977255,1515,"[0.290504479464611, 0.38944953805870053, 0.7534603033084273, 0.38820753405914776]"
"[0.3096028768777701, 0.3008915316598436, 0.8254562111566948, 0.3805532861883575]",stable,0.10625831927734795,1516,"[0.25788369720583715, 0.38073124531273633, 0.7846151923720956, 0.3566035851846028]"
"[0.30932630372444425, 0.3013184820002334, 0.8252378099867236, 0.3804252129209577]",stable,0.16218273648033368,1517,"[0.3252564659151257, 0.4382900308265029, 0.8410319804067488, 0.46432282276595876]"
"[0.3094110386297138, 0.3020470540684583, 0.8253218215315109, 0.380871476803112]",stable,0.31211844867526606,1518,"[0.4317525571933004, 0.5405364828674343, 0.873264237849159, 0.5334322709403141]"
"[0.5155739093187539, 0.514500833674202, 0.7654230205519937, 0.556696953791051]",stable,0.16136755536700662,1519,"[0.3813708693920195, 0.5633910598781747, 0.8384093965300062, 0.5390400372179954]"
"[0.5149095378339681, 0.5147428644969938, 0.7657843392449541, 0.5566095433129665]",stable,0.1905188406304472,1520,"[0.36596542614552674, 0.4642422979170506, 0.8503846065231315, 0.4902350920528882]"
"[0.5141758229980644, 0.5144940932330532, 0.7662010893300684, 0.5562825755727691]",stable,0.2335072013842551,1521,"[0.3463607277278653, 0.4197394875352461, 0.8278853346417314, 0.4397479220265181]"
"[0.3096065396302331, 0.3026697653566423, 0.8253353850929407, 0.3811829923863046]",stable,0.21783674528576888,1522,"[0.40828525068220717, 0.449196915816169, 0.8584932857810711, 0.5042508898331419]"
"[0.5136567515651436, 0.5141740090300293, 0.7666535020577694, 0.5560275182897317]",stable,0.14823776307610192,1523,"[0.4091228316800594, 0.5141494344415968, 0.8709421684361184, 0.542952065854716]"
"[0.5131468300047286, 0.5141738891539881, 0.767162227259615, 0.5559637355949268]",stable,0.06090969653909627,1524,"[0.4623695870837574, 0.5165925477078414, 0.7966147232135632, 0.5398900519252755]"
"[0.5129003385342384, 0.5141856302149291, 0.7673052005409449, 0.5558857080042974]",stable,0.07425243837342686,1525,"[0.4829150390839043, 0.5502126994131943, 0.823461543700759, 0.5686458737232041]"
"[0.5127554820151548, 0.5143596740274812, 0.7675764872228763, 0.5559473513169491]",stable,0.1109092709680365,1526,"[0.532467947708653, 0.5359044391788347, 0.8676211398178356, 0.5938838201124356]"
"[0.512850253484835, 0.5144632546291704, 0.7680574711295828, 0.5561297381861581]",stable,0.07815241427733917,1527,"[0.4663601584768734, 0.550943493675458, 0.7284498250414929, 0.523773943434462]"
"[0.5126278128388639, 0.514637801227478, 0.7678679608612187, 0.5559749257710782]",stable,0.23258598266048558,1528,"[0.3747589275046564, 0.5581058434574665, 0.603454747847837, 0.4774431839200587]"
"[0.26440762717317956, 0.46453112154792514, 0.5834616254835935, 0.3732177034575945]",stable,0.1409868606851526,1529,"[0.29168663801707917, 0.5816142981665215, 0.5297606675674941, 0.4236249184672031]"
"[0.2646511897700001, 0.4655765070534483, 0.5829821526450568, 0.37366776787732314]",stable,0.18396625234560404,1530,"[0.2886074310914336, 0.6054955725817703, 0.47022292045247055, 0.4049358212362267]"
"[0.2089635899379815, 0.6121572612381904, 0.3558133582474822, 0.35182795858627786]",stable,0.12936341672892804,1531,"[0.2332053829149094, 0.6095052052829615, 0.4752722227869449, 0.3950688575500911]"
"[0.2090289316980271, 0.6121501128393892, 0.3561353497961061, 0.35194451087459]",stable,0.09965443766163311,1532,"[0.17661768180533832, 0.6158328028414473, 0.44640525124308206, 0.3787456398275276]"
"[0.20894180468218654, 0.6121600125436959, 0.35637801082150117, 0.35201655692016237]",stable,0.12828237823147673,1533,"[0.22334040997265675, 0.6085050587729012, 0.4755660228021899, 0.39707105551283844]"
"[0.20898040684114222, 0.6121502137400208, 0.35669754972761564, 0.35213734646062533]",stable,0.23065609864753214,1534,"[0.21268213922881912, 0.5252678282226445, 0.570286838250537, 0.34771016499694607]"
"[0.26419128666786573, 0.4661047488337067, 0.5828698047300611, 0.3734380545774968]",stable,0.13146530307725576,1535,"[0.22768200462747926, 0.39286318666967096, 0.6801447599877163, 0.3399200759767055]"
"[0.26387102980786237, 0.4654622789901625, 0.5837230938112685, 0.37314403722134953]",stable,0.17535735555819773,1536,"[0.2694169243358506, 0.3690133751764698, 0.7300299282872266, 0.36977293339466655]"
"[0.30939501533921004, 0.3030189422504309, 0.8248337774255421, 0.38112293944424336]",stable,0.10580863393401799,1537,"[0.23990987946255246, 0.29912358936403627, 0.765463230061065, 0.32795107433948806]"
"[0.3090312188162956, 0.3029985477327011, 0.8245229368634245, 0.38084455271594625]",stable,0.14224111648443377,1538,"[0.1997623779117828, 0.29400323845495624, 0.7678967465727142, 0.3100955978806943]"
"[0.30846211026991793, 0.30295169716354614, 0.8242280087889937, 0.38047606857617927]",stable,0.15061693941763124,1539,"[0.20480982842649487, 0.23721425850055244, 0.796775517810535, 0.2976110168034761]"
"[0.3079250518147707, 0.3026110886730643, 0.8240857679030951, 0.3800467159763207]",stable,0.18288528777657068,1540,"[0.18638210525703316, 0.22789765160368664, 0.7857132889998033, 0.2722515592610091]"
"[0.30729854178096794, 0.3022259678634283, 0.8238879716200883, 0.3794910708386129]",stable,0.14520669956961413,1541,"[0.21950703580313363, 0.2139766443618592, 0.8099882696844529, 0.3060302495414074]"
"[0.3068483289297995, 0.3017734072300869, 0.8238166910973415, 0.37911434867811444]",stable,0.03946631784259934,1542,"[0.2796649722450693, 0.31709040494784047, 0.8065372736336673, 0.3622185895523985]"
"[0.3067096383344693, 0.30185155517762646, 0.8237285308041595, 0.3790281458254322]",stable,0.18986623610381073,1543,"[0.22045784076388575, 0.3712795761841663, 0.6822962862396912, 0.3174937235510421]"
"[0.26349352381617563, 0.4646432989657625, 0.5845802520062983, 0.37266012145030336]",stable,0.07970822498921984,1544,"[0.20573489856853233, 0.43919932459015243, 0.6137049227608293, 0.3336511473309055]"
"[0.2629956046330063, 0.4644239543590763, 0.5848313267541821, 0.3723238371906534]",stable,0.09889909571937107,1545,"[0.17396523859443924, 0.45725240029280445, 0.6032039980524665, 0.33404017463352825]"
"[0.2622346613335314, 0.4643626590251765, 0.5849883581328, 0.3719966263995669]",stable,0.050505795100616244,1546,"[0.23081506436870802, 0.4956676036464602, 0.5629943285716635, 0.3620012589107895]"
"[0.26196839356264306, 0.46462795516603483, 0.5848019680517734, 0.37191191989542466]",stable,0.18594850346167277,1547,"[0.17003338965769238, 0.5533061022582083, 0.4510928781872927, 0.35234494484705564]"
"[0.2088762704315608, 0.6119928765435453, 0.3569499436539784, 0.3521379015365249]",stable,0.15918969516733666,1548,"[0.16998439902117268, 0.5673275833511, 0.5046881779863045, 0.3548225031954344]"
"[0.20877255877446643, 0.6118737690950321, 0.35734391227886464, 0.352145060474282]",stable,0.14134188807427822,1549,"[0.18808344097539614, 0.5338299520571047, 0.47187429760394606, 0.3336668790557313]"
"[0.2087175345250008, 0.6116662057518462, 0.3576485143674951, 0.35209591637476456]",stable,0.20577420592334897,1550,"[0.36832821091995765, 0.5530693723206076, 0.43383220132807787, 0.4394452881930713]"
"[0.4811091334036732, 0.6148838016825415, 0.40121119163815916, 0.49448285381176077]",stable,0.047073237349230496,1551,"[0.5203609707575075, 0.5964461378043249, 0.41951994663494807, 0.49464090464720345]"
"[0.48146924200324964, 0.6147146488029248, 0.4013791618674875, 0.4944843038194254]",stable,0.16518240182979874,1552,"[0.6119922737224196, 0.5992774055629974, 0.4620172195676496, 0.5740687341095316]"
"[0.742907068871925, 0.6299575373431355, 0.47258896755281526, 0.6421450053613322]",stable,0.14668185559197117,1553,"[0.6999369955748912, 0.5674165894025045, 0.36951316148317304, 0.570499017375038]"
"[0.742724992290158, 0.629692533326438, 0.4721522056626896, 0.641841420666475]",stable,0.11095496951392844,1554,"[0.8189038829214816, 0.6100380570288587, 0.3960026261644548, 0.6598059686910573]"
"[0.7430464222084336, 0.6296096030467013, 0.47183089942008105, 0.6419172204471694]",stable,0.12862078932243548,1555,"[0.8339857049719239, 0.616493522012151, 0.3897811390448748, 0.6789193762905069]"
"[0.908513873560335, 0.7017350855452504, 0.3811381214683827, 0.7330656930091313]",stable,0.0765309541230082,1556,"[0.8700052152075516, 0.6465230933634125, 0.3860441471620164, 0.6969874862625001]"
"[0.9083867822786426, 0.7015528677492707, 0.38115431297232205, 0.7329466230198683]",stable,0.07267519085884437,1557,"[0.8819180590360423, 0.6395971048517504, 0.3842085879262733, 0.7058681277779242]"
"[0.9082997141100813, 0.7013490658976341, 0.3811643599294074, 0.732857549022362]",stable,0.05216407682624669,1558,"[0.9408770529142855, 0.6620883075055833, 0.38103907434782885, 0.7219770590713203]"
"[0.9084065250569803, 0.7012203420996274, 0.3811639491570088, 0.7328218752848177]",stable,0.03384175120523163,1559,"[0.8827743975457867, 0.687738237156901, 0.3717049255930751, 0.718090348431943]"
"[0.9083227599343948, 0.7011762829331478, 0.3811330373152966, 0.7327737330402005]",stable,0.06255321664511757,1560,"[0.8985020302356023, 0.6537994601262109, 0.3729000267983139, 0.693990845326911]"
"[0.9082907705868417, 0.7010219610347539, 0.3811062196914628, 0.7326474044157273]",stable,0.3421800827015988,1561,"[0.6972763536269511, 0.5034875091479524, 0.4790509572857459, 0.5778989196796295]"
"[0.7428541109959065, 0.629079678282421, 0.4718612357976679, 0.6416482359901629]",stable,0.22006764078131916,1562,"[0.6440982999206002, 0.47291562515951674, 0.5682847721489127, 0.5709916973850128]"
"[0.7424409067654659, 0.6284262722024088, 0.47226468155645973, 0.6413526019374217]",stable,0.11922427750070033,1563,"[0.7588718349295008, 0.5222990696343539, 0.5231872819330513, 0.6319526768740326]"
"[0.7425093689661494, 0.6279840755250419, 0.47247685905802883, 0.6413134355829908]",stable,0.13145845428878403,1564,"[0.7991810321979972, 0.5131008342266172, 0.47502897944103384, 0.6119029724643839]"
"[0.7427445210957421, 0.6275073815777454, 0.47248744876916166, 0.6411914004663161]",stable,0.10559090458691006,1565,"[0.8342888277596909, 0.5993361510835501, 0.47778130860726725, 0.6853211621850954]"
"[0.743122803354684, 0.6273909715343811, 0.4725093242230381, 0.6413737548535837]",stable,0.13395166292951832,1566,"[0.8646694840061432, 0.6321694988557702, 0.45021394035866885, 0.6928473787708351]"
"[0.9081491430330082, 0.7007984140796274, 0.38133059540791475, 0.7325181835532438]",stable,0.07657106312613156,1567,"[0.8770383479469843, 0.661940491802519, 0.4364217589326179, 0.7138026361345313]"
"[0.9080484608482638, 0.7006726602858504, 0.3815088839630109, 0.7324576154386202]",stable,0.10779837708732107,1568,"[0.9762904643767105, 0.6841115055209313, 0.4540919254107938, 0.7701530966548823]"
"[0.9082685963435169, 0.7006192372059635, 0.38174302280639083, 0.7325792137651244]",stable,0.08441665902889627,1569,"[0.9596316781440172, 0.6985669092058132, 0.43894734691716364, 0.7673852391395549]"
"[0.908433750947377, 0.7006126380805612, 0.381926959539866, 0.732691130245428]",stable,0.08263096649357835,1570,"[0.9652574170947306, 0.654811965036498, 0.4121481067629231, 0.7569383609835989]"
"[0.9086158780824647, 0.7004658410515737, 0.38202382219122194, 0.7327688457285632]",stable,0.2252137039359939,1571,"[0.8130392071951068, 0.5846424278250505, 0.545252941934338, 0.6936855521224109]"
"[0.7434105251811878, 0.6272150516014209, 0.4728086806745249, 0.6415890297394637]",stable,0.25193994962057203,1572,"[0.722460111296704, 0.48415918404075964, 0.6782916225974776, 0.6229718949427178]"
"[0.7263185338150449, 0.638683582992029, 0.7429584958724267, 0.7105533458773137]",stable,0.28491514930631284,1573,"[0.6453898132597838, 0.41689357281470935, 0.7392944574585328, 0.5511075848751065]"
"[0.5132600128408683, 0.5141723525207507, 0.7677318965593011, 0.5559517479572879]",stable,0.14973869816126595,1574,"[0.5448409509069058, 0.3730630736261555, 0.776804135352014, 0.5181339218558952]"
"[0.5134096855331244, 0.5135035881658, 0.7677748929516837, 0.5557725165539638]",stable,0.17821502388454558,1575,"[0.4757575121581041, 0.3691382911246521, 0.8362388651924259, 0.48638769044950075]"
"[0.5132320809417328, 0.5128226197835305, 0.7680978362169701, 0.5554452296383767]",stable,0.26732319057833764,1576,"[0.38857533528534016, 0.3180279586943982, 0.8062357254934459, 0.426903697843999]"
"[0.3071252002479255, 0.3019336689010619, 0.8236397348381153, 0.3792711689321254]",stable,0.07793606899657267,1577,"[0.3598544138318522, 0.2630512037043332, 0.8617583786068026, 0.3974035648830271]"
"[0.30739150940744026, 0.30173729281420975, 0.8238322532409874, 0.3793627466894532]",stable,0.2658454195976707,1578,"[0.5095992682610064, 0.3883018800386952, 0.746273661637284, 0.5069442754762805]"
"[0.5132150254831379, 0.512238015371583, 0.7679953753034505, 0.555217525628226]",stable,0.16040380848404331,1579,"[0.6548434980183236, 0.4839477540206547, 0.7014945329184838, 0.5763848735566223]"
"[0.5138768407753584, 0.5121058178886347, 0.7676846237035206, 0.5553164384690129]",stable,0.23554497449470937,1580,"[0.6790662650277001, 0.527202335339669, 0.6076811287356987, 0.6039463252036741]"
"[0.7431468191969521, 0.6268051634200202, 0.4733614366092018, 0.6414347563602187]",stable,0.09418271838472683,1581,"[0.7201911331291689, 0.5606189856240434, 0.5356383935188869, 0.6322482757325395]"
"[0.7430531225191245, 0.6265350157555468, 0.47361562827005765, 0.641397260520922]",stable,0.2449750820367824,1582,"[0.6466872609499813, 0.5706785193651692, 0.6914250344761147, 0.6285315727382353]"
"[0.7190793271909481, 0.6325013044804964, 0.7382736357454892, 0.7030968210464883]",stable,0.13868843606131734,1583,"[0.6341169117269955, 0.5712968194690361, 0.7377956856937642, 0.6121591894856498]"
"[0.7119991259022854, 0.6274009307295413, 0.7382338065745122, 0.6955186850830851]",stable,0.24748791883532603,1584,"[0.5325992475214342, 0.5415599817983998, 0.8121862271901124, 0.5681282436124975]"
"[0.513963921736968, 0.512242813999843, 0.7678916079057839, 0.5553760282603779]",stable,0.15248480235879822,1585,"[0.4589170283786507, 0.4517302426086038, 0.8924194400037857, 0.5229337376724453]"
"[0.5137090750084573, 0.511962663206365, 0.7684681256469784, 0.555225832470619]",stable,0.20579965718725146,1586,"[0.3988679788035155, 0.40808543840402695, 0.8740491997814097, 0.4702130071274875]"
"[0.3078511901581743, 0.3022717056061184, 0.8240845997060147, 0.37981928066150356]",stable,0.19943393018292677,1587,"[0.37482330553754534, 0.43594973725614355, 0.7106653395139004, 0.44730915798743354]"
"[0.2629167541674742, 0.46438696173822064, 0.5858596434422114, 0.37254551013149195]",stable,0.1165322666436534,1588,"[0.3471082283771116, 0.5138638361329309, 0.5798598558261796, 0.4358511677633978]"
"[0.26361834978588783, 0.46479926902484325, 0.5858096452120779, 0.3730730572784245]",stable,0.13111861055065147,1589,"[0.24822991407191358, 0.5625048474671299, 0.50006314690467, 0.3805859826930783]"
"[0.2634911726312269, 0.46560675314420097, 0.5851009964657355, 0.37313514757110755]",stable,0.1723814908002679,1590,"[0.19851787717125643, 0.5857195912807412, 0.48063005821753907, 0.36078288365225347]"
"[0.20869047973095903, 0.6115973818407822, 0.3579747253591398, 0.35211895872828575]",stable,0.055333888399739545,1591,"[0.1781158349759254, 0.5928211036373767, 0.3986699084070964, 0.36299938873173493]"
"[0.20860959442737428, 0.6115477091471224, 0.3580823845735524, 0.3521477429346441]",stable,0.05829346981869658,1592,"[0.17918059366397326, 0.5758397213866897, 0.38570604885934395, 0.32992308727707087]"
"[0.2085319453488429, 0.6114534928205778, 0.3581552702312985, 0.35208910268224947]",stable,0.07251588402283055,1593,"[0.17269045792121251, 0.5865957007601289, 0.41362719458746056, 0.33538889320178655]"
"[0.20843762564508594, 0.6113880775783136, 0.3583012489796042, 0.35204515476256404]",stable,0.06842430294763385,1594,"[0.17576164565384506, 0.5971955139850211, 0.4150295512993923, 0.3380939390432558]"
"[0.20835186191807484, 0.6113508267552341, 0.3584501421615459, 0.3520085373984714]",stable,0.09459912570686313,1595,"[0.12188360808910179, 0.587313283033139, 0.35550512770747794, 0.32224683304631985]"
"[0.2081255052326587, 0.6112879012481082, 0.35844243269962434, 0.3519306271776542]",stable,0.028184591612805843,1596,"[0.20160719867653462, 0.5849972913317248, 0.35971573427088493, 0.344245224302448]"
"[0.20810848615548866, 0.611219257357987, 0.3584457572468077, 0.35191056085160927]",stable,0.03326230660408873,1597,"[0.2279932625811954, 0.6198372467111769, 0.33595702529198923, 0.34046661477970325]"
"[0.2081602694274306, 0.6112417000385942, 0.3583871928406754, 0.3518807589087137]",stable,0.07280018814031057,1598,"[0.15263338897217782, 0.6567619013377595, 0.3467929435305623, 0.3486999419081459]"
"[0.20801604376391047, 0.6113599343276829, 0.3583570779074024, 0.3518724970463745]",stable,0.0355290050520786,1599,"[0.19313095630036242, 0.6381355135218347, 0.3714211573086568, 0.3642475752040499]"
"[0.20797748136115515, 0.61142930111316, 0.35839092267269057, 0.3519045568343478]",stable,0.0860802927511367,1600,"[0.14757349160022812, 0.607872948191388, 0.31555177895739206, 0.30816287258786473]"
"[0.20782139870027422, 0.6114201115707264, 0.358280227210894, 0.3517915292264758]",stable,0.13020700190086984,1601,"[0.26777988379427503, 0.6007699018108965, 0.46533584380005777, 0.3940350068062298]"
"[0.20797593087835153, 0.6113926625765, 0.3585561437484949, 0.3519004041686916]",stable,0.2895076491119069,1602,"[0.3161381595315257, 0.550093769969027, 0.6151146939511049, 0.40225680664259617]"
"[0.2639227053107376, 0.466299269675552, 0.5853470103795501, 0.3733738496946444]",stable,0.23296286972618385,1603,"[0.3823646615310364, 0.5652925886889043, 0.690573651165325, 0.5125531532473993]"
"[0.5131038012136305, 0.5122084232316301, 0.7681091649350813, 0.5550291841792677]",stable,0.12067271194536096,1604,"[0.41024340668730713, 0.5394560382550211, 0.7335289572746584, 0.5098249879156876]"
"[0.5126319645414914, 0.5123334122913704, 0.7679505401292996, 0.5548218254808109]",stable,0.1143956151796773,1605,"[0.42021809469893795, 0.5790532053074039, 0.7618055346596616, 0.5472891260485903]"
"[0.5122099834006578, 0.5126380688804847, 0.7679224807435935, 0.5547874295929925]",stable,0.05705298546794637,1606,"[0.46187091509570494, 0.5359544579538539, 0.7808841426605245, 0.5578472782698779]"
"[0.5119811694538171, 0.5127440524671818, 0.7679813973886704, 0.5548013379960692]",stable,0.09364669721050152,1607,"[0.4753400382751551, 0.5621324972253501, 0.831830744897542, 0.5849869927254957]"
"[0.511815372480158, 0.5129675295927844, 0.7682703084633712, 0.554937924669053]",stable,0.16923333294851137,1608,"[0.4667230785012589, 0.6127799369270027, 0.8940694000915377, 0.5835504724804327]"
"[0.5116122540388115, 0.5134171350312268, 0.7688369710382728, 0.5550668100195547]",stable,0.12456713162303634,1609,"[0.44912825214759905, 0.5583841244457846, 0.8608325864599323, 0.5886450231142234]"
"[0.5113320567209136, 0.5136187807236687, 0.7692495074302981, 0.5552173849661676]",stable,0.15738001330185963,1610,"[0.3666557024133268, 0.5592023574236078, 0.7416667261701468, 0.5236175621129531]"
"[0.5106861801391833, 0.5138222788339363, 0.7691263700139581, 0.55507631432843]",stable,0.26500805411969686,1611,"[0.2992331201832915, 0.5968930275073964, 0.6667183774352746, 0.4649168669341976]"
"[0.26420978185441685, 0.4673610075441036, 0.5860085662092713, 0.37411810186732364]",stable,0.17524550829751312,1612,"[0.23345160194488665, 0.6109079498223102, 0.6442288097930453, 0.45007599248265046]"
"[0.26396173201643675, 0.4685186441753795, 0.586478084302689, 0.3747306655013182]",stable,0.1376688572162931,1613,"[0.23767236499560573, 0.5944364770687905, 0.5920190408866408, 0.4234705935731353]"
"[0.26375141708027006, 0.46952598683852675, 0.5865224119553606, 0.3751205849258928]",stable,0.11891853615171395,1614,"[0.1898062297195367, 0.5576234435739538, 0.5587980453399707, 0.3631237053658756]"
"[0.263164550513915, 0.47022517300309363, 0.5863023772996828, 0.37502537159605137]",stable,0.12949447919310822,1615,"[0.2061958790674264, 0.559765693650984, 0.5135221376045273, 0.3605712203882916]"
"[0.26271597829780097, 0.470930216472762, 0.5857293045461777, 0.37491155938181703]",stable,0.12800906759928127,1616,"[0.17779558416741573, 0.5169133244616126, 0.5079738780484433, 0.3430604137474993]"
"[0.26205253771865733, 0.4712894595039249, 0.5851218402766641, 0.37466272230654896]",stable,0.12463116143392865,1617,"[0.2094057302350782, 0.556534728399926, 0.5112588372045409, 0.36843849784297744]"
"[0.2616444229319629, 0.4719502755418784, 0.5845492588575003, 0.3746144725045058]",stable,0.2017888537460024,1618,"[0.1446819433643622, 0.5493806768791524, 0.4579882871438569, 0.30372460540651236]"
"[0.20781322139888111, 0.6112332487315196, 0.3588117533716192, 0.3517765589276577]",stable,0.22716621301141837,1619,"[0.26675073900693874, 0.5183687162267187, 0.5559479255179433, 0.37716091604594304]"
"[0.26168370228638577, 0.4723073404702233, 0.5843292486010422, 0.37463406053174764]",stable,0.1355928786826012,1620,"[0.3560398466432192, 0.5430114828873445, 0.6047060567655863, 0.4384153799413666]"
"[0.26240397819750666, 0.47284706674821664, 0.5844847967549701, 0.3751209408325844]",stable,0.19627682209014102,1621,"[0.40467505814608923, 0.511733084513122, 0.6725739808890381, 0.4700509358871014]"
"[0.5102150195969918, 0.5138129935258438, 0.768697248284514, 0.5546984237575796]",stable,0.1195507880271139,1622,"[0.45118167998276837, 0.5369934655031915, 0.6737822669138155, 0.5191840919716227]"
"[0.5099538101296722, 0.5139155619859205, 0.7682772704908384, 0.5545412806965798]",stable,0.06511814708276326,1623,"[0.4636369154350563, 0.5008863568009053, 0.7768081329500447, 0.5114996433753867]"
"[0.5097497709459955, 0.5138581646062508, 0.768314851382729, 0.554351669959482]",stable,0.0586914470261235,1624,"[0.4604564316740713, 0.5084916842588726, 0.7939661386547217, 0.536239105055136]"
"[0.5095335720895396, 0.5138346274117448, 0.7684273570286588, 0.5542722288853401]",stable,0.15460153899608683,1625,"[0.5526274645207272, 0.6042828668223047, 0.6566692331016979, 0.5913369023486781]"
"[0.5097217550259203, 0.5142295978895202, 0.7679393302866198, 0.5544340833546123]",stable,0.24520181990500514,1626,"[0.6447245749835522, 0.6188959930861246, 0.6005185051144514, 0.6084098566555317]"
"[0.7426534129762968, 0.6265039628178662, 0.47413149362308366, 0.6412631653832579]",stable,0.0901883120179954,1627,"[0.7292454461301185, 0.6223692805906506, 0.5617375259266741, 0.6250691678344966]"
"[0.7425991297097131, 0.6264872232137074, 0.4744861739158107, 0.6411976026401455]",stable,0.11188354986633399,1628,"[0.810670152528344, 0.6834910286569696, 0.4895688811223635, 0.7075854229946803]"
"[0.7428736096404334, 0.6267170772679141, 0.47454699128357913, 0.6414652954641556]",stable,0.1544309833297889,1629,"[0.6402382760777044, 0.5614766247393773, 0.5598806310889078, 0.5993135435655801]"
"[0.7424614195458039, 0.626455067418402, 0.4748896966643234, 0.6412960113199847]",stable,0.25756551138242106,1630,"[0.591071255648086, 0.5065365488255228, 0.6299117097615063, 0.5705235923808505]"
"[0.5100754485068864, 0.5141961498501115, 0.76733921019738, 0.5545040377416829]",stable,0.1009815180158567,1631,"[0.4899686379248569, 0.4653109980191393, 0.6875661399651318, 0.5222630336445899]"
"[0.5099884060368343, 0.5139845258162112, 0.7669938722310067, 0.5543644662953751]",stable,0.16452669444462287,1632,"[0.457626157701624, 0.39044491754396465, 0.7302442378551076, 0.46653134216026493]"
"[0.5097627066905618, 0.5134520275046929, 0.7668354686345589, 0.5539858752430685]",stable,0.2505047371107594,1633,"[0.38726711247921064, 0.33257819214017653, 0.7967748433019204, 0.43509204765392984]"
"[0.3082482697697795, 0.3024232380387887, 0.8239480509239943, 0.38009564449646566]",stable,0.1298314499156549,1634,"[0.4154202332463414, 0.33417423730973167, 0.8025717451593052, 0.442588069868912]"
"[0.3087814636179216, 0.3025812032092909, 0.8238417011440704, 0.3804065520853834]",stable,0.08365124283812551,1635,"[0.36922311506369404, 0.3034864020031846, 0.8517631878076555, 0.43104160315190815]"
"[0.3090806797141878, 0.3025856843914389, 0.8239799263255733, 0.3806572206550196]",stable,0.030517889218141185,1636,"[0.2863871289968145, 0.28437073915677546, 0.826097017217472, 0.3717085886689339]"
"[0.3089688888239544, 0.30249595559717946, 0.8239903553447452, 0.3806131387240537]",stable,0.11403532237587535,1637,"[0.279600081707529, 0.21046118013825732, 0.8621615929011504, 0.3335590778199587]"
"[0.3088249240831876, 0.3020448047370867, 0.8241774692543353, 0.3803824815627591]",stable,0.1101570809295393,1638,"[0.3176057638824954, 0.2251943241210766, 0.8945360949359339, 0.34572491741550676]"
"[0.30886775744806233, 0.3016699243438379, 0.8245206820625384, 0.38021342027423594]",stable,0.16774787829211224,1639,"[0.29293129194691564, 0.19857193502644085, 0.9558626634221321, 0.37787498702052025]"
"[0.30879039596504704, 0.30116944866753986, 0.8251582644963228, 0.38020206865649947]",stable,0.16666757620864042,1640,"[0.29178256489768134, 0.22104815284952065, 0.9701163744782296, 0.3726828300938677]"
"[0.308708232529939, 0.3007823892674528, 0.8258585452208731, 0.3801657438325254]",stable,0.1432359334682593,1641,"[0.41490569975516134, 0.3513490189425969, 0.8446869783229906, 0.4597090443781236]"
"[0.3092187972762141, 0.30102549806396794, 0.825949066533864, 0.3805481635466869]",stable,0.2613007288078833,1642,"[0.5161970212585023, 0.38475229932193283, 0.7318632816602327, 0.47840404486452465]"
"[0.5097903217745444, 0.512899668156269, 0.7666853734114931, 0.5536614897049632]",stable,0.23225548340521612,1643,"[0.5835465657282132, 0.39230310809163493, 0.588323718135496, 0.5073342225999309]"
"[0.5101055193982781, 0.5123842982414628, 0.7659231441154418, 0.5534635099310101]",stable,0.30468935947198644,1644,"[0.7024499403759604, 0.4650559498654948, 0.535500935570209, 0.5759326608573294]"
"[0.7423013736291245, 0.6258094709481903, 0.47513214161994693, 0.641034557918134]",stable,0.0700216613163836,1645,"[0.7523140113052205, 0.5776700661831645, 0.5236045359936683, 0.6293810248563971]"
"[0.7423412646158819, 0.6256176804909592, 0.4753252587290056, 0.6409881294995614]",stable,0.07589713006465125,1646,"[0.7987941599984475, 0.6012909046254684, 0.4444442413786387, 0.673050813391778]"
"[0.7425652840420032, 0.6255211456660962, 0.47520271500936123, 0.6411153623721495]",stable,0.13058983815521127,1647,"[0.7038426090640871, 0.5531982788573437, 0.5680372929260654, 0.5998188207306296]"
"[0.7424122299907071, 0.6252352845324647, 0.4755696500999411, 0.6409521349348313]",stable,0.06798077605084982,1648,"[0.7856811877760058, 0.5736828397884745, 0.4774712691085521, 0.6315759688359528]"
"[0.7425825802182082, 0.6250323221515828, 0.47557713678895136, 0.6409152208950719]",stable,0.09748284077910921,1649,"[0.8327246141932617, 0.6309153250524999, 0.46633880649294185, 0.6763745142807993]"
"[0.7429360783906594, 0.6250553927511943, 0.4755409080426925, 0.641054276947565]",stable,0.19145529062321573,1650,"[0.9050994522543818, 0.6636391428003993, 0.4385360864294759, 0.7276574287046985]"
"[0.9086046434951545, 0.7003481838686626, 0.38220437255620043, 0.7327525153227361]",stable,0.07483105267850348,1651,"[0.9163870823058474, 0.7019002609256966, 0.45282786787378976, 0.7561839697604412]"
"[0.9086294283321312, 0.7003531267892265, 0.3824292881463839, 0.7328271377890981]",stable,0.12059087044436241,1652,"[0.9552049653883427, 0.6673808054019486, 0.4762465095896021, 0.7826672056608687]"
"[0.9087772871799288, 0.7002484527530765, 0.38272712059541, 0.7329853602267862]",stable,0.15051232083967153,1653,"[0.9922687238136955, 0.6448331946475718, 0.4896116048114217, 0.7674526626502627]"
"[0.9090415005869977, 0.7000730880122362, 0.3830653626340682, 0.7330944339686326]",stable,0.11970682138298075,1654,"[0.9628497054759395, 0.6457624669619315, 0.471998693460775, 0.7570865010209781]"
"[0.9092112425582562, 0.6999017611319513, 0.3833459094190105, 0.733170118722741]",stable,0.12167447053980834,1655,"[0.9769093177494964, 0.6861582584098589, 0.47666179835878064, 0.7695694099363374]"
"[0.9094241295871596, 0.6998585425699322, 0.383639355610645, 0.7332845819026579]",stable,0.07666477532277123,1656,"[0.974838695498255, 0.6846090283113189, 0.3953993186199172, 0.7683213900742201]"
"[0.909629190922304, 0.6998107384499992, 0.38367622069844837, 0.7333944151571142]",stable,0.07042215985339273,1657,"[0.9756975169407367, 0.7024791326347615, 0.38101005088601764, 0.7574781878380066]"
"[0.9098356544411116, 0.6998190771818266, 0.3836678889177845, 0.733469676946742]",stable,0.08649812840631253,1658,"[0.9581452942688403, 0.7452271402756672, 0.3469561812983086, 0.775164559693165]"
"[0.9099861517614471, 0.6999605353223057, 0.38355352222738115, 0.7335995675471982]",stable,0.04946463180000846,1659,"[0.9316518139972889, 0.7326295206335998, 0.3538610420145928, 0.7389327557621832]"
"[0.9100534364267759, 0.7000619917984278, 0.38346130955591284, 0.733616130243518]",stable,0.07750464644474629,1660,"[0.9767973766060619, 0.691431297503372, 0.3579890052704487, 0.7624065713697501]"
"[0.9102600740124702, 0.7000352713826536, 0.38338244793273807, 0.7337052647361688]",stable,0.09436800173980385,1661,"[0.9835388782505672, 0.6891459086980586, 0.3290526802514749, 0.755274565277021]"
"[0.9104862431613532, 0.7000016622385654, 0.38321476346458605, 0.7337718366514184]",stable,0.20349713644452544,1662,"[0.8269209344057104, 0.5805151832848743, 0.48539092186879823, 0.6352277464445352]"
"[0.7432641442344682, 0.6248814075579665, 0.47557938465920074, 0.6410315170627876]",stable,0.2288984558555269,1663,"[0.6518928109198929, 0.47206815628444593, 0.5930680608481953, 0.5580236635552138]"
"[0.5107088695749658, 0.5122127401905818, 0.7651875905696237, 0.5534829148400493]",stable,0.25581597430309677,1664,"[0.5337056321130541, 0.4861423152207044, 0.521076909462699, 0.48534137147029016]"
"[0.48194411827697514, 0.6135458094067229, 0.40246732320926215, 0.4944011862526151]",stable,0.10011687435833153,1665,"[0.43544708545484156, 0.5630973806855891, 0.4730351772456858, 0.47605592838356153]"
"[0.48152522608938836, 0.6130913190578838, 0.4031030696420227, 0.49423591365920017]",stable,0.16623092142292148,1666,"[0.36390346641804633, 0.5273250313656269, 0.3966674844141627, 0.4142323635680041]"
"[0.4804750318066085, 0.61232554863206, 0.4030456090596311, 0.4935215962476716]",stable,0.20963664553738626,1667,"[0.296121566442837, 0.5650601417758038, 0.3955493289942407, 0.4059367227795309]"
"[0.20803965305283997, 0.6111148561495818, 0.35890595228347205, 0.3519154311426625]",stable,0.053829976031744144,1668,"[0.2532488414817207, 0.6206248621234834, 0.3720643439669522, 0.37620971268916187]"
"[0.20815527757567598, 0.6111391784154998, 0.3589396054591331, 0.35197756485505766]",stable,0.08396492916267778,1669,"[0.2813508425481557, 0.5762859617522492, 0.37756194663973397, 0.3634222271406304]"
"[0.20834200095570782, 0.6110502671485017, 0.3589871114315326, 0.35200676042211265]",stable,0.06084988258980669,1670,"[0.2623124044838805, 0.60426252809429, 0.38356026628010365, 0.3638385148786396]"
"[0.20847933022677187, 0.611032995547855, 0.35904963854310656, 0.35203686666754913]",stable,0.07566804598924241,1671,"[0.24257803833283248, 0.6030083499909273, 0.4167569379050372, 0.3862187910335936]"
"[0.2085658751712035, 0.6110126284271521, 0.3591961037699135, 0.3521236228207624]",stable,0.21204848853338956,1672,"[0.18660630965556974, 0.47775429039361383, 0.5218282436807908, 0.33553020894031865]"
"[0.2618297534358253, 0.4728842426849242, 0.5840101258983474, 0.3748210110455218]",stable,0.13827364113205953,1673,"[0.2289074507518858, 0.3534380555513477, 0.6126102223824024, 0.3205037515577859]"
"[0.2615822173254197, 0.4719861510523409, 0.5842251642177765, 0.3744126105982456]",stable,0.14444961964111128,1674,"[0.2753102409040365, 0.3631992287546067, 0.6719985277877268, 0.34067129812094676]"
"[0.26168466526257356, 0.4711743083486265, 0.5848801893190447, 0.3741608097588628]",stable,0.21134089918212093,1675,"[0.2955119336490255, 0.31190928451707983, 0.7178769934150028, 0.35254614194238726]"
"[0.30915321419665814, 0.3010775735972364, 0.825431975274922, 0.38041418258207305]",stable,0.04222488181038382,1676,"[0.27657865972994977, 0.2986374407531268, 0.8306081082020658, 0.3541636122107465]"
"[0.3089980972706262, 0.30106595391702634, 0.8254566235269559, 0.38028917986601907]",stable,0.07195438525560469,1677,"[0.2799414972273476, 0.25285770423717824, 0.8660608559592735, 0.3613047514357324]"
"[0.30886038826568174, 0.30083747880006023, 0.8256490606474882, 0.3801992062715628]",stable,0.11822846530990229,1678,"[0.23452074130834297, 0.26450651359052973, 0.9026162024297596, 0.3454471278789742]"
"[0.30850972955361883, 0.3006661063226568, 0.8260121132030649, 0.3800352813734845]",stable,0.20264834780014332,1679,"[0.1601791251595624, 0.23053050948910073, 0.8854661907860044, 0.2770275370928506]"
"[0.3078133417395622, 0.3003368312201518, 0.8262912403278674, 0.3795516769402421]",stable,0.17045584775557238,1680,"[0.19377416186998625, 0.2330355875091879, 0.9072182753733078, 0.30904196780414606]"
"[0.3072804483756857, 0.30002233942710993, 0.826669404043033, 0.37922219231811083]",stable,0.16333408515181871,1681,"[0.20564395725600815, 0.22073618821672564, 0.9123540545224097, 0.3270695898544522]"
"[0.30680772051001276, 0.2996535666307825, 0.8270679373010766, 0.37897962207409375]",stable,0.21958586531704277,1682,"[0.169979621698904, 0.17458960468583315, 0.8441988911915702, 0.2625255132405883]"
"[0.30617425708959095, 0.2990745668069633, 0.827147247272792, 0.37844048268134606]",stable,0.1022859512554303,1683,"[0.2257427355308232, 0.26618987782034115, 0.8656240182189517, 0.34060767295513583]"
"[0.3058036049165091, 0.29892302446140284, 0.8273245595812996, 0.37826613793606395]",stable,0.1443851186105017,1684,"[0.19648468014802448, 0.2366403103612812, 0.8609405045648968, 0.3159181874419754]"
"[0.30530214195885547, 0.2986373239380078, 0.827478761163793, 0.3779801381631553]",stable,0.06815497215864835,1685,"[0.2608270072082719, 0.2684382353386508, 0.8581908224692913, 0.3494872099703727]"
"[0.3050990591517752, 0.2984994285562756, 0.8276189988866492, 0.3778500334682111]",stable,0.060948308771787765,1686,"[0.2689929286719225, 0.2611625862301489, 0.8477790316285843, 0.353140177765049]"
"[0.3049349403768668, 0.2983297156366113, 0.8277106353991126, 0.37773771594228767]",stable,0.06064127477858559,1687,"[0.3288953566637824, 0.3171489489064802, 0.8679694191567198, 0.41132833141182196]"
"[0.3050433585501107, 0.2984148705382849, 0.8278928018414546, 0.37788970967744395]",stable,0.07778891235493318,1688,"[0.36305544727026845, 0.3285028496164545, 0.82626956794835, 0.42005356949136435]"
"[0.3053046742650664, 0.298550401975574, 0.8278854899770712, 0.378079636973903]",stable,0.16342071931499838,1689,"[0.429911648011964, 0.367828714149055, 0.850082707553214, 0.45480794067822417]"
"[0.30586344993209286, 0.29886106705258514, 0.8279850290693409, 0.37842371008468473]",stable,0.2163080424238836,1690,"[0.4525976416151781, 0.39580979275237593, 0.8549362863771783, 0.5014392396859415]"
"[0.510462635558187, 0.5117195073624539, 0.765567881653554, 0.553262390792786]",stable,0.10149954919679764,1691,"[0.5174410339791414, 0.454549367010652, 0.8477445242278072, 0.5380296986469345]"
"[0.5104920802772628, 0.5114782831415602, 0.765914618542053, 0.5531981178301454]",stable,0.0738823988146205,1692,"[0.4919926946306227, 0.4676789058973917, 0.81193590351037, 0.5203341943244607]"
"[0.5104143517661425, 0.5112942521447359, 0.7661079852856174, 0.5530600341179366]",stable,0.1032647691654201,1693,"[0.446360810056988, 0.47085437867133484, 0.8244477241532165, 0.5140491657910617]"
"[0.5101463453154765, 0.5111250476532154, 0.7663520846114231, 0.5528968087274475]",stable,0.08429888485567934,1694,"[0.4872198228460601, 0.5390233131217623, 0.8423786761276497, 0.5481723276298315]"
"[0.5100508181385206, 0.5112412904260011, 0.7666688620760741, 0.5528771233895408]",stable,0.1427588832987284,1695,"[0.5575588543316176, 0.5798055064240855, 0.859947392955443, 0.6215877427968056]"
"[0.5102479469194049, 0.5115257892475699, 0.7670559099220465, 0.5531622296941352]",stable,0.22041825060202566,1696,"[0.6609082136125958, 0.6188242200478569, 0.7086867422967081, 0.6578798321156725]"
"[0.7080690557261554, 0.6267411837540272, 0.7359609554762195, 0.6926233887009764]",stable,0.15829842337185362,1697,"[0.6850441276245302, 0.6117830740857898, 0.591230138095222, 0.6346795453411257]"
"[0.7430376072048576, 0.6248304412798646, 0.47602938759085844, 0.6410068012195127]",stable,0.09210293635335728,1698,"[0.6657437431360749, 0.6204508063401731, 0.5241248511326811, 0.6277307081677387]"
"[0.7427380185844359, 0.624813465950641, 0.47621580411621434, 0.6409553434945058]",stable,0.01355180259639486,1699,"[0.7519784049516391, 0.6192566090443473, 0.47205478242366183, 0.6480316315888065]"
"[0.7427736957518768, 0.6247920109046707, 0.47619973839539365, 0.6409826650701594]",stable,0.11671667440133601,1700,"[0.8084944573787703, 0.702337246735724, 0.46942416988476005, 0.6979422265655973]"
"[0.7430264679119802, 0.6250902618117133, 0.4761736785165066, 0.6412017403066804]",stable,0.13353019043186942,1701,"[0.7316538214585825, 0.5688097344009353, 0.5967245964714478, 0.6402254800939168]"
"[0.7429828945539213, 0.6248746276070744, 0.47663555942821134, 0.641197999846095]",stable,0.2779259720181813,1702,"[0.6765524272863671, 0.39684979841301077, 0.5938100495796877, 0.556908883884276]"
"[0.5109351555159626, 0.5110519215168485, 0.7663400179371609, 0.5531777117362432]",stable,0.22015492074600818,1703,"[0.632637417061125, 0.3469470312727749, 0.6848376326637093, 0.5440292224515344]"
"[0.5114359878680003, 0.510376592750412, 0.7660046171747187, 0.5531400636321909]",stable,0.25569319095348475,1704,"[0.5218358638004602, 0.2916697914830368, 0.674608959684158, 0.45782469576412044]"
"[0.5114786103103465, 0.5094802534009556, 0.765630044807954, 0.5527494268786333]",stable,0.17684400398438482,1705,"[0.5193768776847075, 0.34452016966737337, 0.7891033290199415, 0.4940246891557194]"
"[0.5115108481363643, 0.5088069469367369, 0.7657258541312684, 0.5525097340716009]",stable,0.17703329049730787,1706,"[0.5459326008707133, 0.3415461516884762, 0.7985595590713793, 0.5193178212640408]"
"[0.5116507739604876, 0.5081270250048334, 0.7658593244765534, 0.5523748075967735]",stable,0.1289520737990424,1707,"[0.5507096475512498, 0.4312916281062292, 0.8611746474199913, 0.5416812241694734]"
"[0.5118089070519483, 0.5078159505234625, 0.7662452164722758, 0.5523315137367439]",stable,0.18210408143445672,1708,"[0.5755366415212427, 0.49581809458339576, 0.9174666115721859, 0.6303623630937556]"
"[0.5120658737231955, 0.5077675720720913, 0.7668549801621948, 0.5526461542583447]",stable,0.18906276401326835,1709,"[0.5833807358170855, 0.5361840706406523, 0.9170639015217955, 0.6380200480078657]"
"[0.5123522787918456, 0.5078816945563025, 0.7674582288423539, 0.5529890213015155]",stable,0.07116808789140325,1710,"[0.47290596023800974, 0.5666306591370673, 0.7610013976662956, 0.5569580487037538]"
"[0.5121944935176304, 0.5081166904146255, 0.7674324015176496, 0.5530048974111245]",stable,0.15690590626446313,1711,"[0.4252640817474033, 0.5992899167809894, 0.6778060291192982, 0.5262257433021712]"
"[0.5118481572157569, 0.5084799303603083, 0.7670753243367797, 0.5528982075541168]",stable,0.26682671236165534,1712,"[0.38281560883950416, 0.5695221310025098, 0.5659739831500017, 0.4510198673492634]"
"[0.26258193151129156, 0.47190281073865525, 0.5847401433474222, 0.3747301361113843]",stable,0.19386464033217152,1713,"[0.3226038928276776, 0.6199163785758044, 0.49703580109143114, 0.4409177105979759]"
"[0.47907794208113125, 0.6123927241182878, 0.4038773806705319, 0.49305607513572747]",stable,0.24222398091674785,1714,"[0.3834546165078974, 0.5784117121423866, 0.6222479726192501, 0.4668222813854439]"
"[0.2634707012539137, 0.47268596442544736, 0.585015936209715, 0.3754072842383995]",stable,0.2947882395109391,1715,"[0.4279365276917741, 0.6110108034899243, 0.7089626798864221, 0.5346383795615103]"
"[0.5115151745589157, 0.5088867989044733, 0.7668447186048338, 0.5528257479192253]",stable,0.12073715481592959,1716,"[0.4502936670529265, 0.6001200712214723, 0.8035705971300974, 0.5868417359339774]"
"[0.511273192315809, 0.5092474047239082, 0.7669898801800324, 0.5529601984647382]",stable,0.19745613064159503,1717,"[0.4463754965514573, 0.6352301792256662, 0.8847796049756916, 0.6238906846736341]"
"[0.5110176895765793, 0.5097433998991119, 0.7674536192540311, 0.5532394523474504]",stable,0.13932693218480324,1718,"[0.43040252102755144, 0.5091669868531931, 0.8795947109184623, 0.5348755763908142]"
"[0.5107015516607009, 0.5097411394557946, 0.7678933882409505, 0.5531674371476204]",stable,0.20979496149391225,1719,"[0.38101486136931556, 0.4253661817968879, 0.8965556263644641, 0.49381945293076224]"
"[0.3061989473045804, 0.2994258220291222, 0.8282911478072655, 0.37893886965096185]",stable,0.07859750805879588,1720,"[0.30535801455558287, 0.3109455323865092, 0.8945530991989092, 0.4196022582974766]"
"[0.306195209825696, 0.2994770207418217, 0.8285856453690061, 0.37911959582272414]",stable,0.09156650324915973,1721,"[0.314933858183703, 0.31261942146857474, 0.9149633855921065, 0.40508541641906776]"
"[0.3062338764113509, 0.29953517295742677, 0.8289678477593738, 0.3792344888342124]",stable,0.061124277416616676,1722,"[0.2996590346008205, 0.3185945808496763, 0.8859184347221916, 0.38852525630829154]"
"[0.30620491235051156, 0.2996191351067318, 0.8292187314023819, 0.3792754173252877]",stable,0.10271864063677083,1723,"[0.258641090423364, 0.33182624916852194, 0.913877740234836, 0.38845996986016684]"
"[0.30599629909644516, 0.2997603943789327, 0.8295900428446294, 0.37931570045044066]",stable,0.13527653686857533,1724,"[0.23768793704011518, 0.2939527084472833, 0.9461342616494522, 0.37514138043045353]"
"[0.30569800930580615, 0.29973503330499535, 0.8300989695643012, 0.37929747197873764]",stable,0.11378122459022716,1725,"[0.24864060529056317, 0.3135853825758476, 0.9262012392145521, 0.3630758410669301]"
"[0.3054499336361747, 0.29979525221486863, 0.8305168055193023, 0.37922694314868627]",stable,0.13103557722206144,1726,"[0.2343417511042079, 0.28785220728453353, 0.9394860933316085, 0.36937773676491614]"
"[0.30514210600616615, 0.2997435507216637, 0.8309885340379701, 0.37918430589161367]",stable,0.14327480500596534,1727,"[0.21797721408747653, 0.29143219155840017, 0.9391381810082702, 0.34505914603324445]"
"[0.3047663952651374, 0.29970772589768413, 0.831454696309394, 0.37903721468532764]",stable,0.15791272113620877,1728,"[0.19312813849637922, 0.25335422498523097, 0.92959028852127, 0.3526917100088476]"
"[0.3042872611159152, 0.2995087838336822, 0.8318758791085865, 0.3789241438498062]",stable,0.0651163900159061,1729,"[0.2722398052661308, 0.27471447277002403, 0.8813727029354484, 0.39110656529182125]"
"[0.3041503061763862, 0.29940282523939304, 0.8320874039967354, 0.3789762054799003]",stable,0.054726888645002546,1730,"[0.2937936917343356, 0.25092135467588805, 0.8529111390651258, 0.36879328115224747]"
"[0.3041062354766328, 0.29919652110933553, 0.8321760156353243, 0.3789328738870167]",stable,0.16831644756075237,1731,"[0.23495579002686584, 0.21393160237674103, 0.7576864245413165, 0.2753479480254712]"
"[0.3038132251145575, 0.2988352290808076, 0.8318603817747564, 0.37849395470963726]",stable,0.1500983354259854,1732,"[0.2085685871297176, 0.2373835527041967, 0.7785894418204412, 0.29576628304122604]"
"[0.3034113490049168, 0.29857593930706666, 0.831635609876215, 0.37814489280386343]",stable,0.16031518455360474,1733,"[0.19766461839838018, 0.21141052718088646, 0.8488161430380178, 0.29674705761376596]"
"[0.3029670350107717, 0.29820969807964576, 0.8317077969903403, 0.37780288509298066]",stable,0.1533134920223103,1734,"[0.23899993372219433, 0.1822612889850374, 0.872914253377022, 0.3124482282635418]"
"[0.3026993902355057, 0.297724558292639, 0.831880208941749, 0.3775294346459956]",stable,0.08479415839503407,1735,"[0.2677266006171419, 0.24616856772743662, 0.8849820512114273, 0.3554132082807505]"
"[0.3025536702787625, 0.297509741665284, 0.8321014666178727, 0.3774372837028071]",stable,0.11522657713901582,1736,"[0.34644516561197775, 0.32754344841371297, 0.9281996501277063, 0.4122771502589179]"
"[0.3027357926660373, 0.29763436285511147, 0.832500214267291, 0.37758184746445067]",stable,0.15543425753351195,1737,"[0.3892741182570977, 0.3693146433245351, 0.91176093590662, 0.4500428853808876]"
"[0.30309338905277716, 0.2979305623611835, 0.8328277379104287, 0.3778812732409649]",stable,0.2636937858475454,1738,"[0.44040291556167416, 0.44819487359423965, 0.9112169443072207, 0.5260577751387018]"
"[0.510426947613439, 0.5095007243547729, 0.7684532458818344, 0.5530615400303981]",stable,0.11428916261990647,1739,"[0.5358915122901465, 0.5113826566176537, 0.8710859747576337, 0.5963807036032304]"
"[0.5105260315226868, 0.5095080470484028, 0.768852595021429, 0.5532300970871017]",stable,0.16843495779863624,1740,"[0.4489629427151631, 0.4634446476806824, 0.9185376371906862, 0.5459587495790449]"
"[0.5102874148994019, 0.509329506740776, 0.7694327696034804, 0.5532019135696287]",stable,0.2099673304346188,1741,"[0.39596208344299055, 0.4158569123850935, 0.9095537677485591, 0.5017725598845303]"
"[0.30347556474985626, 0.29841585598268106, 0.8331434828891864, 0.37839111392674085]",stable,0.1208370647419517,1742,"[0.381782047365517, 0.3517354788903852, 0.8611779855411454, 0.44796679552492125]"
"[0.3037964929572975, 0.29863437902738477, 0.8332583783918583, 0.3786762601627989]",stable,0.3460394992923193,1743,"[0.5564286153349534, 0.4449879047688966, 0.7434649641094067, 0.5412743353911632]"
"[0.510465566252435, 0.5090810835671394, 0.769332507806206, 0.5531558611442291]",stable,0.1838273737241777,1744,"[0.6502870265411981, 0.5196598384546917, 0.6698779013759015, 0.6182660276151319]"
"[0.7039417679272298, 0.619092516232646, 0.7312407373261969, 0.687312148623416]",stable,0.17205492580885864,1745,"[0.7248974153636477, 0.5239312129867939, 0.5963471048719668, 0.6435880977650329]"
"[0.7429138660073935, 0.6244893473986, 0.4770924737237982, 0.6412071223572361]",stable,0.2449054947103657,1746,"[0.6601179003454073, 0.5110294183139755, 0.6744748446442766, 0.6052825687573536]"
"[0.7010201767551083, 0.6118883097047347, 0.7274563444807355, 0.6818435099656786]",stable,0.175369599901062,1747,"[0.7653657242318135, 0.5545637534066684, 0.5768266900556374, 0.6565700151066968]"
"[0.7429992342896157, 0.6242234706153605, 0.4774716912763908, 0.6412655363981086]",stable,0.10487868739843922,1748,"[0.8250247200579283, 0.5863003983280899, 0.5079206005291823, 0.6849240208942703]"
"[0.743309936887223, 0.6240798226142724, 0.4775870280538635, 0.6414309094454425]",stable,0.11782563489768144,1749,"[0.8371201147816378, 0.5735004403786966, 0.43415933987887223, 0.666695365800235]"
"[0.7436639375585227, 0.6238889570209306, 0.4774231499852786, 0.6415262470165926]",stable,0.18039463792572538,1750,"[0.9084958920152495, 0.6389743765387957, 0.4751528478555322, 0.7132195383940901]"
"[0.9104801190039806, 0.6998138859748738, 0.3834976498780966, 0.7337085988106267]",stable,0.08204197245720854,1751,"[0.9128871932162947, 0.6224043491396677, 0.40945572817135617, 0.7260253041601756]"
"[0.9104875026672086, 0.6995764334078945, 0.3835772758851311, 0.7336850304221284]",stable,0.04517568115796217,1752,"[0.9343713657321672, 0.7207073416158847, 0.35470574780317493, 0.7474807847581]"
"[0.9105605420037987, 0.699641053922292, 0.38348898375032386, 0.7337272192733088]",stable,0.09559469082443076,1753,"[0.8676647736663872, 0.7276421788547303, 0.31633814673400706, 0.6889499922143709]"
"[0.9104297622222821, 0.6997264232056226, 0.3832842555886888, 0.7335907033371535]",stable,0.11509091816626273,1754,"[0.8483189573923523, 0.7964334946926417, 0.3776768286800694, 0.731477304273838]"
"[0.9102409755814616, 0.7000203656721485, 0.3832672117379027, 0.7335842796317938]",stable,0.10561771608592313,1755,"[0.8718790480869651, 0.794347111533684, 0.38756782163541276, 0.7612868831158783]"
"[0.9101247273163267, 0.7003062042959713, 0.38328024388910725, 0.7336682269150789]",stable,0.21110492237843068,1756,"[0.732427817317409, 0.719595739209371, 0.31841143463973226, 0.641967366185025]"
"[0.7436216965049847, 0.62424875695397, 0.4768253615817239, 0.641527905359331]",stable,0.2457089260648518,1757,"[0.5770277538870902, 0.6841900523423993, 0.32657959449459534, 0.5611999201329737]"
"[0.4799371509566221, 0.6130225252430608, 0.40319932991460267, 0.493653828162019]",stable,0.1394813556053099,1758,"[0.48144543646574534, 0.6744027945573896, 0.2781496582639377, 0.48673893154101117]"
"[0.4799502664827884, 0.6135562667153593, 0.4021119414654664, 0.4935936986261842]",stable,0.14019896542259364,1759,"[0.4176387324514726, 0.6988045927315777, 0.3101173231564092, 0.48705644034512996]"
"[0.47941309808596666, 0.6142911660775682, 0.40131888441107805, 0.49353734295134755]",stable,0.1298917371944506,1760,"[0.43687134061955335, 0.6794667428311403, 0.29732752312945704, 0.4935942349164612]"
"[0.4790494933212965, 0.6148482222891372, 0.40043006935738895, 0.4935378292074596]",stable,0.20319163836791387,1761,"[0.3328170880689523, 0.6779309976175177, 0.2893728121353052, 0.4336231012023333]"
"[0.20888043520385602, 0.6111820420200391, 0.35901933594299046, 0.3523299506141335]",stable,0.16572773000167343,1762,"[0.3190354623111028, 0.6992769550130878, 0.3197784218632918, 0.42998938314776836]"
"[0.20915860446422788, 0.6114045039215367, 0.3589202427256175, 0.3525260602922487]",stable,0.15800697529534163,1763,"[0.3179857795387474, 0.6826989783250703, 0.3056096708040064, 0.42462273877466694]"
"[0.2094327283309143, 0.6115840869804877, 0.3587859591691399, 0.3527076640163858]",stable,0.11000975379174859,1764,"[0.26967287085818814, 0.6660555801680412, 0.29314263835832727, 0.3873065371260973]"
"[0.20958408547294263, 0.6117209500286976, 0.35862102620227854, 0.35279459585837003]",stable,0.10327895075079604,1765,"[0.15317324179778125, 0.6740533792651302, 0.3024608985472676, 0.3316979915984456]"
"[0.20944270491235326, 0.6118771716558566, 0.358480274002642, 0.352741722163483]",stable,0.10329417499800274,1766,"[0.14184372954364743, 0.6883757863183215, 0.3430586348264181, 0.3559354844372264]"
"[0.2092737074739315, 0.6120684181925128, 0.35844171990470136, 0.3527497065691674]",stable,0.10826199965794064,1767,"[0.13344381097248922, 0.66242224539761, 0.41474149754181566, 0.36903818379471526]"
"[0.20908460548764365, 0.6121939888339221, 0.35858211835267423, 0.35279032621312134]",stable,0.12347258732797281,1768,"[0.11462964244684233, 0.5923710799494951, 0.315117934355437, 0.28921630029656686]"
"[0.20884964289301478, 0.612144678115304, 0.35847399849198464, 0.35263218187004536]",stable,0.1466934386278084,1769,"[0.08121339008205912, 0.5925340243004521, 0.33546602681083604, 0.28695107803567066]"
"[0.2085329276254938, 0.6120960164433069, 0.35841690675084037, 0.35246920146350846]",stable,0.12732343949549374,1770,"[0.12269158922470602, 0.6410367737371969, 0.28981542597005794, 0.2950340879138324]"
"[0.20832044906509578, 0.6121676519811631, 0.35824710110534336, 0.35232703534086074]",stable,0.07751913135231701,1771,"[0.15443441939404276, 0.6091257730544235, 0.322059070406682, 0.3100578392442235]"
"[0.20818739713998208, 0.6121601411689983, 0.35815774794312444, 0.3522226669554369]",stable,0.1031163492133356,1772,"[0.12108370157836987, 0.6019842498231436, 0.33754571200826194, 0.3020477438908835]"
"[0.20797285601790913, 0.6121350773972105, 0.3581069793817085, 0.35209908340109075]",stable,0.08798989545733901,1773,"[0.1515736235001099, 0.5669172775258348, 0.3646318253031157, 0.30235850404689774]"
"[0.20783428296503986, 0.6120239771518263, 0.358123010944169, 0.3519768706754048]",stable,0.06357698009804268,1774,"[0.1572060906490567, 0.6098298662439666, 0.33192473090216684, 0.32391168688182204]"
"[0.20771019425838302, 0.6120185994290129, 0.3580587994734778, 0.3519080834602244]",stable,0.05580404515625904,1775,"[0.1780442361620952, 0.6420748649338841, 0.32492963896841953, 0.3366404047184552]"
"[0.20763766135350212, 0.6120920866307363, 0.3579777990810449, 0.3518707541723472]",stable,0.09748737967468815,1776,"[0.1368688572899247, 0.6115894889582412, 0.30682374628659526, 0.3085282133431566]"
"[0.20746505451432268, 0.6120908607827547, 0.35785303309861943, 0.3517650406581297]",stable,0.17245505016197862,1777,"[0.11818738755412007, 0.5021450501620127, 0.44388181881982197, 0.3040030341802075]"
"[0.20724783391344626, 0.6118233527277164, 0.358062348878963, 0.35164883139662617]",stable,0.28394801233018196,1778,"[0.13698006822322598, 0.4117845228120849, 0.5259822102347679, 0.26518322262991595]"
"[0.2625474119617189, 0.4722414283552768, 0.5845850331004089, 0.37460272904417696]",stable,0.18576207420927576,1779,"[0.1678571571160999, 0.34921756537328935, 0.6078053607115326, 0.27526869975700136]"
"[0.26186125069472166, 0.47134995108729144, 0.5847532963439678, 0.3738829172377482]",stable,0.07711630009566277,1780,"[0.2145136992866081, 0.43572974366120165, 0.5717982442196906, 0.3262541385059776]"
"[0.2615206208284762, 0.4710936906022116, 0.584660094530124, 0.37354026415334696]",stable,0.1265485278943685,1781,"[0.25184435070248273, 0.5010801649583742, 0.46637265962488234, 0.3414498635963894]"
"[0.26145150461329053, 0.4713078797047557, 0.5838151842808009, 0.3733110470065115]",stable,0.1439871799558032,1782,"[0.25658330717339595, 0.4868592436414993, 0.4436056239098992, 0.3448849515022661]"
"[0.2614169783903126, 0.47141817306600925, 0.5828207902356172, 0.373109443492297]",stable,0.1589734207666595,1783,"[0.22098127347884652, 0.5500008533729426, 0.4507171326256772, 0.3698097040449671]"
"[0.2072811675046244, 0.6116732981176319, 0.35828723913077537, 0.3516929111846076]",stable,0.05932353976558189,1784,"[0.2122395302592523, 0.583321323371387, 0.41010328218460845, 0.354134267230681]"
"[0.2072931732255799, 0.6116046492683674, 0.35841270170475564, 0.3516988224583269]",stable,0.02990210177438484,1785,"[0.1827070416412574, 0.6085309001715578, 0.3558377366950519, 0.3351585852794739]"
"[0.20723378643431342, 0.6115972247536409, 0.35840648198251, 0.3516588701946099]",stable,0.03560835936697121,1786,"[0.18808867083201217, 0.6032100418466948, 0.3484684792152094, 0.3245976235628591]"
"[0.20718765362563318, 0.611577014674347, 0.35838253498788997, 0.35159366237140083]",stable,0.049913549130194655,1787,"[0.16141483514630287, 0.6168262882130121, 0.3479603280905725, 0.33546808622862656]"
"[0.20707762281198094, 0.6115896331203534, 0.3583574816059253, 0.3515548989672114]",stable,0.07458805747533094,1788,"[0.14959197329824048, 0.6436906191280946, 0.3625030390845221, 0.3167537571978798]"
"[0.20693976753736767, 0.6116666139021466, 0.358367422990766, 0.35147144299174543]",stable,0.07444494151305767,1789,"[0.1431491173363564, 0.6479419106134274, 0.3595788836582219, 0.33900398633954315]"
"[0.20678715832636047, 0.611753396908633, 0.3583703212220279, 0.3514416165404244]",stable,0.07978097067509135,1790,"[0.1405720687558228, 0.6100660309552082, 0.36911382953664335, 0.3082873001832108]"
"[0.2066291270863353, 0.6117493697822525, 0.3583959620533277, 0.3513386229452998]",stable,0.08766983014778663,1791,"[0.13018596959556733, 0.6317329350871574, 0.35004740502561965, 0.3142791908902466]"
"[0.20644711956850015, 0.611796949699645, 0.35837608453659503, 0.3512503862023116]",stable,0.11320321429307027,1792,"[0.11839251065747612, 0.6536942932985664, 0.32885952643449085, 0.30190731198749976]"
"[0.20623796372785635, 0.6118964683305214, 0.35830597394727887, 0.3511331817504949]",stable,0.0701592230448377,1793,"[0.18436126577126033, 0.6489840975390793, 0.3049899268303417, 0.3661542850483293]"
"[0.20618612321137153, 0.6119843537077928, 0.35817963260339986, 0.35116877678200636]",stable,0.08253802415944128,1794,"[0.15218670953467167, 0.6635446823194847, 0.39203880808674885, 0.3415939397724653]"
"[0.20605846502301056, 0.6121062457376076, 0.3582596779355117, 0.3511461412335204]",stable,0.08300170015209966,1795,"[0.15086841117122787, 0.6291915901242234, 0.4177293645474985, 0.35499160160117543]"
"[0.20592829980166202, 0.612146541361161, 0.35839993663035136, 0.3511552107155196]",stable,0.06608037047445901,1796,"[0.20411839729218806, 0.6564168467297754, 0.3984366416852098, 0.379449060327544]"
"[0.20592404120752208, 0.6122507067855577, 0.35849414064224516, 0.35122178447931257]",stable,0.08721188656073303,1797,"[0.18886339850716444, 0.6736111831687426, 0.4164243742007991, 0.3651439827975706]"
"[0.205883992750479, 0.6123947454625135, 0.3586301271059976, 0.35125446569602214]",stable,0.16498706642478198,1798,"[0.1806899496047802, 0.7635620263706236, 0.39144717675283974, 0.40280528249608166]"
"[0.20582499030751483, 0.6127487671976612, 0.35870698202320334, 0.351375193604219]",stable,0.14292520848816886,1799,"[0.09272908799178324, 0.6964693776352022, 0.37800317748170886, 0.3353924426029147]"
"[0.2055607475450949, 0.6129443761005527, 0.3587520665920316, 0.3513378507280477]",stable,0.1061487385182899,1800,"[0.13134805664920182, 0.6728059419793977, 0.3187183523427745, 0.32738110109550267]"
"[0.20538775758962663, 0.6130839135501538, 0.35865874791079794, 0.351282007488811]",stable,0.07405091023358908,1801,"[0.1603192977895908, 0.6712675614564634, 0.35090888286716754, 0.353922830427922]"
"[0.2052829472179986, 0.6132192243592383, 0.35864072496883603, 0.35128814893750665]",stable,0.06574100810075821,1802,"[0.20029143179166672, 0.6697289598120328, 0.33775313891323966, 0.37712075367798675]"
"[0.20527136597571016, 0.6133503374345347, 0.3585922618921409, 0.3513480853754196]",stable,0.08076029327791426,1803,"[0.18217840480643985, 0.6897300986618461, 0.35115307729964745, 0.36133461241073095]"
"[0.20521791004707757, 0.6135271424373757, 0.358575041557436, 0.3513712023361495]",stable,0.08938272365954578,1804,"[0.13832470143002262, 0.5859637246545399, 0.3264296359759691, 0.3098802294643821]"
"[0.20506342226736152, 0.6134634855833738, 0.3585008027454696, 0.35127538022790056]",stable,0.0891041438422097,1805,"[0.162313724849664, 0.6155783411115209, 0.299317055711959, 0.3002379107205181]"
"[0.2049649206604083, 0.6134683585223788, 0.35836443466474716, 0.35115778237189277]",stable,0.0812975334029793,1806,"[0.13982698111195432, 0.638488963488826, 0.317106163619396, 0.3449883280806428]"
"[0.20481517827064172, 0.6135258771544857, 0.35826958806464293, 0.35114359971834963]",stable,0.11236538393152659,1807,"[0.10676459689547294, 0.6613098522119008, 0.34972411320661, 0.32553638227416326]"
"[0.20459029161611153, 0.6136354734275531, 0.35824998835166577, 0.35108486756824825]",stable,0.15259245204669566,1808,"[0.08901256658097038, 0.5779464851693599, 0.3167747196738963, 0.2678241679402857]"
"[0.20432581169612266, 0.6135538052622026, 0.3581550792700233, 0.3508943396514795]",stable,0.1359075870814157,1809,"[0.10679401062913188, 0.5701927335107296, 0.32241391914268475, 0.2747313109811523]"
"[0.20410313635122085, 0.6134548073814915, 0.3580734784478148, 0.35072045145816816]",stable,0.12770632304094726,1810,"[0.21511301715395337, 0.6085118509563666, 0.4801643110079057, 0.3861758213746076]"
"[0.20412821580635235, 0.6134435477996575, 0.3583515896837148, 0.35080121539875236]",stable,0.252474094987373,1811,"[0.26129183476588785, 0.5785781341288531, 0.5899074452419527, 0.42591298540451256]"
"[0.2614160970971828, 0.4721728206791278, 0.5828706962567886, 0.3734812994212563]",stable,0.20555895892605316,1812,"[0.35393791123125434, 0.5816155001766447, 0.6542690032984191, 0.502395151121126]"
"[0.26206310279042805, 0.4729381541021873, 0.5833699851172196, 0.374382794887689]",stable,0.25038041484282997,1813,"[0.40994339089414794, 0.6066417661576433, 0.6705966335273154, 0.4982239369112269]"
"[0.5100789425010569, 0.5094563169617183, 0.7689527544435948, 0.5529445845125637]",stable,0.3033088274051613,1814,"[0.33182461432827387, 0.6102409670828675, 0.562161376283491, 0.4674962405370002]"
"[0.2625475577316631, 0.4738916458589977, 0.5832227031114298, 0.3750294160380314]",stable,0.19747752067112084,1815,"[0.29471737857352753, 0.6214365162635306, 0.4687128755176667, 0.4305315277021074]"
"[0.20433410026718685, 0.6134617136370754, 0.35860241078788285, 0.35098242065398727]",stable,0.11634821253576116,1816,"[0.3090693200629359, 0.5904702203883285, 0.3825167164461322, 0.3892830409842043]"
"[0.20457159509665565, 0.6134095787317494, 0.3586566382383551, 0.35106927013319406]",stable,0.10254023680161495,1817,"[0.27233621886820514, 0.6073196905740281, 0.40531647087048406, 0.41196450155076714]"
"[0.20472490872509808, 0.6133958007042433, 0.35876220347055443, 0.3512070421499759]",stable,0.0678455283196605,1818,"[0.2585382158445911, 0.6389491330616011, 0.3817082068785715, 0.3741777152544075]"
"[0.20484638345900213, 0.6134534831700612, 0.3588140003179766, 0.35125889468520033]",stable,0.07250606705738073,1819,"[0.24073452110837656, 0.598083286060538, 0.39007448233311964, 0.4037537576832525]"
"[0.20492721259785207, 0.6134188656090037, 0.3588844068090017, 0.3513771263586194]",stable,0.10736501250876103,1820,"[0.2567606923214571, 0.6245952471159565, 0.4287675224759918, 0.41328007404153805]"
"[0.20504369232756806, 0.6134439810730643, 0.35904144751836575, 0.35151623410622146]",stable,0.020925758917686273,1821,"[0.1934200857879651, 0.6054608521204904, 0.3714174550878144, 0.34224891269919383]"
"[0.2050176304294972, 0.6134260816807939, 0.3590691964142614, 0.3514954553586721]",stable,0.12286270200236217,1822,"[0.24201363750421703, 0.6066134215116363, 0.47030645630035317, 0.38763959289579114]"
"[0.20510039554599543, 0.6134108408303036, 0.35931804934465533, 0.3515763147267641]",stable,0.1838691073514887,1823,"[0.2633589214343827, 0.5304601776955378, 0.5109631686700498, 0.3747439229294869]"
"[0.262553153343406, 0.47428177366476687, 0.5827243614945926, 0.37502744712004144]",stable,0.23057540353119832,1824,"[0.4159464948046481, 0.55881585628554, 0.46261717004713104, 0.4648258376790979]"
"[0.47851472214742663, 0.6143733717297846, 0.40095707868526814, 0.49329450724535484]",stable,0.12981377190836296,1825,"[0.5898674728697927, 0.5599623140819686, 0.3685119605698947, 0.5142451969658534]"
"[0.4794504595484549, 0.6139161359512315, 0.40068443063387843, 0.4934705634614935]",stable,0.1536676652537464,1826,"[0.5186710525519158, 0.49476196864948385, 0.4893084338941296, 0.4983251375672673]"
"[0.4797772978234837, 0.6129231845570503, 0.40142296399438054, 0.49351101824570826]",stable,0.24569503242818633,1827,"[0.46031119095078055, 0.44321288329289166, 0.5752284884965336, 0.4622512527240668]"
"[0.26390766045030584, 0.4740689730457814, 0.5826730198987156, 0.37562487044609644]",stable,0.17159086385161998,1828,"[0.3891657269637156, 0.43894327078775197, 0.6612168897912701, 0.4553173222458066]"
"[0.26475975614087327, 0.4738300226902845, 0.583207331938801, 0.37616699596854347]",stable,0.16576857463925382,1829,"[0.3158997691051, 0.3821557755807334, 0.7103476064921308, 0.3933455411732304]"
"[0.30384589408443136, 0.2989752826867862, 0.8327567017718595, 0.37873613477916807]",stable,0.12150098226360906,1830,"[0.38009158067086274, 0.36661684629635755, 0.7932706625042787, 0.4317885196774637]"
"[0.30415583589982337, 0.2992502483925161, 0.8325961894171132, 0.37895179488038067]",stable,0.04749151501200013,1831,"[0.3459314978986622, 0.30415905008748917, 0.8152829364351749, 0.3926043770462804]"
"[0.3043249681346365, 0.2992701220835889, 0.8325260952754859, 0.37900706849238835]",stable,0.2653616273552121,1832,"[0.47924516353881513, 0.40254684069719365, 0.6860790280798564, 0.46679598814957246]"
"[0.5099608054169105, 0.5090467021101301, 0.768635230587795, 0.5526145132621308]",stable,0.26376257120370794,1833,"[0.6251026358254195, 0.48807108601345506, 0.5325921459534129, 0.5400949851631955]"
"[0.7431778048919526, 0.6237387282238557, 0.4770342259426666, 0.6411480067818174]",stable,0.07202737201154231,1834,"[0.7020228779457306, 0.5826095904702728, 0.508104489257238, 0.612212784782492]"
"[0.7430242417317054, 0.6235852612919394, 0.4771501597610045, 0.6410400395355512]",stable,0.04734714472547202,1835,"[0.7299867069806404, 0.6031785360253723, 0.47248937831544086, 0.6006220054235226]"
"[0.7429757750597684, 0.6235093998597216, 0.47713283343592805, 0.6408897866206367]",stable,0.0801392039976973,1836,"[0.8052605891162603, 0.6523859523478801, 0.4671663059970847, 0.6810109406736071]"
"[0.743206459556274, 0.6236163500541222, 0.4770959203713398, 0.6410383834874995]",stable,0.1231000962579939,1837,"[0.833994919292889, 0.6760678648618236, 0.4753010204811625, 0.70551090636463]"
"[0.7435414723228297, 0.6238098980792429, 0.4770892971245126, 0.641276289475976]",stable,0.18533901851092643,1838,"[0.8769342008321971, 0.7013975071719402, 0.4389691111403763, 0.7365860271696315]"
"[0.9100244538224169, 0.7003095012835121, 0.38344848820104466, 0.7336770420215882]",stable,0.05572789210890078,1839,"[0.9186554330386908, 0.7304676529842985, 0.33759386810778025, 0.7380294963595774]"
"[0.9100504507477671, 0.7004003390898398, 0.3833103718754625, 0.7336901518238111]",stable,0.04474871718823672,1840,"[0.9240331605180226, 0.7084392009554081, 0.34175453007620615, 0.7376170118588877]"
"[0.9100924408671973, 0.7004244798161628, 0.383185579557747, 0.733701944196289]",stable,0.05998867883957776,1841,"[0.9364038358600114, 0.6865648394296792, 0.3328865052575482, 0.7201274985225036]"
"[0.9101712174989123, 0.7003829838868619, 0.38303498352690807, 0.7336613021433736]",stable,0.2219468129176983,1842,"[0.7327277262333607, 0.7053130823545309, 0.30687554342000156, 0.6243469436010599]"
"[0.7435017159033831, 0.6241095421390785, 0.47646351126530484, 0.6412140492337889]",stable,0.28097028893230286,1843,"[0.6178090047440291, 0.7279358220652258, 0.26170741894897737, 0.5621851302621155]"
"[0.48091805573191804, 0.613873702222407, 0.4002682900683855, 0.49407857289047197]",stable,0.1878689561099382,1844,"[0.4989673172280752, 0.7004683957030247, 0.23559748430703872, 0.5128895702108668]"
"[0.4810660004982799, 0.6145834947919203, 0.3989185293654236, 0.4942327613930982]",stable,0.16163186186752426,1845,"[0.4047204770788777, 0.6582760304508494, 0.2696894069078432, 0.453159460319081]"
"[0.48044530518592704, 0.6149387186590661, 0.3978678860934108, 0.4938988321160736]",stable,0.2038337510439204,1846,"[0.32930836261764374, 0.6399394733214124, 0.29216744252534144, 0.41078324301527425]"
"[0.20537764547249465, 0.6134700565278284, 0.3591681595972908, 0.35170847304883673]",stable,0.09956354498499209,1847,"[0.2652623331198776, 0.6607829024787627, 0.30450758153363877, 0.38488134583857986]"
"[0.2055110189416425, 0.6135754303495454, 0.35904642111608, 0.35178235472542857]",stable,0.16525506080539318,1848,"[0.3379408686933947, 0.6380383470385717, 0.41980382995955656, 0.4258206758450686]"
"[0.47929607585937434, 0.6151250059847073, 0.39804478886652483, 0.4933498147267913]",stable,0.19093487112503293,1849,"[0.3468296693436868, 0.600927287080369, 0.5340298494884848, 0.4786779293023193]"
"[0.2653142825814328, 0.4746887879902175, 0.5828750516519746, 0.3768596374099879]",stable,0.21839508223920892,1850,"[0.39983648520524173, 0.5889844442345857, 0.6364021482711055, 0.4937850060803717]"
"[0.5095404835840415, 0.5093518079961014, 0.768130524166739, 0.5523899731583837]",stable,0.07425444299075365,1851,"[0.45682078534781456, 0.5609868716486524, 0.759913357631086, 0.5515812102322997]"
"[0.509340028457668, 0.5095481390366053, 0.768099280187516, 0.552386898014178]",stable,0.058303654973554275,1852,"[0.47425390683348734, 0.5280303098041016, 0.8084447665797125, 0.5664912003417182]"
"[0.5092071264818189, 0.5096181472592095, 0.7682521039996077, 0.5524403234017823]",stable,0.07829269072657263,1853,"[0.4959250729158787, 0.49418651338016184, 0.8426085044258045, 0.5660903367995913]"
"[0.5091570055249662, 0.5095599146785339, 0.7685326941898953, 0.5524918328863023]",stable,0.11021163108855926,1854,"[0.4691306230879168, 0.5317627091413738, 0.8661050564397504, 0.575538793189728]"
"[0.5090065304030225, 0.5096433838306498, 0.768899507581812, 0.5525784755942099]",stable,0.11569461971556892,1855,"[0.5047626258666895, 0.5145047101636374, 0.8796993691698313, 0.5852433264859036]"
"[0.5089906356294781, 0.50966159104538, 0.7693144883368234, 0.552700815859722]",stable,0.08457452130521109,1856,"[0.5261384278159267, 0.498456539477969, 0.847302452051557, 0.5782180103006678]"
"[0.5090546199286813, 0.5096197811514718, 0.7696054882014306, 0.552796029271815]",stable,0.08640341830759735,1857,"[0.5363675814870461, 0.506727233118496, 0.8500900900975199, 0.5680739496032567]"
"[0.5091561551017607, 0.5096090281848064, 0.7699046874649849, 0.5528528245146829]",stable,0.11216719752803855,1858,"[0.5596789870053764, 0.5149446988681802, 0.8623156715077082, 0.5910714626948579]"
"[0.5093432767014038, 0.5096287899280781, 0.7702469503688467, 0.5529943750264612]",stable,0.10627912312610706,1859,"[0.5033481380779822, 0.542716447297647, 0.8665210398404798, 0.5829245763545877]"
"[0.5093211544186605, 0.5097508846047186, 0.7706022053115466, 0.5531048185737976]",stable,0.08794792623819918,1860,"[0.5042136080863061, 0.4969489441673139, 0.8574391910267395, 0.5551539483888887]"
"[0.5093023766747916, 0.5097038186472281, 0.7709214589354995, 0.5531123521392942]",stable,0.09075650593261582,1861,"[0.46752487918863506, 0.53952534887562, 0.8445225683480913, 0.5667115102369088]"
"[0.5091493455484686, 0.5098130550216912, 0.7711910600688788, 0.5531621659052195]",stable,0.1157731546413551,1862,"[0.49901486912269766, 0.5698712616932912, 0.862937929360249, 0.5888866604406251]"
"[0.5091123584082285, 0.510032245556989, 0.7715259026575335, 0.5532925472721371]",stable,0.11660378457060568,1863,"[0.43150212118149667, 0.5842193876069898, 0.7260953502107083, 0.5509630596400843]"
"[0.5088301393637676, 0.5103020169826253, 0.7713607006486359, 0.5532840764080206]",stable,0.28199173827518415,1864,"[0.34127821233873445, 0.550172642438825, 0.5750383940926915, 0.4469187748292484]"
"[0.265824107613361, 0.4751953910402082, 0.5828224566347983, 0.3773298329631373]",stable,0.16030866481440487,1865,"[0.3199897150816299, 0.5968434097749689, 0.5008731311068447, 0.4126996303274345]"
"[0.2661852116631495, 0.4760063778317732, 0.5822761277979452, 0.3775656316122326]",stable,0.1685789621775269,1866,"[0.2607097689622713, 0.5639600310085408, 0.43887951276967074, 0.36805502135972135]"
"[0.20563368283057723, 0.6134651739065655, 0.3592238279864213, 0.3518185162068381]",stable,0.05110922401888683,1867,"[0.24306657774915272, 0.5798953344362413, 0.36647882266128134, 0.3462183297785074]"
"[0.2057166825975807, 0.6133907396727066, 0.359239914449115, 0.35180609894203024]",stable,0.07790944941359149,1868,"[0.26653801419593043, 0.6268260221026691, 0.378807606400495, 0.3943178214224896]"
"[0.20585124306571864, 0.613420463748879, 0.3592832058029898, 0.35190015142539405]",stable,0.0995648313173837,1869,"[0.2992995482090846, 0.6293196829834745, 0.3376818881121501, 0.37337496930217984]"
"[0.20605753071504174, 0.6134555613630834, 0.35923552077497467, 0.3519475572043715]",stable,0.0918609508892832,1870,"[0.24916217288390627, 0.6192509820321147, 0.27870992081915036, 0.3598510357297399]"
"[0.2061524748607881, 0.6134683266068478, 0.3590581516120764, 0.35196496574737896]",stable,0.08281939135767173,1871,"[0.2803161399188749, 0.6362441706280383, 0.35566723348620344, 0.3807497703045257]"
"[0.20631547192684985, 0.6135183834068945, 0.3590506990447668, 0.352028229054098]",stable,0.08815072174545843,1872,"[0.25408374958317737, 0.657820243041661, 0.3031302327380988, 0.3320535432007611]"
"[0.20642022692171022, 0.6136155366078478, 0.35892806644321706, 0.3519844249184547]",stable,0.08492776794072922,1873,"[0.23991910999462707, 0.597390791210284, 0.28294697904096566, 0.3593453076248334]"
"[0.2064935286352177, 0.6135800338826891, 0.3587618058580918, 0.3520005318828013]",stable,0.06609179101685263,1874,"[0.25204723124484957, 0.6328920780995009, 0.3152270405957955, 0.3569758891657715]"
"[0.20659299086798982, 0.6136221999180969, 0.3586667517854667, 0.3520113951083099]",stable,0.0974823350103348,1875,"[0.21129350547784037, 0.658352285189551, 0.2721908607993332, 0.35337174478119576]"
"[0.2066032316405603, 0.6137196510842656, 0.35847835115150994, 0.35201435883308746]",stable,0.26264939177221985,1876,"[0.4078940786271064, 0.6835959670687827, 0.24080281726664843, 0.4506878968617841]"
"[0.47872485988151625, 0.6156727736733799, 0.3967868530937258, 0.49300851938387125]",stable,0.16816378746009267,1877,"[0.5831797049672952, 0.6811909767497475, 0.3006656592516766, 0.5549466006509899]"
"[0.4795538665885462, 0.6161927594120812, 0.3960239864759318, 0.49350009145741985]",stable,0.28674477445721275,1878,"[0.6876353195312979, 0.7401699266505902, 0.3260012505723607, 0.6300693159549058]"
"[0.7432970770888333, 0.6245346717526739, 0.4759123674532427, 0.6411732260349651]",stable,0.1899959125770526,1879,"[0.7239706392216722, 0.7135543456624868, 0.3101182114811357, 0.6234890212792797]"
"[0.7432265426440626, 0.6248595610735126, 0.4753072792927605, 0.6411086851416962]",stable,0.17630279308021002,1880,"[0.7966927553100438, 0.7077420514860235, 0.32982980158964775, 0.6549229971115262]"
"[0.9098324758207367, 0.7004049512528296, 0.3828761620882894, 0.7334262624268606]",stable,0.15945432193350056,1881,"[0.791435551878183, 0.6907092653928252, 0.3299826266665549, 0.6411434537867491]"
"[0.9094801040232886, 0.7003760950449129, 0.38271874085191515, 0.7331516112106699]",stable,0.06970108792919635,1882,"[0.881422657707756, 0.6651167306643024, 0.34142686492789187, 0.6996437080993892]"
"[0.9093968475060317, 0.7002714678509052, 0.3825962130301821, 0.7330521812311112]",stable,0.06219245383133556,1883,"[0.9354297921418748, 0.7389151709817154, 0.35587886755224857, 0.7644055664725884]"
"[0.9094738680522916, 0.7003857983335408, 0.3825171676293598, 0.7331449427259084]",stable,0.056983768590923946,1884,"[0.9278499997469419, 0.7230160588573582, 0.33498611389549443, 0.7448981510682033]"
"[0.909528074930447, 0.7004525542642894, 0.38237695803132477, 0.7331796129570066]",stable,0.06682346560033695,1885,"[0.9115602570216178, 0.6785329158970722, 0.32119242238174683, 0.7177774104526995]"
"[0.9095340519365974, 0.70038808473968, 0.3821970035147084, 0.7331343123614057]",stable,0.08411698462531131,1886,"[0.90324088127942, 0.6733313933500549, 0.3117181548476913, 0.6965729878893248]"
"[0.909515596890682, 0.70030873960364, 0.38199032067404265, 0.7330270944010769]",stable,0.09135105571411123,1887,"[0.8679989245794143, 0.7362848985877795, 0.317461818998221, 0.6989218197869812]"
"[0.909394203111994, 0.7004139330509621, 0.3818016408445812, 0.7329273713758896]",stable,0.02267638732036876,1888,"[0.9176233205737597, 0.710993379602194, 0.3789537607342591, 0.7148590273109039]"
"[0.9094181947080925, 0.7004447769184584, 0.3817933379871167, 0.732874693987945]",stable,0.07363714949621367,1889,"[0.9745298522901957, 0.7176889075170404, 0.3639444592612058, 0.7566856015927683]"
"[0.909607472782459, 0.7004949052050822, 0.3817414517117506, 0.7329439117426102]",stable,0.10663496687749804,1890,"[1.0, 0.7184964776858972, 0.3674800086347341, 0.7846426720156593]"
"[0.9098694801077272, 0.7005470836760411, 0.3817001141955854, 0.7330937632216624]",stable,0.11264803623411682,1891,"[0.970453186064118, 0.7687410006689706, 0.32029387652187347, 0.7575489937442627]"
"[0.9100445775237861, 0.7007441759216854, 0.38152263952022786, 0.7331644430786641]",stable,0.0900736526907754,1892,"[0.9269527197038299, 0.7750820887473167, 0.33814450032042376, 0.7536483243849282]"
"[0.9100933041583107, 0.7009584062180129, 0.3813976304735425, 0.7332234744368955]",stable,0.032914476442766794,1893,"[0.9153425183337183, 0.6804389823705028, 0.35741224416370304, 0.7255122489456943]"
"[0.9101083881070906, 0.7008994423563821, 0.3813287069496637, 0.7332013157429553]",stable,0.07042288210373243,1894,"[0.8810383957392345, 0.7092004917708028, 0.321720467791874, 0.7110141962666447]"
"[0.9100250930000193, 0.7009232275982573, 0.3811579097027932, 0.7331377423347137]",stable,0.04207189164235788,1895,"[0.9105752640611713, 0.7093975719169443, 0.3416573281707122, 0.7448693630737905]"
"[0.9100266649173369, 0.7009474400105964, 0.38104505089841584, 0.7331712612511111]",stable,0.03845855926244422,1896,"[0.9134264332805766, 0.6872259322257019, 0.34531570801166744, 0.7315474889119296]"
"[0.9100363508670896, 0.7009083473958246, 0.3809432578987385, 0.7331666351190906]",stable,0.036804778229892934,1897,"[0.8876242602292145, 0.7090838511460633, 0.4074491484116071, 0.7240623064595503]"
"[0.9099726801550502, 0.7009315732587514, 0.38101855872405915, 0.733140770549035]",stable,0.26094269173517315,1898,"[0.7704097887224072, 0.5952529950488676, 0.5480832613468967, 0.6354949260392032]"
"[0.7433253908116203, 0.624751900833423, 0.47557191922750286, 0.6410882714722326]",stable,0.27570185992320323,1899,"[0.5620555628061009, 0.5158626708798293, 0.6307990802124551, 0.5562329291971106]"
"[0.5090229851008776, 0.5103221642793544, 0.7708514194151714, 0.5532947606572564]",stable,0.12234334013716505,1900,"[0.5055935816045679, 0.429375495221362, 0.6979487105089135, 0.49771631276490486]"
"[0.5090106045828403, 0.5100299380372678, 0.7705882327404197, 0.5530941164410385]",stable,0.223238546194248,1901,"[0.6964326698022147, 0.499802975903004, 0.6595814245709566, 0.6008572377937967]"
"[0.7007334575705525, 0.6048829763421265, 0.7232141619863743, 0.6767818679549359]",stable,0.2151846278358195,1902,"[0.7631077011231798, 0.5359613663162923, 0.5360972388962733, 0.625294524240022]"
"[0.743397065848981, 0.6244301959982159, 0.47579121386398393, 0.6410310477503767]",stable,0.11549646246229239,1903,"[0.8253668445523317, 0.5489858739628949, 0.5055258648406125, 0.647693856809347]"
"[0.7436929856276935, 0.6241578338248032, 0.4758985591743689, 0.6410551012126835]",stable,0.08772055990749879,1904,"[0.8220153308507798, 0.5914989602867643, 0.45973765947703876, 0.6563105975808777]"
"[0.7439747206824527, 0.6240403558624361, 0.4758404264416447, 0.6411099770988999]",stable,0.13255976890634305,1905,"[0.8518098056702521, 0.6127159864426647, 0.41070461143990605, 0.6807681545593051]"
"[0.9098079128052349, 0.7006816707465245, 0.3811026551906763, 0.7329924061977894]",stable,0.06759150440602288,1906,"[0.8682689973928047, 0.6556104867753486, 0.3886370930729165, 0.7055160418920181]"
"[0.9096905712362732, 0.7005543510177924, 0.38112393891350754, 0.732914789349468]",stable,0.08091330134764889,1907,"[0.8775295994465534, 0.6388832569694531, 0.3722648157951233, 0.6925312986017566]"
"[0.9095999769495416, 0.7003806296261069, 0.38109898363711775, 0.7328010330375025]",stable,0.01633959881247353,1908,"[0.9005238498170757, 0.7127749099941479, 0.386517036699476, 0.7315231751425219]"
"[0.9095744822104056, 0.7004154450203992, 0.38111420288729286, 0.7327974435490334]",stable,0.12490902581628312,1909,"[0.8311004540671334, 0.630479131760208, 0.3594926548357793, 0.6688794305576216]"
"[0.9093546670055225, 0.7002195449832559, 0.38105363832692446, 0.7326184014958362]",stable,0.13699814784254372,1910,"[0.8283228460866229, 0.6180595583046624, 0.3555226201841022, 0.6633346356309594]"
"[0.909128321137034, 0.6999900478137626, 0.3809823226337881, 0.732424871423588]",stable,0.06291928402158214,1911,"[0.8950861183873419, 0.6647056531439941, 0.3358933162804195, 0.7104329219288534]"
"[0.9090892063661434, 0.6998917625918413, 0.38085672651581215, 0.7323636125113464]",stable,0.022337820959350833,1912,"[0.9129619135646129, 0.6887487889677298, 0.3790835907409905, 0.7134778900601575]"
"[0.9090999638861392, 0.6998608098873299, 0.3808518011386599, 0.7323111521712042]",stable,0.0451533265803543,1913,"[0.9492370985452536, 0.7128450233608453, 0.3648782452188949, 0.7343332882646879]"
"[0.9092111470846409, 0.699896777237672, 0.38080755306131986, 0.7323167536562277]",stable,0.05481005240788625,1914,"[0.9339119094444761, 0.7091195031502772, 0.33337139059239335, 0.724650855094366]"
"[0.9092793812348062, 0.6999222543810769, 0.3806765139384775, 0.7322955771408635]",stable,0.054785390819460954,1915,"[0.951764371321903, 0.6855135210626275, 0.34923179496413426, 0.7320079709469915]"
"[0.9093964197749912, 0.6998825609008608, 0.3805898893683003, 0.732294784837299]",stable,0.033713825429503005,1916,"[0.9394185389374344, 0.6871502465367232, 0.3858197896780088, 0.7390646223368517]"
"[0.9094788981243386, 0.699847582015245, 0.380604257226294, 0.7323133832919682]",stable,0.033665192864736036,1917,"[0.9130605079994605, 0.7232681758915915, 0.35910904875180344, 0.7427990438071542]"
"[0.9094887107541333, 0.6999117480258652, 0.3805453662441721, 0.732342111128996]",stable,0.197397742320859,1918,"[0.7300642258179858, 0.7177682102245977, 0.4003583257818981, 0.6544876554384442]"
"[0.7439248622779205, 0.6243762979927664, 0.47556988127798966, 0.6411579257667835]",stable,0.24055839764791964,1919,"[0.5614003375745089, 0.6940923063004442, 0.3630356156951412, 0.5573196420528319]"
"[0.4801983269900105, 0.6168061416710447, 0.3957642355249019, 0.4940026076038404]",stable,0.07098912493670204,1920,"[0.4358627586865502, 0.6715310124497692, 0.38706835750549634, 0.4921631875290814]"
"[0.4798519553626397, 0.6172336797240036, 0.39569629897787534, 0.49398823713450635]",stable,0.20510045143735814,1921,"[0.3081845759932141, 0.6078356787794023, 0.3597099853758197, 0.3880959859929729]"
"[0.20682406065002257, 0.6137068598401246, 0.358481028617215, 0.35209279715300024]",stable,0.0806628261902424,1922,"[0.27430746862246164, 0.625486296568344, 0.3248011478872725, 0.37815794019510396]"
"[0.2069704454829346, 0.6137324117636132, 0.3584079703076056, 0.35214933759343864]",stable,0.1151789002214832,1923,"[0.28034679985351413, 0.6419335969362521, 0.4018267791915452, 0.42427138599385483]"
"[0.20712926876079302, 0.6137934532899609, 0.358501950413415, 0.35230544592330965]",stable,0.2971400905683305,1924,"[0.4619200513364481, 0.6464814648133266, 0.38397484984384045, 0.49946697566086257]"
"[0.4797129483546847, 0.6174604067401999, 0.39560543503109985, 0.49403070797579596]",stable,0.15886425056226128,1925,"[0.5930342948261238, 0.6795088192774337, 0.34290432522214725, 0.5699827327488259]"
"[0.48058465101984965, 0.6179377022212554, 0.3952000418787233, 0.49461495432020386]",stable,0.2125576653577311,1926,"[0.659945639501856, 0.6630456484045607, 0.33602974148919484, 0.5810704090701719]"
"[0.7436249364822918, 0.6245144028156657, 0.47507152363588684, 0.6409433274928671]",stable,0.14851887329426433,1927,"[0.7400321862428079, 0.6449470195562056, 0.3289639397472376, 0.6242092313514567]"
"[0.7436121508942509, 0.6245871167542442, 0.4745515678213365, 0.6408837755493033]",stable,0.18836245815439023,1928,"[0.835280965361872, 0.6857952193577793, 0.32487183990111146, 0.6713270231005714]"
"[0.9092859573514221, 0.6998731782754061, 0.38039325278421837, 0.7321754032382081]",stable,0.07437573586906975,1929,"[0.8536095867148558, 0.7246914049640953, 0.3578569645663409, 0.6960082471958137]"
"[0.9091342506194424, 0.6999408028712881, 0.3803318460043331, 0.7320768551291007]",stable,0.09809967326400429,1930,"[0.8188146635788165, 0.7035546992306356, 0.35237993865408085, 0.7061625980511522]"
"[0.9088888169590059, 0.6999506232418298, 0.38025588973435964, 0.7320064359522584]",stable,0.09346569060447711,1931,"[0.832615348422355, 0.7535187822976804, 0.37743896937466626, 0.738386922815703]"
"[0.9086821137922398, 0.7000957944045828, 0.3802482558038456, 0.7320237272445714]",stable,0.07351864499794232,1932,"[0.8854697626992916, 0.7177508876107684, 0.31811718069111933, 0.7056759548854357]"
"[0.9086193777082049, 0.7001435108727075, 0.38008033397921664, 0.7319525170490061]",stable,0.09283684007211171,1933,"[0.8686609690604116, 0.7561845987930705, 0.3188127101740162, 0.743252038759122]"
"[0.9085116731026852, 0.7002945650180454, 0.37991519213607594, 0.7319829739808393]",stable,0.10086650085746085,1934,"[0.8697126288084239, 0.7614307759004646, 0.3097088655458874, 0.7305267519056537]"
"[0.9084073745965178, 0.7004589096709553, 0.37972646545169375, 0.7319790594053683]",stable,0.0940618913710623,1935,"[0.8953842180726986, 0.7707231532018364, 0.3204734518075117, 0.7471465660420253]"
"[0.9083724599677676, 0.7006472856589737, 0.3795676101872322, 0.732019722962035]",stable,0.012893757158123683,1936,"[0.9005019260013127, 0.701855885503167, 0.37948466380131907, 0.7218789106154216]"
"[0.9083514157593012, 0.7006505172093592, 0.3795673884054517, 0.7319926084905201]",stable,0.2675634173493837,1937,"[0.7534509105220683, 0.5485841142697288, 0.5067154369342939, 0.6408597459587222]"
"[0.7436470401127893, 0.6243176025610366, 0.4746656240947867, 0.6408836903379892]",stable,0.2143732421933278,1938,"[0.569424787856484, 0.5585612681052331, 0.45200405207358807, 0.5371289245694519]"
"[0.4812628200033354, 0.6174844469989957, 0.3956336602771574, 0.494939488444244]",stable,0.03955453458160435,1939,"[0.46731293826594195, 0.59199417763565, 0.40826922685304556, 0.4712635379760908]"
"[0.48115713908108243, 0.6172913388977583, 0.39572938426636867, 0.49476012518312157]",stable,0.1323517218777469,1940,"[0.3639569623764238, 0.6127756152903298, 0.41450765437420284, 0.43638134756265584]"
"[0.48027593474495717, 0.61725738608868, 0.3958705742671795, 0.49432118700552413]",stable,0.2007724130856523,1941,"[0.29767805257187113, 0.5958708783077834, 0.4167905172196794, 0.41639462828552554]"
"[0.20732483848824673, 0.6137547436247726, 0.3586278436462579, 0.35244386748348727]",stable,0.04660338294680226,1942,"[0.22625565345433135, 0.5935941744895656, 0.3943043661667519, 0.36402992547554786]"
"[0.20736563765843227, 0.6137112941223261, 0.3587047327034141, 0.35246883743605634]",stable,0.041724547273415076,1943,"[0.17913038374856718, 0.5874402500819147, 0.3700199997119306, 0.3412659244501566]"
"[0.20730491668228201, 0.6136547972534219, 0.35872906661095927, 0.3524447451500652]",stable,0.034689354183385056,1944,"[0.1927028351458898, 0.6013723675563964, 0.3841174579138413, 0.338491178715126]"
"[0.20727358174336274, 0.6136284401081493, 0.35878354813736035, 0.3524148018744537]",stable,0.02426976891697866,1945,"[0.20717943494088253, 0.6053994328341642, 0.3587428565481946, 0.32958292496644637]"
"[0.20727338014421395, 0.6136108191075627, 0.3587834610033364, 0.35236591134574274]",stable,0.09249371897247306,1946,"[0.20163010131022524, 0.5734287287376326, 0.28232031827465975, 0.31977712691125554]"
"[0.20726132185610716, 0.6135249599401055, 0.35862007821972813, 0.3522962771909682]",stable,0.108285125444808,1947,"[0.15774353708820887, 0.5870809226046583, 0.2827926924994191, 0.29914951954289665]"
"[0.20715574022547198, 0.6134685760651899, 0.3584583993589172, 0.35218295787828574]",stable,0.10399525450230901,1948,"[0.18685287404258505, 0.6597171971092266, 0.27017894322780756, 0.33048942749523424]"
"[0.2071125426378488, 0.6135669773865602, 0.35827057072885105, 0.3521368014306622]",stable,0.04559123920332317,1949,"[0.19154332503595956, 0.6558502663733099, 0.3521165619461041, 0.35536359608240836]"
"[0.20707948697415055, 0.6136567508238994, 0.3582575048927943, 0.3521436523747211]",stable,0.045193822884064684,1950,"[0.2310917854596635, 0.6192117981467983, 0.32239420676215386, 0.33994297842809024]"
"[0.20713036048789105, 0.6136685199919564, 0.35818152332895814, 0.352117803489241]",stable,0.05128215487056217,1951,"[0.21025010701978408, 0.6031811801669733, 0.3147874150486165, 0.3270759653040283]"
"[0.20713695614652086, 0.613646348026153, 0.35808978102815403, 0.3520648609137966]",stable,0.03649581086905775,1952,"[0.19450767277692063, 0.6035306023086279, 0.3253798907460706, 0.3516403860938035]"
"[0.20711031208877909, 0.6136250067904621, 0.35802077282080785, 0.35206396539729873]",stable,0.05968653602016826,1953,"[0.24867055561447535, 0.6523419461805605, 0.34357587776296994, 0.36335875849868654]"
"[0.20719780733830687, 0.6137065161365465, 0.3579903625154229, 0.35208774390909114]",stable,0.13426016416815803,1954,"[0.24169038849234376, 0.7093635079997672, 0.28253813093412866, 0.39672801927646983]"
"[0.20727027074409268, 0.613907476203486, 0.3578318494238656, 0.3521815260001991]",stable,0.11839537857057644,1955,"[0.23055383141658492, 0.6924664084946971, 0.27512109461991857, 0.3736935381400884]"
"[0.2073190832402614, 0.6140721699818742, 0.3576584516150523, 0.35222662455814435]",stable,0.10661054182275129,1956,"[0.2254270893444762, 0.6685172805485453, 0.267849043510608, 0.35503872234852407]"
"[0.20735696609822005, 0.6141860718868254, 0.3574705658240388, 0.352232507607915]",stable,0.06452523318544195,1957,"[0.2252199456613867, 0.6624073232722139, 0.3256934272300788, 0.37480115968040223]"
"[0.20739425833112854, 0.614286742557776, 0.357404225242423, 0.3522796237917824]",stable,0.09422039058936849,1958,"[0.1449234212857845, 0.6149887331515349, 0.2975846874990425, 0.3149164516159382]"
"[0.20726411075395074, 0.6142882050381798, 0.35727960120545765, 0.35220178384974943]",stable,0.09747411377125842,1959,"[0.18289355024652043, 0.6711753799754127, 0.28197853662248, 0.3512649613602625]"
"[0.20721344430798933, 0.6144064735931428, 0.35712305013563855, 0.35219983619384615]",stable,0.039528761093325544,1960,"[0.1975618420979667, 0.6496176829497697, 0.3711362786993741, 0.3579591494529934]"
"[0.20719342023701418, 0.6144795258947127, 0.3571521232239451, 0.3522117849765415]",stable,0.19298108460812569,1961,"[0.19397493066712473, 0.5005073717099363, 0.5093603852752483, 0.32204618231684556]"
"[0.2657069978817189, 0.47616863606937687, 0.5817932420858744, 0.3771979531400777]",stable,0.14787347782310456,1962,"[0.15992941886919154, 0.4110775527453611, 0.6154634615132896, 0.30434785762082345]"
"[0.2650110927566365, 0.4757404052580346, 0.5820147566873706, 0.3767186761958721]",stable,0.15853838329768283,1963,"[0.21502913710193386, 0.3449778955571896, 0.6210073485698175, 0.3133391296323341]"
"[0.2646844133079129, 0.47488574833188535, 0.5822696102290859, 0.376304430793496]",stable,0.18119418201291912,1964,"[0.24150791876655378, 0.33761172408669954, 0.6840834710778386, 0.32077100209772613]"
"[0.30407167358073295, 0.2994247253174724, 0.8319275363069469, 0.3787722456440228]",stable,0.07666039365414787,1965,"[0.2667963255978813, 0.29939528519579167, 0.7700508066707967, 0.3531083829031913]"
"[0.30392197338803073, 0.29942460708405194, 0.8316790353847134, 0.3786691779221721]",stable,0.06370827607113336,1966,"[0.27480310019591536, 0.25025421253488705, 0.8301350784104522, 0.3505493599868025]"
"[0.30380549789526223, 0.2992279255058553, 0.8316728595568165, 0.37855669865043057]",stable,0.12174306497848278,1967,"[0.2654307896253565, 0.21445218417063144, 0.9015110681119083, 0.3427174193268529]"
"[0.3036526106113184, 0.2988901735483444, 0.8319510994315379, 0.3784139126770299]",stable,0.1055157938433403,1968,"[0.2924121306970935, 0.22785589736550949, 0.9042382156041084, 0.35128572061927904]"
"[0.30360800553229367, 0.29860829149999984, 0.8322379530671433, 0.37830626112124516]",stable,0.13428888710769657,1969,"[0.21674655529653314, 0.25008289768373354, 0.914724424309697, 0.3418389897605881]"
"[0.3032646796420338, 0.2984164915244415, 0.8325639865503155, 0.37816212170875246]",stable,0.1384331217006072,1970,"[0.21065812507268, 0.2343681289532026, 0.8948895052227813, 0.32716121770970885]"
"[0.30290008690750875, 0.29816433261668074, 0.832809362608081, 0.3779613307481263]",stable,0.13188803578782632,1971,"[0.22370782638863898, 0.2085995533088542, 0.8478142594549118, 0.3243325769304334]"
"[0.30258952902312103, 0.2978130981880226, 0.8328682053408137, 0.37775102190962556]",stable,0.1327018106433185,1972,"[0.24466096022699935, 0.21604336152902934, 0.8712675881514327, 0.29969175576056034]"
"[0.30236324555126115, 0.29749368515419844, 0.8330182029299177, 0.37744610290123076]",stable,0.19462482603280473,1973,"[0.16241890488434338, 0.22520924807636716, 0.84359430700286, 0.2636150412239341]"
"[0.3018187150428296, 0.2972124227531174, 0.8330593550858435, 0.37700318048225295]",stable,0.17497497403107956,1974,"[0.19035985187922638, 0.1857575615931664, 0.8406603745398321, 0.30141745572863116]"
"[0.3013867039452962, 0.2967804271672261, 0.8330888164015566, 0.3767102125568513]",stable,0.1317204051911198,1975,"[0.24866110025903115, 0.20124942159099984, 0.8531940575544752, 0.30571808544820833]"
"[0.30118313018588977, 0.2964115815858507, 0.8331664428152744, 0.3764361116799839]",stable,0.13063046929682973,1976,"[0.2023717663749938, 0.24069142192056367, 0.8478574428717781, 0.3133482981598162]"
"[0.3008030864789248, 0.2961972732794457, 0.8332229466616456, 0.37619346624336786]",stable,0.1407039114976148,1977,"[0.22200747972326262, 0.20972123325138758, 0.8399329387610578, 0.2983107751379163]"
"[0.3005011876024663, 0.2958659474555834, 0.8332486554436357, 0.37589506512802134]",stable,0.11435774667665546,1978,"[0.2413028423679726, 0.22470497702270023, 0.8201139026521606, 0.31004034090403754]"
"[0.3002752397198919, 0.295594340698206, 0.8331985227993934, 0.3756437112187695]",stable,0.06680670994429748,1979,"[0.2764987842843453, 0.2765612017949196, 0.891224870931882, 0.3626629868014492]"
"[0.3001848349463727, 0.29552197134876385, 0.8334191553017983, 0.3755943548521637]",stable,0.10845365257924858,1980,"[0.2429750925775295, 0.3727120419932402, 0.7831201604543051, 0.37462263107272037]"
"[0.29996813137679373, 0.29581435797999295, 0.8332286288061639, 0.3755906740802719]",stable,0.2523929360064982,1981,"[0.2170634863193401, 0.43809274728491643, 0.6455455009611049, 0.33870005965099237]"
"[0.2643751865092858, 0.4746468327406712, 0.5826804926364366, 0.3760602465652979]",stable,0.08175454350048202,1982,"[0.19467834136490336, 0.4560119318231948, 0.5540890769641542, 0.3503420316672382]"
"[0.2639255294438382, 0.4745266075734617, 0.5824960318901639, 0.37589432259821365]",stable,0.20737380008697603,1983,"[0.14351952071093615, 0.48776698860749573, 0.43755812849708553, 0.29031405329729526]"
"[0.20706159021729145, 0.6142171810970166, 0.35731859528455195, 0.35208363232296125]",stable,0.12740489577686315,1984,"[0.17590096391223264, 0.5267876586390935, 0.4088981398989244, 0.2816801379754268]"
"[0.20699720875798347, 0.614036541587806, 0.35742516459160645, 0.35193817055778037]",stable,0.14355473107415456,1985,"[0.13203360309968673, 0.5151881480569349, 0.39128067908334935, 0.28813207464723545]"
"[0.20684264462260554, 0.6138327304671238, 0.3574949697761255, 0.35180661159714005]",stable,0.10149838599760418,1986,"[0.13398857325273816, 0.5621532243505809, 0.3773409133678002, 0.30787969712025937]"
"[0.20669273912595973, 0.6137263940347852, 0.35753580505100546, 0.351716226999451]",stable,0.16357582741219298,1987,"[0.10782234720121943, 0.5317945912095825, 0.34479208463118394, 0.25118526564969906]"
"[0.2064897198406933, 0.6135581562466431, 0.35750963724726864, 0.3515097979207041]",stable,0.15298417241099407,1988,"[0.11364343234987732, 0.5194402996683167, 0.3526214422408859, 0.27468754508904947]"
"[0.20629946105485147, 0.6133652917864416, 0.3574996204542228, 0.3513523752714589]",stable,0.1269432158334397,1989,"[0.10174620937713867, 0.5842503771069592, 0.4090087132582362, 0.3103361259126244]"
"[0.20608565072422222, 0.6133057520836206, 0.35760495602232917, 0.3512684974609091]",stable,0.20933904932927264,1990,"[0.13007500611927508, 0.5522931184353563, 0.5421719245064374, 0.33521508160281355]"
"[0.2630675132686808, 0.47502511084821747, 0.5822375440223194, 0.3756335582328585]",stable,0.12347691831897836,1991,"[0.16227209245823068, 0.44279652028478644, 0.6120996922050764, 0.3194516878705991]"
"[0.2624255042189327, 0.47481983320131665, 0.5824277487878147, 0.3752757119248186]",stable,0.16793888260690698,1992,"[0.24263686041813579, 0.37195424227555746, 0.708782882736729, 0.33970988287461995]"
"[0.2997517869580818, 0.2961016782980894, 0.8327590222172226, 0.3754552748681751]",stable,0.11122828401838544,1993,"[0.25138686591529313, 0.37506412563954483, 0.7741111622180892, 0.3565363424043874]"
"[0.29956996394664276, 0.29639852960388435, 0.8325385415405341, 0.37538415106192025]",stable,0.10403244356808261,1994,"[0.22406305468677834, 0.3651539925271975, 0.8184616662394227, 0.38938357493316467]"
"[0.2992871665336845, 0.2966560407009754, 0.8324858191611292, 0.37543658336106345]",stable,0.09437382978271358,1995,"[0.2361493800184667, 0.3423949608650821, 0.8841273397362854, 0.38813084177668455]"
"[0.29905157777803065, 0.29682670831352803, 0.8326785114020813, 0.3754839499969426]",stable,0.0606334512763536,1996,"[0.2656749630792627, 0.3254766038674709, 0.8742260053478751, 0.37940902789480946]"
"[0.2989275011434627, 0.2969332135014609, 0.8328329630524374, 0.3754985413645927]",stable,0.07577237244364668,1997,"[0.26636499612947956, 0.29012595851344847, 0.9008767559045596, 0.3776983656254562]"
"[0.29880689927304055, 0.29690800144594975, 0.8330849771000379, 0.3755066888618552]",stable,0.16142377045645095,1998,"[0.3006924357019882, 0.4173035266373462, 0.7271827474390032, 0.3940462057773891]"
"[0.2988138569720403, 0.29735226537654524, 0.8326941939647573, 0.3755751003633885]",stable,0.2909093788920048,1999,"[0.2533148097686243, 0.4642756847946342, 0.5994629336365549, 0.3583166332702663]"
"[0.26236784159582943, 0.4747530980848186, 0.5825355664134396, 0.375168375983967]",stable,0.08009748510037541,2000,"[0.2112019756987471, 0.47852862458378953, 0.5272143422280697, 0.34828029608423705]"
"[0.26204604369710566, 0.4747768435344977, 0.5821876341858586, 0.374999268563214]",stable,0.1984315039795515,2001,"[0.18620484444662466, 0.5740036258773701, 0.4358018677923251, 0.3265386935450236]"
"[0.2060450776501863, 0.6132255436627915, 0.35776454155655363, 0.35121802847332567]",stable,0.06222602869306303,2002,"[0.21385610505502703, 0.5523783157039536, 0.35527928603980474, 0.3410935604610094]"
"[0.20606098605630613, 0.6131016185549324, 0.3577594799363566, 0.3511974083755409]",stable,0.06023238866327938,2003,"[0.19574060649574518, 0.5623379986174115, 0.3556918924854685, 0.32053455816910764]"
"[0.20604000967508548, 0.6129984404656285, 0.35775527752283853, 0.35113508550926764]",stable,0.028017888594061607,2004,"[0.19883345076443212, 0.5871996296367943, 0.3525853296734377, 0.3447506835021072]"
"[0.20602539190853242, 0.6129461102205396, 0.35774479081320487, 0.35112213540377646]",stable,0.07109095500636003,2005,"[0.22422120903223916, 0.643932207118666, 0.3012555093161885, 0.3750315268198643]"
"[0.20606222554643466, 0.6130088351130459, 0.3576304400409437, 0.3511705349815418]",stable,0.03304155501873825,2006,"[0.21775251430078793, 0.6360220691684344, 0.3622371801566836, 0.3712765169449797]"
"[0.20608584229139293, 0.6130553264949761, 0.35763974658663206, 0.3512111531269225]",stable,0.044043400092849724,2007,"[0.17719878056998586, 0.6075508324453908, 0.35540037263236374, 0.3184996183663296]"
"[0.20602760224759978, 0.6130442287247148, 0.3576352317197888, 0.351145202452002]",stable,0.01838785884847779,2008,"[0.21143280870293302, 0.6054788910438267, 0.34180266238815493, 0.3521414505836987]"
"[0.2060384779145119, 0.6130290067173086, 0.3576033754434676, 0.3511472069754058]",stable,0.053051694852988544,2009,"[0.2377134429295272, 0.6107195079855172, 0.3153260179737662, 0.35544490159684006]"
"[0.20610208226193164, 0.6130243691696543, 0.35751848115135976, 0.35115583688428414]",stable,0.04445123828532361,2010,"[0.16739582043436577, 0.6324785900714472, 0.35137961664517847, 0.3590034806143172]"
"[0.20602451460295856, 0.6130633555842873, 0.35750617881768004, 0.3511715636252261]",stable,0.060482931740993534,2011,"[0.1985606226181886, 0.6641063120361524, 0.33333349393956396, 0.3714883854943488]"
"[0.206009586818989, 0.613165441497191, 0.3574578334479238, 0.35121219726896435]",stable,0.09760149655489007,2012,"[0.17998714345596575, 0.6939290852729997, 0.3994992926755642, 0.3748476393261249]"
"[0.2059576458142724, 0.613326646374987, 0.3575417485362025, 0.3512593738000166]",stable,0.05737170262283846,2013,"[0.16581019289785173, 0.6517671567198735, 0.34332861080850713, 0.3511690049700381]"
"[0.20587767080846278, 0.6134032210967896, 0.35751343551284054, 0.35125919378242704]",stable,0.06967560595459767,2014,"[0.14854444087296903, 0.6348424287973361, 0.3293773402990603, 0.3334740502744851]"
"[0.2057636882439787, 0.6134458437761147, 0.357457498941839, 0.35122383564424026]",stable,0.06963348565869644,2015,"[0.18698170458721947, 0.6366129931335369, 0.2994107333485387, 0.3269356572501233]"
"[0.20572642240338992, 0.6134918103423002, 0.357342326787884, 0.35117564481409314]",stable,0.07389133049063071,2016,"[0.1827940541808654, 0.6030718593547512, 0.29184476525816777, 0.3280341395808489]"
"[0.2056810117732463, 0.6134711767759882, 0.35721262864624104, 0.35112982005125504]",stable,0.061699304436156184,2017,"[0.1972891869038699, 0.6022079363866182, 0.3017639486312043, 0.3280005151808416]"
"[0.2056644271391171, 0.6134489174076297, 0.35710304627466977, 0.35108410996257833]",stable,0.035448159979328535,2018,"[0.19875585456794997, 0.613288019358528, 0.32471074629387087, 0.33845253505203304]"
"[0.20565080076323708, 0.6134486000544757, 0.3570391561366406, 0.3510591956136423]",stable,0.10386710586148103,2019,"[0.22452918797911262, 0.6035524953690156, 0.2558853374878093, 0.34096195534803847]"
"[0.2056879629427959, 0.6134291195334413, 0.35684003444638696, 0.35103931915642655]",stable,0.1603556824621603,2020,"[0.19393184518791404, 0.6173246006096414, 0.2015407910040399, 0.3130563123420875]"
"[0.2056648664442598, 0.6134367727379133, 0.356534927877738, 0.350964696353255]",stable,0.14888894599797556,2021,"[0.1895507328116394, 0.6314218526547724, 0.21213529658564417, 0.32388082069356255]"
"[0.20563327010380367, 0.6134720376004954, 0.3562517913457927, 0.35091159071470657]",stable,0.10637317219225807,2022,"[0.1918885130472034, 0.638553242870403, 0.2543209508061204, 0.3612735550450579]"
"[0.2056063723404835, 0.6135211201939785, 0.3560523180766348, 0.3509318685314]",stable,0.08567645858225481,2023,"[0.2678365077347985, 0.5989668978637688, 0.39678820538672804, 0.39088969506668914]"
"[0.20572791557367553, 0.6134926939784898, 0.35613188035653737, 0.3510099111613517]",stable,0.18010192657766852,2024,"[0.29514698614041296, 0.6226322864646237, 0.49375055482410074, 0.424620386387008]"
"[0.20590222175411751, 0.6135105099482484, 0.35640014287986593, 0.35115340136646994]",stable,0.3367328644303244,2025,"[0.3554079808114892, 0.5976941831403701, 0.6311154270251091, 0.47492095147325286]"
"[0.2626295558040706, 0.4755450769070344, 0.582493432891104, 0.37562377908140177]",stable,0.2526180133177202,2026,"[0.3616671525993525, 0.6258178417331806, 0.6964429178174423, 0.5114215187906289]"
"[0.5084805921656336, 0.5104464412879725, 0.7703215229745096, 0.5529442150106413]",stable,0.15773267098016028,2027,"[0.39841761773151757, 0.6098411235833777, 0.7166359387065051, 0.5550160080623379]"
"[0.508086101217841, 0.5108026946295331, 0.7701291015255204, 0.5529516407921886]",stable,0.13600547174664168,2028,"[0.45652138312266766, 0.6349101218365539, 0.7707479869889116, 0.5738210367017273]"
"[0.5079019415103583, 0.5112459354409867, 0.7701313118307468, 0.5530261743490084]",stable,0.14392096946737862,2029,"[0.478135198936476, 0.6401110653013197, 0.726179544508844, 0.5889317023959707]"
"[0.5077960100421238, 0.511704530209173, 0.7699748998473949, 0.5531539520288908]",stable,0.13208750646416878,2030,"[0.4121186734978444, 0.5792584181499049, 0.7135233784861621, 0.5298590041687251]"
"[0.5074567287068604, 0.511944083003289, 0.7697747171475323, 0.5530713458308052]",stable,0.11387737239427669,2031,"[0.4051313886754685, 0.5423402373875763, 0.7730119018134923, 0.513534335764668]"
"[0.5070951550671735, 0.5120514899092405, 0.7697861559626065, 0.5529316390814548]",stable,0.14155956805695075,2032,"[0.42170725466125136, 0.4507330735218305, 0.8372674076528946, 0.48634072187204125]"
"[0.5067944934460259, 0.5118355799923835, 0.7700237660037694, 0.5526971640208583]",stable,0.203778449409745,2033,"[0.4115182359287805, 0.3786448665819811, 0.8542585738446234, 0.46544567574363754]"
"[0.2992282113064401, 0.2976511352339182, 0.8327734747731391, 0.3759055068905217]",stable,0.06539840363214774,2034,"[0.34722162056478256, 0.33074104372888036, 0.8205254593283581, 0.4028986159899567]"
"[0.29940401134035344, 0.2977723436899437, 0.8327286102477004, 0.37600438274802883]",stable,0.024871431584262263,2035,"[0.32116505879281837, 0.2862350049432022, 0.8295434688958471, 0.37466661892961434]"
"[0.29948343122156684, 0.2977302366142257, 0.8327169856442265, 0.3759995003983265]",stable,0.04848108724281158,2036,"[0.344846835926689, 0.2849134537662162, 0.8338355093181405, 0.3872714264104271]"
"[0.29964838905685814, 0.2976836301311421, 0.8327210530030407, 0.37604048922018873]",stable,0.055879955653736595,2037,"[0.27178631986362384, 0.2598946897861229, 0.813693321128376, 0.3524562582290912]"
"[0.29954743953079566, 0.29754671368061664, 0.8326521119455238, 0.3759550391079021]",stable,0.06273873767923296,2038,"[0.2822231746590105, 0.2823204199468762, 0.8898415280752499, 0.36439866795988507]"
"[0.29948489705833437, 0.2974917451111807, 0.8328585719315517, 0.37591331935646527]",stable,0.2195626243774154,2039,"[0.45106993466017353, 0.3978698757049464, 0.74180071493046, 0.45875304397947847]"
"[0.5065989686783563, 0.511435700328217, 0.7699247377543894, 0.5523675355294851]",stable,0.15290432874390864,2040,"[0.5677486488476599, 0.46876100656248865, 0.6386352705761705, 0.5282346392284221]"
"[0.5068127787488783, 0.5112864881122529, 0.7694656836733467, 0.5522831547731878]",stable,0.22857819887032702,2041,"[0.6901404489457386, 0.5507194627654803, 0.6634476791765476, 0.6287304017576844]"
"[0.7001103394161516, 0.6016968873082061, 0.7196984865269728, 0.6739553111198034]",stable,0.14599579713395477,2042,"[0.7208123566157154, 0.6193803801411932, 0.580991900433634, 0.6374316705536613]"
"[0.7435663521852378, 0.6243001565454188, 0.47504133531859893, 0.6408714923882213]",stable,0.05211276762836308,2043,"[0.7713803687245329, 0.6113664484152797, 0.5167111786864799, 0.647073458329778]"
"[0.743664288863193, 0.6242546153196085, 0.47518806011919, 0.6408933302964662]",stable,0.06349224350907226,2044,"[0.774510119748483, 0.6626261682988678, 0.44808396943439915, 0.6704363818132264]"
"[0.7437725198487554, 0.6243892523476058, 0.47509295804661184, 0.6409969901263496]",stable,0.09051065525887875,2045,"[0.8236185406074117, 0.6309565101065345, 0.4630720870103697, 0.6813598625397154]"
"[0.74405170173952, 0.6244122147873223, 0.47505092702900265, 0.6411381190508719]",stable,0.15579992733758316,2046,"[0.8843025195382997, 0.6248211801687418, 0.4450551944844268, 0.7019938027755721]"
"[0.9082872853693785, 0.7004483056439176, 0.3797420225549956, 0.7319126116752802]",stable,0.059515861840998704,2047,"[0.9052822733505309, 0.6510989639466799, 0.41075273578676735, 0.720247027577194]"
"[0.9082792933161369, 0.7003170573947227, 0.3798244978561439, 0.7318815861856577]",stable,0.08889316051946586,2048,"[0.9160556981631178, 0.6140958729547256, 0.370739510783324, 0.713856828810146]"
"[0.9082999203846965, 0.7000883539877202, 0.3798003997471975, 0.7318337751581364]",stable,0.096769955138456,2049,"[0.8755136636079074, 0.6323861217160515, 0.41134445745124665, 0.6797678001546673]"
"[0.9082131842556574, 0.699909247553139, 0.37988384963530336, 0.731696034483524]",stable,0.0547109092193462,2050,"[0.8720510025598334, 0.6761160668088798, 0.41257765426107484, 0.7388079886290908]"
"[0.9081177695282279, 0.6998464687121251, 0.37997011297204686, 0.7317147995340401]",stable,0.11485794587351845,2051,"[0.8299298529878901, 0.6768526755786556, 0.3189814608739537, 0.6785107843664022]"
"[0.9079120118531218, 0.6997859587301949, 0.37980961651915707, 0.7315747889678094]",stable,0.1598455761777292,2052,"[0.8216531179057577, 0.6165151876143897, 0.31938348296955604, 0.6448299187990634]"
"[0.9076856105566721, 0.6995674002758226, 0.37965101774343635, 0.7313471121432196]",stable,0.12042568362910777,2053,"[0.8494822326339265, 0.6446622701405776, 0.30821859110990873, 0.6765972519973021]"
"[0.907533245693, 0.6994236695686623, 0.3794640218621968, 0.7312037879019998]",stable,0.13108305139084706,2054,"[0.8467000435966723, 0.6302782846348197, 0.3269698900459923, 0.6540975640815034]"
"[0.907374412267161, 0.6992431333155714, 0.37932696146580985, 0.7310024661687871]",stable,0.08392390225583393,2055,"[0.864745097101332, 0.6840572614206362, 0.3192295856047015, 0.6938049182961319]"
"[0.9072633984255832, 0.6992035867741784, 0.37917045788283815, 0.7309055975545352]",stable,0.1879843270865576,2056,"[0.7855958232839804, 0.6213376346715773, 0.47923777594538286, 0.66413334472244]"
"[0.7441964547762603, 0.6244015019646194, 0.4750655153527531, 0.6412182417884035]",stable,0.07166278958030206,2057,"[0.7213007491022242, 0.5983639648523198, 0.5374414824235494, 0.6477472130111245]"
"[0.7441169557982255, 0.6243110938496462, 0.47528209857174897, 0.6412409118273712]",stable,0.14229305157547145,2058,"[0.7540679846571734, 0.6293196974417491, 0.6106623054666533, 0.6836131081648071]"
"[0.7031079863739862, 0.6032314878711807, 0.7136409209125105, 0.6744918554000814]",stable,0.08325984056174222,2059,"[0.6467136357509683, 0.5943179247669692, 0.6646044190619137, 0.6388850000598733]"
"[0.7001398626569852, 0.602762352970959, 0.711060052394058, 0.6726178103821757]",stable,0.11041469396216282,2060,"[0.594349558977568, 0.5905484106901814, 0.729162493740969, 0.6497499831697308]"
"[0.6948503474730143, 0.6021516558569201, 0.7119651744614035, 0.6714744190215535]",stable,0.13811048374352203,2061,"[0.5797978411745829, 0.5751766426688115, 0.7390221821448439, 0.6053102783331211]"
"[0.507067082102278, 0.5115091018911957, 0.7693596087551289, 0.5524679182699123]",stable,0.06729827389728785,2062,"[0.5589936424493573, 0.5163965607479107, 0.7311794504244462, 0.5712050006426678]"
"[0.5072473826590387, 0.5115260722344481, 0.7692270387609251, 0.5525329775837066]",stable,0.09264783081708601,2063,"[0.5338365770186351, 0.5664351311344888, 0.8031913566388856, 0.6134267840028795]"
"[0.5073393867917708, 0.5117160689780468, 0.7693445623521983, 0.5527436827962297]",stable,0.09707899752055643,2064,"[0.5141801378962423, 0.5664452417318998, 0.8285580855892956, 0.6063721472479695]"
"[0.5073629755886827, 0.511904790263405, 0.7695487469150848, 0.5529286085357185]",stable,0.10844473059068238,2065,"[0.4322689572511695, 0.5034628167178921, 0.8456107301978637, 0.536666511974757]"
"[0.5071049205428494, 0.5118757800450355, 0.7698101283009363, 0.5528727250423818]",stable,0.18999757561025063,2066,"[0.39892490969929345, 0.3954735566951676, 0.8485780245960429, 0.4847382631004848]"
"[0.299842594945532, 0.29784419767083536, 0.8329151167253088, 0.376304775988638]",stable,0.13277627353549706,2067,"[0.4050607037761344, 0.35464010720320616, 0.8074806569748005, 0.42813142266460164]"
"[0.3002197207836345, 0.29804776723905174, 0.8328239537871349, 0.37649053457887444]",stable,0.20126667008327456,2068,"[0.3338444412664846, 0.434710599723989, 0.690819406327713, 0.3996342027604451]"
"[0.2630718842852036, 0.475291446613972, 0.5831662650242506, 0.37577291214773123]",stable,0.05777678721306411,2069,"[0.30759242382359353, 0.4737531996125051, 0.6118139675975832, 0.3988601734254727]"
"[0.2633467024305023, 0.4752819512621111, 0.5833431026944564, 0.37591542610623585]",stable,0.09013495205357853,2070,"[0.25285447851703174, 0.5476526787650259, 0.5322083523039158, 0.36318994292301415]"
"[0.2632823329586405, 0.4757259434553805, 0.583029392569361, 0.375837355657259]",stable,0.13509164651611472,2071,"[0.22794508477862088, 0.5181103447462482, 0.46342904187292355, 0.3458315147258262]"
"[0.26306686193315254, 0.4759843849266663, 0.5823001221382852, 0.37565439321255517]",stable,0.17386207505644724,2072,"[0.2060017718177523, 0.5458471300292962, 0.4347132259350646, 0.3580787979486757]"
"[0.20590241543128412, 0.6133788691312855, 0.3565525029636309, 0.3511668749006766]",stable,0.06398714191806497,2073,"[0.2193473996493099, 0.55819179810257, 0.3824186508468384, 0.33706310536288353]"
"[0.205928522196756, 0.6132717097700647, 0.3566027284935012, 0.35113948894040903]",stable,0.09315913317650644,2074,"[0.22968687918237535, 0.6858417073082212, 0.39601291001876465, 0.3871200061267931]"
"[0.20597456552424753, 0.6134123493001774, 0.3566791048142866, 0.35120921862487875]",stable,0.07059548220797332,2075,"[0.20670733309048292, 0.6728775546030454, 0.36771832014762407, 0.38761265586619037]"
"[0.20597598286963675, 0.6135273690396413, 0.3567004572617398, 0.35127963146286967]",stable,0.06726101762577195,2076,"[0.2357150282709686, 0.6433696642705037, 0.39153669411393927, 0.39046518604620356]"
"[0.20603339415419533, 0.613584979648195, 0.3567677086842344, 0.3513552792516406]",stable,0.0466967890669772,2077,"[0.23929989359322082, 0.6344937171562693, 0.36095318464528087, 0.376239744506836]"
"[0.20609749145561929, 0.6136252662329891, 0.3567757731851227, 0.35140322619818243]",stable,0.08996680205403096,2078,"[0.2614454130257826, 0.6605065314443306, 0.3757893079236175, 0.40111505093459854]"
"[0.20620392976633112, 0.6137154225122416, 0.3568123376750044, 0.3514988258611371]",stable,0.06357552594529135,2079,"[0.23997726636649516, 0.6508809374695677, 0.32958524154346247, 0.37940257056167837]"
"[0.20626875382890342, 0.6137867574737721, 0.3567600783734084, 0.3515523839123857]",stable,0.11794213017874802,2080,"[0.2744970351548448, 0.670912455873784, 0.2914738686561344, 0.39314100136322117]"
"[0.20639945934868492, 0.6138961936776036, 0.35663500900613393, 0.35163205559332605]",stable,0.09027901071034657,2081,"[0.1828677208721265, 0.6299486528751805, 0.27311235862550215, 0.3325836308234243]"
"[0.20635446558486742, 0.6139268867162222, 0.3564753098658268, 0.3515956341310509]",stable,0.059259585176593604,2082,"[0.2085305561031058, 0.6234103904464734, 0.3011625822375368, 0.33268721313205424]"
"[0.20635861842936787, 0.6139449850057838, 0.3563697512253148, 0.35155954935815203]",stable,0.10270775820925372,2083,"[0.21853334502572705, 0.6395204524782164, 0.25854600555184076, 0.3382527888713753]"
"[0.2063818083847895, 0.6139937001819217, 0.35618342028117483, 0.35153420314770106]",stable,0.06956888272865096,2084,"[0.23568856297135513, 0.6633481123431383, 0.3276625168630851, 0.3785831152913041]"
"[0.20643752464826207, 0.6140875298628367, 0.3561291980313306, 0.3515856269350463]",stable,0.109091457403873,2085,"[0.3003929877996638, 0.6545019573832017, 0.33977435948069096, 0.38582756506200255]"
"[0.20661580825955506, 0.6141642175810916, 0.35609816418208834, 0.35165060214970845]",stable,0.05164945832135174,2086,"[0.2479123621338157, 0.6201209961427175, 0.3342760236171024, 0.3728772870846927]"
"[0.20669402142977147, 0.6141754993586704, 0.35605683437041225, 0.3516908042045096]",stable,0.0664359334822939,2087,"[0.24681461582921932, 0.6059289072793949, 0.3037663358456165, 0.35036089976992046]"
"[0.20676986376322978, 0.6141599103377267, 0.3559579865471139, 0.3516882902074688]",stable,0.06557680528195595,2088,"[0.25902801708118617, 0.6271920421272442, 0.32412435168942244, 0.37133990682169027]"
"[0.20686846405250897, 0.6141844992656315, 0.35589792308511825, 0.3517253687293824]",stable,0.08090169887901809,2089,"[0.262552380731354, 0.6243860548972143, 0.3071173078955701, 0.3827215967134405]"
"[0.20697333018561412, 0.6142037112348058, 0.35580605751978955, 0.3517837420400869]",stable,0.15392327791290786,2090,"[0.3120485087817594, 0.5602129581314735, 0.44420130075668307, 0.3956341910556659]"
"[0.2071708399198174, 0.6141022248567921, 0.3559722139920393, 0.3518661676961312]",stable,0.2666045935486226,2091,"[0.29265071856661184, 0.5825534566599805, 0.5890960409670385, 0.4436766037562548]"
"[0.2632461580339614, 0.47663025808868636, 0.5823413095251261, 0.3760666490340321]",stable,0.15544874491187588,2092,"[0.30582589125453197, 0.579569440230538, 0.6574611448336132, 0.4542447389105119]"
"[0.2635026624509528, 0.47725037364375783, 0.5827938386534904, 0.3765376013826856]",stable,0.12455070902733467,2093,"[0.28533603168074106, 0.48965830841722385, 0.6958339048341048, 0.42240883092612885]"
"[0.2636334011888557, 0.47732467265437734, 0.5834707252773265, 0.3768122794039038]",stable,0.05165538294618025,2094,"[0.21922884887708136, 0.4890769411554597, 0.5878395216691833, 0.35358918476790857]"
"[0.2633690883774761, 0.4773946266335504, 0.5834967300177542, 0.3766740466977372]",stable,0.0978495519090177,2095,"[0.21671921882044637, 0.48806191508335134, 0.5044843406420301, 0.3444005938087857]"
"[0.26309305364636937, 0.47745774668354923, 0.5830292010865369, 0.37648307952087945]",stable,0.19925443948259702,2096,"[0.390951089896052, 0.5739086333650769, 0.49791736439874423, 0.45899281187941027]"
"[0.4796093314251892, 0.6169338879340261, 0.3966321174771165, 0.49405754241503075]",stable,0.30833485007642825,2097,"[0.31237931484178655, 0.46639024966993353, 0.5967683618313402, 0.4278261450330876]"
"[0.2633829728298718, 0.4773926437599397, 0.5831100196791533, 0.37678509755330425]",stable,0.2639657950662672,2098,"[0.4705881910575646, 0.5644376036596493, 0.5790795957049497, 0.5151717628893361]"
"[0.4795425081632067, 0.6165450265690309, 0.39798358027880415, 0.49421394404817376]",stable,0.13898263883560874,2099,"[0.5619520863944983, 0.5795148238790248, 0.49525572443309246, 0.5353445819451758]"
"[0.4801484609443192, 0.6162727456668984, 0.3986988166328798, 0.4945163752091812]",stable,0.281533730845658,2100,"[0.7024399016882628, 0.6279764040739472, 0.49532361103009853, 0.6372554044318979]"
"[0.7439727445383294, 0.6243237765839863, 0.4753514463657225, 0.6412271211443418]",stable,0.1515589868992708,2101,"[0.6152108237910731, 0.6409338983531482, 0.4526184592829895, 0.5664086112118356]"
"[0.743528737915063, 0.6243810528659489, 0.47527305675509246, 0.6409691262825055]",stable,0.2635726440736237,2102,"[0.5059845349227513, 0.6429688943407796, 0.4426256973845185, 0.5331176895552013]"
"[0.48033704542591354, 0.6164676080659778, 0.3990194507989502, 0.49479813662776523]",stable,0.07794572543144179,2103,"[0.42141718608629597, 0.649131844104508, 0.4381601242030489, 0.4970435002789932]"
"[0.4799100899234526, 0.6167043054285758, 0.3993030788670959, 0.49481440737886107]",stable,0.1274119506937527,2104,"[0.36600174699642146, 0.6559361370319483, 0.43198423865257374, 0.46928991374380863]"
"[0.4790906054419631, 0.6169865488214058, 0.39953819512454536, 0.49463077792824917]",stable,0.12134103954548546,2105,"[0.36996263742799457, 0.6584334665511766, 0.431219437982052, 0.48497747088731114]"
"[0.478311119956149, 0.6172825982337612, 0.3997644897163847, 0.49456182573509966]",stable,0.19334683817528903,2106,"[0.29544987770540415, 0.6649233498414094, 0.419280609300706, 0.4585861981863737]"
"[0.20733646663236072, 0.6141975740593898, 0.3560909914691663, 0.3520663928940491]",stable,0.16411286791994018,2107,"[0.33173391156192045, 0.6676006063111001, 0.39564085999989207, 0.4359844073929038]"
"[0.20756942064908276, 0.6142975797377638, 0.35616505489338113, 0.35222354273393464]",stable,0.10580314919714132,2108,"[0.27245811004947545, 0.6552550199825798, 0.4153358087060586, 0.39470970930334576]"
"[0.20769070791899003, 0.6143741357008382, 0.3562756544332179, 0.3523029561293915]",stable,0.08380168984695192,2109,"[0.24049537177801816, 0.631831529953399, 0.4127699669137658, 0.40180254495154]"
"[0.20775191065007031, 0.6144067054662348, 0.3563810542699354, 0.3523953061085373]",stable,0.09650004342586423,2110,"[0.2561483113526279, 0.6150151108885928, 0.4136344523244435, 0.41315487353857466]"
"[0.2078420343012855, 0.6144078384372261, 0.3564876713985285, 0.3525084524166007]",stable,0.2022573289973043,2111,"[0.28149957387434, 0.5142673258959879, 0.5103699495971769, 0.39463583307977046]"
"[0.26348891786521955, 0.47760828517594, 0.5826846391523581, 0.3768894878195409]",stable,0.061238859724462545,2112,"[0.26930864394427034, 0.4555637599781296, 0.6358700148083326, 0.3568474456617867]"
"[0.2635227534819582, 0.4774801193317667, 0.5829938564526835, 0.3767729643186237]",stable,0.1821150478148194,2113,"[0.2844583856868962, 0.4344429181658202, 0.758055707399587, 0.39189703796362774]"
"[0.3001634303011462, 0.2985348927780759, 0.8325569243357508, 0.37654555780524857]",stable,0.21122576886194727,2114,"[0.2809274364041974, 0.4609307555938556, 0.7074691168994193, 0.42373587610473684]"
"[0.26362335858555497, 0.47738445826969783, 0.5837133666286762, 0.37704442623646256]",stable,0.08598967268260906,2115,"[0.3331780916283807, 0.4868454420589737, 0.5939067806307273, 0.4256545796627308]"
"[0.2640230984306287, 0.47743883173975116, 0.5837719494677686, 0.3773237949343147]",stable,0.1379705100453307,2116,"[0.22262076099025313, 0.5532265995785021, 0.47710276421971987, 0.3631955515481383]"
"[0.2078695040534955, 0.6142941186623958, 0.3567118630208727, 0.35252831691312775]",stable,0.06698052971707402,2117,"[0.2126897468777541, 0.572858709198168, 0.4084405514111975, 0.36091916074694286]"
"[0.20787844699008967, 0.6142172440622766, 0.35680783461343357, 0.35254388434139083]",stable,0.02844501755991932,2118,"[0.2168345377496442, 0.5970475705636191, 0.34305359957483, 0.36819414928301686]"
"[0.2078950323433481, 0.6141854483706125, 0.35678236380780654, 0.352572866313505]",stable,0.03916607842558654,2119,"[0.23299299484820515, 0.6125243147297345, 0.3816403198209712, 0.369407254785282]"
"[0.20794142414095412, 0.6141823778832911, 0.35682831197049264, 0.35260398348258404]",stable,0.2025544928440446,2120,"[0.2711819861855993, 0.514010042438368, 0.5170486473897301, 0.38898943680176556]"
"[0.26406400636065713, 0.4776478100866004, 0.583390673455894, 0.37739045574498586]",stable,0.16146197712757773,2121,"[0.20783818839663307, 0.4784545423763617, 0.4465771415631161, 0.3126599828109854]"
"[0.2637445414858615, 0.4776523937927922, 0.5826133238428668, 0.37702266896695175]",stable,0.25722967026873744,2122,"[0.15277604142883494, 0.5240155646217266, 0.36735721144243305, 0.3037535914062511]"
"[0.20783964299203878, 0.6140160184492292, 0.3568477379842785, 0.3525138536079045]",stable,0.13504208143635543,2123,"[0.1345831167292463, 0.5583318308134028, 0.30619454533156026, 0.2676411816810897]"
"[0.20770473226227304, 0.6139134693007285, 0.3567544540199088, 0.3523575503446875]",stable,0.20317458396335372,2124,"[0.1522355899135913, 0.464807260678731, 0.47055402373172395, 0.29740227489671406]"
"[0.26311454740918205, 0.4775798224192664, 0.5819802204524084, 0.37657283623209165]",stable,0.23262352453172308,2125,"[0.1470974885838903, 0.48861469581386946, 0.41191121390826463, 0.2688300368933747]"
"[0.20759332188786428, 0.6136831406729953, 0.35685584512264473, 0.3522040071214314]",stable,0.22956007283003596,2126,"[0.12507958477193926, 0.4322286273006115, 0.41366987666118665, 0.25353417575426845]"
"[0.20744192053535798, 0.6133501966117616, 0.35696009105207327, 0.3520229615592898]",stable,0.12836784376345708,2127,"[0.2822444502167039, 0.5115687582359492, 0.37930732247271554, 0.3569244833366203]"
"[0.20757892150547033, 0.6131637837209635, 0.3570010200473492, 0.35203193870540217]",stable,0.24029125361218842,2128,"[0.41810613202493324, 0.5613412435965982, 0.38535173825053276, 0.4516755100275553]"
"[0.47788413422614034, 0.616885851037753, 0.3996622716208822, 0.49425766746767025]",stable,0.12732758968321084,2129,"[0.5394984347660357, 0.5250854775748992, 0.342702630881452, 0.46697610185220056]"
"[0.4783180377510692, 0.6162393695344934, 0.39926114739032287, 0.49406554376615286]",stable,0.16996319072037924,2130,"[0.6313215423316562, 0.5603628376908774, 0.38027801938906397, 0.5387294870126631]"
"[0.47938799232855583, 0.615848624556566, 0.3991283982434609, 0.4943778790336109]",stable,0.32179059488747436,2131,"[0.74571148179417, 0.6872229091877557, 0.4189345356184848, 0.659103148292948]"
"[0.7435362387531356, 0.6245970042622438, 0.47507945358967457, 0.6410314425093454]",stable,0.10807357385655045,2132,"[0.7797939780658012, 0.6554574621038137, 0.38066623786569687, 0.6633708817263084]"
"[0.7436604090932475, 0.6247026907617013, 0.47475612065911305, 0.6411079474381706]",stable,0.24033472056472285,2133,"[0.57473944762093, 0.7124112902567806, 0.35636199207110836, 0.5544100894791066]"
"[0.48005015521253064, 0.6165191986239287, 0.39883140931170846, 0.49479476938392686]",stable,0.0758292580559775,2134,"[0.4514070622314418, 0.6687048262094757, 0.35526165638628876, 0.5123443136890421]"
"[0.47985261664024725, 0.616879099503829, 0.3985309282570504, 0.49491580072396213]",stable,0.0902563135809537,2135,"[0.4057005883165957, 0.6412745002673433, 0.3971212809965966, 0.4496327337684163]"
"[0.4793447260352907, 0.6170461912898806, 0.39852127313882807, 0.4946056427311159]",stable,0.12314653652989757,2136,"[0.3706230255795919, 0.6494883196006837, 0.37679255887436525, 0.4519438026816124]"
"[0.47860512263083016, 0.6172668860402942, 0.3983734587560766, 0.4943154261321397]",stable,0.05487065203426206,2137,"[0.47351317720982594, 0.6665511761932256, 0.3796791383433473, 0.5086835044630255]"
"[0.4785707175942017, 0.617599888000787, 0.3982471457803149, 0.49441250774248346]",stable,0.18361226723868943,2138,"[0.6150872520528313, 0.6996913458686183, 0.3511394423758829, 0.5726337153848604]"
"[0.47948693594627306, 0.6181508373824502, 0.39793098669706367, 0.49493748229041895]",stable,0.31305083020367774,2139,"[0.7314227615313598, 0.6946699901961305, 0.367265172485754, 0.6614715303689027]"
"[0.7436186423780191, 0.6249414870055048, 0.4743892573547671, 0.6411774477212107]",stable,0.09512348220186506,2140,"[0.7531552110551131, 0.6671011535764104, 0.39089522037824265, 0.6556287116129412]"
"[0.7436510796864446, 0.6250848872319363, 0.4741052640317177, 0.641226601680026]",stable,0.11115771280228676,2141,"[0.7920486864183076, 0.6714009846548, 0.38897371979158374, 0.666149444071485]"
"[0.7438151393702814, 0.6252418909520139, 0.47381668252581893, 0.6413110858915224]",stable,0.14234021207154574,2142,"[0.810395613814746, 0.6744268213306637, 0.3600332474783864, 0.6628040830714572]"
"[0.9070117937902304, 0.6991392315392602, 0.3791207508428266, 0.73072871050393]",stable,0.32421499010564014,2143,"[0.6292667451763301, 0.6307418871191773, 0.403530825471632, 0.5800668397052465]"
"[0.7434281515520585, 0.6252604720201462, 0.4735792303060412, 0.6411041796544066]",stable,0.3266849137712389,2144,"[0.46083501030596175, 0.6325960759181923, 0.44979039074156546, 0.47910285424621135]"
"[0.47936258977533763, 0.6182471389726885, 0.3982767160573603, 0.49483191810345756]",stable,0.11847188028214979,2145,"[0.37633126711542986, 0.6027888015664733, 0.3997058113242499, 0.43844813976347957]"
"[0.4786802631352058, 0.6181447658772832, 0.39828618026442586, 0.4944585155978948]",stable,0.1290544085654103,2146,"[0.36865227845694193, 0.6256620945176371, 0.37090376507478595, 0.4332819182235501]"
"[0.4779563948149541, 0.6181942219867592, 0.398106032796073, 0.49405603798358994]",stable,0.09637206210449256,2147,"[0.39577481619463517, 0.6301283342821716, 0.39081563673521713, 0.44570120804137164]"
"[0.4774192603141677, 0.6182722227207162, 0.39805838314861647, 0.4937399933434447]",stable,0.1978691536754641,2148,"[0.32034357584278256, 0.5427392828259915, 0.39296848357289815, 0.40020765007514375]"
"[0.20778507261029172, 0.6130350369185961, 0.3570667740940138, 0.3521200113038843]",stable,0.15102312772953244,2149,"[0.32503237987563677, 0.5467216424098086, 0.4179029667745995, 0.3831449273728925]"
"[0.20799902755055694, 0.612914027074602, 0.3571777890441608, 0.35217662611422923]",stable,0.09201589445511504,2150,"[0.25990164111624703, 0.5400339102000468, 0.378167213055518, 0.3475966499736636]"
"[0.20809356783027586, 0.6127812764063423, 0.3572160211461851, 0.3521682837168876]",stable,0.08785842562536113,2151,"[0.25416760508898695, 0.5389074270954688, 0.34921445430820885, 0.3435129177406985]"
"[0.20817733880710987, 0.6126469603166862, 0.3572014728428433, 0.35215254668783996]",stable,0.07632944291606325,2152,"[0.2662213566223397, 0.5965308418434389, 0.3103503860344937, 0.3506286562801711]"
"[0.20828268185214657, 0.6126177114628327, 0.35711644364718387, 0.35214978100651934]",stable,0.08921910009345971,2153,"[0.28409447439554864, 0.6239523975719433, 0.31790119231187197, 0.37552303252100067]"
"[0.20842002205602955, 0.6126382453144796, 0.3570454015251996, 0.3521921238534658]",stable,0.0760090931882726,2154,"[0.24062941259091714, 0.6648307657619138, 0.32128442617755193, 0.37934043614361945]"
"[0.20847826688520657, 0.6127326260024497, 0.3569807343003395, 0.3522412166424173]",stable,0.21306658700907058,2155,"[0.3832510678250343, 0.6775390889988581, 0.29683282093171975, 0.43611129129742976]"
"[0.4768077785447577, 0.6186570725017432, 0.3974010743030522, 0.49336578099249656]",stable,0.12047884650992659,2156,"[0.4959294084540665, 0.6923261273301743, 0.3054511375306781, 0.5097241187508352]"
"[0.47693114389901126, 0.6191323567264427, 0.3968078489045208, 0.49347131865545363]",stable,0.18646732056328633,2157,"[0.6229621547988476, 0.6861062944882746, 0.36414469778553904, 0.5823117132587875]"
"[0.7430225421353811, 0.6254653401092645, 0.4732107638665783, 0.6409062252220981]",stable,0.10304848711790966,2158,"[0.7058074793478969, 0.6914563470535658, 0.4034319585356206, 0.6377226536310892]"
"[0.7428976593743493, 0.6256867864412923, 0.47297660680170933, 0.6408955420959538]",stable,0.1287803615010119,2159,"[0.7242852894602014, 0.7313284801004825, 0.41127904982741037, 0.6765495070750579]"
"[0.7428354106455394, 0.6260401031424936, 0.47277026045731374, 0.6410147861259843]",stable,0.11648135561615645,2160,"[0.7772376643776522, 0.7061890175971146, 0.4001212863637739, 0.6671427255631243]"
"[0.7429500848246464, 0.6263072661906757, 0.47252809721033523, 0.6411018792574413]",stable,0.1514317540002819,2161,"[0.8328129925625816, 0.6821658184384143, 0.3892511475035787, 0.7103911693448007]"
"[0.9068195689165838, 0.6990952589664601, 0.37914699539376123, 0.7306760225734659]",stable,0.0755126779176044,2162,"[0.856955566892674, 0.6584338509230387, 0.4042351655709167, 0.7001313104036669]"
"[0.9066907213661344, 0.6989901907286217, 0.3792118227068805, 0.7305970956686343]",stable,0.05068999358833392,2163,"[0.8813834189848198, 0.6953423032175533, 0.4047807495144927, 0.6950733177898726]"
"[0.9066254963599969, 0.6989807889566859, 0.3792777220027764, 0.7305055395400808]",stable,0.07339319335309266,2164,"[0.8508225955130274, 0.6784558361645395, 0.41694011263417946, 0.7097000659228929]"
"[0.9064820441727296, 0.6989280255818989, 0.37937454048769, 0.7304520550320674]",stable,0.033406474337829895,2165,"[0.9230267375077695, 0.6833518509437396, 0.4036979209046711, 0.7276198123048362]"
"[0.9065244664633323, 0.6988880866725702, 0.3794369081297848, 0.7304447928712285]",stable,0.09101002250081526,2166,"[0.964298953389796, 0.7182450290058511, 0.43112743418108174, 0.7740146351480719]"
"[0.9066722272994614, 0.698937592918947, 0.3795691089636756, 0.7305562246929085]",stable,0.07842041181431797,2167,"[0.9376142339424186, 0.735962177048372, 0.4191060572565131, 0.7780784626848953]"
"[0.9067511609898772, 0.6990320433886648, 0.3796699685256471, 0.7306774548918676]",stable,0.06244368329455212,2168,"[0.9442591825930401, 0.7093150949994257, 0.41159092204925624, 0.767659524527314]"
"[0.9068466012484093, 0.699058208914392, 0.3797511923259616, 0.7307715568502274]",stable,0.13636552794877882,2169,"[0.9898826350038599, 0.7184147953364338, 0.4512822214459308, 0.8095700894890844]"
"[0.9070573526031187, 0.6991073373063261, 0.37993274316129144, 0.7309715531259605]",stable,0.09192766469135702,2170,"[0.9756814577382935, 0.6567911050441061, 0.40220962091538276, 0.769109525471933]"
"[0.9072310845148533, 0.6990002076043964, 0.37998914032016257, 0.7310681049546846]",stable,0.053113475460984674,2171,"[0.9254414090586047, 0.6506926649197117, 0.3826685930773461, 0.7188768290474937]"
"[0.907277070182893, 0.6988782188602431, 0.37999590661500393, 0.7310373189044138]",stable,0.02134956705673168,2172,"[0.9063415484325861, 0.6886373673720428, 0.3975348413622632, 0.7245227551206603]"
"[0.9072747137049325, 0.698852423264555, 0.3800400852919492, 0.7310209094238502]",stable,0.06133423108242922,2173,"[0.893424648762422, 0.71783599152339, 0.42029718125367677, 0.7708838491605465]"
"[0.9072399145467855, 0.6989001206722405, 0.3801412337742651, 0.7311210675638923]",stable,0.07832087930213309,2174,"[0.9613425689192554, 0.6431114886482201, 0.37937824033009676, 0.7214200726455878]"
"[0.9073755101717792, 0.6987602995393482, 0.380139321509994, 0.7310967542934202]",stable,0.07924254738465442,2175,"[0.9559945101878653, 0.6403643851080048, 0.40204431007905844, 0.7260309071814955]"
"[0.9074970576718193, 0.6986143097532698, 0.38019408398141663, 0.7310840896756404]",stable,0.08489626597867105,2176,"[0.9401211441576464, 0.6371676449455927, 0.4257458247525559, 0.7139846377891486]"
"[0.9075784144959737, 0.6984610761751958, 0.3803076793449357, 0.7310414476509859]",stable,0.09033728912128393,2177,"[0.922415716176263, 0.6336638354522307, 0.44147909413580233, 0.7312778621268174]"
"[0.9076153232066211, 0.6982998890092182, 0.3804598470434205, 0.731042035746697]",stable,0.05369976196955774,2178,"[0.9351019053298911, 0.6563161455260058, 0.39942196810724373, 0.7334824223276756]"
"[0.907683528125041, 0.6981957109856867, 0.38050689945300814, 0.7310480912965256]",stable,0.04799238529643602,2179,"[0.9222656006052163, 0.6636520123855333, 0.3544999857035416, 0.7161818364596795]"
"[0.9077196223638534, 0.6981102067812308, 0.3804425259041233, 0.7310112936360383]",stable,0.08443559153017699,2180,"[0.9330690500216213, 0.6320219179449026, 0.3514526016917577, 0.6952524065263723]"
"[0.9077822135432553, 0.697947025821141, 0.3803709458443397, 0.7309230000876195]",stable,0.06027031636781385,2181,"[0.9441125317267728, 0.6700636512734145, 0.34121593075189716, 0.729501299450164]"
"[0.9078716970855792, 0.6978783475587083, 0.3802745049204667, 0.7309194983619115]",stable,0.03352221539082492,2182,"[0.9355747033188235, 0.6908183053905436, 0.36290675922927174, 0.7287287029494182]"
"[0.9079397634399606, 0.6978610010177546, 0.3802318323266309, 0.7309141155722002]",stable,0.11449870879811823,2183,"[0.983949656778838, 0.7584101508788803, 0.39730249372873666, 0.7890075179638518]"
"[0.9081260621981443, 0.698009405796826, 0.3802736721830086, 0.7310565013623759]",stable,0.11267195804458713,2184,"[0.8103498941510041, 0.7423412036147123, 0.38322632853963073, 0.6969865055553266]"
"[0.9078870006625767, 0.6981177965005373, 0.38028089139170446, 0.7309732006391313]",stable,0.32743692692493936,2185,"[0.6079866993437654, 0.7372880430315232, 0.34984243897958733, 0.6092606590323135]"
"[0.7425017014841784, 0.6266759730904792, 0.47212050366139585, 0.6409960944726403]",stable,0.3065142453049279,2186,"[0.526702668521708, 0.732946507696526, 0.30461775716147954, 0.5513793363476005]"
"[0.4772501921337721, 0.6198619346172766, 0.39621688677796285, 0.4938425238970699]",stable,0.051978317230835715,2187,"[0.459026180476481, 0.5944101451014266, 0.4326136320989845, 0.4739147994474025]"
"[0.4771341156264009, 0.6196998213082584, 0.39644871318128144, 0.4937155957158618]",stable,0.2427984312363247,2188,"[0.3604810933694803, 0.5005111851072361, 0.5626827432732285, 0.4345255049144728]"
"[0.26366155047637474, 0.4777086502995359, 0.5818718076592669, 0.3768984130224421]",stable,0.1482207765864003,2189,"[0.3619030479125361, 0.46441315789096593, 0.678152259669651, 0.430483030550853]"
"[0.26421038565758237, 0.4776343738056333, 0.5824096872794366, 0.37719776842762875]",stable,0.17426586136586505,2190,"[0.34825834932930544, 0.4156606569887906, 0.7129076535660781, 0.42653405790282134]"
"[0.26467731878909195, 0.477290075378873, 0.5831346759810291, 0.3774718589247132]",stable,0.21733806041633658,2191,"[0.3290478770573478, 0.3910882504721641, 0.7673530035079567, 0.4190063857632723]"
"[0.30026622192661306, 0.2988642641577702, 0.8323248819128761, 0.37669666395456536]",stable,0.07830857759907753,2192,"[0.2843886004772998, 0.33996196868913137, 0.7675962726798149, 0.37554762448194073]"
"[0.3002099183044524, 0.29901000069866157, 0.8320953478375815, 0.3766925893465064]",stable,0.10017322315142635,2193,"[0.2170834416079874, 0.3365107665553544, 0.800071866025574, 0.35037049441895457]"
"[0.2999161851712493, 0.2991425122387912, 0.8319821906580339, 0.3765995784103666]",stable,0.16484168816108438,2194,"[0.18842769161042133, 0.2096912791526257, 0.828323013469683, 0.2945740623741834]"
"[0.2995236200530774, 0.2988275431082061, 0.8319693062313144, 0.37631075617080256]",stable,0.15096069509172144,2195,"[0.20735306992899027, 0.21808014550738342, 0.8348307415358958, 0.28818929952662775]"
"[0.2992002146140455, 0.29854421890609795, 0.83197934635519, 0.3760015580773142]",stable,0.162573087410812,2196,"[0.22170930915472117, 0.18415686441287543, 0.8368600336586943, 0.290462792918675]"
"[0.29892926739215975, 0.2981442631211566, 0.831996411695412, 0.37570247148585045]",stable,0.1420174117507664,2197,"[0.2637269435580976, 0.17112293496454078, 0.8419822307606621, 0.323783233741119]"
"[0.2988066112115533, 0.29770168009622067, 0.8320312054900645, 0.37552156821844723]",stable,0.08755941863237332,2198,"[0.26916958214925624, 0.2403504288649035, 0.8757704654929336, 0.33569683449424614]"
"[0.29870370486064257, 0.297502543807223, 0.8321830779206301, 0.375383287893016]",stable,0.1733429326987888,2199,"[0.4313522889589015, 0.3406379755147138, 0.7418594260297351, 0.42470973002950885]"
"[0.299162696501121, 0.29765180135638386, 0.8318705393327724, 0.37555396762359206]",stable,0.4000211894641269,2200,"[0.5813436912348265, 0.463300110984296, 0.6711578592199099, 0.5402443140308646]"
"[0.5073591629082329, 0.5117094250140056, 0.7694722780643575, 0.5528294770594656]",stable,0.3146974442114452,2201,"[0.6273858146870905, 0.5016223710352423, 0.47944477868455737, 0.5325715106881325]"
"[0.7421205230510755, 0.6262618883154618, 0.4721447562276977, 0.6406370726720294]",stable,0.10745578152404535,2202,"[0.7478768248800924, 0.5301369622543146, 0.4660555360421014, 0.5933451076095906]"
"[0.7421395207468808, 0.625944644335062, 0.4721246597914416, 0.6404809935794141]",stable,0.13596687246907777,2203,"[0.7840652363158049, 0.5159527358130367, 0.5384388411704257, 0.6557595468739423]"
"[0.7422774342849364, 0.6255828288465027, 0.4723427985459777, 0.6405312519784093]",stable,0.12287056753102141,2204,"[0.8272779707180541, 0.5384265252663611, 0.4642072936430409, 0.6550114963719966]"
"[0.7425561245683238, 0.6252970704741089, 0.47231612475941065, 0.6405787281895359]",stable,0.18087718305228473,2205,"[0.8688120886765063, 0.5018851355352231, 0.43784002534313404, 0.6594699896540934]"
"[0.7429687257582197, 0.6248937634971844, 0.47220345776785416, 0.6406404643381128]",stable,0.11963944811045553,2206,"[0.8136965957137394, 0.5601240384856683, 0.40071267663384447, 0.6429025188271068]"
"[0.7431991096994429, 0.6246827871942153, 0.47197058877393233, 0.6406478325937772]",stable,0.19208925087683196,2207,"[0.8947349085756644, 0.5590462271861958, 0.37510151522310586, 0.6562493242239406]"
"[0.907854922389194, 0.69777859755099, 0.380268258766903, 0.7307909472820211]",stable,0.1303558385854842,2208,"[0.9099299525196608, 0.5968578028526312, 0.3367514220132979, 0.6607222879563692]"
"[0.9078599711243045, 0.6975330481721619, 0.3801623783855073, 0.7306204639259977]",stable,0.09505502650504312,2209,"[0.9406186472201546, 0.6179632830694235, 0.35217414287512594, 0.7015062344353845]"
"[0.9079394824740518, 0.6973399176743397, 0.38009444577504525, 0.7305497983204379]",stable,0.25980475620284765,2210,"[0.6989567901891276, 0.6249598825923379, 0.3600656047672612, 0.5956990596484569]"
"[0.7430554658049289, 0.6246836868545989, 0.4716072609037808, 0.6405018950192795]",stable,0.24798558756135536,2211,"[0.558042770302208, 0.6137833526387624, 0.34745451907110375, 0.532176304550638]"
"[0.47764619571928574, 0.6196623753040211, 0.3961386233451411, 0.4939590179236768]",stable,0.09535207197858923,2212,"[0.39958899000883297, 0.5786321151189424, 0.3752547021937468, 0.46430316093431956]"
"[0.47715526989720747, 0.6194043233531715, 0.3960072779290946, 0.4937725030998444]",stable,0.1824589143524347,2213,"[0.33178593877227075, 0.6169760961947386, 0.3409461085736449, 0.39826656434714097]"
"[0.20870084391027346, 0.6127402856959375, 0.35695179093260176, 0.35232429488737166]",stable,0.11138288259594066,2214,"[0.3118294070373459, 0.5804540539433967, 0.3401772418442039, 0.37346335221802596]"
"[0.20888666114113305, 0.6126821123053925, 0.35692156651982987, 0.3523623832789584]",stable,0.10430872582885596,2215,"[0.29454366178520536, 0.6457343309942213, 0.3569667591872245, 0.40186730547937694]"
"[0.20904072049480946, 0.6127415587418832, 0.35692164780160573, 0.3524514209088153]",stable,0.1785864830722767,2216,"[0.3303604119069449, 0.7008913224342007, 0.39332943971630585, 0.44233332265034103]"
"[0.47623780203476834, 0.619913617097428, 0.3959905414402647, 0.493451008222035]",stable,0.20891090333904289,2217,"[0.29620565942761645, 0.6257860802339391, 0.3474730386367788, 0.39940974461590784]"
"[0.2091972105108468, 0.6127649779905223, 0.35690468440992745, 0.35253572669644023]",stable,0.08492407999447973,2218,"[0.2559853951403343, 0.6769532411394773, 0.35632396896293983, 0.3825772776796355]"
"[0.2092810603040896, 0.6128800107201798, 0.35690364370124106, 0.35258956460142804]",stable,0.09351299284472375,2219,"[0.24452637604527988, 0.6897462557126165, 0.37542218453509174, 0.3879603374969822]"
"[0.20934411095836725, 0.6130175174196297, 0.35693677168126586, 0.3526528396871088]",stable,0.11911762206966406,2220,"[0.2891284669799379, 0.6660518748431945, 0.37087265782655343, 0.4220546583359724]"
"[0.20948658302269146, 0.6131122216293147, 0.3569616571922396, 0.35277677150612463]",stable,0.12790484541502803,2221,"[0.18406388364225035, 0.7291763073583597, 0.3849937333868449, 0.39094307267554196]"
"[0.20944126626800263, 0.6133191094826642, 0.35701162524249735, 0.35284480412853003]",stable,0.11691138255564747,2222,"[0.14209913162112223, 0.7032594255488653, 0.325172466676599, 0.34733882555957396]"
"[0.20932144040564163, 0.6134791456322483, 0.3569549719354406, 0.3528350070136386]",stable,0.0780583972735354,2223,"[0.15682543414042335, 0.6694847074864525, 0.3448782109967272, 0.36023849252651097]"
"[0.20922819705525939, 0.6135786226515274, 0.35693352120553173, 0.3528481570767165]",stable,0.10630855741796891,2224,"[0.1308135072604912, 0.6105184051836821, 0.3093039984306122, 0.29923184021363103]"
"[0.20908916391732538, 0.6135731967340312, 0.35684907169706553, 0.3527530926851153]",stable,0.05060141675015638,2225,"[0.17259166725033037, 0.6103170784226878, 0.3518840493979718, 0.31821062083844903]"
"[0.20902456657809176, 0.6135674336927721, 0.35684028404697865, 0.3526919555668026]",stable,0.08524133442796086,2226,"[0.14022340429642383, 0.5764222026469092, 0.3579061724441299, 0.31875700520253447]"
"[0.20890300975427256, 0.6135018060760833, 0.3568421672420266, 0.3526319998241096]",stable,0.05901783235774161,2227,"[0.1602877796306412, 0.6198998865317782, 0.364997817643317, 0.320816691099421]"
"[0.20881726860767003, 0.6135130901685977, 0.35685655110516823, 0.3525758881685105]",stable,0.13151796055788137,2228,"[0.10833329811643727, 0.6039384933694504, 0.3109397677231059, 0.28186576354975434]"
"[0.20864036020891785, 0.6134962334840922, 0.3567757116978054, 0.3524513985124915]",stable,0.097046622242998,2229,"[0.14300434749185353, 0.6142330209425625, 0.2950487117589747, 0.3164070460259624]"
"[0.2085250069352499, 0.6134975283653901, 0.3566672283938707, 0.35238805167156617]",stable,0.035730551447285014,2230,"[0.22939746613847445, 0.5944387678145864, 0.34677584482535495, 0.3328960807372447]"
"[0.20856162528472924, 0.6134640919433711, 0.3566498750893645, 0.35235385523133056]",stable,0.014757670991565401,2231,"[0.20693407789607102, 0.62114233423026, 0.35555848004589347, 0.36480348955671865]"
"[0.20855877493903982, 0.6134775389526301, 0.3566479637145073, 0.35237565844380936]",stable,0.04404334528652551,2232,"[0.20130076543979042, 0.5714860861126759, 0.3460382336363523, 0.34901573609418446]"
"[0.20854608611124392, 0.6134041273217911, 0.3566294152353497, 0.3523697844536876]",stable,0.04099019140942922,2233,"[0.22495429940741624, 0.5987570908690613, 0.3250367698538851, 0.3382866239716656]"
"[0.20857472173654265, 0.613378565303549, 0.35657427972857575, 0.3523452065121832]",stable,0.08949593875814987,2234,"[0.24416179222798196, 0.6012595023843305, 0.27542108391644726, 0.3491248662385165]"
"[0.20863672011718978, 0.6133574519535154, 0.3564328978543386, 0.35233959616327437]",stable,0.09384685169274522,2235,"[0.26564067033001526, 0.61362449818762, 0.2853818436005061, 0.3749107638003646]"
"[0.20873585742190776, 0.6133579163817486, 0.3563093308034624, 0.3523788503678606]",stable,0.05085591069426057,2236,"[0.2481113352710935, 0.6189388936829765, 0.3527596272971496, 0.38387722642237077]"
"[0.20880421762650703, 0.6133676055784522, 0.35630316812376395, 0.3524335350485108]",stable,0.11434114629563788,2237,"[0.3077090128303852, 0.6303015909675131, 0.353598719866954, 0.40718447403907687]"
"[0.20897562974991063, 0.6133969539066828, 0.35629848103839684, 0.352528424024231]",stable,0.05764055372641189,2238,"[0.25693619177835925, 0.6168545755974595, 0.3370796641552404, 0.3778444239779733]"
"[0.20905860650082492, 0.6134029359511306, 0.35626523049015607, 0.35257222333210947]",stable,0.01387408623071212,2239,"[0.20702333463828554, 0.6190938997546328, 0.34386040189577033, 0.35401482366273773]"
"[0.20905509135080325, 0.6134127649041592, 0.3562438059157271, 0.35257471486981345]",stable,0.04705035523763528,2240,"[0.19940621529684546, 0.5844655512297964, 0.32333780010457774, 0.33843651410272774]"
"[0.20903845535760676, 0.6133628559150655, 0.35618707142294925, 0.35255033866159435]",stable,0.01670787366488908,2241,"[0.1995261860107854, 0.6189193191542947, 0.343693583307116, 0.35124334009769115]"
"[0.20902208312120948, 0.6133724195350986, 0.35616556800106314, 0.3525480890943587]",stable,0.0654290607899501,2242,"[0.17525204936988156, 0.6420731210425987, 0.4013738857592308, 0.3690715437798378]"
"[0.2089640590082347, 0.6134217334552146, 0.3562432455229844, 0.35257647990996943]",stable,0.05519587480959123,2243,"[0.1590203563567777, 0.6165977413596928, 0.36709408492328555, 0.3319759114819265]"
"[0.20887839227984456, 0.6134271811531639, 0.35626185759742746, 0.3525411444581203]",stable,0.04758903570701165,2244,"[0.20619073840780558, 0.6489443807545024, 0.3687423042648797, 0.3815283799186967]"
"[0.2088737901328034, 0.6134879982757689, 0.3562832282252827, 0.35259078013527884]",stable,0.06402639188403057,2245,"[0.18869264410372982, 0.6704969095406089, 0.33805888410270024, 0.36307684328309364]"
"[0.2088392924472836, 0.6135854494061362, 0.3562520755002868, 0.3526087050295486]",stable,0.06313419239929784,2246,"[0.19236702567048655, 0.6728914012476254, 0.34503796420654964, 0.3610726557153829]"
"[0.20881118277701605, 0.6136866541021115, 0.35623293879159446, 0.3526231486314016]",stable,0.06384188555334673,2247,"[0.1517303259175443, 0.6372967074396428, 0.3475335160597415, 0.3390420015249689]"
"[0.2087139411128602, 0.6137268756580528, 0.3562181186506543, 0.35260001209459335]",stable,0.07680329950205471,2248,"[0.14011381453823676, 0.6236269332775699, 0.33061479719728937, 0.33164223935906956]"
"[0.20859727423093058, 0.6137437124907391, 0.35617457558695803, 0.3525643696239547]",stable,0.04624220853874133,2249,"[0.17965547913046517, 0.6463514555062014, 0.3685247682906805, 0.3617796928695933]"
"[0.20854813705758513, 0.6137990736843137, 0.35619554365606454, 0.3525800153340492]",stable,0.09196543471637135,2250,"[0.158698830200609, 0.6879572365083607, 0.3377505169332157, 0.36411412406449395]"
"[0.2084636467069801, 0.6139247654857104, 0.35616428089890717, 0.3525995646708805]",stable,0.14937791665695008,2251,"[0.23005773467064247, 0.6577811820470372, 0.4921940219814517, 0.3902822081185424]"
"[0.20850018492688474, 0.6139989726203319, 0.35639444966554434, 0.35266332548889684]",stable,0.33658942940930975,2252,"[0.2680202102854145, 0.7164250725963764, 0.6369758798941478, 0.4959559129663142]"
"[0.2646957878028838, 0.478611263208804, 0.5834321411960187, 0.37812646695809216]",stable,0.10169857700569761,2253,"[0.2435725593994942, 0.5609911159843481, 0.6328229427741972, 0.40402083628709334]"
"[0.26457972610835967, 0.4790638997625158, 0.5837035192266681, 0.37826874371264707]",stable,0.12359152497500951,2254,"[0.2526593439952129, 0.44480158184209634, 0.7008087319059184, 0.3939286373902115]"
"[0.2645145874082878, 0.47887667398152994, 0.5843434384216367, 0.378354316902142]",stable,0.19690279302468677,2255,"[0.28448009796957247, 0.4342127507448958, 0.7727320749421633, 0.4081359199482983]"
"[0.2991120668510122, 0.29812270118186146, 0.8316666135934944, 0.37566631918333243]",stable,0.06653158361896103,2256,"[0.24393676934081562, 0.3329193601733136, 0.8224763765387846, 0.3663458991595926]"
"[0.29892246101764386, 0.2982422773295984, 0.8316350320228597, 0.37563429024854295]",stable,0.09800979559728519,2257,"[0.21771183116454007, 0.32842094593417714, 0.8364487930829704, 0.330062047626581]"
"[0.2986443424222565, 0.29834562893440864, 0.8316515175059422, 0.3754782209244952]",stable,0.06284008758701941,2258,"[0.24975810581251148, 0.3105537497110948, 0.8056923128991116, 0.34834716931636833]"
"[0.29847749519833244, 0.298387294875626, 0.8315629195380009, 0.3753856234787336]",stable,0.2148092317139681,2259,"[0.19419988536011865, 0.4457893834562896, 0.7159180962517763, 0.3624208540966514]"
"[0.26413244228846083, 0.4786968517504145, 0.585058518083757, 0.37826772199559044]",stable,0.11174139852288144,2260,"[0.1881093880638224, 0.4206207162454797, 0.6256149806808918, 0.33717062724879904]"
"[0.26372150686021956, 0.478382926693631, 0.5852777422059037, 0.3780455755374997]",stable,0.06473823068333644,2261,"[0.22059889477995792, 0.4763137663129107, 0.552115187201869, 0.343010702049682]"
"[0.26348966485978803, 0.47837180217545516, 0.5850994488994303, 0.3778572160026189]",stable,0.16873899070819856,2262,"[0.22072824323877285, 0.5468559643586794, 0.4431456837824458, 0.3353912778245318]"
"[0.20852084043078994, 0.6138855553766466, 0.3565409889123634, 0.352634149732707]",stable,0.06413271309624377,2263,"[0.2062796592462783, 0.5604108820118912, 0.3916981972410456, 0.34911108188640233]"
"[0.20851706103587508, 0.6137953788616975, 0.3566002759415855, 0.3526282086402175]",stable,0.08160827062077285,2264,"[0.2018437695125295, 0.5764799972518676, 0.4287465785912997, 0.3568531729295748]"
"[0.20850582653836103, 0.6137325583539369, 0.35672173436355475, 0.3526353213747113]",stable,0.06885765359628318,2265,"[0.17619189246156566, 0.5691441958718501, 0.3936206883596561, 0.33399313136318426]"
"[0.20845151740545886, 0.6136576199295972, 0.3567837494122877, 0.35260398996292724]",stable,0.08861660092686463,2266,"[0.16374144002287774, 0.5711788292531806, 0.4153855689833615, 0.3277989496302995]"
"[0.20837650049709883, 0.6135863467908784, 0.3568820746129103, 0.35256237076773833]",stable,0.0404322930783301,2267,"[0.17440784837898773, 0.6097828865663728, 0.36650973174277796, 0.3332299393282882]"
"[0.20831960158232812, 0.6135799758357285, 0.3568982013417711, 0.35252998813551145]",stable,0.15325050668458304,2268,"[0.2832936502145643, 0.5874977468549569, 0.47225672203129454, 0.41479345147069624]"
"[0.20844497624559274, 0.6135363600682022, 0.3570911085670044, 0.35263410763941644]",stable,0.31392737850720587,2269,"[0.3147969886035146, 0.48888685342158683, 0.6160583517347052, 0.4207378219485729]"
"[0.2637640355749951, 0.4784280323960227, 0.5852650045295655, 0.37808652405580584]",stable,0.13391630898148157,2270,"[0.30169266890143864, 0.4640635240265947, 0.7065570071269986, 0.41779681982932976]"
"[0.2639657836246039, 0.47835162543661086, 0.5859101747561476, 0.37829774903332464]",stable,0.18580288130530595,2271,"[0.302318845652812, 0.3682635262876244, 0.7287533318773034, 0.40128026899606484]"
"[0.2984905610162048, 0.2986249691321293, 0.8312132270629645, 0.3754737005043028]",stable,0.04992041565540178,2272,"[0.2958627099256297, 0.3173995704907449, 0.786815846482186, 0.38818311588206234]"
"[0.2984816530464062, 0.2986886118485992, 0.8310627274677754, 0.3755167832682952]",stable,0.07052974833424017,2273,"[0.3292328392814831, 0.33360187016476617, 0.8471103661660264, 0.4260375476250017]"
"[0.2985855421890923, 0.2988065620456133, 0.8311169424633776, 0.375687461526257]",stable,0.11327341779242596,2274,"[0.3651506496897323, 0.3157260089833672, 0.9057324849387106, 0.4261474137481728]"
"[0.2988096671301719, 0.29886352988042053, 0.8313681732461229, 0.375857360355287]",stable,0.12136497551051995,2275,"[0.2856657205799812, 0.40996744784422035, 0.7880156908719853, 0.3941104596769958]"
"[0.29876555992698334, 0.2992363618198964, 0.8312226951173506, 0.3759186123664337]",stable,0.2393595310096089,2276,"[0.24227453194403298, 0.4523509276919578, 0.6564138654157129, 0.3858961681153861]"
"[0.26385101509719344, 0.47821405560727404, 0.5862832101564627, 0.37833795230889106]",stable,0.06191008984681058,2277,"[0.21511022212399314, 0.503978101306777, 0.6048696035332096, 0.35717302245730576]"
"[0.26359448460786084, 0.4783496558477977, 0.5863810332794981, 0.3782265579412511]",stable,0.08893772650133129,2278,"[0.24862660162837713, 0.5532088264600672, 0.5416919045276972, 0.387438942051034]"
"[0.2635161187283871, 0.47874158867822847, 0.5861470587834153, 0.37827479031878924]",stable,0.1237621486806139,2279,"[0.22384448426750522, 0.5431763441570555, 0.488211534631279, 0.37843684177554643]"
"[0.26330949563223666, 0.47907718636301405, 0.5856369779284563, 0.37827563433679323]",stable,0.16977014353360237,2280,"[0.1847393769538487, 0.566631560201822, 0.46986832733794276, 0.33852026679441183]"
"[0.20840540095462154, 0.6134580548931331, 0.35727938439132984, 0.352610545300777]",stable,0.03930993782144805,2281,"[0.2186291182959122, 0.5914795873222121, 0.38822438722775626, 0.3529276855521447]"
"[0.20842244048352368, 0.6134214241138483, 0.3573309593960572, 0.35261107386786267]",stable,0.06811066755646232,2282,"[0.23832973279898478, 0.572362686444831, 0.4013026057017999, 0.36380443277097935]"
"[0.20847220303313344, 0.6133531067466785, 0.35740412353300516, 0.35262969842510583]",stable,0.08196586148661016,2283,"[0.24700823932156868, 0.5493429910356169, 0.39090150302969984, 0.34888710441433146]"
"[0.2085362163824498, 0.613246777650813, 0.3574597670205412, 0.3526234814915331]",stable,0.04768601414064291,2284,"[0.19999609136312207, 0.5912040558222111, 0.3169846186245884, 0.3438540467327632]"
"[0.2085220536543912, 0.6132102225565699, 0.35739264405471044, 0.35260893848198294]",stable,0.0476867367407803,2285,"[0.18461032948851558, 0.6406387471843469, 0.3319619995493858, 0.3700219412439077]"
"[0.2084824647070967, 0.6132556340211854, 0.35735054033864205, 0.3526377679567544]",stable,0.12232853777394018,2286,"[0.2732445700067293, 0.6373585019629139, 0.25726552688148496, 0.33951592702897715]"
"[0.20858950950924485, 0.6132954734723288, 0.3571851105643327, 0.3526160789634853]",stable,0.12190468811478432,2287,"[0.3012642922603977, 0.6588622069883223, 0.31549650644655536, 0.4021929960699687]"
"[0.20874243819365268, 0.6133706661018932, 0.35711631748823075, 0.3526978890577204]",stable,0.08870197606242072,2288,"[0.23713136918348146, 0.671727387813422, 0.299724614304617, 0.37174505660043283]"
"[0.20878920743745802, 0.6134668056763767, 0.35702176773010286, 0.3527292682464234]",stable,0.11161212497885137,2289,"[0.2444939711290958, 0.6869714482656427, 0.3190437508648142, 0.4185864929436664]"
"[0.20884793237774033, 0.6135877014701091, 0.35695930388657443, 0.35283758605020177]",stable,0.09129594978871775,2290,"[0.25795241994993734, 0.5509358077477575, 0.4003320576031592, 0.3636655219633693]"
"[0.2089285637202234, 0.6134848247973301, 0.35703052351500886, 0.3528553659121281]",stable,0.01548212677847247,2291,"[0.21122392680323682, 0.6002317716405077, 0.3636354771517436, 0.3567487869503484]"
"[0.20893232661052344, 0.6134630984806796, 0.35704135130785597, 0.3528617485695678]",stable,0.07992629348565179,2292,"[0.22723753190473392, 0.639795872940459, 0.4049386935025177, 0.4082292611507667]"
"[0.20896228602999023, 0.6135061963112193, 0.35711974302994215, 0.35295236642976624]",stable,0.09434191237497234,2293,"[0.2732346812320885, 0.6622879092750231, 0.38205175449163276, 0.395002276421863]"
"[0.2090673062835884, 0.6135859049925326, 0.3571604816107619, 0.3530210754330213]",stable,0.09320354817771792,2294,"[0.27019366401701633, 0.6647102052059856, 0.3202969276277076, 0.3842917341818286]"
"[0.20916702301724815, 0.6136693051560129, 0.3571003453073638, 0.3530720879269019]",stable,0.03876019028265505,2295,"[0.23985198720400064, 0.6167541235551867, 0.3376741630258308, 0.3662589245837396]"
"[0.20921699852895295, 0.6136743292902135, 0.35706870657400624, 0.35309356485956783]",stable,0.04072498269383758,2296,"[0.17515802544070663, 0.6166771336877306, 0.34086013119992997, 0.33803448727557805]"
"[0.20916161808490702, 0.61367921189899, 0.35704235116689387, 0.35306907855455316]",stable,0.08149526745260648,2297,"[0.17685041332358525, 0.5620919739409829, 0.3312623280289278, 0.3054076481216163]"
"[0.20910916483042438, 0.6135954663828245, 0.3570005004799816, 0.35299170610255165]",stable,0.13095112312499702,2298,"[0.24441203157669084, 0.5882513554315406, 0.4778989964670817, 0.37835179197266705]"
"[0.20916638179435676, 0.6135543900279602, 0.35719644617850205, 0.3530328083486945]",stable,0.2738866215180636,2299,"[0.25748361616766535, 0.4728018497275058, 0.5865773255812551, 0.3689218257029045]"
"[0.2632793097282752, 0.4790446716654207, 0.5856418501960874, 0.3782271690070839]",stable,0.14281073445923423,2300,"[0.2541506058760264, 0.4526337661088831, 0.725415494779312, 0.38702290606374423]"
"[0.2632322545537791, 0.478908532976985, 0.5863623329001246, 0.37827250785789146]",stable,0.18669649137442795,2301,"[0.2836721471532809, 0.3685612806151811, 0.7354269321991054, 0.3846771791279377]"
"[0.29871508028559973, 0.2994682177355997, 0.8309023079504, 0.3759479052318568]",stable,0.03055234408183057,2302,"[0.29894956860056404, 0.3198991410443687, 0.8092307495699975, 0.3691426371077694]"
"[0.2987158619133163, 0.29953632081329556, 0.8308300694224653, 0.37592522100477654]",stable,0.058977538703642744,2303,"[0.26339750623132935, 0.3369326300499337, 0.8046172158766937, 0.3638684308877511]"
"[0.2985985251834758, 0.29966056104331756, 0.8307429835302866, 0.3758851652236569]",stable,0.1009817394172048,2304,"[0.2118256966259932, 0.3390193245248858, 0.8104871630979412, 0.34926980507819694]"
"[0.2983111979365967, 0.2997908880747135, 0.8306759112771994, 0.37579703489204935]",stable,0.04344170522240643,2305,"[0.27464676847477765, 0.2713259806055991, 0.8378293807138681, 0.3542157131375681]"
"[0.29823309750933, 0.2996969444857065, 0.8306995200872214, 0.3757258094077111]",stable,0.054262209433384806,2306,"[0.30602245068915435, 0.3246543765501809, 0.8638200912633326, 0.40984131467068163]"
"[0.2982587203816321, 0.29977904130170807, 0.8308084693345112, 0.3758380314644972]",stable,0.13330978318590345,2307,"[0.2952629765218807, 0.3188031239349294, 0.9548341666323298, 0.42076279636709407]"
"[0.2982488982706165, 0.29984141534312847, 0.8312151109649959, 0.37598532577565325]",stable,0.18000786419828155,2308,"[0.36636984340984147, 0.3245538189928244, 0.9787015883022714, 0.4494659634638326]"
"[0.29847151573839176, 0.29992217483217976, 0.8316970929170785, 0.37622545857855577]",stable,0.0902170074901609,2309,"[0.2634172584325597, 0.38067064349487123, 0.8162755740558294, 0.3885611405564092]"
"[0.29835733248983853, 0.30018519916007125, 0.8316468599566185, 0.3762656399530765]",stable,0.12852085636702912,2310,"[0.2818462434490542, 0.41843806571492287, 0.8090941192772818, 0.41813003890269557]"
"[0.29830372505788794, 0.3005691370384961, 0.8315736367725948, 0.37640156332628955]",stable,0.1559607136424923,2311,"[0.31486994495114445, 0.43343534566954994, 0.7832861483590278, 0.44015259174970134]"
"[0.29835733742000203, 0.30099912476869367, 0.831417366583554, 0.3766078773341323]",stable,0.20214743055390683,2312,"[0.3564429751573223, 0.4641556385576669, 0.8032648258725232, 0.47699228263663795]"
"[0.50684409059509, 0.5115471254015266, 0.7695876109920304, 0.5525706470443706]",stable,0.13519507310668588,2313,"[0.40503599398493423, 0.5098153933676335, 0.8569663801242572, 0.5359944271484129]"
"[0.5064978045521983, 0.5115412351565133, 0.769884817689759, 0.5525142653440442]",stable,0.1550877699727656,2314,"[0.38149790865231153, 0.5085521274780321, 0.8480834006478857, 0.504521669261207]"
"[0.5060740760915207, 0.5115311025881116, 0.7701498976319899, 0.5523515785776617]",stable,0.17192575511338176,2315,"[0.38480323768885927, 0.5583147140624372, 0.8790552229517583, 0.524018332402243]"
"[0.5056643773131333, 0.511689155329579, 0.7705178210283405, 0.5522558581513934]",stable,0.17921227327698022,2316,"[0.3981887490142623, 0.567643168646209, 0.902449345183126, 0.5576641427984527]"
"[0.5053025065107801, 0.5118775526808135, 0.7709620349143836, 0.5522740678640098]",stable,0.07660944383118383,2317,"[0.5104691982997692, 0.519202647551987, 0.8444992873984702, 0.5717914360856966]"
"[0.5053198444026895, 0.5119021335360858, 0.7712088042180215, 0.5523395623882437]",stable,0.14826952114651887,2318,"[0.41661109497597754, 0.45273457723996785, 0.8591529709579424, 0.4986773550675087]"
"[0.5050231596219983, 0.5117042487324199, 0.7715029318659811, 0.552160090122957]",stable,0.18581486032168779,2319,"[0.42948804940423746, 0.4353661633401601, 0.9185925368377252, 0.5152988059801146]"
"[0.5047713759212723, 0.511449788447779, 0.7719932305492203, 0.5520372191758142]",stable,0.21717792649654716,2320,"[0.4190237037318046, 0.4043583233872393, 0.929604763681823, 0.4928459089503687]"
"[0.5044864999339318, 0.5110940028495713, 0.7725168569051426, 0.5518405703046333]",stable,0.23366718077596105,2321,"[0.38211709004919814, 0.36761527555799034, 0.8791492209158142, 0.46426504486212455]"
"[0.29862753017041876, 0.30121401557769145, 0.8315713403072065, 0.37689064239067427]",stable,0.20414419420432328,2322,"[0.4053623109181861, 0.41630688557189455, 0.9008081922750263, 0.48753614935838696]"
"[0.5041582741424889, 0.510780138222824, 0.7729416626514005, 0.5516276417584537]",stable,0.1508358890695291,2323,"[0.4367106644044521, 0.47096716473950095, 0.900923433841878, 0.5362043231341999]"
"[0.5039356747704161, 0.5106487422707338, 0.7733640447345373, 0.5515767397167894]",stable,0.1115604430114832,2324,"[0.45336380288225203, 0.5150508825430534, 0.8725165083697838, 0.5454425458227669]"
"[0.5037693199286788, 0.5106632229953137, 0.7736902041543902, 0.5515565614474012]",stable,0.10525729453766612,2325,"[0.4649466895122281, 0.5076051266655762, 0.8709027331750062, 0.5621524884568989]"
"[0.503642032615838, 0.5106531964499703, 0.7740089337577364, 0.5515913021916945]",stable,0.1339969770380805,2326,"[0.45184887263515705, 0.5344553510957618, 0.8951802716700945, 0.5564516249491274]"
"[0.5034727739230906, 0.5107309812690742, 0.7744049185221559, 0.5516071855993985]",stable,0.1887241559087939,2327,"[0.6098566707363907, 0.6085297926870504, 0.8214215876161106, 0.6635183058459788]"
"[0.6908030295331752, 0.6024553766583549, 0.7171773846116277, 0.6710955564893832]",stable,0.13619658274535723,2328,"[0.6000907091729115, 0.6335831197871008, 0.8138157657642964, 0.6675079413661874]"
"[0.6866797422440724, 0.6038702740732979, 0.7215700383003854, 0.6709324830746926]",stable,0.08033039638874528,2329,"[0.7079818269539571, 0.6566132737741265, 0.6672358475570721, 0.6872163852425847]"
"[0.6876059198401542, 0.6061634479733339, 0.719207682181111, 0.6716404788211225]",stable,0.11751473002265635,2330,"[0.7508568763300751, 0.6473970029454589, 0.6328842652109934, 0.6972742437098761]"
"[0.6902413763605675, 0.6078815127638391, 0.7156108731406894, 0.672708552358154]",stable,0.0811536635426874,2331,"[0.6392208978473749, 0.5905264955968844, 0.6771132336463671, 0.62580905330769]"
"[0.6882005572200397, 0.6071873120771609, 0.7140709675609165, 0.6708325723961355]",stable,0.08653242884961655,2332,"[0.6923547257672398, 0.6141398218409861, 0.6283917135746694, 0.6618141373523221]"
"[0.6883603329333935, 0.6074547162988465, 0.7107756116383684, 0.670485709509835]",stable,0.21614721611505164,2333,"[0.741578058676737, 0.5922892631111492, 0.5057280673875979, 0.6303234594815662]"
"[0.7430506845520868, 0.6245788505318045, 0.4717176842257349, 0.6404689550984455]",stable,0.02518721908070258,2334,"[0.7477688591716402, 0.6221083076839461, 0.44712903785118596, 0.6392732457763327]"
"[0.7430659044702144, 0.6245708810387469, 0.4716383660116235, 0.6404650979715999]",stable,0.053150051584617414,2335,"[0.77359647731559, 0.6246831203802461, 0.49188142257840534, 0.6789750728916774]"
"[0.7431640735147332, 0.6245712419369511, 0.4717034562256646, 0.6405889242575166]",stable,0.1522652483989977,2336,"[0.8593969833014905, 0.6658642024655216, 0.5120914124105572, 0.7202024969603236]"
"[0.9078219461564426, 0.6972637052888462, 0.3804140510211361, 0.7305247443219872]",stable,0.1343520921721429,2337,"[0.9129522821597175, 0.6149500661788817, 0.4864536917228691, 0.7284695704005454]"
"[0.9078343382723927, 0.6970648800736047, 0.38067018541896636, 0.7305197801337712]",stable,0.11784797255980842,2338,"[0.9229864238440942, 0.592507324607491, 0.4207771023537158, 0.6970875838519702]"
"[0.907870849321963, 0.6968129341568189, 0.38076682859230315, 0.7304392206246584]",stable,0.13937417933246674,2339,"[0.8463503255799822, 0.5949560300821353, 0.40944380263035063, 0.6637819683901653]"
"[0.7434947986816091, 0.6244763213861344, 0.4715039060538848, 0.640663260937429]",stable,0.15259889298563176,2340,"[0.876738808960714, 0.589554169615187, 0.422060636837263, 0.6838866609661363]"
"[0.9077960126864794, 0.6965551005882092, 0.38086609255443044, 0.7303273154331715]",stable,0.12958969970940176,2341,"[0.8096022968368659, 0.6397519562120091, 0.3981810673743705, 0.670118687526702]"
"[0.7437060047460028, 0.6245251253312649, 0.47126964778334324, 0.6407573677316438]",stable,0.13060581214650618,2342,"[0.8301587180285213, 0.6305889181727966, 0.3744782810346319, 0.6541165694978632]"
"[0.9076098321237505, 0.6963969083042395, 0.38085077406157725, 0.7301445558505929]",stable,0.09507673341588907,2343,"[0.892822251868315, 0.67273261357164, 0.3048732294881446, 0.6802614266120837]"
"[0.9075744551374935, 0.6963402951589462, 0.3806690096008753, 0.7300252182208358]",stable,0.09823440372362323,2344,"[0.921136886516885, 0.6675895116950836, 0.2898069005463288, 0.7104413442836169]"
"[0.9076068237088046, 0.6962716775373141, 0.3804521549253274, 0.7299784786648996]",stable,0.13253557243349504,2345,"[0.9013307042294738, 0.6518366119046575, 0.2706455223442121, 0.6708657332712639]"
"[0.9075918805671872, 0.6961658797619984, 0.380190710562039, 0.7298377340330101]",stable,0.28481857475054073,2346,"[0.7434252043447124, 0.5255599275893144, 0.45951858011166447, 0.5928281681736733]"
"[0.7437051104772089, 0.6242099495422778, 0.4712322240009494, 0.6406047269687204]",stable,0.24302172623508353,2347,"[0.6507956757541244, 0.43245918971910174, 0.5392188346644659, 0.5455423093714445]"
"[0.7434101598907864, 0.6236012169714106, 0.4714480545109923, 0.6403029415160306]",stable,0.2410521204058839,2348,"[0.5525341338640327, 0.5408258547384481, 0.5059644811039025, 0.5235582493760241]"
"[0.47671169229457744, 0.6194223887597945, 0.39667360938848606, 0.49363800971988586]",stable,0.23916438616151992,2349,"[0.6667653948035338, 0.5850358709275485, 0.4804600877701653, 0.6071130607329731]"
"[0.7431676131658268, 0.6234791747370946, 0.4714765736035846, 0.6401979102477299]",stable,0.07659858313201334,2350,"[0.7016605076697925, 0.6147083654484596, 0.41463238348861475, 0.6112788147264554]"
"[0.7430366759245144, 0.6234515065689915, 0.4712972543918655, 0.6401066828170634]",stable,0.05674344503019349,2351,"[0.7683001144893319, 0.6538605034752406, 0.43076409006915106, 0.6438393390991025]"
"[0.7431161206998755, 0.6235471323454262, 0.4711697916109764, 0.6401184207299001]",stable,0.1496893291971932,2352,"[0.8508875355814822, 0.6702286272172603, 0.4035727647371602, 0.7037084938881674]"
"[0.9074571909116391, 0.6961042710861202, 0.3802462498831201, 0.7297756693295782]",stable,0.10238992080338086,2353,"[0.851273349278793, 0.6456315422573748, 0.44004481894740083, 0.6950811942082817]"
"[0.9073240538461586, 0.6959846674633032, 0.3803879526534146, 0.7296934549335561]",stable,0.05849122339761965,2354,"[0.8884067913465366, 0.6513267366856755, 0.3908118878340643, 0.6987035987209037]"
"[0.9072793321854029, 0.6958790931588644, 0.3804125955261821, 0.7296201928621314]",stable,0.07207145071865673,2355,"[0.9417995177957718, 0.675854540903577, 0.42262212603078997, 0.7722819278909988]"
"[0.9073607477175027, 0.6958318654412812, 0.38051214630567415, 0.7297208101617277]",stable,0.06464281932250453,2356,"[0.9420557527532142, 0.6420350084119216, 0.37205428712808597, 0.7266690061987153]"
"[0.9074423830234691, 0.6957052846012122, 0.38049224546055044, 0.7297136294465207]",stable,0.031962842010710604,2357,"[0.9265962985474667, 0.673126534789703, 0.37000152533596514, 0.7238063764708894]"
"[0.9074873452664832, 0.6956522828410913, 0.3804676193569716, 0.7296997626554981]",stable,0.028628473120723325,2358,"[0.9187756714810724, 0.7146044948725856, 0.3667199360768323, 0.7416988471222087]"
"[0.9075137816276415, 0.6956966674125936, 0.38043542337739283, 0.7297278635558885]",stable,0.055257047960388044,2359,"[0.89796225753065, 0.6673745645088771, 0.3373587597874629, 0.7122816812287285]"
"[0.9074914649825551, 0.695630494274968, 0.38033477696713597, 0.7296871014476475]",stable,0.22347849304414436,2360,"[0.7340013362983906, 0.6345654506807251, 0.3282775819104218, 0.6139074789051027]"
"[0.7430875477080213, 0.6235816725282955, 0.4707218536495326, 0.6400362547680669]",stable,0.2803662762159408,2361,"[0.5350992259261149, 0.5917335236170451, 0.3580666105349296, 0.4929288163046912]"
"[0.4770721091688462, 0.6192514698391602, 0.396435294580748, 0.49363363198275506]",stable,0.11784863895851204,2362,"[0.45000078818824557, 0.5959141647563803, 0.297023121084275, 0.4414030352321969]"
"[0.47690602744503885, 0.6191082961883456, 0.39582540394580035, 0.49331319887385594]",stable,0.1732248173955589,2363,"[0.3570412243017591, 0.5840075661835218, 0.32192631852913706, 0.3987292136709862]"
"[0.20940566147478942, 0.61350657963339, 0.35713937477453866, 0.3531067507521286]",stable,0.08135936393304906,2364,"[0.27809061190430423, 0.595259710128973, 0.3243087041813995, 0.3752635218566688]"
"[0.20951662262249462, 0.6134771016535766, 0.3570863365344851, 0.35314254521271754]",stable,0.03556583870833343,2365,"[0.2240692953195659, 0.6415469873041723, 0.3467284950471679, 0.34057491855987654]"
"[0.20954009467523185, 0.6135223756626905, 0.35706963033853784, 0.3531222748471484]",stable,0.19284964852410783,2366,"[0.36653487478999003, 0.6330954767166576, 0.3851792667831054, 0.4597542025549231]"
"[0.47623303261177635, 0.6191935838744939, 0.39576048847529616, 0.49310857084752097]",stable,0.04854676098968389,2367,"[0.5174148465718663, 0.6368300126800147, 0.40236483305765175, 0.5106067196973662]"
"[0.47648261936304964, 0.6193004713218, 0.3958005148060983, 0.4932146202344897]",stable,0.1478217214795912,2368,"[0.6028120057489902, 0.6276513153504001, 0.3877461214166659, 0.5690930600423814]"
"[0.4772436397629649, 0.619350777611129, 0.3957519943639933, 0.493671719269477]",stable,0.2515271493491495,2369,"[0.699718398689674, 0.6555291068682711, 0.414357272165416, 0.6037437894340093]"
"[0.742952019117339, 0.623681508260608, 0.4705457143323947, 0.639922840813898]",stable,0.09977308592379566,2370,"[0.7772918711430921, 0.645104182107063, 0.37999606602067143, 0.629093553048854]"
"[0.7430589968495065, 0.6237482455623105, 0.47026362820058254, 0.6398891047149415]",stable,0.14603911764695598,2371,"[0.830435076021243, 0.6450118119786213, 0.3552147434849939, 0.6377773422675516]"
"[0.9073118463602675, 0.695512502008543, 0.38027622211053425, 0.7294728595847568]",stable,0.12223690975597108,2372,"[0.8662275390726689, 0.6318715506836755, 0.3161726231693032, 0.65809709536023]"
"[0.9072163014595988, 0.6953644997961597, 0.3801271439734616, 0.7293068694353975]",stable,0.12796231759709029,2373,"[0.8459877717537855, 0.654049311379317, 0.2987381024450002, 0.6637759530673035]"
"[0.907074239905757, 0.69526864089032, 0.37993830629010095, 0.7291548255459124]",stable,0.05843997704971517,2374,"[0.9081237875953356, 0.6474337386556182, 0.3526121444970958, 0.7096809359221737]"
"[0.9070766694142977, 0.6951579119499619, 0.3798750512859505, 0.7291097470977093]",stable,0.07919627490666276,2375,"[0.9232587171352088, 0.622635957349383, 0.3601633150862796, 0.7100780669943654]"
"[0.907114041348988, 0.6949904247568889, 0.3798295276457665, 0.729065794025877]",stable,0.08382815810465137,2376,"[0.9294577517836002, 0.6245235654128091, 0.351765281991354, 0.7012316684735431]"
"[0.9071655245527543, 0.6948280587215339, 0.3797648634852725, 0.729001660096033]",stable,0.07100119989334222,2377,"[0.9161022491909296, 0.6367445838931386, 0.34212713485377133, 0.715924325721]"
"[0.9071860687473249, 0.6946945334920432, 0.37967833997117706, 0.7289715972583892]",stable,0.06471606325526717,2378,"[0.9174749784538249, 0.6667281797637772, 0.32277690906597556, 0.7210711288926965]"
"[0.9072096671640829, 0.694630390478905, 0.3795478321021284, 0.7289534769181009]",stable,0.05436390348628635,2379,"[0.8944813984348545, 0.6697732999965329, 0.33565724879111863, 0.7131684546883641]"
"[0.9071805406910183, 0.6945735092649865, 0.3794473959847119, 0.7289173555857673]",stable,0.18671678676682527,2380,"[0.77221067236609, 0.6657110192803032, 0.4916713856098069, 0.6721808952679943]"
"[0.7431495300032847, 0.6238785647353476, 0.47033011191924473, 0.639989389778771]",stable,0.09336969909777783,2381,"[0.7177976234439051, 0.6573670137834011, 0.5503088878259101, 0.6635923711209951]"
"[0.7430710411284878, 0.6239822441441653, 0.47057772422855326, 0.6400624640244125]",stable,0.22050664284176874,2382,"[0.6787603802718197, 0.5994402307890511, 0.6791174440435591, 0.6599670684535951]"
"[0.6880047791311129, 0.6071578835021874, 0.7096030869126347, 0.6700961302114558]",stable,0.07984900771008752,2383,"[0.6586856434089272, 0.5754205664314249, 0.7749972886267036, 0.6548451171264428]"
"[0.6869576671410348, 0.6060244078925173, 0.7119385941167087, 0.6695514511727053]",stable,0.10132204877791492,2384,"[0.6521905223268832, 0.6326142029923223, 0.8030367908144629, 0.6767281192710402]"
"[0.6857588000784779, 0.6069412973787174, 0.7150799112442174, 0.6697989224864409]",stable,0.1328244183019157,2385,"[0.6302984652217328, 0.645446175482036, 0.8287032778976791, 0.6829739848165244]"
"[0.6839101222499196, 0.6082247933154947, 0.7188673567993329, 0.670238091230777]",stable,0.15009487194952115,2386,"[0.5903550530159734, 0.6128273551292216, 0.8283149624210856, 0.6280959786284077]"
"[0.6808922167907601, 0.6083732630514215, 0.7223979247226152, 0.6688786682436039]",stable,0.19578507040182203,2387,"[0.5458251554378617, 0.6050163107792841, 0.8613187726126688, 0.6409786391631531]"
"[0.5036107295632039, 0.5110380996062411, 0.7746880255387373, 0.5518982978259905]",stable,0.19973720068657067,2388,"[0.6089660799030484, 0.631231481097594, 0.680743047640369, 0.6262158036118095]"
"[0.6786445250130191, 0.6090875823653643, 0.7210962098137951, 0.6675454537238603]",stable,0.1378626974118405,2389,"[0.5629220738553709, 0.6544874522744001, 0.7085985442789235, 0.6092608262123498]"
"[0.675137784068848, 0.6104633359989714, 0.7207174926763747, 0.6657792528901781]",stable,0.12108212419370547,2390,"[0.5695312321530113, 0.607460994957847, 0.7164360733781812, 0.6067810123335866]"
"[0.6720317090124999, 0.6103750318507031, 0.720591568579369, 0.6640440105208667]",stable,0.12936042739674677,2391,"[0.5803471967229197, 0.6581604931829401, 0.7945149615570061, 0.6399618171317685]"
"[0.6694121515185119, 0.6117403307459098, 0.7227036655215873, 0.6633559478526068]",stable,0.2726992475004116,2392,"[0.4659640937237631, 0.6110587501860254, 0.6204480961908919, 0.5132989541614394]"
"[0.5034885002260627, 0.5113628419782534, 0.7741872465473482, 0.551772975281625]",stable,0.27409032184592075,2393,"[0.3894056275167363, 0.5807040454149488, 0.5533988873104525, 0.45928026953993756]"
"[0.26387929749205064, 0.4794305612458976, 0.5861932895894083, 0.3786879322767737]",stable,0.13887847383748841,2394,"[0.34945958450354453, 0.5644866602454277, 0.5200666371624009, 0.3975551215809645]"
"[0.2643159316094562, 0.4798645209346707, 0.5858559087096787, 0.37878419344669306]",stable,0.1636669136498569,2395,"[0.31182006094949316, 0.5667399541442802, 0.4615832537615619, 0.4180166118797149]"
"[0.2645570693218422, 0.48030551298142, 0.5852250830500436, 0.37898334277884044]",stable,0.16284073587936224,2396,"[0.2916878244497129, 0.5550957518622783, 0.4444985501765779, 0.3985662562873368]"
"[0.20967237765393473, 0.6134282909222712, 0.3572104176490661, 0.3531954535612228]",stable,0.08266278843082872,2397,"[0.2725612645672294, 0.6135325950146813, 0.3941648040333016, 0.3920861586408137]"
"[0.2097734851891651, 0.6134284586137382, 0.3572698298458253, 0.3532579788105469]",stable,0.07346644877940747,2398,"[0.2733207926162501, 0.6214623318079442, 0.3796619440646451, 0.38142016830880143]"
"[0.20987548728776398, 0.6134413540763292, 0.35730577224425036, 0.3533031829670449]",stable,0.08418250119151294,2399,"[0.23487710158690644, 0.6215478234123791, 0.4292396919643231, 0.3882518472892447]"
"[0.20991555397734593, 0.6134543452130856, 0.3574210509617504, 0.3533591904419202]",stable,0.03148940524477376,2400,"[0.211420875472769, 0.6356987486676641, 0.34862398347990836, 0.3737825782249218]"
"[0.20991796249173864, 0.6134899362586129, 0.35740697565377944, 0.35339186786237303]",stable,0.06952233924667219,2401,"[0.18112350760293328, 0.5921420346172861, 0.32473508727438366, 0.30358173006671474]"
"[0.20987196495996738, 0.6134558341793137, 0.3573547841387964, 0.3533122989521563]",stable,0.10436079759614526,2402,"[0.16665818474792643, 0.5813406199564051, 0.2962803399580045, 0.28802623184658593]"
"[0.2098030434604266, 0.6134046137419565, 0.35725737673180946, 0.353208174443216]",stable,0.14729196676331835,2403,"[0.15567029586664038, 0.5819325999661559, 0.24563906119241147, 0.2803011576615844]"
"[0.20971684481776134, 0.613354499070339, 0.3570796405605684, 0.3530920804674491]",stable,0.11018998834637743,2404,"[0.14446638657820654, 0.617522088404058, 0.27682461656567015, 0.31533001545470535]"
"[0.20961310800021038, 0.6133611248085483, 0.35695204910747635, 0.3530320453879376]",stable,0.14085184685198393,2405,"[0.14525933161032284, 0.6224800271117163, 0.24977964455456683, 0.2887766522360172]"
"[0.2095109591487979, 0.6133755992566486, 0.35678193417961457, 0.35293005270039485]",stable,0.09090358783430433,2406,"[0.161370370501814, 0.6526751381453112, 0.29359040469082914, 0.3327230526786838]"
"[0.20943466661528445, 0.6134378806178035, 0.35668178912495724, 0.35289802892856964]",stable,0.07596011371382502,2407,"[0.16914849251087968, 0.6615908612508429, 0.31446649086121053, 0.3461067035716271]"
"[0.20937092266891674, 0.6135140720428557, 0.35661499276694497, 0.3528872831605998]",stable,0.16257141990463903,2408,"[0.31637294407146876, 0.622531711645596, 0.45069500443177896, 0.4306540341967467]"
"[0.20953996219719884, 0.6135283179190053, 0.35676361837778986, 0.35301013742763954]",stable,0.307882408395041,2409,"[0.3890865337974202, 0.6012351089171191, 0.5833439524069826, 0.4581996581480649]"
"[0.26518600601111275, 0.4809162685164488, 0.5852155823902301, 0.3793834251796951]",stable,0.1777577078473775,2410,"[0.31164006322750765, 0.6199505772585276, 0.5173471970407303, 0.453566755719336]"
"[0.265419443484562, 0.4816149333844994, 0.5848745352276697, 0.37975620573517066]",stable,0.14089608341011214,2411,"[0.28113146573716474, 0.5684611755888597, 0.4750578728486861, 0.37806222935844364]"
"[0.26549800359582504, 0.4820491645955212, 0.5843254519157748, 0.379747735853287]",stable,0.17885130404449479,2412,"[0.23249433114737725, 0.5801536934583118, 0.4399730064531766, 0.358857080791528]"
"[0.20957616782645777, 0.6134756765555027, 0.3568948634693914, 0.35301935973578447]",stable,0.0307649030164097,2413,"[0.21084717778117723, 0.5891891243552054, 0.373936160081121, 0.3610581023810858]"
"[0.20957816941693763, 0.6134374300166046, 0.3569217001569689, 0.3530320191730212]",stable,0.03526939961318561,2414,"[0.19182449599185078, 0.6320393665756043, 0.33750774293799624, 0.33868615390302825]"
"[0.20955025483608059, 0.6134666783445275, 0.3568911750670019, 0.35300946278108725]",stable,0.04134242247743294,2415,"[0.18691163267389918, 0.5868491263225581, 0.3460291805841176, 0.33376857706571317]"
"[0.20951471539783542, 0.6134248925485747, 0.35687412327032547, 0.3529792573090066]",stable,0.05492256711117069,2416,"[0.17100446602628272, 0.6488565816247227, 0.3449470422976286, 0.34132639413707416]"
"[0.20945435450540353, 0.6134804281113899, 0.35685542878604226, 0.35296099263318853]",stable,0.11698217237471173,2417,"[0.18030673461409613, 0.6911659207721358, 0.2746608607524031, 0.34630801405218514]"
"[0.20940874007677865, 0.6136020016523301, 0.3567267987891195, 0.35295058108611344]",stable,0.08153283317692021,2418,"[0.18881651653705656, 0.6732694022447956, 0.30697262001856424, 0.3666577404180647]"
"[0.20937656472749783, 0.6136952319657558, 0.3566490578847905, 0.3529719985225696]",stable,0.08506968478729034,2419,"[0.20841121528591794, 0.6608144922256503, 0.30393991647201934, 0.40027359568750054]"
"[0.20937505872212875, 0.6137687409521208, 0.3565668283350046, 0.35304579196588465]",stable,0.06542525656994735,2420,"[0.19642836562911126, 0.6225483095504231, 0.29304083056211955, 0.35350852016446666]"
"[0.20935489253351033, 0.6137824162926165, 0.35646787818271036, 0.3530465127263186]",stable,0.04655335172315828,2421,"[0.21886590274327983, 0.603444810693848, 0.3147948281447446, 0.33777411761398424]"
"[0.20936968415125495, 0.6137663391454956, 0.3564030678405052, 0.35302276094542845]",stable,0.09241485478225762,2422,"[0.19321907151251802, 0.6093905478418056, 0.2692795141876015, 0.32713836516002526]"
"[0.209344605560201, 0.6137595444385023, 0.356267782819305, 0.352982567784271]",stable,0.0910206894851961,2423,"[0.20365764167539036, 0.6461447756994381, 0.2714340172779914, 0.3503646723718286]"
"[0.20933578856192997, 0.613809754099372, 0.35613625760141143, 0.35297850903169353]",stable,0.08359014980982658,2424,"[0.20623996900764122, 0.6522730212737061, 0.2823025170552586, 0.35982576262388016]"
"[0.20933099627159826, 0.6138692947606326, 0.3560219638853957, 0.35298910849545856]",stable,0.08790176192658768,2425,"[0.1514215337259008, 0.6304437962794049, 0.30248094992698044, 0.3178912507093207]"
"[0.20924149169270229, 0.613894912228204, 0.35593921115903027, 0.352934861420055]",stable,0.1036875858723661,2426,"[0.15317927655632657, 0.6616294908538511, 0.28849199268858655, 0.3249987517754719]"
"[0.20915497592860297, 0.6139685767013917, 0.35583512594534134, 0.3528917501397392]",stable,0.11196324776080024,2427,"[0.24863360989205938, 0.6313903847535033, 0.44586718439813516, 0.4035663528956944]"
"[0.2092158058730767, 0.6139954207815953, 0.35597385022647043, 0.35296983119175146]",stable,0.2336372447223414,2428,"[0.2926438817753703, 0.6152808013526947, 0.5570141257284504, 0.43786549477690634]"
"[0.2656330577161213, 0.48271200855948726, 0.5841895746710617, 0.38003687893250904]",stable,0.12929428043656507,2429,"[0.3207564370127467, 0.5430424324194977, 0.6463539947455919, 0.45861326751202025]"
"[0.2659059457324412, 0.4830106740241408, 0.584497319324896, 0.3804258709551799]",stable,0.12200192564014695,2430,"[0.3302579002313968, 0.47829123743775004, 0.6804477315060156, 0.4193429768682433]"
"[0.26622295043440647, 0.4829874255680502, 0.584969981453867, 0.38061758083652497]",stable,0.17922466605266332,2431,"[0.3716330205413953, 0.4391925980024386, 0.7075029487677248, 0.4444758852415732]"
"[0.2667396664643427, 0.4827727450407677, 0.5855706332544252, 0.38093061174047127]",stable,0.21545061688241013,2432,"[0.32137486835758483, 0.3805048951066958, 0.7618150822543568, 0.42467011443161284]"
"[0.29870067273693696, 0.30146897017424773, 0.8313470436575189, 0.3770442741335711]",stable,0.023221890042636553,2433,"[0.3147312171309692, 0.31395050893929494, 0.8420368633425117, 0.38053952358707627]"
"[0.29875205268691785, 0.301508975106187, 0.831381305900099, 0.37705547685617846]",stable,0.04464578212522616,2434,"[0.26171943582859564, 0.3098227653509891, 0.8537022784783965, 0.38443695537488964]"
"[0.29863373761708295, 0.3015355367363621, 0.8314526189115312, 0.37707905985464085]",stable,0.11532523145658555,2435,"[0.20341934357845048, 0.2670981086815451, 0.8735970934497547, 0.3414134602769329]"
"[0.29833050706281977, 0.3014258633986079, 0.831586836983309, 0.37696547514261]",stable,0.15805919776282543,2436,"[0.2318775888804463, 0.1863180821255264, 0.8841609558777545, 0.30949043994190867]"
"[0.2981195454177964, 0.3010604418707568, 0.8317537389480533, 0.37675126868165537]",stable,0.14775676845351496,2437,"[0.19803356209639789, 0.22067416992803868, 0.8659699700023311, 0.31208168246057294]"
"[0.2978028176224755, 0.30080605493422924, 0.8318620181602503, 0.37654661809234813]",stable,0.16780454254805133,2438,"[0.20247749195924664, 0.18545310944609117, 0.871509678275306, 0.3117916352603544]"
"[0.2975021068159669, 0.30044216551628555, 0.8319870896432631, 0.37634234369855635]",stable,0.16551726482431012,2439,"[0.19381108458856147, 0.20532142447483404, 0.8630440322787759, 0.2949074138329507]"
"[0.29717603441902535, 0.30014304368911116, 0.832084752984884, 0.3760862590134444]",stable,0.1794015516104397,2440,"[0.18626262813771116, 0.21794906829177407, 0.9127203762826133, 0.29469105220691283]"
"[0.2968283434902438, 0.29988538232422923, 0.8323375292334663, 0.3758311016253361]",stable,0.23419772294662863,2441,"[0.1171561320317775, 0.20715279941656822, 0.8776068383130539, 0.26666229845455597]"
"[0.2962668678294361, 0.29959559300264277, 0.83247899582434, 0.37548994911542743]",stable,0.2058570391213717,2442,"[0.1874120261295294, 0.17576715995594416, 0.8926149813522362, 0.267889175846393]"
"[0.2959277561730501, 0.29920983464424183, 0.8326663353431184, 0.3751547442142778]",stable,0.2347467928346078,2443,"[0.18950189784419982, 0.12904875840413013, 0.845821867263296, 0.2541103988783397]"
"[0.2955972410850723, 0.29868138409691225, 0.8327071910323115, 0.3747788300983277]",stable,0.17857504164844445,2444,"[0.43020336100409484, 0.2828627106925865, 0.7198123226954705, 0.40261327377920625]"
"[0.2960139782984439, 0.2986324098758462, 0.8323576713160984, 0.3748650048465657]",stable,0.4074402050557353,2445,"[0.604974967463493, 0.41809362304577147, 0.6550620303359564, 0.5324908342890283]"
"[0.503816935395116, 0.5110609998457858, 0.7738017280482822, 0.55171057353084]",stable,0.30300454129485305,2446,"[0.7068980288517178, 0.4991696290454184, 0.5526251072261341, 0.5905605314196095]"
"[0.7429593960288682, 0.62359702002349, 0.47083095689212606, 0.6399096802818051]",stable,0.11393152497107076,2447,"[0.7902506984228598, 0.5246520636629496, 0.496032889501363, 0.6220579771786278]"
"[0.743104907728542, 0.6232925740039191, 0.47090850130015444, 0.6398547519645644]",stable,0.1341544808240398,2448,"[0.8506158943324171, 0.543125609794811, 0.46921622147074865, 0.6368205266756983]"
"[0.7434346960310078, 0.6230466630707623, 0.47090331025773297, 0.639845444525028]",stable,0.1653142799555091,2449,"[0.8934834781283962, 0.560308675073228, 0.46235892884111457, 0.6682199499220822]"
"[0.7438935608080639, 0.6228548037802499, 0.47087718065095435, 0.6399322167127866]",stable,0.23988306870657183,2450,"[0.9607218784602332, 0.6179831343750004, 0.4905745926136685, 0.7405187273162911]"
"[0.9073027811882083, 0.6943986453953745, 0.3797011110455086, 0.728943842735837]",stable,0.12667210174984198,2451,"[0.9844236527853534, 0.684887328188725, 0.4629731057600259, 0.7843830190201115]"
"[0.9074784551553999, 0.6943769795247444, 0.3798907966826715, 0.7290701278754367]",stable,0.05835436722981017,2452,"[0.9476908680935365, 0.6608381955372492, 0.40454102570497547, 0.7365340543402691]"
"[0.9075698470029867, 0.6943007550156819, 0.3799468199304495, 0.7290870913446749]",stable,0.04082285089167818,2453,"[0.9340018201119217, 0.7229949898334807, 0.3704614516764139, 0.7217030118624992]"
"[0.9076297834499457, 0.6943658213077857, 0.3799253111588984, 0.7290703474002708]",stable,0.26970074885481815,2454,"[0.7784470903810883, 0.5303028868715353, 0.5248657616065507, 0.6389263231250849]"
"[0.743998906934811, 0.6225726333018697, 0.47104177998313607, 0.6399291499640436]",stable,0.2716739960020034,2455,"[0.6537308164979215, 0.4798081698873382, 0.6764631224950503, 0.5844421066193324]"
"[0.668976558879051, 0.6080755484998384, 0.7214192059930724, 0.661163896707238]",stable,0.22823466838934803,2456,"[0.5948900914810075, 0.41961457737752905, 0.7585940361581682, 0.5626613405520464]"
"[0.5041107197695865, 0.5107660113862108, 0.7737526709776689, 0.5517458985857471]",stable,0.16085588584937374,2457,"[0.5079971633908105, 0.36681622108241946, 0.7621912430044173, 0.4810048014562876]"
"[0.5041232163728702, 0.5103031503241408, 0.7737154959681086, 0.5515184352509257]",stable,0.20086936896205035,2458,"[0.4434400802605958, 0.355310074495542, 0.8364070350867813, 0.45817510261857497]"
"[0.2964689971316604, 0.29880734093948724, 0.8323701693524276, 0.3751221347779608]",stable,0.11210610655674531,2459,"[0.4024569013665181, 0.3036836002042062, 0.8280517566162263, 0.4110653774007129]"
"[0.29679511376007534, 0.29882234481414793, 0.8323568819286239, 0.37523272937064617]",stable,0.16042396927568403,2460,"[0.43141151180732124, 0.30993479168811094, 0.895580766001058, 0.43433881452454404]"
"[0.2972080474964166, 0.2988564320744975, 0.8325508202233246, 0.37541403638032067]",stable,0.28913147964223157,2461,"[0.5287972189523586, 0.3653030591337968, 0.7771160109899958, 0.5253316666382837]"
"[0.5042022997144711, 0.5098384064421204, 0.7737263950547172, 0.5514345033002441]",stable,0.16875968291900245,2462,"[0.6118741324765363, 0.45378982798166034, 0.657723579081423, 0.5344489050650395]"
"[0.5045462991801646, 0.5096593375013522, 0.7733557790292434, 0.5513802362132307]",stable,0.27031125050641674,2463,"[0.6894697983197706, 0.5167097062898286, 0.5891643750203741, 0.6213465895946589]"
"[0.6695304302152867, 0.6056062014130813, 0.7178447511019184, 0.6600877532717628]",stable,0.19981963512279763,2464,"[0.7746871075724789, 0.5745970894917285, 0.5525175212152872, 0.6840732035211404]"
"[0.7440921841403966, 0.6224268109802584, 0.47128942661302103, 0.6400633264186245]",stable,0.13891352394452997,2465,"[0.6170722345315501, 0.6164210351003581, 0.5105671232143792, 0.6002626638383901]"
"[0.7437072752021879, 0.6224086116594103, 0.47140844993605546, 0.6399427183501996]",stable,0.21966160478412816,2466,"[0.5665592583555115, 0.594000578537356, 0.44240542193645227, 0.5165668343022275]"
"[0.47777846382639333, 0.6191989800118849, 0.3960313562057446, 0.49380881576667907]",stable,0.016648268524510096,2467,"[0.4724983352360393, 0.6112851670101138, 0.38355844173457654, 0.48823359780668457]"
"[0.477747034489546, 0.6191518739821125, 0.3959571126672257, 0.4937756299454886]",stable,0.11994958482571558,2468,"[0.36626748707633205, 0.6403563705737978, 0.3833802052448558, 0.45700058225838336]"
"[0.4770873921971601, 0.6192773443761461, 0.3958826930966792, 0.4935580261130206]",stable,0.17001797029058022,2469,"[0.32878090812699357, 0.6339724416456487, 0.36586758941996494, 0.41743677630726655]"
"[0.20939975218423657, 0.6140261546598478, 0.35598907136369123, 0.35306901110731376]",stable,0.2377457622876972,2470,"[0.3756788506921698, 0.5992654130806541, 0.49651821919927225, 0.44745114925741575]"
"[0.4764908713647778, 0.6191596271332315, 0.3964746667796356, 0.49328680919034057]",stable,0.21441286628600023,2471,"[0.38020763634609117, 0.5501514419347187, 0.5719509603016855, 0.45939939750567904]"
"[0.2672931687564488, 0.48310142161098213, 0.5855041958253875, 0.38131338630517964]",stable,0.24194754625605377,2472,"[0.43223979256585354, 0.585676395142744, 0.6076360311679679, 0.5238608629665756]"
"[0.5043160236813929, 0.5099014300416114, 0.772828009131596, 0.5512925948971585]",stable,0.13319965431539885,2473,"[0.45108951549732706, 0.5553562169706767, 0.6613168244182274, 0.5310885169590893]"
"[0.5041470506395388, 0.5100457309524972, 0.7724740053706012, 0.5512284549671964]",stable,0.07220014818164466,2474,"[0.46567523644006703, 0.5049699005425288, 0.7335016169458192, 0.5044505777625826]"
"[0.5040253043920722, 0.5100296681980352, 0.7723506750274848, 0.5510804237102198]",stable,0.1271781932834419,2475,"[0.4256184980975491, 0.5356770779337688, 0.6862833529975826, 0.5067939469257413]"
"[0.5037779643091241, 0.510110574853353, 0.7720791692797563, 0.5509407187361363]",stable,0.2694916388516942,2476,"[0.3803841261392653, 0.5529931316964786, 0.5671900725053742, 0.4344021051599628]"
"[0.2678421539864625, 0.48344070175702825, 0.5854152923141253, 0.38157109853263]",stable,0.1406755287767994,2477,"[0.2992110975540417, 0.5604775647670404, 0.4748716484883197, 0.4070861592493168]"
"[0.26799369477664403, 0.48381286051553074, 0.5848812650492663, 0.3816943596955126]",stable,0.1643920899318146,2478,"[0.32107832911628753, 0.5774407700283906, 0.46604471631722727, 0.41800510293887805]"
"[0.2682489093648154, 0.484262994695881, 0.5843099354880545, 0.3818689305764903]",stable,0.14849553869377977,2479,"[0.2924359445108056, 0.5715034592547101, 0.4688934230691693, 0.40497828685102705]"
"[0.26836463680570527, 0.4846804131865931, 0.5837577033712178, 0.38197950165914357]",stable,0.18683874593194552,2480,"[0.2921312449826664, 0.5854103698821681, 0.42865509320307404, 0.39383367646472633]"
"[0.20952683589053217, 0.613982198001203, 0.35610069351705437, 0.3531316296408889]",stable,0.08045817123561981,2481,"[0.26846764600361644, 0.5927820137070791, 0.4033772277771525, 0.3708792975452252]"
"[0.20961723590604303, 0.61394968238112, 0.3561732035389257, 0.3531588499904354]",stable,0.0734319441660479,2482,"[0.2148854758896183, 0.5845402915483804, 0.42298696215556075, 0.3472002040162038]"
"[0.20962530365486934, 0.6139046450291556, 0.35627552169913496, 0.3531497249583156]",stable,0.09935497782571176,2483,"[0.24735414588430835, 0.5663263636994015, 0.43472386671125873, 0.3476624311499491]"
"[0.20968299301607643, 0.6138318953635138, 0.3563954732970129, 0.35314133460081043]",stable,0.22684096544012516,2484,"[0.32386011854237967, 0.5359663036840175, 0.5169760349797136, 0.4342045226113321]"
"[0.26862890100445136, 0.48492463171277134, 0.5834396954264963, 0.3822281922351064]",stable,0.2554713556899999,2485,"[0.43351248384810875, 0.5998607236507147, 0.663262705743746, 0.5182318667466801]"
"[0.5035570036787437, 0.5103928080256718, 0.7717369791428506, 0.5508378607110122]",stable,0.14614583066512954,2486,"[0.4077592283960939, 0.5346929056440414, 0.6771138088190846, 0.49948271525008553]"
"[0.5032566971731554, 0.5104689838802748, 0.7714403547844689, 0.5506768727942067]",stable,0.11431428635407848,2487,"[0.4194545117857186, 0.5561344644924565, 0.7164230568966545, 0.5201365616871816]"
"[0.5029948153438196, 0.5106116885071879, 0.7712684257285695, 0.5505814343219974]",stable,0.12472003704796406,2488,"[0.38294128025650875, 0.5103956528848062, 0.7777969603443836, 0.5174217009294424]"
"[0.5026208167921458, 0.5106110154990184, 0.7712887638426373, 0.5504781329718648]",stable,0.14509790779140358,2489,"[0.38982321143312026, 0.5015562808916495, 0.8489053754087729, 0.5033211985836548]"
"[0.5022705136699128, 0.5105828952052068, 0.771529809220172, 0.5503316828650691]",stable,0.16649537017074856,2490,"[0.4232341560156373, 0.4641415219693196, 0.9073499327481518, 0.5208349821368629]"
"[0.502025819064172, 0.5104391138639192, 0.7719503049586487, 0.550240361810183]",stable,0.21013873603336808,2491,"[0.35544110647121524, 0.4070890119502491, 0.846369497659216, 0.4699175717193771]"
"[0.29738613024557503, 0.29918741855729797, 0.832593079175728, 0.37570303801744315]",stable,0.2928357622343774,2492,"[0.47616808448029746, 0.46863720633362477, 0.731584766300826, 0.497661582761656]"
"[0.5019460112413823, 0.510310095630801, 0.7718257199627911, 0.5500780816279345]",stable,0.19348902326522996,2493,"[0.6242024104480521, 0.4903623956547952, 0.625008265714577, 0.5732750506302176]"
"[0.6683375875898332, 0.6025734696826002, 0.7154016856969884, 0.6578032084654064]",stable,0.16244790835557543,2494,"[0.6769918184510005, 0.5208616939039966, 0.5910888107611483, 0.5931199645640957]"
"[0.6685594909452478, 0.6004782959446872, 0.7122141760832489, 0.6561446637499881]",stable,0.21853684828847628,2495,"[0.7812003016694231, 0.5523936726315651, 0.5312223072860535, 0.6566075345688631]"
"[0.7438205471854726, 0.6221970861638578, 0.4715891564537291, 0.6399930652269931]",stable,0.16862544252651068,2496,"[0.6113401237730867, 0.5587172040703229, 0.4656207905161661, 0.5574209121900113]"
"[0.7434215097655559, 0.6220058816997207, 0.4715711794478931, 0.6397443539226648]",stable,0.2713574776311738,2497,"[0.5260693399137877, 0.5634071725424576, 0.4226596647605717, 0.49633316208891864]"
"[0.47678080392939187, 0.6188335893870865, 0.396627795422799, 0.493304624119572]",stable,0.10811873075672208,2498,"[0.3897350106988842, 0.6060789926298034, 0.43073938738937473, 0.44051817343020266]"
"[0.4762747237361913, 0.6187594347547768, 0.39682611863190703, 0.4929977261504478]",stable,0.14760438958767186,2499,"[0.3509822997940717, 0.6153203679437094, 0.3940716380608449, 0.41509105131118873]"
"[0.47555049007178596, 0.6187395557558689, 0.3968101967788951, 0.4925473985502209]",stable,0.03620706624726229,2500,"[0.4766615242781877, 0.6287062868789328, 0.42938341120056633, 0.5047689869161505]"
"[0.47555687532584573, 0.6187968358197946, 0.39699739916062887, 0.49261763756381816]",stable,0.09787233449281951,2501,"[0.5677772930594586, 0.6196898353434044, 0.3811133234931419, 0.5212757446916917]"
"[0.4760838491414664, 0.6188019386742153, 0.3969066330139575, 0.49278139817597744]",stable,0.22294953538915485,2502,"[0.6701887126577141, 0.6620289191986967, 0.4092359583702074, 0.5928274534733989]"
"[0.7432015914559227, 0.6221260710015194, 0.4713839865918039, 0.6396034623297241]",stable,0.2896814780426438,2503,"[0.4939939579522397, 0.5745530757723966, 0.5601728374221783, 0.5316022391069468]"
"[0.4761856111233458, 0.618550524680455, 0.39783428190264053, 0.49300197113581246]",stable,0.2592679457232683,2504,"[0.4483029002964187, 0.5037654395060198, 0.6286152961088594, 0.495634426254562]"
"[0.5017809555153978, 0.5102899582273401, 0.771385072504779, 0.5499105626883241]",stable,0.12142668291478843,2505,"[0.4126757602013378, 0.4890445562932041, 0.7051772909143508, 0.5055273896915344]"
"[0.501507626695416, 0.510224788282757, 0.7711819811502071, 0.5497744179858799]",stable,0.13814831638959602,2506,"[0.5141881702078908, 0.5161677397630918, 0.6351461250125663, 0.5302017761072361]"
"[0.5015464051159435, 0.5102429624463054, 0.7707659693577372, 0.5497145628119392]",stable,0.2851596278630358,2507,"[0.6830679591688484, 0.5603175148059704, 0.5657300886665698, 0.6115107246052084]"
"[0.7430215506406919, 0.6219410154440477, 0.47166645995130924, 0.639519352336537]",stable,0.026266970632453614,2508,"[0.7203921091922334, 0.6207113734239733, 0.47896649002016667, 0.6284261261406454]"
"[0.7429540000692039, 0.6219373448708534, 0.4716882510858431, 0.6394862382284896]",stable,0.09122849079582067,2509,"[0.7913781641671697, 0.6684634534309285, 0.41598864091997056, 0.6661435545585771]"
"[0.7430981196052097, 0.622075815432044, 0.47152247843653994, 0.639565575479472]",stable,0.13436063990102395,2510,"[0.846229346177349, 0.6686818128322973, 0.4261433446157409, 0.6960044528632425]"
"[0.9074908684334918, 0.6943077126913253, 0.38002987684545236, 0.7289955376841237]",stable,0.08451531899419705,2511,"[0.8674220743250489, 0.7267767438076244, 0.44176693734296035, 0.7549113294505726]"
"[0.9074004196883261, 0.6943810062152899, 0.3801692381558304, 0.7290540383427387]",stable,0.06378982416282508,2512,"[0.9064811238282656, 0.7129138421196045, 0.43905449781489586, 0.7450963807550551]"
"[0.9073983492021548, 0.6944227468366959, 0.38030186261452203, 0.7290901697445682]",stable,0.08370020532533692,2513,"[0.9489342729213198, 0.735027916818887, 0.4300722736340646, 0.7630698367523896]"
"[0.9074916883565798, 0.6945139944096895, 0.3804137062347907, 0.729166528546833]",stable,0.08798196412532239,2514,"[0.9318079292407444, 0.6991526353461183, 0.45641615600740915, 0.7659314177678859]"
"[0.907546209076051, 0.6945243949499058, 0.38058411531499836, 0.7292489610338757]",stable,0.09331950230136486,2515,"[0.9871534369039728, 0.6592952933678926, 0.38097497936769, 0.7628640828445177]"
"[0.9077243013083282, 0.6944455826421161, 0.3805849897312236, 0.7293241626486647]",stable,0.07810790812374367,2516,"[0.9563143381097755, 0.6346382881763856, 0.3932806887342468, 0.7279973655220445]"
"[0.9078327612119029, 0.6943120842169694, 0.38061332834506967, 0.7293212010479356]",stable,0.05835432730382851,2517,"[0.9305914353616307, 0.6441926793298538, 0.39073144313888314, 0.7128003271966697]"
"[0.9078834486821695, 0.6942004597071987, 0.38063586312189335, 0.7292844062286677]",stable,0.29671990657787006,2518,"[0.8187940293433141, 0.48784901579270956, 0.5381045568027653, 0.6164638831564416]"
"[0.7433227365480527, 0.6216775163233219, 0.47172005136937745, 0.6394970244636766]",stable,0.3170162328422031,2519,"[0.6850627512839043, 0.41461169244952956, 0.6914040275896746, 0.5622457385326924]"
"[0.6689720724537143, 0.5958316308573083, 0.7116939223709096, 0.6537971906195558]",stable,0.31801418330925935,2520,"[0.5882891291352261, 0.3220510703110498, 0.7732710347389086, 0.527798193231814]"
"[0.5018108646403926, 0.5096692066776004, 0.7707736067521921, 0.5496477446119997]",stable,0.15057455270284803,2521,"[0.5103093211500229, 0.36830836567132563, 0.8046525601086084, 0.5113097568180485]"
"[0.501836695815194, 0.509239538467855, 0.7708765822943089, 0.5495312157737202]",stable,0.22331496806516637,2522,"[0.46742405032083884, 0.3204221403781388, 0.8385257469440951, 0.45756967221967865]"
"[0.2979045385384874, 0.2992521585628493, 0.8326111665774607, 0.3759526314144012]",stable,0.12494800627766424,2523,"[0.40794939173741235, 0.306978305859488, 0.8575763881573176, 0.4290485720936054]"
"[0.29823902137495834, 0.2992756422932342, 0.8326870487099223, 0.37611401725233196]",stable,0.11802515346422239,2524,"[0.37538175815215874, 0.2837914659653784, 0.9034362778748267, 0.4283990234089398]"
"[0.2984727872439802, 0.2992287205467862, 0.8329014403134524, 0.37627245666492776]",stable,0.08449875853420312,2525,"[0.25285021972872046, 0.29092890132384647, 0.9034044402762658, 0.380638407219754]"
"[0.29833495471372257, 0.29920364556423956, 0.8331144403133401, 0.3762856468478728]",stable,0.04331438735554617,2526,"[0.27860002553966234, 0.29305718688974075, 0.8711128184777432, 0.37404666825958377]"
"[0.29827551215596937, 0.2991851321344971, 0.8332288932596185, 0.3762789029364623]",stable,0.09152312451087613,2527,"[0.2956354188935546, 0.26024389032660983, 0.9149133535219652, 0.38972289289137646]"
"[0.29826758394797415, 0.29906819146840735, 0.8334741919390849, 0.37631927527866926]",stable,0.08500725320391973,2528,"[0.26593432683523033, 0.2724244092658097, 0.9074257456331674, 0.3748804709388432]"
"[0.29817077778895396, 0.29898841966540557, 0.8336956037764924, 0.37631496748124466]",stable,0.20907317611963377,2529,"[0.43800812177766735, 0.38610201420878126, 0.7242209969981791, 0.44401756946521326]"
"[0.5016432758938681, 0.5088663944549486, 0.7707352017328054, 0.5492114774515732]",stable,0.18598212269289682,2530,"[0.5774634347628684, 0.39860967869225594, 0.6416765443002581, 0.5439225227941308]"
"[0.5018723398179437, 0.5085332925946384, 0.7703452964233415, 0.549195498736596]",stable,0.23828412318971556,2531,"[0.6792139473247417, 0.46341525785607635, 0.6192588970668954, 0.5707950469270265]"
"[0.6692218742798368, 0.5926019632231319, 0.7094394095586166, 0.6517727480904697]",stable,0.19015020498568588,2532,"[0.7428849781654288, 0.5361825608227683, 0.5473410145179024, 0.6161103177183084]"
"[0.7433214414049089, 0.6214245726679949, 0.4719437820295802, 0.6394278330236015]",stable,0.07544858150068509,2533,"[0.7906335620597273, 0.5748665119491061, 0.5067531115369431, 0.6480712843570398]"
"[0.7434610051826517, 0.6212872332558447, 0.4720464644175075, 0.6394533299301899]",stable,0.11952892640314994,2534,"[0.8483028712871086, 0.5726453063511358, 0.48752271202002895, 0.6657172988984774]"
"[0.7437693636123707, 0.6211441687649485, 0.47209198279280906, 0.6395305768977437]",stable,0.1689752396221772,2535,"[0.8851277604914319, 0.532703138074913, 0.47843520977873255, 0.6661460385515129]"
"[0.7441839043656816, 0.6208848109036873, 0.4721105846314774, 0.6396086281049396]",stable,0.20557911967949946,2536,"[0.9363308899116667, 0.58302682412674, 0.4501086867952419, 0.6981321252884581]"
"[0.9079466652182351, 0.6939534071836866, 0.3807902471745007, 0.7292151789376895]",stable,0.09278550608869493,2537,"[0.9506705900055347, 0.6179060329464026, 0.4124053478016683, 0.7302633558564142]"
"[0.9080413967587835, 0.693784787728615, 0.38086034717589135, 0.729217503055026]",stable,0.06958397223889547,2538,"[0.9566046587504907, 0.6467747583487534, 0.3973834646308197, 0.7284542832024443]"
"[0.9081488376038979, 0.6936807832388364, 0.3808969027454819, 0.7292158145155291]",stable,0.029616088760417457,2539,"[0.9189869285548591, 0.6890802211615651, 0.3948926934995189, 0.7059220134571788]"
"[0.9081727627494851, 0.6936706274726615, 0.3809277985308109, 0.7291643933211398]",stable,0.0538815238407619,2540,"[0.9528795275083156, 0.7052290983910544, 0.35322916372731666, 0.7272379519769748]"
"[0.9082712357996147, 0.6936960866597064, 0.3808667883219926, 0.7291601500582672]",stable,0.06657320117591307,2541,"[0.9175290945729412, 0.647930552054147, 0.34359498560017787, 0.6997898975929716]"
"[0.9082915827419737, 0.6935955030671668, 0.3807848722720546, 0.7290956000528489]",stable,0.11704059336157019,2542,"[0.915088912554328, 0.605527471399655, 0.32822767731812635, 0.6731129254236796]"
"[0.9083064891670007, 0.6934023714187731, 0.3806696152655767, 0.7289728310295392]",stable,0.11113622420564424,2543,"[0.8889730305853479, 0.6158546424773362, 0.3270362880526953, 0.6734094108858857]"
"[0.9082641840059906, 0.6932326827339997, 0.38055225568743034, 0.7288512480532949]",stable,0.18312944191623642,2544,"[0.8521219600966008, 0.5634356047294763, 0.32688861514599354, 0.6256166830259395]"
"[0.9081416027310794, 0.6929492830003655, 0.3804350861665975, 0.7286258450728859]",stable,0.34420447500879425,2545,"[0.6404349935563597, 0.6000025634720377, 0.31461030729718287, 0.5446750423131028]"
"[0.47711357373596164, 0.6184457339391646, 0.39736408995571704, 0.4932939093910514]",stable,0.1233981665828201,2546,"[0.5376291548904037, 0.5681139194886539, 0.30293688769564414, 0.48256153402507596]"
"[0.4774535489109866, 0.6181629709366336, 0.3968336000553796, 0.49323361514742237]",stable,0.11988222720112167,2547,"[0.44780397655154164, 0.5846940047188431, 0.2970908193390051, 0.44400093034473237]"
"[0.47728790884193945, 0.6179759934717298, 0.39627637781674063, 0.4929585722155637]",stable,0.1751890645802163,2548,"[0.36675784230217834, 0.5964927556012192, 0.30838049803270945, 0.39153324230829956]"
"[0.2099228019462842, 0.613805423394411, 0.35632216799126587, 0.3531999482003638]",stable,0.12197718891908559,2549,"[0.29832815225241477, 0.6038282109599611, 0.27651381219446264, 0.37757227330285165]"
"[0.21005756619979968, 0.6137902142291147, 0.3562005089123073, 0.3532371011349713]",stable,0.0521284405935154,2550,"[0.25241410777992757, 0.5925248859856243, 0.3399325514434298, 0.36760501951481883]"
"[0.21012203582168726, 0.6137578469106315, 0.35617574794203505, 0.3532589701127184]",stable,0.13220346255025076,2551,"[0.2894552180631129, 0.5962628965064752, 0.437236100880803, 0.41888783264684115]"
"[0.21024260296795083, 0.6137312588401084, 0.35629893996777784, 0.35335871002538427]",stable,0.2211578992425413,2552,"[0.32272604139835426, 0.5562018860471284, 0.5120307948081547, 0.4466124130632252]"
"[0.26888528555608127, 0.4852624386053513, 0.5831012646178786, 0.38253333072244344]",stable,0.16820197076563842,2553,"[0.3817612429299456, 0.5353512670923194, 0.6476655082289875, 0.4767325288300001]"
"[0.26941771931727876, 0.4854987066642521, 0.5834058129367988, 0.3829776665625734]",stable,0.2560080275238104,2554,"[0.4474406610195311, 0.5493745713485184, 0.6970527642108387, 0.5127936392364391]"
"[0.5017083889781894, 0.5086563084944995, 0.7701245357841472, 0.549085854581475]",stable,0.07162092760575298,2555,"[0.4628064234532293, 0.5593519880038841, 0.7400307405322005, 0.5372323354492086]"
"[0.5015915662588952, 0.5088085477723054, 0.7700341640266338, 0.5490502584279245]",stable,0.1257896283467362,2556,"[0.40493598273046816, 0.5872214060849811, 0.7702156218932694, 0.5308261124488074]"
"[0.5013021782842593, 0.5090433168091698, 0.7700347073136597, 0.5489956951166098]",stable,0.10559841610059083,2557,"[0.4306572896449542, 0.5831197525757329, 0.7959766031540856, 0.5488379091208542]"
"[0.5010912980196643, 0.5092644404980252, 0.7701121458087058, 0.5489952241136374]",stable,0.12210462852785917,2558,"[0.40282287068588535, 0.5344956100308542, 0.8292569907629149, 0.515556744832718]"
"[0.5007988324621233, 0.509339533264492, 0.7702881721329743, 0.5488957048300632]",stable,0.09109167183489596,2559,"[0.4313441926592334, 0.4962055450713977, 0.822363191980504, 0.5246173945603957]"
"[0.5005927356081088, 0.5093005600057589, 0.770442697414421, 0.548823662366355]",stable,0.11873973781704034,2560,"[0.4032048542587092, 0.5110895612814361, 0.8289551576681166, 0.5143589358676569]"
"[0.5003046057816313, 0.5093058529089413, 0.7706158112021538, 0.5487216957199093]",stable,0.08659233910920844,2561,"[0.42611632622505496, 0.5100515542989227, 0.8126619649350861, 0.5336918169930853]"
"[0.5000857612991635, 0.5093080526180562, 0.7707398411541685, 0.5486773597944614]",stable,0.12650791266279593,2562,"[0.4357791022317734, 0.5581282129753578, 0.8676219524668192, 0.5586450082723419]"
"[0.49989662406661234, 0.5094516413249895, 0.7710247885403821, 0.5487066764076316]",stable,0.16273665130474335,2563,"[0.5878890721468364, 0.6160297126775698, 0.7381249192274675, 0.6280745544483614]"
"[0.6672853789909559, 0.5931597667815709, 0.7101223978840654, 0.6512085053847052]",stable,0.05856101830387269,2564,"[0.6931758549608645, 0.6273935829772275, 0.7348966560204278, 0.6824071925576133]"
"[0.6678874830832793, 0.5939559020419349, 0.7106985434221204, 0.6519340562491914]",stable,0.06817512622612258,2565,"[0.615717017667666, 0.5949856082241793, 0.7445377299872398, 0.6240066587324995]"
"[0.6667017906874699, 0.5939793044551677, 0.7114676158440548, 0.6512993426692666]",stable,0.15561488705134535,2566,"[0.5322852535382605, 0.6164298569520195, 0.6773163536529917, 0.5843825914319154]"
"[0.499991605384711, 0.5097653604324002, 0.770749983745991, 0.5488112978593156]",stable,0.250802527596744,2567,"[0.6533739894785753, 0.6253014803165244, 0.632344080408073, 0.6317025701497924]"
"[0.6664056173272722, 0.5946753528076423, 0.7097093150565885, 0.6508638588355005]",stable,0.19291834352967474,2568,"[0.6973681350200955, 0.6256344769873307, 0.5227445723065866, 0.6323024104327647]"
"[0.7440470161512208, 0.6208986988162126, 0.47225863722701866, 0.6395872648953719]",stable,0.0332334930339352,2569,"[0.7245486670322513, 0.6431029961629123, 0.45739477241993937, 0.6363757009138181]"
"[0.7439901696523317, 0.6209634343769902, 0.4722153023441992, 0.6395779017350758]",stable,0.02380231284816721,2570,"[0.7607562909198423, 0.6159761417957748, 0.4584104236464597, 0.6312113306683123]"
"[0.7440389083769465, 0.6209489364334402, 0.47217517188286856, 0.6395535803075562]",stable,0.07913567411326823,2571,"[0.8015768315656248, 0.6395119948924485, 0.4378154233959698, 0.6773247711421017]"
"[0.7442056849658992, 0.621002742399988, 0.47207557840899345, 0.63966306202012]",stable,0.1160570471738686,2572,"[0.8263052831173574, 0.6545524770999875, 0.42657548049960453, 0.6991025318518935]"
"[0.9079633100957553, 0.6928656298284692, 0.3805356099015278, 0.7285615241290493]",stable,0.04986422860487837,2573,"[0.8798220690257517, 0.6639511548840483, 0.4065271413208512, 0.7150372763286615]"
"[0.9079021334847335, 0.6928027722742421, 0.38059211323070025, 0.7285321235903528]",stable,0.07475169456285388,2574,"[0.8933096230494172, 0.7334642650711833, 0.4369223727449435, 0.7519504784812432]"
"[0.9078704794490821, 0.6928909750785739, 0.38071430468300876, 0.7285829226248233]",stable,0.055911525329912504,2575,"[0.8563162319072896, 0.7087728342520074, 0.3853071949453874, 0.714621184432535]"
"[0.9077588901686885, 0.6929253513971311, 0.380724246003923, 0.7285527024122859]",stable,0.06673987867572351,2576,"[0.9424808781129893, 0.7272414658020792, 0.3744068436360211, 0.7736203147110827]"
"[0.9078338836631685, 0.6929994682748956, 0.38071060150636815, 0.7286500406677908]",stable,0.06830378418345116,2577,"[0.920996242721794, 0.7358718378258264, 0.40440999413061957, 0.7743934331537148]"
"[0.9078622508163122, 0.6930918656230657, 0.38076167778357556, 0.7287486255653898]",stable,0.03347811153237842,2578,"[0.9363007215173536, 0.7015023431130544, 0.38747508096751543, 0.7427568882000152]"
"[0.9079234088178197, 0.6931099526714313, 0.38077611520977755, 0.7287787508613782]",stable,0.10232529476048458,2579,"[0.9643227487507646, 0.7551745560214214, 0.3400556705271879, 0.7709618137991111]"
"[0.9080444374442853, 0.6932431385155299, 0.3806887322812742, 0.7288692724556651]",stable,0.03525219247192446,2580,"[0.9109891714055263, 0.7246446499986824, 0.3732550535597164, 0.7427520356249057]"
"[0.9080507430844592, 0.6933103794394768, 0.38067281433968625, 0.7288989999999247]",stable,0.02926266818921568,2581,"[0.9165001524838532, 0.7004483320596863, 0.4049393794867694, 0.7409445252565328]"
"[0.9080687973780477, 0.69332563147499, 0.3807246659746159, 0.7289247383017551]",stable,0.05402931223766172,2582,"[0.8961665568497003, 0.6747072259281698, 0.3316026552758341, 0.7246955195697663]"
"[0.9080434194664735, 0.6932859333821397, 0.38061992821193197, 0.7289157207778062]",stable,0.05381404074401661,2583,"[0.8877846977176236, 0.7135213092239179, 0.3350878840690866, 0.7306179825136492]"
"[0.9080003158031781, 0.6933289873732923, 0.38052305152226634, 0.7289193426112868]",stable,0.07224928167820334,2584,"[0.9370017306086622, 0.6827392239291233, 0.3153012012006557, 0.725335518798852]"
"[0.9080618899322767, 0.6933065037991009, 0.38038457625619077, 0.7289117336435321]",stable,0.21447187567250764,2585,"[0.784046159656616, 0.5914234744994068, 0.5027143303291123, 0.6562924269279322]"
"[0.7443208308465082, 0.6209172531864026, 0.47216412971512095, 0.6397111237684086]",stable,0.17044890426036538,2586,"[0.6694195287475598, 0.509612828292093, 0.5603897548259058, 0.5825255663242469]"
"[0.7441049769499694, 0.6205964911550069, 0.472418382237054, 0.6395463238910478]",stable,0.2994238530559498,2587,"[0.5734144941349225, 0.45813132154715136, 0.6216045382531544, 0.5306061459369629]"
"[0.5002062921939221, 0.5096143837105135, 0.7703138859521523, 0.548758066420946]",stable,0.11988271909048547,2588,"[0.5335312376672016, 0.4011993400395132, 0.7533714571773898, 0.5138231732801564]"
"[0.5003034494693545, 0.5092983048659916, 0.7702644911160743, 0.5486562154205356]",stable,0.21836344619329293,2589,"[0.48100672949827783, 0.31888275291682383, 0.7900336844968199, 0.44540250943020576]"
"[0.29871655674928027, 0.2990478057348128, 0.8335652696890905, 0.37652119894974906]",stable,0.13865976390577053,2590,"[0.41974486644214426, 0.3212780062426249, 0.853981002763093, 0.4370826917296152]"
"[0.2990767600519376, 0.299113967045848, 0.8336260307994298, 0.3767014414877844]",stable,0.15636385275624423,2591,"[0.3492275525258706, 0.38717342583589387, 0.7165256373229986, 0.39832508660793303]"
"[0.29922557545987216, 0.29937527107786593, 0.8332785518870368, 0.3767656066068353]",stable,0.29834606954980275,2592,"[0.2570522541194859, 0.39785156286349943, 0.5637788775066367, 0.306736086774515]"
"[0.2693596654900591, 0.4850872177262203, 0.5833136677000375, 0.38261972487342766]",stable,0.11963631961720636,2593,"[0.32042414029828814, 0.4219819741378395, 0.6670256117492835, 0.40936494948002067]"
"[0.26959828453121903, 0.4847923334103868, 0.5837048450086788, 0.3827447025585052]",stable,0.24353628748597858,2594,"[0.4031071937020993, 0.5059585902222512, 0.741885825943575, 0.5092992810513557]"
"[0.5000209022142171, 0.5092885963931901, 0.7701819949963868, 0.5485418057276019]",stable,0.20688079607730775,2595,"[0.3420639800836656, 0.41520516431019744, 0.7976692521865528, 0.4577561623897369]"
"[0.29935231630195436, 0.2997179630696776, 0.833173198929343, 0.3770052236357788]",stable,0.20541620553407286,2596,"[0.358013519560815, 0.46872731602546025, 0.7851710942146721, 0.46581016316432383]"
"[0.49960928661232323, 0.509171027464588, 0.7702254416607877, 0.5483020038650996]",stable,0.12087865203517324,2597,"[0.4065007305176881, 0.48375272473269565, 0.8362263584402779, 0.51763876577273]"
"[0.4993401867392173, 0.5090975641618947, 0.770416195755526, 0.5482133817896881]",stable,0.09889966208309962,2598,"[0.4119162921089817, 0.4817387973805855, 0.7906566197973551, 0.5169079681580871]"
"[0.49908824467976415, 0.5090187204535912, 0.7704745255078079, 0.5481231644593376]",stable,0.10162565890018746,2599,"[0.4240075463357264, 0.510796711986898, 0.8347403435764392, 0.5245137032806929]"
"[0.49887249554659163, 0.5090238296246639, 0.7706591973988097, 0.5480553211800887]",stable,0.1365501824577113,2600,"[0.5735877357389766, 0.5543258595603284, 0.6707918308426282, 0.5802705410779863]"
"[0.6643878372927441, 0.5937981899109616, 0.7088632827910676, 0.6493292214929458]",stable,0.10054846200746295,2601,"[0.6418599536509582, 0.6215338538779034, 0.620304018786426, 0.6178573709919432]"
"[0.6639085206195147, 0.5943883104208965, 0.7069790431313944, 0.6486596076524989]",stable,0.1700188099038843,2602,"[0.7471119079175413, 0.6038555882510116, 0.5590183147210435, 0.6474004166290617]"
"[0.744113617556198, 0.6205483851121794, 0.4726672326177551, 0.6395688931230537]",stable,0.08397166316013314,2603,"[0.806673207649149, 0.5993368309094297, 0.5127457627088076, 0.6724523128862904]"
"[0.744292871396006, 0.6204876070199079, 0.47278207081285845, 0.6396631149561861]",stable,0.11870946798434119,2604,"[0.829001600581445, 0.6428978932716446, 0.528156606727893, 0.6975233675586683]"
"[0.7445348963365357, 0.6205516364091986, 0.4729402837726157, 0.6398284299636218]",stable,0.09433962981601647,2605,"[0.824643158158214, 0.6402101569542736, 0.45604386196444097, 0.6823805819866577]"
"[0.7447631250026944, 0.6206076435902388, 0.4728921458187463, 0.6399496611659666]",stable,0.16083428108625739,2606,"[0.8887468041254866, 0.6284332871397755, 0.4195976221056096, 0.6872235351771323]"
"[0.9080209681403132, 0.6931690605434667, 0.38046765474315986, 0.7288234111891541]",stable,0.05911284998560274,2607,"[0.9146401621706133, 0.6561675429422229, 0.42603890825276114, 0.7309830066554649]"
"[0.9080349622080305, 0.6930908332335275, 0.38056399988800044, 0.7288279769300977]",stable,0.052094482577645276,2608,"[0.9537483246428389, 0.6718484311836369, 0.38135550566482324, 0.7419526667813855]"
"[0.908131403900931, 0.6930460180393295, 0.3805656697314115, 0.7288556661491933]",stable,0.05502318939039693,2609,"[0.9357705988752151, 0.6482084491741489, 0.36520409434991324, 0.7330078573687455]"
"[0.9081895916798242, 0.692951623157508, 0.3805333295727136, 0.7288644076043923]",stable,0.13821787967732987,2610,"[0.7932374626827281, 0.6519916390864438, 0.3869895941997191, 0.6642827797718882]"
"[0.7449008361892854, 0.620696802668353, 0.4726481044789195, 0.6400187893438244]",stable,0.19043950825914577,2611,"[0.602071310492605, 0.640629141787241, 0.3616031351827689, 0.5839951376731846]"
"[0.47798114996222096, 0.6181018442957049, 0.3960837486909964, 0.4934643309125505]",stable,0.0726785697010801,2612,"[0.5016575747049904, 0.6324988009535828, 0.3331588774650639, 0.5170183035156112]"
"[0.47811195893870034, 0.6181813854927098, 0.3957360974687537, 0.49359446335787127]",stable,0.1575329093848627,2613,"[0.3651758192143594, 0.6738652596067499, 0.31684224000796485, 0.441277054190062]"
"[0.4774914306984567, 0.6184873408449848, 0.3953026147354526, 0.4933070050657405]",stable,0.12924961904847168,2614,"[0.37635270244342184, 0.6310558452340872, 0.3438099488607775, 0.43275157814403964]"
"[0.47693876005225433, 0.6185560211968378, 0.39502123404761286, 0.49297610109349077]",stable,0.14812648065678663,2615,"[0.35368004620033566, 0.6125025293815354, 0.35129691439843574, 0.4236920276032949]"
"[0.47626887573784177, 0.6185231217847982, 0.39478360187560646, 0.49259955721582666]",stable,0.16958433516521856,2616,"[0.32972324345241505, 0.6030867019032955, 0.371186525307045, 0.41205069434270425]"
"[0.21042390894744167, 0.6137151062499159, 0.35632153114431697, 0.3534477722170645]",stable,0.12714525029043972,2617,"[0.31335304534566405, 0.6197171746550185, 0.40887354405890497, 0.40611435237203697]"
"[0.21057986218440866, 0.6137242002929539, 0.3564011554063088, 0.3535275700657842]",stable,0.06519365126709628,2618,"[0.258785356335349, 0.6048984159975919, 0.39641349689001915, 0.3692616273861995]"
"[0.2106527903147429, 0.6137108481230669, 0.3564616884494006, 0.3535513734807924]",stable,0.040079908795538716,2619,"[0.24258463096285388, 0.6131927047487197, 0.3346929351878808, 0.3641631382145697]"
"[0.2107010257235769, 0.6137100654291479, 0.35642880513631675, 0.35356740333688574]",stable,0.03539330627479622,2620,"[0.20808843309611924, 0.6335058591139197, 0.3281273781952136, 0.3608486308647022]"
"[0.21069708516154456, 0.6137399233381747, 0.35638611821785354, 0.3535783855805174]",stable,0.08698177689745572,2621,"[0.22831355845460605, 0.6815762094687983, 0.32614167500304087, 0.3952797203263473]"
"[0.21072361599481723, 0.6138420864196967, 0.3563405693575903, 0.3536411887954961]",stable,0.1548350831678438,2622,"[0.2968686814361801, 0.6874383943591436, 0.4254740436329313, 0.4333724679273355]"
"[0.21085315744660874, 0.6139527575594553, 0.3564445294692825, 0.3537610854558447]",stable,0.32197106202351355,2623,"[0.3758811421207391, 0.6844297036994036, 0.5609717394866649, 0.5259027407291591]"
"[0.4757262393399114, 0.6188793735789312, 0.3956819161329635, 0.4927795744240068]",stable,0.2658556558610619,2624,"[0.3912130001109473, 0.5905726123268931, 0.6446857952952085, 0.5198450058433921]"
"[0.49856401561697666, 0.5092574937584812, 0.7702982420919227, 0.5479744893309864]",stable,0.29908693775109146,2625,"[0.30228772172153534, 0.556947952819606, 0.5792872558522536, 0.4376611354780474]"
"[0.2697503284251275, 0.4851279409425227, 0.5836842980823699, 0.38300012782789844]",stable,0.11246786121369759,2626,"[0.2762023228560077, 0.5848222031633148, 0.570612356186314, 0.43297582181172944]"
"[0.2697801987697149, 0.48558948845280414, 0.5836237798328511, 0.38323149678152724]",stable,0.058894107496818136,2627,"[0.28842777738315645, 0.5068090098564376, 0.6344769254733544, 0.39242242707006614]"
"[0.2698661323117123, 0.4856872742657241, 0.5838581261261253, 0.38327385129898595]",stable,0.12686461427069157,2628,"[0.24479189442967625, 0.4369018298305738, 0.6982236220079326, 0.3807387553127166]"
"[0.2697511128718864, 0.4854634878233611, 0.5843827384925556, 0.383262222418315]",stable,0.05902080068769311,2629,"[0.2500638280086407, 0.4781679692099601, 0.6373946074105852, 0.3680181123915216]"
"[0.269661216593972, 0.48543017495298024, 0.5846248018209484, 0.38319261460997345]",stable,0.08065514904315307,2630,"[0.22754360235128662, 0.4875079131594271, 0.5436441568098467, 0.3279872763164976]"
"[0.2694697728928689, 0.485439619217555, 0.584438526161807, 0.382941681254094]",stable,0.15113125860338184,2631,"[0.2151196544834355, 0.5545817207927292, 0.4624223203471974, 0.36817221056967325]"
"[0.21085956359831567, 0.6138636118586044, 0.3566036552814115, 0.35378272378184145]",stable,0.06412182055357941,2632,"[0.2092054597197164, 0.6166459533725138, 0.4206281359146334, 0.3523698307177997]"
"[0.2108570836824557, 0.613867783285162, 0.3566996440079981, 0.3537806055013856]",stable,0.10105543937998714,2633,"[0.19910996487845145, 0.5946143608607243, 0.4550783425054875, 0.3587950281972794]"
"[0.2108394981752641, 0.6138389607965027, 0.3568469175087428, 0.35378811212218786]",stable,0.09256542012776937,2634,"[0.20812802930681165, 0.6101084051697714, 0.4447151428053955, 0.3825329008314203]"
"[0.2108354451575235, 0.6138333844801699, 0.3569782601474523, 0.35383107892145427]",stable,0.10823321195131469,2635,"[0.14375611897441956, 0.5699284156149363, 0.4271382050543263, 0.3347332254366714]"
"[0.2107353267602353, 0.6137678546758935, 0.3570829764831342, 0.3538025746625218]",stable,0.19533360302743064,2636,"[0.36725642861010077, 0.5971850136115557, 0.4124039199441103, 0.4553947187692602]"
"[0.4751430683144824, 0.6187627372350205, 0.39577181937926, 0.49257858057640064]",stable,0.19228603005308495,2637,"[0.3251605516005616, 0.6001484923988282, 0.3462805499266707, 0.3844893296266237]"
"[0.21090585615642057, 0.613747557563707, 0.3570668774867758, 0.35384830753132074]",stable,0.1343586416024391,2638,"[0.2835891041729374, 0.5245635608232911, 0.42358248765348494, 0.37362906486207137]"
"[0.21101401575168324, 0.6136148432828433, 0.35716585904952386, 0.3538777431821105]",stable,0.26504543692499954,2639,"[0.3140404949835203, 0.42691921586207504, 0.5144417960255447, 0.3604846003877823]"
"[0.2696714503683922, 0.4851748210123266, 0.5841217988761227, 0.3828400655035677]",stable,0.1066862002109499,2640,"[0.31849344183789646, 0.40470107472017963, 0.634156988478042, 0.3871776251411617]"
"[0.26989136924888546, 0.4848123266596593, 0.5843471826130683, 0.3828596040604938]",stable,0.218251057495039,2641,"[0.4717821513027037, 0.47196063929509535, 0.549154973547809, 0.45681890890032506]"
"[0.47512509549623755, 0.6179776992781225, 0.3965920501502148, 0.49238735238561954]",stable,0.16027324979228721,2642,"[0.5740260078521559, 0.5379818357860607, 0.48485505074638074, 0.5338171566823874]"
"[0.4756511641789818, 0.6175521893659307, 0.3970615341959391, 0.49260772368507044]",stable,0.22446458620716972,2643,"[0.6770593263931359, 0.5990299377709819, 0.4285767913992422, 0.5847099354605537]"
"[0.7447086506091263, 0.6206354234476806, 0.4725232565665125, 0.6398621070382061]",stable,0.2930589802117813,2644,"[0.5441061887271221, 0.4780710207860004, 0.5758311179787222, 0.5188451865939879]"
"[0.49869413611157704, 0.5091683895499883, 0.7697426217373136, 0.5478912627517378]",stable,0.2983482335919806,2645,"[0.48753152716919773, 0.5736415540836642, 0.4849774787156276, 0.4875664003490202]"
"[0.4757140232424221, 0.6173198579623209, 0.39752669792355644, 0.4925810500166258]",stable,0.05531984984184333,2646,"[0.4331251327869698, 0.5972551232038952, 0.4251965527859544, 0.48373470911965444]"
"[0.4754898711873934, 0.6172142540951713, 0.3976723287386217, 0.49253449032769436]",stable,0.10980189330970208,2647,"[0.39082914590933704, 0.6145239117075917, 0.44630276591527346, 0.44236617355670843]"
"[0.4750466213168277, 0.6172001685329326, 0.3979269383573476, 0.49227182898334365]",stable,0.08364503408176255,2648,"[0.39812465189908114, 0.622645158326438, 0.3685165342149217, 0.4786746762754315]"
"[0.4746459860594436, 0.6172285278547737, 0.3977737591691058, 0.4922010104796566]",stable,0.22899539267350774,2649,"[0.2839928667376275, 0.5960506406949652, 0.33416452894878307, 0.3845179529228628]"
"[0.21112245386607542, 0.6135887449134706, 0.35713168173882437, 0.35392327098261683]",stable,0.07331609683322068,2650,"[0.2693671826016402, 0.5939347595651815, 0.31872655791954346, 0.36494910218636756]"
"[0.2112088703775525, 0.6135595846978202, 0.35707470084295007, 0.3539396297826224]",stable,0.22198031804725907,2651,"[0.4053790786979607, 0.6005658049183987, 0.307939631960264, 0.4487557597084382]"
"[0.4742870901663789, 0.6171421925027718, 0.39730829737009626, 0.49197590555338083]",stable,0.06421147325171245,2652,"[0.5108568089962751, 0.6362994337308001, 0.3638658597966355, 0.52803658274522]"
"[0.47447559387168764, 0.6172409411688956, 0.397135913671264, 0.49216178533272015]",stable,0.1942231514304225,2653,"[0.6293165318326451, 0.674779803912911, 0.3676203616168629, 0.5899627461868193]"
"[0.7443826841719047, 0.6207883736749835, 0.47222692070507283, 0.6397211483917332]",stable,0.1515219026409756,2654,"[0.6860852167140989, 0.7009856013262739, 0.36094277990206797, 0.6124349439885651]"
"[0.7442184659537137, 0.6210142813585082, 0.47191344425210663, 0.6396442858441187]",stable,0.13143230126943042,2655,"[0.7501028594416868, 0.6940697089837362, 0.36311978666469424, 0.6478093512758811]"
"[0.7442349951489047, 0.62121949323386, 0.4716078440903443, 0.6396672214211742]",stable,0.1662882106634413,2656,"[0.8199009881028887, 0.677601191293017, 0.3360465818675836, 0.6589201387189411]"
"[0.9080041114202088, 0.6929193743510701, 0.3804398700187112, 0.7287174658630363]",stable,0.11302668077248659,2657,"[0.8149193775234461, 0.7516597374118978, 0.36848353639273607, 0.7059824990603115]"
"[0.907808965227553, 0.6930425197662919, 0.3804148043297679, 0.7286698034588378]",stable,0.08697060596695445,2658,"[0.8489461917315655, 0.7560449089183248, 0.38697048192009165, 0.7193541042855679]"
"[0.9076858213499464, 0.693174323927698, 0.3804285191364422, 0.7286503145484335]",stable,0.08784817369818627,2659,"[0.8646024040246039, 0.7531227311309969, 0.33299948600687485, 0.7244317764297318]"
"[0.9075958768461356, 0.6932994771786443, 0.3803295023658168, 0.728641507579501]",stable,0.061765912627074565,2660,"[0.9022270337104334, 0.7340647489225391, 0.3361912708583385, 0.7153669972277672]"
"[0.9075846917562697, 0.6933844048281107, 0.38023754771684287, 0.7286138523496015]",stable,0.062036980853916714,2661,"[0.9615046376686415, 0.6655385663890603, 0.3690571072501203, 0.7350039586767687]"
"[0.9076967914359212, 0.6933265132721044, 0.3802143035578684, 0.7286271373939407]",stable,0.05207816714451085,2662,"[0.9208862985977896, 0.6541781085878712, 0.34890563697099874, 0.7235930335819031]"
"[0.9077241555586637, 0.693245292515498, 0.38014934781806164, 0.7286166931951605]",stable,0.0840599068384138,2663,"[0.9750364400194523, 0.6719423741043601, 0.33490306155277527, 0.7344548045953341]"
"[0.90786351846645, 0.693201187094357, 0.38005567020674635, 0.7286287803823245]",stable,0.08966034262924959,2664,"[0.8424827394102546, 0.6452022217635329, 0.3984025844449533, 0.695105343274748]"
"[0.9077284342122015, 0.6931020156783841, 0.380093577054346, 0.7285595170825154]",stable,0.2689530482204801,2665,"[0.667720524762161, 0.6951618120546449, 0.3783942223598374, 0.6072136684472215]"
"[0.7440206689013228, 0.6214266145750947, 0.4713467415084661, 0.6395763151103228]",stable,0.27884946955951173,2666,"[0.5115015674959051, 0.6697393318516642, 0.3900240333666998, 0.5181498244047048]"
"[0.47466547065950415, 0.6175101636852175, 0.39709944249021495, 0.4922950573279611]",stable,0.19783399380718372,2667,"[0.6343361298145305, 0.6764081446770558, 0.40914023868170085, 0.592443031710174]"
"[0.7437142875072256, 0.621580194268117, 0.47117298032738575, 0.6394446578941212]",stable,0.13457804493980138,2668,"[0.7342108925285763, 0.7102288551812762, 0.37126739168130357, 0.6529066020064146]"
"[0.7436878156549173, 0.6218271264712176, 0.47089469177962506, 0.6394821563456875]",stable,0.16758305006947383,2669,"[0.7460420582864131, 0.7360124616743956, 0.34888403545443347, 0.6518775256364223]"
"[0.7436943552177826, 0.6221443079578931, 0.47055577328983283, 0.6395165879270507]",stable,0.16120240732565297,2670,"[0.7721238252156668, 0.7143304934173479, 0.34463178291166413, 0.6682017273009324]"
"[0.9074488370802499, 0.6931457857355778, 0.3800204599530209, 0.7284350680314193]",stable,0.11359770630718667,2671,"[0.8093925074165349, 0.677372681619605, 0.3795752751091399, 0.6732951905548041]"
"[0.9072470750850571, 0.6931133307888372, 0.3800195439348236, 0.7283216114934017]",stable,0.09164718260738791,2672,"[0.8775012783192976, 0.6203365893558727, 0.39702925284577567, 0.6844056763011945]"
"[0.9071859954202404, 0.6929638918947243, 0.38005447146852167, 0.7282314350351015]",stable,0.1483653253144999,2673,"[0.8930420218635043, 0.603772272570867, 0.2843862481723762, 0.6596408827596554]"
"[0.9071570118678699, 0.6927811221829951, 0.3798584300273411, 0.728090880624701]",stable,0.11291007991941844,2674,"[0.9212559736252787, 0.6204396951328843, 0.30846463781225597, 0.6809787824940156]"
"[0.9071858441005027, 0.692633184704365, 0.3797124304522591, 0.7279945368657426]",stable,0.09921386278921887,2675,"[0.9260440770935541, 0.6211634243087104, 0.32783262789604867, 0.6869054013959607]"
"[0.9072243302902845, 0.6924873280504963, 0.3796065533041852, 0.7279106814872328]",stable,0.1103942708389597,2676,"[0.9178918924221773, 0.6233957638968608, 0.30422137991755743, 0.6877045930366021]"
"[0.9072460564860724, 0.69234661203389, 0.3794530193461676, 0.7278287953600421]",stable,0.10737300894952073,2677,"[0.9049418926087748, 0.6311451647237137, 0.3049241545765784, 0.6806749509462892]"
"[0.9072413732261592, 0.6922222188483003, 0.3793015379137091, 0.7277329542128597]",stable,0.09596218798153386,2678,"[0.9409506206475321, 0.6266346117267118, 0.31992645856438406, 0.7120710927394136]"
"[0.9073097489815778, 0.6920891811056602, 0.37918110164728047, 0.727701185731169]",stable,0.10175450458225954,2679,"[0.9824711086623503, 0.6249661984246189, 0.36539739600012044, 0.7307448460853634]"
"[0.9074618974829559, 0.6919533046225002, 0.37915319940912834, 0.7277073469869468]",stable,0.12950210325466302,2680,"[0.993408982970163, 0.6239715868961985, 0.3110121090849996, 0.7386238990092883]"
"[0.9076355279586876, 0.6918159678190126, 0.3790155406407968, 0.7277294006273959]",stable,0.11772577804021268,2681,"[0.9613326763836034, 0.5941059785697111, 0.35713548033601716, 0.6969073950442642]"
"[0.9077437883385765, 0.6916189718729454, 0.37897142761598873, 0.7276672594871073]",stable,0.2487358964296706,2682,"[0.7474779491673712, 0.5698902746674053, 0.35404884886672366, 0.5836346370970745]"
"[0.7437048360874491, 0.6219995599432381, 0.47023303942716493, 0.6393617902793222]",stable,0.24989314571289759,2683,"[0.6137049473408106, 0.5523483096050008, 0.3322245697729758, 0.49222587070093354]"
"[0.4753748557446128, 0.6171777052460327, 0.3967684482416576, 0.4922947043349661]",stable,0.11162019188377004,2684,"[0.5406647151472683, 0.5927008189171883, 0.3100474108961978, 0.48353997916947294]"
"[0.47570627635071766, 0.6170534570920791, 0.39632823993025934, 0.49225026410569966]",stable,0.099436200517462,2685,"[0.4784300462621366, 0.5712954216007875, 0.32062891147389794, 0.446907647175794]"
"[0.4757200327644117, 0.6168223559027292, 0.3959459200895707, 0.492021260989892]",stable,0.11070324374844853,2686,"[0.47989192103450196, 0.5796557611877383, 0.4998381358485669, 0.48409312964208456]"
"[0.4757409970270755, 0.6166355890951161, 0.3964679915255455, 0.49198142113387294]",stable,0.22374664405631234,2687,"[0.5164276468257945, 0.6441630970009963, 0.6078267601035936, 0.5465420709492972]"
"[0.6608360024154788, 0.5954252851413152, 0.7049133705683152, 0.6465321589711822]",stable,0.11596128445639839,2688,"[0.5560226327029988, 0.6350187501528439, 0.713021039327033, 0.6177606407983002]"
"[0.6586969540539996, 0.5962333150395097, 0.7050788331960441, 0.6459449851309194]",stable,0.24975642703647713,2689,"[0.4635533656715197, 0.5097784044444053, 0.7683976501288594, 0.5327481273324032]"
"[0.4985940199564771, 0.5091701274841605, 0.7697387899093693, 0.5478481199157853]",stable,0.09065063919203327,2690,"[0.4438448138054199, 0.45999649285294936, 0.8170421984640832, 0.5240909313612613]"
"[0.4984384824390025, 0.5090304296585036, 0.7698731745927634, 0.5477806279028463]",stable,0.17737833454924076,2691,"[0.35866087979417194, 0.4438633927592793, 0.8041950720754025, 0.4671545773900464]"
"[0.4980425118932665, 0.5088458204888174, 0.7699704037641023, 0.5475522254934616]",stable,0.2509480939184863,2692,"[0.3025267895316103, 0.442376055983451, 0.8629437054494572, 0.43944910929856973]"
"[0.2993616805297704, 0.3001387834027565, 0.8332610175326473, 0.3771894238884714]",stable,0.0923771414271548,2693,"[0.34048653883371155, 0.3609048748788465, 0.8390452099737952, 0.4330133213899586]"
"[0.2994826359953702, 0.3003175072012156, 0.8332780298633565, 0.3773536118222993]",stable,0.039563176599426424,2694,"[0.31984958581952533, 0.3260201392692884, 0.8343601187647418, 0.39945872629566326]"
"[0.2995423631209543, 0.3003928814888053, 0.8332812031445922, 0.37741843620491916]",stable,0.0747556684313883,2695,"[0.2991276880468285, 0.25365060049516436, 0.8911407912979088, 0.3699575224909922]"
"[0.2995411506207375, 0.3002562081525666, 0.8334503832269119, 0.377396620667744]",stable,0.09980784393244117,2696,"[0.30411619291935865, 0.363356695698176, 0.7570493306068137, 0.3884366536593492]"
"[0.2995544889364769, 0.30044017458855965, 0.8332276396332673, 0.3774288073528507]",stable,0.2704714080267954,2697,"[0.28693192650117444, 0.4747942634540224, 0.6279820082937767, 0.39911603837740434]"
"[0.26996778430382845, 0.4847674026094098, 0.5845428544771073, 0.3829325028690898]",stable,0.018472533134624363,2698,"[0.26350492216155086, 0.4924717493797302, 0.5744415954713458, 0.3711820347643339]"
"[0.26993893224069326, 0.48480179701463444, 0.5844977595708316, 0.38288004542219356]",stable,0.09253880114809847,2699,"[0.22748391176322827, 0.5074242607441433, 0.5065123746764165, 0.3699376796468675]"
"[0.26975024326079344, 0.48490234129787674, 0.5841511578601898, 0.3828225237965254]",stable,0.21821119509910822,2700,"[0.22207492646554342, 0.6052749427067877, 0.40973431042148767, 0.36202853440897476]"
"[0.21122496823842363, 0.6135473111541299, 0.35715271507936275, 0.3539516133450318]",stable,0.16539362659762538,2701,"[0.2845672346795448, 0.6282181524618444, 0.49147029407156095, 0.41493946509759616]"
"[0.21133346271540754, 0.6135690135820998, 0.3573514097228423, 0.3540418320606421]",stable,0.2768745780041428,2702,"[0.2996871410277851, 0.6158422156370037, 0.6041164884278595, 0.443232571253505]"
"[0.2698827074102049, 0.4854817212728286, 0.5842395000308431, 0.3830898248914678]",stable,0.15138937794085716,2703,"[0.3053621146628181, 0.6200889978376014, 0.5884535194747421, 0.44244535159508763]"
"[0.27003900435845435, 0.48607470487003024, 0.5842580639931511, 0.38335130298267317]",stable,0.11017673119583822,2704,"[0.2554986018346082, 0.5872398517562969, 0.5490609604468197, 0.4046648139293343]"
"[0.2699752306631743, 0.4865184116546191, 0.5841036907319829, 0.3834447832938427]",stable,0.14601422034637676,2705,"[0.2235391013994679, 0.5723155552567386, 0.4755083239098806, 0.380324703670667]"
"[0.21135149172380346, 0.6135080778977197, 0.3575259398767375, 0.3540806546184117]",stable,0.09738699538089646,2706,"[0.1857758742178681, 0.5682728851148874, 0.4385048465707091, 0.33903709576228075]"
"[0.21131376957408973, 0.6134413593242936, 0.3576453777922153, 0.3540584664785059]",stable,0.18451180774989648,2707,"[0.2838723082217062, 0.5716731883424052, 0.5111656689169107, 0.4129380535547889]"
"[0.2700359165913775, 0.4868902665746531, 0.5837851840865022, 0.3835735748670346]",stable,0.1571882670032491,2708,"[0.3708261045531341, 0.5766896758649243, 0.6014925027591989, 0.4621356920142986]"
"[0.2704741347999069, 0.48728069878895863, 0.5838621724285573, 0.383915149289414]",stable,0.22836462531961252,2709,"[0.4275351597834864, 0.5795278317261797, 0.6461337644522578, 0.50677666409438]"
"[0.49784333858222185, 0.5090454871872281, 0.7696205827490971, 0.5474370402917693]",stable,0.1551890036424291,2710,"[0.4075379523469001, 0.549601791903557, 0.6628278352888584, 0.4937801739458002]"
"[0.49758895721254487, 0.5091597302991051, 0.769319758108364, 0.5472858941893863]",stable,0.22002270488330575,2711,"[0.5398831206478798, 0.6126637177293585, 0.5832509426426864, 0.5831539147747076]"
"[0.6563206773858772, 0.5965619230933067, 0.7026422753849769, 0.6446891637237951]",stable,0.18765174412005564,2712,"[0.6876648636399659, 0.6489338921488488, 0.5252614652274771, 0.6495824350714898]"
"[0.7435500295337267, 0.6220739641758503, 0.47038505165313266, 0.6393900241047149]",stable,0.11463517545149149,2713,"[0.8071761214725519, 0.6828614981536766, 0.48464898122640165, 0.7114619319565946]"
"[0.7437253080239162, 0.622241422947139, 0.4704243462249598, 0.6395885693054087]",stable,0.07793150854293554,2714,"[0.6979746579980655, 0.6299726232199041, 0.5322729640500922, 0.6493443399798801]"
"[0.7435996194249442, 0.622262662508328, 0.4705942600101937, 0.6396153708731958]",stable,0.17832348399225337,2715,"[0.676694437562692, 0.6335585796470189, 0.6354179936917262, 0.6342767704583432]"
"[0.6567201628795403, 0.5972873477316147, 0.701324152214521, 0.6444849991499627]",stable,0.06886400369798619,2716,"[0.6043556880247877, 0.6402280654399384, 0.6972477382010531, 0.6326659302362495]"
"[0.6557131537477182, 0.5981131307644671, 0.7012457596373388, 0.6442577093631605]",stable,0.11464462431370329,2717,"[0.6764924981120798, 0.6331119328690906, 0.5941299510502829, 0.6478488281025006]"
"[0.6561052168489326, 0.5987734855211582, 0.6992247066451303, 0.6443254663205066]",stable,0.12705567232746248,2718,"[0.6062561591729172, 0.5074261486945271, 0.6844490264012724, 0.5729422844958634]"
"[0.6551820861512285, 0.5970818681725168, 0.6989510829369108, 0.6430035555459762]",stable,0.19693835170959678,2719,"[0.5458909177407912, 0.46698667280305184, 0.726485775597948, 0.5473101089395486]"
"[0.49772463687695007, 0.5090412666544533, 0.7691994379327729, 0.5472859622083475]",stable,0.11733777625979051,2720,"[0.4670640207574297, 0.41193903825647643, 0.7664975661871277, 0.48904561978163014]"
"[0.49763875279818387, 0.5087692716169239, 0.7691918696645779, 0.547122823994267]",stable,0.2324398207531217,2721,"[0.33279080617790346, 0.39656068201510086, 0.7784825854860814, 0.4280583885573397]"
"[0.29965110613776014, 0.30071959466828796, 0.8330684970340022, 0.37757598636798]",stable,0.18731965941091566,2722,"[0.3376598323502529, 0.4530525676328605, 0.7725376972045224, 0.45988442550579545]"
"[0.29976127635866595, 0.30116113951746065, 0.8328930454402936, 0.37781456155388676]",stable,0.1044337133606869,2723,"[0.3255100588696754, 0.3875109614193094, 0.7937511071293017, 0.4132407892429924]"
"[0.2998356948052296, 0.30141070547671456, 0.8327799184509556, 0.37791694949518473]",stable,0.18324560841420576,2724,"[0.37276082594748305, 0.43796086740090656, 0.8462926243318821, 0.4750371755515016]"
"[0.49728993177346126, 0.5085714827783316, 0.7694072349010788, 0.5469214674343711]",stable,0.09813465647385851,2725,"[0.46760854453209133, 0.46718218543747697, 0.8520162482846132, 0.5323577101547604]"
"[0.49720725381457165, 0.5084561922564909, 0.7696373435734563, 0.546880899865347]",stable,0.07449914153825801,2726,"[0.43828798075727776, 0.48572414000745867, 0.7875951995702637, 0.5116756366099382]"
"[0.49704358916719027, 0.5083930476669102, 0.7696872265067807, 0.5467831074674153]",stable,0.10006259520020667,2727,"[0.5155447414939571, 0.50616951311634, 0.8647628491417885, 0.5718013447244685]"
"[0.4970948388966273, 0.5083868882914239, 0.769950593882501, 0.5468524100636952]",stable,0.13863458902536713,2728,"[0.51649781518318, 0.5178359571685002, 0.8979334287685167, 0.5955779973598072]"
"[0.49714843827863436, 0.5084129906916368, 0.77030413762528, 0.546987011133574]",stable,0.13608516283077576,2729,"[0.5260098622694089, 0.5376386167944724, 0.8818598476946026, 0.613224282195492]"
"[0.4972279463337054, 0.5084935020583113, 0.7706114536309807, 0.5471694829546812]",stable,0.15125240593429098,2730,"[0.53280435573196, 0.5474265917989006, 0.9015229337718493, 0.6015570576920924]"
"[0.4973256837221621, 0.5086004610960603, 0.7709711005544446, 0.547318899368795]",stable,0.19039901443056934,2731,"[0.564158515423496, 0.5393802344708173, 0.9286816644197132, 0.624553223986875]"
"[0.4975087873706589, 0.5086847892422924, 0.7714031842910618, 0.5475305002581595]",stable,0.20372936182785728,2732,"[0.5915733327074899, 0.5652257359338979, 0.8903882185468757, 0.6712365920714615]"
"[0.49776579432513113, 0.5088392727031984, 0.7717282800130724, 0.5478684950445347]",stable,0.12040937802750747,2733,"[0.5457141519656402, 0.5211198282879935, 0.8745781124531408, 0.5862152450779814]"
"[0.4978964438009908, 0.5088727347075167, 0.7720085247881134, 0.5479729821018465]",stable,0.2255607537097828,2734,"[0.6864601629911898, 0.577188665912963, 0.7707431977736621, 0.6511849480281104]"
"[0.6557507784574097, 0.5967201735859795, 0.7002563941157608, 0.6431523081365605]",stable,0.1021088018071817,2735,"[0.7383761839834541, 0.5935959920813875, 0.7174576005491735, 0.7005422702842786]"
"[0.6572262321275176, 0.5966643846305404, 0.7005635585163574, 0.6441771288891983]",stable,0.1565896907266632,2736,"[0.8011977015875351, 0.5929455523805929, 0.6534303024781886, 0.6836381689836061]"
"[0.6597520473812021, 0.5965991419594886, 0.6997366592876176, 0.6448694278382231]",stable,0.25284550955582336,2737,"[0.8445515065438148, 0.6778250171762191, 0.5758307477670555, 0.7333549853110927]"
"[0.7438761999375987, 0.622414888137555, 0.470882579154733, 0.6398721917346694]",stable,0.16338436087545513,2738,"[0.8477698380818169, 0.682161907533726, 0.5264876426692016, 0.7359915545949416]"
"[0.9076231164064704, 0.6915999435744762, 0.37926824092595496, 0.7276840085718314]",stable,0.10592869401191841,2739,"[0.8829418536809537, 0.6657180598285357, 0.4783340960266979, 0.7163787915343357]"
"[0.9075735556379453, 0.6915479719203679, 0.37946716834583594, 0.7276613073328002]",stable,0.07368024225095701,2740,"[0.8999735661026036, 0.6651718965388576, 0.44548715848203135, 0.7454568631574423]"
"[0.9075583251979947, 0.6914951140538719, 0.37959947293528723, 0.7276969697693225]",stable,0.08745581758201663,2741,"[0.9130263480439307, 0.7087633335009021, 0.4615176651289222, 0.752391891108561]"
"[0.9075692612436866, 0.6915296504927659, 0.3797633093196745, 0.7277463596120011]",stable,0.12227253029780447,2742,"[0.9720408008795209, 0.7168228580560257, 0.45311001612419066, 0.7968441634447334]"
"[0.9076979469515427, 0.691580135937004, 0.37990970993205875, 0.7278842793801302]",stable,0.08708415363572385,2743,"[0.9754506013424167, 0.6885393007368498, 0.4257240531345721, 0.7576336813177988]"
"[0.9078329123985365, 0.6915740784963662, 0.3800009735639362, 0.7279435411369782]",stable,0.1230672099449827,2744,"[0.9649430490626746, 0.6921461870604808, 0.47570882041075857, 0.7801321528983767]"
"[0.9079464514376302, 0.6915752158891378, 0.38019124761333345, 0.728047295832329]",stable,0.09821924009495728,2745,"[0.9653058879975693, 0.6945809747532877, 0.4541711568156536, 0.7576252033043633]"
"[0.908060259843503, 0.691581179696408, 0.380338033147465, 0.7281059821566782]",stable,0.0573680668472251,2746,"[0.9404813718032133, 0.7230019347233227, 0.40572406047496556, 0.7527687549762462]"
"[0.9081244600652054, 0.691643399013293, 0.3803883025085096, 0.7281548193305785]",stable,0.07146588480284533,2747,"[0.9167914643524223, 0.7525550267107161, 0.39791601136665555, 0.7600108825018731]"
"[0.9081415885321762, 0.6917637777241573, 0.3804229422493359, 0.7282177759771621]",stable,0.07402024411611949,2748,"[0.8516711280934524, 0.7147865988998447, 0.41914834996477773, 0.7443539508409136]"
"[0.9080302069534016, 0.6918091876278569, 0.3804993237241199, 0.7282496027520412]",stable,0.042617545543240654,2749,"[0.8867793742090353, 0.7086787031332831, 0.4108938658369358, 0.7407495448385312]"
"[0.9079883746054797, 0.6918423953355447, 0.38055915549993247, 0.7282742089372508]",stable,0.027511579075121893,2750,"[0.8920844586802203, 0.7114508770615031, 0.3711471010315173, 0.7338305671452239]"
"[0.9079571291910882, 0.6918809188752814, 0.38054066423378624, 0.7282851251616279]",stable,0.04689214458005526,2751,"[0.8700774932420161, 0.6989238149848299, 0.3546445894788707, 0.7216671700121499]"
"[0.9078828553951097, 0.6918947284754962, 0.3804898876166198, 0.7282721487789819]",stable,0.024410991237142066,2752,"[0.9288749977101574, 0.685175130562686, 0.3702159218363163, 0.7303979627971695]"
"[0.9079239359084464, 0.691881578577428, 0.3804697820084392, 0.7282763088846926]",stable,0.10463473161881975,2753,"[0.8943542898526172, 0.6046364775741049, 0.359189051880963, 0.6763175305789682]"
"[0.9078974326934937, 0.691711177989531, 0.38042821808240895, 0.7281748268958143]",stable,0.14710196907159667,2754,"[0.8680417527273088, 0.6043816530690638, 0.31144545597783313, 0.6406222901606458]"
"[0.907819741309544, 0.6915409449974833, 0.38029374876056765, 0.7280041591828802]",stable,0.10724779992007394,2755,"[0.8931887068178761, 0.6100654123012048, 0.3356680504419197, 0.6764453768191498]"
"[0.9077912762618948, 0.6913824322879575, 0.3802069283358232, 0.7279038502677757]",stable,0.09409742321284492,2756,"[0.9524707919194761, 0.7033933495514791, 0.29992657658185823, 0.7443010733451655]"
"[0.9078780326029775, 0.6914057544574013, 0.38005104415766017, 0.7279356895358872]",stable,0.08587942105310577,2757,"[0.9403713377084253, 0.6751873587968642, 0.30682026708335236, 0.7015979406755116]"
"[0.9079410041244997, 0.691374323458059, 0.379909124047051, 0.727884647386933]",stable,0.07106253941175018,2758,"[0.9473564003761057, 0.6620982886410185, 0.32980619295667346, 0.7165303033935646]"
"[0.908017242801969, 0.6913176966982582, 0.3798122131551935, 0.7278626854062882]",stable,0.2658349634943187,2759,"[0.7749210779578629, 0.5039645882335168, 0.4169149647446501, 0.5995044472877078]"
"[0.7439610220086923, 0.6220912534383636, 0.4707351266563448, 0.6397618973509345]",stable,0.27773889215744146,2760,"[0.6307056228267183, 0.4320281043951542, 0.6108209352379913, 0.5472196238604928]"
"[0.6592512469578489, 0.5937617102773449, 0.698203629562624, 0.6431858105282622]",stable,0.28291236369371126,2761,"[0.5045639024010623, 0.41716854763508837, 0.6865157789995249, 0.48573905755458874]"
"[0.49791456189501276, 0.5086235385469938, 0.7717762075441227, 0.5478038681764463]",stable,0.09243659751755956,2762,"[0.49939862543554253, 0.42541468657693327, 0.7442587501040274, 0.5184542752339869]"
"[0.4979185837474261, 0.5083980403031725, 0.7717016344887295, 0.5477243299841903]",stable,0.148050950200306,2763,"[0.45609498649262925, 0.38639341375752156, 0.7697082519958054, 0.4750554363943248]"
"[0.49780554699808877, 0.5080682980692653, 0.7716962469684784, 0.5475279275690825]",stable,0.21582530110166637,2764,"[0.4481117349441044, 0.32727380769314296, 0.788388408814696, 0.4419542110402699]"
"[0.3002630032782523, 0.3014852389124968, 0.8326519890283727, 0.3781014949175049]",stable,0.162742055996707,2765,"[0.4292593580244888, 0.22385315740264838, 0.8600595414001392, 0.4334820262047321]"
"[0.30063368245855754, 0.30126215821850294, 0.8327307463627742, 0.3782606343752268]",stable,0.1440816168147541,2766,"[0.4279352534321433, 0.2689859428390032, 0.8567067848367272, 0.43245673969177517]"
"[0.3009984434069059, 0.30116967622601154, 0.8327994456134159, 0.37841592407527425]",stable,0.14412837121263258,2767,"[0.4128877188013318, 0.2339522627607687, 0.8861995716316944, 0.40814845354034507]"
"[0.30131812705088995, 0.30097762647325366, 0.8329520174020396, 0.37850087415946015]",stable,0.1571617622731089,2768,"[0.3830669307499786, 0.254870836241568, 0.9513173534103271, 0.4218686472258006]"
"[0.3015510296255312, 0.3008462680965252, 0.8332892405815504, 0.3786244290684811]",stable,0.14238802217146734,2769,"[0.3504310861704206, 0.2470686343369232, 0.946772574190884, 0.4246090790095375]"
"[0.3016898934225337, 0.30069349072789, 0.8336116364156679, 0.3787550672785409]",stable,0.16216596267377076,2770,"[0.3874069510185795, 0.2487085610678258, 0.9469729790678652, 0.43704021605004434]"
"[0.3019327179483015, 0.3005462246382014, 0.8339327733636911, 0.3789201810144375]",stable,0.16469937840528245,2771,"[0.37590175513235224, 0.23202394240151783, 0.9613737918919609, 0.40571477783365467]"
"[0.30214167003074227, 0.30035265886917123, 0.8342927762408896, 0.37899587196590423]",stable,0.13875511883243838,2772,"[0.3114686141267177, 0.2673494435887588, 0.9670941653716006, 0.39998562999554466]"
"[0.3021679431127028, 0.30025969206556447, 0.8346668646609761, 0.3790549980448609]",stable,0.11627098128891356,2773,"[0.30536071261625425, 0.390894236723194, 0.7863207602286446, 0.43343128712113327]"
"[0.3021769115663644, 0.30051428348314213, 0.8345310609968404, 0.3792077404299066]",stable,0.2813135556066162,2774,"[0.42899782930792596, 0.46004875310114457, 0.6596900569568784, 0.4630716045265812]"
"[0.49762008145175407, 0.5079388653335023, 0.7713943434913582, 0.5473002824934963]",stable,0.21359983910652183,2775,"[0.5782885331598938, 0.4707220553558424, 0.5773238674627496, 0.5389905559962195]"
"[0.49783693212838886, 0.5078388201453904, 0.7708726486633242, 0.5472779445190411]",stable,0.3020203529615398,2776,"[0.7020223813729695, 0.5375525037616059, 0.5558848584278674, 0.5964911843578545]"
"[0.7438467477835268, 0.6218609026218057, 0.4709671422742509, 0.639643993500817]",stable,0.11933951927824457,2777,"[0.8095573416968727, 0.5735143858163991, 0.5569380212111341, 0.653631881001157]"
"[0.7440253091800304, 0.6217295262174432, 0.4712007587931011, 0.6396820040646766]",stable,0.10435258995468759,2778,"[0.838878228575912, 0.6014662823666923, 0.460946296862065, 0.6767850183826467]"
"[0.7442823631621331, 0.6216746122774682, 0.4711729689233693, 0.63978255423898]",stable,0.14274216330149428,2779,"[0.8639459048710451, 0.6628377042900179, 0.4364501061001985, 0.6959598149678514]"
"[0.9079321629990136, 0.6912627160179334, 0.37992155271686334, 0.7278010968533182]",stable,0.08912243017568938,2780,"[0.9111191854066173, 0.6104716547098188, 0.3840820115024688, 0.6905432729233595]"
"[0.9079383036972941, 0.6911070492331395, 0.37992956901510155, 0.727729309138617]",stable,0.06165687469732721,2781,"[0.8729382780380025, 0.6669126184236135, 0.3558014127523273, 0.690192260846922]"
"[0.9078709959556417, 0.6910605214815827, 0.3798831687145962, 0.7276571225072868]",stable,0.14115158988204712,2782,"[0.8134841145470325, 0.6361394857770551, 0.3363926191074617, 0.6495089307419096]"
"[0.9076898311160858, 0.6909551068257198, 0.37979969357139637, 0.7275071259779866]",stable,0.13771480480933151,2783,"[0.8404665018788753, 0.5954906511763935, 0.3942411747390561, 0.6559224013560407]"
"[0.7445423202938001, 0.6216038448150328, 0.4709650451553036, 0.6398261754474045]",stable,0.17886733096990387,2784,"[0.8432463611732272, 0.6400379265153019, 0.32427434463416355, 0.6596518510942653]"
"[0.9075663761928235, 0.6908575643347037, 0.37969332317113347, 0.7273771350299335]",stable,0.06786729034245806,2785,"[0.8719824136457718, 0.6876539006155981, 0.3283359572253386, 0.7010729868825003]"
"[0.9074983380235175, 0.6908514387826595, 0.37959512553070174, 0.7273268402916019]",stable,0.059576382309565155,2786,"[0.9064715197827597, 0.6592540498192212, 0.33928909170055127, 0.6969077735575309]"
"[0.9074963784467222, 0.6907911384220422, 0.3795182056188121, 0.7272687886375292]",stable,0.035766225828196246,2787,"[0.9035516604655274, 0.6807734755485363, 0.34934432638292834, 0.7113676706751514]"
"[0.9074888646981866, 0.690772057159426, 0.3794607315631247, 0.7272385007937914]",stable,0.04699363889211394,2788,"[0.8972358727772556, 0.7170506954776253, 0.41263907111047643, 0.744899452240801]"
"[0.9074693723181088, 0.6908220165478637, 0.3795238082542794, 0.7272720767471127]",stable,0.026289850654322,2789,"[0.9042297010496072, 0.6970573744235746, 0.40443835296905134, 0.722684424698838]"
"[0.9074632249342975, 0.6908338483464893, 0.3795710844302087, 0.7272633715250097]",stable,0.048727124895954224,2790,"[0.8895600251132877, 0.701170029463667, 0.4145286199824907, 0.75418812230972]"
"[0.9074293173588789, 0.69085342444709, 0.3796372918839062, 0.7273143653711929]",stable,0.05857631975997226,2791,"[0.8833066479282063, 0.733310556858095, 0.4006870481362961, 0.7518822656744417]"
"[0.9073837168495581, 0.6909336836766005, 0.37967708348362716, 0.7273608075267756]",stable,0.06425943526837824,2792,"[0.8651147247856594, 0.6980312820152926, 0.4253207332599226, 0.7129078263867323]"
"[0.9073039640343432, 0.6909470753715791, 0.37976320357754473, 0.7273335377510397]",stable,0.042582845905212115,2793,"[0.884940850922231, 0.696928709085624, 0.4115981457192867, 0.7110871087814213]"
"[0.9072618489437366, 0.6909583402184982, 0.3798231563876045, 0.7273029418396092]",stable,0.051093019716477284,2794,"[0.8760996094888913, 0.69632910476257, 0.4183633270372433, 0.7161126947281251]"
"[0.9072032733056636, 0.6909684356405735, 0.37989560031739705, 0.7272819075405275]",stable,0.045820398488090976,2795,"[0.9072727347057129, 0.7193989830262638, 0.413868071835181, 0.7389899922278165]"
"[0.9072034036272397, 0.6910217762548057, 0.37995933853788066, 0.7273038739283084]",stable,0.06426452623893789,2796,"[0.9090819780596322, 0.7170494339159038, 0.43407807161486006, 0.750110102411695]"
"[0.9072069215568884, 0.6910705171867553, 0.3800606844799724, 0.7273465822213484]",stable,0.11073353469243867,2797,"[0.9593852890625646, 0.7617729832406038, 0.4196480828998437, 0.7818748579154768]"
"[0.9073044512157774, 0.6912026713289119, 0.3801346796172058, 0.7274485042319916]",stable,0.21546860962810596,2798,"[0.8047472064350866, 0.6854640102146724, 0.5694961150695196, 0.7232002328049625]"
"[0.7447045976149356, 0.621775974640908, 0.47123062755399414, 0.6400509033648104]",stable,0.19132019326282415,2799,"[0.7388750690475546, 0.6888829870636333, 0.6349200353019167, 0.7126584761216312]"
"[0.660600803264454, 0.5953739353076211, 0.6971310262700697, 0.6443633133349295]",stable,0.08823060659975109,2800,"[0.722595161851431, 0.6407294315761818, 0.6907850155057773, 0.6873045120834671]"
"[0.661634042574237, 0.5961298602454304, 0.6970252594239982, 0.6450789999807384]",stable,0.1544495996128279,2801,"[0.7082732702384146, 0.7073983400662609, 0.7419863630439076, 0.7303860092067864]"
"[0.6623986200769284, 0.5979539336851162, 0.6977623266964557, 0.6464774755418212]",stable,0.1424315301496726,2802,"[0.6767526404399611, 0.7133985821032413, 0.744746001796813, 0.7138998034894254]"
"[0.6626301365343967, 0.599815944143473, 0.6985201279077518, 0.6475649324442019]",stable,0.09637270106214808,2803,"[0.6347446546732541, 0.6598985633430391, 0.7595907726323783, 0.6817782724510533]"
"[0.6621875098381882, 0.6007696365117201, 0.699489503220841, 0.6481080013331996]",stable,0.10833622479412382,2804,"[0.6459302485378685, 0.6691933199313176, 0.7804780053817155, 0.6633231622817004]"
"[0.6619334901303706, 0.6018387565651513, 0.7007549485671047, 0.6483457382230199]",stable,0.17084648705864963,2805,"[0.5749817641592172, 0.6404431277397775, 0.8418447785331736, 0.6635536932885847]"
"[0.6605957712692759, 0.6024326699678378, 0.7029255613358135, 0.6485797067624901]",stable,0.17770083309247103,2806,"[0.589167529265388, 0.6287942245123118, 0.8580112782211877, 0.6901619287586815]"
"[0.659513525178308, 0.602832087460936, 0.7052753449249858, 0.6492097404290991]",stable,0.14975600599112196,2807,"[0.5848096096577825, 0.6346648108498468, 0.8293967151608239, 0.6698676567988164]"
"[0.6583985413645688, 0.6033072027353974, 0.7071279026896998, 0.6495180675390948]",stable,0.17663736174626787,2808,"[0.5730503415427767, 0.6010454988083459, 0.8617441536746066, 0.6472504744142067]"
"[0.6571434207789542, 0.603273942383529, 0.7094016710865366, 0.649484720581376]",stable,0.28122786052387355,2809,"[0.4812123579118925, 0.6119307312544849, 0.9254835223213709, 0.61245683613368]"
"[0.49779236222432316, 0.5081178869312056, 0.7712871550270187, 0.5474526868558095]",stable,0.22792285012347366,2810,"[0.5024148398304217, 0.6228158989673135, 0.9329849610216585, 0.6598165773218896]"
"[0.49780472179011487, 0.5084245661077728, 0.7717195021018707, 0.5477531250656119]",stable,0.18139028688047706,2811,"[0.5359831775287492, 0.5806302702263711, 0.9110919625882438, 0.630254611371658]"
"[0.4979065310054179, 0.508617114652089, 0.7720911619965009, 0.5479731290290947]",stable,0.17394762367410274,2812,"[0.5355676265627435, 0.5907868417582338, 0.8903577916746063, 0.6379762285044618]"
"[0.4980066934936022, 0.5088356511603501, 0.7724057009052192, 0.548212498974508]",stable,0.14212374565403652,2813,"[0.5168492867340313, 0.5552609537782299, 0.8898873978265452, 0.6105571693484299]"
"[0.4980566738470252, 0.5089587951991243, 0.7727173234434721, 0.5483778694529533]",stable,0.15855248926208573,2814,"[0.5296248105611541, 0.5760976873838741, 0.8833095059079957, 0.6344248503967373]"
"[0.49814018743621596, 0.5091364113160153, 0.773009895354754, 0.5486055069686775]",stable,0.17758646063770192,2815,"[0.5638152679691201, 0.6402207542367125, 0.7148065286888899, 0.6301714186513814]"
"[0.655790838854174, 0.6038094034248795, 0.709480002356136, 0.6492048176548543]",stable,0.054735131360736836,2816,"[0.6970428943557194, 0.598586743579504, 0.6739786086834788, 0.6466401747141987]"
"[0.6563801539327674, 0.603734793998517, 0.7089728395893837, 0.6491681798985591]",stable,0.15199259604862184,2817,"[0.7475780077412177, 0.5522686035196962, 0.5989056120324775, 0.6537657194433596]"
"[0.7447123218357051, 0.6215891268690767, 0.471573839877861, 0.6400877711499677]",stable,0.14269450396238623,2818,"[0.7820726632385342, 0.6413082775116453, 0.5958831202851659, 0.6959830683930207]"
"[0.7448124836089031, 0.6216419932246868, 0.471907108726138, 0.6402376244937829]",stable,0.11613017732143446,2819,"[0.8212678563174417, 0.6015387486628743, 0.5309403829589433, 0.7014889604804257]"
"[0.7450169097391397, 0.6215882412338799, 0.47206495170537005, 0.6404013981194155]",stable,0.25186101845582193,2820,"[0.9662769439227044, 0.6199506573464555, 0.5264509526817728, 0.7477207864306524]"
"[0.9074144745230664, 0.6910697384670043, 0.3804076577385949, 0.7274863256540041]",stable,0.09101307280389855,2821,"[0.9696329875858339, 0.6464964881975399, 0.42505673265721344, 0.7482690473909002]"
"[0.9075303376758835, 0.6909867342765584, 0.38049080312950484, 0.7275250271842404]",stable,0.08864080873781187,2822,"[0.9721257776436881, 0.6430190826578188, 0.34669485074068046, 0.7430672313192607]"
"[0.9076504035494296, 0.690897575072806, 0.3804279853741353, 0.72755391603951]",stable,0.09366851943789026,2823,"[0.9905078341190996, 0.6544225190154418, 0.3577874864766398, 0.7356419212548512]"
"[0.9078041279104123, 0.6908299033547034, 0.3803859807379618, 0.7275689216150486]",stable,0.05870633897351964,2824,"[0.9544970581087924, 0.6971247097056656, 0.36042677380997795, 0.7563475591257579]"
"[0.9078905962996686, 0.6908415604035015, 0.3803490192436508, 0.7276222153882166]",stable,0.1067092302550309,2825,"[0.9124956847290419, 0.6234094592900161, 0.30854737877434313, 0.6868412253620314]"
"[0.9078991084779114, 0.6907169169633657, 0.3802162990209718, 0.7275468346303124]",stable,0.07701603688504544,2826,"[0.917678012742474, 0.6183150748503455, 0.3834219750120278, 0.7033902647383582]"
"[0.9079171507367022, 0.6905833342288398, 0.3802222135523206, 0.7275022653131685]",stable,0.1263788994483842,2827,"[0.9017397041876141, 0.5836038594636994, 0.3347596642044986, 0.6782883042280302]"
"[0.9079057742237205, 0.6903863186215375, 0.3801384887837243, 0.7274116318673395]",stable,0.12221303338652253,2828,"[0.9621873929470307, 0.5894002561646926, 0.3446496092986588, 0.7043489776257054]"
"[0.9080055566110795, 0.6902006824773155, 0.3800732518729062, 0.7273692372823365]",stable,0.06008960384221681,2829,"[0.9562775903401028, 0.6883425256562825, 0.35117005298023174, 0.7483864587109065]"
"[0.9080941291500318, 0.6901972730152586, 0.38002021848044254, 0.7274078009913798]",stable,0.06454258814314016,2830,"[0.9151765076744547, 0.6371767414005322, 0.3469484576145337, 0.7128934129859643]"
"[0.9081071005392708, 0.690100165814499, 0.3799596474898456, 0.7273812178631648]",stable,0.05383594036787057,2831,"[0.9144799766475558, 0.6704930437771256, 0.3350518995669565, 0.7060141902901221]"
"[0.9081187511354468, 0.6900643209844489, 0.3798775492303888, 0.7273421556555358]",stable,0.05833224837768497,2832,"[0.9374582205873568, 0.6543414387434571, 0.3471543887417416, 0.7133808811755022]"
"[0.9081722903132787, 0.6899991332431333, 0.37981783543387665, 0.7273166788772877]",stable,0.06500039343807244,2833,"[0.8998153257523531, 0.6556339098079255, 0.3358890468848278, 0.694997872505566]"
"[0.9081570681556086, 0.6899365372077323, 0.3797378194255906, 0.7272578103775212]",stable,0.09392854472810994,2834,"[0.861734202139885, 0.631089174192815, 0.35719197994354535, 0.6753332303227233]"
"[0.9080726629446708, 0.6898295420022507, 0.37969682699016866, 0.727163402050149]",stable,0.05436895875235104,2835,"[0.925956147894395, 0.6475579099528017, 0.3623278673837263, 0.703762696763051]"
"[0.9081051193601876, 0.6897528239767525, 0.37966530437745283, 0.7271209325305716]",stable,0.1250427306294792,2836,"[0.8538086693115655, 0.6253257229191335, 0.33329172356903775, 0.6472071061442026]"
"[0.9080067562260415, 0.689636108213967, 0.37958129426729265, 0.7269761611059586]",stable,0.05513009352217191,2837,"[0.8883160194093113, 0.6542462326698785, 0.37282296715933716, 0.6901864367382295]"
"[0.9079711491070239, 0.6895721120556595, 0.37956907306094917, 0.7269096335754565]",stable,0.06450668275971698,2838,"[0.877700282678164, 0.6485337680420051, 0.35842012054351996, 0.6935425405893815]"
"[0.9079165085539033, 0.6894980356224218, 0.37953089805640505, 0.7268494041657342]",stable,0.03134835886392139,2839,"[0.9034204713335409, 0.7008234430004794, 0.35226121293598034, 0.7173307554208628]"
"[0.9079084075859387, 0.6895184417618418, 0.3794817634886205, 0.726832253447275]",stable,0.08676363159815945,2840,"[0.9223424830156471, 0.6964989403576642, 0.2974931794037686, 0.7034072677758703]"
"[0.9079343681532583, 0.6895309966154315, 0.3793343020064535, 0.7267901221780817]",stable,0.07894240318241562,2841,"[0.8957502130811248, 0.637082559055994, 0.32969782125506814, 0.6973141902745031]"
"[0.9079124935481019, 0.6894368342499747, 0.3792451880374205, 0.7267372030902836]",stable,0.08710371111852823,2842,"[0.9487707076724843, 0.6759087226768139, 0.30657499875169325, 0.7054370477944455]"
"[0.9079857161540595, 0.6894125903224243, 0.37911495472328843, 0.7266990307689648]",stable,0.12829962919083954,2843,"[0.8839799239528756, 0.6243402400345992, 0.2798011349222837, 0.6844276312670243]"
"[0.9079427719819645, 0.6892961818245928, 0.3789372913604959, 0.7266234110918594]",stable,0.0984609207838144,2844,"[0.9243551850029673, 0.6302688500230523, 0.3048950138785059, 0.705206108131509]"
"[0.9079720798623592, 0.6891907758749473, 0.3788050730078495, 0.7265851659080015]",stable,0.15796338008978844,2845,"[0.8619372178261215, 0.582061854088506, 0.46677532143162204, 0.6664365962173611]"
"[0.7453286972273716, 0.6214828375348256, 0.47205084602464004, 0.6404708253143434]",stable,0.08482992689101501,2846,"[0.791616124159583, 0.5819153603174987, 0.5161007290164857, 0.679810540099674]"
"[0.7454518020862339, 0.6213776048826518, 0.47216799996876724, 0.6405754522153682]",stable,0.2052678753700785,2847,"[0.685554930367545, 0.6314356267666761, 0.6656596937897189, 0.6723097559786557]"
"[0.6567910662769192, 0.6041249465727164, 0.7083627952823461, 0.6494941175898281]",stable,0.121812014640031,2848,"[0.6355923912707958, 0.49602721410655826, 0.7341779925649089, 0.6043583345171357]"
"[0.6564966402351675, 0.6026235891773531, 0.7087213396890484, 0.6488672317138184]",stable,0.25984140085044755,2849,"[0.5252360258095644, 0.42387583606689194, 0.7949395176361016, 0.5444456283647604]"
"[0.49821168041345437, 0.5089114493760439, 0.7730677571549687, 0.5485945310356857]",stable,0.15093864533837092,2850,"[0.4182610603770924, 0.5158848648320687, 0.6689805408973217, 0.47438135228018896]"
"[0.4980012840449376, 0.5089298004693492, 0.772793843427975, 0.5483992331968554]",stable,0.2564731513121299,2851,"[0.3742781744686017, 0.5359488376375479, 0.576766514352541, 0.4420304060584889]"
"[0.2709235029370008, 0.48749138337271875, 0.583831455294029, 0.3841667304875485]",stable,0.06851064707003549,2852,"[0.2832812845346536, 0.5234216721514059, 0.5307748683957877, 0.40502355025781045]"
"[0.27097676923699066, 0.48764625530710964, 0.5836027631091227, 0.38425663057276516]",stable,0.26631675026708373,2853,"[0.46811458117573734, 0.563812130743051, 0.4674397599455829, 0.4972442878275631]"
"[0.4757028649478188, 0.6163714718033557, 0.3968228503676457, 0.4920077354673414]",stable,0.11491586675811546,2854,"[0.5353110273857083, 0.581301041349795, 0.47891813549571727, 0.5330315391804262]"
"[0.47599942296989783, 0.6161969920498555, 0.3972312846220142, 0.49221183399327717]",stable,0.1878276771597486,2855,"[0.6460190226462186, 0.6328619816373479, 0.4259925711446415, 0.5647903332388697]"
"[0.7451880546606635, 0.6214080674204626, 0.4720455187252019, 0.6403744306796215]",stable,0.0896006316444866,2856,"[0.7218084417437279, 0.6965780530536073, 0.4300157211131715, 0.6484140988039794]"
"[0.745126203832841, 0.6216069298163175, 0.4719343287844293, 0.6403956996429135]",stable,0.12198246615220497,2857,"[0.8072644257750464, 0.6964568888740876, 0.43757193229343083, 0.7054746728898894]"
"[0.9077925653274441, 0.6892037279480295, 0.37890982676771684, 0.7265475357956698]",stable,0.08931134133778598,2858,"[0.8270939858567953, 0.7257209716712412, 0.3695148444525594, 0.7200298536055557]"
"[0.9076489735490265, 0.6892687052500281, 0.37889310971733403, 0.7265359384963991]",stable,0.054904581231110014,2859,"[0.8660789747837782, 0.7125310662351471, 0.36208472372723205, 0.7050234080867386]"
"[0.9075751369615217, 0.6893100238308189, 0.37886325468005144, 0.7264977279628118]",stable,0.051237828991148274,2860,"[0.8974373936059721, 0.7144566641859003, 0.4180789532549852, 0.7452678303470636]"
"[0.9075571622392601, 0.6893546100725831, 0.37893278606050346, 0.7265310082861881]",stable,0.020148536152566825,2861,"[0.8979175381740254, 0.7049157436328353, 0.3808338460232866, 0.7347333402905719]"
"[0.9075401009577287, 0.6893821519018933, 0.37893615076840215, 0.7265455256879658]",stable,0.023749474171520596,2862,"[0.8995109030229518, 0.7106863335555198, 0.3781977837254029, 0.7332653591774948]"
"[0.9075259150956531, 0.689419791798808, 0.3789348462329905, 0.7265573981852972]",stable,0.06104521294934277,2863,"[0.8865639392363307, 0.6679716966450275, 0.3294523214395646, 0.7071004573557073]"
"[0.9074889451205925, 0.6893819644704944, 0.37884757546615905, 0.7265230825930051]",stable,0.045115003945936025,2864,"[0.92655462770736, 0.7032509177659954, 0.35685330316310987, 0.7580788657220766]"
"[0.9075225114631749, 0.6894063816417892, 0.37880885315576635, 0.7265786385492183]",stable,0.19959138463230633,2865,"[0.7335592127808636, 0.7124423732718267, 0.34741812717999027, 0.6368153000231543]"
"[0.7450956840675323, 0.6218466011710814, 0.4716057899939163, 0.6403862526782176]",stable,0.20401629886966752,2866,"[0.6311976295975356, 0.7389475547359455, 0.35558817805720344, 0.6019523641535188]"
"[0.7447959523452429, 0.6221547615751994, 0.4713004804888197, 0.6402851108663106]",stable,0.2773852626110326,2867,"[0.5657933436422182, 0.7083834229222177, 0.29901913578643535, 0.5520558287591619]"
"[0.4764439473296618, 0.6166533605195207, 0.3967450858654024, 0.4925080913931083]",stable,0.3289043614493906,2868,"[0.7360247629226998, 0.722105204244876, 0.2823908078394894, 0.6213447589554913]"
"[0.7447729308506954, 0.6224170986950673, 0.4708046545763542, 0.640235398656571]",stable,0.18602918168537358,2869,"[0.7679133062173366, 0.6689940842973554, 0.29220019072390413, 0.6386831839150502]"
"[0.744833507749561, 0.6225390279767488, 0.4703371036238609, 0.6402313352671953]",stable,0.23531810515425208,2870,"[0.8013780166478366, 0.7079300503466761, 0.260218370695148, 0.6673573467302041]"
"[0.9073359657780864, 0.6894389364198296, 0.3786004340301765, 0.7264745589502395]",stable,0.27889229591394404,2871,"[0.6937262124511847, 0.6185997372497026, 0.4575421971170839, 0.5819000387005191]"
"[0.7447000683362492, 0.62252874262237, 0.47030369655726356, 0.6400790342317731]",stable,0.18730805170005965,2872,"[0.5960455483364844, 0.6007554251448708, 0.42117323901475456, 0.5395889317191402]"
"[0.4770331177779713, 0.6165750455669362, 0.39686542159520216, 0.4927400167149114]",stable,0.03661377309473451,2873,"[0.4855654827043932, 0.581055950466658, 0.3984678556750253, 0.49463559506261595]"
"[0.47707494309623805, 0.6164009323556603, 0.3968732766642209, 0.49274930876563544]",stable,0.11577450118208374,2874,"[0.3813953815700508, 0.5934798607613533, 0.42269933465600584, 0.4374610113086647]"
"[0.47660821352781757, 0.6162891222503222, 0.39699925743491254, 0.49247960975365024]",stable,0.1744205469266448,2875,"[0.3435261224373717, 0.5761104118360539, 0.43403445542649005, 0.3938603947884357]"
"[0.2115084858522389, 0.6133863800201871, 0.35775788011568255, 0.3541170849296251]",stable,0.33164985174725226,2876,"[0.5019938234131691, 0.5597632554282883, 0.4215944684095596, 0.49071629184564847]"
"[0.4767314446437659, 0.6160147248385648, 0.3971186516629448, 0.4924710499579803]",stable,0.18525328101506489,2877,"[0.6175474967280811, 0.5858286039498124, 0.48819061770998307, 0.5651643282459401]"
"[0.7443689418476863, 0.6224331693445769, 0.4703502770810988, 0.6398839438516017]",stable,0.08052265046299334,2878,"[0.7035506121188732, 0.6110230701734513, 0.4151854080820302, 0.5993326422577445]"
"[0.7442629202120271, 0.6224035327233531, 0.47020699170707525, 0.6397786157955138]",stable,0.06925490080455533,2879,"[0.7958021125527422, 0.6506962194537574, 0.4348249050230195, 0.6491372886593733]"
"[0.7443964414357077, 0.6224768298392349, 0.4701153282700699, 0.6398028610620005]",stable,0.12779337070972213,2880,"[0.8310758410220646, 0.6605855189758006, 0.4000235321370831, 0.6893275540125434]"
"[0.907202176085532, 0.6893883163892259, 0.3786380184128202, 0.7264093887661383]",stable,0.07561740741486608,2881,"[0.8515583327689413, 0.6688938238227359, 0.3739765577753478, 0.6797189018949144]"
"[0.9071047262723682, 0.6893524241080237, 0.37862985473394545, 0.7263276190868541]",stable,0.07378001439165793,2882,"[0.8683894237866682, 0.6691172509007919, 0.3250229883268714, 0.7006088026995969]"
"[0.9070370421771133, 0.689317047931088, 0.378536136436031, 0.7262826561211422]",stable,0.11777966953612529,2883,"[0.8536696473628971, 0.6773367723523565, 0.2868664604038347, 0.6765120300451899]"
"[0.906943905362429, 0.6892961399457848, 0.3783761544534268, 0.7261957963897706]",stable,0.06246355405408804,2884,"[0.9348318510405544, 0.697877726600286, 0.32968398630594176, 0.7522608535067276]"
"[0.9069924906336453, 0.6893110904451828, 0.3782913248921943, 0.7262412058969431]",stable,0.21843485794574036,2885,"[0.7451623103778976, 0.6526364335994599, 0.29303217309863455, 0.6126162680317931]"
"[0.7443984204252224, 0.6225547616318969, 0.4696577490577406, 0.6397326114676072]",stable,0.23714971813208566,2886,"[0.5927603462402088, 0.6643412575723988, 0.3114840187010271, 0.5592289280137174]"
"[0.4772919707384347, 0.6162481863493563, 0.3967049577839017, 0.49279355178433654]",stable,0.07164307200427958,2887,"[0.49290778495887494, 0.6445758905568406, 0.3360025008030291, 0.5128342354867873]"
"[0.4773670467683407, 0.6163843772349692, 0.39641311904841675, 0.49288990122521376]",stable,0.10961680259222589,2888,"[0.3875104919848281, 0.6164548933594566, 0.36896544437438633, 0.43642519405829927]"
"[0.47693711109952003, 0.616384714632694, 0.39628179046145967, 0.4926197351622142]",stable,0.21571806052534004,2889,"[0.311427629543186, 0.5600439452552116, 0.3411343270045102, 0.3789299461221005]"
"[0.21165542576943144, 0.6133079352631797, 0.3577334337140485, 0.3541535744313788]",stable,0.06780295600200288,2890,"[0.2627792725512174, 0.5836020066873207, 0.3676950730962471, 0.38580664191475234]"
"[0.2117304974974517, 0.6132643142226866, 0.3577480616720253, 0.35420005470668475]",stable,0.07114983684658618,2891,"[0.22394922004967, 0.5622541805928877, 0.31741737803586534, 0.32803893227285585]"
"[0.21174841351292414, 0.6131895193053409, 0.35768892577226546, 0.3541616952896263]",stable,0.05071094746026273,2892,"[0.20040090307136516, 0.571193289642753, 0.3598600203572104, 0.32819176572625197]"
"[0.21173179929558658, 0.6131280314141805, 0.3576921045344689, 0.35412367196669314]",stable,0.07468339793530439,2893,"[0.19101082123191349, 0.5739063669048257, 0.31823172370420577, 0.30881594223881975]"
"[0.21170150546800812, 0.6130706897994007, 0.35763441391922, 0.35405743259574596]",stable,0.07147379416578431,2894,"[0.18295608142034436, 0.5537812902695298, 0.36296357016285347, 0.32688076896881807]"
"[0.2116595413453108, 0.6129841359314738, 0.35764219370935674, 0.3540177586342468]",stable,0.09176412824620414,2895,"[0.16515385548578415, 0.5423504429361008, 0.36167385080511116, 0.31862703145298543]"
"[0.21159174880032605, 0.6128811713644252, 0.35764807076051675, 0.353966168652933]",stable,0.17055270074392434,2896,"[0.09644077370468505, 0.5265425529880292, 0.4010646360646663, 0.2734110850168567]"
"[0.21142413457165699, 0.612755496519627, 0.357711268089926, 0.35384891234487464]",stable,0.2131899079456206,2897,"[0.09985507874630924, 0.4652600655890052, 0.3468091213826461, 0.24835709425519661]"
"[0.21126197024632945, 0.6125411136258325, 0.3576954219464561, 0.35369558121393035]",stable,0.24392621426726857,2898,"[0.21548526614742752, 0.5144759152992021, 0.5800275954440286, 0.3745230458579321]"
"[0.27073860827952473, 0.4877614040624405, 0.5835874190418906, 0.3842148555310706]",stable,0.14987354917416001,2899,"[0.2611297054515376, 0.6095085373113291, 0.6367295843533292, 0.45294109171632047]"
"[0.27069754459222567, 0.4882816909566665, 0.5838145223124523, 0.38450855739511014]",stable,0.19960372429069323,2900,"[0.32480695037618484, 0.631950990119118, 0.6645122549494888, 0.48330545705209993]"
"[0.2709277973827957, 0.48889304967650676, 0.5841579169194184, 0.38492896973407603]",stable,0.2405465281386706,2901,"[0.3729184454747479, 0.5708961943819055, 0.743203612784927, 0.5091887411262422]"
"[0.49767298263136756, 0.5090924419231879, 0.7727161787806179, 0.5482963185195047]",stable,0.11930914286771832,2902,"[0.38494163693411526, 0.5443762334166, 0.7714360581047659, 0.5315711692519826]"
"[0.497377874396558, 0.5091848078695057, 0.7727128276793722, 0.5482525354062389]",stable,0.12464576125268166,2903,"[0.37791611958452287, 0.5181603917741078, 0.7680050920965712, 0.5141536929809659]"
"[0.49706596380958135, 0.5092082428144263, 0.7727005359415582, 0.5481635044860684]",stable,0.05869063628542566,2904,"[0.4480906651771362, 0.5333125259070385, 0.7942209507479541, 0.5495295918195902]"
"[0.49693842396939275, 0.50927101438498, 0.7727565786884498, 0.5481670620051661]",stable,0.20160173589389754,2905,"[0.6131977066651976, 0.6287756652456984, 0.6807743286806173, 0.6143859657158448]"
"[0.6559035041588666, 0.6029818367947277, 0.7083385039218096, 0.6483948856042573]",stable,0.16283203654446848,2906,"[0.6851350991224553, 0.5788223766746796, 0.5531267459641842, 0.6170035387151046]"
"[0.7442456799064009, 0.622442049299533, 0.4698728753384273, 0.6396740313831935]",stable,0.08575214582296217,2907,"[0.7781100474842696, 0.6406937943242006, 0.5317714668267762, 0.6848633365018449]"
"[0.744332734835907, 0.6224889689525527, 0.47003199768158505, 0.6397901992626759]",stable,0.08632692621694016,2908,"[0.8249825179283083, 0.6178118458218661, 0.4567493780260147, 0.6671698853733583]"
"[0.7445395291515287, 0.6224769763291407, 0.46999793968246817, 0.6398604035860366]",stable,0.1617888519200368,2909,"[0.8826080771506851, 0.628097384229418, 0.4168501395933969, 0.7051017326630475]"
"[0.9069500829580228, 0.6892046318256771, 0.3783583837003703, 0.7262044415956667]",stable,0.08486185692384572,2910,"[0.9172983813495148, 0.6246471369169838, 0.43242236254416294, 0.7281700264083574]"
"[0.9069680487538414, 0.6890925528414606, 0.37845224477475187, 0.7262078540692998]",stable,0.08149407946001756,2911,"[0.9270429770657558, 0.6149521376328354, 0.404008174816759, 0.7168070289625422]"
"[0.9070028406573282, 0.6889640599208218, 0.378496535814686, 0.7261915614781268]",stable,0.07000828178171553,2912,"[0.9430838600866837, 0.7121263959821923, 0.4216349594391405, 0.7608600219334715]"
"[0.9070652645663755, 0.6890041331666027, 0.37857116976559335, 0.7262515415135167]",stable,0.059315336218665506,2913,"[0.9019568638010462, 0.7399279857191028, 0.3960575303374657, 0.750607275694933]"
"[0.9070564417671262, 0.6890920845527037, 0.3786013707337659, 0.7262936066848145]",stable,0.08527211139068852,2914,"[0.8989379867058673, 0.7538532591072692, 0.4253179062549423, 0.7550856064009868]"
"[0.9070424444308136, 0.6892037417502115, 0.3786819164846644, 0.7263432480636354]",stable,0.08545249417877661,2915,"[0.9306956200451162, 0.7313647858173904, 0.4352593410699656, 0.7683444079903894]"
"[0.9070831555764491, 0.6892763080911188, 0.3787792958729352, 0.7264155392166936]",stable,0.13229555156991837,2916,"[0.9843738203335186, 0.7761079611959687, 0.4261771789580715, 0.7681524629740334]"
"[0.9072159574059286, 0.6894255033713677, 0.37886073553459354, 0.7264872521441117]",stable,0.14745854985621887,2917,"[1.0, 0.7664702969662123, 0.3663561229276978, 0.8104091194319634]"
"[0.9073751067071192, 0.68955765567599, 0.37883928679941875, 0.726631200458499]",stable,0.17740495371819542,2918,"[1.0, 0.7802978173155811, 0.4468070145538737, 0.8268297922437865]"
"[0.9075337109764563, 0.6897130326650989, 0.3789556698948887, 0.7268027733896383]",stable,0.08787391395187566,2919,"[0.9742650554027344, 0.7292991552283672, 0.3789888210094011, 0.7680543215507993]"
"[0.9076477816506893, 0.6897807012506771, 0.37895572656346055, 0.7268732888565804]",stable,0.08122134583304225,2920,"[0.9503148075793884, 0.7499058278499392, 0.3647921919223942, 0.7578699879586525]"
"[0.907720592275141, 0.6898833038557953, 0.37893155670912426, 0.7269261842475396]",stable,0.12067556933746473,2921,"[0.9674149331027002, 0.769560967263032, 0.40917083261055187, 0.7880509325497199]"
"[0.9078222862118147, 0.6900190409314465, 0.3789830716595526, 0.7270303149942213]",stable,0.08424527398365024,2922,"[0.9705837133339471, 0.7319027296606857, 0.36560389490233236, 0.7620306535912238]"
"[0.9079290233327707, 0.6900902716945915, 0.3789603179575845, 0.7270898393795904]",stable,0.17025961155931024,2923,"[0.7970319961545962, 0.6849085619900813, 0.2953360071178888, 0.6287521090188861]"
"[0.9077407431508043, 0.6900814742248046, 0.37881834119894325, 0.7269228822822038]",stable,0.1945272765509657,2924,"[0.7422421629596883, 0.6418045353440611, 0.443935015009077, 0.6646313319621948]"
"[0.7445336535346698, 0.6225264074263654, 0.4699312825861168, 0.6399237563440319]",stable,0.1261860243479591,2925,"[0.6690133858281606, 0.6333366684992574, 0.5702984718959169, 0.6345230645487535]"
"[0.7443409997905206, 0.62255398462298, 0.4701873213343561, 0.6399099790690439]",stable,0.21819552377371604,2926,"[0.6587404660840864, 0.5906567667798513, 0.6681583687300683, 0.6483874262657287]"
"[0.6559418414821803, 0.6028152817945267, 0.7077955291219212, 0.6483947848023853]",stable,0.03465382023787571,2927,"[0.6376551660069745, 0.6081609707335891, 0.7319176350514925, 0.6643957964089319]"
"[0.6556980191425109, 0.6028865576470476, 0.7081171572009822, 0.6486081316238059]",stable,0.07484584866933258,2928,"[0.6183410479394725, 0.626815644503534, 0.7673180215725661, 0.6372496887093897]"
"[0.6552064800477341, 0.603201414053054, 0.7088961159427135, 0.6484586784275637]",stable,0.0962359321716559,2929,"[0.6072411850555431, 0.6247518787969019, 0.7891965164219055, 0.6415226659228735]"
"[0.6545835541387446, 0.6034812902185586, 0.7099389782865991, 0.6483686003430872]",stable,0.18031252959224991,2930,"[0.5505034813675848, 0.5708220285631661, 0.8500124949269079, 0.6168609926260955]"
"[0.49707755398860876, 0.5094308871490792, 0.7729572434059523, 0.5483454877989866]",stable,0.11459811773745004,2931,"[0.5698263873925689, 0.5659194929123581, 0.8036958408532421, 0.6092101891719799]"
"[0.4972660224689299, 0.5095772306873261, 0.7730368770780955, 0.5485031683724918]",stable,0.10283899927278833,2932,"[0.5337013650904388, 0.5774714456388117, 0.7181621379792763, 0.5888450097340336]"
"[0.49736017064107857, 0.5097526679352627, 0.7728950818866257, 0.5486074108566302]",stable,0.2133380522176166,2933,"[0.48747652618336373, 0.6827978128654142, 0.6499984322605988, 0.5677706418744011]"
"[0.6524411563444448, 0.6044981687140311, 0.7091705097478042, 0.6473352931832322]",stable,0.30690875032796705,2934,"[0.40803521553404576, 0.6937609218069808, 0.5894432803516417, 0.5370798235871894]"
"[0.4766090068349225, 0.6167531727620953, 0.39720160707998436, 0.4928314498689998]",stable,0.22253016473852472,2935,"[0.31619320140328633, 0.7021449582215205, 0.5252215901417793, 0.4825566993034804]"
"[0.4758487423542038, 0.6171578731671162, 0.3978083368575284, 0.4927827543686893]",stable,0.26367629398011955,2936,"[0.25082275253586594, 0.6589888939224157, 0.5074424383329837, 0.4212354175237237]"
"[0.21131938792744634, 0.6126085269499205, 0.35791276159288066, 0.3537936071011724]",stable,0.10037530979194911,2937,"[0.22762033533197906, 0.6006078499372244, 0.4514398453551823, 0.38409460186538397]"
"[0.2113430124889022, 0.6125911346643949, 0.3580483080910869, 0.3538375215863379]",stable,0.0736677366774456,2938,"[0.22614658983703234, 0.6774719910643856, 0.3792343516001414, 0.37727713673061064]"
"[0.21136443590040457, 0.6126850288125859, 0.35807896806722156, 0.353871442881771]",stable,0.23788965557908381,2939,"[0.41506386201584927, 0.6596825832492252, 0.3690237298697661, 0.4668735406403272]"
"[0.47556202122053237, 0.6173584614222206, 0.39767256040947296, 0.4926605410963857]",stable,0.09145575942651711,2940,"[0.5252839452061562, 0.6692391552223821, 0.4345443787363564, 0.535564490000094]"
"[0.4757954574833757, 0.6176020327546158, 0.3978456675377682, 0.4928619680865439]",stable,0.18524020937933683,2941,"[0.6278107427611784, 0.6568197975430947, 0.3818794576885498, 0.5898791587326097]"
"[0.744044485141591, 0.6226411749866444, 0.46996261939123696, 0.6397826741826916]",stable,0.11104644451688815,2942,"[0.7241144076684205, 0.5859239948335776, 0.3686789580737408, 0.6216836829542914]"
"[0.7439939011886134, 0.6225479841740731, 0.4697055542609895, 0.6397367376567312]",stable,0.12405705881721782,2943,"[0.7876425281020116, 0.6750092493352128, 0.36738855251868624, 0.6559847536313578]"
"[0.7441044040415588, 0.622680797503595, 0.4694465238768318, 0.6397778718743885]",stable,0.1255795776521126,2944,"[0.7957931438235054, 0.6253717111140786, 0.355038524954073, 0.6412177571018046]"
"[0.7442349311622203, 0.6226875927399851, 0.469157614788643, 0.6397815079481951]",stable,0.20541770780550064,2945,"[0.8913939455457804, 0.6492310791834793, 0.3490340480226532, 0.7133099459879495]"
"[0.9077130367141857, 0.6900122362671074, 0.3787678593461021, 0.7268998095088236]",stable,0.027469783275783904,2946,"[0.8918161881829986, 0.7052843916991192, 0.38287999183055177, 0.7110337818117017]"
"[0.9076861384933208, 0.6900380774776523, 0.3787748172690876, 0.72687296343827]",stable,0.02656870799633919,2947,"[0.9078974482480288, 0.6664778007209539, 0.3874992901598468, 0.7355129012105277]"
"[0.9076864954354741, 0.6899982797128605, 0.378789554554376, 0.7268875579277502]",stable,0.03603655732213955,2948,"[0.9232345143510217, 0.7056342728626566, 0.3967352700162605, 0.7490316222840113]"
"[0.9077127146916555, 0.6900246473235685, 0.3788198171436878, 0.7269249003634268]",stable,0.04908443137578541,2949,"[0.9195975671189698, 0.7101575398477816, 0.343787267800063, 0.7017173853855452]"
"[0.9077327228607251, 0.6900585410820268, 0.37876083978789044, 0.7268824634695247]",stable,0.0812817981547555,2950,"[0.9383551910006928, 0.7458546388589501, 0.3592771170924262, 0.7735319562757852]"
"[0.9077841891937335, 0.6901523160362737, 0.3787280940354611, 0.7269608659784428]",stable,0.21892543167882075,2951,"[0.7795967840485486, 0.5898566146101732, 0.5092543628286526, 0.6606283759884214]"
"[0.7443240038395158, 0.6226048950620763, 0.469258614153983, 0.6398340189508153]",stable,0.15556356707517663,2952,"[0.6895069868630646, 0.6039605734526438, 0.6122178483791023, 0.6195814963314485]"
"[0.6529103440725286, 0.6044913637107224, 0.7079432608697194, 0.6469839792990325]",stable,0.06893402300482998,2953,"[0.6238459673132457, 0.548763139156006, 0.7013987706523607, 0.6194395394427041]"
"[0.6525470393630375, 0.6037947609037885, 0.7078614547420023, 0.6466396738008283]",stable,0.06962333453657499,2954,"[0.6196081929556102, 0.6008391408097089, 0.7671003360346277, 0.6310044455518559]"
"[0.6521403869382544, 0.6037582717668246, 0.7085927989554917, 0.6464466462915818]",stable,0.14062968054107733,2955,"[0.6177281694985387, 0.5903202174401683, 0.840048396876282, 0.6800822050229085]"
"[0.6517207257499652, 0.6035943930555239, 0.7101959160033062, 0.6468568360322077]",stable,0.2262105772168978,2956,"[0.6087961173312656, 0.5577486276510758, 0.9274463423617076, 0.6522532495149294]"
"[0.4976473766892491, 0.5098763688623654, 0.7732934098775408, 0.5488745393067805]",stable,0.21374970029598092,2957,"[0.6242098241980493, 0.5043912506173536, 0.9163023218003852, 0.6447350934762941]"
"[0.49797273002474735, 0.5098622683013243, 0.773661042041867, 0.5491209674665994]",stable,0.05937179811925766,2958,"[0.4738253278960772, 0.5264630352212311, 0.7274237205819608, 0.5261331875773972]"
"[0.4979108136090328, 0.5099048343703497, 0.7735424848073543, 0.5490620244412425]",stable,0.19010683231880873,2959,"[0.438039844098165, 0.5485670394168098, 0.6068388957653847, 0.49186742674537626]"
"[0.4977576909248618, 0.5100037146901616, 0.7731161329172215, 0.5489157466977749]",stable,0.1909277079056912,2960,"[0.350682447969834, 0.5046805753130318, 0.6817162447466322, 0.4686662159488919]"
"[0.27126574081748656, 0.48895994597157677, 0.5845712996644491, 0.38528378857396933]",stable,0.16283382960491583,2961,"[0.3204765920329584, 0.4555819102038458, 0.7256864415748869, 0.4406513931666959]"
"[0.27147338153991474, 0.4888191103776201, 0.5851667222041556, 0.3855174071587487]",stable,0.1994948629262479,2962,"[0.30194466996446906, 0.38007956537698173, 0.7496164687325039, 0.3868186125715119]"
"[0.3021762610296644, 0.30073715542122015, 0.8342932049960998, 0.379229059399491]",stable,0.17386645740292533,2963,"[0.37166855532578547, 0.43120202843104777, 0.7781137107368434, 0.451500404887231]"
"[0.30237037358356417, 0.30110158244080065, 0.8341362790344817, 0.3794309346662165]",stable,0.22461834737876482,2964,"[0.4412489396412252, 0.4310925968174096, 0.8547978847317795, 0.49708117946105324]"
"[0.49761353594709734, 0.5098024108180372, 0.773324504733075, 0.5487835156589056]",stable,0.14336469782556371,2965,"[0.46420584101714757, 0.4767837488472255, 0.9087704362593171, 0.5475465448716922]"
"[0.49752852908976924, 0.5097183938664576, 0.7736691508692741, 0.5487803681505412]",stable,0.06936688168533184,2966,"[0.5517909247303427, 0.516933312526472, 0.7408916185902502, 0.5760004897615777]"
"[0.4976662509061159, 0.509736705842752, 0.7735859591629821, 0.5488494547536149]",stable,0.15538050151795005,2967,"[0.6135047033070405, 0.5297645508375797, 0.6789400627339959, 0.5858033843328241]"
"[0.6512602917446288, 0.6027048768842233, 0.7098193394578929, 0.6461212522767935]",stable,0.16706697452148084,2968,"[0.6869870710927064, 0.5383404723320844, 0.5685433845015139, 0.5957893618792863]"
"[0.7441799411944232, 0.6223931754069758, 0.46950807337596173, 0.6397233539832989]",stable,0.06336314428501266,2969,"[0.7173883108320751, 0.5940406315683818, 0.519395950701496, 0.6376187043583761]"
"[0.7441127942511592, 0.6223221163998616, 0.4696331056499606, 0.6397180791722089]",stable,0.0940543463984857,2970,"[0.814675226391269, 0.5893093146989553, 0.4999160441320967, 0.6828488316310118]"
"[0.7442892003315095, 0.6222395843956093, 0.46970881299616596, 0.639825906053356]",stable,0.06501773325357611,2971,"[0.8029898850263488, 0.6286454759766527, 0.4566721779119168, 0.6637120098068414]"
"[0.7444355860788782, 0.6222555591875819, 0.4696763026842351, 0.6398854723968809]",stable,0.12654690040699706,2972,"[0.8524157656005338, 0.627502708359775, 0.4196959603148079, 0.6826503135083483]"
"[0.9076912891541477, 0.6900471992448701, 0.37879683206613113, 0.7268865194138957]",stable,0.034501372918891514,2973,"[0.8939754653079031, 0.6799087699426709, 0.39947813807835564, 0.705167478403293]"
"[0.9076683145748407, 0.6900302169512317, 0.378831474119753, 0.7268501391106953]",stable,0.06382775915010269,2974,"[0.937707681688685, 0.6669288494310831, 0.4297075445877488, 0.7338908446121173]"
"[0.9077185476302151, 0.6899915859018668, 0.37891655116066936, 0.7268619128657143]",stable,0.0522969985426848,2975,"[0.9002190498782787, 0.7234261475987471, 0.4071840261283882, 0.7544628826517412]"
"[0.9077060276005791, 0.6900474032001922, 0.37896374227079915, 0.7269079912793804]",stable,0.10541621855046211,2976,"[0.9341652977648973, 0.720181233823709, 0.4605947868680722, 0.7802072498648582]"
"[0.9077501263841864, 0.6900976262512314, 0.37909979401179467, 0.726996823377023]",stable,0.1753798450342214,2977,"[0.9409724964210098, 0.7405670542872969, 0.5241599269659867, 0.8048733848983719]"
"[0.9078054048701044, 0.6901816020050352, 0.3793411586256951, 0.727126401682383]",stable,0.1470604675835885,2978,"[0.9642914363537275, 0.7190833654434193, 0.49365341520823697, 0.7944577126624436]"
"[0.9078992354871869, 0.6902296115788531, 0.37953104609510135, 0.7272382477139113]",stable,0.14720891657943277,2979,"[1.0, 0.7228129977548762, 0.44631195831423126, 0.8147970679728136]"
"[0.9080519730734437, 0.6902836470451483, 0.3796417938765593, 0.7273834530543075]",stable,0.20023881285623515,2980,"[1.0, 0.7966938099082883, 0.446503322492579, 0.853270528439181]"
"[0.9082042049061034, 0.690459822811478, 0.37975249177161896, 0.7275918753645474]",stable,0.0779344578373055,2981,"[0.9451265779097873, 0.7544962794443862, 0.3843089137725591, 0.7518630378958848]"
"[0.9082652336218121, 0.6905656681943423, 0.37976002304765355, 0.7276319929885661]",stable,0.07796042498821334,2982,"[0.9421921528678778, 0.7552445995094905, 0.3778663406479281, 0.7548320265494476]"
"[0.9083212186370696, 0.6906723991041033, 0.37975689815920516, 0.7276768775323958]",stable,0.08935808257506232,2983,"[0.9503381607520314, 0.7095698523779049, 0.441129390730519, 0.7734562059694549]"
"[0.9083904392995324, 0.6907035316465642, 0.3798580060547098, 0.7277522965248787]",stable,0.08576105483506641,2984,"[0.9197496146366766, 0.7139411713986352, 0.4572080344832789, 0.754264800422772]"
"[0.9084091221537054, 0.6907417514487879, 0.37998522649620414, 0.727795902616816]",stable,0.058446031096626,2985,"[0.9220522639074837, 0.7074951292956996, 0.42519272720325174, 0.7578859249593631]"
"[0.9084315246853208, 0.6907692611004249, 0.38005945884547676, 0.7278453115204984]",stable,0.08223956309229481,2986,"[0.9462797388638634, 0.7207796149997959, 0.43475602140316244, 0.7657731789047106]"
"[0.9084935709380725, 0.6908184584018993, 0.380149125341473, 0.7279074883522758]",stable,0.05440549069088972,2987,"[0.9477027596618414, 0.7112863224459682, 0.4108772644993977, 0.7356175429762772]"
"[0.9085577430963766, 0.6908519573610549, 0.3801994168949229, 0.7279201070996146]",stable,0.11449492124272498,2988,"[0.9873455034080154, 0.7289317433136583, 0.41557223299009977, 0.7927295940498618]"
"[0.9086864812668205, 0.6909141792335264, 0.3802572156140327, 0.7280260049541085]",stable,0.13941517590541735,2989,"[0.9920632056871616, 0.7630303994567382, 0.4376146202145834, 0.791226416470798]"
"[0.9088224954991538, 0.6910318239647225, 0.3803507839739031, 0.7281291051360281]",stable,0.1585616112453067,2990,"[1.0, 0.7563848606505835, 0.4479722977062102, 0.817486582216538]"
"[0.9089709930634874, 0.6911382621352207, 0.3804609167324247, 0.7282746384863221]",stable,0.11909589020485593,2991,"[0.9887645035898297, 0.7422228422881357, 0.3888685825342525, 0.7999440431715487]"
"[0.9091007386090586, 0.6912213264931929, 0.3804745877337285, 0.7283911741036965]",stable,0.08800602603163153,2992,"[0.9569572917545528, 0.7480933056226752, 0.39885636263205804, 0.7717789521108216]"
"[0.9091784278187104, 0.6913136511346368, 0.38050442827739456, 0.7284616088082535]",stable,0.11891745034194041,2993,"[0.9879027521171272, 0.7519858671593523, 0.3872153175787781, 0.7934053300368711]"
"[0.9093060199164389, 0.6914119853583398, 0.38051530492131896, 0.7285668660549773]",stable,0.10575487355257814,2994,"[0.986094556408035, 0.7359918026990366, 0.38185844259057833, 0.7859989982692015]"
"[0.9094302732117326, 0.6914841209851047, 0.38051747828324334, 0.7286597983077512]",stable,0.1043876466627975,2995,"[0.9796267428929525, 0.7517390748763396, 0.3710954483100401, 0.7760918792534556]"
"[0.9095436762322193, 0.6915814633984992, 0.38050225691010403, 0.7287364252559672]",stable,0.08116221615356571,2996,"[0.9597065827522417, 0.7184484926561684, 0.40297428955020775, 0.7820670789957375]"
"[0.9096245841459613, 0.6916247973166568, 0.38053850212403967, 0.7288224424394184]",stable,0.08456955474113187,2997,"[0.9683319877868805, 0.7035365514864933, 0.41300316283359645, 0.7789184129806329]"
"[0.9097191210278307, 0.6916439788853683, 0.38059078016060904, 0.7289031122792593]",stable,0.05804691522113663,2998,"[0.9495425683287327, 0.723808929397702, 0.40068861713336235, 0.747478104050936]"
"[0.9097831458627197, 0.6916956910244557, 0.3806230917956135, 0.728932975610082]",stable,0.05344854401069558,2999,"[0.9489506779126854, 0.7154703643444288, 0.3931670585576649, 0.7534292017761526]"
"[0.9098460150955445, 0.6917338526188698, 0.38064322657372274, 0.7289722953952602]",stable,0.04606882168177222,3000,"[0.9301325496434933, 0.7237668875324259, 0.3907980737101032, 0.7530877800689184]"
"[0.9098785255675766, 0.6917851876107184, 0.3806595003672105, 0.7290109420053142]",stable,0.09403801921624666,3001,"[0.9680637762200086, 0.742637024783692, 0.40992387962840654, 0.773903173262171]"
"[0.9099716219686205, 0.6918665505501951, 0.3807063233740284, 0.7290827695753253]",stable,0.10951788496573366,3002,"[0.9805320168407677, 0.7476087694511153, 0.4258118788508844, 0.7723689301810024]"
"[0.9100843382543587, 0.6919555956283115, 0.38077837697702654, 0.7291519167967401]",stable,0.10834360095989444,3003,"[0.999761212196739, 0.7106857458671071, 0.38476189552799767, 0.786855531942288]"
"[0.9102273635716512, 0.6919854682762204, 0.3807847302761509, 0.7292439480808638]",stable,0.08167481868185858,3004,"[0.981308436316884, 0.6982474604747534, 0.3520376997637218, 0.7566784663839866]"
"[0.9103405499932201, 0.6919954396013774, 0.3807389547498572, 0.7292876336195631]",stable,0.05481797060964797,3005,"[0.9557242224520852, 0.7227075032019196, 0.3804378572981968, 0.73070561303674]"
"[0.9104127020956985, 0.6920442664115533, 0.3807384760575652, 0.7292898879588591]",stable,0.08431296300113406,3006,"[0.9409754690346008, 0.7514052210429945, 0.39444849584978037, 0.7789175559436635]"
"[0.9104612144241729, 0.6921384901490635, 0.38076023799374337, 0.7293686620350255]",stable,0.08968802984046215,3007,"[0.9512259217096012, 0.7019696940189817, 0.43457404446198106, 0.7875889591869994]"
"[0.9105258177637694, 0.6921540705038495, 0.38084552136374056, 0.7294609287500049]",stable,0.03941569580686518,3008,"[0.8786803658782109, 0.6948347716043926, 0.4013272459381195, 0.7188412738491744]"
"[0.9104754293905328, 0.6921583121195148, 0.38087792915578866, 0.7294441254985796]",stable,0.06704120478302569,3009,"[0.8579074400367523, 0.6754526046213327, 0.3817347692720006, 0.6913479997630033]"
"[0.9103923835937655, 0.692131920796453, 0.38087928277366584, 0.7293839420456009]",stable,0.051603395241772876,3010,"[0.8648934094005897, 0.7134496390853674, 0.369163480551945, 0.7304079601623121]"
"[0.9103206186502432, 0.6921655449577919, 0.3808608035903508, 0.729385557216132]",stable,0.10328874605362784,3011,"[0.8276455587506125, 0.6760576065542022, 0.41102657710445967, 0.6777719934890946]"
"[0.9101904217055193, 0.6921401781256603, 0.38090830874549114, 0.7293042760134122]",stable,0.17379573969915635,3012,"[0.7931931031505605, 0.6067946344040067, 0.44321155786533506, 0.6561535418783923]"
"[0.7445568734347778, 0.6222170991756825, 0.4696104699856807, 0.639925940231412]",stable,0.12389458362371093,3013,"[0.8400736277283603, 0.6796147796385136, 0.42509645727183565, 0.6707549274043713]"
"[0.9100801751741087, 0.6921204841028818, 0.3809777869664445, 0.7292122172891841]",stable,0.09391167097544062,3014,"[0.8588208706648817, 0.692060126500845, 0.45964619121862443, 0.7309910303780819]"
"[0.9099997053083171, 0.6921203893499744, 0.3811012852462753, 0.72921500977441]",stable,0.09053470737178958,3015,"[0.8539583441532684, 0.6477183315309942, 0.4026251872718792, 0.6780185452302921]"
"[0.9099118661842497, 0.6920507936480639, 0.38113502176982633, 0.729134764532178]",stable,0.08801340290404519,3016,"[0.8852090752287777, 0.6722080517413683, 0.46235292134644296, 0.7412198624526305]"
"[0.9098732076694523, 0.6920197408438281, 0.38126212333410897, 0.7291536770484853]",stable,0.3273892656301334,3017,"[0.6947838363084847, 0.5309375325378579, 0.5094431145192708, 0.5929830148504801]"
"[0.7444333671391791, 0.621990599010328, 0.469709310294697, 0.6398094565456032]",stable,0.29219066423828,3018,"[0.5847584018770773, 0.4415898094783351, 0.5874234213937917, 0.5237136645420278]"
"[0.49788673736427025, 0.5095641820544876, 0.7731146615990095, 0.5487858198416868]",stable,0.15250000841338926,3019,"[0.590640673758393, 0.4699652933959821, 0.6587389562874009, 0.5505424931073091]"
"[0.4981209644763766, 0.5094641848609055, 0.7728258340603438, 0.548790255885287]",stable,0.11780926912924226,3020,"[0.5625164436417924, 0.5034631179619341, 0.6751459237622781, 0.5363456395368956]"
"[0.49828316971356906, 0.5094490688233766, 0.7725797889462428, 0.5487589092446109]",stable,0.04042876559711704,3021,"[0.528288143573229, 0.4911116906921601, 0.7571790381907424, 0.5614373977518226]"
"[0.49835855909512605, 0.5094029950089766, 0.7725410935925859, 0.5487907647433727]",stable,0.06420601047084493,3022,"[0.5397711184564327, 0.5450164013978348, 0.7569466316504031, 0.5787225162765581]"
"[0.49846234997071825, 0.5094922516665927, 0.7725020097280692, 0.5488657816645086]",stable,0.08072110200175127,3023,"[0.5276738264494967, 0.5618220046471032, 0.7325515749937103, 0.5853095145666332]"
"[0.4985353786619152, 0.509623076049044, 0.7724021336412332, 0.5489568909967639]",stable,0.0845609390651381,3024,"[0.5485902878408725, 0.5614475638284104, 0.779871167544884, 0.5925859464714903]"
"[0.49866020387183785, 0.5097523141731821, 0.7724207596609431, 0.549065691633858]",stable,0.2186453560638942,3025,"[0.6437363391235743, 0.5938053209745986, 0.6420054370039758, 0.6008888753709374]"
"[0.6511707208800925, 0.602598929790061, 0.7090120310953462, 0.6455827715993427]",stable,0.14949436360398355,3026,"[0.6982097245933755, 0.5543555259278797, 0.5781419337554968, 0.6194774371814383]"
"[0.7443189521823825, 0.6218231854630943, 0.46997770787752075, 0.6397591297649988]",stable,0.14779438466321135,3027,"[0.8278126490223722, 0.5454804695748441, 0.5547800729086718, 0.6827978488665066]"
"[0.7445251094585306, 0.6216346849300369, 0.4701870964331532, 0.6398653982072249]",stable,0.12764329515477862,3028,"[0.8425969961806774, 0.5530326077987817, 0.5143068168999512, 0.6445473969190203]"
"[0.7447666658297675, 0.6214657142967087, 0.4702957656953867, 0.6398769302237562]",stable,0.16202060480909683,3029,"[0.8866648112812626, 0.590491931714266, 0.5039769645500121, 0.703294548725105]"
"[0.7451153099217859, 0.621389611636801, 0.4703785204837273, 0.6400327474682314]",stable,0.11002117443228439,3030,"[0.8453821569873471, 0.595293247703799, 0.4543002119513555, 0.6733747028278781]"
"[0.745361061997927, 0.6213256499604946, 0.4703391128647755, 0.640114467947054]",stable,0.18403323370108293,3031,"[0.9191633340161437, 0.6240414315150462, 0.4695158944656625, 0.7005540922824063]"
"[0.9098877234918691, 0.6919135247355019, 0.38140001985150207, 0.7291089901972884]",stable,0.06587713866937665,3032,"[0.9158748976828316, 0.63808060464344, 0.40318714495496644, 0.6985919615319839]"
"[0.9098970638572215, 0.6918295420208497, 0.38143400912623443, 0.7290613817282317]",stable,0.05902352130435353,3033,"[0.947312639017951, 0.6521034050385945, 0.36092240227844863, 0.7382786930252553]"
"[0.9099553435693098, 0.6917676633028088, 0.38140205958285783, 0.7290757389109374]",stable,0.10996087867400106,3034,"[0.9410644296422823, 0.6159805298704359, 0.33806208609837535, 0.669901616974648]"
"[0.91000372472961, 0.6916497983985594, 0.3813346568247171, 0.7289837107275217]",stable,0.03984377890718644,3035,"[0.8940304153937408, 0.6623131713493029, 0.3731681175468375, 0.7088578553156126]"
"[0.9099789214542439, 0.6916042446298494, 0.3813219758631055, 0.7289524593992424]",stable,0.06512833560796503,3036,"[0.9422189073043065, 0.6365511212147896, 0.37475938934587205, 0.7176224341608982]"
"[0.91002890592843, 0.6915188909501361, 0.38131180131036563, 0.7289348934686403]",stable,0.0876016196662234,3037,"[0.9861858489134672, 0.6979766769207972, 0.408865552852665, 0.761695412079032]"
"[0.9101467959330508, 0.6915288875228461, 0.3813544541765302, 0.7289856063457462]",stable,0.1230338354882237,3038,"[1.0, 0.7212611747078875, 0.3911476963625506, 0.8069843877469877]"
"[0.9102856726008514, 0.6915748415988663, 0.38136959056321645, 0.7291061608765054]",stable,0.08462922004039589,3039,"[0.9742142324683528, 0.7064890654393642, 0.4140638107457331, 0.7713423777028935]"
"[0.9103843277858321, 0.6915978573763979, 0.381420044606708, 0.7291713402234596]",stable,0.10821369369987693,3040,"[0.995839944880483, 0.7039858126136496, 0.42251546164034254, 0.7798196005589806]"
"[0.9105160005394448, 0.6916169451348528, 0.381483365742353, 0.7292493806862262]",stable,0.07923160794371426,3041,"[0.9863128892387718, 0.6780725621785518, 0.38699636728254, 0.7470997550576292]"
"[0.9106326111374438, 0.6915961076226124, 0.381491847283184, 0.7292768428006438]",stable,0.08195208307268766,3042,"[0.9698380891021957, 0.6403670866010388, 0.36406836765362954, 0.7460954355386716]"
"[0.9107235565721054, 0.6915174148099832, 0.38146508310556565, 0.7293026778125301]",stable,0.08838772078459203,3043,"[0.9635366970509532, 0.6322481163737528, 0.34264740586836945, 0.7274319626972874]"
"[0.910804558321306, 0.6914265109780258, 0.3814055467907847, 0.729299808617568]",stable,0.28749549694233595,3044,"[0.7237443292932947, 0.5539243168165184, 0.49956793897065827, 0.607673630706686]"
"[0.7453082093507274, 0.6211608545249347, 0.4704105769872838, 0.6400351504965885]",stable,0.22246971334349508,3045,"[0.63747110680143, 0.47847076080784784, 0.5717342353084471, 0.5549646733124661]"
"[0.6510095489497553, 0.6011385983902703, 0.7073969982037356, 0.6445166763253796]",stable,0.3067409595625992,3046,"[0.5027576351485916, 0.5078310522029101, 0.5167460189810135, 0.48002566662093604]"
"[0.4759214489677926, 0.6170890842473647, 0.39840127665666186, 0.49280198536941494]",stable,0.10706744768860382,3047,"[0.42977638597246764, 0.5705001796920893, 0.47679660050604955, 0.46090028186319965]"
"[0.4757068207678144, 0.6168723916680379, 0.3987659060699148, 0.492653605353107]",stable,0.11605086504811599,3048,"[0.3988858911595246, 0.5476493962512642, 0.4310941387509149, 0.45106742580043996]"
"[0.47535116831592417, 0.6165519148374047, 0.3989155738138084, 0.49246107674406686]",stable,0.15361906104543166,3049,"[0.34051586614317475, 0.5834028686153533, 0.4073148172163766, 0.4272778684055988]"
"[0.4747298074764184, 0.6163991542557363, 0.3989542800046036, 0.4921606932955025]",stable,0.1660882448685114,3050,"[0.38954082243005617, 0.5550932508566898, 0.5193412277389062, 0.4465897493298753]"
"[0.2719694632243271, 0.4890975731527422, 0.5848901444963184, 0.3857740136384593]",stable,0.17582527637602416,3051,"[0.41032789606338793, 0.5305693510553282, 0.607607657037172, 0.4834237864829422]"
"[0.27254836880105954, 0.4892710952360167, 0.5849851968500458, 0.38618259009387557]",stable,0.22812979782788487,3052,"[0.4333513125935158, 0.5385963434964516, 0.6550654401815654, 0.5234465595225397]"
"[0.4984977439432848, 0.5098240654899067, 0.7721288310055218, 0.5490019624495015]",stable,0.07270241864672941,3053,"[0.4602856469978166, 0.5008021248221817, 0.7178862948039962, 0.5206853740757462]"
"[0.49840292484416454, 0.509801678540359, 0.771994234141498, 0.5489316979622217]",stable,0.10676180768136222,3054,"[0.4322775702577063, 0.5826273727480408, 0.8119656314704509, 0.560077402020178]"
"[0.498239248223901, 0.5099819401596849, 0.7720931732437974, 0.5489592863386028]",stable,0.0872871681232017,3055,"[0.4355162410052574, 0.555529500152489, 0.7977168521593455, 0.5180769136649744]"
"[0.4980843766011389, 0.5100944032707783, 0.7721564415867987, 0.5488830335665691]",stable,0.12768047833830798,3056,"[0.41849509760237674, 0.5809785563089607, 0.8356651831808224, 0.579048043202891]"
"[0.49788834389424536, 0.5102689947807245, 0.7723128670587053, 0.5489573316198606]",stable,0.14314205663746368,3057,"[0.41230303841381405, 0.5964595898877995, 0.8480011753033418, 0.5462619328780665]"
"[0.4976780605883967, 0.5104807652846731, 0.7724988334180287, 0.5489507090185294]",stable,0.15748050794705545,3058,"[0.36088327941935644, 0.5212604324831519, 0.8416926961991329, 0.5145514887265409]"
"[0.497342779262002, 0.5105071860376106, 0.7726684262189627, 0.5488663972040883]",stable,0.1935056688514096,3059,"[0.3301048076232354, 0.5319053321443169, 0.8394546022487107, 0.48135617016920074]"
"[0.4969338844658192, 0.5105595042432504, 0.7728317176028986, 0.5487013355242963]",stable,0.22984894136227155,3060,"[0.32438843407032825, 0.4248250927298317, 0.845161980128828, 0.4463463297915427]"
"[0.3024317052283741, 0.3014462161741963, 0.8341669912937975, 0.3796173285245043]",stable,0.09512826384708603,3061,"[0.29447221849249144, 0.3854349425163798, 0.8489180585407241, 0.4210218333030497]"
"[0.3024095955429966, 0.3016795181918135, 0.8342079664805945, 0.3797323410377781]",stable,0.07907461854486877,3062,"[0.2522149034156688, 0.31084819174872885, 0.894210143253394, 0.3867296539500124]"
"[0.3022705520744999, 0.3017049161795058, 0.8343741774965856, 0.3797517241760391]",stable,0.06501751271992645,3063,"[0.29193136087395166, 0.31492467297211707, 0.8922872103646364, 0.4040765415437518]"
"[0.30224199077284086, 0.30174143484467875, 0.8345341582503648, 0.3798189198041267]",stable,0.046692359592589064,3064,"[0.2902600140085504, 0.2916483102816224, 0.877336318702671, 0.36968419857888773]"
"[0.30220898257238826, 0.30171363009381635, 0.8346520705381122, 0.3797910004619084]",stable,0.10066224308794951,3065,"[0.2640372319299377, 0.24705860345288957, 0.8986505680041165, 0.33988078846846687]"
"[0.30210411512556834, 0.3015634789217259, 0.8348278905860957, 0.37968135702236594]",stable,0.09616025679438168,3066,"[0.24338893517328633, 0.25199440618009983, 0.8581916662772671, 0.3268007023089399]"
"[0.3019432516188498, 0.3014276732429817, 0.8348919009304552, 0.37953647851630173]",stable,0.10568598419220913,3067,"[0.23544471634517766, 0.23679650672033345, 0.8693328755051462, 0.342332935064108]"
"[0.3017615616317632, 0.3012510853563078, 0.8349860019538833, 0.37943482949047613]",stable,0.1268964070513506,3068,"[0.24670356244143354, 0.23072825564957383, 0.9208504987584881, 0.352506526046948]"
"[0.3016115398356043, 0.30105892505737936, 0.8352199651604354, 0.3793614553666518]",stable,0.1298280429007623,3069,"[0.22451938078114486, 0.24689797059555318, 0.914442607286066, 0.3381002905481162]"
"[0.3014020502729563, 0.3009117485506896, 0.8354352440792551, 0.3792493326361666]",stable,0.08566877167238975,3070,"[0.258701533316846, 0.24221405147042577, 0.8722994037301373, 0.35257690525797625]"
"[0.3012863307148097, 0.3007526762008786, 0.8355351469509377, 0.37917704963514176]",stable,0.17032039759075177,3071,"[0.1993405409219318, 0.20373510532403066, 0.8993680565331305, 0.3075597027532201]"
"[0.30101080155320736, 0.30049046654986006, 0.8357076683281869, 0.3789834892381636]",stable,0.1810349935765944,3072,"[0.19587568884178483, 0.2056736419411353, 0.9327720650769228, 0.32146349593708295]"
"[0.30072741850007684, 0.3002348955940414, 0.8359692974299354, 0.37882844882495315]",stable,0.19463865234548075,3073,"[0.16310408460550635, 0.21952088652151336, 0.9187653729620057, 0.30416867672152337]"
"[0.30035746330143553, 0.30001792245137326, 0.8361918675254518, 0.37862775051284714]",stable,0.2768142372586641,3074,"[0.12299575983858714, 0.14851729527594787, 0.8940486685386612, 0.24126291281475473]"
"[0.29988196275595874, 0.2996117545500987, 0.8363469795925115, 0.37825948017049305]",stable,0.24860660878465504,3075,"[0.17679697719508705, 0.12994416824428293, 0.9085705224927162, 0.26577836055930065]"
"[0.29955285851649116, 0.2991580979022222, 0.8365400906697846, 0.3779587285137786]",stable,0.07043832618595955,3076,"[0.2979350321991111, 0.2827087823757076, 0.9050104578286852, 0.37837015739092267]"
"[0.29954854431297817, 0.29911423306081814, 0.8367226783155417, 0.37795982565745095]",stable,0.11709272717905417,3077,"[0.34792240958204185, 0.3782196095636605, 0.8856528430039916, 0.4301024599317529]"
"[0.29967719820997035, 0.2993246197004534, 0.8368528117322662, 0.3780985028762656]",stable,0.21170053959909635,3078,"[0.3693340416303364, 0.4442242422444788, 0.9020865289262249, 0.4993985612394698]"
"[0.49662266533695215, 0.5103977109213022, 0.7731469732402727, 0.548581084855309]",stable,0.15189877489891687,3079,"[0.47690441698913416, 0.5187760095849794, 0.9223130463437978, 0.5676524047955125]"
"[0.4965746890635998, 0.5104180960762016, 0.7735099077247094, 0.5486274870936063]",stable,0.1665537877344124,3080,"[0.5050753413274688, 0.5733147441333982, 0.9170606283630001, 0.6043509595909755]"
"[0.49659532171472565, 0.5105707578433307, 0.7738583318039286, 0.5487627382404446]",stable,0.1684582625185526,3081,"[0.5232489924230191, 0.5619964883984395, 0.9151588751102484, 0.6198775661369925]"
"[0.4966598584476755, 0.5106952753507281, 0.7742004638700456, 0.5489349291070222]",stable,0.19302308983728148,3082,"[0.5240947307179359, 0.5960901089218311, 0.9168587994938173, 0.6430708025573953]"
"[0.4967261262550916, 0.510901543064668, 0.7745450492217938, 0.5491623104438589]",stable,0.18936502967015592,3083,"[0.5374227851735252, 0.5883518725909263, 0.9116406290532497, 0.6461630571513282]"
"[0.4968241904934493, 0.5110881703647312, 0.7748754000165684, 0.5493960471829131]",stable,0.26365472211867835,3084,"[0.5924652135471373, 0.6159547703528228, 0.9536718349619442, 0.6813105583728616]"
"[0.6503288008636783, 0.6013108794596023, 0.7102606590962729, 0.644944512163141]",stable,0.2437401260120515,3085,"[0.5597845129410902, 0.6240557494828122, 0.9322028830627899, 0.6828298795414036]"
"[0.49697553742240996, 0.5113597270453035, 0.7752535910815834, 0.549716801587621]",stable,0.17344419440553965,3086,"[0.5468498598659048, 0.6093257685863003, 0.8663899991655523, 0.6481660289087582]"
"[0.49709514011412104, 0.5115946576005577, 0.775472143618955, 0.5499528908617725]",stable,0.0628816853794889,3087,"[0.4711523596710276, 0.5166965806938266, 0.8315309541888004, 0.5605575425435126]"
"[0.4970330760460754, 0.5116068631581971, 0.7756062556059642, 0.5499782608418723]",stable,0.17183226753951206,3088,"[0.4375841863674523, 0.37163406143439953, 0.7864545897809165, 0.47071864876252667]"
"[0.4968911932544796, 0.5112727991922693, 0.775632146618315, 0.549789097089893]",stable,0.18814645380868383,3089,"[0.4033409905397609, 0.3855511209682639, 0.7998762765787215, 0.4485283967179284]"
"[0.29995216848140216, 0.2995533372104475, 0.8367547307371641, 0.37828531957080586]",stable,0.06863345938000368,3090,"[0.3530372455829006, 0.32824526774632007, 0.8080718059511451, 0.3939884811454322]"
"[0.3000926051933109, 0.2996292417885848, 0.836678849983762, 0.3783268623262943]",stable,0.06306267146694726,3091,"[0.3227642231079696, 0.30702844946258556, 0.7785021670683507, 0.38318727017302473]"
"[0.3001524247656451, 0.29964876476397795, 0.8365253495011354, 0.3783396866214044]",stable,0.02299830524602769,3092,"[0.3011270504090935, 0.31852125841565243, 0.8236660315170067, 0.38087721955619885]"
"[0.30015498956996994, 0.2996984292209561, 0.836491509190651, 0.37834636433965385]",stable,0.03475699982731473,3093,"[0.32025428105971443, 0.3040198053240102, 0.8578670632893409, 0.39647035159842703]"
"[0.30020774361587477, 0.2997097714154523, 0.8365476130071829, 0.3783939338600181]",stable,0.15488002527136885,3094,"[0.41078879160076825, 0.36540694775389093, 0.8823798461900777, 0.45148936105794474]"
"[0.30049722279908125, 0.29988175355246394, 0.836667592675201, 0.3785852831458765]",stable,0.18503973827283182,3095,"[0.4051527149965025, 0.39097209248259135, 0.8846784346457393, 0.491210510781021]"
"[0.3007704747369335, 0.3001195873355713, 0.8367929473539752, 0.3788793437924435]",stable,0.14061257772380653,3096,"[0.3279180863472011, 0.40738690480137385, 0.8784229005866753, 0.45500800984883477]"
"[0.30084117164216856, 0.3003989293081385, 0.8369013586905187, 0.37907759552696535]",stable,0.14291346743983957,3097,"[0.314089486052263, 0.40063917048003495, 0.9102431394470016, 0.4485154712594314]"
"[0.3008755828484285, 0.30065929357092264, 0.8370918568223538, 0.379257953645751]",stable,0.271657242466753,3098,"[0.37215518554600113, 0.4883325309053887, 0.9531049409306955, 0.5208086368937962]"
"[0.4965942027599356, 0.511218179505872, 0.7760547008904873, 0.549720095994188]",stable,0.2200688422180064,3099,"[0.35610626584970934, 0.4394304988060821, 0.9233391121069715, 0.5067402633951574]"
"[0.3010186675194163, 0.3010188044653142, 0.8373152953075471, 0.3795882186969152]",stable,0.18662565229809921,3100,"[0.35833953613420666, 0.4013223689841447, 0.920591187480631, 0.5002023673053214]"
"[0.3011667834589894, 0.3012779868025721, 0.8375304784914569, 0.3798998831636036]",stable,0.1355481502593265,3101,"[0.3216140125273826, 0.37071207227688185, 0.9345527244668668, 0.440898271850379]"
"[0.3012194825029801, 0.30145694063111417, 0.8377805358264451, 0.38005709550557987]",stable,0.11137973070607765,3102,"[0.2458902284314708, 0.39548214582574676, 0.818019596862024, 0.3906817901082689]"
"[0.30107724791667806, 0.30169865067017493, 0.8377297364974877, 0.3800844083451755]",stable,0.18713727547540523,3103,"[0.2532014325676464, 0.4482459729607093, 0.7316968454959394, 0.3770554592945725]"
"[0.2724677565667537, 0.4891001572265362, 0.5855964953860704, 0.3861445603822118]",stable,0.1186250928886733,3104,"[0.19857176277204086, 0.506081952850953, 0.676217466746978, 0.3756206385412712]"
"[0.2721611341858628, 0.48917062110879517, 0.5859725160141239, 0.38610089265673075]",stable,0.1320523696109639,3105,"[0.15665395210130093, 0.5480316014701822, 0.5837816108856314, 0.3610708280869208]"
"[0.27168383178055466, 0.48941384830037116, 0.5859634626871467, 0.38599746263784723]",stable,0.12510625033487555,3106,"[0.18289789460297504, 0.5625833117583625, 0.5422099244521454, 0.3636258569391187]"
"[0.27131845755348644, 0.48971495720349045, 0.5857834069742455, 0.38590539841686483]",stable,0.1777604844778014,3107,"[0.36884460524881263, 0.5912331825733634, 0.5005799142189198, 0.4531501387133143]"
"[0.4742440955395945, 0.6162837140186613, 0.3994204526386142, 0.49198174579741905]",stable,0.06915924539542931,3108,"[0.5057013386720425, 0.6501076765711201, 0.42708204292373453, 0.5353893379711306]"
"[0.47438773591919475, 0.6164381613362524, 0.3995467612700531, 0.4921799539808606]",stable,0.1780933504487236,3109,"[0.400927225813144, 0.5778667446934767, 0.5539412600977407, 0.46063031881772015]"
"[0.27184964102996045, 0.4900762350210724, 0.5856529063722926, 0.38621164809063885]",stable,0.20251496099396463,3110,"[0.41814502096218775, 0.5307571253766777, 0.6682573721433347, 0.4917177551718322]"
"[0.4964078626606535, 0.5112645903036649, 0.77579865022838, 0.5495823232131373]",stable,0.28599238523500065,3111,"[0.33541343579460936, 0.5987588791202749, 0.5788085892717061, 0.45256632329951213]"
"[0.2721090850902243, 0.4905198376500487, 0.585624970384127, 0.38648248349965464]",stable,0.13520541864383231,3112,"[0.2723025945697056, 0.6069245209340761, 0.5226205527162657, 0.4140661897157213]"
"[0.27210987171412465, 0.49099302741949596, 0.5853688548651519, 0.38659461238671183]",stable,0.1777720206983798,3113,"[0.2328993988514573, 0.6283445627269567, 0.4796633171674739, 0.39172542224475043]"
"[0.21139555578906216, 0.6127076581968552, 0.358254667993667, 0.35392614516408744]",stable,0.14379653187273184,3114,"[0.21206018442230684, 0.6448394691969588, 0.48879214199194077, 0.4049605987362487]"
"[0.211396514849139, 0.6127540244464946, 0.35844303375701225, 0.35399978795423487]",stable,0.119582856473555,3115,"[0.19845088999098198, 0.6584481353195466, 0.4620441996806812, 0.3902118993285302]"
"[0.21137786121101487, 0.6128198661048131, 0.3585923149759224, 0.35405196678906814]",stable,0.0914067803174104,3116,"[0.2037434159486794, 0.699270227423842, 0.3589500841938023, 0.38274206547359363]"
"[0.21136687639768775, 0.6129442551139052, 0.3585928297517755, 0.3540932475065998]",stable,0.10957334549631371,3117,"[0.1786574056633837, 0.7155113438359503, 0.36211473655610193, 0.3741929253916308]"
"[0.2113198800316902, 0.6130916216206898, 0.35859788996270126, 0.3541221263541358]",stable,0.12387822861103086,3118,"[0.10654591307469688, 0.6070045824602947, 0.31634951838892, 0.3036617020046991]"
"[0.21116955870176624, 0.6130828884224683, 0.3585372753693386, 0.3540497297625297]",stable,0.08102281586210977,3119,"[0.13280269711012926, 0.6218885862157826, 0.3644145519054736, 0.33640747929970105]"
"[0.21105728526109052, 0.6130955040353527, 0.35854569553629584, 0.3540244543320672]",stable,0.09746182321305774,3120,"[0.14881874315937677, 0.5739390012542372, 0.3303155155846705, 0.2966223978278106]"
"[0.21096824585894217, 0.6130394861486844, 0.35850530901275984, 0.35394233407955755]",stable,0.07287610790675096,3121,"[0.1693238486744229, 0.5747436346381682, 0.35171250586612113, 0.308511541996765]"
"[0.2109087538629643, 0.6129847777893837, 0.3584956050082646, 0.3538774329480107]",stable,0.10651732518574573,3122,"[0.16454996163342203, 0.5456082613527926, 0.31647627758089814, 0.30010398129047267]"
"[0.2108426214917381, 0.6128886629299877, 0.358435663029053, 0.3538007233165449]",stable,0.07893633136097172,3123,"[0.14511070091388018, 0.6486007159760723, 0.3510997064748461, 0.3296948726876263]"
"[0.21074898627723973, 0.6129395348004236, 0.35842521294849145, 0.3537663844979852]",stable,0.1108687863567465,3124,"[0.15614231904833223, 0.6450365222380565, 0.2746102706172862, 0.31834268449622877]"
"[0.21067130965244754, 0.6129851919660533, 0.358305988279457, 0.353715995166546]",stable,0.18633076638491847,3125,"[0.11196480089634558, 0.49230555706630824, 0.39193520372757346, 0.25737451282596213]"
"[0.210531101543419, 0.6128137720301161, 0.3583537570514003, 0.3535791464700395]",stable,0.2604559827293861,3126,"[0.1429961548271501, 0.4610373326863397, 0.5559322537895738, 0.3188948561014951]"
"[0.2715871441153919, 0.4908717493031674, 0.5852496783425787, 0.38632052430458547]",stable,0.1383161550820884,3127,"[0.20805610428328955, 0.3880490414600319, 0.6403277030613101, 0.3477320845922552]"
"[0.27133097056768185, 0.49045714161025156, 0.5854717671519284, 0.3861649257573583]",stable,0.23948519317917955,3128,"[0.1957714702664658, 0.2924328725807714, 0.6396012950051109, 0.2886954292159732]"
"[0.27102751875924325, 0.48966186342137813, 0.5856891548139894, 0.3857734819961479]",stable,0.28051831264845234,3129,"[0.1778314480022035, 0.29512721727151875, 0.730899770270674, 0.2805348734314982]"
"[0.3007612330451025, 0.3016818008409476, 0.8374558135071626, 0.3798291531274481]",stable,0.11622935228090858,3130,"[0.20009121466212182, 0.30944532184449947, 0.8050218909868291, 0.3322625877481578]"
"[0.30050376496739667, 0.3017016563933863, 0.8373728622986707, 0.37970749950755217]",stable,0.22481872619655266,3131,"[0.37695470003326764, 0.42958923690944173, 0.6787222551956191, 0.4360410223139336]"
"[0.2714512274843393, 0.4894215729153304, 0.5860612872155159, 0.38597455215741905]",stable,0.30722778935680917,3132,"[0.5419848986083637, 0.48819754837177887, 0.6320384972038571, 0.5241231868478671]"
"[0.49651586511550594, 0.5112099290668595, 0.7754579863586537, 0.5495219935061105]",stable,0.230055981722751,3133,"[0.6282985785904618, 0.5368993081507017, 0.58871238838847, 0.5545428098383002]"
"[0.6500755799180091, 0.6005705165709943, 0.7088635525364132, 0.6439054121364186]",stable,0.1867788943128002,3134,"[0.6987479032954746, 0.504607842803031, 0.5618684691163296, 0.6026625825611127]"
"[0.7451946476286415, 0.6208765788865886, 0.4706336450168668, 0.6399439978918678]",stable,0.07167456754205044,3135,"[0.7851258684099438, 0.5623535488660211, 0.47090193440970207, 0.6290939187553694]"
"[0.7452918038835837, 0.620734187086052, 0.47063429778911214, 0.6399175986725576]",stable,0.10256219432668424,3136,"[0.8143459344278199, 0.5910760726798707, 0.40172178703118394, 0.6509626369609669]"
"[0.7454594109965552, 0.6206622013714739, 0.4704670344134861, 0.6399444070179179]",stable,0.12457182308955157,3137,"[0.8491603421629809, 0.647875837025242, 0.4192273065323461, 0.6773364423227989]"
"[0.9107101567651678, 0.691359817756046, 0.38146346679038895, 0.7292202322526451]",stable,0.06855639741849161,3138,"[0.8530409450666679, 0.7147763689298414, 0.3679979465141872, 0.7038315232682955]"
"[0.9106219775423873, 0.691395622880165, 0.3814428773098443, 0.7291814115967058]",stable,0.06318298266736039,3139,"[0.8908072413975877, 0.7053395945314804, 0.43639485682706897, 0.7488107552429352]"
"[0.9105917260368227, 0.6914169113865029, 0.38152677346177893, 0.7292113800602877]",stable,0.2411859031667193,3140,"[0.7506512422778832, 0.6893593899214208, 0.5558199296182683, 0.682229001834693]"
"[0.7454719820166069, 0.6208285383897546, 0.47067370001930886, 0.6400467910247382]",stable,0.17209874959578436,3141,"[0.752368002084207, 0.6284309965875887, 0.6386277488057786, 0.6761586262763851]"
"[0.6512379938062614, 0.6008871129348191, 0.7080654184031105, 0.6442719259334636]",stable,0.0747056981967444,3142,"[0.6707755909813278, 0.6543387510845758, 0.6612931814251771, 0.6567018843756871]"
"[0.6514575173700261, 0.601487693138749, 0.7075398876505495, 0.6444115883878706]",stable,0.039942509155059196,3143,"[0.6310115524745549, 0.629845366594665, 0.7225925201003918, 0.65652055901269]"
"[0.6512303399822986, 0.6018027783993702, 0.7077071391222144, 0.6445461325059242]",stable,0.09199293836445914,3144,"[0.6547755652398654, 0.6291555300956824, 0.7847257379608016, 0.686618623451683]"
"[0.6512692985016125, 0.6021033580883407, 0.7085534973512099, 0.6450084675712622]",stable,0.17984597445639727,3145,"[0.5629742715485635, 0.5089431432959608, 0.8137707406585921, 0.5757331557050265]"
"[0.49667297718745174, 0.5112045702352498, 0.7755485602458876, 0.5495839584285667]",stable,0.07436835546826918,3146,"[0.5200854729419082, 0.472838609057941, 0.8346505033427835, 0.5453981869686183]"
"[0.496728195337816, 0.5111140844777561, 0.7756879516211161, 0.5495740863260667]",stable,0.1432328806072969,3147,"[0.42925712090819496, 0.4189217577371405, 0.8256819743319075, 0.47911498623444504]"
"[0.49656943986856983, 0.5108971613560135, 0.7758055846157298, 0.5494083002082041]",stable,0.09690793631262988,3148,"[0.48895601560384044, 0.5035153590815336, 0.8624911244036839, 0.5914119914530157]"
"[0.49655156798062444, 0.5108798331816603, 0.7760090717983306, 0.5495069004223938]",stable,0.12353265689366597,3149,"[0.5241571470534089, 0.5358962815995213, 0.8838181024799734, 0.596937265541224]"
"[0.49661621804871064, 0.5109384197119129, 0.7762615519638613, 0.5496179785608454]",stable,0.11751087977824778,3150,"[0.5094646837573055, 0.5092353606004646, 0.8872901900709874, 0.585859734932917]"
"[0.4966462378284036, 0.5109344406018395, 0.7765209646697191, 0.5497026555617147]",stable,0.08973872071843647,3151,"[0.47387189384770084, 0.4846231375266366, 0.859226967895204, 0.5510441522561057]"
"[0.4965931507794975, 0.5108731088930394, 0.7767137525560256, 0.5497057825936363]",stable,0.10280401254093313,3152,"[0.531848780745378, 0.5294871640454253, 0.8588016717654493, 0.5970428296168327]"
"[0.4966751406166275, 0.5109163973933938, 0.7769046546937218, 0.5498158687495043]",stable,0.1054396222846411,3153,"[0.5144063271940431, 0.5368061455238963, 0.8680144937506592, 0.5926158353247573]"
"[0.4967162802606586, 0.5109764664145783, 0.777116046431673, 0.5499151726162682]",stable,0.10007866016747766,3154,"[0.5374699528043763, 0.5116535654379677, 0.8579539593610565, 0.5925725256195999]"
"[0.49681061746562094, 0.5109780337734288, 0.7773031712301206, 0.5500139164889611]",stable,0.07768756568696406,3155,"[0.44153118974135086, 0.4736253101584271, 0.8025539809097211, 0.5192452086527609]"
"[0.4966829513507843, 0.5108917688228167, 0.7773614871878102, 0.549942857117515]",stable,0.056849772386991286,3156,"[0.47130636575959467, 0.5229874339056185, 0.8261398478310784, 0.5578353816404857]"
"[0.49662447995541287, 0.5109196390188601, 0.7774738797238546, 0.5499610426578905]",stable,0.1127119233398815,3157,"[0.49513135164642536, 0.5683162835612927, 0.8660467390506021, 0.5894859970131083]"
"[0.4966210474765416, 0.5110515853281531, 0.7776774954924218, 0.5500519046219254]",stable,0.14386512170375385,3158,"[0.4476113842057812, 0.5672966101280454, 0.8932897444088245, 0.5920701296519506]"
"[0.49650863999197564, 0.5111805876786115, 0.7779426612009457, 0.5501482766976823]",stable,0.16010260597327283,3159,"[0.4777604031067059, 0.5907957786115684, 0.8977467199455558, 0.6178960215616532]"
"[0.4964657378480734, 0.5113627734702202, 0.778216812365121, 0.5503033058621307]",stable,0.1673742742006806,3160,"[0.573096863464858, 0.640859477516841, 0.7545996550434093, 0.6196909976526249]"
"[0.6504195981207782, 0.6025246202560418, 0.7090539990652556, 0.6447332776808422]",stable,0.07677435916362282,3161,"[0.6738654956511033, 0.6541495095944404, 0.6604540866522011, 0.66255212804286]"
"[0.6506717045458354, 0.6030797265930138, 0.7085314193618892, 0.6449248782223693]",stable,0.17352171873226038,3162,"[0.7283581890632679, 0.6795777174797368, 0.5822862143060112, 0.6927244868589949]"
"[0.7454306443524684, 0.6209704446194405, 0.4709432954644458, 0.6401740318359319]",stable,0.1958134897585435,3163,"[0.8108774541452236, 0.6945861242006262, 0.6066836100178657, 0.7412430012781349]"
"[0.7455883475085955, 0.6211478317991542, 0.47127038055975523, 0.6404175715213348]",stable,0.1839476165436311,3164,"[0.8486510835132619, 0.7162864063644585, 0.5461358205046203, 0.7329303577233459]"
"[0.9104973043256587, 0.691454822202018, 0.3817777018871491, 0.7292170492335546]",stable,0.12250052852277225,3165,"[0.8250639763514082, 0.6967216554876211, 0.4654596163290158, 0.7031954500880667]"
"[0.9103672688188487, 0.6914628386910372, 0.3819050716199373, 0.7291774425377472]",stable,0.07572430250915059,3166,"[0.8668464025657225, 0.7076572058647094, 0.4347124985791006, 0.7010843415897959]"
"[0.9103011276847253, 0.6914874501913012, 0.3819853260682035, 0.7291347478554555]",stable,0.13174151556898084,3167,"[0.8003744426094882, 0.7059290435965316, 0.4526940948464808, 0.7211559490386037]"
"[0.745720044852588, 0.6213516327890518, 0.47122572602679064, 0.6406116541595975]",stable,0.20467142867771554,3168,"[0.9095843737759902, 0.6745345021603161, 0.41063725526739764, 0.7330210424269022]"
"[0.910300040046017, 0.6914617249287353, 0.3820288039577319, 0.7291406451158067]",stable,0.06753554480464559,3169,"[0.9169618794762889, 0.6310668446871138, 0.3636684134489177, 0.7060749951481683]"
"[0.9103101337421233, 0.6913702175344297, 0.3820009851842337, 0.7291056971613104]",stable,0.10374511941263578,3170,"[0.9467242355081635, 0.6180802920908314, 0.3218128563357618, 0.7080572062722689]"
"[0.9103652231547801, 0.6912593401888267, 0.38190992901350984, 0.729073853756032]",stable,0.09506393859014077,3171,"[0.9484506726773311, 0.618027953887012, 0.3352209601772535, 0.7224439816413719]"
"[0.9104227540452976, 0.6911487187593678, 0.38183940187025267, 0.729063838843472]",stable,0.09378727110449711,3172,"[0.9786673417370283, 0.6399902629775235, 0.4159304781040822, 0.7480200883472748]"
"[0.9105256870584073, 0.691071556684282, 0.3818908212914199, 0.7290924304716829]",stable,0.045461541209219344,3173,"[0.8971913362735422, 0.6716490802479533, 0.34406771458118607, 0.7200853873314377]"
"[0.9105056052048156, 0.6910423059667574, 0.3818338587813141, 0.7290788656476765]",stable,0.009144551793408943,3174,"[0.9128848055804532, 0.6847588930028715, 0.3846510256978734, 0.7235521554902303]"
"[0.9105091829497414, 0.6910328572254584, 0.381838095122542, 0.7290705548053344]",stable,0.053491361470077964,3175,"[0.8663504543593404, 0.6922831696254773, 0.37465329945265996, 0.6997763937610879]"
"[0.9104428785524585, 0.6910347345714043, 0.3818273071410557, 0.7290265695785413]",stable,0.03899408194103569,3176,"[0.8756074364310055, 0.7057754595145369, 0.37973592963207153, 0.719787112511542]"
"[0.9103906515028012, 0.6910568346088003, 0.3818241716425415, 0.7290127173190705]",stable,0.052726909203593436,3177,"[0.8684800842527661, 0.7052307230371954, 0.3610572824846612, 0.7092271541866247]"
"[0.9103279111326663, 0.6910780530046512, 0.38179308348511953, 0.7289830982125848]",stable,0.07072926138926784,3178,"[0.9269932001920377, 0.7402361459376154, 0.33963455098635276, 0.7520273294643199]"
"[0.9103528218786444, 0.6911515329641922, 0.3817300662467058, 0.7290175439992091]",stable,0.07106888398937745,3179,"[0.9523302550302598, 0.7325297600771604, 0.36402891796931197, 0.7645589712095308]"
"[0.9104154747639452, 0.6912132915121221, 0.3817036466224112, 0.7290705909054932]",stable,0.06900067677008866,3180,"[0.9170927485752102, 0.7099667058591399, 0.3157679457785109, 0.7332299434671792]"
"[0.9104254259916819, 0.691241239968675, 0.3816053817925395, 0.7290767896425449]",stable,0.13676777984043498,3181,"[0.9424435851788072, 0.6707494212342819, 0.2528518350969938, 0.7029449572723434]"
"[0.9104730720619008, 0.6912107461907965, 0.3814137842528139, 0.729037902987232]",stable,0.08461282326515152,3182,"[0.9233582318874418, 0.6456229957632714, 0.3121842900121421, 0.7179773127991587]"
"[0.9104922179160249, 0.6911430080772341, 0.3813109172479987, 0.7290214682321234]",stable,0.09982107259278591,3183,"[0.8842643455684531, 0.7040872082406348, 0.2899396230026016, 0.7014519285960577]"
"[0.9104533041588326, 0.6911622131219869, 0.38117535152953375, 0.7289805638706456]",stable,0.13799713533467572,3184,"[0.8746804455355088, 0.7085074757119469, 0.2520370553413629, 0.7009456879159693]"
"[0.9104003073312426, 0.6911879098073054, 0.3809840355351809, 0.7289390307210831]",stable,0.10330016966384525,3185,"[0.9128037890518771, 0.6970918227849192, 0.2796231886294018, 0.7100638921972534]"
"[0.9104038627775748, 0.6911966434063846, 0.38083409345395935, 0.7289111089185331]",stable,0.12276497360828746,3186,"[0.9064693349091066, 0.6800006613345623, 0.2653901526224938, 0.6888723183992843]"
"[0.9103980510672818, 0.6911801057666922, 0.3806635706462319, 0.7288519674258901]",stable,0.08392331705704976,3187,"[0.9729767413194771, 0.6960634485665421, 0.3269277663021312, 0.743536890536672]"
"[0.9104903500204561, 0.6911873083371934, 0.3805843142976418, 0.7288736266045196]",stable,0.1682754425964912,3188,"[0.8431359961048848, 0.5759409996348381, 0.466910491152485, 0.6736821860564716]"
"[0.7459536562464785, 0.6212427343882023, 0.47121537774172034, 0.6406909599914845]",stable,0.1619201485679824,3189,"[0.6678008226653019, 0.5186459026568734, 0.5513554370544502, 0.5844616960130549]"
"[0.745766687745088, 0.620997287422338, 0.4714071003716551, 0.6405564402212013]",stable,0.3214342368022614,3190,"[0.589247022537026, 0.4370711721681611, 0.6582515088206699, 0.5401477047911927]"
"[0.4966775672651715, 0.5111931579421334, 0.7779429189780332, 0.5502801195583158]",stable,0.17264444131731557,3191,"[0.4984214449405043, 0.35864476069543516, 0.7413542303758351, 0.4782154515700677]"
"[0.49668153965167566, 0.5108456672878129, 0.7778595734459098, 0.5501159631392082]",stable,0.2016509855878045,3192,"[0.45495273640385714, 0.335192425352715, 0.8020530949896316, 0.4636148701921175]"
"[0.3008977674455509, 0.30178709202848664, 0.8372827608514537, 0.3799215489225638]",stable,0.20225067207541428,3193,"[0.4548677007665935, 0.35905855480477317, 0.8724801611066528, 0.4925257964215378]"
"[0.4965865081996641, 0.5105006965776241, 0.7780746202360478, 0.549985076396668]",stable,0.2878650650695552,3194,"[0.39441107654555757, 0.2978127682969473, 0.9065850558993844, 0.4466632977481694]"
"[0.3011357147969504, 0.30177697924545477, 0.8374591025691329, 0.38009137525545333]",stable,0.09049909611987648,3195,"[0.3702218504524863, 0.29650039801251804, 0.8698937499895855, 0.42843745675026207]"
"[0.30131106031891874, 0.3017635869073001, 0.8375414240092862, 0.3802140810460493]",stable,0.049064264958923576,3196,"[0.3224515745354605, 0.29061973106385364, 0.877784962079887, 0.39493321400693543]"
"[0.3013645806080746, 0.30173537461402555, 0.8376433063841485, 0.38025134467379834]",stable,0.0336426314348076,3197,"[0.3153995489163264, 0.29027940376672146, 0.8659912601732402, 0.38022763050268893]"
"[0.30140002244723685, 0.3017064453947142, 0.8377148921260402, 0.3802512847895279]",stable,0.11408832528872022,3198,"[0.2559685335536395, 0.3562172648483566, 0.7501838436588171, 0.36239038053423295]"
"[0.3012855854475049, 0.3018437522447234, 0.8374944108956441, 0.38020629510626525]",stable,0.254046922521936,3199,"[0.2782709172135536, 0.4323824485473636, 0.6207692887123247, 0.3803908789085292]"
"[0.27147839756294173, 0.48919432540788826, 0.5861995661059415, 0.38595230644726414]",stable,0.051326616338923194,3200,"[0.292144337172656, 0.5340128066544717, 0.5788543826782875, 0.3979811261738386]"
"[0.2715604052598057, 0.48937217652394616, 0.5861704185526571, 0.3860000398588775]",stable,0.0605259740504679,3201,"[0.24417739630647375, 0.48836750247289445, 0.6400734771277972, 0.3833514059249759]"
"[0.271452172022836, 0.4893682054802661, 0.5863834741201478, 0.3859895709500478]",stable,0.16307326152641266,3202,"[0.242335079538365, 0.3841595628539341, 0.7039762052851446, 0.3568661328976116]"
"[0.27133753780045616, 0.48895399822583174, 0.5868464376286714, 0.38587491174511696]",stable,0.2563521290391831,3203,"[0.2388187914214042, 0.3111211898672802, 0.7640920187486719, 0.3456450541564942]"
"[0.3011286337037207, 0.30186706238950367, 0.8373099827746718, 0.3801194578174467]",stable,0.08316891455169051,3204,"[0.24056856935964743, 0.3550903878024623, 0.8287202090639844, 0.36159810867831566]"
"[0.30097685409383584, 0.3020004541825186, 0.8372884545197579, 0.3800730383960454]",stable,0.16437493638739864,3205,"[0.1636182231688462, 0.3313244951195058, 0.8179362938183746, 0.2969026066183543]"
"[0.3006334575165234, 0.30207376428486105, 0.8372400741180044, 0.3798651123166012]",stable,0.17808032380070582,3206,"[0.33843868365916896, 0.4322118176516172, 0.7271854935878099, 0.41501398102530823]"
"[0.2716006795489217, 0.48873147987063875, 0.5873967868677268, 0.3859891826050393]",stable,0.26069763087902276,3207,"[0.4864060084106712, 0.5008205631192446, 0.659342278316719, 0.5144400516752877]"
"[0.496563423166129, 0.5104787461616187, 0.7778053859006299, 0.549904475433581]",stable,0.22791110080546076,3208,"[0.6079135964290344, 0.565812333378902, 0.5889016010978095, 0.578156254094665]"
"[0.6502168310552312, 0.6026832649630763, 0.707258761720782, 0.6442145737103725]",stable,0.2089559885218941,3209,"[0.526542901117082, 0.5141753818674984, 0.6223689817777139, 0.5287700238867766]"
"[0.4966312500393212, 0.5104871095908174, 0.7774537198279535, 0.5498566599323439]",stable,0.17658678914909573,3210,"[0.44132981306351576, 0.4733463638408334, 0.6451014200977225, 0.45379376943006744]"
"[0.49650641609580914, 0.5104032704356256, 0.7771549561716776, 0.5496398136783884]",stable,0.23764395747483683,3211,"[0.528377886345848, 0.522097129948549, 0.5439164006435974, 0.519277175893282]"
"[0.47463314569386134, 0.6160093384663082, 0.4002029869035692, 0.4923031231713716]",stable,0.22750221156181974,3212,"[0.6201809528065518, 0.5455436569383441, 0.5516033694257377, 0.5441259367687304]"
"[0.7454669604540654, 0.620817207158653, 0.47159849958180805, 0.6403262958215534]",stable,0.0955793759926524,3213,"[0.6702750891377809, 0.5852328286143176, 0.5132483785305136, 0.6184028109190168]"
"[0.7452879321890264, 0.6207324824478331, 0.47169766596025736, 0.6402740970479759]",stable,0.07133985329268905,3214,"[0.7191247748059652, 0.5796157338246761, 0.4493925283714458, 0.5931916408315053]"
"[0.7452257869220833, 0.6206348179617923, 0.4716446846358184, 0.6401622622351102]",stable,0.20305111500831577,3215,"[0.631639588178648, 0.4972836034410619, 0.5617573767356572, 0.5695073872446504]"
"[0.6500212811302145, 0.601573794841792, 0.7057271681946228, 0.6434281822738912]",stable,0.2428401935790204,3216,"[0.5604485657461128, 0.4401363477778049, 0.6184410494544326, 0.5120235688200607]"
"[0.4966504299463729, 0.5102450116008107, 0.7767974924178099, 0.549555092406185]",stable,0.14257792579282322,3217,"[0.5024804100943534, 0.3963146631874062, 0.7126894228700399, 0.4929467239072034]"
"[0.49666353102535715, 0.5099889883459492, 0.7766534293401745, 0.5494278825893335]",stable,0.20044382734641553,3218,"[0.4233053735694297, 0.36403191851481465, 0.7848436034235482, 0.43355828575416566]"
"[0.3009393725191491, 0.3022282733976539, 0.837109409602557, 0.3799990105047248]",stable,0.37526625641532885,3219,"[0.5878370965488633, 0.44548952851005247, 0.7346460999129537, 0.545805952764746]"
"[0.4968679560601632, 0.5098443707229987, 0.7765592425028937, 0.5494197616704443]",stable,0.21120301773299746,3220,"[0.6433413110623437, 0.5160637819117324, 0.625266288495109, 0.564387459088346]"
"[0.6499516981086743, 0.6006830655404372, 0.7048890340310862, 0.6426048414073751]",stable,0.20692276444415425,3221,"[0.7179765512615963, 0.52326457785882, 0.5321634106651966, 0.5940055965913239]"
"[0.7451612152735987, 0.6204040827956715, 0.4717880939392055, 0.6400528862501723]",stable,0.09888616882420483,3222,"[0.7653488759323609, 0.5478298445611669, 0.534912120254008, 0.6291318062511385]"
"[0.7452089402396951, 0.6202325124925167, 0.4719373233158362, 0.6400270680941462]",stable,0.07680149916498179,3223,"[0.7609258622503817, 0.549907509355647, 0.49717064451278575, 0.6317130996271898]"
"[0.7452460084519844, 0.6200666516360618, 0.471996835865829, 0.6400074596779506]",stable,0.14739771209667074,3224,"[0.8802785080704516, 0.5864269237121357, 0.4852184315386649, 0.6867607236409079]"
"[0.7455637319804984, 0.6199874993350643, 0.47202794550270627, 0.6401174673578635]",stable,0.18864610374861732,3225,"[0.9190553855034593, 0.5985683935536033, 0.4640592898179626, 0.7105853398353518]"
"[0.9105029642111527, 0.6910509034553325, 0.3807072524059191, 0.7288466924561114]",stable,0.10505030511705775,3226,"[0.9339942405472053, 0.6111116898047305, 0.4439687605454383, 0.7192847758005916]"
"[0.9105375102057647, 0.6909333457881992, 0.380800284035536, 0.728832630813971]",stable,0.09475503830203375,3227,"[0.8959627662622065, 0.6134191646658809, 0.35203423595703986, 0.684899040868672]"
"[0.9105161082322792, 0.6908195217336877, 0.3807580431426161, 0.7287681174660338]",stable,0.07474722853057307,3228,"[0.9400256297571592, 0.6278812306412762, 0.38077490405473535, 0.7012888972723876]"
"[0.9105593773254242, 0.6907272368493879, 0.38075806786536115, 0.7287278253543128]",stable,0.06090631389204288,3229,"[0.9262658174250024, 0.6576917773431672, 0.3384093232779328, 0.7046835108829864]"
"[0.9105823735774002, 0.6906788686802718, 0.3806960638469315, 0.728692621379977]",stable,0.04445244323984787,3230,"[0.925776132767786, 0.6523119114407302, 0.36538272919437687, 0.7224758886645938]"
"[0.9106045866756317, 0.690622776637524, 0.3806736759307728, 0.7286835325894574]",stable,0.041148299474950745,3231,"[0.9405807981964907, 0.6929199356885412, 0.39826442396804546, 0.7505901054916818]"
"[0.9106483475683629, 0.6906261301543868, 0.3806993558549148, 0.7287155129878548]",stable,0.14393691319284355,3232,"[0.7802788298940292, 0.7003123926048352, 0.3629523513556157, 0.6711582024887647]"
"[0.745645222820671, 0.6201760554225519, 0.47177189950705584, 0.6401903329332881]",stable,0.18704798055827582,3233,"[0.6265898669547432, 0.6869120899275069, 0.35149195567408686, 0.5966954357537602]"
"[0.7453664046570506, 0.6203323459014862, 0.47149021345592473, 0.6400884713473876]",stable,0.20855738939738738,3234,"[0.575411793453085, 0.5670378821245604, 0.4550817757322382, 0.5328407296230967]"
"[0.4750891576746723, 0.6157877481661194, 0.40045130721501115, 0.4924865512548636]",stable,0.2547863932722695,3235,"[0.4669335708937948, 0.4592720855922636, 0.6010121612929146, 0.48118240238995436]"
"[0.49680098875554046, 0.5097312336197979, 0.7761665197261376, 0.5492671053857004]",stable,0.2182623376537184,3236,"[0.3923007272228025, 0.3820097091407858, 0.6940623160866647, 0.4323728997673712]"
"[0.3011666395706507, 0.302426734680597, 0.8367535710614726, 0.38012929381134825]",stable,0.11668997505104343,3237,"[0.3436118681140261, 0.341297028692558, 0.7361562097455483, 0.39370220768460507]"
"[0.301271962718401, 0.3025231870230584, 0.8365039498175125, 0.3801629734983787]",stable,0.10122106190962135,3238,"[0.3311418599164938, 0.33479093322084835, 0.7453578061096142, 0.3823229869198484]"
"[0.30134589810750523, 0.3026030576819638, 0.8362783405509088, 0.3801683200662536]",stable,0.05287722450719641,3239,"[0.33798989700810034, 0.2756573243682208, 0.8093244633694359, 0.3793719676139111]"
"[0.30143637711713633, 0.3025365250071151, 0.8362117877677446, 0.3801663537639022]",stable,0.03143079529167499,3240,"[0.29883355559312075, 0.33277116487425296, 0.83326997793639, 0.3878039266638438]"
"[0.3014299662266831, 0.3026109945634381, 0.8362045419307216, 0.38018516551981335]",stable,0.13830503934108462,3241,"[0.3287187342024479, 0.41277688580762484, 0.8245917491076661, 0.45836589523453686]"
"[0.30149701479664814, 0.30288167242890296, 0.8361760092702226, 0.38037725576481274]",stable,0.16541643080821858,3242,"[0.28605794069324053, 0.43857888742552864, 0.7508563310436475, 0.4182064630210172]"
"[0.3014591739287476, 0.30321426364213, 0.8359668924118241, 0.38046997441004854]",stable,0.24921121876319377,3243,"[0.24557652960548226, 0.4368479479226839, 0.6345351811727447, 0.35700370598540954]"
"[0.27149902271320514, 0.48852880982396707, 0.5875809212204808, 0.3858759580869938]",stable,0.04376875487427896,3244,"[0.25890723198389914, 0.5176030718490554, 0.5575566900820149, 0.38909830842712834]"
"[0.2714500274185386, 0.4886419392481892, 0.5874640954183855, 0.38588849641516554]",stable,0.09592735026670772,3245,"[0.23340900149244498, 0.5521326989896417, 0.5297549139562754, 0.3660513928436178]"
"[0.27130258158161574, 0.4888880274642413, 0.5872404164204704, 0.3858116084168262]",stable,0.10478165695696463,3246,"[0.21367740563844317, 0.4231851169368816, 0.5469083921127829, 0.34439916951686184]"
"[0.27108009055480814, 0.488634348273016, 0.5870846943188963, 0.38565171483033983]",stable,0.15142090295048316,3247,"[0.22519084397116332, 0.3652714438896424, 0.6343949371661304, 0.3276361855113769]"
"[0.2709035934525634, 0.48815987556384915, 0.5872666567913857, 0.3854285781791131]",stable,0.17940387731209562,3248,"[0.26652029840643005, 0.32969072678838085, 0.6613830093673403, 0.34592119802847193]"
"[0.27088679921867015, 0.48755271407428796, 0.5875506274909104, 0.3852772089065053]",stable,0.280796145887079,3249,"[0.2101433954897919, 0.3115517820842525, 0.7859704086900069, 0.31592321251112937]"
"[0.30123590796679417, 0.3032346487727953, 0.8358446516203282, 0.3803121583662859]",stable,0.02928672926627482,3250,"[0.29921436672127266, 0.28876111161355067, 0.8249842119605523, 0.3573732513608276]"
"[0.30123097737839044, 0.3031993474626508, 0.8358181627431092, 0.38025620981261404]",stable,0.049022907960190085,3251,"[0.2687625518516382, 0.2800039434687928, 0.8251314574230453, 0.353858967311723]"
"[0.3011519787761356, 0.3031429109565831, 0.8357921610270019, 0.38019198294521533]",stable,0.025289608814252174,3252,"[0.3029430754769948, 0.28595409930071913, 0.8542271518723535, 0.37916623786133197]"
"[0.301156326098225, 0.30310119053994267, 0.835836906150413, 0.38018949327268164]",stable,0.02450642324902088,3253,"[0.3109805940493872, 0.32306361800973266, 0.8433984655296768, 0.3732344340384868]"
"[0.30118011367195663, 0.3031495257154143, 0.8358552150108954, 0.38017265293555286]",stable,0.059558823605705365,3254,"[0.2519897162704121, 0.3260983272670835, 0.8594134322998386, 0.3869491696132196]"
"[0.30106129628692874, 0.3032049576032203, 0.8359121189173905, 0.380189021333325]",stable,0.1240680731421603,3255,"[0.20049523005197015, 0.2608248797495745, 0.8731636487455977, 0.3344112360896998]"
"[0.30081896841648303, 0.30310283693369344, 0.8360018816398681, 0.3800787134170753]",stable,0.15483668955020552,3256,"[0.17198861618042727, 0.2725174890403032, 0.880126574538893, 0.3130362735419666]"
"[0.30050928006976174, 0.30302931446279585, 0.8361079506131831, 0.3799175537058371]",stable,0.12397704878555142,3257,"[0.20671207979810877, 0.2776397183034987, 0.8874599248005035, 0.3225526079575231]"
"[0.300284346735777, 0.30296842814107094, 0.8362310968342559, 0.3797799878886948]",stable,0.09266543591214374,3258,"[0.2875485749940119, 0.2653988924461355, 0.9195813814028644, 0.3879005285682455]"
"[0.30025387838232775, 0.30287854886907345, 0.8364304994289176, 0.3797994150195072]",stable,0.17580352295375729,3259,"[0.2365717470629718, 0.36086411809038943, 0.689085159487513, 0.3376272750073086]"
"[0.27075582573715984, 0.48706916981480747, 0.5879381638725768, 0.38509533892979075]",stable,0.16788891667117267,3260,"[0.2296678374250239, 0.36382971290425614, 0.6038384550597753, 0.27993982286888025]"
"[0.27059959764471825, 0.48660057872389284, 0.5879986212535168, 0.3846955080702436]",stable,0.17737009732436881,3261,"[0.1823787684079143, 0.4384887091584705, 0.48110300489219454, 0.28501696512704267]"
"[0.2702654278370031, 0.48641833679372076, 0.5875937136157845, 0.3843179378318224]",stable,0.19907694735871503,3262,"[0.23404024276060728, 0.4895481825435325, 0.4027075146856258, 0.3200788185462527]"
"[0.21056444784301784, 0.6126389272223337, 0.35841667018279644, 0.35353162827440293]",stable,0.14554068265273026,3263,"[0.2178814348092977, 0.47177555475382377, 0.37083347674430484, 0.31988812637032127]"
"[0.21057481184721938, 0.6124394040318685, 0.35843425772750115, 0.3534839745889864]",stable,0.15761418634535984,3264,"[0.17818867830407023, 0.471776464761627, 0.34228432848514867, 0.29227541805676216]"
"[0.21052900402042568, 0.612240446550581, 0.3584114148289971, 0.35339739954438637]",stable,0.10016945661266445,3265,"[0.2500206256398045, 0.5264292189232482, 0.38430447161808573, 0.33241372295625254]"
"[0.2105847831470067, 0.6121192442516722, 0.358447986943106, 0.3533677615831037]",stable,0.10388757215669225,3266,"[0.180985734883115, 0.5212576651296277, 0.3537812968062291, 0.31288419166766057]"
"[0.2105430355471987, 0.6119910896971982, 0.3584414048695702, 0.3533106620486672]",stable,0.06865245189924633,3267,"[0.16548588374183262, 0.5809472845157699, 0.3329552408737726, 0.32060363180128204]"
"[0.21047957477000803, 0.6119473660279285, 0.3584055088639423, 0.35326459580888214]",stable,0.05806074365777965,3268,"[0.16806806219682024, 0.5912189045382354, 0.35187524337081433, 0.320098346816747]"
"[0.21041992426005982, 0.6119182120736533, 0.35839632424299556, 0.3532179484825922]",stable,0.17153470530514806,3269,"[0.18682505074603808, 0.4786886522507649, 0.45222965653676617, 0.3051281657005132]"
"[0.21038678539276487, 0.6117310919053627, 0.3585281126310486, 0.3531504066528421]",stable,0.1431925244798391,3270,"[0.20635937199245769, 0.48848526194454944, 0.37417711119367486, 0.2820627618088217]"
"[0.21038113684662135, 0.6115582366038749, 0.3585500607356245, 0.35305070448616044]",stable,0.013394257350041653,3271,"[0.22080145254626307, 0.6112415274039358, 0.3611717836644638, 0.3450601216009125]"
"[0.2103957311263127, 0.6115577930335668, 0.35855373261647727, 0.35303951319360405]",stable,0.062256607671132266,3272,"[0.17375337363623752, 0.5865987329852063, 0.33562280910001474, 0.3158314373971954]"
"[0.21034448307387904, 0.6115228852572754, 0.3585216613947759, 0.35298747392675595]",stable,0.025223590531716425,3273,"[0.19802861329326532, 0.5895946495150564, 0.3600125467105088, 0.3542034546287658]"
"[0.21032728213843127, 0.6114922592297025, 0.358523743636837, 0.3529891722238258]",stable,0.06677404187119314,3274,"[0.19121291437187762, 0.6702145035214174, 0.3592358409584253, 0.37837823592159797]"
"[0.21030062332704136, 0.6115741591520062, 0.3585247367990707, 0.35302458235450607]",stable,0.10696821869002666,3275,"[0.19344910645070676, 0.7058749498050175, 0.3117148557565515, 0.34439775746430973]"
"[0.21027715324782642, 0.611705497300548, 0.3584595419786773, 0.35301256727805735]",stable,0.05609291559388327,3276,"[0.21768821299240493, 0.6564625283747094, 0.38611235172202596, 0.37100205465289693]"
"[0.21028746070226953, 0.6117677463006512, 0.3584980020756778, 0.3530375874273965]",stable,0.11329219611209701,3277,"[0.16436014536370883, 0.6927222103980353, 0.4148794977442208, 0.3845543305106797]"
"[0.2102236727642993, 0.6118801830563421, 0.3585763097085507, 0.35308136068167884]",stable,0.10635235309474635,3278,"[0.15604871626640837, 0.673615646600595, 0.4211229102805523, 0.3786264657921286]"
"[0.2101485341283799, 0.6119658078324091, 0.3586630595012997, 0.35311679078585423]",stable,0.17504118838159022,3279,"[0.19129795237173178, 0.6924221061632232, 0.5027354515366026, 0.4083798264390311]"
"[0.21012242528938177, 0.6120772431486567, 0.358862605750656, 0.35319333238648193]",stable,0.2507361182250188,3280,"[0.2011896970420548, 0.6122879184349307, 0.6064795112835508, 0.3915942576207416]"
"[0.2700047647019278, 0.4868933163470838, 0.5876649807767949, 0.3843453956423466]",stable,0.14306358537954528,3281,"[0.24828706719038884, 0.5961738625760332, 0.6654473279704777, 0.4291025152703072]"
"[0.2699231192225611, 0.48730414546824524, 0.5879573956158688, 0.384513655490572]",stable,0.19048011915336316,3282,"[0.3870512400200581, 0.6013805490171351, 0.6056473898739828, 0.4806246193168967]"
"[0.27036180132292625, 0.4877313979159939, 0.5880236502760116, 0.3848736216472249]",stable,0.3225825583088846,3283,"[0.5221340151715212, 0.615915288879877, 0.5583688306460367, 0.5377125598434689]"
"[0.47530107144718065, 0.615788322673839, 0.4011626474106464, 0.49269027201427174]",stable,0.21359454392028038,3284,"[0.6629534445787002, 0.5811706491730168, 0.47230105640568104, 0.5571120035779854]"
"[0.7451738510120077, 0.6202408466100646, 0.471492107948798, 0.6398946010955898]",stable,0.17222950643967216,3285,"[0.6310180513393743, 0.5830301711914976, 0.579067447099159, 0.5792780329715735]"
"[0.6497565058739393, 0.6005010769389016, 0.7035919042689014, 0.6419519877121606]",stable,0.13373019780614948,3286,"[0.6000831941548567, 0.5710427291765677, 0.5981723327607164, 0.5833410024084245]"
"[0.6492496353461936, 0.6002004815535718, 0.7025161943555526, 0.641353916433551]",stable,0.03412940637375161,3287,"[0.6493896355850067, 0.60737585199309, 0.6701271709819758, 0.6493702749160165]"
"[0.6492510494900201, 0.6002729600428598, 0.7021890325032941, 0.6414348897515557]",stable,0.10364480968686934,3288,"[0.6833600503124909, 0.6248263947821745, 0.7741407844602551, 0.7030700815720264]"
"[0.6495921394982447, 0.600518494390253, 0.7029085500228638, 0.6420512416697605]",stable,0.24434217651744827,3289,"[0.5303580933333895, 0.5013809915286032, 0.8842301986052244, 0.5893202570196299]"
"[0.49687589300683027, 0.5097125946865586, 0.7764077332950642, 0.5493565097420262]",stable,0.19715101096431095,3290,"[0.4294932307893103, 0.3700161752721221, 0.8694832057570554, 0.47093479855505693]"
"[0.30056232552411055, 0.30303878186764877, 0.8365093841695574, 0.3800169219014536]",stable,0.08573893550901338,3291,"[0.3652174371683989, 0.30266033404257464, 0.8783853155382202, 0.4176619049633984]"
"[0.30071626626612075, 0.30303788080139854, 0.8366090887680542, 0.38010655281350586]",stable,0.06899612623294539,3292,"[0.3403812267888651, 0.3136556770995217, 0.8749405464875394, 0.4201704778927158]"
"[0.3008104823243695, 0.3030631012201589, 0.8367001373612122, 0.3802017165310337]",stable,0.09968058726284705,3293,"[0.3374496413910587, 0.29868633448893284, 0.925857569210776, 0.4052134689471026]"
"[0.30089730497618633, 0.30305272973501385, 0.8369114108964008, 0.380260986086522]",stable,0.23665027490618507,3294,"[0.45589061464378694, 0.42968324881016523, 0.7915358399702009, 0.4981006898087198]"
"[0.49678461176326, 0.5095343556088829, 0.7764414261829821, 0.5492423542410612]",stable,0.17161658771111402,3295,"[0.39357516364481365, 0.455147328596282, 0.6830274001675187, 0.46488635840789483]"
"[0.4965552574341079, 0.509413495548855, 0.7762338394585033, 0.549054896472543]",stable,0.30465201507576395,3296,"[0.3339969051258194, 0.5211533058748904, 0.551793706641253, 0.4230531662502099]"
"[0.27059924574010125, 0.48785610652778083, 0.5878884639191655, 0.3850160826345495]",stable,0.08479907494078477,3297,"[0.31685822379140693, 0.5396131250398041, 0.5403491053174001, 0.3956090274064478]"
"[0.27077121220125855, 0.48804851180105974, 0.5877117376790103, 0.3850554616113967]",stable,0.11405442109966947,3298,"[0.26710493586339656, 0.5235353964506338, 0.4795868411784918, 0.37837285996120495]"
"[0.2707576334000072, 0.48817994470716924, 0.5873112750993787, 0.3850307112349145]",stable,0.18110280145815483,3299,"[0.27347467853560525, 0.5481865356170458, 0.4197788637596365, 0.3515203761158934]"
"[0.21021004942941804, 0.6119888742585715, 0.35894686060267395, 0.353191018477394]",stable,0.09769609933551365,3300,"[0.2527269775794869, 0.5661776182636812, 0.43073516694010106, 0.37520479923924355]"
"[0.21026877446829936, 0.611925599043109, 0.35904601572192457, 0.35322142425192693]",stable,0.08323211481157565,3301,"[0.24678394506579002, 0.5540573167410558, 0.40638674434045485, 0.3511370611549541]"
"[0.21031914022084763, 0.6118457807226924, 0.35911131327863977, 0.3532185492683449]",stable,0.09143479075939176,3302,"[0.2112320202711294, 0.5493825706421567, 0.4241114031036283, 0.3379600001759235]"
"[0.21032039763138521, 0.6117597432432426, 0.3592008450828064, 0.35319753198309367]",stable,0.08545634647634424,3303,"[0.2561207760159326, 0.5501251774544016, 0.3957864065441003, 0.3449640949425739]"
"[0.21038339677634332, 0.6116749639230378, 0.35925116910132265, 0.35318620676020435]",stable,0.078446425202991,3304,"[0.2602415832380503, 0.5852516669746, 0.40399922269956906, 0.38428964623916334]"
"[0.2104518832962083, 0.6116386681854713, 0.35931263620791365, 0.3532289312649831]",stable,0.06366563309759547,3305,"[0.24351756345845446, 0.6436096897407769, 0.38631931948192927, 0.38799193562842776]"
"[0.21049724088216473, 0.6116825241821179, 0.35934968241267906, 0.35327661714202485]",stable,0.03339989587255593,3306,"[0.1937209117197921, 0.6002861169926417, 0.3329166756624387, 0.35092589779537636]"
"[0.21047425960933958, 0.61166691266542, 0.3593134728143911, 0.35327339697853627]",stable,0.059873103046336154,3307,"[0.19298245655429366, 0.593342143045038, 0.31030289580744297, 0.33001417398879285]"
"[0.21045033101418903, 0.6116418445811239, 0.35924642688141306, 0.3532415786160332]",stable,0.07971367516418336,3308,"[0.1618133563024257, 0.6146205154602653, 0.3077669042149008, 0.31677651362376913]"
"[0.21038388705966474, 0.6116459138036364, 0.35917609966465547, 0.3531917629534755]",stable,0.07477840798915178,3309,"[0.18123773009204788, 0.648836255626309, 0.30474532537433835, 0.333279929268945]"
"[0.2103441242261482, 0.6116966509684695, 0.3591018421281066, 0.35316459810533835]",stable,0.08986967315496143,3310,"[0.12815271570091114, 0.6079089312549227, 0.358310910773809, 0.3170237884218022]"
"[0.21023214683033725, 0.6116914905873884, 0.3591007645649536, 0.35311535994500654]",stable,0.06264206428349314,3311,"[0.1599212873494669, 0.6093668903587364, 0.3556776996695339, 0.31602459968733454]"
"[0.2101636966813837, 0.6116883278659888, 0.3590961073338033, 0.3530648963256084]",stable,0.1309570086122887,3312,"[0.11600632300219184, 0.5784969357247289, 0.3205229753647284, 0.27760250791696117]"
"[0.21003576546714567, 0.6116432308657969, 0.3590436981871062, 0.3529623659065749]",stable,0.09854779720740668,3313,"[0.13820611363386132, 0.5784945812689054, 0.33621505913553795, 0.29881266857688504]"
"[0.20993830325298923, 0.6115982530508757, 0.3590127231001977, 0.35288889277586977]",stable,0.06993089579760586,3314,"[0.14837392587883924, 0.6341704773454396, 0.3787098608415894, 0.3386524929226275]"
"[0.2098548826874416, 0.6116288387206515, 0.3590394129887362, 0.3528696022611635]",stable,0.19390146408126005,3315,"[0.3576966124631045, 0.6475109412012203, 0.4238310038156446, 0.45413719426121296]"
"[0.47477369719164664, 0.6159305765685806, 0.4012642992330903, 0.49251738825753155]",stable,0.05165306597801599,3316,"[0.4692950653498155, 0.6520393713396283, 0.4144688805837102, 0.5265734859436754]"
"[0.4747492390137813, 0.6160917765452372, 0.401323248256977, 0.4926694244079161]",stable,0.12825128618802462,3317,"[0.5337468562192408, 0.7081299697752111, 0.38016316063046846, 0.5563003543992427]"
"[0.4750114506458056, 0.6165008351818149, 0.4012292034230815, 0.4929522285412109]",stable,0.04917578369544048,3318,"[0.46347849604404023, 0.6570604446635754, 0.42344320998895585, 0.5050643980905832]"
"[0.4749604198732314, 0.6166803024804067, 0.40132749548753227, 0.4930058222117833]",stable,0.10297169685572938,3319,"[0.379798106488496, 0.631387351594701, 0.39492518002400967, 0.45708900821514786]"
"[0.47454120263365107, 0.6167450912430248, 0.40129929145465326, 0.4928475983615779]",stable,0.21135722109093932,3320,"[0.286831676867252, 0.7061673189620405, 0.39471611346071783, 0.45546664330279935]"
"[0.20995904614370658, 0.6117567662987861, 0.3590876899853153, 0.3530084345223836]",stable,0.15621465718416364,3321,"[0.29045770829180684, 0.6795385991014956, 0.4199044629335572, 0.45114062996098214]"
"[0.21006782811958236, 0.611848363370141, 0.3591698748136238, 0.35314104559730064]",stable,0.06113460525181147,3322,"[0.245172791928247, 0.5801193653074402, 0.3974501923935896, 0.35888294799992376]"
"[0.2101152032394321, 0.6118055442094626, 0.3592215351612351, 0.35314879445344455]",stable,0.03824030940663732,3323,"[0.20929273878912055, 0.62913347743268, 0.3923268856979198, 0.36123726228105446]"
"[0.2101140947967767, 0.6118288972191974, 0.35926615153662145, 0.35315969535348174]",stable,0.17610781377938775,3324,"[0.2521581380379331, 0.5231993002978372, 0.5044795374582316, 0.37059894994850445]"
"[0.27068900057579287, 0.48830916742152597, 0.5870056229309613, 0.3849774575032303]",stable,0.06546454272785196,3325,"[0.24210497830470262, 0.4848713707249572, 0.540075517387877, 0.349561263848906]"
"[0.2705839122586198, 0.4882965284630827, 0.5868330857782293, 0.384847250908913]",stable,0.0856232430714343,3326,"[0.2707980568954443, 0.44025878513097116, 0.6577108290209143, 0.384968182818053]"
"[0.2705846966712089, 0.48812056603329473, 0.5870927112113528, 0.38484769388293916]",stable,0.16529524491007927,3327,"[0.2786591745393364, 0.36575971403912033, 0.6968551048589552, 0.36944121352405407]"
"[0.30084473256380606, 0.3032009731967257, 0.8365803085180616, 0.3802354074279819]",stable,0.11466893714388554,3328,"[0.23872066478317452, 0.3437500576268636, 0.7522287102746072, 0.357210530148216]"
"[0.30069821353602155, 0.30329660782981566, 0.8363813660693743, 0.3801811034721334]",stable,0.2666849639205597,3329,"[0.18895235932349005, 0.4000187696064147, 0.6246226731240385, 0.31357169399444557]"
"[0.2702867684327136, 0.48779902663027697, 0.5872296818752676, 0.3845875624964848]",stable,0.10096467050309152,3330,"[0.19798328410016106, 0.4454963380203665, 0.5782231477693158, 0.3289509223845815]"
"[0.2700238466715043, 0.4876451986716955, 0.587196930842155, 0.3843852474415324]",stable,0.0975493068515939,3331,"[0.22579670784106884, 0.4796420042887061, 0.5078805471847805, 0.34967663725206966]"
"[0.2698636034148723, 0.4876162015905977, 0.5869095526404978, 0.3842594916075126]",stable,0.20618279172256612,3332,"[0.1820583442325341, 0.5192913607602715, 0.4104794388540657, 0.3325808760753999]"
"[0.21007633470180462, 0.6117043514096968, 0.3593350792449895, 0.353131998423094]",stable,0.11213838662451628,3333,"[0.17833099956452955, 0.5454548785201483, 0.4340257706595544, 0.3131375061817516]"
"[0.21003366624059863, 0.6116153064192539, 0.35943546995925635, 0.35307824238513524]",stable,0.14279361260412,3334,"[0.1521898639011408, 0.5609678027941324, 0.47615606367066277, 0.323833692266364]"
"[0.20995602355289464, 0.6115473231929115, 0.359592141897124, 0.3530389879554456]",stable,0.11049884061470802,3335,"[0.19304721279043763, 0.5512556067906772, 0.4476836351383512, 0.3300415174946004]"
"[0.20993335758672513, 0.6114665031977342, 0.3597102270087074, 0.353008160247053]",stable,0.11731824693216261,3336,"[0.1472205243090441, 0.5332333197004928, 0.3572558020419737, 0.2921458861892157]"
"[0.20984940466399732, 0.611361773367082, 0.3597069412992472, 0.3529266846459046]",stable,0.09089317828340336,3337,"[0.18258574148203402, 0.5307781132800476, 0.3701320305467817, 0.32266360863705745]"
"[0.20981295591642782, 0.6112540412011902, 0.3597208785843375, 0.3528862259881388]",stable,0.050624528199168364,3338,"[0.21790343263685613, 0.5730731576522434, 0.35769931020462026, 0.32070672265865136]"
"[0.2098237576209945, 0.6112030653887083, 0.35971817956113356, 0.3528432626993144]",stable,0.04751964083012106,3339,"[0.18035331836984841, 0.6334787885748103, 0.3344794545021055, 0.3368305056319271]"
"[0.20978446370199294, 0.6112327663529564, 0.35968452792772154, 0.3528219123565579]",stable,0.11403951532219292,3340,"[0.15261462001491108, 0.5862276140485059, 0.28322093159924216, 0.2956845268505524]"
"[0.2097083387436879, 0.6111994705442954, 0.3595827122202269, 0.35274583061820103]",stable,0.08361450385240922,3341,"[0.1928829458896967, 0.5828032468939282, 0.29652438123283725, 0.3088642537860434]"
"[0.20968596455106292, 0.6111617096085901, 0.35949885805667986, 0.35268747745752]",stable,0.06426470412912155,3342,"[0.17003039516575363, 0.5918248307225302, 0.33283006682801597, 0.3143175842744755]"
"[0.2096333011123042, 0.6111360298225528, 0.35946344133526065, 0.35263652142407637]",stable,0.06232552915297619,3343,"[0.1883589160645801, 0.6188880937830232, 0.3014139740586658, 0.35120929393836114]"
"[0.2096050857475194, 0.6111463110744897, 0.3593864526518699, 0.3526346285494269]",stable,0.1124728644543509,3344,"[0.21158907992391698, 0.7021924850944473, 0.31917653592997897, 0.40497931117546826]"
"[0.20960771355437557, 0.6112669020334566, 0.35933319448402634, 0.35270395925489184]",stable,0.1345312325552096,3345,"[0.24607734862444894, 0.7263969337890589, 0.33774878163628586, 0.40791090773650834]"
"[0.2096559538124048, 0.6114191904352497, 0.35930464367338116, 0.35277698431902094]",stable,0.140211429546637,3346,"[0.2336972358517145, 0.7343028562612859, 0.3141090493415579, 0.3968022572831521]"
"[0.2096877124412546, 0.6115815202447954, 0.35924494011415814, 0.3528351418790792]",stable,0.1215657311444218,3347,"[0.26688358599752565, 0.6975035909772851, 0.3450474590994914, 0.41546651046297745]"
"[0.20976316873882223, 0.6116948739001153, 0.35922620992812293, 0.35291776901441413]",stable,0.07583355936786565,3348,"[0.2345790747662817, 0.6052501150171012, 0.28797652480096153, 0.357022277103829]"
"[0.20979586426718516, 0.6116863827816924, 0.3591323368251886, 0.3529231767984582]",stable,0.06231062453475006,3349,"[0.2531060837254915, 0.6123073831819893, 0.3148448094359212, 0.34620989916144196]"
"[0.20985285139805138, 0.6116871998874822, 0.35907406376283424, 0.35291434353840956]",stable,0.14124257590939795,3350,"[0.3056949626680509, 0.6859648816818811, 0.3478511347854425, 0.42447289864714216]"
"[0.2099787937256072, 0.6117848052512067, 0.3590593161557681, 0.3530083758053067]",stable,0.1499750349037864,3351,"[0.29916499758668447, 0.700699130645603, 0.3650623396260505, 0.43422745351563885]"
"[0.21009583598789205, 0.6119014907176036, 0.35906719413932486, 0.35311496252146196]",stable,0.07527564472879344,3352,"[0.23967249576955024, 0.6610498438009886, 0.32848924709719046, 0.39107642231129236]"
"[0.21013459963111836, 0.6119659053350129, 0.35902711819300487, 0.3531647154176479]",stable,0.07107758831128422,3353,"[0.2146261354187267, 0.6734889091844473, 0.32473349885472047, 0.3615740754670438]"
"[0.21014047860466237, 0.6120464328269625, 0.3589822312566982, 0.3531757224334193]",stable,0.1330217325663532,3354,"[0.2470028909233945, 0.6103712447320463, 0.4761340911183002, 0.4042499759160929]"
"[0.21018866476455614, 0.612044243038603, 0.3591353709427918, 0.35324248616346204]",stable,0.2762369942321808,3355,"[0.4156489465340796, 0.6561619374607106, 0.46374770289107226, 0.49885443155544645]"
"[0.4742829032647933, 0.6169179721474883, 0.4015731879960411, 0.4928739441212001]",stable,0.11807804409152634,3356,"[0.5543109442462918, 0.6781726422468006, 0.3902354199725956, 0.5533492081587799]"
"[0.4746323706926601, 0.6171854597898434, 0.40152367809200856, 0.49313802824363495]",stable,0.1611948487291393,3357,"[0.5029396556148501, 0.5537456697671632, 0.5461806617003384, 0.5083770246791518]"
"[0.47475544584449575, 0.6169096346158317, 0.4021526214990013, 0.4932042847498763]",stable,0.27178496032305155,3358,"[0.43893476721607777, 0.49480828766837504, 0.642260832854016, 0.4883822982386244]"
"[0.4964274958149991, 0.5093811114959048, 0.7759367817941917, 0.5489203674298958]",stable,0.17745663911528523,3359,"[0.40811306284163124, 0.43020570078881587, 0.6834269897926804, 0.45476829672571006]"
"[0.49623210990134126, 0.5092059446580572, 0.7757321141127724, 0.5487120663885149]",stable,0.2091081403394252,3360,"[0.43207190926613676, 0.3456114698732482, 0.7309017150810453, 0.4446122769881436]"
"[0.30100732811421005, 0.30339617221109433, 0.836133178655284, 0.38033270623334753]",stable,0.06150990805497143,3361,"[0.32940696927106644, 0.28842324224543875, 0.7837476940855962, 0.3774169652065416]"
"[0.30107399393852197, 0.30336102448817026, 0.8360102080342284, 0.3803258617708433]",stable,0.06406101885094334,3362,"[0.35152461814341324, 0.27720346685033465, 0.8622726015630535, 0.39391326469112914]"
"[0.30119214528326405, 0.3032997655709856, 0.8360717124687223, 0.3803576823865817]",stable,0.059425438073114505,3363,"[0.31177053213844635, 0.2532189289778522, 0.8419686448180985, 0.3507499736484435]"
"[0.3012168611404023, 0.30318275427053437, 0.8360854903480432, 0.3802885054970066]",stable,0.09237494800962566,3364,"[0.264769981029007, 0.24610741050153437, 0.8220521332348415, 0.31904941690393196]"
"[0.3011319033779049, 0.30304971151116605, 0.8360527785599005, 0.3801457570387477]",stable,0.08718869845717538,3365,"[0.2665587399057422, 0.2298926588929965, 0.8575141560772925, 0.3557732226309]"
"[0.3010515006721557, 0.3028795788306587, 0.8361026887401735, 0.38008907672617126]",stable,0.09267382011229806,3366,"[0.2213642554683975, 0.29480884116979456, 0.8795198558656991, 0.36311283808369277]"
"[0.300866611472147, 0.3028608532212367, 0.8362034246267755, 0.3800496887014787]",stable,0.10766445666957104,3367,"[0.20621871179628298, 0.31275619058865556, 0.8713079901620122, 0.34395035222739984]"
"[0.30064751911178617, 0.3028837590947724, 0.8362846851951441, 0.37996612542260355]",stable,0.11958673710805622,3368,"[0.1942457199321463, 0.2924730220695693, 0.8650127127969605, 0.3347338160830587]"
"[0.3004017874739579, 0.30285971582219684, 0.836351031679213, 0.3798616628144291]",stable,0.11329759511977301,3369,"[0.362401808328402, 0.3805835918263147, 0.8003243432451936, 0.42052392164675567]"
"[0.3005446446648668, 0.30303880309409575, 0.8362680208763695, 0.3799553546550566]",stable,0.34342548460568745,3370,"[0.5499333746981685, 0.42122032872495263, 0.684642420237365, 0.5170287986165054]"
"[0.4963506557397448, 0.5090117159253131, 0.7755310331108399, 0.5486421254000556]",stable,0.20921167943028227,3371,"[0.6290595720066597, 0.5134782978505772, 0.6165876243337151, 0.578221050422998]"
"[0.6493888467508032, 0.5996567102660978, 0.7020538873922781, 0.6414192595782083]",stable,0.1578872855628126,3372,"[0.691136721599585, 0.5589761615030466, 0.5573062219902262, 0.6173627386120294]"
"[0.7450478903373868, 0.620098038486272, 0.47169214084866146, 0.6398420792716188]",stable,0.06038038115826434,3373,"[0.7443747779980644, 0.6061997936548628, 0.5276806862973992, 0.657659456119426]"
"[0.7450463249598535, 0.6200657169866641, 0.47182234676830964, 0.63988351503173]",stable,0.11736315802941946,3374,"[0.8494338097672285, 0.6335241496777981, 0.47508395479280213, 0.6917062550289679]"
"[0.7452885233004738, 0.6200969430485924, 0.4718299143043294, 0.6400037534075936]",stable,0.15233192675238533,3375,"[0.8542371518246289, 0.6886822061774883, 0.4502444610982185, 0.7185234461109318]"
"[0.9105661155045964, 0.6906232964459657, 0.3808007335593511, 0.7287006557475094]",stable,0.21432373946586672,3376,"[0.7163187381831039, 0.7000689036415777, 0.43911282646112626, 0.6600486198820279]"
"[0.745221463612702, 0.6202820633277428, 0.47175418030469235, 0.6400501535614697]",stable,0.2311956379957273,3377,"[0.5662813304285685, 0.6771880395550147, 0.3794459267171227, 0.5417000241587584]"
"[0.4751516617950761, 0.6171705800917588, 0.40205432411899317, 0.49341422301571564]",stable,0.1135049167899938,3378,"[0.4862331594558318, 0.712841093276354, 0.35236466297643076, 0.527158215482992]"
"[0.4751994268712001, 0.6175829529934166, 0.4018401445451028, 0.4935596712591091]",stable,0.14967001181868053,3379,"[0.3831045348771981, 0.6827499253345366, 0.31248102496725677, 0.4524761372024948]"
"[0.4748041698240156, 0.617862639569988, 0.40145662901043394, 0.4933833470786086]",stable,0.19569052446380134,3380,"[0.33216694488789555, 0.6732996091521264, 0.30865694085472634, 0.4142356136354277]"
"[0.21034790533912967, 0.6121242108794823, 0.3590694722089954, 0.3533221116562453]",stable,0.1367125228152503,3381,"[0.32424738375181483, 0.6465198935488606, 0.3855520130432251, 0.415232003890842]"
"[0.21049640531098454, 0.6121690553158179, 0.3591039996416346, 0.35340282859527344]",stable,0.0975184287668351,3382,"[0.27948590454810995, 0.6460101197922576, 0.4016779722445687, 0.39574113460849303]"
"[0.2105862353881162, 0.612213119201855, 0.3591594345017946, 0.3534579565978948]",stable,0.07573137447953973,3383,"[0.26323658295898106, 0.6249394015650301, 0.40178917712508183, 0.38482559537279193]"
"[0.2106547013797558, 0.6122296683336667, 0.35921486979779366, 0.35349874676535237]",stable,0.06595442823527525,3384,"[0.22735575707167202, 0.5510333025039402, 0.3768118225411998, 0.34944740056955437]"
"[0.21067639106247257, 0.6121501925338877, 0.3592377229831747, 0.3534934852767864]",stable,0.2611209778415226,3385,"[0.21159358070065554, 0.4452369987960089, 0.5574729240082191, 0.3214604607105341]"
"[0.2696532423220412, 0.4874632080787039, 0.5868032832230528, 0.38403278030463545]",stable,0.1806269355311772,3386,"[0.20111051839938224, 0.3422279396805506, 0.5955125723942168, 0.3018205553493673]"
"[0.26940668576116833, 0.486940779055689, 0.5868346116013663, 0.3837370528767388]",stable,0.19550090631415487,3387,"[0.1957248264697278, 0.3464304028808916, 0.6716918752783688, 0.3072670131913763]"
"[0.2691425930755359, 0.4864371576357076, 0.5871387594998502, 0.383462966712992]",stable,0.2444333161424161,3388,"[0.2428503671180755, 0.2918429623443417, 0.7192205895716394, 0.32227592381686143]"
"[0.3004120141417707, 0.30301306552915375, 0.8359989463216461, 0.3798227582623251]",stable,0.2178520679861038,3389,"[0.21079223758429444, 0.3794504877019012, 0.6652883136395983, 0.31316677911198815]"
"[0.2689341989487815, 0.486055062385944, 0.5874178650503492, 0.3832119089001313]",stable,0.09543818267238537,3390,"[0.21293375106357781, 0.44101836245471554, 0.574834494159002, 0.3216834521928526]"
"[0.2687349090986562, 0.48589478943245207, 0.5873730843710205, 0.382992946420746]",stable,0.06538252594467951,3391,"[0.24848329142572442, 0.46917857601560914, 0.5376630636195896, 0.34961288161507265]"
"[0.26866309485158907, 0.4858355120799101, 0.5871968077016891, 0.3828745773966124]",stable,0.12112400738222992,3392,"[0.21794180854680262, 0.533146752422283, 0.49900925570850335, 0.33723491821039864]"
"[0.26848386769150145, 0.48600268960762166, 0.5868851909101939, 0.38271330651609575]",stable,0.18366891618532502,3393,"[0.18737924824309926, 0.5398335933238346, 0.4423297826539257, 0.3247281426741158]"
"[0.21064617427541762, 0.6120563966853663, 0.3593454947856011, 0.35345617614241204]",stable,0.09394421783308468,3394,"[0.181722438516539, 0.5406860891666478, 0.4065949097415175, 0.3277131078515532]"
"[0.21060870829645537, 0.6119639481004975, 0.3594066986909844, 0.35342283019903004]",stable,0.06690980246009075,3395,"[0.19259222842363183, 0.5586925507888196, 0.39260251433461213, 0.3388446214456834]"
"[0.21058540107799115, 0.6118950329681409, 0.35944964282506414, 0.3534039709380296]",stable,0.035874217296290506,3396,"[0.2221417454746738, 0.5909521713333002, 0.341274218516955, 0.3337962972215775]"
"[0.21060033175550624, 0.6118679750073723, 0.35942616036471775, 0.3533786380262512]",stable,0.057314624684024484,3397,"[0.18174346639374006, 0.6004027594621039, 0.3179315005040463, 0.32890437481545765]"
"[0.21056309709052332, 0.6118531811808623, 0.35937261886812333, 0.3533470583317857]",stable,0.08174420210126251,3398,"[0.17339351096118832, 0.5865364339790643, 0.29764671184307584, 0.324200683648106]"
"[0.2105151981393257, 0.6118205565066331, 0.35929307517350345, 0.35330949857059535]",stable,0.1624681178085111,3399,"[0.16097841843699148, 0.5169219090545093, 0.47910409912047086, 0.3291939016777263]"
"[0.2104514442400949, 0.6116984218252276, 0.35944727211552013, 0.35327846176635747]",stable,0.2524067264244114,3400,"[0.15414270080573317, 0.49631449754113866, 0.5762132122124445, 0.33786553901202115]"
"[0.26808125794894594, 0.4860389987904861, 0.5868476135204131, 0.3825553918417856]",stable,0.09059006528018834,3401,"[0.21495999495480905, 0.46029439361215596, 0.6477594188932162, 0.35074881051316453]"
"[0.26789486755247527, 0.485948666842492, 0.5870613391533002, 0.382443789802036]",stable,0.1640825773975223,3402,"[0.23697067475645456, 0.44631264439175355, 0.7432134151427157, 0.37893645551389055]"
"[0.26778674100423744, 0.48581007935140547, 0.5876073254329834, 0.38243152639543415]",stable,0.2143437319740194,3403,"[0.2911139928178595, 0.37688447294497596, 0.768447394939158, 0.3536017451030331]"
"[0.3003906884047893, 0.3031824953626763, 0.8358440115707687, 0.37976261832388636]",stable,0.03914409672019171,3404,"[0.26519688661780544, 0.31211061186803274, 0.8213288487010284, 0.381566892790233]"
"[0.3003101533892584, 0.30320292583522856, 0.8358107960950942, 0.37976674709840885]",stable,0.04746662765991377,3405,"[0.2941261773637113, 0.27030988931675987, 0.8694207617614234, 0.38157161230756204]"
"[0.30029603472253347, 0.3031278275783371, 0.8358875311765241, 0.37977086779523345]",stable,0.0352321521332458,3406,"[0.3034281729778526, 0.284348739963803, 0.8652077672507845, 0.38414852456627374]"
"[0.3003031694338212, 0.3030850506133837, 0.8359543198691763, 0.3797808396785388]",stable,0.07872163228240033,3407,"[0.3105665920315814, 0.2901708447429645, 0.9101143723917166, 0.4004028532168853]"
"[0.30032649539427064, 0.3030557001454964, 0.8361228654430912, 0.37982770789112597]",stable,0.09225584770986103,3408,"[0.25977504671735835, 0.2751322912953806, 0.9139456999615834, 0.3742949768687932]"
"[0.3002345419959103, 0.3029923817580812, 0.8362993344556048, 0.37981516201579185]",stable,0.08693689079540419,3409,"[0.23170522699957208, 0.28599277729937095, 0.8753734536165726, 0.3474735073372419]"
"[0.30007949829682357, 0.3029539211145095, 0.8363877374401318, 0.37974199085136073]",stable,0.14536745596893963,3410,"[0.1903373436952171, 0.2662603122854515, 0.8876940966536433, 0.3082605713520747]"
"[0.29983177334286953, 0.3028710912977396, 0.8365035531494175, 0.37958063324526753]",stable,0.13133626382868502,3411,"[0.23537632213127097, 0.21813529991772954, 0.8930214433026592, 0.3274243032611064]"
"[0.29968660340770825, 0.30268024492075757, 0.8366308456948076, 0.3794631640335914]",stable,0.13330642093094353,3412,"[0.22256620717101372, 0.24246006534244016, 0.9212999656428066, 0.3474051471813329]"
"[0.2995132991465022, 0.30254491867451416, 0.836821113380084, 0.37939112354628296]",stable,0.13542778232756636,3413,"[0.2323004577671336, 0.21163834399910392, 0.8944579634301875, 0.3320930646330413]"
"[0.2993625977084319, 0.30234109227389666, 0.8369503439855774, 0.3792850740868362]",stable,0.15261842071706402,3414,"[0.23021384730089167, 0.1851309621400536, 0.8473688290289887, 0.3109910536849426]"
"[0.29920790251736357, 0.30207887721766885, 0.8369736515583815, 0.37913229104343155]",stable,0.11663321471135103,3415,"[0.2768043314943233, 0.2049695895361252, 0.8554264101241346, 0.3214203449090572]"
"[0.29915789454633, 0.30186211541480823, 0.8370148407516087, 0.37900346973509585]",stable,0.12285332808867919,3416,"[0.26574108530854584, 0.19881671009607563, 0.884908077263419, 0.3463823198174104]"
"[0.29908346958143517, 0.30163261562567967, 0.8371215072026373, 0.3789308168399563]",stable,0.1530572399493221,3417,"[0.2831544039282749, 0.16838718782671316, 0.8491594798351797, 0.3063117645610244]"
"[0.2990480716577615, 0.30133651467501527, 0.8371482582529318, 0.37876944116822536]",stable,0.18180631259147217,3418,"[0.23292023080270252, 0.25789004748442707, 0.6889840960498717, 0.30919624597583456]"
"[0.2989014467334709, 0.301240181044881, 0.8368197346116834, 0.37861517687733315]",stable,0.23474796557585462,3419,"[0.27252491714112276, 0.40243394687763745, 0.629155003742826, 0.3462722125973405]"
"[0.26780325032875624, 0.485519570179023, 0.5877520908626345, 0.3823055357550227]",stable,0.0719574861980345,3420,"[0.2553952272575564, 0.459642496009968, 0.5278567911483245, 0.35461346309898795]"
"[0.26776016691531457, 0.4854297192270471, 0.5875441210719599, 0.382209382724967]",stable,0.17365407808512182,3421,"[0.16889893473359444, 0.4988334778166185, 0.46170810429749665, 0.3161198090759026]"
"[0.21039803484484232, 0.6115533512031086, 0.3595787127738517, 0.3532307000019739]",stable,0.11237160014232275,3422,"[0.1847964502956195, 0.5598090645140386, 0.45506345507075574, 0.33992174923009766]"
"[0.21036517016634523, 0.611486927215061, 0.3597012862556192, 0.3532136153411627]",stable,0.10725633271436794,3423,"[0.14930121205163363, 0.5574113442959393, 0.40513479347845144, 0.3004240171224797]"
"[0.21028688304055712, 0.6114175995446519, 0.35975953434180236, 0.3531459363690874]",stable,0.12856501237470785,3424,"[0.12812317023659286, 0.5424151483391075, 0.3523626143684017, 0.282704229918221]"
"[0.21018167982313848, 0.6113292481346576, 0.35975006325348813, 0.3530557421226715]",stable,0.05785033945997044,3425,"[0.17523255098922072, 0.5817961198177315, 0.32958809387548776, 0.3345281922457834]"
"[0.21013698784253246, 0.6112914819859148, 0.3597114929601659, 0.35303204960364737]",stable,0.11824565733377108,3426,"[0.14851977796223118, 0.5448426929045329, 0.3095823110918452, 0.29596210585307614]"
"[0.21005829408789606, 0.6112066176320433, 0.35964747101652816, 0.3529591633408752]",stable,0.08787509825041162,3427,"[0.18394193899754702, 0.5464341696309724, 0.3467872479290044, 0.3011990094442534]"
"[0.2100249824104849, 0.6111239997136746, 0.35963106767075326, 0.3528931427364152]",stable,0.12721939148342232,3428,"[0.12550887658968382, 0.5456928450413729, 0.3400991226849647, 0.28671861176247565]"
"[0.20991731858141383, 0.6110406479242831, 0.3596061862121727, 0.3528088439708433]",stable,0.12454233144289371,3429,"[0.15451375074041515, 0.5657633355483495, 0.27982959124882495, 0.28935100858556145]"
"[0.20984683058161613, 0.6109830432011585, 0.35950468927201573, 0.35272810881132005]",stable,0.09578126852206234,3430,"[0.19437933141076513, 0.5532028036728756, 0.29899721024625175, 0.3087383739735637]"
"[0.209827176834258, 0.6109096248536003, 0.3594278055629614, 0.35267221334138643]",stable,0.12298632469445789,3431,"[0.29233999905394026, 0.5616950548191816, 0.42502393138902195, 0.3925764061553334]"
"[0.2099318885375825, 0.6108471698154856, 0.3595110493774615, 0.3527228531799828]",stable,0.2676388247597925,3432,"[0.3185095266380764, 0.481903608140439, 0.5561926843433559, 0.42003800298310806]"
"[0.26793577023615456, 0.48541751815062284, 0.58743563859193, 0.3823402776047529]",stable,0.08364560583440482,3433,"[0.29450963652178935, 0.4159311395374147, 0.6235895546474055, 0.3698922035724642]"
"[0.2680274042578292, 0.4851779099485083, 0.5875603072679834, 0.3822973532115381]",stable,0.11564122301068357,3434,"[0.2962406394230254, 0.41220840050428975, 0.6727210528706175, 0.3823599694516685]"
"[0.2681243569559914, 0.4849271556205213, 0.5878529558783017, 0.3822975683876211]",stable,0.17387585522101423,3435,"[0.3010105587366994, 0.390892979762012, 0.7299220443506924, 0.39348946869599655]"
"[0.2989061129104692, 0.3014385279446976, 0.8365832352969467, 0.3786480846025957]",stable,0.07615606066051442,3436,"[0.246393671350565, 0.3271850701308067, 0.7880787950371552, 0.38380791960856425]"
"[0.29879019140592195, 0.3014953635786626, 0.8364761614773887, 0.37865947496684726]",stable,0.05304322243107686,3437,"[0.25636854297057254, 0.32810545808342323, 0.8492700833792476, 0.366734475062564]"
"[0.29869675165165904, 0.3015539761216246, 0.8365043419221063, 0.3786332084472343]",stable,0.0348908842144766,3438,"[0.29766949719274044, 0.28568571807079424, 0.8107232120430239, 0.3613170230088999]"
"[0.29869449394955155, 0.3015191008292052, 0.8364476800981963, 0.3785951508968204]",stable,0.04650540905405063,3439,"[0.29042885156151826, 0.26199658920737806, 0.848300177003327, 0.35879814053125947]"
"[0.2986763675408059, 0.3014324286545959, 0.8364736724159707, 0.3785517364004047]",stable,0.07043891176404674,3440,"[0.2657396575472299, 0.2506239313877476, 0.8647212698593795, 0.3562496452549084]"
"[0.2986042959653276, 0.3013212503235962, 0.8365354833512955, 0.3785029353256881]",stable,0.05766530980072181,3441,"[0.2683604707047745, 0.29406871771286436, 0.8632933551995869, 0.3379811380691123]"
"[0.298538261412357, 0.30130541509955533, 0.8365939066522742, 0.37841445978582655]",stable,0.06884258121485913,3442,"[0.263083287174508, 0.2906758360573642, 0.8810177409718455, 0.34105431010931925]"
"[0.2984610174597691, 0.3012822569752804, 0.8366906906050402, 0.378333065124222]",stable,0.0898653383057525,3443,"[0.3072624156832508, 0.3332838647507882, 0.9149351132126905, 0.40752247842248857]"
"[0.29848015093416796, 0.30135182568783586, 0.8368607871759264, 0.37839652037052257]",stable,0.1236353858527632,3444,"[0.3389220940638686, 0.2923830603707114, 0.9508290118611608, 0.40249969198004265]"
"[0.29856787749193303, 0.30133237066545604, 0.8371080067522501, 0.3784488049076365]",stable,0.08552597808349237,3445,"[0.340419462047365, 0.2746562404164994, 0.9010206269214427, 0.4061381323712416]"
"[0.2986584653372911, 0.30127463012379163, 0.8372463457569452, 0.37850873851686506]",stable,0.0971152948335052,3446,"[0.31540995275697725, 0.2636519221725462, 0.9203580693808642, 0.407279233863719]"
"[0.29869464565569215, 0.30119337157530085, 0.8374258527194159, 0.3785708778156704]",stable,0.09034079749086227,3447,"[0.33341306968399276, 0.27217991981999645, 0.9142394869348828, 0.3931987942814967]"
"[0.2987694698454083, 0.3011308425844489, 0.8375913993448804, 0.3786024034977088]",stable,0.07114494772773236,3448,"[0.2930974136381674, 0.23863993019451046, 0.8590716822029333, 0.3528552738989604]"
"[0.2987572718750702, 0.3009964535255458, 0.8376375935015643, 0.37854703332652867]",stable,0.10486465352691425,3449,"[0.25672102449081236, 0.22680215144720356, 0.8638639112466135, 0.32343863776094667]"
"[0.298667065335619, 0.30083723828503434, 0.8376938731533776, 0.3784287749669459]",stable,0.1088663064473933,3450,"[0.2452407627507589, 0.22835530196258083, 0.8751992683854263, 0.33008400165023316]"
"[0.29855266211809256, 0.3006820307126094, 0.8377741844922043, 0.378325252968409]",stable,0.09402828566903654,3451,"[0.3157002168979421, 0.21974943260695357, 0.8475639493077346, 0.3347207240791411]"
"[0.2985893021924085, 0.30050909781067425, 0.8377951027930922, 0.3782320808981328]",stable,0.12242196350943525,3452,"[0.30777793377784085, 0.2427015791598094, 0.7409522273143182, 0.33151533384180115]"
"[0.2986088941574094, 0.3003858408412694, 0.8375886147856748, 0.378132471629356]",stable,0.18096355283523002,3453,"[0.27868274723363484, 0.34585555328338113, 0.6707206903265555, 0.32875274744362826]"
"[0.2681605158268052, 0.4844508830097776, 0.5881367494894258, 0.38211419571315536]",stable,0.07738918330286583,3454,"[0.2494872805148391, 0.42389006751404856, 0.5922367406153538, 0.3378878045589126]"
"[0.26809678464826614, 0.4842441908067205, 0.5881507426332004, 0.38196325239863577]",stable,0.061133817744130105,3455,"[0.2599436629155103, 0.42479433772020464, 0.5977165808009619, 0.37524908929939094]"
"[0.2680690529416921, 0.4840419804220725, 0.5881832794977165, 0.38194041510918253]",stable,0.07805978795189807,3456,"[0.26516806419827016, 0.47005951355775627, 0.5186492764993023, 0.3494684609516231]"
"[0.2680592190815449, 0.4839945822293121, 0.5879475710129761, 0.38183034068830946]",stable,0.11342758348432694,3457,"[0.20724878907601146, 0.5021931409014267, 0.5062336045201115, 0.335359398800968]"
"[0.26785377843963426, 0.4840560638464476, 0.5876715103153651, 0.3816733442630144]",stable,0.17207296698099595,3458,"[0.2330984071935477, 0.5395944814438752, 0.43278035303396156, 0.34526752464594135]"
"[0.20996125041167116, 0.6107568622256611, 0.35960391288019466, 0.3527134040943883]",stable,0.10688169186164653,3459,"[0.25907539059097306, 0.5176600004231641, 0.3722963212954493, 0.3391718243932238]"
"[0.21002342020936648, 0.6106390180967972, 0.35961997921996075, 0.35269626285426026]",stable,0.08336747868269506,3460,"[0.210556051690994, 0.5474477368682601, 0.3200360492447333, 0.3154158756509785]"
"[0.21002409357407142, 0.6105591302570645, 0.35956993632492257, 0.35264913214983135]",stable,0.11090307325918292,3461,"[0.14062273713078324, 0.547235724406498, 0.37836772095853416, 0.2967945625380605]"
"[0.20993646559876422, 0.6104791764617986, 0.35959367090148014, 0.35257860870335184]",stable,0.12243667471106676,3462,"[0.15325980785838783, 0.525377261542279, 0.35063026609168996, 0.2858267006187848]"
"[0.20986499440363132, 0.610371860049542, 0.3595823677428297, 0.3524944322744936]",stable,0.13203062429330606,3463,"[0.12338031959824275, 0.5333831596342895, 0.36256190936213656, 0.2891197597688653]"
"[0.20975607163939283, 0.6102748969507823, 0.3595861203141386, 0.3524146153066024]",stable,0.07356681885873932,3464,"[0.15791841504153012, 0.584955157076099, 0.33736824345329913, 0.31253716659293]"
"[0.20969086703989867, 0.6102430482213802, 0.3595581732992193, 0.35236445499375496]",stable,0.03234029756376185,3465,"[0.19932021801970048, 0.622548687183197, 0.343704497815463, 0.3292219246910918]"
"[0.2096778385863557, 0.6102585075668097, 0.35953825662147587, 0.35233538146322396]",stable,0.01998398656025293,3466,"[0.22132428576085314, 0.6047496504248316, 0.3699363761929562, 0.3635269671157794]"
"[0.20969245144353826, 0.6102515955754144, 0.3595513031955932, 0.352349423603315]",stable,0.038477473638681384,3467,"[0.2049903896739484, 0.6343880062436689, 0.33556298413313423, 0.3696814985322271]"
"[0.2096865591355563, 0.6102818417040714, 0.35952124264538965, 0.35237114299545647]",stable,0.062297331399254224,3468,"[0.21936505570153036, 0.6711756202444343, 0.35840255829686274, 0.3612017989222]"
"[0.20969867239784165, 0.6103580541928578, 0.359519842539822, 0.35238219513053376]",stable,0.06970335641304756,3469,"[0.1958563403043823, 0.6650939088420146, 0.32750850271523485, 0.37780281817403744]"
"[0.2096813694827248, 0.6104264740111693, 0.35947982836504133, 0.35241397090933807]",stable,0.09300948138459528,3470,"[0.20259520827019484, 0.5500854673661731, 0.3041391110711963, 0.3088603502427086]"
"[0.20967252283951315, 0.6103511419179796, 0.3594107388303424, 0.3523595968510776]",stable,0.10553475548735668,3471,"[0.2628135229479662, 0.5590894053993629, 0.28731826761998325, 0.33025691178502714]"
"[0.20973878343815214, 0.6102872245407743, 0.35932084796848407, 0.35233203739338925]",stable,0.11673159360656611,3472,"[0.27004889117989966, 0.5396271481238892, 0.2912779764408097, 0.3331936705577454]"
"[0.2098138894253772, 0.6101992294269301, 0.3592361121384372, 0.3523082038107795]",stable,0.10524613364051691,3473,"[0.22940072892758084, 0.5402259946114645, 0.3063693265592104, 0.29751811568735853]"
"[0.2098382511660516, 0.6101121980403437, 0.3591703574300053, 0.3522400569350041]",stable,0.12309223210446023,3474,"[0.22770065809335333, 0.5139229618747185, 0.3014861685925717, 0.3047764158266495]"
"[0.2098604404914271, 0.6099927083059764, 0.35909870005256755, 0.352181095890149]",stable,0.15454347180132527,3475,"[0.2301370863283435, 0.4751406118660385, 0.31746404361376823, 0.2925655796297985]"
"[0.20988559762025702, 0.6098253980126266, 0.3590470441512787, 0.3521071312297764]",stable,0.12622932163788567,3476,"[0.24058250728064715, 0.4899786680784668, 0.37125628762364377, 0.33021564712330903]"
"[0.20992363592219057, 0.6096768890536004, 0.359062173325346, 0.3520800042358402]",stable,0.06706403097806729,3477,"[0.2569050464427762, 0.5694313053960919, 0.3849461017169164, 0.3528840960278125]"
"[0.2099817812322408, 0.6096270801629352, 0.3590942078901871, 0.3520809993989491]",stable,0.029623569996555653,3478,"[0.21437721664999884, 0.5820152501126918, 0.34931274238834026, 0.3524628642203298]"
"[0.20998721440333815, 0.6095929493470511, 0.35908211707992527, 0.3520814714197419]",stable,0.1208787918043546,3479,"[0.27327295504762383, 0.615684650879102, 0.4179516191401745, 0.43636593166483945]"
"[0.21006534494734344, 0.6096004699662264, 0.35915479547753054, 0.3521855263089334]",stable,0.09080465485680306,3480,"[0.26939379755573395, 0.6531138969164054, 0.376026249363711, 0.4026588437506769]"
"[0.21013849963613304, 0.6096541240068555, 0.35917559874989324, 0.35224776221206744]",stable,0.04873598244282137,3481,"[0.25364885791918984, 0.5919670083318537, 0.3685081174499879, 0.3613094806229712]"
"[0.2101920838212107, 0.6096323418446941, 0.3591870919995239, 0.35225892196380504]",stable,0.09825911664125504,3482,"[0.28971548461245555, 0.5704937134700089, 0.3319592652139129, 0.38478115969732907]"
"[0.21028989858233155, 0.6095842008503832, 0.359153601437672, 0.35229892471624485]",stable,0.08710579053238912,3483,"[0.2607998576215767, 0.5612310790834134, 0.3072107833599706, 0.35201248508624783]"
"[0.2103519501290628, 0.6095247989808906, 0.35908978962185173, 0.3522985728248075]",stable,0.028711363800845578,3484,"[0.21700184278306636, 0.5905520450978164, 0.34386504671233536, 0.33857402720660357]"
"[0.2103601095065524, 0.6095015195282734, 0.35907110895570504, 0.35228173289153364]",stable,0.22485106556191042,3485,"[0.4047572570067153, 0.6617334722594811, 0.2977626845802849, 0.4315335526978619]"
"[0.4745048240427451, 0.6180501217609687, 0.40101349249577517, 0.4931190317180071]",stable,0.14076777278688227,3486,"[0.5712163701875238, 0.6554575294161078, 0.31118827797179993, 0.5246556673329505]"
"[0.47491636253697816, 0.6182093022190757, 0.400631257540354, 0.4932532301674324]",stable,0.2608305180623839,3487,"[0.6605011741107073, 0.6791914160275039, 0.2536414085615958, 0.5841707914990738]"
"[0.745025804745492, 0.6204181126411372, 0.4712504556586344, 0.6399211019169837]",stable,0.1899362689020643,3488,"[0.7280904605022515, 0.6826916094988532, 0.2933969355746453, 0.6232142966375073]"
"[0.7449867832149776, 0.620561599961086, 0.47084065492111365, 0.6398826069739435]",stable,0.18454427880044671,3489,"[0.8441423549231906, 0.6979482077782073, 0.3374453823381554, 0.6609011135876819]"
"[0.9104694288079714, 0.690633958616755, 0.38073762533341055, 0.7286019664576115]",stable,0.08432691681789525,3490,"[0.8276568343595896, 0.6941113149030734, 0.3747418820821938, 0.7142819749470152]"
"[0.9103490616648778, 0.6906390129136828, 0.3807289105903129, 0.7285811525164624]",stable,0.06283022095545623,3491,"[0.8586699404519631, 0.6968140502747153, 0.3532561586717822, 0.7065806545315294]"
"[0.9102740556834367, 0.6906479752320587, 0.38068903722032954, 0.7285492214598805]",stable,0.32243900981413465,3492,"[0.6711343751289739, 0.5477183587564982, 0.44035285954440717, 0.5775840556961879]"
"[0.7448170075642052, 0.6203941442341789, 0.47077056803519024, 0.6397393919135349]",stable,0.25847839359302943,3493,"[0.5838065836020476, 0.49806929404683387, 0.6027266640968708, 0.5474846193065667]"
"[0.6487458833865997, 0.5986607552051246, 0.7010800910854605, 0.640498331732408]",stable,0.25702102923989056,3494,"[0.5049163445256276, 0.43902486268142143, 0.6622534084621754, 0.5049190421738469]"
"[0.4963695228956609, 0.5088575598608993, 0.7752815229243891, 0.5485458190493371]",stable,0.1646038776660242,3495,"[0.42049284283234306, 0.38663806956770175, 0.7896780522846971, 0.4698546372046784]"
"[0.49620276096145577, 0.5085889455965187, 0.7753131636482579, 0.5483728713969312]",stable,0.23594196190704558,3496,"[0.4271708889168074, 0.3105155326934818, 0.7988937249977772, 0.4429494856708901]"
"[0.2988824303164719, 0.3004073933771252, 0.8375062852329346, 0.37827038016986986]",stable,0.11683530717735309,3497,"[0.39117581770610643, 0.29839792414984373, 0.8906943507084981, 0.4262225581367263]"
"[0.29907838230668343, 0.30040312698810756, 0.8376192110619697, 0.37837218946491624]",stable,0.08194370319519578,3498,"[0.344824812674533, 0.24697972413514577, 0.8793291766291652, 0.3730567965410258]"
"[0.2991753027100052, 0.3002899418125716, 0.8377075796330866, 0.37836092803923]",stable,0.0389223158712923,3499,"[0.3078624189596071, 0.2855920563118678, 0.8702549862459945, 0.39117182842260645]"
"[0.2991936687063046, 0.3002588680588703, 0.8377763902178919, 0.37838801239522024]",stable,0.09136541459958435,3500,"[0.29873984144174803, 0.37017515365006315, 0.7791308881059423, 0.38284347162362425]"
"[0.29919271126481817, 0.300406370771088, 0.837652665529892, 0.3783974120982338]",stable,0.24832661289337524,3501,"[0.29199240096040646, 0.408321722210543, 0.6142444589287331, 0.37082692006870066]"
"[0.26793505326293654, 0.48380106606316164, 0.5877609815228175, 0.3816368243162322]",stable,0.11254796625508409,3502,"[0.22812473569683497, 0.4868280874517718, 0.49171779046336805, 0.33864001145675765]"
"[0.26780146159325163, 0.48381122385305636, 0.5874386889353697, 0.38149253970932123]",stable,0.24876719444433049,3503,"[0.17199822452197538, 0.49666253678304995, 0.3851047439321427, 0.2737768247287544]"
"[0.21031309739260073, 0.6093632364611836, 0.3591030129201369, 0.35218552589623614]",stable,0.10642495770670315,3504,"[0.1826106879468406, 0.5215414498643293, 0.3887187771631864, 0.3078111138887549]"
"[0.21027918991469893, 0.6092557434543332, 0.3591392623255752, 0.3521312120504497]",stable,0.10957641227891043,3505,"[0.17405612992649164, 0.5193761175740395, 0.3634453060558542, 0.301160721646493]"
"[0.2102349074452757, 0.609145866161081, 0.3591445264377149, 0.3520689009374865]",stable,0.10096097350477858,3506,"[0.19205045877561658, 0.5209045586356682, 0.3468291259473121, 0.30820266614830444]"
"[0.2102127042112468, 0.6090381234168497, 0.35912948931867894, 0.35201534021124814]",stable,0.07698448675287285,3507,"[0.16146882942246557, 0.5559456744737056, 0.373281458055299, 0.3289597656732707]"
"[0.21015326046150437, 0.6089733765278946, 0.3591467478171383, 0.3519872236569336]",stable,0.15769462968592854,3508,"[0.10957717503483941, 0.5672153079365839, 0.2765358144732868, 0.27335043410133536]"
"[0.21003075609435864, 0.6089225140813767, 0.35904612548663417, 0.3518914419400571]",stable,0.15733777854678418,3509,"[0.10167262089911043, 0.5780486709604178, 0.2760168118540245, 0.28001216826756253]"
"[0.2098989335454593, 0.6088849546615215, 0.3589451165892709, 0.35180399756819275]",stable,0.13973027274072394,3510,"[0.12615626059177218, 0.6009827026023193, 0.270270843370933, 0.2840829408106281]"
"[0.20979718060140867, 0.6088753528971725, 0.35883737142132643, 0.35172171195852375]",stable,0.07889915604281396,3511,"[0.14651357749975558, 0.6042106516360153, 0.31882078797623475, 0.327284526886038]"
"[0.20972038011220762, 0.6088696918519527, 0.35878880760646586, 0.35169205518052316]",stable,0.08254163025993963,3512,"[0.20687582809251667, 0.6606091521429255, 0.29646492172011546, 0.36730585505755114]"
"[0.20971693217036555, 0.608932406349275, 0.35871326350236116, 0.35171098099855597]",stable,0.11688624082135252,3513,"[0.1827255804738148, 0.7035766785063339, 0.29736303240288253, 0.3662873700864427]"
"[0.20968425498913487, 0.6090469877925645, 0.35863898961483154, 0.3517286279587108]",stable,0.13388186117528011,3514,"[0.15559004272255153, 0.6774764445279746, 0.2598367993689622, 0.3281976780303616]"
"[0.2096188448171076, 0.6091297319965977, 0.3585195190099393, 0.35170017457306585]",stable,0.08874565669630002,3515,"[0.170935647388746, 0.6805927700481404, 0.3236002280297471, 0.34441463210456275]"
"[0.20957212597963373, 0.6092160400135681, 0.3584773459531999, 0.3516913756087319]",stable,0.11441750328820612,3516,"[0.20270326363525118, 0.5507321022379462, 0.4545419449791071, 0.33180656670722525]"
"[0.20956384025907354, 0.6091454924408592, 0.3585932260485267, 0.3516673891082476]",stable,0.22707227409366368,3517,"[0.20159780533191413, 0.5039290804368672, 0.5587017409836275, 0.33206002199580786]"
"[0.2675800446826786, 0.48387850765434004, 0.5873425787415512, 0.38132721356312216]",stable,0.14930627709218844,3518,"[0.1719851832320262, 0.391528202654735, 0.6354683704130178, 0.333271868534349]"
"[0.26726139514450975, 0.4835706733043414, 0.5875029980471227, 0.3811670290796929]",stable,0.13284040058044586,3519,"[0.192477835775417, 0.3984598905734966, 0.6387010529056774, 0.3343812928334174]"
"[0.2670129447811573, 0.48328791322882364, 0.5876730912526328, 0.3810115947400043]",stable,0.2338581956254283,3520,"[0.17126408391153103, 0.34485222401533533, 0.7327139957402182, 0.308069787244168]"
"[0.2989233878388112, 0.30049994098844435, 0.8374317420145453, 0.37824935394064624]",stable,0.17004771099166152,3521,"[0.14821121315930796, 0.3506505246840585, 0.8387690560867469, 0.3175435472748912]"
"[0.29860676562309796, 0.30060529935755276, 0.8374345514978901, 0.37812182073336525]",stable,0.11189900219445731,3522,"[0.20136053290105757, 0.34973587548828655, 0.8623900270100717, 0.37283337630149327]"
"[0.2984028951142467, 0.30070829846893793, 0.837486869056616, 0.37811073384776384]",stable,0.10148414391747256,3523,"[0.21820941940449026, 0.3383663580523367, 0.8725576007397414, 0.34318291903099657]"
"[0.29823512633661126, 0.3007870810203676, 0.8375602387881707, 0.3780376631054693]",stable,0.1438052069857557,3524,"[0.19443109445102214, 0.2319403303862952, 0.8181573238400822, 0.3088400306375971]"
"[0.29801841645793575, 0.30064335085202926, 0.8375197316588426, 0.37789320040720653]",stable,0.1577589598802749,3525,"[0.18629566799094266, 0.2274268857728081, 0.8529792997078113, 0.2953930919555828]"
"[0.29778566073196283, 0.3004908165497809, 0.8375519390922779, 0.3777213251812656]",stable,0.04158000424384088,3526,"[0.28214982946218314, 0.33045831185091334, 0.8385701125579125, 0.4019149210609873]"
"[0.29775315380624606, 0.30055311903481446, 0.8375540558770298, 0.3777716237173981]",stable,0.13303518362773764,3527,"[0.38685165251230325, 0.3681033825802531, 0.8324540028558781, 0.4496796828298218]"
"[0.2979380054633125, 0.30069326480980496, 0.8375434748541642, 0.37792081056202964]",stable,0.1674179481472261,3528,"[0.3541363614055937, 0.4311210675187005, 0.8049338318681696, 0.4603569289572292]"
"[0.2980543581671268, 0.3009633016684155, 0.8374759600653735, 0.3780914857553945]",stable,0.20464257439893388,3529,"[0.36562362139276955, 0.47563892080691084, 0.8380172680201408, 0.46056034647293087]"
"[0.49591640319924374, 0.5085166867702257, 0.7754506726490735, 0.5481803000703436]",stable,0.15974656044022434,3530,"[0.3755252091923845, 0.4851802107943392, 0.8653924154201661, 0.49928433117299453]"
"[0.49565296513795953, 0.5084656222713725, 0.7756474817142182, 0.5480733067029533]",stable,0.1394206309653206,3531,"[0.4063163656055303, 0.5105496958278821, 0.880674369000819, 0.5275283825841063]"
"[0.49545790706037784, 0.5084701726503168, 0.7758767980620054, 0.54802844879003]",stable,0.13832043507856617,3532,"[0.46476210497243275, 0.5428857273822233, 0.9055100473183029, 0.5622094492572516]"
"[0.49539103167456533, 0.5085451520723907, 0.7761592234416489, 0.5480593442158844]",stable,0.18388549971537357,3533,"[0.45800028078131466, 0.5956691350122365, 0.9209106899030179, 0.6102866156263531]"
"[0.49530974743349304, 0.5087345520353034, 0.7764739005426518, 0.5481946208928637]",stable,0.1370678093596002,3534,"[0.38296285329514934, 0.5695597628804104, 0.7607662112702441, 0.5010849407466639]"
"[0.49506604484317124, 0.5088664939243382, 0.7764398274639698, 0.5480924306973188]",stable,0.16553951027891495,3535,"[0.3933957915838026, 0.5543299221470289, 0.6658176199899453, 0.49553491008063677]"
"[0.49484597935992586, 0.5089648996131318, 0.7762003854564502, 0.5479786698301832]",stable,0.25355853307287307,3536,"[0.3461250155529102, 0.6080968860049724, 0.6141536876143848, 0.46995481699741215]"
"[0.2672749052804015, 0.4837011879731155, 0.5877607753465459, 0.3813061087209891]",stable,0.14762331741904883,3537,"[0.2698432315733177, 0.6130837150904725, 0.588420417346788, 0.4523397211521209]"
"[0.2672833816048006, 0.48412819301310683, 0.5877629523828503, 0.38154054308544827]",stable,0.20525219253879806,3538,"[0.20688038640262596, 0.6518854926751781, 0.48894055743379045, 0.4054479348129442]"
"[0.20956060718213806, 0.6091969864170452, 0.35875027102609935, 0.35173218494644604]",stable,0.07106855050987053,3539,"[0.16971196383375955, 0.622225633764199, 0.4160118730234965, 0.34796551800298925]"
"[0.20951265454272963, 0.6092126646930346, 0.3588191778877087, 0.35172765225457664]",stable,0.05065419562165664,3540,"[0.17411109989967188, 0.601877178222131, 0.39427946207690423, 0.35288365674779204]"
"[0.2094701045972452, 0.6092038480025648, 0.35886179842158994, 0.3517290416830541]",stable,0.12777530161038636,3541,"[0.13573078241845823, 0.6328695766539476, 0.45959084178607557, 0.36524322595414316]"
"[0.20938158200159238, 0.6092322582410419, 0.35898272164291584, 0.3517452651935836]",stable,0.23337557612582377,3542,"[0.22825271678855155, 0.6201512908254351, 0.5824064914963838, 0.4155467823839932]"
"[0.26715499126001024, 0.48457563741380527, 0.5877453324457237, 0.3816524057147198]",stable,0.19930498367119628,3543,"[0.3005652839583586, 0.6371891404375781, 0.6748547132916276, 0.46955748703225597]"
"[0.2672645332032835, 0.48507600955486685, 0.5880309369730873, 0.3819406190960888]",stable,0.25334967202041336,3544,"[0.3802872635531004, 0.6138043492269654, 0.7175923066533789, 0.5163087134822013]"
"[0.49459855232794564, 0.50919133470949, 0.7760738021329014, 0.5479102681966023]",stable,0.13380157679576085,3545,"[0.391262610751028, 0.5878872462374642, 0.7492303889434598, 0.5302770663158913]"
"[0.49437584555730574, 0.5093609379670934, 0.7760159499493036, 0.5478722656063422]",stable,0.1356295493674927,3546,"[0.5173862430006679, 0.5931476226056142, 0.6794817370831067, 0.5869469824283039]"
"[0.49442533028299035, 0.5095411243856708, 0.7758083494915269, 0.5479562972554217]",stable,0.2183053324254152,3547,"[0.6091776722660462, 0.6052570107030835, 0.6267233905814601, 0.603645275590732]"
"[0.6483617259970798, 0.5987247965206388, 0.7003581813718295, 0.6401405350708383]",stable,0.21037085168324943,3548,"[0.6276878209789309, 0.5813774052656087, 0.5000190684794714, 0.581901435220444]"
"[0.7445483626408443, 0.6203046563007647, 0.4708376517518056, 0.63960673604956]",stable,0.05629642060351527,3549,"[0.6997535276554303, 0.6028243871466061, 0.48193620603158066, 0.6125148181662782]"
"[0.7444458572976284, 0.6202646556848512, 0.4708630489011872, 0.6395447408141292]",stable,0.24399494788058698,3550,"[0.5836699185488169, 0.4950958271607704, 0.5429483528639527, 0.5263144205408308]"
"[0.47537718268957074, 0.6176876349518795, 0.4012342960798608, 0.49339331995715013]",stable,0.3433987921965146,3551,"[0.45254671081385767, 0.39004564224759325, 0.6560690748895199, 0.4680978914648107]"
"[0.49433546200086775, 0.5092846963124131, 0.7755513982584753, 0.547784927285914]",stable,0.16210544893494766,3552,"[0.4715802128348456, 0.38807041258460445, 0.7098097873708554, 0.4656538538237447]"
"[0.49428673555725744, 0.5090251368183493, 0.7754106239310927, 0.5476090577495925]",stable,0.21669580945180117,3553,"[0.420343782506523, 0.3459425435208433, 0.7330480030142875, 0.43315824018795374]"
"[0.29830702226700156, 0.3010562339862924, 0.8372601998235324, 0.37820526004141214]",stable,0.12560731926815807,3554,"[0.381907161474372, 0.3233493078172074, 0.7613462936083355, 0.42848759372393874]"
"[0.2984793936880477, 0.3011021990869747, 0.8371036763055628, 0.3783089349562215]",stable,0.02213552850802154,3555,"[0.3029104055244519, 0.28407168282486467, 0.8375525148885604, 0.39172936029253247]"
"[0.29848851099635304, 0.3010671568724436, 0.8371045998417419, 0.37833654900012337]",stable,0.06427234321664546,3556,"[0.3320039996166287, 0.27876919477272627, 0.8813903200362965, 0.4017720348741486]"
"[0.2985573313015281, 0.301021370502629, 0.8371955356121619, 0.37838467114770863]",stable,0.05159758356381578,3557,"[0.27822443488517296, 0.2731428960095434, 0.8305703794089766, 0.34059866953112455]"
"[0.29851566553018316, 0.3009642424811268, 0.8371819594724013, 0.37830724081652706]",stable,0.2017775466291688,3558,"[0.45028903096706696, 0.3386081856128626, 0.7191070974828464, 0.4264765710930706]"
"[0.29882604051062667, 0.3010412239599238, 0.836940497586942, 0.3784057466044137]",stable,0.18755013240976587,3559,"[0.4136773847862057, 0.3839826793486332, 0.7262754386905992, 0.4318677013244276]"
"[0.2990604310091483, 0.3012104922362273, 0.8367146505279699, 0.3785148526344545]",stable,0.12826174695067794,3560,"[0.3762797646766227, 0.3389659079922852, 0.7473451363343119, 0.41131529093438834]"
"[0.29921770052781926, 0.3012873871766673, 0.8365326352241133, 0.37858165597111426]",stable,0.09541485053256178,3561,"[0.36315672225412554, 0.3113870929823913, 0.7781785523735281, 0.41742225535035793]"
"[0.29934765788905165, 0.301307915033996, 0.8364140293646608, 0.37866060027879567]",stable,0.07645347267092818,3562,"[0.3109072730768625, 0.26327348417741003, 0.7760663900029032, 0.35369956518341306]"
"[0.29937110538436157, 0.3012307660870252, 0.8362916203598701, 0.37860996937596525]",stable,0.19870934959953301,3563,"[0.4063981590909606, 0.38591872455896925, 0.7079669776479046, 0.44487723999921386]"
"[0.49409893945369704, 0.5087620889289062, 0.7752665135757868, 0.5473895453185018]",stable,0.13474166692538098,3564,"[0.48541067634439933, 0.5852481063237455, 0.6647621332618585, 0.5430881543243046]"
"[0.49408041437244055, 0.5089251721216457, 0.7750308965601921, 0.5473803739091326]",stable,0.24441419870071077,3565,"[0.6010666707021262, 0.6576761132449275, 0.635209935738869, 0.6287160850882285]"
"[0.6479069658500128, 0.5992916361045262, 0.699731755933051, 0.6400306845902364]",stable,0.194877750693015,3566,"[0.7573943360615717, 0.6798480057070636, 0.5694483291320175, 0.6902975076126343]"
"[0.7444754200345324, 0.620400690730564, 0.47108812944965944, 0.6396606147109294]",stable,0.14384843941961453,3567,"[0.8332278578230792, 0.7015667619199057, 0.49033892333884244, 0.7161907011630663]"
"[0.9101623945271173, 0.6906637995605918, 0.3808479500987622, 0.7285313105608996]",stable,0.10151153082729197,3568,"[0.8604397591176473, 0.6689448355121681, 0.4663860848798979, 0.7351467861798332]"
"[0.9100904370229068, 0.6906323683535752, 0.3809717390058261, 0.728540884331694]",stable,0.10533479659492921,3569,"[0.8553902625165772, 0.6233552768866641, 0.395469920370322, 0.6705158381572421]"
"[0.9100113905279555, 0.6905351471231318, 0.3809926901349655, 0.7284570331088985]",stable,0.04928419252287182,3570,"[0.9342242483799562, 0.6706485781446571, 0.36961686326328663, 0.6921557372019993]"
"[0.910046329716775, 0.6905064507753995, 0.3809762748003743, 0.728404650286522]",stable,0.05297990037706956,3571,"[0.9176377871023883, 0.6431399215450172, 0.3851776380375445, 0.7063139265694655]"
"[0.910057268416178, 0.6904381992923586, 0.38098232863789183, 0.7283728192725205]",stable,0.07163299197287719,3572,"[0.9053860833956814, 0.6293149505669207, 0.3826164168586167, 0.6913492620362728]"
"[0.9100505472866521, 0.6903502521718904, 0.3809846798439649, 0.7283195479671446]",stable,0.07391782749666417,3573,"[0.8912954325962003, 0.638265716211787, 0.3436384032089636, 0.6966249485833813]"
"[0.9100236002827865, 0.6902754180684995, 0.38093102140052376, 0.7282740097496393]",stable,0.20461999572288528,3574,"[0.7870822003036927, 0.584287333098157, 0.4782909017461258, 0.6505415560110395]"
"[0.7445724742037104, 0.6203184279569139, 0.4711045366758473, 0.6396854004542097]",stable,0.16488300752299398,3575,"[0.6939125071524248, 0.6454771171959225, 0.6248657799205813, 0.6582459591688354]"
"[0.6483451138624167, 0.5997314978292062, 0.6990187466376941, 0.6402041633957468]",stable,0.09908847114852369,3576,"[0.7103130718554437, 0.6499119802372009, 0.7102253505709759, 0.6979521374754472]"
"[0.6489297172397094, 0.6002048986066401, 0.6991244693163101, 0.640748955604046]",stable,0.15418064977587354,3577,"[0.5746006487282059, 0.531513189027958, 0.8126974098958833, 0.6156591460633277]"
"[0.49425173402000594, 0.5089732317320846, 0.7751110380779275, 0.5475256478924393]",stable,0.08484069775320943,3578,"[0.4426738636574612, 0.4516052521133105, 0.7910649517359786, 0.5160287458611708]"
"[0.49414222686424686, 0.5088514313507284, 0.7751449105060761, 0.5474587754889759]",stable,0.1016128710194143,3579,"[0.4352907456894065, 0.44877168329849176, 0.7647379946673128, 0.4913891875019022]"
"[0.4940175415227747, 0.5087241437489228, 0.7751228619555703, 0.5473399839890033]",stable,0.13717930768475517,3580,"[0.4386280040822944, 0.4685287580631227, 0.685109333511723, 0.46967366396766574]"
"[0.49390043890662144, 0.5086391640751685, 0.7749325585127715, 0.5471757845809244]",stable,0.3207611384074879,3581,"[0.3164056947059394, 0.511004404737851, 0.546445650234428, 0.40871473563352745]"
"[0.267425125234338, 0.48516074287245836, 0.5878950373432223, 0.3820281162089562]",stable,0.08775887138562852,3582,"[0.27353010968484387, 0.549820360565977, 0.5335817017009907, 0.4051266893874161]"
"[0.2674450111771735, 0.4853713605196685, 0.5877181209404789, 0.3821033558610033]",stable,0.1148794806204965,3583,"[0.25930888557681714, 0.5448604148324171, 0.4898249636836694, 0.3790899346958384]"
"[0.2674185951849646, 0.4855645067999047, 0.5874002860143205, 0.38209357202605143]",stable,0.033056998609717586,3584,"[0.27205747692938403, 0.4618051421909454, 0.5654854724461152, 0.37694775111063855]"
"[0.2674336077472443, 0.48548761565230286, 0.5873293642875625, 0.3820769188839303]",stable,0.03369949653644823,3585,"[0.27470113889996306, 0.4697505459335439, 0.5737132174339113, 0.35658605308299934]"
"[0.26745705139612397, 0.48543685091127464, 0.5872854412331959, 0.38199469028457245]",stable,0.10412408405131787,3586,"[0.27621641147925136, 0.465555051862108, 0.49299366201443523, 0.3435385733616554]"
"[0.2674852165410858, 0.48537292229696866, 0.5869822522324926, 0.38187103717549553]",stable,0.16445951388134303,3587,"[0.2201857921600355, 0.4582044069472103, 0.4467318317695077, 0.31552808357110085]"
"[0.2673336158219158, 0.48528584372212963, 0.5865327316540856, 0.3816583995036866]",stable,0.2044070952511716,3588,"[0.19596044645103652, 0.5021420415231513, 0.41375090127487774, 0.30072361730542035]"
"[0.20936548951292266, 0.6091038527054089, 0.35904839092305, 0.3516840881577465]",stable,0.18880677057615716,3589,"[0.19159915308774034, 0.4669509115849096, 0.47881473766014104, 0.3237391883463743]"
"[0.26709165268219, 0.4852272656641833, 0.5861885847084181, 0.3814733541006281]",stable,0.027225333747702887,3590,"[0.2524173139916143, 0.4845120612607668, 0.6086035958453068, 0.3766839553844454]"
"[0.26704491911948114, 0.4852249879431533, 0.5862599700942043, 0.3814581012384747]",stable,0.16641090217576388,3591,"[0.3313368608802387, 0.5013639246175592, 0.712975108034646, 0.4665577083312066]"
"[0.26724902052189625, 0.48527622266275455, 0.5866622403733802, 0.3817282587213087]",stable,0.26592363855918544,3592,"[0.36505259685349395, 0.4574834933209104, 0.809719580038462, 0.4847953699574978]"
"[0.49362860801621405, 0.5085312407191469, 0.775005948853543, 0.547044180330664]",stable,0.1630851237255536,3593,"[0.3516893204240114, 0.4841017644297225, 0.8067963932694384, 0.4774556428373281]"
"[0.4933297884633884, 0.508479810242748, 0.7750728761049449, 0.5468976781464676]",stable,0.12290962403158054,3594,"[0.3942078165098721, 0.557856196103474, 0.8171302276971275, 0.5141141143985307]"
"[0.4931215490265112, 0.5085835421458168, 0.7751612318856008, 0.5468288051133836]",stable,0.08257150463773606,3595,"[0.4167636226134874, 0.5028446578761304, 0.799343333673493, 0.5275983185750227]"
"[0.49296146951621134, 0.5085715109418971, 0.7752119281157641, 0.5467884896279783]",stable,0.16643209721727534,3596,"[0.36816045287178056, 0.44174104307265105, 0.7954132732608912, 0.46164188988751764]"
"[0.49270037952323137, 0.50843169824761, 0.7752541903441013, 0.5466103586661781]",stable,0.21162671455412777,3597,"[0.36713285144693597, 0.3896902286501373, 0.8023145062526358, 0.42750173216689463]"
"[0.299508274910804, 0.3014098338250072, 0.8362228407766571, 0.3787089405557039]",stable,0.1445317925379399,3598,"[0.3079489254237275, 0.4139467231468399, 0.751665987206051, 0.41039145196426263]"
"[0.299525326730022, 0.30163718107616244, 0.8360520188502518, 0.3787729456292566]",stable,0.2952872491733797,3599,"[0.24116554278375252, 0.4833835929212706, 0.6109384191223841, 0.36978383326395337]"
"[0.26716647787082615, 0.4852702333281296, 0.5867390637238518, 0.38169045990657025]",stable,0.05974685407587093,3600,"[0.20886217663681506, 0.4976961146884061, 0.5836049651096993, 0.3792267375451408]"
"[0.2669825526303403, 0.4853094316920421, 0.5867291769774349, 0.38168268791173926]",stable,0.08004612490193748,3601,"[0.22832395625648252, 0.45585568035741897, 0.5318058640859075, 0.34960775577529835]"
"[0.266860984717215, 0.48521680983249926, 0.5865564621570212, 0.38158182334527246]",stable,0.12442653719002085,3602,"[0.24135489257740075, 0.5145300741656017, 0.4698338690910872, 0.36292783656075384]"
"[0.2667810283155228, 0.48530870094326134, 0.5861905606113599, 0.3815233468976721]",stable,0.13098974390462678,3603,"[0.181194155026849, 0.5273919917685143, 0.5074228052000662, 0.3384207081193792]"
"[0.26651356933649567, 0.4854402112270903, 0.5859444113756995, 0.3813886511514899]",stable,0.20369460839163808,3604,"[0.21673120908459012, 0.5875738979705143, 0.4219215703712789, 0.34042003198258225]"
"[0.2093743107339666, 0.6090780683284809, 0.35912368814394613, 0.3516705982701116]",stable,0.07469866519215489,3605,"[0.20733142727770218, 0.5361863596135701, 0.3748913788830733, 0.3479428726834281]"
"[0.20937186709346864, 0.6089908772893482, 0.35914254901803605, 0.3516661392682136]",stable,0.04698635242596847,3606,"[0.20532393524953393, 0.5715434487229212, 0.38553734474140294, 0.34205695540233555]"
"[0.20936703085470648, 0.6089461372313237, 0.3591740840189003, 0.35165465876180274]",stable,0.07096993803290655,3607,"[0.17361100755996, 0.5563895474380188, 0.3374628523287956, 0.32874906576932567]"
"[0.2093243625691519, 0.6088834205370597, 0.35914817562786194, 0.3516273251186136]",stable,0.11169309231731388,3608,"[0.13457431273166592, 0.5922599851997586, 0.29051238121682615, 0.3080318431984655]"
"[0.20923526835003692, 0.6088636071457161, 0.3590663689599108, 0.35157536387675414]",stable,0.10239374203699926,3609,"[0.2537422414547173, 0.5668423734879324, 0.4326908881716564, 0.38786935575028686]"
"[0.2092882528418282, 0.6088135818675521, 0.3591540171970676, 0.35161857100993693]",stable,0.2687527048763643,3610,"[0.351934851727461, 0.5299682367543952, 0.5598868213479278, 0.4248969245424991]"
"[0.26677967925048623, 0.48557892781751805, 0.585863235082778, 0.38152419094398526]",stable,0.20996081445869083,3611,"[0.4013033336714839, 0.5429575419529945, 0.6870970096307871, 0.4930873907010367]"
"[0.4925095714943133, 0.508503777253258, 0.7750701461254931, 0.5464986196933908]",stable,0.06369723623253819,3612,"[0.49118507250867927, 0.5690797121260701, 0.7821008466640036, 0.5648482510336506]"
"[0.49250681212142655, 0.5086299771175764, 0.7750847934182816, 0.5465368480920163]",stable,0.01921107171039222,3613,"[0.49043367915227615, 0.527523324462291, 0.7768370962194682, 0.548713601858287]"
"[0.4925025020736737, 0.5086692564259854, 0.7750884364594484, 0.5465413735676219]",stable,0.18287975118378985,3614,"[0.5948879467948266, 0.6024617874480057, 0.6632693889440381, 0.5873051545444449]"
"[0.6484246539645235, 0.6002259910257183, 0.6987893751072235, 0.640249480827788]",stable,0.26589335841726053,3615,"[0.4590444138960824, 0.4733712093719618, 0.7192309563122593, 0.5048818005955956]"
"[0.4924330869529733, 0.5085960239632178, 0.7749725495711762, 0.5464549429183023]",stable,0.09852368825948736,3616,"[0.4432484140452919, 0.4427228436992044, 0.7998607853584757, 0.49819434884282887]"
"[0.4923312553320464, 0.508459640567226, 0.7750240780096592, 0.5463550245040674]",stable,0.20822357894278398,3617,"[0.3591581257696822, 0.3866533041175025, 0.8033412095283374, 0.44643839498946564]"
"[0.2996455541474407, 0.3018085845500361, 0.8359860696379092, 0.3789093679061925]",stable,0.2925224301403976,3618,"[0.511409325642574, 0.4349432091594208, 0.7438100869245879, 0.49934290625142447]"
"[0.492370672832688, 0.5083077471139041, 0.7749595862925414, 0.5462578920283387]",stable,0.17941366331370212,3619,"[0.6267410132307826, 0.5284153134383168, 0.6762110199076439, 0.6093315047231852]"
"[0.6482238795132852, 0.5995610773443535, 0.6985803162627829, 0.6399632032712639]",stable,0.11727561337400018,3620,"[0.6891379205544643, 0.5662538186862205, 0.5999557423951563, 0.6047008906976684]"
"[0.6485992376879749, 0.5992555061640036, 0.6976755036584927, 0.6396396958164603]",stable,0.17584887137001032,3621,"[0.7627898567314411, 0.6141658129630412, 0.5728744884295385, 0.6853093513172118]"
"[0.7446138773458189, 0.6203044447410188, 0.47133583202074203, 0.6397890912516256]",stable,0.07989480372848251,3622,"[0.7899362150333662, 0.6526258576849027, 0.47692969072029046, 0.6968250481517171]"
"[0.7447166490866071, 0.6203777359268325, 0.4713485165075891, 0.6399184244872267]",stable,0.14621932967042706,3623,"[0.8196499473887267, 0.7087791962094402, 0.3979624043187507, 0.6905618202318285]"
"[0.9098939393747605, 0.6903019658133215, 0.38095545667013386, 0.7282199033084372]",stable,0.04872992441346283,3624,"[0.8834163182405209, 0.6992887855034357, 0.41086821063934764, 0.7018001127292496]"
"[0.9098560058201269, 0.690314840913164, 0.3809983116185139, 0.7281820526056018]",stable,0.03585536320164368,3625,"[0.8894637647283068, 0.6933355854967198, 0.40970507404682177, 0.7221355274365088]"
"[0.9098268323707824, 0.6903191624361733, 0.3810393799481681, 0.7281734023550022]",stable,0.05899882671888655,3626,"[0.8787028485904556, 0.6733950828102248, 0.4138161562182259, 0.6942408567092024]"
"[0.9097823695368106, 0.6902949851795648, 0.3810862039142682, 0.7281249272897939]",stable,0.0394743024142164,3627,"[0.9210606257115732, 0.665335243852553, 0.3930503972020761, 0.7023394491944381]"
"[0.909798458347331, 0.6902593792718229, 0.3811032712370754, 0.7280881434408705]",stable,0.09770215624899463,3628,"[0.8580108474599273, 0.6518442781605125, 0.4508180831552509, 0.7051125106944359]"
"[0.9097246868218503, 0.6902046569055675, 0.38120258008596164, 0.7280554146192943]",stable,0.09701466235672006,3629,"[0.9752476533213478, 0.683325268869073, 0.4366733100052033, 0.7727125273312018]"
"[0.9098178916106121, 0.6901948711473364, 0.3812814858184214, 0.7281189382504635]",stable,0.07839660697003752,3630,"[0.9660666679090802, 0.6766127298227863, 0.4273248686231022, 0.7541503709094817]"
"[0.9098977904405815, 0.690175578332955, 0.3813468883508144, 0.7281559147173087]",stable,0.07686421045753132,3631,"[0.9295530442993158, 0.7103285554997447, 0.4441267182044744, 0.762424388857088]"
"[0.9099256702332889, 0.6902041641161702, 0.3814359377548621, 0.7282045224820459]",stable,0.08304565381327081,3632,"[0.9577544399685769, 0.6863833120064634, 0.43846568153515114, 0.764837824495279]"
"[0.9099934163660583, 0.6901987521443435, 0.3815167164287719, 0.7282564110118097]",stable,0.1472567311744809,3633,"[1.0, 0.7597422483875936, 0.40742015619963007, 0.8181233889127171]"
"[0.9101207241222592, 0.6902971163540227, 0.3815533549574435, 0.7283835213058704]",stable,0.12834635184960425,3634,"[1.0, 0.7162383278242072, 0.4270269917093763, 0.8035746358660882]"
"[0.91024767225203, 0.6903337564832179, 0.38161758325794065, 0.7284897234450797]",stable,0.10629997232100961,3635,"[1.0, 0.6546162354626793, 0.3415506920215413, 0.7475450822206657]"
"[0.9103742622770624, 0.6902833791616093, 0.3815610714226284, 0.7285165998326334]",stable,0.1093253126774414,3636,"[0.9897209626815022, 0.6683441542318097, 0.3098512625521136, 0.7342173759361388]"
"[0.910486018193125, 0.6902524788448068, 0.38146007169182483, 0.7285246290947511]",stable,0.10640835221708449,3637,"[1.0, 0.6870970021599287, 0.3304656008282786, 0.7549744190914919]"
"[0.9106119169017142, 0.6902480407622683, 0.3813883495105822, 0.7285618299245636]",stable,0.08205306457544294,3638,"[0.9703755423193009, 0.6931713364557738, 0.3415691916556331, 0.7681459617601764]"
"[0.9106958545778624, 0.6902521465146468, 0.38133242372707804, 0.728617425615344]",stable,0.1231822405710055,3639,"[1.0, 0.684077530408087, 0.3108263073622387, 0.7754084041646234]"
"[0.9108211058337139, 0.6902434864640066, 0.38123353716836156, 0.7286830511112056]",stable,0.13177980919274704,3640,"[0.9382154987552126, 0.663678136051929, 0.25810627569000955, 0.7013074235263551]"
"[0.9108594733308029, 0.6902062800908804, 0.3810610900234339, 0.7286447098961008]",stable,0.05149092133757136,3641,"[0.9258631586037976, 0.6792703689242714, 0.3395061456270718, 0.7045657387471465]"
"[0.9108804575060098, 0.6901909851102277, 0.38100297122008236, 0.728611033013375]",stable,0.08544180416558199,3642,"[0.9394556133638053, 0.7429439470907129, 0.3223982461372567, 0.7449319878575091]"
"[0.9109203669415654, 0.6902646624314295, 0.38092112104538567, 0.7286338276430456]",stable,0.08224930076740647,3643,"[0.9374979661345708, 0.6706687311950869, 0.3067195619361864, 0.7156451093610986]"
"[0.9109574347228666, 0.6902373319834011, 0.38081763212054714, 0.7286157122758461]",stable,0.08125235296350705,3644,"[0.921014444046689, 0.6518237660718411, 0.30993298947330383, 0.7293685843086215]"
"[0.9109714416996407, 0.6901838311952234, 0.38071890699151195, 0.728616760844137]",stable,0.07925360442791163,3645,"[0.9390698769201397, 0.6670172412144272, 0.3118190757241016, 0.7142037766646072]"
"[0.9110105215817277, 0.6901516106250137, 0.3806230796879411, 0.7285967149690611]",stable,0.12060564381234205,3646,"[0.9686952435193209, 0.6339572197787285, 0.3012728657903012, 0.686597570142222]"
"[0.9110906392510855, 0.6900735628599495, 0.38051287105752774, 0.7285383828234683]",stable,0.11130770669967298,3647,"[0.948400592867883, 0.6236981430874418, 0.30139314404821166, 0.7103245040534881]"
"[0.9111423867595692, 0.689981502638351, 0.3804031349590405, 0.7285131208556874]",stable,0.09102135585828247,3648,"[0.942234387186943, 0.6384001180237822, 0.3141954850596063, 0.7119576810324102]"
"[0.9111854504720726, 0.689910060277389, 0.3803114346129194, 0.7284901908836331]",stable,0.23793305588002006,3649,"[0.7787806814332235, 0.557022284648672, 0.45165645644579633, 0.6006940909263501]"
"[0.7447937170330925, 0.6202343978017688, 0.47130396433550353, 0.6398296816511162]",stable,0.21785886582270433,3650,"[0.6886822227256274, 0.4457253417696604, 0.5453528054592066, 0.5483018491893048]"
"[0.7446670545177257, 0.6198404721673848, 0.47147111747573767, 0.6396230725484936]",stable,0.32664161126287033,3651,"[0.576466478442549, 0.43423164092792366, 0.6494777964677366, 0.5288697772632361]"
"[0.4925440662463165, 0.5081550128743454, 0.7747008609526964, 0.546222040245318]",stable,0.17694104974554417,3652,"[0.46799493708521456, 0.3966105933502334, 0.6737349539424818, 0.45639329519608396]"
"[0.49249355363487396, 0.5079254976078349, 0.77449311217284, 0.5460372074365747]",stable,0.25060296205924615,3653,"[0.39294608167071626, 0.3678599268539068, 0.6438187983463338, 0.41876582411038726]"
"[0.2671715003760149, 0.4852133408580037, 0.5860432213040935, 0.38163984818984364]",stable,0.26057054238223987,3654,"[0.37579234405177014, 0.3111402801762784, 0.7443254463649892, 0.40891303376120935]"
"[0.29979876700439106, 0.30182736059757387, 0.8358016418244829, 0.3789697374551966]",stable,0.14562928490200905,3655,"[0.40423981719911806, 0.3572642974948486, 0.7613393424226962, 0.419982755517018]"
"[0.3000084879887178, 0.30193867974797, 0.835652119134921, 0.37905209291315206]",stable,0.23123328895611425,3656,"[0.465248431259668, 0.4063575752880352, 0.7671668941061945, 0.48186776913148294]"
"[0.49243760882506865, 0.507716939245782, 0.7744780686039147, 0.5459054426761947]",stable,0.10096749671908439,3657,"[0.47326707792494066, 0.44276199431220625, 0.8454263204056253, 0.521944498753161]"
"[0.4923983249502733, 0.5075838348504262, 0.7746234543658035, 0.5458563423812705]",stable,0.20511070391382816,3658,"[0.4025377829880421, 0.3493173314325644, 0.8172420369471601, 0.4614119572930944]"
"[0.3002139575177746, 0.3020336269457347, 0.835615225182641, 0.37921714274156876]",stable,0.015045959569787664,3659,"[0.3151556350433088, 0.30062007310003047, 0.8353291244246465, 0.37819382266446655]"
"[0.3002438408728257, 0.30203079983804326, 0.835614652981125, 0.3792150961014145]",stable,0.05276463532302721,3660,"[0.3080520490729754, 0.3176631485803856, 0.8664493579011991, 0.41830459943370196]"
"[0.3002594261187342, 0.30206200213094214, 0.8356761992983308, 0.3792931190621576]",stable,0.04186798081432722,3661,"[0.27982320593885895, 0.27014297364774964, 0.8436591597679065, 0.3633954247306242]"
"[0.3002187165167822, 0.30199841840886404, 0.8356921016100232, 0.37926145034834974]",stable,0.11536765668400807,3662,"[0.23689310984642056, 0.23441099922113115, 0.8757104733541826, 0.32331473964005397]"
"[0.3000928206784714, 0.3018640497822483, 0.8357716609971885, 0.3791502242833233]",stable,0.12628937124245032,3663,"[0.21746605223896912, 0.27437672860453605, 0.9111455000982711, 0.32733271778507783]"
"[0.2999288786775993, 0.3018095114465782, 0.8359212122652462, 0.37904741177042994]",stable,0.11843802908438963,3664,"[0.2424572746651914, 0.39639105223177196, 0.7956924976653938, 0.39171880198532183]"
"[0.2998150735211391, 0.30199680162635084, 0.8358415514442564, 0.3790725036322416]",stable,0.23020405548577252,3665,"[0.21228461877477053, 0.44538444444656705, 0.6795877147231479, 0.36017676203827864]"
"[0.26700157195000485, 0.48509003158118813, 0.5863328327388273, 0.3815733990067119]",stable,0.10069386506573959,3666,"[0.20757098951519723, 0.48206399188144633, 0.5120230857891733, 0.34876844625029285]"
"[0.2668181442264406, 0.4850806919524852, 0.586103481667995, 0.38147214915252536]",stable,0.08373882182650387,3667,"[0.24471726962642798, 0.5189883364931887, 0.515859212039853, 0.3605017927197971]"
"[0.2667501415353637, 0.48518502316645656, 0.5858873454537545, 0.3814076249788862]",stable,0.155173796301083,3668,"[0.20329312523430104, 0.512665164108333, 0.45672047241342706, 0.33029133693431867]"
"[0.20928112427154577, 0.6086992555681952, 0.3592700296289539, 0.35159321163529283]",stable,0.11748978391403131,3669,"[0.22703496958643676, 0.5850332506100897, 0.469256416848313, 0.38043008276336115]"
"[0.20930220959852308, 0.6086711486739456, 0.3594006547919223, 0.35162745970076564]",stable,0.11894272088363285,3670,"[0.2156240398413837, 0.5632978704752744, 0.4668862057726736, 0.37388790150798373]"
"[0.2093097088040306, 0.6086173250936388, 0.3595281584111165, 0.3516538659188051]",stable,0.083450347772258,3671,"[0.22030421536046332, 0.6097931216340471, 0.4366479517523019, 0.3815576507361118]"
"[0.20932273547056668, 0.6086187182175018, 0.35961953257384305, 0.3516892969434701]",stable,0.06588594490646733,3672,"[0.1944532065674657, 0.6259227930389936, 0.4188615720451897, 0.36931894811033994]"
"[0.2093051383949417, 0.6086391964125568, 0.3596896414962944, 0.3517101604359753]",stable,0.04577779399619178,3673,"[0.21823817003986917, 0.6517667835349124, 0.3699362253030942, 0.3588394043006749]"
"[0.2093156975340019, 0.608690174647926, 0.35970175329748444, 0.35171858743817946]",stable,0.026889841045985664,3674,"[0.19467317357691719, 0.6123411751580902, 0.38063617157235174, 0.35927374265910367]"
"[0.20929841002047522, 0.6086944851562025, 0.35972646925766727, 0.3517275073380861]",stable,0.05086569621599755,3675,"[0.17537325561450465, 0.6031505705430669, 0.3550763766163301, 0.3145247574496915]"
"[0.20925840394216633, 0.6086879475210455, 0.35972098565785443, 0.3516836361707649]",stable,0.038710770809371194,3676,"[0.19632245506875876, 0.6431605153499089, 0.3598827765321414, 0.36363356899056176]"
"[0.2092431672532695, 0.6087285512522926, 0.3597211762242552, 0.35169771147443957]",stable,0.04983247920680543,3677,"[0.16073935395515945, 0.6027685030005604, 0.3649878204547055, 0.34348818269224585]"
"[0.209186103943507, 0.6087215394308201, 0.35972737227629104, 0.351688053205284]",stable,0.04874411014497495,3678,"[0.17201150072736732, 0.6109096480105867, 0.365469865688463, 0.3207643875137406]"
"[0.20914242050847043, 0.6087241106512428, 0.3597341202121455, 0.351651715172744]",stable,0.022857572068371152,3679,"[0.19803329519952112, 0.627502906859146, 0.3615068106115956, 0.3582297329182795]"
"[0.2091293816289998, 0.6087461514918624, 0.3597362008346801, 0.35165943585084913]",stable,0.24136376771863619,3680,"[0.3052373278370381, 0.6522455906258348, 0.539259064050983, 0.47372118833973903]"
"[0.2668682003890498, 0.48569747889485954, 0.5857443139157092, 0.3816907954186434]",stable,0.1857834075328737,3681,"[0.35930154788500657, 0.6117999945205236, 0.5805096117278137, 0.48190209334008904]"
"[0.2671508711764992, 0.48608311349921934, 0.5857283056521377, 0.3819972519872105]",stable,0.34765251486672,3682,"[0.5069166733696369, 0.6682084582211872, 0.5148646469568735, 0.5406898223175874]"
"[0.47551026070931784, 0.6179008029825517, 0.4017137490371478, 0.49359288325824907]",stable,0.2336374304311592,3683,"[0.6526577207535275, 0.6727572826374717, 0.4799991655865052, 0.6121988969924728]"
"[0.7444598262885271, 0.6199596541729481, 0.47149032479130243, 0.6395613063873314]",stable,0.08531039948722582,3684,"[0.7518059939228221, 0.6794251787704128, 0.4132387179857595, 0.6567223020076224]"
"[0.744476334530402, 0.620093284565302, 0.47135942230409894, 0.6395998704224332]",stable,0.07997890357735737,3685,"[0.7497838993737574, 0.6723445354016788, 0.41112202640967865, 0.642717192151532]"
"[0.7444882349000059, 0.6202104398362356, 0.4712243608783267, 0.6396068599330365]",stable,0.12899830116550848,3686,"[0.7651900959965233, 0.6463188813135529, 0.3491718841890669, 0.664777018223578]"
"[0.7445345477883649, 0.6202688479827173, 0.47095131283204206, 0.6396631690119863]",stable,0.13650329983985943,3687,"[0.7991238691672395, 0.6575067966151081, 0.35444061679381933, 0.6659643048981947]"
"[0.9110304552005583, 0.689865242485325, 0.38027565201565916, 0.7284037097135287]",stable,0.32430627938437273,3688,"[0.6620191981330876, 0.5699590831593359, 0.4729808866361165, 0.586290342532713]"
"[0.7443503617400272, 0.6201565494005222, 0.47095584313071187, 0.639544033238595]",stable,0.25610198062219425,3689,"[0.5832294167292057, 0.4790336302277121, 0.5804907018936574, 0.5517106571372707]"
"[0.6480049665883497, 0.5981625800191283, 0.6966101872788123, 0.6388403409193767]",stable,0.26231385941324253,3690,"[0.5148551562598813, 0.44800650549488036, 0.627427992350143, 0.4847408080255896]"
"[0.49244424894068145, 0.5074619998210692, 0.7743224411510474, 0.5457313617384163]",stable,0.14570365276772274,3691,"[0.45479309772341586, 0.4142624434273899, 0.714924241459885, 0.4585669091023681]"
"[0.4923674098565646, 0.5072717966447555, 0.7742012203353512, 0.5455534751003837]",stable,0.15021430482213527,3692,"[0.4353356689509912, 0.5082706345774463, 0.652619989258941, 0.4782576767530448]"
"[0.49225125559810107, 0.5072738309378975, 0.7739536007201243, 0.545416416447945]",stable,0.2760961092187098,3693,"[0.338892490697559, 0.5581881937862306, 0.5733537823266275, 0.44603034463637586]"
"[0.26736959562625856, 0.48630294606107, 0.585690578446877, 0.38219247483065305]",stable,0.10269886592393436,3694,"[0.3119818321755696, 0.5527010204706925, 0.5238377984792066, 0.40014615793735175]"
"[0.267505195129448, 0.4865047639164184, 0.5855025760761546, 0.382247045296023]",stable,0.13793335549561841,3695,"[0.2617184096878299, 0.5571074312441108, 0.4702777697504851, 0.4092772329749953]"
"[0.26748765941598857, 0.48671871139316897, 0.5851534099963799, 0.3823289549556562]",stable,0.23744477907405367,3696,"[0.1778415855053089, 0.5739622429994353, 0.38905742038945534, 0.33459496711811565]"
"[0.20909270191490403, 0.6087053731700658, 0.3597705750662801, 0.35163943061200653]",stable,0.05484427175021125,3697,"[0.20700429171623327, 0.5789684634997696, 0.3274199737105285, 0.3188875225479716]"
"[0.20909025646970653, 0.608670552432747, 0.3597326938000555, 0.3516010794316037]",stable,0.10234246764085735,3698,"[0.15572921582168786, 0.5881662670135132, 0.3041345968000322, 0.2874527675816179]"
"[0.2090278458958492, 0.6086465708123737, 0.3596676667860204, 0.3515260521662821]",stable,0.10282842233697409,3699,"[0.18929346070430011, 0.5465058590192068, 0.4368302828976377, 0.3323244612407253]"
"[0.20900479170754133, 0.6085739765228957, 0.3597578100291415, 0.3515036204011821]",stable,0.22219061169601567,3700,"[0.18686205985738066, 0.4463750854222273, 0.5017702916204446, 0.3024899269058454]"
"[0.26724407754421026, 0.4865968273267915, 0.5849014972520417, 0.3820877494328471]",stable,0.1096181658720046,3701,"[0.19159975340111093, 0.44374389668220243, 0.6386001956155379, 0.3424121316895489]"
"[0.2670162331943816, 0.4864677522344885, 0.5850632403194016, 0.3819682445601263]",stable,0.1947909976306461,3702,"[0.20662419382913294, 0.3532057860820884, 0.707504536605328, 0.34265270462656816]"
"[0.299630901822143, 0.3020980051529432, 0.8355879209801478, 0.37900052774487863]",stable,0.07839355315108117,3703,"[0.2900875639056407, 0.29825332346776867, 0.7654227576229489, 0.3455858281224054]"
"[0.299612078670434, 0.30209042195435315, 0.8354495281530133, 0.37893462103950887]",stable,0.13486153578236074,3704,"[0.1737870449446365, 0.30880217503997537, 0.8075442558103435, 0.33979457929862716]"
"[0.2993643915961706, 0.3021036340667264, 0.8353945965145435, 0.3788575737132473]",stable,0.08744505004968867,3705,"[0.229111965170774, 0.29945731630202466, 0.8796898566067737, 0.3516149546176703]"
"[0.29922637111203426, 0.30209843501414346, 0.8354816206011687, 0.3788040518682658]",stable,0.10560707369207356,3706,"[0.20897204498181593, 0.29741839156034217, 0.8664771595740437, 0.33381089254782287]"
"[0.29904940184511225, 0.3020892584583517, 0.8355423961677823, 0.37871582998724534]",stable,0.09075071822717293,3707,"[0.37300525633377146, 0.29806242978276987, 0.8671312072371382, 0.4205745938443165]"
"[0.2991941295446987, 0.30208137816740144, 0.8356042138019688, 0.37879774537639815]",stable,0.14978568929185868,3708,"[0.384695806296447, 0.3807354333408122, 0.8727136272593902, 0.465755476642232]"
"[0.29936112500710443, 0.302234999368912, 0.8356766931251278, 0.37896758469527675]",stable,0.26442874875182254,3709,"[0.4634547832416227, 0.4569847199559315, 0.8747726330708143, 0.5113302151907088]"
"[0.49219272618274235, 0.5071716172976902, 0.7741585174525444, 0.5453471355510807]",stable,0.10596771290360896,3710,"[0.4946126273489439, 0.4488640104309331, 0.8626062019603647, 0.5460753821056755]"
"[0.49219763470437766, 0.5070533462898469, 0.7743379245205115, 0.5453486127246195]",stable,0.05899394950534714,3711,"[0.48247472715541595, 0.489214909292859, 0.8295787291375056, 0.5493479648978307]"
"[0.4921779527052907, 0.5070172360934967, 0.774449748011639, 0.5453567085792211]",stable,0.03274817495972937,3712,"[0.48935243646606724, 0.4974295063499499, 0.8035251993334818, 0.5566329220381262]"
"[0.49217224459167613, 0.5069978669424996, 0.7745084862971378, 0.5453794888084311]",stable,0.16629320714536602,3713,"[0.4004580896970748, 0.40463906863858273, 0.8410321034575218, 0.47950666205613957]"
"[0.49198733702132413, 0.506791498397532, 0.7746426064930255, 0.545246680689979]",stable,0.13918617741142777,3714,"[0.42214799580614076, 0.41601149008538885, 0.7808271636449919, 0.4664050689312388]"
"[0.4918468152080139, 0.5066088424451937, 0.7746550502699913, 0.5450880456562592]",stable,0.27120681056228507,3715,"[0.3243984845367, 0.3536776392768969, 0.8277382255765148, 0.4061333255218517]"
"[0.29940993077616795, 0.3023352774194149, 0.8356612185295165, 0.3790205393557574]",stable,0.09132254177504714,3716,"[0.32167970082556874, 0.37329499263992333, 0.8579414187400713, 0.4271056251163545]"
"[0.29945325717704224, 0.30247333134007737, 0.8357045652225332, 0.3791140901062644]",stable,0.17815600641466867,3717,"[0.395979371152953, 0.417265347210491, 0.7922022938244714, 0.46486149483637285]"
"[0.4916543103002728, 0.5064294378362887, 0.7746902856988155, 0.544926948164653]",stable,0.08211008061309572,3718,"[0.517321956883504, 0.4580260798529734, 0.7139520956439382, 0.5377698215090702]"
"[0.49170574846977827, 0.5063324371188872, 0.7745685658790662, 0.5449126052254635]",stable,0.21275774846393267,3719,"[0.6513341404930922, 0.5477312854443754, 0.668814645290533, 0.6278998309229807]"
"[0.6480349591460501, 0.5977082440319683, 0.6963597769906297, 0.6387417777662561]",stable,0.15959578429795135,3720,"[0.732836985259411, 0.6310153299881892, 0.5657867610670592, 0.6497306935669616]"
"[0.7443247194761506, 0.6201807337670873, 0.4711670478477193, 0.6395667206780791]",stable,0.06476583021070552,3721,"[0.7464785182327071, 0.6693164845366721, 0.49467663761140956, 0.6745374384180743]"
"[0.7443295056956097, 0.620289924324353, 0.4712192913805275, 0.639644433384168]",stable,0.07661882084182689,3722,"[0.7533873395323655, 0.6944159654821097, 0.46536583876725424, 0.6557523962646944]"
"[0.744349589584383, 0.6204542836173857, 0.47120631254989936, 0.6396801494881159]",stable,0.13888559228700276,3723,"[0.8252717365045574, 0.70520697231541, 0.4209961235097136, 0.6947867058833932]"
"[0.9109120039316411, 0.6898864327198969, 0.3803318957608167, 0.7283572773877965]",stable,0.11580574103435509,3724,"[0.9124339897767757, 0.7702597526331201, 0.4582318330080903, 0.7580285166372929]"
"[0.910914103222462, 0.6899972924715014, 0.3804393439501233, 0.7283982032350372]",stable,0.1750420660796119,3725,"[0.7658998410787831, 0.7060859475460373, 0.4505930268293511, 0.6618384208682286]"
"[0.744397267131937, 0.6206437342012987, 0.4711607079354734, 0.6397291722124082]",stable,0.19257763099322242,3726,"[0.5896129273795863, 0.711898531168118, 0.43405540171521195, 0.5812166914306484]"
"[0.4759896836785207, 0.6182957514203062, 0.40184963833411447, 0.49396105051947764]",stable,0.09528310884317842,3727,"[0.5127245870207774, 0.6917274847569949, 0.37748767259596805, 0.5357185991999124]"
"[0.47614338620296526, 0.6186029971664848, 0.40174770542307614, 0.4941357682963832]",stable,0.07833463292834408,3728,"[0.4510941721762005, 0.6371168085695741, 0.33443317737994477, 0.46893964370705277]"
"[0.47603901447785374, 0.618680138047331, 0.4014672282228965, 0.49403078444392773]",stable,0.09841958352503273,3729,"[0.4132018280293655, 0.6236845111563201, 0.32947492085370345, 0.4710097864220243]"
"[0.47577827926437455, 0.6187009030809782, 0.40116850495580436, 0.49393526163055884]",stable,0.12765048869794354,3730,"[0.3796836004672725, 0.6397564252489378, 0.3386752163816668, 0.44186114290417294]"
"[0.47538119381479976, 0.6187879093709285, 0.4009102682261592, 0.49372007932177214]",stable,0.14224260598684224,3731,"[0.3519270121015852, 0.6006249634834395, 0.366797114239778, 0.43457260179957985]"
"[0.4748731519147454, 0.6187131647376466, 0.40076988487642096, 0.49347667406447915]",stable,0.20936247236256803,3732,"[0.28859750319951843, 0.6554425127883537, 0.3722979487881583, 0.40996421166128855]"
"[0.20909766534988902, 0.6086286655967177, 0.35977244262979374, 0.351571835793551]",stable,0.09393168475146352,3733,"[0.2697571165085457, 0.6529392628982525, 0.3354572893954231, 0.40245343045556164]"
"[0.2091683640109131, 0.6086803096495167, 0.3597441032903598, 0.3516311383514321]",stable,0.1050840867743818,3734,"[0.3109185062740629, 0.6124350008732677, 0.35116045384866557, 0.3761626914761522]"
"[0.20928681586453723, 0.6086846806521055, 0.35973411068332634, 0.3516596966204947]",stable,0.048739617959359265,3735,"[0.2428039015381654, 0.6213261400089662, 0.32917603544571894, 0.36425147448831496]"
"[0.2093257892199717, 0.6086993800234506, 0.3596985780377012, 0.3516743382226665]",stable,0.056583552307893095,3736,"[0.2145920742504912, 0.6321400314249744, 0.3088132914921045, 0.34574238164813287]"
"[0.20933190569503618, 0.6087266049379704, 0.35963947782103967, 0.3516674486099203]",stable,0.06666070273654669,3737,"[0.1990072302489897, 0.6066859255801742, 0.3017017846787523, 0.32042469413191593]"
"[0.20931992811331224, 0.6087242375605252, 0.3595722647199465, 0.3516312041151662]",stable,0.08778582708454831,3738,"[0.17805423107284135, 0.655496240225721, 0.29256752262843655, 0.3588111713455133]"
"[0.20928369903215294, 0.6087784345508673, 0.35949462307210006, 0.35163952389179465]",stable,0.13176811182392914,3739,"[0.19839255818449322, 0.6807822162650731, 0.25005347429781066, 0.34256710864023143]"
"[0.20927109354506074, 0.6088617722611848, 0.3593679550758335, 0.3516290234111794]",stable,0.29434537566846025,3740,"[0.4151361181192992, 0.7185135332758861, 0.22672313428816565, 0.4726275137283626]"
"[0.4746283280057476, 0.6191221826414919, 0.4000565785215511, 0.49339122668605245]",stable,0.16061205105385398,3741,"[0.5222671742000785, 0.7133516360445016, 0.28307133267428886, 0.5244078938574995]"
"[0.47482277227592856, 0.6195067926553817, 0.3995790877221745, 0.49351782532756855]",stable,0.20848559455502758,3742,"[0.6193082034313389, 0.7028632212033201, 0.30529405736505594, 0.5756898533607636]"
"[0.4754101114269669, 0.6198456399259018, 0.39919581524104797, 0.4938518579618498]",stable,0.26183917165338544,3743,"[0.6749258561772578, 0.7294651756353966, 0.31218101833191786, 0.5895869190344027]"
"[0.7442439086088583, 0.6208839581338242, 0.47080975939330216, 0.6396184829117945]",stable,0.19066370469378272,3744,"[0.7303954226099919, 0.7059546224479613, 0.30269849426231166, 0.6138803335551212]"
"[0.744213405335733, 0.6210713384516968, 0.47043947026305766, 0.639561790952859]",stable,0.17605632442635377,3745,"[0.7954013767002331, 0.7066974163956282, 0.3284846018428392, 0.6694383882464413]"
"[0.9107549947837262, 0.6900202953970167, 0.3803677809444659, 0.7283169913686618]",stable,0.1283612359178551,3746,"[0.8400496922191489, 0.7818998401536059, 0.32973882642448465, 0.7065862459800099]"
"[0.9106577385216017, 0.6901466771642196, 0.38029814001665296, 0.7282871003846334]",stable,0.1419121891981057,3747,"[0.8155695489799765, 0.7760363059263993, 0.31939729008989526, 0.7249160765062846]"
"[0.9105271228766268, 0.6902646574235084, 0.38021448500301736, 0.7282824698573279]",stable,0.10283545043584695,3748,"[0.8735639721126489, 0.7858917727373782, 0.37988298677041893, 0.7362949774306536]"
"[0.9104764189661139, 0.6903958331646797, 0.3802140302729315, 0.7282934609513929]",stable,0.10282499716030721,3749,"[0.9250403307328154, 0.7833166791875281, 0.3613805270376455, 0.765332468029789]"
"[0.9104963695301778, 0.690523121994848, 0.38018823095343107, 0.7283441993172538]",stable,0.20523507339762112,3750,"[0.7712150649420038, 0.6291034144216023, 0.5027582820150646, 0.6656835605628589]"
"[0.74427274964256, 0.6210889913659163, 0.4705105006185566, 0.6396192014355184]",stable,0.15878757525693482,3751,"[0.6439529055996308, 0.5356950977617636, 0.5256678100695776, 0.5702291654330341]"
"[0.744052749984571, 0.620901724055381, 0.47063145963051056, 0.639467030303934]",stable,0.23111526059085843,3752,"[0.5410821822566592, 0.5935404020959439, 0.45704796415062304, 0.5332405786764348]"
"[0.47567599025623686, 0.6197391409873191, 0.3994300344674025, 0.4940113264667672]",stable,0.09843418733582411,3753,"[0.40363653034811664, 0.5750843045469765, 0.4266320913257655, 0.451992293424929]"
"[0.475385508563059, 0.6195590811629628, 0.3995397201805411, 0.49384189488192104]",stable,0.22563249479010886,3754,"[0.3016511080012947, 0.5415182240980784, 0.3939552499815612, 0.3729914952639309]"
"[0.2093778912496344, 0.6087839184482794, 0.3594079403878633, 0.35165371991043115]",stable,0.1327814063436317,3755,"[0.31676770651313824, 0.5866967266107502, 0.4159637157495575, 0.4007651206055134]"
"[0.20950189796471927, 0.6087584136078203, 0.35947324728781904, 0.3517104305347904]",stable,0.108428449365,3756,"[0.28471057019887175, 0.6090675271557832, 0.4241569484396555, 0.3954860802340075]"
"[0.2095886438381151, 0.6087587701401709, 0.3595478536328615, 0.3517609214802335]",stable,0.10142319066244189,3757,"[0.23849067155188108, 0.6530717155517175, 0.42696953417338956, 0.40600127786021145]"
"[0.20962194110506643, 0.608809821920599, 0.35962552838002804, 0.35182341037007214]",stable,0.19681178436886557,3758,"[0.31689604997265497, 0.6118958064086694, 0.5001303082199631, 0.4382874351144268]"
"[0.267166022433956, 0.48684441305783444, 0.5848081864692531, 0.38213737125848757]",stable,0.23954653693982375,3759,"[0.40019289739321484, 0.6397304495287128, 0.5421128029678741, 0.5025091203457691]"
"[0.47508353020494715, 0.6196400906744719, 0.4001123028423376, 0.493876703016314]",stable,0.24223168394854652,3760,"[0.3760040565012315, 0.5702766610912201, 0.6155134864814003, 0.48887385324709187]"
"[0.2674918848114029, 0.487094210207635, 0.5849001185052176, 0.38245694156384263]",stable,0.11959729095457854,3761,"[0.32650183341175515, 0.48454108263816953, 0.6773334766046877, 0.4301108377311768]"
"[0.26766803391170246, 0.48708658893130824, 0.5851760389771564, 0.38259919200016307]",stable,0.20535356977841157,3762,"[0.38002610220188815, 0.4781685487806681, 0.7465814962740417, 0.4410329153582534]"
"[0.4914823891772425, 0.5062761093422108, 0.7745125917398561, 0.5447048458457291]",stable,0.26237562111925283,3763,"[0.2961018054313583, 0.3978402832329448, 0.7787089601825439, 0.4072586521526134]"
"[0.29944674950374967, 0.30265850988744214, 0.8355938941447857, 0.3791687397413059]",stable,0.11119190581861392,3764,"[0.22890734968409765, 0.38693150143155086, 0.8247173096177687, 0.39211461931327857]"
"[0.29931004524053334, 0.30282182963849663, 0.8355728154926015, 0.37919382865520507]",stable,0.11437689660005325,3765,"[0.22668415222483665, 0.33949392716554844, 0.9117921614389971, 0.3536336505258976]"
"[0.2991695696254159, 0.3028927621288777, 0.8357202416936583, 0.3791443892390942]",stable,0.08455291872549703,3766,"[0.2578911882062881, 0.24451314817211892, 0.8806428875890537, 0.3747777140239864]"
"[0.2990898816303983, 0.3027800601714323, 0.8358069649482827, 0.37913595936416156]",stable,0.03663153735362636,3767,"[0.2822142958062188, 0.2848191115472533, 0.8433862741601125, 0.35311591846542445]"
"[0.2990573660507756, 0.3027454533340061, 0.8358215686269181, 0.37908582441059946]",stable,0.09682879290560448,3768,"[0.2600914440303314, 0.23107443062454328, 0.8698905806358446, 0.3395884956253715]"
"[0.2989824315853517, 0.3026076244441802, 0.8358870859577046, 0.3790098680090894]",stable,0.10371215230254914,3769,"[0.234690547587466, 0.2459051901365901, 0.8601437196435321, 0.32591359833734546]"
"[0.29885903065637304, 0.30249879059714074, 0.8359336437958732, 0.37890795578323194]",stable,0.14433284515580808,3770,"[0.22078556103000313, 0.21081486121382867, 0.9016173420855272, 0.3340057019077269]"
"[0.298709464622606, 0.30232315088567846, 0.8360594746355084, 0.37882193613979226]",stable,0.11810664745897888,3771,"[0.2512204910043699, 0.22120734236599543, 0.8867771816916703, 0.32840450504845775]"
"[0.2986186635258216, 0.30216805373745725, 0.8361564492187898, 0.37872553569793505]",stable,0.07749548256845354,3772,"[0.2906361193491554, 0.23749042748632068, 0.8665458333978869, 0.3498271136178527]"
"[0.29860342966288905, 0.3020446231530085, 0.8362144442267653, 0.3786703860374769]",stable,0.12024481522015805,3773,"[0.27184361523524886, 0.22870763724943804, 0.9262190872010108, 0.36243528022364485]"
"[0.2985524585877888, 0.3019049336560493, 0.8363858816419543, 0.3786394620264029]",stable,0.11496730452314649,3774,"[0.2557785632568486, 0.2946112895520686, 0.9428413455523389, 0.3800221936868982]"
"[0.2984711393951444, 0.30189106741250565, 0.8365882684554721, 0.37864209079381833]",stable,0.12335602189710783,3775,"[0.2624516672730088, 0.2768742329112205, 0.9518765713872714, 0.3772030060279302]"
"[0.2984027912507002, 0.30184359713830966, 0.8368070318386444, 0.3786393600826876]",stable,0.14974511119041775,3776,"[0.27213595186451867, 0.20481778194275252, 0.9432896281485066, 0.34731685470971935]"
"[0.2983530434488324, 0.3016598361246817, 0.8370087034225646, 0.37858003715584493]",stable,0.09323221928008395,3777,"[0.22855435736105126, 0.3032998004976891, 0.8011031833222982, 0.3282959017303086]"
"[0.29822109886265513, 0.3016629362463698, 0.8369408290934527, 0.37848498207942616]",stable,0.19775660969614667,3778,"[0.2023602768613198, 0.3416293137459703, 0.6734111162054731, 0.3387470762956937]"
"[0.26747366558714775, 0.4866536803742091, 0.5854386433736692, 0.38246867975104265]",stable,0.1382552928282139,3779,"[0.19900631587113538, 0.3793881349620156, 0.6095882988963318, 0.33411948199718305]"
"[0.26727049837730793, 0.4863353849872293, 0.5855103040725496, 0.38232521032150596]",stable,0.0644779644114456,3780,"[0.24940397114721385, 0.4450380982976025, 0.5478807024361864, 0.35555316721412733]"
"[0.2672176388292899, 0.48621320366566234, 0.5853989738901935, 0.3822460030933777]",stable,0.04393442936502362,3781,"[0.24642939122287327, 0.5083232705151794, 0.5540482824670446, 0.3873803907184942]"
"[0.2671563165649642, 0.4862784251017966, 0.585306493974491, 0.3822611487795875]",stable,0.1258770505779844,3782,"[0.23641032121194835, 0.5680871730556487, 0.4948558251225262, 0.37718957166590067]"
"[0.2670658871668671, 0.4865190390663668, 0.5850404625955146, 0.38224623237631195]",stable,0.1717488833379625,3783,"[0.20396700431284118, 0.5521033409022079, 0.44146422513981154, 0.3577355550870195]"
"[0.20961543369794072, 0.6087445670517632, 0.3597197040955169, 0.3518302137586992]",stable,0.2268079181036769,3784,"[0.2420104274286986, 0.4648097641287546, 0.5315008693416455, 0.3647298211133939]"
"[0.2669924107453475, 0.4864553755034999, 0.5848834549906645, 0.3821948646013474]",stable,0.06879527766439673,3785,"[0.33189465867971424, 0.4904544140459956, 0.5625798801895492, 0.3848494236634369]"
"[0.2671821834001264, 0.48646706859865335, 0.5848182398596672, 0.38220262646994996]",stable,0.11980881399993089,3786,"[0.3386309695608427, 0.49618884198277263, 0.6592187812004044, 0.44236299081977204]"
"[0.2673904888991372, 0.48649541196128926, 0.5850351510589114, 0.38237802111820013]",stable,0.21247168939235608,3787,"[0.43656964775290547, 0.5424854187214977, 0.6142375732843647, 0.4943376954743336]"
"[0.4913727829069345, 0.5063483834128282, 0.7741926815233781, 0.5446043126114548]",stable,0.22283079949457957,3788,"[0.5823939657816682, 0.5919359117141751, 0.5903703580629972, 0.560505188951174]"
"[0.6474488788481538, 0.5976567053505594, 0.6954134428930615, 0.6380432367946928]",stable,0.151619149329125,3789,"[0.6361652402940224, 0.6697825233576077, 0.5625525240008087, 0.6406678419435854]"
"[0.7438166722828412, 0.6210086842289088, 0.47083259981512826, 0.6394696579005197]",stable,0.12692064112143348,3790,"[0.715186842877215, 0.7391645925469453, 0.47419494744018237, 0.675760951055607]"
"[0.7437541617382873, 0.621266666561481, 0.47083994118548866, 0.6395488965318626]",stable,0.1398134391877667,3791,"[0.8109000525262682, 0.7215710872741888, 0.48758091757630406, 0.7080907817026847]"
"[0.7439004490820521, 0.6214851947111818, 0.4708764139009371, 0.6396982252577251]",stable,0.19400761324851393,3792,"[0.8795936207637801, 0.7054747292008219, 0.5142303937818965, 0.7411502221923985]"
"[0.9104540949080624, 0.6905435756298767, 0.3803715991652347, 0.7283617178163989]",stable,0.13096880552483398,3793,"[0.8984819696545145, 0.7486380728302078, 0.4917341785531653, 0.7634744155854785]"
"[0.9104377395456942, 0.6906229396970902, 0.38052373383652965, 0.7284096859827501]",stable,0.10164630168790001,3794,"[0.8985165562685449, 0.7347855953652105, 0.45630004523213935, 0.7783843446780813]"
"[0.9104214759941565, 0.6906831888862691, 0.38062711216039813, 0.7284778642347219]",stable,0.07390505583756944,3795,"[0.962605982479751, 0.6674861738344418, 0.3996768322243318, 0.7713467482810819]"
"[0.9104925720520387, 0.6906515853235282, 0.38065306545748795, 0.7285362687088995]",stable,0.09330626680431667,3796,"[0.9690256224067164, 0.7250318851752844, 0.4226693847095887, 0.7768329077197456]"
"[0.9105722088552423, 0.6906983612416938, 0.38071023051769487, 0.7286019784218395]",stable,0.07229707648262124,3797,"[0.9419617999284463, 0.724439102865439, 0.41226564440683117, 0.7745081767958716]"
"[0.9106148577561569, 0.6907442046406391, 0.3807531047213486, 0.7286643509739781]",stable,0.12768310553077042,3798,"[0.9315692256317385, 0.7730843854047936, 0.43764658052483196, 0.8051307942523304]"
"[0.9106432897342785, 0.6908559280880803, 0.3808303007536464, 0.7287681046283585]",stable,0.02659402602014299,3799,"[0.9182963922582925, 0.7125116991129548, 0.3927868148619751, 0.7348295890515437]"
"[0.9106536597918992, 0.6908852719512576, 0.38084650199227554, 0.7287763180218858]",stable,0.06746543990865468,3800,"[0.9224007932784171, 0.7475897872333332, 0.38978098792508226, 0.7622182579276322]"
"[0.9106695557776724, 0.6909620033657123, 0.3808585919597083, 0.7288215709852224]",stable,0.050311176053601685,3801,"[0.86546548239486, 0.7119887874102857, 0.3766960404878913, 0.7234967514122074]"
"[0.91060846919202, 0.6909904179387455, 0.38085296689015175, 0.7288143752830967]",stable,0.03401584792748109,3802,"[0.9028446053920554, 0.6757919660816986, 0.3516479992351246, 0.7324028644552918]"
"[0.9105979916430321, 0.6909699072074944, 0.3808135539783366, 0.7288192180485112]",stable,0.04977083725980011,3803,"[0.9228819986192455, 0.7333783714730888, 0.3779573160582481, 0.7516140305664395]"
"[0.9106145469084986, 0.6910270614720033, 0.3808097046010858, 0.7288499388200987]",stable,0.2297651645388558,3804,"[0.7626993389230444, 0.5896588403966435, 0.4818055152996499, 0.6266860897366578]"
"[0.7439413162338803, 0.621416006984411, 0.47090017281702123, 0.6396699380065923]",stable,0.1458050143140539,3805,"[0.6214031666204024, 0.6152756432183367, 0.4557379237456783, 0.5623659521821524]"
"[0.74367550679871, 0.6214026873233133, 0.4708672829058036, 0.6395022504017671]",stable,0.2935044489985451,3806,"[0.49203437470660677, 0.6431695153702562, 0.41311477155794607, 0.5016165917887894]"
"[0.4751513335829538, 0.619734208373255, 0.40016431271720004, 0.4939076625714039]",stable,0.0771329491835842,3807,"[0.4485460133125646, 0.6486883509812825, 0.3378489193861804, 0.47110200180698586]"
"[0.4750453362910399, 0.6198495635230877, 0.39991604421787325, 0.49381680336517114]",stable,0.14658791554829012,3808,"[0.4030707262570762, 0.6680284574959763, 0.28936662031751975, 0.45180143062969963]"
"[0.47475972275915906, 0.6200407496102818, 0.3994773560277925, 0.49365007569558594]",stable,0.15443216283096547,3809,"[0.3720425788864996, 0.6812020693026455, 0.31690928311646216, 0.44130231948301335]"
"[0.47435372614306154, 0.620282493956892, 0.3991510000083801, 0.4934431675682635]",stable,0.20392810742175602,3810,"[0.2969145513893255, 0.6670514185075563, 0.3451124936129827, 0.4227712510648798]"
"[0.20971577751137913, 0.6088115864212525, 0.35970291419841055, 0.35191175518089024]",stable,0.10832184677789075,3811,"[0.27202637526091683, 0.6747783322137443, 0.36656995832665956, 0.41066755533676935]"
"[0.20978731665919717, 0.6088873232132072, 0.3597107982904062, 0.35197921304559276]",stable,0.09542145073285391,3812,"[0.23348792151229433, 0.6323706383988321, 0.4274143576313927, 0.41035983097666584]"
"[0.20981449625191864, 0.6089142536205301, 0.35978843998689813, 0.35204616329551375]",stable,0.04422824898791436,3813,"[0.23429806073968984, 0.6225388811615096, 0.3863957050979564, 0.37356629447981515]"
"[0.209842541572065, 0.6089298602958347, 0.3598189179538066, 0.3520708140757936]",stable,0.056086454802744726,3814,"[0.2474984343866311, 0.6208044201550057, 0.3200001367516011, 0.3509828616870895]"
"[0.20988562611761943, 0.6089434467487628, 0.35977335870757987, 0.3520695692790102]",stable,0.07353777959045579,3815,"[0.18818720336362932, 0.6669275442610025, 0.32017889537997646, 0.34940378861029037]"
"[0.20986082792018632, 0.6090097142887768, 0.35972810789234827, 0.35206652267253163]",stable,0.0958265332990993,3816,"[0.20657371710312517, 0.6318049454914436, 0.2683817814278274, 0.33451245014066905]"
"[0.20985707551057778, 0.6090357362422045, 0.35962383126396413, 0.3520464837769473]",stable,0.08674989529819668,3817,"[0.20562502356508597, 0.6002086680494892, 0.27946767101237985, 0.3203493717409551]"
"[0.20985224990972773, 0.609025671170149, 0.35953243313368866, 0.3520103411178413]",stable,0.10978805378316028,3818,"[0.24197070526214154, 0.5485780242870694, 0.44380735008809, 0.36830886675350405]"
"[0.20988883129395597, 0.6089568241919223, 0.35962841823272557, 0.35202890435888423]",stable,0.02918791502154402,3819,"[0.22667148735126189, 0.5922289449365379, 0.3563859743321119, 0.3687603553460431]"
"[0.20990792419049445, 0.6089377936125646, 0.3596247294455804, 0.35204793900164555]",stable,0.09152206514472501,3820,"[0.20246927154528196, 0.5464078528520299, 0.3050222380922679, 0.31423882235400863]"
"[0.2098994711761249, 0.6088667368617003, 0.3595626811599516, 0.3520049740963641]",stable,0.08585304189846787,3821,"[0.1865953442003182, 0.5571352201550624, 0.30439764735889574, 0.3187133581236486]"
"[0.20987301927263363, 0.6088080177734976, 0.35950006477652247, 0.3519671856559865]",stable,0.10022977713309415,3822,"[0.17051249477103383, 0.589678791926059, 0.2854984248001614, 0.30044449808637874]"
"[0.20982839282762047, 0.6087863293088179, 0.35941616269038146, 0.35190876991044273]",stable,0.08414524263056658,3823,"[0.18306706098711006, 0.6046163383051982, 0.29236459719579233, 0.308886081532872]"
"[0.20979808554354287, 0.6087816067822, 0.3593402266026186, 0.35186004659404685]",stable,0.061528753377369835,3824,"[0.18679939113697974, 0.6116161031062602, 0.30921227472251406, 0.32473069682923433]"
"[0.20977206892091102, 0.6087848132260054, 0.35928352077469994, 0.35182935728435816]",stable,0.10547577776827524,3825,"[0.14134726738941633, 0.6058427037587333, 0.28839146537438914, 0.3142947505300574]"
"[0.20969475276098845, 0.6087814888085283, 0.35920341675729844, 0.351786945299325]",stable,0.08383780675879138,3826,"[0.2427124986934022, 0.5908099784457641, 0.4306450393575562, 0.3744082996175443]"
"[0.20973201883991893, 0.6087612049367871, 0.3592840506428518, 0.35181247730194154]",stable,0.2580729087927191,3827,"[0.32297689562404597, 0.576181470608836, 0.5660449129600903, 0.4516409845523009]"
"[0.26755207729077934, 0.48675612724805545, 0.5849799468783915, 0.3825793669421365]",stable,0.12192502974606635,3828,"[0.3353961471886407, 0.4414264760688582, 0.6662544714696019, 0.4226114719919375]"
"[0.26774872676874417, 0.4866247369547824, 0.58521552521054, 0.38269540202923735]",stable,0.27341365494571723,3829,"[0.5070205905716089, 0.5140837046625368, 0.5847616316678546, 0.5121164241862096]"
"[0.4914039538385374, 0.5063637924193016, 0.7738153288344228, 0.5445395957022412]",stable,0.120416005849296,3830,"[0.411997237386114, 0.45725393205408815, 0.7453396775879083, 0.47402756305576144]"
"[0.49124608760304556, 0.5062661585020746, 0.7737587172017261, 0.5443994127347531]",stable,0.11488534291162618,3831,"[0.5375492967193937, 0.47175542709417434, 0.6752616092255502, 0.5316721200347717]"
"[0.49133795904970495, 0.5061976848286462, 0.7735632864319321, 0.5443741601698723]",stable,0.23569246774226826,3832,"[0.6553934722762614, 0.48441638200827214, 0.605933974887608, 0.5522935470801349]"
"[0.6475191849846857, 0.596654578595318, 0.6946215891938983, 0.6372843899830596]",stable,0.14435601250629782,3833,"[0.7031463623158876, 0.5573391169941195, 0.5704116467774083, 0.6095272256311599]"
"[0.7435877813777515, 0.62126402158667, 0.4710827468968677, 0.6394373693957701]",stable,0.06077104656795388,3834,"[0.7943651876949505, 0.6346962261229984, 0.48855309533385033, 0.6645199911775369]"
"[0.7436974518017627, 0.6212930328275693, 0.47112047983085686, 0.6394915435248885]",stable,0.1382665076578131,3835,"[0.8648458047371981, 0.6390364217247623, 0.42417128246605545, 0.6833281576523866]"
"[0.91055294698633, 0.6909570875288711, 0.38086806473280177, 0.7287886712815149]",stable,0.0721631177355734,3836,"[0.9171372715165796, 0.6291861477608334, 0.39291342386516886, 0.6940982899727957]"
"[0.9105617968848922, 0.6908740620721936, 0.3808842547316356, 0.7287420444249172]",stable,0.0614756310993915,3837,"[0.9561199483158674, 0.6545233403572588, 0.3999011792778117, 0.7241934546578337]"
"[0.9106229487660077, 0.69082526915714, 0.380909780804852, 0.7287359389352969]",stable,0.030688186052160445,3838,"[0.9226398725414545, 0.6940489851254612, 0.4033009936661858, 0.745635629704691]"
"[0.9106390572429185, 0.6908295904922183, 0.3809397958354972, 0.7287585926762745]",stable,0.024151036890205275,3839,"[0.9044892840333779, 0.7135578387317898, 0.3782372727020815, 0.7334035870806888]"
"[0.9106308246147933, 0.690860016527345, 0.38093617799997725, 0.7287648108749418]",stable,0.047706942693231114,3840,"[0.9462486071930567, 0.7030234024923953, 0.396349993937443, 0.7537005736556136]"
"[0.9106784419711813, 0.6908762777385281, 0.38095678470577604, 0.7287981474561993]",stable,0.06903314559940002,3841,"[0.9513775450657791, 0.7074555530153377, 0.3997934803396, 0.7785923712932842]"
"[0.9107327798925359, 0.690898412952516, 0.380981933832123, 0.7288646283959017]",stable,0.11137827360722324,3842,"[0.9944345500830812, 0.6925084751389641, 0.4321192215377802, 0.7816047365163751]"
"[0.9108443822527899, 0.690900559702098, 0.3810501168823972, 0.7289349485400622]",stable,0.019348646320861498,3843,"[0.9237868340830329, 0.6953630754129241, 0.3875454974859342, 0.7409665336150826]"
"[0.9108616158770645, 0.6909065018002483, 0.3810587658579012, 0.7289509692924924]",stable,0.08085875507743118,3844,"[0.930149430406232, 0.731134052153019, 0.4287186928780467, 0.7766625405557629]"
"[0.910887264566598, 0.6909599958831641, 0.38112214342042794, 0.7290144155308744]",stable,0.0637223160199322,3845,"[0.9064049534272572, 0.7470392435696601, 0.38182527505890396, 0.7589320696937573]"
"[0.9108813119621632, 0.6910344703156828, 0.38112307719418426, 0.7290541468113032]",stable,0.2284455866476985,3846,"[0.7588674195481485, 0.6170529422196249, 0.5255692026792227, 0.6766975531015874]"
"[0.7437301456977679, 0.6212838947012591, 0.47123782621630594, 0.6395717288903554]",stable,0.19432364119629067,3847,"[0.6731778141411419, 0.5161700021340484, 0.6060930813441631, 0.5799967694402804]"
"[0.6477442606790406, 0.5959485735386402, 0.6938450233355673, 0.6367818669958423]",stable,0.04656763331583842,3848,"[0.6803808386128672, 0.5812756782332738, 0.7234148765625388, 0.6404870224447758]"
"[0.6480280570088999, 0.5958209831446805, 0.6941021524940627, 0.6368140857388764]",stable,0.09725095048624784,3849,"[0.7261521550131684, 0.6054219847530897, 0.6569194370097141, 0.6801688907646561]"
"[0.6487015406123849, 0.5959037503999254, 0.6937816118433356, 0.6371878340580642]",stable,0.20011237331234602,3850,"[0.8172907771766477, 0.6274765458132583, 0.6061087289531814, 0.6914027348040391]"
"[0.7438883406041741, 0.6212972122305321, 0.4715278711684283, 0.6396831934192021]",stable,0.11466410355299757,3851,"[0.7722460719589571, 0.6828161970433887, 0.5284317617546023, 0.7126287721733306]"
"[0.7439491941049353, 0.621429227219401, 0.4716499825216175, 0.6398397289959277]",stable,0.06763818963767357,3852,"[0.7949923436595641, 0.6350760720773863, 0.4882112213111014, 0.6786857143249867]"
"[0.744058494211048, 0.6214584495852639, 0.47168544555971065, 0.6399229109773604]",stable,0.1210903581010442,3853,"[0.8231583427381642, 0.6895221641554697, 0.4468942659420132, 0.6961262646147991]"
"[0.9107649685016538, 0.691032464604595, 0.3812103068874838, 0.7290104758800081]",stable,0.09327674088266594,3854,"[0.8631945448434029, 0.733004403597758, 0.4492998908701934, 0.7227041240913538]"
"[0.9107019613180005, 0.6910880565767714, 0.3813004917669311, 0.7290021230961821]",stable,0.05560599658403784,3855,"[0.8835784818336724, 0.6494641615638853, 0.3862156612824181, 0.7045146530480632]"
"[0.910666083699635, 0.691032998514585, 0.3813069933139092, 0.728969732262785]",stable,0.05508586711137948,3856,"[0.8923123187619807, 0.6779210468559371, 0.43041280394245285, 0.7182791684684483]"
"[0.910641838303416, 0.691015677574481, 0.3813718622843564, 0.7289556099856459]",stable,0.25347294613575755,3857,"[0.753170702782442, 0.6070648629860487, 0.5355335142235613, 0.636015727794039]"
"[0.7440779647421835, 0.6214276940583424, 0.47182187305685563, 0.6399145622953447]",stable,0.19886515587059708,3858,"[0.6513526182310718, 0.5253657654114111, 0.6144571678440376, 0.6028114777950402]"
"[0.6487241993954507, 0.5953008616393397, 0.6931036251424869, 0.6368940190472692]",stable,0.2105805464341291,3859,"[0.5530524202521062, 0.4479031440765257, 0.7143640992510013, 0.5228195595482313]"
"[0.49146016590357106, 0.5060822500944836, 0.7734460603187024, 0.5443314777924037]",stable,0.14742820970522208,3860,"[0.5244998428854332, 0.3741506092936779, 0.7345910782967418, 0.5027647929414146]"
"[0.4915254617078831, 0.5058215156264978, 0.7733692718166828, 0.544249330193884]",stable,0.16169923572436196,3861,"[0.4308468369406931, 0.37488130906402517, 0.7971228464236843, 0.47529153637061883]"
"[0.4914057800022279, 0.505563250919274, 0.7734161230486493, 0.5441133187662246]",stable,0.31079689056553217,3862,"[0.35031596447590524, 0.28139647968108467, 0.8185264657761564, 0.38789972527448086]"
"[0.2983193910619254, 0.30162469764907684, 0.8369060850117219, 0.3785027457458319]",stable,0.052236681959902456,3863,"[0.3435529145219719, 0.2962699533340515, 0.8126351786581115, 0.3865556406082028]"
"[0.2984045766051647, 0.3016146133848301, 0.836860377090152, 0.37851791127287976]",stable,0.09125381928057297,3864,"[0.32841574343614904, 0.2189870745361791, 0.8582558366952497, 0.36662196528966345]"
"[0.2984609885728921, 0.3014592984621822, 0.836900594119485, 0.3784955504721594]",stable,0.06779911783100095,3865,"[0.27167787108027863, 0.25420002342764897, 0.8455417480699293, 0.33885622179906155]"
"[0.2984107388214988, 0.30137063190489416, 0.8369168064158273, 0.37842118024950816]",stable,0.04814079014240625,3866,"[0.3030851141273782, 0.2616879035849889, 0.85790271592403, 0.36167129767567796]"
"[0.29841949233330756, 0.30129631967957604, 0.8369561058718351, 0.3783898134282089]",stable,0.09831072874092424,3867,"[0.26092971385004504, 0.2414193753383954, 0.9040215640365131, 0.39167483327661223]"
"[0.2983494179810024, 0.30118440015744297, 0.8370814618684046, 0.37841464524100965]",stable,0.12579418329269595,3868,"[0.2407591772218342, 0.22702247942177028, 0.9152889197633929, 0.3485626141212204]"
"[0.29824197350197407, 0.30104603836502564, 0.8372273713047759, 0.3783589511530996]",stable,0.09738220210327024,3869,"[0.28226758207127267, 0.2664201515843624, 0.9250245235521047, 0.3604474987604836]"
"[0.2982122260318983, 0.300981558128935, 0.837390866932797, 0.3783255964931506]",stable,0.16125721868089057,3870,"[0.2887445297055841, 0.31260327781141456, 0.9847300880493369, 0.44212483516699747]"
"[0.2981946280833364, 0.301003159838382, 0.8376647316560619, 0.37844418243864103]",stable,0.1054326360274388,3871,"[0.27798683939202634, 0.2520798826287632, 0.9287384453640383, 0.3739969772027541]"
"[0.29815713682416883, 0.30091239309031226, 0.8378336995850192, 0.37843593159404754]",stable,0.1149012806192171,3872,"[0.3277860521595746, 0.24623089482087882, 0.9343203124350179, 0.3834057355869473]"
"[0.2982120051859011, 0.30081113105647994, 0.8380123784977044, 0.3784451349347751]",stable,0.1343280744175248,3873,"[0.3140709004022647, 0.2624500629985092, 0.9615868096115695, 0.41085370558472545]"
"[0.298241319225118, 0.3007402233521214, 0.8382407970395045, 0.3785050398712815]",stable,0.07969868642778703,3874,"[0.27216781112362187, 0.37170653988020635, 0.8167305035693648, 0.3916633827327541]"
"[0.2981932131216097, 0.30087115751545734, 0.8382011101511833, 0.37852931725663475]",stable,0.3051768573471505,3875,"[0.482145836039339, 0.4701166067942095, 0.7190429639017366, 0.5067933451943208]"
"[0.49138755176608045, 0.5054934740607601, 0.773309089270801, 0.5440398542513193]",stable,0.24675548883296836,3876,"[0.5974165707527955, 0.5506165045276743, 0.5561841842493261, 0.5656455512502462]"
"[0.6482893889832249, 0.594922180646868, 0.6919432908976296, 0.636290218472718]",stable,0.16312414005152862,3877,"[0.6687347965599674, 0.607733580494463, 0.531923658229727, 0.6157705797978741]"
"[0.7439173183281489, 0.6213984955219589, 0.4719500218525334, 0.6398630825885271]",stable,0.07211797581185206,3878,"[0.6903578052216536, 0.6097623647740068, 0.4852515239967696, 0.594918099632501]"
"[0.743803361917284, 0.6213737377969631, 0.47197832292092534, 0.6397674549652164]",stable,0.05131492929213805,3879,"[0.7285159743811419, 0.5788546428702668, 0.4561308387923192, 0.6213147704996679]"
"[0.7437709046189057, 0.62128346371007, 0.4719446764578073, 0.6397282772911919]",stable,0.11845434567885811,3880,"[0.846249998258641, 0.5781138849471067, 0.46464707102394454, 0.6798854659545525]"
"[0.7439880213427188, 0.6211920027381146, 0.4719292154293457, 0.6398133560807329]",stable,0.15982018352075972,3881,"[0.8813543012198636, 0.6165019610657084, 0.40629201513404833, 0.6882153979780471]"
"[0.9106032003916963, 0.690917374518401, 0.381404738475451, 0.7289018630041055]",stable,0.11585965840853743,3882,"[0.9467963121921742, 0.5857400827720605, 0.366764697704171, 0.699972196364797]"
"[0.9106508856509855, 0.6907788010114888, 0.3813854498841845, 0.728863747501287]",stable,0.12756796960849845,3883,"[0.9243186129542318, 0.5982374403845777, 0.3252528996064395, 0.6627425446005888]"
"[0.9106688695027003, 0.6906570360632954, 0.381311591265398, 0.7287767459185229]",stable,0.06755540724350075,3884,"[0.9616195478929637, 0.655929732068855, 0.3557100922990444, 0.7390888275396458]"
"[0.9107358217739095, 0.690611402286693, 0.381277949348228, 0.7287902966171051]",stable,0.069911683536221,3885,"[0.9246522064040289, 0.6962020136287196, 0.31582400555387, 0.7093351163228307]"
"[0.9107540847458652, 0.6906187390469845, 0.38119205178419335, 0.7287647648844355]",stable,0.08897350765309277,3886,"[0.9613183018298216, 0.7460740379711386, 0.3678753251829288, 0.7746659590806803]"
"[0.9108203550172727, 0.6906914196484577, 0.38117459866938175, 0.728824923723487]",stable,0.09672494789745151,3887,"[0.9723099686421482, 0.7196974226518791, 0.3160848322515802, 0.7511120738210154]"
"[0.9109008388047397, 0.6907293856209753, 0.3810894026400391, 0.7288540953859183]",stable,0.02760297637299144,3888,"[0.9284234673392298, 0.7030892878445005, 0.36425233345362185, 0.7245381120533632]"
"[0.9109237442015169, 0.6907455423559079, 0.38106739339927254, 0.7288484535776404]",stable,0.03910815063263555,3889,"[0.8896837147765225, 0.6720784737459525, 0.3601765340726477, 0.7117189135360433]"
"[0.910896015703573, 0.6907211728146417, 0.38104012073696625, 0.7288260912538262]",stable,0.06769089967022633,3890,"[0.8696917439247579, 0.7305510731459148, 0.3536508325108995, 0.705423702157572]"
"[0.9108422943583594, 0.6907731022805234, 0.3810044111043377, 0.7287955796643918]",stable,0.17775636425832825,3891,"[0.7832105277432327, 0.645425613464889, 0.48696591258644323, 0.6838153323683289]"
"[0.7440709441892315, 0.6212432365874313, 0.4719610054867603, 0.6399063835147447]",stable,0.13376336174386327,3892,"[0.6736774578610507, 0.6664712115974797, 0.5762591422761489, 0.6436108357463525]"
"[0.7439224347244041, 0.6213386542562289, 0.472181043750029, 0.6399141988148115]",stable,0.23473697033392496,3893,"[0.587572437746658, 0.6454788045460708, 0.6442175458861801, 0.6180780186692209]"
"[0.6477791625022452, 0.5953470262258529, 0.6915422342168612, 0.6361371747768904]",stable,0.12901819952864813,3894,"[0.5473021907176192, 0.6612985922031075, 0.6573833583704212, 0.6039869633209628]"
"[0.6469418544040401, 0.5958966226089967, 0.6912575769181408, 0.635869256348091]",stable,0.21085916004306837,3895,"[0.47473782527036795, 0.5428741135239882, 0.7447270140866399, 0.5402816497067913]"
"[0.4913548411049887, 0.5055669134310218, 0.7732529358814413, 0.5440324707453379]",stable,0.15889975202245862,3896,"[0.35936015012697875, 0.4702971664009001, 0.7724124810740356, 0.46290373769368454]"
"[0.49109602798542396, 0.505497757064296, 0.7732512879308384, 0.5438733947981778]",stable,0.19185246585019558,3897,"[0.3303641593524378, 0.4711412327108273, 0.7992258237810124, 0.4483873341386947]"
"[0.2982524597997512, 0.30118473039795346, 0.8381293324598937, 0.37865796922142675]",stable,0.163447100726271,3898,"[0.31196389341387154, 0.44910673336394685, 0.8015831943531825, 0.43619415046491194]"
"[0.29827766464095357, 0.3014566458445821, 0.8380621520589623, 0.3787637342604772]",stable,0.11590036636918313,3899,"[0.2956874914274019, 0.40864158614015544, 0.8254793004481412, 0.42094484788267916]"
"[0.29827291202955253, 0.30165331545980334, 0.8380390642578415, 0.37884113079923354]",stable,0.08553285136548765,3900,"[0.3013615958145485, 0.3795388307919912, 0.8288436364208782, 0.4128355318606089]"
"[0.2982785689595617, 0.30179596292378175, 0.8380222228149166, 0.37890339160703823]",stable,0.15025736681622612,3901,"[0.3722193975274313, 0.40972805366164494, 0.7897343996633551, 0.43484067861204095]"
"[0.29841374414889965, 0.3019932793602312, 0.8379339452588809, 0.3790056535576872]",stable,0.22951266317103927,3902,"[0.42418604965662193, 0.4314065467109335, 0.8694867876630914, 0.5172590950807314]"
"[0.4909650886931954, 0.5053527644804343, 0.7734396157189642, 0.5438213120198657]",stable,0.10515578845866042,3903,"[0.4568543028872016, 0.46276216971214723, 0.862063023552942, 0.528783793632972]"
"[0.490898466064668, 0.5052695797250275, 0.7736127083123899, 0.5437919418667663]",stable,0.10986689070042507,3904,"[0.42887273263205267, 0.5280537911069796, 0.8576680061078659, 0.569072936478167]"
"[0.49077755820222624, 0.5053139933924387, 0.7737765587954221, 0.5438412225580166]",stable,0.08983742280380552,3905,"[0.5108303338997668, 0.5125931805641085, 0.8536955170351194, 0.5788929310877753]"
"[0.49081657138451723, 0.5053281552351852, 0.773932043149974, 0.543909416543483]",stable,0.14717337057390895,3906,"[0.5248613226278522, 0.48955660151888203, 0.9101095607407437, 0.5852361356856306]"
"[0.49088267769761107, 0.505297530859037, 0.7741964655142279, 0.5439896626000696]",stable,0.17090683574433396,3907,"[0.5099201321859723, 0.5352400656722268, 0.9329127076623144, 0.5965189012971536]"
"[0.49091957198925523, 0.5053555590272796, 0.774504055130794, 0.5440914634502578]",stable,0.159462866564254,3908,"[0.5335175667282488, 0.549025767237331, 0.9032344822462534, 0.6157518200406902]"
"[0.49100196656321843, 0.5054400275151133, 0.7747530501542281, 0.5442300714900846]",stable,0.1210792442042646,3909,"[0.5037020705340831, 0.5108097715417478, 0.8890683300376206, 0.5816743416856062]"
"[0.49102648413845174, 0.505450393816323, 0.7749737360227289, 0.5443023577259832]",stable,0.1331532185802605,3910,"[0.5037294299013737, 0.44543733912372907, 0.8929031778618645, 0.5365890704111888]"
"[0.4910509599491703, 0.5053347617263565, 0.7752009603808004, 0.5442874959007139]",stable,0.11847175600564928,3911,"[0.594181726509048, 0.4559905578806167, 0.7802862293469609, 0.574928833113799]"
"[0.4912492883464008, 0.5052398690266532, 0.775210739744197, 0.5443464215492007]",stable,0.06879077449876611,3912,"[0.5122567079253119, 0.5284968023949488, 0.7142312023451569, 0.5499562386297665]"
"[0.49128960968916263, 0.5052845080542315, 0.7750936964862334, 0.5443571889524262]",stable,0.20797140064999353,3913,"[0.42031804918170546, 0.5803516753246208, 0.5969310807462282, 0.5154064750038008]"
"[0.4911536488452787, 0.5054283148880828, 0.7747523887932448, 0.5443017278145937]",stable,0.3305568732463765,3914,"[0.32477682254814244, 0.5637174873583366, 0.5262604170757434, 0.41608039383933415]"
"[0.2679135478548118, 0.48684754837213373, 0.5850451347246013, 0.3827918904448735]",stable,0.21347811726610302,3915,"[0.39937446610286165, 0.6082295749402247, 0.5654735922862647, 0.4975712086065843]"
"[0.4740585322058954, 0.6202350415198185, 0.3998058133638049, 0.4934594196983356]",stable,0.27045025079369067,3916,"[0.46853125137467944, 0.5869450647366471, 0.6658195788700498, 0.5286906746851722]"
"[0.4911103937831934, 0.5055841786545237, 0.774544104261843, 0.544271878764633]",stable,0.07742800443345675,3917,"[0.43874511841760244, 0.5331199140360229, 0.7349105210113643, 0.5138755605309938]"
"[0.49101046005157967, 0.5056367277678472, 0.7744684676525864, 0.5442138705237292]",stable,0.08405929957696481,3918,"[0.5195467279104458, 0.5723375810025987, 0.7394830745152492, 0.5682693419769986]"
"[0.4910648148475013, 0.5057637770121038, 0.7744018288085153, 0.5442596904693544]",stable,0.05618367607415803,3919,"[0.48836235316932824, 0.5474114047708356, 0.8029909202140452, 0.5687022990200041]"
"[0.4910596770876569, 0.5058429550116452, 0.7744561806933166, 0.5443061593069032]",stable,0.02915408793555894,3920,"[0.5064525674044872, 0.524517870412644, 0.7785624649570615, 0.5600352958171887]"
"[0.4910888856081822, 0.5058783912837533, 0.7744639725040637, 0.5443360058657463]",stable,0.08956706938854782,3921,"[0.5349374337776446, 0.5495765720114261, 0.815364227512081, 0.5945077397769246]"
"[0.4911719321009274, 0.5059611529896769, 0.7745414351082456, 0.544431028089063]",stable,0.082499397416557,3922,"[0.5342896377812173, 0.5627157445409888, 0.7958288852406776, 0.5801069980922161]"
"[0.4912534400511737, 0.5060684395521557, 0.7745816760347719, 0.5444984684860444]",stable,0.05450594952495868,3923,"[0.4674013308624148, 0.5311994185602973, 0.80763423442308, 0.5705357052623365]"
"[0.4912084360715723, 0.5061158564936805, 0.7746440393524857, 0.5445475953478864]",stable,0.15974522055949697,3924,"[0.590044950668304, 0.5351679778202153, 0.6592546436122096, 0.5844366975074317]"
"[0.6464716320591165, 0.595394732982643, 0.6909930898660258, 0.6354441938783335]",stable,0.08809095488706346,3925,"[0.7083348607248092, 0.6124991155188831, 0.6311949602247613, 0.6434804281600945]"
"[0.6469787077039173, 0.5955349328394974, 0.6905029412624089, 0.6355100646511347]",stable,0.18642645661251123,3926,"[0.7866267743038999, 0.6130336663709599, 0.5790533061224762, 0.6857695351214261]"
"[0.7440123385972031, 0.6213211700712072, 0.47240603798660263, 0.6400107363649307]",stable,0.049699574507411776,3927,"[0.7874192855549346, 0.6232226865417513, 0.46751959745042876, 0.6636410473240599]"
"[0.7441035296622404, 0.6213251648537084, 0.4723957723552241, 0.640060379875349]",stable,0.0745260218679642,3928,"[0.8091895335665344, 0.6285542303111442, 0.44778688182515236, 0.6657524633005122]"
"[0.744239978307742, 0.621340320127204, 0.47234418138975226, 0.6401142416854647]",stable,0.1739378089113015,3929,"[0.9051020450573395, 0.5943802441317416, 0.44126616485351894, 0.6919318838588113]"
"[0.9108348200754154, 0.6906475907464754, 0.38108287692953197, 0.7287475800604782]",stable,0.07407686054759767,3930,"[0.9596520835328438, 0.6353904766845275, 0.3838999039459745, 0.7353028650618926]"
"[0.9108983015623562, 0.6905757349414533, 0.38108654016362353, 0.7287561044883084]",stable,0.06610411506030996,3931,"[0.9661899589479742, 0.6952423301562536, 0.36348338841341493, 0.760076043648825]"
"[0.9109701089096103, 0.6905817954547193, 0.38106367892758436, 0.7287967797339714]",stable,0.10232434981993994,3932,"[1.0, 0.6944883525711878, 0.40499154871467885, 0.7730251294370115]"
"[0.911085582179507, 0.6905868623251686, 0.3810947137781513, 0.7288541446492801]",stable,0.05580267903151756,3933,"[0.9393093846253394, 0.6936677360126071, 0.3332486384346645, 0.7331689162701921]"
"[0.9111221415091, 0.6905908530941938, 0.38103273699661827, 0.7288597337316907]",stable,0.04747028440922573,3934,"[0.9125911134489705, 0.7128901028239848, 0.3427197326674558, 0.7457750281156098]"
"[0.911124041860898, 0.6906197007652543, 0.3809831729547953, 0.7288816163893671]",stable,0.01633158551307018,3935,"[0.9147242017152297, 0.6761134143645152, 0.38635945728014315, 0.7326793467782619]"
"[0.9111286932302188, 0.6906009587931603, 0.38099011905857477, 0.7288865230177766]",stable,0.0683975151266257,3936,"[0.9327841746141704, 0.6416656421141784, 0.3697231450607334, 0.687805502095871]"
"[0.9111566357868434, 0.6905378164490583, 0.38097558102760987, 0.7288335152488451]",stable,0.0789308772871494,3937,"[0.913875735659327, 0.6298136698109074, 0.3653913045561236, 0.6809545195708746]"
"[0.9111601397815243, 0.6904595636827721, 0.38095549819710534, 0.7287718155121466]",stable,0.0837539032494213,3938,"[0.8793004750696314, 0.6702273945995482, 0.3128767556991596, 0.6978586754573831]"
"[0.9111191363520367, 0.6904335248551232, 0.3808678807678931, 0.7287320302611109]",stable,0.1924219139222909,3939,"[0.7716491218895718, 0.6226863961982618, 0.4792063277892283, 0.6711630766529368]"
"[0.7442973196123066, 0.6213431361859301, 0.4723585373445629, 0.6401791974071539]",stable,0.11456445500135709,3940,"[0.6998450624031277, 0.6716620452241815, 0.5617781959364615, 0.6651019426266407]"
"[0.7442045174051893, 0.621448186100415, 0.4725452172163622, 0.6402312281904932]",stable,0.18146797960693087,3941,"[0.6513663371025273, 0.6140686605369333, 0.6280615368021428, 0.6317508481481143]"
"[0.6470143794876458, 0.5956856135524847, 0.6899952875676099, 0.6354795019153379]",stable,0.06664778719076371,3942,"[0.592159023563483, 0.5801860309816819, 0.689515990621518, 0.6009490707215767]"
"[0.6465719975850316, 0.5955606169188492, 0.6899914222696575, 0.6352010306960334]",stable,0.11654776368342802,3943,"[0.5511994004451009, 0.6138372135861275, 0.7506628936144774, 0.6134665531658743]"
"[0.6458090168079121, 0.5957068296921874, 0.6904767940404161, 0.6350271548757921]",stable,0.22344143657305005,3944,"[0.456996468168303, 0.617779811138005, 0.614491693699896, 0.5455009292747021]"
"[0.491144006753487, 0.5063261464270973, 0.7743424341817652, 0.5445493907036808]",stable,0.2584476216747385,3945,"[0.382978018305613, 0.6371447039621887, 0.5837097190411374, 0.5040405643201209]"
"[0.47370135372001193, 0.6203013539215532, 0.40052700515077483, 0.493500914383127]",stable,0.10856784471803374,3946,"[0.49835527224080667, 0.6013562909144562, 0.5034673917555094, 0.5084515866627944]"
"[0.47379765808923374, 0.6202273497691817, 0.40092911603594955, 0.49355931544671944]",stable,0.12198977759232209,3947,"[0.533720910931296, 0.6332520258705019, 0.4920995091377615, 0.5465595686533529]"
"[0.4740308224971795, 0.6202780294427277, 0.40128386464724064, 0.4937655421128931]",stable,0.22955046836388662,3948,"[0.6703374728498954, 0.6583121226270964, 0.42564495145058506, 0.6038430682423394]"
"[0.7440506277290325, 0.6215249859681788, 0.4724475083293502, 0.6401554195239344]",stable,0.15067322635123542,3949,"[0.7017620611833049, 0.7094966993522885, 0.3576836973762954, 0.6380712845969796]"
"[0.743962709711266, 0.6217078793431978, 0.4722089141277846, 0.6401510866030884]",stable,0.1561208338904918,3950,"[0.7627451917891276, 0.6915625783526789, 0.3340262682529782, 0.6469929099704373]"
"[0.7440016775164068, 0.6218528061046282, 0.4719222281404925, 0.6401652812573775]",stable,0.1791570163305661,3951,"[0.7967875325464888, 0.7210472935166395, 0.3434953175537863, 0.6947351659323188]"
"[0.9109721805630835, 0.6904728741721688, 0.38081984405425023, 0.7286883324920508]",stable,0.12937733778199623,3952,"[0.8016361807458494, 0.7264049679593066, 0.3682487805072299, 0.6709389803494367]"
"[0.910831826262933, 0.6905190000948738, 0.38080370661709106, 0.7286141998192104]",stable,0.07725512581302472,3953,"[0.8466962807202164, 0.723506128887926, 0.35656592844891777, 0.7152214515655692]"
"[0.910749601204545, 0.6905612912856341, 0.3807726325425165, 0.7285970296291416]",stable,0.12348625736741377,3954,"[0.8325872166183081, 0.7751969497319599, 0.34695523548369434, 0.757453335177968]"
"[0.9106495213267137, 0.690669659606308, 0.3807293324182414, 0.7286339775235703]",stable,0.1472232944746475,3955,"[0.9416545351820313, 0.8253059884411386, 0.37797537234867357, 0.7794164766114936]"
"[0.9106891696820274, 0.690841828824767, 0.38072581073017286, 0.728698916780716]",stable,0.07810714199421881,3956,"[0.952862551528575, 0.7379454460086263, 0.3691538934281571, 0.7730776444808437]"
"[0.9107430309615249, 0.6909019867011194, 0.38071103178087273, 0.7287555945938706]",stable,0.08245489446131554,3957,"[0.9502524372647122, 0.7356455984539999, 0.32553942145213177, 0.7426090799039794]"
"[0.9107934256124218, 0.6909590576344775, 0.3806406598289228, 0.7287732648557458]",stable,0.07729837732398566,3958,"[0.9337699607187492, 0.7489379941899971, 0.3600728182480374, 0.7695473348025098]"
"[0.9108226950838949, 0.6910329161523827, 0.38061445875684524, 0.7288252063461239]",stable,0.2089213739517961,3959,"[0.7814347580130636, 0.6066977849379603, 0.5076605076439406, 0.6683786238150595]"
"[0.7440791787182631, 0.6218214292492108, 0.4719962204376011, 0.6402236939748882]",stable,0.1350851024149474,3960,"[0.7125667588773826, 0.537614275481432, 0.5666521194134913, 0.6055196836356689]"
"[0.7440140704128068, 0.62164744752655, 0.4721917904768075, 0.6401519914741874]",stable,0.32928705712025974,3961,"[0.563634308596029, 0.4645795004389652, 0.6755702040531602, 0.540854517172464]"
"[0.4912802667193565, 0.5062476752880218, 0.7741567720950573, 0.5445424454526823]",stable,0.11217173673268757,3962,"[0.5085460487917872, 0.4122676239967547, 0.7300403492563872, 0.5057367437290288]"
"[0.49131266030673443, 0.506071352490102, 0.7740740020709698, 0.5444696392580788]",stable,0.14082984987798677,3963,"[0.4281351474863711, 0.40880526402803075, 0.7916185801095976, 0.46653925810140706]"
"[0.49119435035763265, 0.505889206257027, 0.7741068570860233, 0.5443237022147143]",stable,0.20443462127928286,3964,"[0.3729438183632881, 0.38317920167649394, 0.7949695526877817, 0.4333402405245497]"
"[0.29854974793396244, 0.30214142885350903, 0.8378555430826562, 0.37910480426383114]",stable,0.11913998957404531,3965,"[0.37440056106643593, 0.36405763728232465, 0.8342172267694166, 0.44688486808093364]"
"[0.29868790970651704, 0.30225420883243215, 0.8378489159126867, 0.37922826521796066]",stable,0.06661303313715781,3966,"[0.33957937169082647, 0.34220581283786883, 0.8579822702844381, 0.4068634221679785]"
"[0.2987622578192158, 0.30232684811244204, 0.8378855220115444, 0.3792785109578698]",stable,0.0686595177593103,3967,"[0.3069357668464394, 0.29455062805245097, 0.897311278299613, 0.41176593960792784]"
"[0.2987770917738931, 0.3023127351903731, 0.8379933727489094, 0.3793374718084144]",stable,0.09210865288413907,3968,"[0.2828430160229378, 0.2519656203082288, 0.9133252718914722, 0.3748228111664004]"
"[0.29874822569463416, 0.30222152664891994, 0.8381298435806894, 0.3793292930753673]",stable,0.11752700874076943,3969,"[0.31141981957549975, 0.21182559995916758, 0.9069130019496473, 0.3519526231762893]"
"[0.2987711399692831, 0.3020580620436943, 0.8382542254222246, 0.37927978734318085]",stable,0.13417946680481838,3970,"[0.27503878975186474, 0.1947052573544354, 0.9055605203309542, 0.34204884784130807]"
"[0.2987283017919954, 0.3018642844179014, 0.83837571692928, 0.37921258348126413]",stable,0.1152010860336664,3971,"[0.27312084550725374, 0.20726828797874158, 0.8743358325932354, 0.33048870899371274]"
"[0.29868216223112204, 0.30169384118107406, 0.8384405099304765, 0.37912479271642174]",stable,0.10990157770677463,3972,"[0.31283895018396024, 0.21270985223333466, 0.8945163644985045, 0.3505715024907654]"
"[0.29870762407995805, 0.30153379803548463, 0.8385413657840161, 0.3790734378778864]",stable,0.12097179934354992,3973,"[0.26005412877277306, 0.27737035361846396, 0.7396456656245812, 0.3263870830900075]"
"[0.29863822821764713, 0.30149041662719556, 0.8383638151553636, 0.37897884837198353]",stable,0.2535936402541908,3974,"[0.2681380692872892, 0.33627141547306927, 0.5933538675554237, 0.3327199856648991]"
"[0.2679141948906403, 0.4864136113897157, 0.5850690791996181, 0.38264759100746726]",stable,0.07430349152762133,3975,"[0.2636878907279263, 0.4639801049044654, 0.521051121522733, 0.35262116784425485]"
"[0.26790205033844855, 0.4863491472906202, 0.5848851195511213, 0.3825613081822856]",stable,0.15830095391832089,3976,"[0.25155972552192635, 0.4642935173646939, 0.44901591883884523, 0.30610720484296544]"
"[0.26785522419284247, 0.4862859506432679, 0.5844958095204271, 0.3823422419836056]",stable,0.033032376392305086,3977,"[0.27239305909595124, 0.47535539421066575, 0.5802297007855547, 0.3517993345114774]"
"[0.2678681894354228, 0.4862547204820319, 0.5844836206383276, 0.38225497653368523]",stable,0.09330373765097467,3978,"[0.29616134899472746, 0.43104617759900193, 0.6540842999324551, 0.3858392221059485]"
"[0.26794879672761457, 0.48609743118606885, 0.5846819131719292, 0.38226518805953213]",stable,0.13841422241058135,3979,"[0.2804038247532404, 0.44088540266319115, 0.7146011906231176, 0.373308455071752]"
"[0.2679841803299601, 0.48596898792321974, 0.5850510020283246, 0.3822397427953623]",stable,0.20361265935164025,3980,"[0.24825858758196245, 0.4032820513238532, 0.7699546303502354, 0.38876161278733984]"
"[0.298547942123318, 0.30167283891159813, 0.8382412180499781, 0.3789963802078533]",stable,0.2972438066294646,3981,"[0.4401921071287735, 0.4798933217705737, 0.6690216112433267, 0.46783891090795066]"
"[0.49109901906187775, 0.5058406158187346, 0.7739104360657566, 0.5441807399879727]",stable,0.2007893057114204,3982,"[0.5707504778877145, 0.5157712502389137, 0.5911436037609028, 0.5658523320903649]"
"[0.6452133141180693, 0.5950724203314471, 0.689688435387404, 0.634478148345749]",stable,0.32981148710594343,3983,"[0.4271707899222214, 0.5472720101951606, 0.4955059287924948, 0.48873402464720045]"
"[0.4738491944639432, 0.6199950603758767, 0.40164906644625326, 0.4937460401072121]",stable,0.25855267803497667,3984,"[0.4170186636780623, 0.49042537546102083, 0.6167109544158571, 0.46966577466706655]"
"[0.26840637433377906, 0.48598161225052233, 0.5851406902787143, 0.3824874086080301]",stable,0.1759015847212725,3985,"[0.3918364992130975, 0.47959277499481845, 0.6825230355175788, 0.4611145882218864]"
"[0.4909138277935031, 0.5057916459664512, 0.7737399371841369, 0.54402576582423]",stable,0.18817421641963017,3986,"[0.4753391584339428, 0.5469631645332038, 0.5926588032836304, 0.5179203180461022]"
"[0.4908848246848261, 0.505868315460989, 0.7734027283686797, 0.5439771523274365]",stable,0.30634640335873425,3987,"[0.6117396760579311, 0.6120987658053197, 0.5151604353796146, 0.5795894154092393]"
"[0.7437413397027968, 0.6216277595230011, 0.472280385620937, 0.6400271201833319]",stable,0.11607935750314019,3988,"[0.652624210346899, 0.5898722393306335, 0.4641608004574405, 0.5760134868669259]"
"[0.7435538558975378, 0.6215624189464737, 0.47226367865558, 0.6398954048884422]",stable,0.029014830792276937,3989,"[0.7218593786200959, 0.6233407955423583, 0.4880837940264751, 0.629043152223774]"
"[0.7435093087162699, 0.6215660706437958, 0.47229616349207054, 0.6398731210020672]",stable,0.02711623087436994,3990,"[0.7366123652117141, 0.6142989776646905, 0.4967445114669978, 0.6459714640603914]"
"[0.7434951756353179, 0.6215511790598222, 0.47234626256578965, 0.6398856176066948]",stable,0.2274064642561729,3991,"[0.6289886120647328, 0.4813094598588514, 0.5967954562194951, 0.5811778218786302]"
"[0.6450855605585942, 0.5941766489891432, 0.6889569946065544, 0.6340584607357717]",stable,0.20508341603833635,3992,"[0.5545124976898412, 0.44565517164156365, 0.6814150227001599, 0.5257061776828437]"
"[0.49100309173502127, 0.5057563951193172, 0.7732317475031248, 0.5439431914080227]",stable,0.16399043812800693,3993,"[0.5003261040542958, 0.47060922401943295, 0.6146850961954503, 0.5231205844264643]"
"[0.4910203886038882, 0.50569118700967, 0.7729375978717563, 0.5439045594841238]",stable,0.15979588771584058,3994,"[0.43927438533597585, 0.4355296127287224, 0.6656123513318634, 0.4638063583416448]"
"[0.49092456267191054, 0.5055612581684089, 0.7727388474152009, 0.5437562294820081]",stable,0.19553448088581168,3995,"[0.4046494733712533, 0.3808835225354688, 0.7394454781546485, 0.424855615597257]"
"[0.2987377480826166, 0.3018145395978662, 0.8380644814848701, 0.3790784181960276]",stable,0.09828759747146784,3996,"[0.3771980873726323, 0.3066719778623691, 0.7864645628855295, 0.4076840237525768]"
"[0.29887785583134874, 0.3018232135947671, 0.8379723387730856, 0.3791294996345214]",stable,0.1477642276547149,3997,"[0.42864422950658054, 0.3233692678535574, 0.7940159201831442, 0.4301055336916902]"
"[0.2991091684403955, 0.3018616201085974, 0.8378939850857595, 0.3792203660053898]",stable,0.0972190126363107,3998,"[0.3709295220492449, 0.3410386698780147, 0.8432315881053123, 0.43147016974520525]"
"[0.29923696266389876, 0.3019313301615679, 0.8379034826000292, 0.3793133371864215]",stable,0.11342564247918985,3999,"[0.37479489869081517, 0.3197017852480411, 0.8970321653250286, 0.4371439906532068]"
"[0.2993711685893462, 0.3019628940249542, 0.8380085069032708, 0.379416055931478]",stable,0.1530387285931201,4000,"[0.39615865811481965, 0.33807236875783214, 0.9178059752283948, 0.45930037356749165]"
"[0.29954277761332754, 0.3020269179163245, 0.8381499917761877, 0.37955769479253476]",stable,0.15938056125885697,4001,"[0.36071880679441287, 0.2984858817741142, 0.9669614822781456, 0.45065423295387436]"
"[0.2996510537711702, 0.30202065059571886, 0.8383779767151291, 0.3796835293733513]",stable,0.08092969952316426,4002,"[0.34282343164156137, 0.29828100069978813, 0.9029772922360868, 0.4020152446412262]"
"[0.2997273300571603, 0.3020140434404257, 0.8384921097814206, 0.3797229847006797]",stable,0.09026001467534961,4003,"[0.32109090158472037, 0.23642901270073813, 0.8964252209159157, 0.3854524207927949]"
"[0.2997650083138227, 0.3018983731922076, 0.8385942845805997, 0.379733089526239]",stable,0.09372812600351686,4004,"[0.2880840308741879, 0.2518814004667774, 0.9154102376297831, 0.3640446171112745]"
"[0.2997444432126966, 0.30181031514163464, 0.8387295239345596, 0.37970546897621266]",stable,0.07996026087782389,4005,"[0.2972024235687868, 0.26907145748989336, 0.9114411851026932, 0.3743797778840467]"
"[0.2997399756913541, 0.3017527776062186, 0.8388573124427637, 0.3796961092379136]",stable,0.12118542182688617,4006,"[0.23743133518584042, 0.25559295419099926, 0.9256694409023344, 0.34598461511039424]"
"[0.29963066228695845, 0.3016717954598761, 0.8390096144225173, 0.37963696626576005]",stable,0.15154163320470865,4007,"[0.28446760231545687, 0.26704452252840566, 0.9854626730733927, 0.38898585859500423]"
"[0.29960410701555473, 0.3016111522498385, 0.8392660996390687, 0.3796533391069671]",stable,0.14666014593710833,4008,"[0.28780912083338456, 0.27681084839674325, 0.9819064689824214, 0.399870823362987]"
"[0.29958348641034116, 0.3015677950752701, 0.8395154709141446, 0.3796886843591629]",stable,0.10190852224133727,4009,"[0.2566373108366475, 0.30900580464489097, 0.9310645746654569, 0.3899068312058417]"
"[0.2995085367147501, 0.3015807758947633, 0.83967524247392, 0.3797065170761728]",stable,0.1486274001825125,4010,"[0.2787040879965298, 0.2559349454081354, 0.9794089253811774, 0.3727613735280719]"
"[0.29947229203057196, 0.30150125354199914, 0.8399186809458838, 0.37969441752295313]",stable,0.14434981383074227,4011,"[0.2922266011323607, 0.21149731975994376, 0.9501029301930397, 0.3563900866384683]"
"[0.29945969082900986, 0.3013447249615086, 0.8401103057271833, 0.3796538882518497]",stable,0.15152833520721037,4012,"[0.2664647596927449, 0.1901178155465285, 0.9215376279291597, 0.3260783648200701]"
"[0.2994024079624539, 0.3011516226882187, 0.8402516726060062, 0.37956087519033616]",stable,0.1436761455577869,4013,"[0.23512791833398067, 0.1969543221239761, 0.8991505105391656, 0.33281181925772974]"
"[0.2992910136996662, 0.3009710381118509, 0.8403537503147291, 0.3794798542961722]",stable,0.17064528171512156,4014,"[0.2427739050445187, 0.173332141855296, 0.9137819841934023, 0.3143474105161117]"
"[0.2991932332348649, 0.30075020957161464, 0.8404807887816473, 0.3793671684072794]",stable,0.11269225912014952,4015,"[0.3361831791260326, 0.24313163133360935, 0.9255275207690542, 0.40726774167494645]"
"[0.2992571191517754, 0.3006506956195628, 0.8406276743291212, 0.3794153559258764]",stable,0.13606032702164686,4016,"[0.3946104560108353, 0.3494504949449541, 0.8928838995885545, 0.44505086648622044]"
"[0.2994215214567048, 0.3007348332046066, 0.8407177712692238, 0.37952852059925624]",stable,0.15541245488516492,4017,"[0.34001137902872824, 0.4212297385826546, 0.7640166283389792, 0.425391436411988]"
"[0.29949138351793037, 0.30094222546859634, 0.8405857555326829, 0.3796074584922214]",stable,0.24101362685378064,4018,"[0.3555222986630873, 0.4699940765673218, 0.6856878963681292, 0.4283540454860007]"
"[0.2686524645155003, 0.4859364497203438, 0.5854247219343341, 0.3826169753788718]",stable,0.03683030320599551,4019,"[0.28863756967182974, 0.4796010759463004, 0.6119217238751647, 0.39727435350140106]"
"[0.26870876058636317, 0.48591860359703665, 0.585499361376421, 0.3826582637679493]",stable,0.12861828612743342,4020,"[0.33739479553944285, 0.5811471651112379, 0.5561781748756849, 0.42620916758070265]"
"[0.26890169888679316, 0.48618609955634623, 0.585416998492992, 0.38278059776742335]",stable,0.15960092548163268,4021,"[0.2831575837969177, 0.6078645100059439, 0.4898893591625781, 0.41936009632112903]"
"[0.2689416313375218, 0.48652693543995856, 0.5851494140690973, 0.3828830613488063]",stable,0.23255041208477908,4022,"[0.19527716734648756, 0.6359051389428839, 0.42287623395246615, 0.3802738011494]"
"[0.20971572250227133, 0.6087918068916982, 0.3593557441978796, 0.3518445644765159]",stable,0.24103221521779278,4023,"[0.4027598045286214, 0.6473781615428814, 0.40739918581545037, 0.48235675593644184]"
"[0.47357471805492657, 0.6201007866352087, 0.401671267679339, 0.4937020660370547]",stable,0.08977237942231313,4024,"[0.5199623443827474, 0.6706973064688415, 0.4139461124443619, 0.5502404476687711]"
"[0.47375313200234126, 0.6202953886345689, 0.4017184786207429, 0.4939195213510228]",stable,0.16071018218076624,4025,"[0.6169019086507405, 0.622874425923382, 0.3878666690037342, 0.5655970376140662]"
"[0.47430159474812056, 0.6203052700034916, 0.4016654065532448, 0.4941941478501149]",stable,0.3039452762854173,4026,"[0.740147785778419, 0.6521497166899863, 0.3811755614817814, 0.6365831613135108]"
"[0.7434883302572874, 0.6216137527564074, 0.4721598194142886, 0.6398788641173427]",stable,0.14603780739585392,4027,"[0.8187154040554947, 0.7007750303726883, 0.38945135190123625, 0.6904825209471419]"
"[0.9107055102352583, 0.6910453106997367, 0.38062570162344117, 0.7287764243036315]",stable,0.03273155984744594,4028,"[0.8984448122013972, 0.6741714482496968, 0.4023473861980029, 0.7416010677306352]"
"[0.9106899312034491, 0.6910238699596478, 0.38065330223916494, 0.7287927199115438]",stable,0.08430349489358571,4029,"[0.8687752597262622, 0.6586219397707347, 0.3294427003023731, 0.6878314121255785]"
"[0.9106367399959907, 0.6909827507589004, 0.38058831416564104, 0.7287407385564855]",stable,0.040158189409020155,4030,"[0.9190570657535513, 0.685756853393677, 0.418286465386967, 0.7384008463182804]"
"[0.9106474121452399, 0.6909761273148379, 0.3806360938249837, 0.7287529820390733]",stable,0.06946947921243755,4031,"[0.8683052486361351, 0.7182538255417109, 0.4284574017509664, 0.7302360259047496]"
"[0.9105938144699119, 0.6910106560467707, 0.3806966271261558, 0.7287548593097894]",stable,0.05059327107806267,4032,"[0.9001205246911098, 0.6952441793271669, 0.4297652747083289, 0.7238218698836492]"
"[0.9105805739012914, 0.6910160081621693, 0.38075866081462884, 0.728748622913549]",stable,0.08713809429317146,4033,"[0.8853917706286534, 0.7149885470395088, 0.4589516592527825, 0.745172509230841]"
"[0.9105487698567553, 0.6910462765193378, 0.3808573893480103, 0.7287693601437477]",stable,0.07583194185524224,4034,"[0.9324409601986545, 0.7240917497507732, 0.4396326869054255, 0.7556891763303171]"
"[0.9105763766541599, 0.6910879479862122, 0.3809315069994068, 0.7288033069485226]",stable,0.05220491672932168,4035,"[0.9273102955006848, 0.6944095619677405, 0.4229234120236391, 0.754706513000031]"
"[0.9105974521187021, 0.691092131379136, 0.380984393529664, 0.7288359306337261]",stable,0.09264354498467478,4036,"[0.9400404625679956, 0.6407211812381601, 0.452802812394062, 0.7333985676698553]"
"[0.9106344873519717, 0.6910287716934241, 0.3810747311634557, 0.7288416697998092]",stable,0.04774173166336006,4037,"[0.8905094046331431, 0.6653072896442361, 0.4093398689917584, 0.7085010372502317]"
"[0.910609204584737, 0.6909964582737643, 0.3811102401305767, 0.7288161162413299]",stable,0.04503164663398507,4038,"[0.9042148912486957, 0.694221960515825, 0.3393360222850945, 0.7136018855932399]"
"[0.9106011816069001, 0.6910005053280205, 0.3810578258045472, 0.7287970268678693]",stable,0.026650456320424037,4039,"[0.8997875288940779, 0.7140037822334557, 0.38769323871138195, 0.7243101254581007]"
"[0.9105876306636509, 0.6910293314895561, 0.3810661408583152, 0.7287914041843985]",stable,0.056537031588596,4040,"[0.9163717957667901, 0.702905347363454, 0.3261442215653971, 0.7264414248111607]"
"[0.910594869919099, 0.6910441950888976, 0.38099740253629655, 0.7287884630337436]",stable,0.053552121109154256,4041,"[0.9290139662680328, 0.7232414504711424, 0.34332849688889144, 0.7373299417204592]"
"[0.9106178937895352, 0.6910844416581254, 0.38095031640423727, 0.7287991398821019]",stable,0.033191460652635285,4042,"[0.9304885490192376, 0.6691139334608777, 0.3681293246358199, 0.721069388228486]"
"[0.910642701099435, 0.6910570128089403, 0.38093431017231666, 0.7287894897551934]",stable,0.14435521617958091,4043,"[0.8106224124254506, 0.6935912870396392, 0.4823732371029771, 0.7055926828821317]"
"[0.743625338588243, 0.621760645683516, 0.47218066312385737, 0.6400129739515567]",stable,0.17260070180977233,4044,"[0.7249378642904376, 0.70363079642377, 0.6092119327291309, 0.7029533436496267]"
"[0.6457094066814992, 0.5950317595159762, 0.6883339863106369, 0.6345967020085361]",stable,0.06375948512901136,4045,"[0.5859027121188534, 0.6094192260591482, 0.6774997213788049, 0.6474049313655935]"
"[0.6452457888941919, 0.5951432902643728, 0.6882499997607778, 0.6346959906082033]",stable,0.14294198726759122,4046,"[0.5413319723721279, 0.5502947150534516, 0.7207668874372342, 0.5536676759446605]"
"[0.4910177371815228, 0.5056439447800264, 0.7726427809457407, 0.5437745500854511]",stable,0.09956776416609528,4047,"[0.5064381814012977, 0.4385295742784652, 0.8443610880318363, 0.5490750464757559]"
"[0.4910461881856183, 0.5055201175281784, 0.7727751025455305, 0.5437843295990863]",stable,0.11559488338800741,4048,"[0.4721710632640644, 0.4122817831647515, 0.8219769546456654, 0.5002906808704153]"
"[0.49101142736624154, 0.5053484078884668, 0.7728657136912029, 0.5437042307984811]",stable,0.20996039569128477,4049,"[0.4083119274952562, 0.3434689322882143, 0.8430929738134114, 0.4655548367186503]"
"[0.2996783603976165, 0.30101529541158534, 0.8405900634678731, 0.3797551343998269]",stable,0.08659368588890132,4050,"[0.370054134233901, 0.2969646628963372, 0.8735629587937578, 0.41773009250150894]"
"[0.2997990735602859, 0.30100834749989536, 0.8406466207497356, 0.3798202715492294]",stable,0.09336579770569778,4051,"[0.3892718921408771, 0.2813441321290425, 0.8362208091786522, 0.39729933737815387]"
"[0.29995228044141703, 0.30097467589823296, 0.8406390423052646, 0.3798502014564707]",stable,0.33057287444053,4052,"[0.5734114468465809, 0.359399568775442, 0.713133361359678, 0.5016177786014407]"
"[0.4911628979902863, 0.5050801195812736, 0.7727559115729464, 0.5436268659966482]",stable,0.20441323182123763,4053,"[0.660131799904032, 0.42345423184492176, 0.6972511919842521, 0.5731316334207635]"
"[0.6453602966711907, 0.593822605199608, 0.6883192397009583, 0.6342224186298383]",stable,0.24630302380659028,4054,"[0.7050577401879679, 0.40398682774506356, 0.5611743442484806, 0.5642370777902156]"
"[0.6458160023468913, 0.5923734771274358, 0.6873486679799471, 0.6336881793867877]",stable,0.2679790015178793,4055,"[0.7424181407727757, 0.4635038212543259, 0.4873647360222992, 0.5570082546347974]"
"[0.7436228799368876, 0.6214383303588129, 0.4722115879159112, 0.6398439215700561]",stable,0.16592292764687866,4056,"[0.8364012486853113, 0.4901660495786409, 0.4338815684173884, 0.6249781852846448]"
"[0.743811453857108, 0.6211715167799915, 0.472133681372215, 0.6398137066589069]",stable,0.19417140766474847,4057,"[0.901873577775918, 0.5220528945703087, 0.48051318868503284, 0.6929567506555889]"
"[0.7441320666845295, 0.6209704648079637, 0.47215067834445196, 0.6399215018799955]",stable,0.19994654124859124,4058,"[0.9277098115163599, 0.5651837936528132, 0.4383507097142871, 0.6849019465394353]"
"[0.9106639817857404, 0.6909000636578728, 0.38100590169294263, 0.7287347671327299]",stable,0.11744169149913053,4059,"[0.9162390570584055, 0.5865367910747062, 0.41197462213071917, 0.6850230395523702]"
"[0.9106709245942992, 0.6907700969423272, 0.38104446796995106, 0.7286803316064778]",stable,0.12194027606524625,4060,"[0.9296294360259875, 0.5966235731095374, 0.3835305266590246, 0.6535786849297275]"
"[0.9106945048323982, 0.6906529992758685, 0.3810475600827484, 0.7285869215981734]",stable,0.13950109147013637,4061,"[0.9072624396110267, 0.5593324183285043, 0.3691575348753152, 0.6831742827198944]"
"[0.9106902413973407, 0.6904898681194122, 0.3810327898650995, 0.7285305083821755]",stable,0.181277426505412,4062,"[0.8450172142439168, 0.5574590759380275, 0.3331055320356521, 0.6360408054230157]"
"[0.9106087612147682, 0.6903248175087653, 0.38097332676605544, 0.7284157568896703]",stable,0.28602667630781003,4063,"[0.7450507693216152, 0.535445724914821, 0.48913194364092943, 0.5916093566264148]"
"[0.7441339264064669, 0.6207973378041315, 0.4721850533754165, 0.6398237040151097]",stable,0.14148903739427082,4064,"[0.7055842610796544, 0.5918096749871395, 0.604016687880254, 0.6221260613997937]"
"[0.6462687921857758, 0.5923692058991002, 0.686717365100404, 0.633600587583856]",stable,0.1299890952461213,4065,"[0.6355902243901644, 0.5025642996861116, 0.6216757412136906, 0.5666095504595111]"
"[0.6461885022023502, 0.591693981040356, 0.6862283303343385, 0.6330968955754023]",stable,0.235439096818226,4066,"[0.49417862560255665, 0.5509395802151166, 0.5436140827130251, 0.5314857696320295]"
"[0.4743774612780993, 0.6200405154623145, 0.40220719539354927, 0.4943364822843971]",stable,0.13389455798801808,4067,"[0.47685766889217046, 0.545268024313439, 0.5131864570899293, 0.49811527438182435]"
"[0.47438689172530113, 0.6197562094123188, 0.4026291697726229, 0.4943508503151858]",stable,0.12610221614172057,4068,"[0.4172278142745975, 0.5431508065028201, 0.4828495363346686, 0.4761598136607764]"
"[0.4741703800682909, 0.619466037431601, 0.40293303479747916, 0.49428194487331306]",stable,0.17397704876671127,4069,"[0.3468881142587939, 0.5471921540040375, 0.4244716100259539, 0.4027406216394779]"
"[0.20987019591641157, 0.6087224379132211, 0.3594290728756139, 0.3519018798562039]",stable,0.1693096347720547,4070,"[0.3391552690971246, 0.6074749327346827, 0.4288463733752402, 0.43634597024433186]"
"[0.473660889083494, 0.6194207879799145, 0.40303082098079146, 0.4940633185539584]",stable,0.18623341619101036,4071,"[0.3100810975037648, 0.5931757458994148, 0.42028159293433476, 0.4107677861040961]"
"[0.2099829190903006, 0.6087049500706859, 0.3594975234043638, 0.3519680957237493]",stable,0.05596290309142099,4072,"[0.2640586342940929, 0.6120185907406239, 0.3672984091425861, 0.3636226877298153]"
"[0.21004367832086665, 0.6087086732624499, 0.3595062884445191, 0.35198119077094714]",stable,0.0587881862545153,4073,"[0.2524719603366077, 0.6319341107349633, 0.3385068796183628, 0.37797148918113566]"
"[0.21009129704366772, 0.6087347399711732, 0.3594827200844448, 0.352010360578366]",stable,0.07811515570155875,4074,"[0.18696622010559846, 0.6118957233436052, 0.2918965878957614, 0.32055672347897535]"
"[0.2100653720695219, 0.6087382836745056, 0.35940695087795527, 0.35197509865336674]",stable,0.07397270623019235,4075,"[0.17880690211085196, 0.64499907611653, 0.31047788930688686, 0.32393992096332364]"
"[0.21003036818378992, 0.6087788892651461, 0.3593521590956808, 0.35194370427745403]",stable,0.12721488457804503,4076,"[0.15260031124286844, 0.6324718568803691, 0.26563800553220324, 0.29243138517096334]"
"[0.20996612874649584, 0.6088053914660579, 0.35924733342055387, 0.35187713568784945]",stable,0.11551609992340237,4077,"[0.1538726971792686, 0.6528922087862756, 0.26942896674455813, 0.3382202757721731]"
"[0.20990345452128106, 0.6088546504798236, 0.35914697770359744, 0.35186187662649115]",stable,0.08522970361772997,4078,"[0.15688748221371354, 0.6480861442091016, 0.30625095954324455, 0.34107715495189234]"
"[0.20984428490933066, 0.608898435629075, 0.3590879419690435, 0.35184984010676507]",stable,0.07251937537078185,4079,"[0.15850693246645323, 0.6354517832264648, 0.3330760890288401, 0.31661009995003897]"
"[0.20978705263235978, 0.608928038023275, 0.35905894324781695, 0.3518105538858545]",stable,0.053472963697466326,4080,"[0.17964155492096623, 0.6132257415683198, 0.32986866491051375, 0.31894622353891766]"
"[0.20975348303579922, 0.6089328238846836, 0.3590264373699358, 0.351773956636025]",stable,0.11680493059965076,4081,"[0.12199268184484155, 0.6217507881117942, 0.30617672772438703, 0.29714757500439815]"
"[0.2096558625672887, 0.6089470819094078, 0.3589676501511977, 0.3517131931414403]",stable,0.13888286100254613,4082,"[0.09242504697547958, 0.6323631542072143, 0.32176716076429285, 0.29160332620222246]"
"[0.20952560610552, 0.6089730997675166, 0.35892631627410115, 0.35164640440039674]",stable,0.17249628660955313,4083,"[0.08386932660441808, 0.6525726931786504, 0.2721145015202364, 0.2843541122002455]"
"[0.20938614297621802, 0.6090214899932781, 0.35882996575828113, 0.3515717181715397]",stable,0.12878677267788588,4084,"[0.137932148657676, 0.6730982917701456, 0.2793289236124035, 0.3191046997608719]"
"[0.20930692568761652, 0.6090925285761793, 0.35874182713062497, 0.35153572369436603]",stable,0.12924676334310609,4085,"[0.12982234988247834, 0.6768436817769998, 0.29312611498713764, 0.3129185305854919]"
"[0.20921890290156434, 0.6091675575387494, 0.35866916299757573, 0.3514929582534924]",stable,0.1759192120083004,4086,"[0.07838402026000088, 0.6701639959843091, 0.2784246504493941, 0.29091197657894846]"
"[0.2090741740490847, 0.6092350314750831, 0.35858039694387195, 0.35142594389323295]",stable,0.17316826558165402,4087,"[0.08320520940736552, 0.6431295127086007, 0.2598990668250982, 0.29435220936954665]"
"[0.20893509232019886, 0.6092724839405345, 0.3584713568000943, 0.3513628789932068]",stable,0.10578030522315626,4088,"[0.13670494539668576, 0.6576880300334802, 0.3011879746707333, 0.3327395635833431]"
"[0.20885536809622143, 0.6093259227331315, 0.35840813010900224, 0.3513423234574343]",stable,0.09592142572612032,4089,"[0.15367694673815796, 0.6704747709952171, 0.3094515043595698, 0.3468335673968281]"
"[0.20879453190949812, 0.6093933415294513, 0.3583541536748794, 0.35133735239231784]",stable,0.07641764222183473,4090,"[0.18738389149738044, 0.6674153473136564, 0.31540624141107193, 0.3643820523446091]"
"[0.20877095190904424, 0.6094572424168789, 0.35830685421203384, 0.3513517188019569]",stable,0.11523536838086253,4091,"[0.20950855998191822, 0.718651972888288, 0.3634714898744144, 0.3878000855137195]"
"[0.20877176335906938, 0.609577368633019, 0.3583125358794292, 0.3513918160150612]",stable,0.13259282253292673,4092,"[0.23980882542883086, 0.5544647485985132, 0.46763205003069686, 0.39175764691186]"
"[0.20880587002068451, 0.6095168053142999, 0.35843266721366135, 0.3514361740709917]",stable,0.2753561539668529,4093,"[0.2816800817962244, 0.484586662295347, 0.5887099653186507, 0.3947395934306776]"
"[0.26897721360137294, 0.4865215156825714, 0.5851593597429787, 0.3829161801535042]",stable,0.10802457762020254,4094,"[0.26554738883576484, 0.46504034026034907, 0.6908983455269747, 0.386836851008344]"
"[0.2689676597719423, 0.486461679539334, 0.5854538973078366, 0.3829271012422364]",stable,0.13951911937625047,4095,"[0.22578710876734562, 0.38930398937755384, 0.6707043337077547, 0.3530310977883483]"
"[0.26884771379692957, 0.48619179706666243, 0.5856907040756141, 0.38284405678819783]",stable,0.2239016197658093,4096,"[0.1709070456970652, 0.3712401461462164, 0.747827105117949, 0.35063433351077283]"
"[0.2997316902965549, 0.30109478781318677, 0.8404803894211837, 0.3798002598018627]",stable,0.12404462463292686,4097,"[0.24319906718803702, 0.34560314672899756, 0.7406003614051503, 0.3644993639152902]"
"[0.2996352182434687, 0.3011707406441011, 0.8403099456873679, 0.3797741490580289]",stable,0.08442525025248754,4098,"[0.2533762995814997, 0.30712013154883827, 0.7777069363511777, 0.34763066924740493]"
"[0.2995564125898708, 0.3011808758926611, 0.8402032966084307, 0.3797193901486411]",stable,0.2037188878430267,4099,"[0.22612614704682732, 0.375772944781656, 0.6700142743219506, 0.33995632539868487]"
"[0.26872937150676307, 0.4858859276697511, 0.5859242873726953, 0.38272525420817144]",stable,0.10421771919987675,4100,"[0.24436478903951528, 0.3951045718038468, 0.602702576152718, 0.34095284023455424]"
"[0.26866206603033416, 0.48563515044360217, 0.5859706362367285, 0.38260986079940457]",stable,0.10584260134150246,4101,"[0.17404473115745447, 0.4996548273751988, 0.5993580949643215, 0.3393150480865608]"
"[0.2684014122152573, 0.4856737721431382, 0.5860075162883197, 0.3824905913428953]",stable,0.18413844074041083,4102,"[0.1028525394219624, 0.5477728446163086, 0.5841646707616629, 0.33110143690816984]"
"[0.2679466076196714, 0.485844373990592, 0.5860024535258839, 0.38234941234719555]",stable,0.19535788633187406,4103,"[0.14201159130102045, 0.5167551360266408, 0.472434703018052, 0.2904148364150677]"
"[0.2087325502855367, 0.6094149813084957, 0.3585578066602085, 0.35136919126346605]",stable,0.16404709492131503,4104,"[0.15849630256387906, 0.4829923798912696, 0.4256487715099705, 0.28888801767173233]"
"[0.20867746668057874, 0.6092763600350118, 0.358631371314649, 0.3513006812047032]",stable,0.13534694583897605,4105,"[0.18862554710604468, 0.4938123167407216, 0.4205283621828291, 0.3238501166037002]"
"[0.20865550400853655, 0.6091498933939447, 0.3586991664853699, 0.3512706148688861]",stable,0.11714670837976401,4106,"[0.1772320966222948, 0.5139250332215755, 0.3627624937440334, 0.29084184581644307]"
"[0.20862112391292797, 0.6090457086453971, 0.3587036121388258, 0.3512045002419141]",stable,0.09723732973901969,4107,"[0.18263519961172986, 0.5214728728324947, 0.3490316319578368, 0.3193096533218827]"
"[0.20859272399565892, 0.6089500006281153, 0.3586930416686826, 0.3511696424857173]",stable,0.0853781751990899,4108,"[0.1616208947543036, 0.5507068256710744, 0.37763317590431406, 0.3146719172948615]"
"[0.2085414447060941, 0.6088864163759788, 0.3587137186711232, 0.3511297978075614]",stable,0.06398443482709788,4109,"[0.1627489771965797, 0.5992239512157495, 0.3634139777098033, 0.3077523595299283]"
"[0.20849150744599648, 0.6088758793365457, 0.35871884436255036, 0.35108249416712767]",stable,0.05044413496607403,4110,"[0.17758899970950545, 0.5972656559772771, 0.39685813459041563, 0.35157546732477146]"
"[0.20845784458353844, 0.6088632320344114, 0.35876039043033664, 0.3510830311749247]",stable,0.20985503706081216,4111,"[0.1705267470245974, 0.4538355760677714, 0.4897158541038262, 0.3134338500773308]"
"[0.2676797038920136, 0.4857566786538171, 0.5857386546233576, 0.3821606025875521]",stable,0.16542455000782275,4112,"[0.1673381698771469, 0.39677018053050933, 0.6650425728963681, 0.32658048028530995]"
"[0.2674055466952517, 0.48551354614528347, 0.5859553319956883, 0.3820087443298957]",stable,0.22110399922870114,4113,"[0.18403747370831638, 0.40241899117214724, 0.7682991631226319, 0.339785941661958]"
"[0.29935995180946, 0.30135304955810244, 0.8400810106671283, 0.3796514761206025]",stable,0.15925032595611424,4114,"[0.18861944667081632, 0.36835995676389544, 0.7575063658135385, 0.33735834130200076]"
"[0.29917193736949627, 0.30146681340734827, 0.8399408160239134, 0.37957967113788843]",stable,0.1193073669074539,4115,"[0.19991270130944197, 0.33387107290301377, 0.7941025809132953, 0.3444987358076336]"
"[0.29900370137617416, 0.30152173588106973, 0.8398631240999971, 0.37952021192546426]",stable,0.13186506151653837,4116,"[0.19238099819739615, 0.28081431594563766, 0.80893229605093, 0.31144319486810956]"
"[0.298823290710897, 0.3014866979454768, 0.8398107876735181, 0.3794050223872961]",stable,0.16858513089490604,4117,"[0.17825549588463974, 0.2741910353698205, 0.7724071994810636, 0.2866901028062273]"
"[0.29861962889531213, 0.3014405904073422, 0.8396969302610309, 0.37924840934746323]",stable,0.06363419752823794,4118,"[0.2829194194906621, 0.3553749739054864, 0.8098501110602218, 0.3809988892765885]"
"[0.29859315299412387, 0.30153154215017214, 0.8396465983568137, 0.3792513612529086]",stable,0.18409475461460628,4119,"[0.2545909695160252, 0.42137487461670503, 0.7111013228224444, 0.3465653653696406]"
"[0.2673706295912211, 0.485338781372726, 0.5862963292458975, 0.3819121683654263]",stable,0.07829723039375187,4120,"[0.20407562881232483, 0.4590427247317001, 0.5954607328643547, 0.3451871050546334]"
"[0.2671986323064958, 0.485267324697071, 0.5863212325165997, 0.38181237199773393]",stable,0.15873812845578986,4121,"[0.14418304528969159, 0.5108832858291109, 0.525169469373061, 0.3065179952071909]"
"[0.2668652567319245, 0.4853367446459384, 0.5861555095812513, 0.38160832219613355]",stable,0.13997231873693103,4122,"[0.22281229199063154, 0.48445130126480324, 0.4608864586105688, 0.3373537499010726]"
"[0.26674619466505617, 0.48533435155571913, 0.5858169445786278, 0.38148871524398476]",stable,0.16036699071688285,4123,"[0.20731968742709683, 0.5243470945922144, 0.4481123723287068, 0.34023924723141213]"
"[0.20845660611002761, 0.6087712667053122, 0.35885761783174946, 0.3510712316276521]",stable,0.08654977080321515,4124,"[0.2208465227813002, 0.5352084289038173, 0.3921921598986721, 0.32252880722558874]"
"[0.20847007341075724, 0.6086913070990063, 0.35889385102964827, 0.35104020725330204]",stable,0.07230509581622702,4125,"[0.16158412664389876, 0.5851609696818956, 0.36292384871837075, 0.3014436628531637]"
"[0.20841916575954458, 0.6086657584156, 0.35889822670574895, 0.3509863564993388]",stable,0.10115207343493794,4126,"[0.15463192931838524, 0.5511743097272759, 0.3196895713287311, 0.3010254735262173]"
"[0.20836082819290558, 0.6086034032651788, 0.35885570104915787, 0.3509321689906912]",stable,0.12611409532053883,4127,"[0.16088456346538013, 0.5289736831266169, 0.3142718367843858, 0.2779790604625787]"
"[0.2083093912863752, 0.6085171305456354, 0.35880739783760335, 0.350853129869859]",stable,0.151551217159732,4128,"[0.12930601173205525, 0.5204015485116681, 0.3217831942898198, 0.26372626836286006]"
"[0.20822388979335107, 0.608421767361616, 0.3587673283532443, 0.35075883672969993]",stable,0.1309574936496523,4129,"[0.12245591239260119, 0.5592151035218779, 0.3284399332869885, 0.27043030793798467]"
"[0.20813116765562054, 0.6083685709682758, 0.35873454198019966, 0.3506719950769521]",stable,0.15467004163821796,4130,"[0.09504513208605607, 0.5668762678076664, 0.30712173797797016, 0.2685204425597732]"
"[0.20800904450705732, 0.6083237628655105, 0.3586788046108668, 0.3505832784975599]",stable,0.13719994907296848,4131,"[0.13177616473453893, 0.5969625011691276, 0.27107367731913173, 0.2784123877445763]"
"[0.20792680839079783, 0.6083115069197754, 0.35858430069793074, 0.35050542424647796]",stable,0.09274414291620477,4132,"[0.1652881637740932, 0.6156087922388614, 0.28173120834837784, 0.3218039634161522]"
"[0.2078808615754781, 0.6083193703737831, 0.3585014848656575, 0.3504744959481694]",stable,0.16686455258062782,4133,"[0.10110668825122111, 0.621690517103502, 0.24879382529479344, 0.285447603930556]"
"[0.2077659270509095, 0.6083337634273135, 0.35838339265944563, 0.3504044992936833]",stable,0.14450362816419762,4134,"[0.12348860837069654, 0.6540186477493802, 0.25799029125028333, 0.3102454574398299]"
"[0.20767530627813507, 0.6083828869588426, 0.35827544308803794, 0.35036131752824895]",stable,0.14070367875926157,4135,"[0.10958974069407594, 0.6355086742399441, 0.2828416153483736, 0.2891185519361581]"
"[0.2075699512130609, 0.608412023142818, 0.35819441856844647, 0.35029553582514256]",stable,0.10153483561924159,4136,"[0.13036674948169857, 0.6048893161860037, 0.315977531746058, 0.29975531927064963]"
"[0.20748711515970109, 0.6084082434143235, 0.3581491214795812, 0.3502413081249768]",stable,0.08521744361180529,4137,"[0.16149391577585773, 0.6612363551272797, 0.3109719700480155, 0.33883318374733334]"
"[0.20743781912606352, 0.6084648651846483, 0.3580985564726878, 0.35022908076765885]",stable,0.07349051577533175,4138,"[0.164671856322791, 0.6666197548362487, 0.3608027145261093, 0.36374295043055294]"
"[0.2073920311573234, 0.6085271295204636, 0.35810145171685637, 0.3502435495788611]",stable,0.08298798007890434,4139,"[0.16722723423788263, 0.6717509336709024, 0.3905234873420484, 0.3652554155742142]"
"[0.2073490741552705, 0.6085947485623358, 0.358136127690787, 0.3502596050505139]",stable,0.05938749056116197,4140,"[0.18706381388532664, 0.6236665237466613, 0.4108328899239118, 0.3608083061018945]"
"[0.20732740186865734, 0.6086108508862507, 0.35819242765043785, 0.3502708750302696]",stable,0.24775083642400644,4141,"[0.24732122763646053, 0.4989513216004333, 0.5732008675537741, 0.3893493762348426]"
"[0.26669383626336185, 0.4853710549790202, 0.585782938980178, 0.3815099030094587]",stable,0.09635360442666402,4142,"[0.277545635117876, 0.4612729226698503, 0.677895669880938, 0.3714709601943448]"
"[0.26672300776565894, 0.48530627505345797, 0.5860305538481908, 0.38148291660404177]",stable,0.2138380839171584,4143,"[0.22037616678456023, 0.4237200397577679, 0.7849982314868051, 0.36742249905566277]"
"[0.2984614745661616, 0.30173724669159907, 0.8395545977391873, 0.37923144734348563]",stable,0.13045913212932228,4144,"[0.2657658845944749, 0.4183780581673506, 0.8204080051866338, 0.4237164183364402]"
"[0.2984065239947807, 0.30193328166886924, 0.8395224185920401, 0.37930621200061665]",stable,0.14645308340826566,4145,"[0.29364342139771127, 0.4449864293956296, 0.829886061118434, 0.40878087965853543]"
"[0.2983985322118997, 0.3021733037288135, 0.8395062502070173, 0.37935566614098226]",stable,0.2314612132933015,4146,"[0.38035680421750084, 0.4881957450021276, 0.8592766568723491, 0.4882680955146168]"
"[0.49095958405675827, 0.5050491390774587, 0.7729146652340463, 0.5435252902709932]",stable,0.1608160457593775,4147,"[0.39610893727318197, 0.4757642548962546, 0.8909561888222566, 0.49798684886280603]"
"[0.49078586492345505, 0.5049955037584456, 0.7731308585006913, 0.5434418865321503]",stable,0.1526693705153789,4148,"[0.38277376724182316, 0.5025487944760942, 0.8760620910079623, 0.5111851285394841]"
"[0.4905884022220261, 0.5049910307981488, 0.773319032600339, 0.5433829162250339]",stable,0.21691204129594757,4149,"[0.3050192283157726, 0.5499038229304252, 0.7176637772199027, 0.45677893821970855]"
"[0.266825678598233, 0.485479458827927, 0.5863834579322973, 0.3816847826137353]",stable,0.1257087491120524,4150,"[0.23066302592140672, 0.5996667233967445, 0.6068387782522819, 0.4138996958619477]"
"[0.26672898701353553, 0.48578477236955486, 0.5864381513021368, 0.38177091874541497]",stable,0.169873731275169,4151,"[0.2520573610250238, 0.6398808748333626, 0.597876155373907, 0.45080273196598286]"
"[0.26668986267756617, 0.48619569530945833, 0.5864686526463283, 0.3819550035806698]",stable,0.2258730420125079,4152,"[0.17709334079760103, 0.5899853449227592, 0.4149212422497287, 0.3291318174370269]"
"[0.20729513499451532, 0.608590973078392, 0.35825297067562384, 0.350248314669978]",stable,0.06989439063076545,4153,"[0.16661297340258244, 0.5757034999944085, 0.38328058050486413, 0.3112326712658322]"
"[0.20725176382011026, 0.6085559118064475, 0.3582796525624354, 0.35020672016741494]",stable,0.07169831712170356,4154,"[0.17287295264050961, 0.5772590431425892, 0.4041538751778009, 0.3206295713657669]"
"[0.20721515166762933, 0.6085225818078706, 0.3583285068996189, 0.3501752216063908]",stable,0.13558601446298102,4155,"[0.11997049389003106, 0.5407344766263992, 0.39013136543322324, 0.27830528357787443]"
"[0.20712233820190848, 0.6084504668023584, 0.35836233972784615, 0.35009876422550945]",stable,0.09011600310104954,4156,"[0.12820750189649416, 0.5842936543365282, 0.3658518124693761, 0.3146911543747637]"
"[0.20703847546407064, 0.6084247953757209, 0.35837029878495724, 0.35006113658486043]",stable,0.07930725323310826,4157,"[0.15942730046424436, 0.6311563757623377, 0.4154604967354438, 0.3343512358335088]"
"[0.2069879328154509, 0.608448926565091, 0.35843090409063716, 0.35004445940784196]",stable,0.030560949261823834,4158,"[0.1787533317849736, 0.6041579363948817, 0.36793043786036367, 0.3553477777982966]"
"[0.20695799156303255, 0.6084443762043591, 0.3584409778274025, 0.3500500832873652]",stable,0.04808968533456096,4159,"[0.17243900535170487, 0.5855076186901531, 0.34620667323713133, 0.32894832098071786]"
"[0.20692142484035106, 0.6084200787917381, 0.3584280177589806, 0.3500277297255997]",stable,0.16857963087418018,4160,"[0.12426646895475744, 0.5828949172693229, 0.23487688280070315, 0.2747227936788733]"
"[0.20683395927856735, 0.6083930680388043, 0.3582972758172258, 0.3499480419625873]",stable,0.186947612053223,4161,"[0.11323168391589415, 0.5741731488555287, 0.23585468441509025, 0.24982395574377358]"
"[0.20673501395577382, 0.608356894762712, 0.35816784390242434, 0.3498422025479796]",stable,0.21733571920594266,4162,"[0.11780056638259886, 0.5271073265314627, 0.2173233584718794, 0.236322083345879]"
"[0.20664110218431325, 0.6082710979641573, 0.35801911688507426, 0.34972232913805135]",stable,0.12114399493972332,4163,"[0.19324936382745556, 0.5598560011389756, 0.2642138186011371, 0.2918166017269651]"
"[0.20662697587802964, 0.6082200271869156, 0.3579201661484879, 0.34966124714711133]",stable,0.09830232188802122,4164,"[0.19453637400332052, 0.5722693636907673, 0.274359256804287, 0.31441514014732513]"
"[0.20661423551778232, 0.60818214450673, 0.3578321146107174, 0.3496241068868376]",stable,0.07685337095255021,4165,"[0.211184190311201, 0.5852083478051276, 0.30189761546737187, 0.30241083957082865]"
"[0.20661904599651224, 0.6081579615628336, 0.3577732361905665, 0.3495744087107155]",stable,0.11357273735895315,4166,"[0.14343190416856777, 0.6386902358405978, 0.27391503325974387, 0.31888672702145565]"
"[0.20655260315547339, 0.6081900670037146, 0.3576850572179789, 0.34954213985510113]",stable,0.1425363155592492,4167,"[0.15252321042795053, 0.6505322807917401, 0.23879268761575118, 0.31121242088147194]"
"[0.20649584959168396, 0.6082345441190381, 0.3575601702751194, 0.34950187754525486]",stable,0.11967693230684558,4168,"[0.14521086223587262, 0.6216176745445922, 0.2726825029226124, 0.29308032265720585]"
"[0.20643154215479434, 0.6082485872779316, 0.35747110661577786, 0.34944267339531987]",stable,0.15353606589765895,4169,"[0.1251314315836521, 0.6855828358557613, 0.26159031279097994, 0.3071354290407255]"
"[0.2063463219131055, 0.6083296504315772, 0.3573706026390223, 0.3493983261790153]",stable,0.2026760194747249,4170,"[0.06410763133921182, 0.6598955360385256, 0.2374125223123144, 0.28778061622606904]"
"[0.20619738087585535, 0.6083836461233122, 0.35724499208370636, 0.34933380501676087]",stable,0.17531979669211484,4171,"[0.07873661588596238, 0.6474093286431187, 0.26451658544258433, 0.28323370512260226]"
"[0.20606405371582406, 0.6084244679669522, 0.35714799584245, 0.3492646626528549]",stable,0.18409975070750909,4172,"[0.12620972074684628, 0.5764599371342597, 0.22242205733113998, 0.25792357673014876]"
"[0.20598061136162452, 0.6083910672032816, 0.35700721638737026, 0.34916921742200563]",stable,0.17376783510186558,4173,"[0.11503932415379814, 0.616591435053211, 0.2296927240847596, 0.274011271642287]"
"[0.2058856830868773, 0.6083996270862148, 0.35687432025761806, 0.34909076445146314]",stable,0.2088749424525539,4174,"[0.12472505283988448, 0.5697955116782583, 0.20006857625245325, 0.24438462994624655]"
"[0.20580105260695344, 0.6083593725341732, 0.3567108106184052, 0.3489815818294556]",stable,0.21492070427644852,4175,"[0.0954925392218617, 0.6238481933973582, 0.19917139635326445, 0.25430122281703843]"
"[0.20568614790551062, 0.6083755067225723, 0.356546707061879, 0.34888295645548434]",stable,0.17727198144816078,4176,"[0.09368625379125771, 0.603239629766031, 0.24082076179723583, 0.27497417832023663]"
"[0.20556960275034492, 0.6083701624177268, 0.3564262846422488, 0.3488060482576329]",stable,0.16393552353475294,4177,"[0.09155274655439127, 0.6186486782373077, 0.25613161438089743, 0.2878934583478434]"
"[0.20545108210980856, 0.6083808469456058, 0.3563220282282557, 0.348742729557103]",stable,0.09090569940771018,4178,"[0.156239190097032, 0.6443529713814268, 0.2994045921455523, 0.3125702593252684]"
"[0.2053999794182065, 0.6084182011765878, 0.3562629239332581, 0.3487051672827189]",stable,0.08198161690301298,4179,"[0.16221982676941857, 0.6120845164118746, 0.29375035617397144, 0.31812417756695177]"
"[0.20535518672873682, 0.6084220044081597, 0.3561980768712671, 0.3486734442643416]",stable,0.07556415501268691,4180,"[0.17118139206843008, 0.6153501198591449, 0.2987222560161181, 0.314168016943104]"
"[0.20531977347002148, 0.6084291838024095, 0.35613851643514777, 0.3486376873448377]",stable,0.10705448160498562,4181,"[0.12679281334619746, 0.5812014254849145, 0.3046038533826552, 0.3050830521553002]"
"[0.205238482621032, 0.6084009977171947, 0.3560851679226711, 0.34859259973076984]",stable,0.10370108866442056,4182,"[0.10779200257328568, 0.6060055069757206, 0.3354834995613613, 0.319818788698369]"
"[0.20513771066648417, 0.6083985204775448, 0.3560638631984091, 0.3485628439799607]",stable,0.12972778994716316,4183,"[0.10055781104435557, 0.6530830302742918, 0.3038192136100742, 0.3144141214091629]"
"[0.2050296735800977, 0.608444682161219, 0.35600989145296663, 0.3485275663739992]",stable,0.1912343310381528,4184,"[0.06763961486553016, 0.6104129746375898, 0.24989252545407542, 0.2683417098143644]"
"[0.2048878881737875, 0.6084467134228047, 0.35590037920735373, 0.34844481523203874]",stable,0.18159430120716,4185,"[0.08256704603785776, 0.6167466569031064, 0.25106718498830416, 0.26504688877023436]"
"[0.20476178421282262, 0.6084552700655679, 0.35579230374939597, 0.3483588379882637]",stable,0.12009402846601178,4186,"[0.12117931704841726, 0.5908571821156408, 0.3116581591761753, 0.2763933501541426]"
"[0.2046757054618809, 0.6084371463910572, 0.3557468514892793, 0.34828472317072084]",stable,0.08472144575775876,4187,"[0.14465805827998035, 0.6377779006028979, 0.306872466956447, 0.3302286971170467]"
"[0.20461395891128226, 0.6084673323521805, 0.35569656920066534, 0.3482661470122294]",stable,0.07165041157725513,4188,"[0.16517285518739655, 0.6598541594714532, 0.3853203716764067, 0.34051984843006866]"
"[0.2045734233473317, 0.6085201451241428, 0.3557270150408254, 0.34825818575983253]",stable,0.11183793189836226,4189,"[0.10954066137575841, 0.6361429417213971, 0.31481108012204384, 0.31601900864214294]"
"[0.20447585377651897, 0.6085485052849202, 0.35568500689409155, 0.3482250859886644]",stable,0.0618912495229147,4190,"[0.15881959843209872, 0.62943280870546, 0.32045145349244214, 0.3399500814107361]"
"[0.2044290268479606, 0.6085699250833002, 0.3556488699162437, 0.3482165988044819]",stable,0.09038065868189891,4191,"[0.21670498145869338, 0.6611076725329671, 0.28595561783197804, 0.32820160170222995]"
"[0.20444160467030767, 0.6086237547425724, 0.3555774628956656, 0.3481960916353198]",stable,0.0647799838128691,4192,"[0.20071201428355842, 0.6344511893271909, 0.3027036709334083, 0.32136621640915014]"
"[0.20443778727994252, 0.6086501901925054, 0.35552334437779226, 0.3481686301458355]",stable,0.061877108859568125,4193,"[0.21671189484177367, 0.6060322239644577, 0.2970500834925329, 0.3322894960808858]"
"[0.20445033749217345, 0.6086475133354216, 0.3554635557674801, 0.34815239381243573]",stable,0.06437724773009536,4194,"[0.18640058392203013, 0.6264354862001552, 0.2962892497495732, 0.347361223779022]"
"[0.2044319005630926, 0.6086656828684806, 0.3554031121453985, 0.3481515856714415]",stable,0.057831499937827394,4195,"[0.24244458094766316, 0.6161420302166083, 0.3177751918430697, 0.36883400233611463]"
"[0.20447068901246462, 0.6086733117943459, 0.3553647163083553, 0.34817269017824215]",stable,0.22409882549047738,4196,"[0.34913521519554785, 0.598986267250654, 0.4883007540954152, 0.4555348319039053]"
"[0.4731927474523363, 0.6193439664734135, 0.4033513846391171, 0.4939184746191838]",stable,0.22315977383939498,4197,"[0.40814126660135897, 0.6185752965979208, 0.6147793432272555, 0.5233500388491021]"
"[0.49043795124461614, 0.5051983013561776, 0.7730297265978334, 0.5433463598794575]",stable,0.24749535357971733,4198,"[0.5451932466712166, 0.643027439175234, 0.5782503900615771, 0.5796774277531983]"
"[0.6454348062655507, 0.5920770665488252, 0.685422524809915, 0.6326982428304605]",stable,0.15822998885230768,4199,"[0.6968652696231392, 0.6425885688313026, 0.5450301670586334, 0.6441092389845487]"
"[0.7440384341705409, 0.6208413604930753, 0.47233221522124114, 0.6398323616615126]",stable,0.1290717401808181,4200,"[0.7947417997971291, 0.6732399882482333, 0.56113501749683, 0.6986297165749794]"
"[0.7441406586980139, 0.6209470028877428, 0.47251125312905484, 0.6399509047157736]",stable,0.14279849079642426,4201,"[0.8169548273879048, 0.7098044357680798, 0.42079124024781994, 0.7071736888088018]"
"[0.9104927092521575, 0.6903489558213542, 0.3810226674271233, 0.7283894346243904]",stable,0.11366226320916814,4202,"[0.8418085296706257, 0.6368621385967006, 0.42443097103906047, 0.6695976570211194]"
"[0.9104077040794081, 0.6902827592653832, 0.38107639057515785, 0.7283166725233963]",stable,0.12381630500247669,4203,"[0.834953698170953, 0.6170213952843145, 0.4042487416078441, 0.6672185132050952]"
"[0.7443233811114404, 0.6209391042808949, 0.4723739040113059, 0.6400057691191727]",stable,0.1462093130869494,4204,"[0.8573359490204789, 0.6319351383967254, 0.4109815173529707, 0.7086744287979483]"
"[0.9103421024044279, 0.6902106361246307, 0.38111335612123676, 0.7282923928648976]",stable,0.243678470167491,4205,"[0.7017143634896477, 0.6543711470109852, 0.3758768174667789, 0.6077031186259821]"
"[0.7442378208350914, 0.6210062368968188, 0.4721801347612165, 0.6399409043591462]",stable,0.2296256070016601,4206,"[0.5854976530805487, 0.6639596441438161, 0.3356139614847651, 0.5560709833228156]"
"[0.473613365076412, 0.6195110663897822, 0.4030976864250559, 0.49415125555065814]",stable,0.10052115863240732,4207,"[0.5119806408361325, 0.6874418427385381, 0.34339446927721506, 0.5154442349202114]"
"[0.4737565265531274, 0.6197645394358595, 0.40287491322674307, 0.4942307069662162]",stable,0.10564581836359171,4208,"[0.4445905440470009, 0.6777142525744634, 0.32030745966545776, 0.48261904206733747]"
"[0.4736481028263388, 0.6199799658787539, 0.40256797102019554, 0.4941875409256999]",stable,0.15731809740540242,4209,"[0.3632694972013546, 0.6799589406749896, 0.32551389436320416, 0.4391353925164787]"
"[0.47323929317587593, 0.6202021102298512, 0.40228258555109553, 0.4939836440797398]",stable,0.20442323720716554,4210,"[0.3070396699786155, 0.6684857388897042, 0.3252215732449466, 0.41719278039704183]"
"[0.2045752445486177, 0.6087342826680415, 0.35533398935314287, 0.34824304704900544]",stable,0.12284635211528827,4211,"[0.3039555614709228, 0.65439972136088, 0.3472293247017208, 0.40359429776960065]"
"[0.20467644650067707, 0.6087807851514354, 0.35532573613048357, 0.3482994128847698]",stable,0.08164605252174023,4212,"[0.2685895929315351, 0.5876718028133171, 0.3518238815473501, 0.39437907743235584]"
"[0.20474146496093226, 0.6087593111103997, 0.35532217371483443, 0.34834628945094226]",stable,0.12508789322427719,4213,"[0.26638943592778175, 0.68422449115319, 0.3364783226297756, 0.424480543137125]"
"[0.20480411533793108, 0.6088360033665406, 0.3553030234596667, 0.34842366165997296]",stable,0.08394433991294324,4214,"[0.23163938012661567, 0.6747962698331998, 0.3749806310342376, 0.3882803521263105]"
"[0.20483135926157442, 0.6089029681040703, 0.3553230007262399, 0.34846412530511645]",stable,0.051306641757239105,4215,"[0.21206059343087588, 0.6429148142705091, 0.38647959699280116, 0.36973782952333095]"
"[0.20483869114207065, 0.6089374628770586, 0.3553545997082546, 0.3484857010700436]",stable,0.20656244480884586,4216,"[0.32506434849732, 0.6336392835215969, 0.48767841489542146, 0.4489549148126784]"
"[0.4726925221623019, 0.6202516938951343, 0.4025976993125137, 0.4938174864071676]",stable,0.1904666879163373,4217,"[0.379191180991752, 0.5915391150959528, 0.5660309438729899, 0.49334759677733464]"
"[0.4723487672315278, 0.6201461329436667, 0.4031985568292802, 0.4938157588717638]",stable,0.26830551753192045,4218,"[0.40203857221255046, 0.5716330508415245, 0.6571856473100368, 0.507282976421644]"
"[0.49027693233927544, 0.5053193118288285, 0.772818717345943, 0.5432806706564013]",stable,0.2678354193555405,4219,"[0.5651686688755783, 0.5957361585527188, 0.5325179009626344, 0.5576803628044719]"
"[0.47268876687124955, 0.6200567191180588, 0.40367225406053786, 0.4940496951499056]",stable,0.2733428245767937,4220,"[0.4529584739851748, 0.4716175144954137, 0.6315316102008764, 0.4747382570740819]"
"[0.49020908059681345, 0.5052580358336769, 0.7725618316965883, 0.5431560480862516]",stable,0.24236592893541012,4221,"[0.33565444732974614, 0.39603899155668965, 0.6738949091159003, 0.42830768022634413]"
"[0.2668732791261092, 0.4859559168420307, 0.586701169285875, 0.382078281976004]",stable,0.24239125701820616,4222,"[0.3353173542907672, 0.3496386242402738, 0.7727616593262937, 0.4115404583614472]"
"[0.2984603727848961, 0.3022528101283302, 0.8393944502222924, 0.3794095770157234]",stable,0.07302079777347889,4223,"[0.3231914481817684, 0.3131964554120457, 0.775128830619484, 0.4011023772536101]"
"[0.29850172909826883, 0.30227111053850364, 0.8392869826309834, 0.3794458526014055]",stable,0.051851487866794436,4224,"[0.27278917093967625, 0.316822482819779, 0.8102978138589494, 0.3482156299704414]"
"[0.2984588032916602, 0.30229540331359755, 0.8392385866897948, 0.37939371533490973]",stable,0.11276626870365371,4225,"[0.36541760498048675, 0.3653624772433184, 0.8391638721355735, 0.4446262903064647]"
"[0.2985704012944749, 0.30240051510348037, 0.8392384621655379, 0.3795024362931957]",stable,0.18019469548595968,4226,"[0.31175720349466773, 0.4074241487613528, 0.6934366531516436, 0.3766554395275443]"
"[0.2669923346284131, 0.4857476097648937, 0.586984287280214, 0.38206389777852806]",stable,0.05701962320918152,4227,"[0.3046349249288258, 0.44812091120583436, 0.6074321259759535, 0.3814391781526105]"
"[0.26709191820063644, 0.48564806823431417, 0.5870383820915784, 0.382062245081105]",stable,0.125208941899114,4228,"[0.2690252480858202, 0.5223798716352479, 0.4683459090705061, 0.3666865228506557]"
"[0.26709701933489816, 0.4857449859213879, 0.586725209339544, 0.3820216758931618]",stable,0.1628269642655151,4229,"[0.22911074844384766, 0.5779135120059736, 0.458082510134192, 0.38708944229182535]"
"[0.2048632828921231, 0.6089060303027211, 0.35545868067119885, 0.34852481326986307]",stable,0.10823288767274555,4230,"[0.27877095628045373, 0.6081454196155806, 0.428132602742539, 0.37966861378387207]"
"[0.2049380882295607, 0.6089052604538474, 0.3555322372724857, 0.3485563353351606]",stable,0.03047800299760821,4231,"[0.20954484962282563, 0.6253046608877187, 0.3661341823912616, 0.3714985418832619]"
"[0.2049427462289472, 0.608921842254084, 0.35554295713610423, 0.34857953271286346]",stable,0.08567590140915968,4232,"[0.2568774132781578, 0.5999588791203002, 0.413461875738491, 0.3833389141882611]"
"[0.20499520548859287, 0.608912788755969, 0.3556014610942885, 0.3486146431992022]",stable,0.0918869763940607,4233,"[0.20123893607219057, 0.5909365185213913, 0.44451517446153305, 0.3627678108522394]"
"[0.2049914151057307, 0.6088946492300007, 0.35569118229849356, 0.34862892490218206]",stable,0.08092297172538887,4234,"[0.22279819906381387, 0.6255196439723646, 0.4298941942747484, 0.3698177984306732]"
"[0.20500936549278523, 0.6089114082972813, 0.3557659837218567, 0.3486502846537229]",stable,0.1252181812936175,4235,"[0.1549964755046713, 0.6247245582902899, 0.46926691226372147, 0.35541691372226164]"
"[0.20495900004466025, 0.6089273329196307, 0.35588028475764916, 0.34865709898309705]",stable,0.13423007522882788,4236,"[0.11240189063799205, 0.595743625874685, 0.45212972873516183, 0.3450337032288992]"
"[0.20486588424042818, 0.6089140696328652, 0.35597711518418584, 0.34865345371573875]",stable,0.10732395373043652,4237,"[0.1591351330718434, 0.6014923332020969, 0.4527289396740329, 0.351989878168338]"
"[0.2048199236864899, 0.6089066106012765, 0.3560743531987485, 0.34865680690614337]",stable,0.15537694672586844,4238,"[0.13582395015564058, 0.620952897249993, 0.49475978594830733, 0.35032681631577417]"
"[0.2047506506206959, 0.6089187052665865, 0.3562135956011075, 0.3486584836224181]",stable,0.07569604494344918,4239,"[0.1678752261199149, 0.6475293047260363, 0.40949909403654083, 0.3549807896761652]"
"[0.20471366423704415, 0.6089574320463854, 0.3562670414370508, 0.348664824952462]",stable,0.022997566365274152,4240,"[0.1883779032980098, 0.6011669042631848, 0.3652260627874993, 0.33766143517615693]"
"[0.20469729573910925, 0.6089496259063221, 0.35627601841235185, 0.34865379951180436]",stable,0.07455455373162716,4241,"[0.2012799234051457, 0.6070731589016034, 0.2954823950165462, 0.3056733705418383]"
"[0.20469387494598215, 0.608947747560972, 0.35621516393447816, 0.34861077605938195]",stable,0.11227642906883327,4242,"[0.17548548240595072, 0.5554507645954214, 0.28435834230684975, 0.2875572231010572]"
"[0.20466466655344212, 0.6088942505780065, 0.3561433071128505, 0.34854972250642363]",stable,0.08765480072567805,4243,"[0.192187170308011, 0.5752414287718562, 0.2811404983739412, 0.32080548989022645]"
"[0.2046522015222279, 0.6088606313754029, 0.35606837923199247, 0.3485220059903235]",stable,0.11631912339412463,4244,"[0.16532450938162532, 0.5834054787717443, 0.2715345988819012, 0.2837953014262987]"
"[0.20461295232847482, 0.6088352270314871, 0.35598401418174286, 0.3484574084807786]",stable,0.10502006161278264,4245,"[0.1825952618172775, 0.5824481288150689, 0.2635143689039838, 0.3124362980644088]"
"[0.20459100049346865, 0.6088089188577916, 0.35589182111566336, 0.3484214951104732]",stable,0.10735193286308146,4246,"[0.15234730177743033, 0.579344397826059, 0.28651865663190945, 0.2926161236504787]"
"[0.20453896493697857, 0.60877957172529, 0.35582272433828915, 0.3483659120711704]",stable,0.07686858401288216,4247,"[0.15365785944267218, 0.6058178281036888, 0.31023545232732297, 0.31325293701719825]"
"[0.20448833697131258, 0.6087766247167112, 0.3557773638686265, 0.3483309737875346]",stable,0.0719672691479926,4248,"[0.19323138246160237, 0.6676016891672324, 0.33465732348336746, 0.3821854342071452]"
"[0.20447714715569656, 0.608835098935847, 0.3557563697926968, 0.3483646263326833]",stable,0.09117623818811342,4249,"[0.18089011816741937, 0.6666964205399329, 0.29320370330881773, 0.3706354559451357]"
"[0.20445372408818088, 0.608892558043696, 0.35569425195110405, 0.34838674235017336]",stable,0.06217844915386546,4250,"[0.16445350042675727, 0.5930320583188492, 0.3275076409734572, 0.31345679593897985]"
"[0.204414041326612, 0.6088768234209531, 0.35566628904338815, 0.3483520896255591]",stable,0.07317235990536687,4251,"[0.21985713862325704, 0.5640070165874733, 0.30405457160672683, 0.32740844958922966]"
"[0.2044293466757663, 0.6088323538403451, 0.3556151376881487, 0.34833133279698]",stable,0.06526690494473936,4252,"[0.1895955287562057, 0.5894348923656916, 0.3060980715322061, 0.3135243597220011]"
"[0.20441465972733108, 0.6088131484329444, 0.3555661108899745, 0.34829687044740076]",stable,0.05634273979626501,4253,"[0.19529757708862164, 0.5819163904330897, 0.32315096064149246, 0.3120035435762781]"
"[0.20440564184143717, 0.608786544320185, 0.3555340484268207, 0.34826097200341355]",stable,0.08456831687411817,4254,"[0.13074249843991462, 0.6217938309011449, 0.34177493949770127, 0.3112874823059913]"
"[0.20433285217404437, 0.6087993973701662, 0.3555204524693809, 0.3482244369345426]",stable,0.07708671633441676,4255,"[0.13197784644703706, 0.6078546572031712, 0.3499804547008468, 0.32223346018858173]"
"[0.20426142571231976, 0.6087984647540092, 0.3555149835673389, 0.3481987795043886]",stable,0.09680874862275286,4256,"[0.11869172741035892, 0.6014293484164739, 0.3716651960423639, 0.3065499223312299]"
"[0.20417703744969454, 0.6087911973808952, 0.3555309107985766, 0.3481577056807464]",stable,0.06992794842562779,4257,"[0.15035747076031294, 0.6465419972577989, 0.351447614014696, 0.3246720503053225]"
"[0.2041240132460597, 0.608828390287178, 0.3555268878460802, 0.34813456710402185]",stable,0.08545271772295061,4258,"[0.13341815401486695, 0.6423054514144176, 0.3373368794653942, 0.31895823405802953]"
"[0.20405442086492664, 0.6088613401504922, 0.35550898429452443, 0.34810585024078755]",stable,0.08074485243583834,4259,"[0.13677388865308318, 0.6029345098749762, 0.33205395289760675, 0.31058525102873824]"
"[0.20398826498271244, 0.6088555123921092, 0.3554859213334655, 0.3480689568295663]",stable,0.06903780456500103,4260,"[0.14120239972848958, 0.6141590651698627, 0.3494096841668193, 0.3205170920421858]"
"[0.20392658928010515, 0.6088607221689046, 0.355479952534677, 0.3480418921293822]",stable,0.05306337971259737,4261,"[0.1637150329737588, 0.6013353345982456, 0.3515574701779611, 0.3144750084489234]"
"[0.20388712749766516, 0.6088533370976871, 0.3554761031898716, 0.348008951124789]",stable,0.10423852057916909,4262,"[0.12576555102205636, 0.5893721490441737, 0.3221656796266804, 0.2907936782025709]"
"[0.2038105377168067, 0.608834237893713, 0.3554434459118685, 0.3479528577199633]",stable,0.07216842927807267,4263,"[0.14700242311734468, 0.5889966164297716, 0.32989057301285607, 0.31738097911594465]"
"[0.20375489803551441, 0.6088148082938463, 0.3554184186122612, 0.34792291464591435]",stable,0.09005556658319662,4264,"[0.13110428483709552, 0.6181856213912421, 0.3389960015580988, 0.29817971858346665]"
"[0.2036838113298408, 0.6088239773868966, 0.355402349711034, 0.3478742422427221]",stable,0.11547016775942046,4265,"[0.12499915732829361, 0.5981761270536021, 0.3238324139377391, 0.27020798634226495]"
"[0.2036068957345314, 0.6088135689310479, 0.35537148955876297, 0.3477983221489778]",stable,0.04050519255776129,4266,"[0.1671163455756175, 0.6208894453969639, 0.342871829095017, 0.34514463243235455]"
"[0.2035712604316418, 0.6088253617791591, 0.35535928285909135, 0.34779573065511393]",stable,0.17762407610139433,4267,"[0.2917367771305609, 0.5846392352092724, 0.4840444234536413, 0.429234787303585]"
"[0.2671618608027815, 0.4860052339458297, 0.5864549967451074, 0.3821459209231893]",stable,0.11413344904027244,4268,"[0.3275268800730547, 0.5583014134407689, 0.5581257858723563, 0.4400529747257334]"
"[0.2673202991735696, 0.4861949876977849, 0.586380641860927, 0.38229790794104374]",stable,0.2580576743604601,4269,"[0.4822950471808576, 0.5388132298531948, 0.53376057041414, 0.5041259412049112]"
"[0.4727238262884379, 0.6197602100331505, 0.40414702893774085, 0.49408646977054427]",stable,0.17819341964642457,4270,"[0.609776046456079, 0.5685672419572069, 0.4805517733641177, 0.5612517792771836]"
"[0.743968358361386, 0.6209011487306072, 0.47219691159208405, 0.6397832107217074]",stable,0.1372191678729342,4271,"[0.6833192111503353, 0.532994336841024, 0.46357991559624495, 0.5540573641074573]"
"[0.7438470600669639, 0.6207253351068279, 0.4721796776000924, 0.6396117590284789]",stable,0.1026369676638351,4272,"[0.7784081803887181, 0.5251211009479552, 0.47740252015602036, 0.6264805587838792]"
"[0.7439160443390632, 0.6205345082921396, 0.4721901024355334, 0.6395855490479508]",stable,0.0700499499808927,4273,"[0.8045065175356388, 0.5900849849383637, 0.4806369801457678, 0.6549890173137934]"
"[0.7440367424928412, 0.6204738518711161, 0.4722069288851553, 0.6396162332476835]",stable,0.178010381618766,4274,"[0.8695014565676067, 0.7028117010115993, 0.4060889667507058, 0.7088635809824712]"
"[0.9102916818540121, 0.6902261929948615, 0.3811441902084336, 0.7282684066773883]",stable,0.041428185256218955,4275,"[0.9121880203961773, 0.7281980260542797, 0.39115732680933113, 0.7152079540329913]"
"[0.9102940201259507, 0.6902730139974009, 0.3811565368626887, 0.7282523025434248]",stable,0.057822596677310156,4276,"[0.938856727289495, 0.7106412006965829, 0.3405204842529654, 0.7497342169107144]"
"[0.910329195873689, 0.6902980979711685, 0.38110649246292305, 0.7282787581029905]",stable,0.04779721146533683,4277,"[0.9403167773029831, 0.7107747675866785, 0.3568755533164757, 0.7477437516406723]"
"[0.910366080967698, 0.6903232845266611, 0.3810766881097294, 0.7283027002844635]",stable,0.07872102283641028,4278,"[0.9482466383235685, 0.7457379730338283, 0.39254309826741474, 0.7677969599505037]"
"[0.910412617278946, 0.6903913615395691, 0.3810907746086946, 0.728351219030982]",stable,0.07139699238364877,4279,"[0.9687468210755192, 0.7102667049237352, 0.3677153867828805, 0.7618283890834402]"
"[0.9104841929891259, 0.6904157484639668, 0.38107436308988996, 0.728392295313255]",stable,0.22009284715449492,4280,"[0.8321812365568884, 0.5559289276116809, 0.5205930916406375, 0.659418910713317]"
"[0.7442119800555929, 0.6203455319421709, 0.4723031240397388, 0.6396556023877742]",stable,0.18572874765013636,4281,"[0.682535415485385, 0.5188972096201522, 0.6104070673966937, 0.6032316018687237]"
"[0.6457096255931051, 0.5915349935345386, 0.6848668547550022, 0.6324799714159292]",stable,0.17861977102503465,4282,"[0.6012981588149863, 0.43717513443333816, 0.6689468851072761, 0.5559800845903601]"
"[0.49041069416889727, 0.5051344733991936, 0.7723737827917075, 0.5431793221996892]",stable,0.14128094470680794,4283,"[0.4962675721855357, 0.3957471597047359, 0.6964131474283338, 0.4963776150187624]"
"[0.4904213044551593, 0.5049363079758341, 0.7722361729450349, 0.5430945364982745]",stable,0.2459819267965297,4284,"[0.39468342360089037, 0.3096003624163975, 0.7502757999532867, 0.4303870528490899]"
"[0.2987303231285954, 0.3024124948827032, 0.839090437769178, 0.37958710287648334]",stable,0.07345787904743026,4285,"[0.3643757266439329, 0.272015734062779, 0.8336028933424726, 0.3911051226401692]"
"[0.298839368649385, 0.3023620019245306, 0.8390813222468745, 0.37960623579967884]",stable,0.05316751896789201,4286,"[0.3228485940734678, 0.2835272569365103, 0.7968600335613137, 0.39023437442803316]"
"[0.2988791849436206, 0.30233076685821547, 0.8390113035260028, 0.37962386123687347]",stable,0.07318162633951548,4287,"[0.2651916960058223, 0.260657090547778, 0.8189273990624241, 0.3340097734236451]"
"[0.298823410955313, 0.3022617707053836, 0.8389780520285466, 0.37954834122393766]",stable,0.05261969412350528,4288,"[0.3195223976428246, 0.2613736743018266, 0.8631926800473362, 0.38861473643739225]"
"[0.2988576241564494, 0.30219418707496454, 0.83901807620709, 0.37956332700115003]",stable,0.11028194139363333,4289,"[0.34677124450987973, 0.25062122684669, 0.9151343388438933, 0.4171523668621803]"
"[0.29893668953657054, 0.3021090831801984, 0.8391436806008801, 0.37962535511973255]",stable,0.0685690378910785,4290,"[0.3363614482947138, 0.2527948296226642, 0.8683272174268435, 0.3754389528942173]"
"[0.2989983448228278, 0.30202784058784665, 0.8391917589152557, 0.37961845824621443]",stable,0.05944028239984942,4291,"[0.33534091763710866, 0.25571007870804624, 0.8450703578241204, 0.3739200740605577]"
"[0.29905811879127225, 0.30195166005843904, 0.839201427663461, 0.3796090859038038]",stable,0.09829879541955405,4292,"[0.32821259511454365, 0.216004852099083, 0.8094971690465758, 0.3562965803998919]"
"[0.2991059914945945, 0.30181053229495897, 0.8391526521977518, 0.3795708059276069]",stable,0.07808496341242502,4293,"[0.30121265818560283, 0.22918481950132993, 0.8644602753357915, 0.3662346326049099]"
"[0.29910944504654696, 0.30169147374939564, 0.8391941401045354, 0.3795489433483894]",stable,0.0936856426674018,4294,"[0.2584624874847726, 0.24694792017379766, 0.896539541362944, 0.35057528670303045]"
"[0.29904291974775515, 0.30160187709869907, 0.8392879950984118, 0.37950152328841336]",stable,0.10205610315259007,4295,"[0.26464923546522495, 0.22266321354888816, 0.8716595334694927, 0.3353054423238625]"
"[0.29898672091722817, 0.3014728923543366, 0.8393408897689527, 0.3794293074698438]",stable,0.12114216252225439,4296,"[0.21397390023198232, 0.2424158155440961, 0.833828578967442, 0.31673863856319207]"
"[0.298848037686094, 0.30137655128286805, 0.8393318974185424, 0.37932703884193736]",stable,0.1607735829638264,4297,"[0.20054078894284544, 0.2926072571715522, 0.7289067395999032, 0.31677135304857984]"
"[0.2986879281604536, 0.3013622690449017, 0.8391520518846358, 0.3792251566175182]",stable,0.304257317342495,4298,"[0.1767524475318677, 0.3574788850807685, 0.5785019633294913, 0.29788199180813857]"
"[0.2670832105567065, 0.4858580345495728, 0.5863600170480174, 0.3820769238673974]",stable,0.16229839494813425,4299,"[0.1892908614805778, 0.3757893724254685, 0.5314413214064473, 0.31025808291882273]"
"[0.2668800973737401, 0.48557064900877883, 0.5862166261977784, 0.3818894073113959]",stable,0.20580107862212607,4300,"[0.217721714789594, 0.31394179973148645, 0.5927073772884679, 0.2797182488087519]"
"[0.2667520807524272, 0.48512369888045254, 0.5862335291954104, 0.3816233365861286]",stable,0.24548180906510986,4301,"[0.16702144983214973, 0.30431663578959106, 0.6765402931279012, 0.2843165322884791]"
"[0.29847383632577346, 0.3013670728932671, 0.8388876425208037, 0.37907083365112954]",stable,0.11857656518784358,4302,"[0.28780636557650274, 0.38132164754186004, 0.7521999920871122, 0.38532576247638795]"
"[0.29845651900312853, 0.3014968692806836, 0.8387469158155542, 0.37908098775636534]",stable,0.18996222773143057,4303,"[0.3627067207333859, 0.45068339477619873, 0.7692041843968873, 0.44882873796894424]"
"[0.49019035584083426, 0.5048382014420192, 0.772230690144767, 0.542924073933122]",stable,0.08738331466893405,4304,"[0.4301665899243172, 0.48571156455071657, 0.8241901322242157, 0.511821351419654]"
"[0.49008200969297055, 0.504803676826692, 0.7723244797514086, 0.5428679318347223]",stable,0.08386232070107096,4305,"[0.42195165556318337, 0.5215632366919848, 0.8088743700013858, 0.515040492941512]"
"[0.48995925229814213, 0.5048338742318547, 0.7723903354095166, 0.542817792305185]",stable,0.1219427666016038,4306,"[0.4342319902782262, 0.5899896179317005, 0.8300220693216531, 0.5773372528372345]"
"[0.4898590234096171, 0.5049870320442644, 0.7724939896072004, 0.5428798776658542]",stable,0.18203076369802026,4307,"[0.552769703947964, 0.6451974737230166, 0.6900516267610781, 0.5950501187931877]"
"[0.6450262438163026, 0.591929570594748, 0.6849049780785763, 0.6322047519113501]",stable,0.09084868846457225,4308,"[0.6598004136233551, 0.6462194464941107, 0.6135772717086528, 0.6317854893646505]"
"[0.6451340844718285, 0.5923258470611669, 0.6843843378860951, 0.6322016916007902]",stable,0.036082149896366995,4309,"[0.6249729077636806, 0.6220076357867839, 0.6869693083222391, 0.6294164015299306]"
"[0.6449879889884361, 0.5925409324867148, 0.6844030695559221, 0.6321815083394072]",stable,0.13467748096302629,4310,"[0.70937923661871, 0.6163925513460672, 0.5705492909876271, 0.6536339788421927]"
"[0.7441428674694085, 0.6203376887267024, 0.47249805691066715, 0.6396833372616918]",stable,0.11169250097213963,4311,"[0.7958396333525121, 0.6139846427484894, 0.5592019479886932, 0.6870619532120075]"
"[0.7442452373028404, 0.6203251084376367, 0.472669747784089, 0.6397771563031774]",stable,0.13124400597327676,4312,"[0.6309682565236049, 0.5971681748978346, 0.4933839138603089, 0.5812280787506303]"
"[0.7440213697518933, 0.6202793437468466, 0.47271068487119616, 0.6396614466637456]",stable,0.13440236505724967,4313,"[0.656311915140975, 0.6000763731238352, 0.568646609093017, 0.6121081215187061]"
"[0.6450694560830587, 0.5925951442898596, 0.6835702892648221, 0.632037095484582]",stable,0.09614388191416401,4314,"[0.6450474829744203, 0.5570288799546257, 0.6069165482563609, 0.5861798127766933]"
"[0.6450692991322827, 0.5923410995446079, 0.6830227625433332, 0.6317095434652399]",stable,0.14309642611619403,4315,"[0.5837801505860767, 0.4900712848251118, 0.7008474269649824, 0.5546161340633721]"
"[0.49002764302752816, 0.5049602533239427, 0.7723653602308229, 0.5429009481441263]",stable,0.15540085715807478,4316,"[0.5095748978776797, 0.5731044413261055, 0.634177082841027, 0.5481641094426518]"
"[0.49006267395019865, 0.5050823755246634, 0.7721177109881888, 0.5429103803328333]",stable,0.21628769954142132,4317,"[0.45581093968655656, 0.5979329421173353, 0.5838178747284414, 0.5038062677508414]"
"[0.4726623248826129, 0.6196808381498202, 0.40480037746788883, 0.4941218144904726]",stable,0.14820425712693133,4318,"[0.40084952332177154, 0.6387821212789194, 0.5313540122240332, 0.5147795461026121]"
"[0.4724021335726098, 0.6197500456973895, 0.40525890513004875, 0.49419666134413975]",stable,0.2952538532958834,4319,"[0.31815551756336347, 0.5043737910806098, 0.6176064099145903, 0.4236298389830169]"
"[0.26688559617271534, 0.48517369911993347, 0.5863150171972784, 0.3817324443845621]",stable,0.11724278100242082,4320,"[0.3110201659947726, 0.4740394522292209, 0.6875585293433064, 0.4194655762227398]"
"[0.26699993443650305, 0.4851448539207347, 0.5865773060888484, 0.38183019861212214]",stable,0.1286009187496065,4321,"[0.27199672586269946, 0.3769036618831624, 0.6549565321062469, 0.37081411154670263]"
"[0.2670128460422555, 0.4848651609180537, 0.5867539965953532, 0.3818017332708678]",stable,0.2100434747414988,4322,"[0.2329881802467935, 0.36121965281930424, 0.7502586129146163, 0.3511649552372297]"
"[0.2983504114848849, 0.3015936647159163, 0.8386034987930243, 0.3790357429710831]",stable,0.10455248362489426,4323,"[0.2181041266615654, 0.3093611179322073, 0.7843004294976681, 0.3405312115517172]"
"[0.29822056312756556, 0.301606233410441, 0.8385156297488571, 0.37897343790406146]",stable,0.23248381527696083,4324,"[0.4046778223480702, 0.4154476176582747, 0.6790104573314392, 0.4446530810944534]"
"[0.48990992824071355, 0.504922027120609, 0.7719511506059764, 0.5427346069889364]",stable,0.12872629415175457,4325,"[0.5434817023316082, 0.5006679958637271, 0.6555029051841297, 0.5316786953106974]"
"[0.4900055921230188, 0.5049144306362217, 0.7717432073105802, 0.5427148642895109]",stable,0.2675107985057227,4326,"[0.6209173651904142, 0.6095046740977612, 0.5708339964698084, 0.5985763444123497]"
"[0.6448980088206382, 0.5924628270237083, 0.6822270975357195, 0.6314745562379145]",stable,0.16961422741991677,4327,"[0.6978744841729717, 0.6561517187498063, 0.5378384290401458, 0.6640032617651181]"
"[0.74393035025371, 0.6203500979381739, 0.47283914196028676, 0.6397094581333735]",stable,0.08217610143713293,4328,"[0.8093344355262104, 0.6450479211381502, 0.4510081042977206, 0.67697392647564]"
"[0.7440590984530654, 0.6203987157003785, 0.47279616747669906, 0.6397828133860158]",stable,0.14621848411990754,4329,"[0.8481366946648299, 0.6835942371057946, 0.44148197951377355, 0.7144383340902795]"
"[0.9104077867411795, 0.6904073887686749, 0.38114839203158585, 0.7283751948705798]",stable,0.04769139147192623,4330,"[0.8793972067610223, 0.7172581096941908, 0.4054296088318261, 0.7298831890027251]"
"[0.910369830094937, 0.6904402537881676, 0.3811781120031895, 0.7283770406406314]",stable,0.10106096755101364,4331,"[0.8662319147164576, 0.7156474404593898, 0.29884600595710964, 0.6992019546505535]"
"[0.9103158717631784, 0.6904710694197951, 0.38107746150680066, 0.7283413742763404]",stable,0.34539012663556473,4332,"[0.6393422381082822, 0.5642775331520709, 0.44076505347918526, 0.5659215103126668]"
"[0.7438533678826434, 0.6202884579743504, 0.4727332379796509, 0.6396377027709405]",stable,0.2523062050117945,4333,"[0.5400238151247352, 0.5547550122259457, 0.5412365248429981, 0.5250750487897079]"
"[0.47264625516666076, 0.6195154065873842, 0.4057497990640305, 0.49430813566704795]",stable,0.2985163256522439,4334,"[0.4825018642004234, 0.4745685938562869, 0.6665182105083876, 0.49204523412856255]"
"[0.4899922164939232, 0.5048603382355444, 0.7715556404713607, 0.5426245440931456]",stable,0.14593380273868722,4335,"[0.4591384856686991, 0.4123876215351172, 0.6938621756100903, 0.46674803745352916]"
"[0.48993731661700995, 0.5046957960350099, 0.7714173958719635, 0.5424895325154951]",stable,0.18383473296732245,4336,"[0.6122681409815324, 0.53139418553476, 0.6421177035078816, 0.5798949333038376]"
"[0.6446682210189543, 0.5920327661681524, 0.6819446370143968, 0.6311113194566885]",stable,0.08068564789272122,4337,"[0.7060620305981311, 0.6030670139814671, 0.6318117695934526, 0.641402815974317]"
"[0.6450975483586688, 0.5921099287402735, 0.6815940575219426, 0.6311832879638049]",stable,0.17450163240903563,4338,"[0.7852605674127204, 0.5953435253451785, 0.5848957484637362, 0.6691849811017705]"
"[0.7439345584699573, 0.6202395463417442, 0.47295316447079616, 0.6396956386108048]",stable,0.15441419093269584,4339,"[0.8384678204056629, 0.6532689403519762, 0.5676126782633835, 0.7093794985000369]"
"[0.7441195550686572, 0.6203041831206292, 0.47313840813770924, 0.6398320062426819]",stable,0.22529436193870075,4340,"[0.7360717331002186, 0.545548857389986, 0.6849708427264044, 0.6550452575080176]"
"[0.6457293135304851, 0.5917865879670076, 0.6816175074191958, 0.6313489960856397]",stable,0.14363465782180537,4341,"[0.598836065711906, 0.48237056109520116, 0.7526984908422616, 0.5938314655724194]"
"[0.4901307424590968, 0.5046561419765022, 0.7713841473727987, 0.5425807260022748]",stable,0.06024788501172839,4342,"[0.4911884369828144, 0.4580014718687519, 0.7811326353384391, 0.5057432767121611]"
"[0.4901326178039971, 0.5045734209302118, 0.7714014319259294, 0.5425154113758739]",stable,0.17562831794248815,4343,"[0.4121850975958663, 0.371019885757482, 0.7876193396673117, 0.4608458156375015]"
"[0.29840467384560804, 0.30171837178256866, 0.8384334063400016, 0.37910570345775035]",stable,0.11408115278587994,4344,"[0.39049468225061584, 0.32386880479264873, 0.8271416596736696, 0.44168201325315304]"
"[0.298553206117229, 0.30175409828742367, 0.8384151938453785, 0.37920663298967844]",stable,0.032425845157056224,4345,"[0.3012774067564774, 0.31510503882223156, 0.8642967629611089, 0.3932034516271475]"
"[0.29855759291374956, 0.3017755973865135, 0.8384568710903313, 0.37922917215012525]",stable,0.04393156942949106,4346,"[0.26455664708498794, 0.311902135128742, 0.8629772638408543, 0.3876030630022401]"
"[0.2985029290137033, 0.3017918779938161, 0.838496292943628, 0.3792426349971544]",stable,0.06467357522937905,4347,"[0.28272664348215015, 0.31400306575084436, 0.8992159936612256, 0.3891312641288916]"
"[0.29847760592296246, 0.3018114786162191, 0.8385937563476691, 0.3792585075960817]",stable,0.05357910375063237,4348,"[0.31118177240051076, 0.2780522466495921, 0.8845120738371111, 0.38528607162532136]"
"[0.2984979651641124, 0.3017734029239649, 0.8386673433949278, 0.3792681671538209]",stable,0.08815903034155317,4349,"[0.2725930090273045, 0.23950847749909884, 0.8696476781008857, 0.3316840752568892]"
"[0.2984565172342935, 0.3016737790432851, 0.8387169119304574, 0.3791920326067858]",stable,0.1497078522086378,4350,"[0.25217651396441426, 0.35114254108598275, 0.7058742153695005, 0.3659156677940902]"
"[0.29838258751660995, 0.30175280262482296, 0.8385047031500085, 0.3791708243562863]",stable,0.13464207132720699,4351,"[0.2847900354372325, 0.3933159503249221, 0.7408076489438804, 0.3752714036371523]"
"[0.2983609088051596, 0.3018988363532123, 0.8383488864766335, 0.3791646051844854]",stable,0.16021017630006393,4352,"[0.3749837477669693, 0.39662987986962017, 0.7670311741190807, 0.45490134948939953]"
"[0.29848291969522617, 0.3020496819639072, 0.8382353232403955, 0.379285205095799]",stable,0.1791616214413551,4353,"[0.38044296392157306, 0.4387644309002207, 0.8114983947864958, 0.4565875454746161]"
"[0.4899384768236742, 0.5044569448416631, 0.7714724000017887, 0.5423633266574646]",stable,0.10781463262283206,4354,"[0.4167341534648882, 0.44700282587871926, 0.7860863306324956, 0.4899173611797339]"
"[0.48980914056332303, 0.504355435797559, 0.771498219667214, 0.5422706659410729]",stable,0.08849719605244524,4355,"[0.4436270485616388, 0.4623568888681702, 0.8219378532472369, 0.5049754449653787]"
"[0.48972769066561284, 0.5042813642862197, 0.7715871784565967, 0.5422048895372357]",stable,0.10454566701917105,4356,"[0.48858791862770673, 0.47119296067099214, 0.8701455987326332, 0.5531544443717007]"
"[0.48972568402470107, 0.5042231100545027, 0.7717606968021531, 0.5422241669225076]",stable,0.15056720905058826,4357,"[0.5662421974907074, 0.5126157545722307, 0.6435649713361379, 0.5598629621912082]"
"[0.6451811265233143, 0.5912405822194573, 0.6813550761358643, 0.6308559889553332]",stable,0.03526982902518688,4358,"[0.6722446509432055, 0.5863368953582372, 0.6596690827960197, 0.6350030401331191]"
"[0.6453664931289299, 0.5912069953231476, 0.6812065419349065, 0.630884393415455]",stable,0.12932116513628433,4359,"[0.720555140381685, 0.6257962016689794, 0.5902101581152371, 0.6708077701841575]"
"[0.7440735308212217, 0.6203149097193564, 0.4733670638993841, 0.6398925057816301]",stable,0.10103687300829298,4360,"[0.7877840047916111, 0.6679371024403331, 0.5344371821807204, 0.687855111904813]"
"[0.7441587364235032, 0.6204077405043875, 0.47348610896425997, 0.6399860001405447]",stable,0.10520833796263207,4361,"[0.8132670658011184, 0.6633553348805271, 0.48885100727577985, 0.7048879047711]"
"[0.7442931884261834, 0.6204912961354695, 0.4735160017625314, 0.6401122684374914]",stable,0.2241033647743887,4362,"[0.9088826633354388, 0.6999638996703441, 0.47871269328026467, 0.769687430165951]"
"[0.9103141218139382, 0.6904826601771218, 0.3811966742440088, 0.7283918578610651]",stable,0.09748651259998041,4363,"[0.8702090558765041, 0.6969450071588121, 0.4686851544595259, 0.742505954577735]"
"[0.9102652131969414, 0.690490541088075, 0.38130336751256433, 0.7284090701741343]",stable,0.06791832692098043,4364,"[0.9020801704044216, 0.6971779953055686, 0.44831896610328936, 0.7252323253235783]"
"[0.9102552435954889, 0.6904986865865128, 0.38138499430743733, 0.7284052008137802]",stable,0.08795902625718008,4365,"[0.9209716993869309, 0.6726077599983499, 0.4637688019225123, 0.751093763219553]"
"[0.91026828064633, 0.690476921469009, 0.38148521791767465, 0.7284328024712081]",stable,0.10713438237943762,4366,"[0.9888374127051858, 0.7137233137510273, 0.43135995172749075, 0.7761484555487062]"
"[0.9103637473924526, 0.6905051673891572, 0.38154581905231594, 0.7284907801784711]",stable,0.07267219093840467,4367,"[0.953557804225174, 0.7211542084596503, 0.40417275331442803, 0.7728098383529954]"
"[0.910416167364337, 0.6905423628273496, 0.3815732789239933, 0.728544565443246]",stable,0.06032185499855574,4368,"[0.9651692097585687, 0.7061595031602361, 0.37187329816302916, 0.7459470319380306]"
"[0.9104825346884511, 0.6905612926944198, 0.38156152137155575, 0.7285656593420275]",stable,0.07673861831345732,4369,"[0.9709206357859791, 0.7117547908567005, 0.3685989983231583, 0.7688007200260708]"
"[0.9105557043023706, 0.6905869506825097, 0.3815458282443785, 0.728614370069248]",stable,0.10215114476315146,4370,"[0.948295311133533, 0.6212028350529761, 0.32239982151957186, 0.7021914096092949]"
"[0.9106013386516223, 0.6905030521146385, 0.3814743094938044, 0.728582419693843]",stable,0.10844686073090999,4371,"[1.0, 0.6590965204885807, 0.34605295409989184, 0.7676664100836054]"
"[0.9107093080493861, 0.6904651215208871, 0.38143153007907743, 0.7286296225807871]",stable,0.08023582791299455,4372,"[0.9591496107865636, 0.6338890925452844, 0.35200621947346045, 0.7335924033263966]"
"[0.9107677402601667, 0.6903968754063207, 0.3813960351326292, 0.7286356090473078]",stable,0.08714843991092582,4373,"[0.9892430912979249, 0.692566184392061, 0.3973967567113204, 0.7629246869861278]"
"[0.9108622888758748, 0.6903994890316046, 0.3814153131104348, 0.7286769211894027]",stable,0.12941322129568472,4374,"[0.8871182387909963, 0.6371434692274791, 0.496008559611148, 0.7139736513917686]"
"[0.9108337160117534, 0.6903354023651737, 0.3815532111206643, 0.7286592277239424]",stable,0.29351054060287424,4375,"[0.7789867840497944, 0.5909270718474017, 0.6192138347516691, 0.6796670265465987]"
"[0.6462754746998202, 0.591205091081816, 0.6807848228384219, 0.6312162480626057]",stable,0.08272530374942395,4376,"[0.6988974505116332, 0.6440951549373604, 0.6549390430366739, 0.6558949910186683]"
"[0.6466310285904405, 0.5915624563781372, 0.6806101891911128, 0.6313829963258224]",stable,0.06808081719058885,4377,"[0.6194782641406631, 0.5350603579842436, 0.6926270312406038, 0.6077010741842894]"
"[0.6464487952719857, 0.5911832476640843, 0.6806908391377536, 0.631224057251047]",stable,0.09204620529490518,4378,"[0.6335472837772023, 0.548551918739678, 0.7612249283771207, 0.6295254770007975]"
"[0.646362785195354, 0.5908990388045882, 0.681227733066016, 0.631212733382712]",stable,0.09389774206721782,4379,"[0.6342269856085353, 0.5931347132010003, 0.7727569564793703, 0.6481511912538364]"
"[0.6462824156616664, 0.5909138445952928, 0.6818338868634555, 0.6313249086004015]",stable,0.1585947799358734,4380,"[0.5157227679605415, 0.5859451486329632, 0.6773234498809537, 0.5415393271648109]"
"[0.4897713731001595, 0.5043667340238849, 0.7715947262451738, 0.5422229633376962]",stable,0.26719603213657456,4381,"[0.6218025819300216, 0.6508272131212495, 0.6204671008303555, 0.6405654688147457]"
"[0.6461213641239583, 0.5913080114934899, 0.6814301580079745, 0.6313857017597063]",stable,0.2195046192255137,4382,"[0.7728595515799859, 0.7016683207190585, 0.5746914942683446, 0.7238366050133451]"
"[0.7443486570925015, 0.6206489214259231, 0.47371245902953296, 0.640274839964823]",stable,0.1405198909092494,4383,"[0.798680407118649, 0.7133472318193504, 0.5406290946171921, 0.7012919507787235]"
"[0.7444539511816994, 0.6208285693142824, 0.47384214243183465, 0.6403930901795788]",stable,0.1434890265622293,4384,"[0.8517653058487299, 0.6723211131348171, 0.47808219968738275, 0.7204175473702585]"
"[0.9107627203264614, 0.6903137505752333, 0.3816692315396147, 0.7286493218581327]",stable,0.1091072737996537,4385,"[0.9413693351882747, 0.7085852466596019, 0.4822830601602933, 0.7512467164827534]"
"[0.9107994629613495, 0.6903356851443622, 0.3817900164479228, 0.7286764495827721]",stable,0.055871448470796954,4386,"[0.9430133738809956, 0.69005340344741, 0.4186122185325711, 0.7556565987329699]"
"[0.910838088753819, 0.6903353466770997, 0.38183416776936724, 0.7287087998815135]",stable,0.04005488308046166,4387,"[0.9245891239449572, 0.6578764122723859, 0.3908484741911135, 0.7454558159383184]"
"[0.9108545570594372, 0.6902964737017646, 0.3818449633459202, 0.7287288561881683]",stable,0.05415546177061229,4388,"[0.9526514243758815, 0.7144589336839942, 0.3812962924680929, 0.7532586423673175]"
"[0.9109045533122081, 0.6903253761658582, 0.3818443070410425, 0.7287581980376648]",stable,0.09461834258915033,4389,"[0.9786951168443951, 0.7428960040990448, 0.38543840345541197, 0.7685134719014054]"
"[0.9109855456222824, 0.6903881845624331, 0.3818486010630429, 0.7288056953780039]",stable,0.09885348638691743,4390,"[0.9547484300983317, 0.7485625227427901, 0.3792220798980404, 0.7956313601860078]"
"[0.9110377686347836, 0.6904576050137223, 0.3818454667895763, 0.728885439608085]",stable,0.07939134231572093,4391,"[0.9299412473764143, 0.7539061337277139, 0.33996352356008397, 0.7417629689327679]"
"[0.9110602995987188, 0.6905332290050381, 0.3817955479061085, 0.7289007882723576]",stable,0.1275273340189254,4392,"[0.8037803334207186, 0.6866303104272684, 0.42732179683929533, 0.6772640023201848]"
"[0.7445687024045988, 0.6209558454092786, 0.47375216110573687, 0.6404644072243381]",stable,0.11927765311310545,4393,"[0.7176377644437433, 0.5265526627837565, 0.5215926280670882, 0.5924934582675889]"
"[0.7445167121768752, 0.6207735998829744, 0.4738445172195619, 0.640371799214769]",stable,0.35010256953203006,4394,"[0.5660518909727098, 0.4224460166374782, 0.6635042504457381, 0.5162046856054414]"
"[0.4899051985701113, 0.5042230134670667, 0.7714050938314906, 0.5421773172364114]",stable,0.10419568075158898,4395,"[0.4843902187251213, 0.43392001243427714, 0.7192814345308329, 0.4859017712906903]"
"[0.4898955401115387, 0.504099890873314, 0.7713138089640639, 0.5420787611139145]",stable,0.167151179644684,4396,"[0.46215123684532294, 0.35423588688794094, 0.76775417193541, 0.47353768009983943]"
"[0.4898470360848495, 0.5038378908663464, 0.7713075858224053, 0.5419589340492047]",stable,0.03596107954361032,4397,"[0.475249328424455, 0.482775948155375, 0.7964780434686283, 0.540241725814021]"
"[0.48982156015525025, 0.5038011335492244, 0.7713515133226606, 0.541955937176194]",stable,0.044189112773413225,4398,"[0.48796874319176026, 0.48038204222283976, 0.8035845237894977, 0.5229342665163266]"
"[0.48981833225113264, 0.5037603337385512, 0.7714076683931602, 0.5419227983771349]",stable,0.1298335584898314,4399,"[0.43101591241200526, 0.41402810218361225, 0.8054280200371072, 0.4771943608447142]"
"[0.4897160671731516, 0.5036042776836731, 0.7714668342221062, 0.5418102271814262]",stable,0.18178460058268703,4400,"[0.4001192914875761, 0.3840551265050446, 0.8397204439534974, 0.46391604250208013]"
"[0.29864450375212975, 0.3021800562795529, 0.8382376843226103, 0.3794197533269696]",stable,0.16317420110380382,4401,"[0.4236933326382013, 0.3568868418410226, 0.8591486263546112, 0.46635944746579366]"
"[0.2988429939567108, 0.3022668924471108, 0.8382708762940896, 0.37955775284147564]",stable,0.11939995805167573,4402,"[0.3798620997614892, 0.31944137866831074, 0.8985042151438211, 0.44095185998041275]"
"[0.2989713919056883, 0.30229411033335674, 0.8383663332494774, 0.37965504936626]",stable,0.10043261500089701,4403,"[0.3606962604156788, 0.32385679614693685, 0.8903428942691489, 0.43542456118424144]"
"[0.29906905783687493, 0.30232822850711244, 0.8384485746434959, 0.37974329226470616]",stable,0.059048795269610835,4404,"[0.27949101466742343, 0.353571435098681, 0.842359641703485, 0.40124440342468115]"
"[0.29903812885872416, 0.30240918144011647, 0.8384547532644437, 0.37977725926495887]",stable,0.018339388229366854,4405,"[0.29386521430020285, 0.2938682138856371, 0.8244607589917918, 0.37339023232529484]"
"[0.2990299696874962, 0.30239570988245956, 0.8384326807182724, 0.3797671850899752]",stable,0.056681595895709036,4406,"[0.24621500980463734, 0.30844582239631413, 0.8315902899449785, 0.3613291495945187]"
"[0.2989467965223263, 0.30240523761870186, 0.8384219052997317, 0.3797381488136044]",stable,0.16181870917228638,4407,"[0.26798421357082275, 0.37974139184464895, 0.7032118307595145, 0.34869031334113215]"
"[0.26701534956681366, 0.4845942233688954, 0.5870541456524774, 0.38171639455970874]",stable,0.061526590565667554,4408,"[0.2241806761956117, 0.46504627093215184, 0.5769312439917653, 0.34342649352410803]"
"[0.26690523472524247, 0.48454397156314544, 0.5870281227690308, 0.3816179629375092]",stable,0.08099986550450125,4409,"[0.22231688499965147, 0.5066226558020671, 0.5371213161143732, 0.3416842724956243]"
"[0.266790905623382, 0.4846005835740145, 0.5869001565981214, 0.3815155688594531]",stable,0.23283931377273437,4410,"[0.40573796786765925, 0.518092895277461, 0.4062682239800976, 0.41554834581461286]"
"[0.4724055778742183, 0.6191505774100103, 0.4057516639018581, 0.4940248270704565]",stable,0.15618294107792774,4411,"[0.6032619953693915, 0.570507306212228, 0.3442417470481072, 0.5274922945561212]"
"[0.47287459729176373, 0.6189762287677244, 0.4055311982500525, 0.49414478215105023]",stable,0.29968161250603653,4412,"[0.7484392480530625, 0.6042447324032347, 0.39742247038699885, 0.6107227546515516]"
"[0.744524270049469, 0.6207417523541118, 0.4736972685744124, 0.6403146719612753]",stable,0.15049736144515335,4413,"[0.8342059386905525, 0.6689271080678793, 0.3668632522638978, 0.6698327776831272]"
"[0.9109688063119233, 0.690507507432494, 0.3817777713636773, 0.7288304692121323]",stable,0.05217352586495522,4414,"[0.8890273509355558, 0.7289431386602632, 0.3589221297418928, 0.7443537174330271]"
"[0.910942716590905, 0.6905532097288409, 0.381750594619775, 0.7288489272956292]",stable,0.0494494061385846,4415,"[0.9309836984396537, 0.6785143281563121, 0.33865560613406037, 0.735290209147525]"
"[0.9109665182320554, 0.6905389117697286, 0.38169941292323617, 0.7288565772740756]",stable,0.26143608858252965,4416,"[0.7254790395703159, 0.5995365080374064, 0.493868460755423, 0.6144892266166304]"
"[0.7444876446062398, 0.6207009730381181, 0.4737360593286067, 0.6402650076433049]",stable,0.216902141708782,4417,"[0.6137580218360481, 0.5125825661913475, 0.583942871742653, 0.5620270794583683]"
"[0.6459098390109654, 0.5907934660993581, 0.6807929862023188, 0.6309323774309394]",stable,0.2771495684962827,4418,"[0.47122296237745226, 0.4465509556544553, 0.6014532134929722, 0.49238391263726233]"
"[0.4896839610884368, 0.5035052267773724, 0.771171671686118, 0.5417244176075648]",stable,0.2939217710783566,4419,"[0.6549359508266691, 0.5427900133746274, 0.5313752385890258, 0.54773803692649]"
"[0.7443157603571428, 0.6205514318487447, 0.4738466911506037, 0.6400874126899136]",stable,0.02744707971571868,4420,"[0.7362090730401218, 0.6071142199865937, 0.4821949246158485, 0.6191739686634865]"
"[0.7443002303048113, 0.6205256900635683, 0.47386268393501985, 0.6400473486208975]",stable,0.07257982094582606,4421,"[0.7979519865312, 0.5744466659537176, 0.4739132106492917, 0.6563580949706902]"
"[0.744402814924747, 0.6204375848549452, 0.47386278054441616, 0.6400785355164038]",stable,0.07527716797196687,4422,"[0.8060997998061583, 0.6115194358203383, 0.43321663849608594, 0.6514139591435174]"
"[0.7445205572623069, 0.6204205654865586, 0.4737852115710415, 0.6401001680042417]",stable,0.1459334441786509,4423,"[0.8146729137879877, 0.5832442262824898, 0.35315764642909475, 0.619073343825431]"
"[0.7446541807985463, 0.6203497534118841, 0.4735554447802949, 0.6400601169105679]",stable,0.11899002955000502,4424,"[0.8135849196153938, 0.5904793626654546, 0.38194956374218225, 0.6511642915472257]"
"[0.7447852278305175, 0.6202929655967769, 0.47338128911292204, 0.6400812275087364]",stable,0.16103289839726911,4425,"[0.8605942377303025, 0.6285756155593605, 0.3683026746927086, 0.6776278664179932]"
"[0.9109067646371543, 0.6904654084527532, 0.38168352118156296, 0.7287958077475559]",stable,0.08762296404747802,4426,"[0.9218681599824152, 0.6246136319043089, 0.43751653292198284, 0.7186051273993941]"
"[0.9109197520723974, 0.6903873850208236, 0.3817496740390753, 0.7287837334817406]",stable,0.050931861830909406,4427,"[0.8931325676718528, 0.6469318494128311, 0.39023023100943316, 0.7109689306717493]"
"[0.9108987021500299, 0.690335958351465, 0.38175971020117033, 0.7287626508748648]",stable,0.07411341878780413,4428,"[0.8525993703074903, 0.6564654860946166, 0.37197395380502046, 0.6995904580881858]"
"[0.9108297904102634, 0.6902959223322489, 0.38174814311323163, 0.7287281683774811]",stable,0.026570038049087686,4429,"[0.8948091973212613, 0.671531385232152, 0.3809541020722035, 0.7189012072372896]"
"[0.9108108758965809, 0.6902737682152476, 0.38174720563856696, 0.7287165662982129]",stable,0.06660906715238805,4430,"[0.9584630873665336, 0.6925373589693247, 0.42539741388282204, 0.7447031245915252]"
"[0.9108670695421823, 0.690276437543967, 0.38179867994074174, 0.728735418371672]",stable,0.019637286037618343,4431,"[0.9162343856824345, 0.6938998357979447, 0.3942249888911741, 0.7424930617503653]"
"[0.9108733914693203, 0.6902807053864334, 0.3818133163470438, 0.7287516228986197]",stable,0.1941232699475363,4432,"[0.7365217678640019, 0.7341767548924625, 0.37795769116361666, 0.6556515115887005]"
"[0.7447695476408277, 0.6205090638686852, 0.47320021966709797, 0.640110772639818]",stable,0.2665441864773212,4433,"[0.5453500679332092, 0.6775433787940784, 0.3451735780243683, 0.532250027191463]"
"[0.4731334382583403, 0.6191853971606757, 0.40531563532067505, 0.49428087231190876]",stable,0.05009688865510168,4434,"[0.46127900513940634, 0.6423847639312478, 0.36757068908778073, 0.4741245064769977]"
"[0.473091251663611, 0.6192679571847702, 0.40518131166860066, 0.49420914147263867]",stable,0.11612637320229985,4435,"[0.3915235936611527, 0.6795575989583514, 0.3503259754994496, 0.48049408005474825]"
"[0.47280200464941796, 0.619481750240705, 0.4049867891999157, 0.4941605065030717]",stable,0.1674850610098662,4436,"[0.3570024096970178, 0.6401577594394277, 0.31927542320484803, 0.4112885338391333]"
"[0.47239281880152967, 0.6195548103438806, 0.4046839221822653, 0.493867672677404]",stable,0.1940484747272262,4437,"[0.3309356046552631, 0.6052342680524682, 0.3147742177035832, 0.3971421113248011]"
"[0.20369551832844532, 0.6088218582730842, 0.3553196876735738, 0.34784387346552337]",stable,0.08061049050042116,4438,"[0.24955876855201303, 0.6317085065887278, 0.298442117440862, 0.3730580914971795]"
"[0.20374021935205505, 0.6088441649478559, 0.3552642514452768, 0.3478684487267628]",stable,0.12972852931546547,4439,"[0.2534724295788594, 0.6819934910839537, 0.2745007345802338, 0.3976944360600333]"
"[0.2037886440942428, 0.6089153911660994, 0.35518561121463893, 0.3479169647806413]",stable,0.12412570719816336,4440,"[0.23715781215691978, 0.7032429290135989, 0.33758193533043485, 0.419233975438979]"
"[0.20382110437445938, 0.6090071494713986, 0.355168487016308, 0.3479863393046281]",stable,0.1526632579779119,4441,"[0.29054683238019957, 0.6449919572291246, 0.45662005739652034, 0.41277361364406273]"
"[0.2039053859371472, 0.6090421201300552, 0.35526707940734803, 0.34804930069854395]",stable,0.27672536590205304,4442,"[0.34162462257241477, 0.6276609287569939, 0.5563045852031739, 0.4778476104831133]"
"[0.2669822962038143, 0.48496646680977656, 0.5868219070549119, 0.381761942367442]",stable,0.3057100528894,4443,"[0.44320288127650315, 0.6417615297057091, 0.6559449483308502, 0.5635372301557012]"
"[0.4896034046242913, 0.5037448390874736, 0.7709719719922614, 0.541762221442137]",stable,0.17910335566069802,4444,"[0.4595646309554515, 0.6705141159311904, 0.750325529050753, 0.595960162180522]"
"[0.48955143442763244, 0.5040333672481029, 0.7709362515027433, 0.5418559895056982]",stable,0.10184022724070017,4445,"[0.4748263426112754, 0.6008674496932687, 0.7554361256654245, 0.5650402542442536]"
"[0.48952600249012573, 0.5042006109138113, 0.7709094809917979, 0.5418960314137096]",stable,0.09076717968604014,4446,"[0.40941872359084247, 0.4965741788349995, 0.8007974827925259, 0.5123994272427665]"
"[0.48938788649202347, 0.5041874618929857, 0.7709610120293854, 0.5418451751996217]",stable,0.15934625937100694,4447,"[0.36735371038496956, 0.4634753403173386, 0.8447586154476568, 0.48357573960999184]"
"[0.4891778448808238, 0.5041173893945767, 0.771088030279675, 0.5417448835721008]",stable,0.21246210734320073,4448,"[0.3294981904594145, 0.4431629413214777, 0.8705841750344725, 0.46410708698043224]"
"[0.2989948333052463, 0.30262655476288863, 0.8384724749062329, 0.37987080437675974]",stable,0.07378755733411835,4449,"[0.3127255682630471, 0.33736884924684424, 0.8779276379963306, 0.42979408165678545]"
"[0.29901638861915175, 0.302681095256584, 0.8385344139377714, 0.3799491768685651]",stable,0.059617219656373004,4450,"[0.3155484896867503, 0.3042637442876444, 0.895719031278718, 0.38283314556827863]"
"[0.29904230100327023, 0.3026835758976985, 0.8386240449994344, 0.3799536971956806]",stable,0.04803969513302296,4451,"[0.2856696076535878, 0.27815232790842026, 0.8765553455204089, 0.3705506288706496]"
"[0.29902137347064156, 0.3026451858382474, 0.8386834054071355, 0.379938981908787]",stable,0.025062829682208635,4452,"[0.2919661288349584, 0.3232832952884688, 0.8441365700420781, 0.3910160026542292]"
"[0.29901034965089834, 0.30267743288426335, 0.8386919259768776, 0.37995628975370177]",stable,0.1402695742392792,4453,"[0.23386484980916056, 0.31748531601121466, 0.9620052579789345, 0.3774731354113742]"
"[0.29890871860590346, 0.3027005341059903, 0.8388843024698606, 0.37995241587797274]",stable,0.12413156610802953,4454,"[0.27450051999754993, 0.3113088171815, 0.957518450517509, 0.4057346175804615]"
"[0.2988706996049559, 0.30271394264660634, 0.8390690908624581, 0.37999257507065576]",stable,0.24117299193378072,4455,"[0.4571177067070197, 0.4285377209384925, 0.8461378171499568, 0.511296446706482]"
"[0.48912275873275884, 0.5039875274212845, 0.7712169818035071, 0.5416925666702699]",stable,0.1055268546436014,4456,"[0.5514655625461505, 0.4561910980239158, 0.701771148852601, 0.5297732761597603]"
"[0.4892296932161437, 0.5039055438374125, 0.771097863736696, 0.5416721219181078]",stable,0.2185164827105054,4457,"[0.6306828328954638, 0.5452148876482629, 0.628604224609912, 0.617366001547548]"
"[0.6458109623478777, 0.5904975013042212, 0.6804540981400304, 0.6308442840810473]",stable,0.16255375350051454,4458,"[0.697512757485892, 0.5704243557126225, 0.5276550511669926, 0.6304353503422737]"
"[0.7446800461443221, 0.6204142064668745, 0.4733033538176659, 0.6400924479763757]",stable,0.08407422208764977,4459,"[0.8082399926007251, 0.6355967443082472, 0.5138370245791805, 0.6740795058866313]"
"[0.7448001972718389, 0.6204429069164802, 0.47337997701381246, 0.6401566957228979]",stable,0.09004472500214523,4460,"[0.6646640715757834, 0.6506070089383472, 0.4494110171112774, 0.6259486075495008]"
"[0.7446489970346765, 0.6204998203165214, 0.4733347525611662, 0.6401298880093632]",stable,0.23791458621971223,4461,"[0.565260841680075, 0.6448911772874354, 0.3567267176709584, 0.5389821349016852]"
"[0.4727198188820879, 0.619644022903541, 0.4045150587860987, 0.49402652641763034]",stable,0.049138171193674966,4462,"[0.4991521884762975, 0.62739966438664, 0.36393765094671493, 0.4970619348112346]"
"[0.4728125640385588, 0.6196712356806747, 0.4043726819164868, 0.4940371769733974]",stable,0.15039386054461065,4463,"[0.37701351652676346, 0.6425202817157499, 0.3048395390160794, 0.4391561206333571]"
"[0.4724776023339722, 0.6197511274500281, 0.4040246639343176, 0.4938452851680126]",stable,0.12445680779154504,4464,"[0.39415417213498016, 0.6661794205707479, 0.3213344623550736, 0.4748273607753313]"
"[0.4722046983959966, 0.6199128985061979, 0.4037365447650519, 0.49377902062309037]",stable,0.16908760079450702,4465,"[0.3499096444728523, 0.63743370786999, 0.31789512229639166, 0.4165857051341671]"
"[0.2040471376444634, 0.6090696847783464, 0.3552307959538422, 0.3481158408970251]",stable,0.21934123756511145,4466,"[0.3671984986792692, 0.7069739660553455, 0.3405575136813662, 0.4562438131524577]"
"[0.4718400935358691, 0.6202151938796325, 0.40351717312934465, 0.4936486900415951]",stable,0.10962331899415279,4467,"[0.44235312292209195, 0.6513483584877072, 0.49720297823287557, 0.5310851243657367]"
"[0.471738062495683, 0.6203229210928092, 0.403841345465343, 0.4937782278766268]",stable,0.17303476446926147,4468,"[0.4679563792322548, 0.6363510590339195, 0.5729080266654865, 0.5267370611195936]"
"[0.47172502220856777, 0.6203781905339855, 0.4044243340212056, 0.4938918790257405]",stable,0.1744514241018277,4469,"[0.48738484018408723, 0.5672134642017046, 0.5682979065050852, 0.5164092853487099]"
"[0.47177883601604376, 0.6201954938799227, 0.4049874734455488, 0.49396925842891226]",stable,0.2900375452624533,4470,"[0.5563935733964369, 0.6042173916679029, 0.6685092499550795, 0.5791930663400818]"
"[0.6452340759675458, 0.5905860167259223, 0.6803770346033533, 0.6305110504182023]",stable,0.144191870712516,4471,"[0.5168674559674543, 0.5531751209902006, 0.7230260915787327, 0.5974234504948345]"
"[0.48927701815236163, 0.5039899095517152, 0.7710155490583432, 0.5417675865218351]",stable,0.07651285291341874,4472,"[0.545322449765876, 0.5431048823621709, 0.7655573146759604, 0.5757286353229193]"
"[0.48937282230896595, 0.5040567727531006, 0.7710062187431597, 0.5418256395967087]",stable,0.07898657318372031,4473,"[0.5470386326427332, 0.5301541182885624, 0.7708727721225226, 0.5890743835996908]"
"[0.48947122812864813, 0.5041013074724444, 0.771005991018551, 0.5419062688526864]",stable,0.0967929566480755,4474,"[0.5435309171855028, 0.5714747144121113, 0.7744513280764364, 0.5854422329014131]"
"[0.4895633229992731, 0.5042160832934659, 0.7710118604172868, 0.5419804357420369]",stable,0.08999656430060524,4475,"[0.533831901068731, 0.48222504769406094, 0.8318382298676953, 0.5862096310135925]"
"[0.48963860969667006, 0.5041786835730587, 0.7711153066238351, 0.5420556554618865]",stable,0.14400093206274822,4476,"[0.5511168083930037, 0.49385019818799675, 0.8893958177388034, 0.5955322166829184]"
"[0.48974298694403223, 0.5041611479442216, 0.7713161224321797, 0.5421464475862006]",stable,0.11800330069091929,4477,"[0.5406670955304445, 0.49884120969702495, 0.8654441072520676, 0.5915745253297644]"
"[0.4898292989924838, 0.5041521310997349, 0.7714756613895016, 0.5422302239891557]",stable,0.12887178284078168,4478,"[0.42108766693083083, 0.4321890254906897, 0.8380552502690679, 0.4945752745107304]"
"[0.4897129848942407, 0.5040303661156249, 0.7715883172082488, 0.5421495895568741]",stable,0.1712027504767024,4479,"[0.5029526031412566, 0.43631759240591306, 0.9258237578881442, 0.5697449405109232]"
"[0.48973534911425254, 0.5039159864303044, 0.7718488500472351, 0.5421962033253775]",stable,0.14128442137630662,4480,"[0.6070731566067358, 0.5378445361874322, 0.7846932032026108, 0.6120317441329979]"
"[0.6449894546895919, 0.590247930312214, 0.6810457279918101, 0.6303925933266304]",stable,0.09257461235855416,4481,"[0.6557738802212498, 0.6590913249258695, 0.7156958730050348, 0.6805295007693487]"
"[0.6450581452980738, 0.5906864232715366, 0.6812664295524039, 0.6307119366861382]",stable,0.1969541681760398,4482,"[0.759927840645468, 0.7017422255804325, 0.6376310446647248, 0.7372880100419537]"
"[0.6457851686863485, 0.5913893080962764, 0.68099025623033, 0.6313864687959851]",stable,0.2506967878765096,4483,"[0.7993017440657355, 0.7046917626014595, 0.5624887462954732, 0.7427484303521853]"
"[0.7447519212287087, 0.6206583738801464, 0.47350265085445115, 0.6403231432680127]",stable,0.16641073800068118,4484,"[0.8277538113770289, 0.7294588954327675, 0.508185705962692, 0.7284296251633529]"
"[0.9107756037280353, 0.6903267973747232, 0.3819619897465916, 0.7287512440777547]",stable,0.11537007179224834,4485,"[0.8117325760929199, 0.7150551971598895, 0.431578188845907, 0.7080758680661706]"
"[0.9106592194417427, 0.6903558554238245, 0.3820202931532888, 0.728726948688787]",stable,0.1022898598597933,4486,"[0.8375804223306478, 0.7147263522233253, 0.4491591642741524, 0.7333264827187912]"
"[0.9105734462056968, 0.6903844592933075, 0.3820990946452147, 0.7287323472029067]",stable,0.01839660056358449,4487,"[0.8981990152941767, 0.6975338395772873, 0.3929443194099791, 0.7246610042710384]"
"[0.9105589392526938, 0.6903928407473333, 0.3821118088594758, 0.7287275742334672]",stable,0.062288908460032065,4488,"[0.8655891096855497, 0.693658992714994, 0.4204918133263098, 0.7093903031153851]"
"[0.9105062813726386, 0.6903966652812533, 0.38215675031669694, 0.7287049310588559]",stable,0.10749851871911666,4489,"[0.8216472214296964, 0.6789974659352049, 0.3902975181512637, 0.6698510004662981]"
"[0.9104023526475591, 0.6903833328843574, 0.3821662716825853, 0.7286360960523149]",stable,0.09992574376274511,4490,"[0.8218956942595503, 0.7148472135173393, 0.3696346054028142, 0.6912703152876397]"
"[0.9102989570186011, 0.6904119121841623, 0.38215163188552953, 0.7285924444392721]",stable,0.09137299840173806,4491,"[0.8508478975270861, 0.7574381070090225, 0.38187350318048174, 0.7106478571220978]"
"[0.910229585887339, 0.6904901224465017, 0.3821513073479507, 0.7285715055975951]",stable,0.07281693008388936,4492,"[0.869169681884629, 0.7450086453515488, 0.3647931349185668, 0.7100562659206724]"
"[0.9101817305213685, 0.6905536638484888, 0.3821310763777533, 0.7285499260641721]",stable,0.07917733600725238,4493,"[0.9032514305619889, 0.7685699659540751, 0.372402413372134, 0.7348611225887111]"
"[0.9101736626518, 0.6906444860860972, 0.38211975080964433, 0.7285572732079725]",stable,0.08961934944561958,4494,"[0.9606393928950165, 0.7573393358769034, 0.37261877376292457, 0.7593203405552719]"
"[0.9102323437334782, 0.6907220382370166, 0.3821087031619156, 0.7285930442165159]",stable,0.048446442350976934,4495,"[0.9161648148623823, 0.7246279181882034, 0.34803023332880556, 0.729548429657462]"
"[0.9102392339438485, 0.6907614178885279, 0.38206912305757984, 0.7285941538395599]",stable,0.06263959827128775,4496,"[0.9376972334140098, 0.725544796717023, 0.357551595308192, 0.7654558538412736]"
"[0.9102710877715402, 0.6908017698361247, 0.3820406804499819, 0.7286369168326013]",stable,0.026871420710087225,4497,"[0.9312708480642224, 0.6909318268569161, 0.3783164251465677, 0.7449830578522648]"
"[0.9102954212133625, 0.6908019205395092, 0.3820363649745434, 0.7286558578998314]",stable,0.09730950200488492,4498,"[0.9034254855711624, 0.7468042327717824, 0.4447480936390373, 0.7771627984059137]"
"[0.9102874698989617, 0.6908667380305188, 0.38210894799383105, 0.7287120001920839]",stable,0.0807019297800739,4499,"[0.9454231476616317, 0.7285244771826196, 0.4286368676971637, 0.7698864217231554]"
"[0.9103280891796122, 0.6909102729890761, 0.3821627374963782, 0.7287596006794032]",stable,0.1328369541356344,4500,"[0.949682113026946, 0.799916400948821, 0.39734943412547896, 0.791878104335427]"
"[0.9103735326251633, 0.6910361461160505, 0.38218027409756655, 0.7288324857875509]",stable,0.12629461869580233,4501,"[0.9789001766824015, 0.7817725671449978, 0.3835379202147864, 0.7837823580499019]"
"[0.9104525714303043, 0.6911408017343077, 0.3821818400100432, 0.7288958651096528]",stable,0.14362079574654563,4502,"[0.9850370533101687, 0.7761447029341053, 0.3870216508769621, 0.8172983596738372]"
"[0.9105384982527466, 0.6912387324960585, 0.38218741582901433, 0.728997711301547]",stable,0.17433539457182148,4503,"[0.7571478497521196, 0.7562416191499072, 0.407298597605129, 0.6841848556734618]"
"[0.7447752218462339, 0.6209132296043378, 0.47337820714533585, 0.6404055900958424]",stable,0.20103669914258798,4504,"[0.5978509741266347, 0.7437988076013133, 0.4256196578855811, 0.6023625154681248]"
"[0.744499566597229, 0.6211437841596792, 0.47328860386342264, 0.6403342147213064]",stable,0.32673954064304644,4505,"[0.46726428094393846, 0.6813590993978131, 0.39146351035378824, 0.5004124734111044]"
"[0.4717633752110023, 0.6204049582823813, 0.40494115850345375, 0.4939913242336458]",stable,0.12522733639965367,4506,"[0.38106626921939984, 0.6996562534091814, 0.3833452929720988, 0.46736856030544843]"
"[0.47145382877417086, 0.620675440518309, 0.4048674524777494, 0.49390046155812295]",stable,0.20052623791699728,4507,"[0.31101038072225184, 0.6975981778845244, 0.3267953970576234, 0.444339199377662]"
"[0.204150884727953, 0.6091555514059954, 0.35520321554754136, 0.3482091710216426]",stable,0.15180667233253786,4508,"[0.29976637758267666, 0.6728887597437994, 0.27595208006630156, 0.4078772443165887]"
"[0.20424353539932386, 0.6092173083908189, 0.3551264218116099, 0.3482669889221222]",stable,0.10822877603317613,4509,"[0.22616196701332208, 0.6925849886690535, 0.29271993889456227, 0.36797259959959616]"
"[0.2042647536293471, 0.6092980128247766, 0.35506600895302615, 0.34828606502151954]",stable,0.09335373997918028,4510,"[0.19951391184705672, 0.6936116073763328, 0.3536415132754427, 0.38805463120538375]"
"[0.2042601590047994, 0.6093795540187336, 0.35506463129763194, 0.3483245259172486]",stable,0.10431336906338841,4511,"[0.1503711315821854, 0.697120633984332, 0.3595440181702526, 0.3644083584367475]"
"[0.20420809231163747, 0.6094643280090385, 0.3550689592076538, 0.34834006585205]",stable,0.043236499539076705,4512,"[0.2008113402121666, 0.6515447216595789, 0.34721762492085745, 0.3533852603676119]"
"[0.20420481359339474, 0.6095049461496278, 0.3550613806996549, 0.348344935730926]",stable,0.0929662006851876,4513,"[0.24107675135554527, 0.6840731178238852, 0.3418368896129819, 0.3876879819292016]"
"[0.20424036994610653, 0.6095768537404419, 0.35504862805636983, 0.3483828750233062]",stable,0.09300709788175551,4514,"[0.2295998010624768, 0.6832101985385294, 0.32724441766499185, 0.3909537092669345]"
"[0.20426480099727837, 0.6096477914521934, 0.355021841726513, 0.34842388738770275]",stable,0.08773227747863648,4515,"[0.21772133558527157, 0.6809778469196388, 0.3305339212526931, 0.3911818004138274]"
"[0.2042777524261407, 0.6097164440561081, 0.3549982729868847, 0.34846504033575487]",stable,0.08216671906835049,4516,"[0.1547104298038288, 0.6425167418016976, 0.30124153844406976, 0.3303320811286402]"
"[0.20423009153900387, 0.6097479828039405, 0.3549465838190551, 0.3484476047980557]",stable,0.12984789151800338,4517,"[0.3225305842200928, 0.6026999116121169, 0.3150238466206267, 0.3834042652527246]"
"[0.20434373274234788, 0.6097412123224882, 0.35490823344710654, 0.34848118468321876]",stable,0.3922255126633291,4518,"[0.5493877580402985, 0.5818464860650367, 0.42236732607630306, 0.5201105191772553]"
"[0.4717189101662325, 0.6205433692446585, 0.40492697585733634, 0.49398961141397035]",stable,0.17085844206588469,4519,"[0.6250277580489737, 0.6275988678995127, 0.350357398687321, 0.5455782300450686]"
"[0.4722386011760046, 0.6205672861892512, 0.4047419942398109, 0.49416448808729607]",stable,0.18977117526395282,4520,"[0.6402659885983246, 0.6467549333951118, 0.3828840998394804, 0.5755053488111466]"
"[0.744304372630939, 0.6211917451133037, 0.4731193070394078, 0.640212812350688]",stable,0.17249535166838598,4521,"[0.5889295030984122, 0.6688314811261865, 0.49087678044115196, 0.5851816942813665]"
"[0.7440139523140558, 0.6212807913488417, 0.47315249857847647, 0.6401099504477546]",stable,0.2876455137225322,4522,"[0.5120923325526293, 0.6034967195297389, 0.6275580129505595, 0.5708642446389375]"
"[0.6449443332389666, 0.5914654553379963, 0.6806542043858033, 0.6310058258767585]",stable,0.15958330871897355,4523,"[0.519956468566364, 0.6294101915124068, 0.6264574207164793, 0.5570614431094835]"
"[0.6441631590847628, 0.5917026099390863, 0.6803154744878699, 0.630543673484463]",stable,0.25002862197834375,4524,"[0.48194544267725314, 0.6536618829596361, 0.5218969417208403, 0.5453125685131627]"
"[0.4722713945594547, 0.6206790922594213, 0.40513778798130085, 0.4943372856563024]",stable,0.13260201832406285,4525,"[0.4167123120879653, 0.6759331181327545, 0.511852873620335, 0.5017781686942192]"
"[0.47208432694170555, 0.6208651327505773, 0.4054970980339575, 0.4943623391345445]",stable,0.1591223489317586,4526,"[0.3299996896700837, 0.6604382754095837, 0.4494961835147257, 0.4539900139860226]"
"[0.4716075328569014, 0.6209979285313122, 0.40564474597181244, 0.494226861533375]",stable,0.21518091425982422,4527,"[0.2845842236266471, 0.6611737113323588, 0.45655190145526636, 0.40984987614538493]"
"[0.20442073897160343, 0.6097905717265284, 0.35500578015344836, 0.3485400797805912]",stable,0.2717417910891861,4528,"[0.4156081572210403, 0.6668552135542726, 0.428107413612844, 0.4922176815010254]"
"[0.4714202439751761, 0.6211512973775428, 0.40571987195054504, 0.4942201418677149]",stable,0.08773135153166385,4529,"[0.5304003452972331, 0.6586770921558772, 0.3727097625075854, 0.5356964615023019]"
"[0.47161684431291634, 0.6212763833601372, 0.4056098382524019, 0.4943583962664969]",stable,0.1775100242189959,4530,"[0.532465638350716, 0.6099862424182287, 0.5603303319781265, 0.5555248454126896]"
"[0.47181899977483593, 0.6212388745862438, 0.40612385982624144, 0.49456160706100255]",stable,0.32570892336101614,4531,"[0.5691861959694794, 0.6628033854780668, 0.6805844599326892, 0.6343818569739468]"
"[0.6436974636616866, 0.592144229662931, 0.6803171452049184, 0.630567513133466]",stable,0.08411541285673772,4532,"[0.5742635627148308, 0.5859544900605714, 0.7195885933490476, 0.6046103067414135]"
"[0.6432688593348541, 0.5921060213937807, 0.6805595615514871, 0.6304072834643792]",stable,0.1615123514523469,4533,"[0.5372781731356823, 0.5369438627524253, 0.7730291170598478, 0.573321981776403]"
"[0.48981552251057875, 0.503971682680426, 0.7718508403794655, 0.5422486919905564]",stable,0.10084119236342864,4534,"[0.4133236317580261, 0.4835215739269062, 0.8087824416698163, 0.4918920975417918]"
"[0.4896867482837226, 0.5039372548879117, 0.7719130147924121, 0.5421639165790264]",stable,0.12478841120721541,4535,"[0.4014967974218872, 0.4468186735927694, 0.8061907322523149, 0.4842226886391783]"
"[0.4895385298789128, 0.5038412572722896, 0.7719706244015885, 0.5420665363640015]",stable,0.19312374171400026,4536,"[0.3750135338195171, 0.3914294613572896, 0.8276631470403841, 0.4501821745144304]"
"[0.29898911769860215, 0.30285191390432126, 0.8390513522250987, 0.3801017346343319]",stable,0.12673589517826706,4537,"[0.3647804575652593, 0.3368318691021996, 0.9197509792517305, 0.44387021876010835]"
"[0.2990912781642336, 0.30290467780990804, 0.8391766622049538, 0.3802007540196204]",stable,0.12718828534734075,4538,"[0.3786188123604294, 0.28197039905648613, 0.9255160349031805, 0.42446699318018405]"
"[0.29921457666686335, 0.3028722215637787, 0.8393105216975091, 0.38026938384777625]",stable,0.13569749472961826,4539,"[0.3201193424520554, 0.27329881886194823, 0.964733082222111, 0.41730174817209376]"
"[0.29924693698541627, 0.30282644230263034, 0.8395046742679806, 0.38032670948914515]",stable,0.0964939069812888,4540,"[0.2843803867038761, 0.2820104903179325, 0.9316802704220293, 0.3929922289753933]"
"[0.29922395931882967, 0.3027942692701965, 0.8396471404135045, 0.3803462852534207]",stable,0.12062483248144888,4541,"[0.2940669541807822, 0.29313933930599767, 0.9547896792896288, 0.4145914831318151]"
"[0.29921600097756723, 0.30277936968691843, 0.8398248295167086, 0.38039913278101073]",stable,0.0751530046574593,4542,"[0.2410496136734363, 0.34710844386223677, 0.8225243784278561, 0.3798765699510239]"
"[0.2991263763438166, 0.30284767334512386, 0.8397981724272033, 0.38039832759945447]",stable,0.21812433503904866,4543,"[0.21925887682384199, 0.4342268740891585, 0.6850761573933349, 0.38029001152472813]"
"[0.2668605527870287, 0.4848370290732444, 0.587072555652714, 0.3817581874418228]",stable,0.20646686953683469,4544,"[0.2957831115094317, 0.49556057523870667, 0.777334966597639, 0.4557667974297907]"
"[0.26693414708403224, 0.4848643154502557, 0.5875566839248384, 0.38194650451558354]",stable,0.2776137570757735,4545,"[0.34733130537922347, 0.4714039885472649, 0.8333193806581354, 0.4820724829119351]"
"[0.48929992715324216, 0.5037868323247643, 0.7720735585563814, 0.5419658752004913]",stable,0.07245966733117076,4546,"[0.5368840138142693, 0.5172660174571332, 0.7248398789738074, 0.5659126738933825]"
"[0.4893796324910328, 0.503809410524316, 0.7719944401651208, 0.5420059870910992]",stable,0.17428996311157946,4547,"[0.5952561302154376, 0.548037112259878, 0.6460804877955776, 0.5788400130578657]"
"[0.6429743027144896, 0.5918356599880512, 0.6803480334916349, 0.6300909198422535]",stable,0.091627886091491,4548,"[0.6830387887464813, 0.5647812276664838, 0.6105577173375174, 0.5956253438068286]"
"[0.6432185983610261, 0.59167069393731, 0.679922482783378, 0.629880763890818]",stable,0.2226366080438334,4549,"[0.7241514929262285, 0.6427457787931499, 0.47920650134125087, 0.640896948314373]"
"[0.7439768954868397, 0.6213208379672079, 0.4731637933597503, 0.6401114187273566]",stable,0.09761182720883298,4550,"[0.8058272414853738, 0.6800335358803662, 0.4553914254127987, 0.6841519177279931]"
"[0.7440920730399095, 0.6214301726001933, 0.4731306977024934, 0.6401934308297785]",stable,0.15804223871401823,4551,"[0.8494796254225133, 0.6909743582955568, 0.42304667025250514, 0.7209771510393622]"
"[0.910468234877798, 0.6912384282679797, 0.38223443453375944, 0.7289884816579771]",stable,0.1057818194835701,4552,"[0.849659000025666, 0.6695938793766839, 0.45574719259079516, 0.6887464862291606]"
"[0.9103983392055542, 0.6912135494761505, 0.3823189319568135, 0.7289422264908176]",stable,0.05129356414733439,4553,"[0.8810938020479151, 0.6645444782364041, 0.4064373503691877, 0.7070484749299675]"
"[0.9103646945015844, 0.6911829305654276, 0.3823466224486762, 0.7289170901514825]",stable,0.0565161446060777,4554,"[0.899271202481285, 0.6524869000907056, 0.42029302661644746, 0.7173543624384305]"
"[0.9103519726070657, 0.6911385543836904, 0.3823901389672172, 0.7289038301426373]",stable,0.05369317304141091,4555,"[0.866330255514266, 0.6795670396739157, 0.40949004721501214, 0.7201436774191416]"
"[0.9103015468142905, 0.6911252994985704, 0.38242118124470603, 0.7288937956034351]",stable,0.022038181141099893,4556,"[0.8966412361802776, 0.684235252797293, 0.3982594540017294, 0.7297619625911465]"
"[0.9102859171682561, 0.6911174161499419, 0.38243930283824956, 0.7288947889295081]",stable,0.10707069370185532,4557,"[0.8473173764248235, 0.6596157203433504, 0.45161848656869924, 0.6874100926411556]"
"[0.9102139531216922, 0.6910814142118773, 0.3825183647625129, 0.7288473778480357]",stable,0.09178220960054695,4558,"[0.8904679151896018, 0.6639822223970109, 0.4672887865624915, 0.7181854185544553]"
"[0.9101914119825003, 0.6910504790614037, 0.38261513465041247, 0.7288352066616274]",stable,0.06302836828383876,4559,"[0.8748009131168014, 0.6894695339151946, 0.43389305396800226, 0.7194456698539032]"
"[0.9101510579359031, 0.6910486763873487, 0.3826736043417666, 0.7288245002342526]",stable,0.05376612234705408,4560,"[0.8738930624464197, 0.6908482001564408, 0.4116782080794445, 0.7017164489095241]"
"[0.9101097618134778, 0.6910484480545117, 0.38270663919795983, 0.7287936254605343]",stable,0.06306224623189154,4561,"[0.9052646584932506, 0.6767966152987257, 0.3247168222023557, 0.7091101739962842]"
"[0.9101042497505424, 0.6910322343653698, 0.3826406667099102, 0.7287712324554555]",stable,0.054352277940758004,4562,"[0.8946844318487013, 0.6566922647778292, 0.36131580443754124, 0.695871140190923]"
"[0.9100867272301993, 0.6909932116726566, 0.3826164339118734, 0.728733845986973]",stable,0.2074170410870916,4563,"[0.7587170342334887, 0.6285860264135296, 0.35874158667038597, 0.6036563505186257]"
"[0.7441192569826486, 0.6214434734437125, 0.4729180785370062, 0.6401255180410962]",stable,0.09181693121066498,4564,"[0.742884515447852, 0.6788345884432284, 0.5333824814264058, 0.6785851094667333]"
"[0.7441169661820274, 0.621549950465975, 0.47303025739208854, 0.6401968716429991]",stable,0.15899195892376836,4565,"[0.6838294730712293, 0.6332386210465527, 0.6195176979905396, 0.6332207764740139]"
"[0.6434647248744213, 0.5919226207682751, 0.6795563931785729, 0.6299010063913223]",stable,0.06710011569334932,4566,"[0.6251515910409879, 0.6498718831352547, 0.665539812381921, 0.6546492004497483]"
"[0.6433544047910874, 0.5922717127102447, 0.6794719559448581, 0.6300500918976983]",stable,0.07150438954870743,4567,"[0.5976399927423304, 0.6339832454091603, 0.7152877923848846, 0.6293836417657885]"
"[0.6430806657967835, 0.5925214823671243, 0.6796864220313253, 0.6300461011783455]",stable,0.21666902225922458,4568,"[0.5228144954534863, 0.6013335110094422, 0.8571116052844492, 0.5996460028803499]"
"[0.4894355436331104, 0.5039724943043915, 0.7721367765616414, 0.5421023750773688]",stable,0.09586570546016356,4569,"[0.4534412294924669, 0.5184357929640354, 0.8597937024118277, 0.5407912018255163]"
"[0.48937545295841817, 0.5039966400450587, 0.7722831153360156, 0.5421001861403875]",stable,0.13363142857693935,4570,"[0.5744777351461988, 0.5333914580325566, 0.6763682280150438, 0.5655786727958805]"
"[0.6426723150191014, 0.5921695179365614, 0.6796666708764666, 0.6296623664855927]",stable,0.14702567002096106,4571,"[0.6339292105896371, 0.5938774191211281, 0.53709778373958, 0.5948586128928917]"
"[0.7439129147827822, 0.6214987050375588, 0.4731489009593987, 0.640112911904573]",stable,0.09776095114771899,4572,"[0.6840186460077223, 0.5810753415051999, 0.4416620069651683, 0.5822820609292118]"
"[0.7438022044892978, 0.6214239853267781, 0.4730906996765998, 0.6400060156920492]",stable,0.18623776535585557,4573,"[0.5989276573543173, 0.548546907201688, 0.5348217743189443, 0.5723740946441607]"
"[0.6424134708909074, 0.5919113959795502, 0.6788096004826351, 0.6293233826285428]",stable,0.07600757093058672,4574,"[0.6038379490221994, 0.5466410140795234, 0.6871115535533169, 0.5827320738986635]"
"[0.6421865560563855, 0.5916450996154324, 0.6788584355006979, 0.6290493161066024]",stable,0.17499413508386646,4575,"[0.5226222317761402, 0.56687629064413, 0.5971758918346747, 0.5339610001285067]"
"[0.6414873494816473, 0.5915002527793429, 0.6783807598067446, 0.6284932440833386]",stable,0.31245579342441493,4576,"[0.4173741066069954, 0.54600035571312, 0.5366238959771148, 0.4696328395237415]"
"[0.4716387186716311, 0.6209897404177898, 0.40655597915124436, 0.4944790614731308]",stable,0.18662360776252598,4577,"[0.6289727216752625, 0.5869927362891603, 0.4782240592132828, 0.5559792442667911]"
"[0.7435903419748807, 0.6213604590370408, 0.47310017081965633, 0.6398509847484601]",stable,0.04063050179651396,4578,"[0.7664915397078605, 0.6363115717620715, 0.44813101911892683, 0.6565656044049425]"
"[0.7436325172929894, 0.6213879933146191, 0.4730541871148668, 0.6398817667367778]",stable,0.12251573805748954,4579,"[0.802425102226539, 0.6944190736738286, 0.4134626734792478, 0.691542688455087]"
"[0.9099645233425674, 0.6909971002787874, 0.38265144666961165, 0.7286916312792183]",stable,0.11462044680798296,4580,"[0.8059603659323875, 0.6837552735655108, 0.3906868482000686, 0.6817451688357138]"
"[0.9098466047967508, 0.6909888895909039, 0.3826605571021859, 0.7286384039975363]",stable,0.1400700944793724,4581,"[0.8099204817419972, 0.6765475192696724, 0.33761535445604063, 0.6426338817878333]"
"[0.9097334381794748, 0.6909725346981278, 0.38260954328265456, 0.728541003632633]",stable,0.2107427753504512,4582,"[0.7866823829800522, 0.6026580124798029, 0.29745541217759325, 0.6092922120336804]"
"[0.7437116530755025, 0.6213535632027904, 0.4727313952491733, 0.6398255359376912]",stable,0.1477864684846887,4583,"[0.811170880087955, 0.6272390373390084, 0.34158101252346285, 0.6472438418864817]"
"[0.7438354314736905, 0.6213643622379027, 0.47249075234508947, 0.6398391475082394]",stable,0.21374747574506783,4584,"[0.8398108203485712, 0.64850304254274, 0.28377199137117415, 0.6510386745288694]"
"[0.9096543401955032, 0.6909244922861874, 0.3824977360972343, 0.7284533313146423]",stable,0.20339310739397165,4585,"[0.7621197223437612, 0.6039582617764601, 0.42383042894902717, 0.6268129066635002]"
"[0.7438689191859067, 0.6213324829330283, 0.4724016308736681, 0.6398152899242747]",stable,0.1761766374791243,4586,"[0.6343894970591563, 0.5551102461978106, 0.5558999606032597, 0.5520935251312843]"
"[0.6414460828977957, 0.5912886829736363, 0.6776686621369569, 0.6280490596708267]",stable,0.2070434807156178,4587,"[0.6756373228339697, 0.5840793959768535, 0.4759660963071232, 0.5970319170376792]"
"[0.743744181349797, 0.6212643785693059, 0.4724081472638572, 0.6397370753486136]",stable,0.030226895911154954,4588,"[0.7394861461550811, 0.5965232645522585, 0.4809597788543397, 0.6252359979044898]"
"[0.7437364112125804, 0.6212192305510267, 0.47242375243099316, 0.6397106135284601]",stable,0.08168559114277059,4589,"[0.8150256551394994, 0.6410163847027883, 0.46296955374946547, 0.6730133208576504]"
"[0.7438662641159081, 0.6212552909411027, 0.47240653166836744, 0.6397712741975479]",stable,0.07121653751776247,4590,"[0.787142392828363, 0.6696638376407618, 0.4487590756305247, 0.6569870323582309]"
"[0.7439449479862944, 0.6213433064805566, 0.4723635362937531, 0.6398025755760219]",stable,0.14754752306594285,4591,"[0.8149185340312968, 0.7171539518276127, 0.4229093321615528, 0.711270215656263]"
"[0.9095472940868431, 0.6909541300935789, 0.382543398917646, 0.7284339153647457]",stable,0.06325313012082598,4592,"[0.8667505714357615, 0.7120477924658891, 0.41967048588140926, 0.7098318772582186]"
"[0.9094989907881399, 0.6909779378389201, 0.3825853030790046, 0.7284129198364088]",stable,0.09541541496174984,4593,"[0.8890879825863015, 0.741822570654979, 0.4571084159723575, 0.7518355822596289]"
"[0.909475979504936, 0.6910352598601333, 0.3826693201172158, 0.7284393264456797]",stable,0.1022540314346888,4594,"[0.8684954993646437, 0.7683938953207838, 0.4320618118509741, 0.7472145886839076]"
"[0.9094298303155888, 0.691122375440607, 0.38272494229259174, 0.728460469759011]",stable,0.08546407899380043,4595,"[0.8902454665997079, 0.7572714840067634, 0.42838198855633225, 0.7502732767642744]"
"[0.9094082506038723, 0.6911967838866881, 0.38277630004991875, 0.7284850060998493]",stable,0.14509886560897325,4596,"[0.9425422558393406, 0.7899182919866744, 0.44748211018933287, 0.8060932561170562]"
"[0.9094454798232381, 0.6913077069294971, 0.3828490032073788, 0.7285722063807676]",stable,0.15997851776714803,4597,"[0.9169958388376239, 0.7902472660004433, 0.479272915245956, 0.8088810543599975]"
"[0.9094539538513126, 0.6914187502056709, 0.38295722308620994, 0.7286623397679496]",stable,0.11409976585398794,4598,"[0.9274567725511413, 0.7883817052153708, 0.4120845276697148, 0.778103623835848]"
"[0.9094741363834873, 0.6915274530700315, 0.3829898770151152, 0.7287177672164562]",stable,0.07063822183572498,4599,"[0.8684479358565709, 0.7461204010234799, 0.3757141429293782, 0.7452490400562607]"
"[0.9094281943896162, 0.6915885873902481, 0.3829817294965422, 0.7287362792801065]",stable,0.08446493765017735,4600,"[0.8703510762347257, 0.7589893843760405, 0.35424871373754613, 0.7441910811238819]"
"[0.9093844839666241, 0.6916639797806126, 0.3829495896578856, 0.7287535665304911]",stable,0.09017206137312982,4601,"[0.8636275446582026, 0.6906119579415011, 0.3205390221063905, 0.6824813560218583]"
"[0.9093333588947711, 0.6916628043372169, 0.3828798571801744, 0.7287018657366267]",stable,0.1510022522369759,4602,"[0.7946095374953792, 0.6466193900030395, 0.3220567071085609, 0.666157799474148]"
"[0.9092053189155307, 0.6916125326694332, 0.3828119742001838, 0.7286320620912444]",stable,0.14766726295746074,4603,"[0.802162878244034, 0.6445676517287079, 0.34794072291192235, 0.6454556744845392]"
"[0.7440506066618983, 0.621385455927468, 0.47213772356529243, 0.6398128352836598]",stable,0.16701731159188982,4604,"[0.835756439418172, 0.7010014109051134, 0.3718135076064873, 0.6953211591199038]"
"[0.9091234361067266, 0.6916229996462846, 0.3827997128104472, 0.728594926190496]",stable,0.20525313256310787,4605,"[0.766554713405684, 0.6158186697904674, 0.4966410403090904, 0.6729454566259163]"
"[0.7440913749712167, 0.6213753711699734, 0.4721821136318573, 0.6398728581484103]",stable,0.25581684684681194,4606,"[0.6218578878097358, 0.49337689650337874, 0.6461371318266083, 0.5777658869223208]"
"[0.6413328563365931, 0.5907227188899932, 0.6774863989559722, 0.6277584054930897]",stable,0.2711265469497022,4607,"[0.5203015974304838, 0.48868677827561396, 0.5156668640039288, 0.4785466641343257]"
"[0.47179932223189136, 0.6205530969783767, 0.4069160810814512, 0.49442647930369577]",stable,0.14346961602169533,4608,"[0.4589259977621, 0.49739205052281155, 0.46624612706145613, 0.4528439046060078]"
"[0.4717569757698197, 0.6201479619571413, 0.4071112457063854, 0.49428969451850596]",stable,0.09942839839951272,4609,"[0.4160856233769361, 0.5596551638338824, 0.4206704390822919, 0.44003587823565804]"
"[0.47157444674558074, 0.6199496249141143, 0.4071557020781097, 0.49411181315364416]",stable,0.1702355512067636,4610,"[0.3214444533242292, 0.6160460208414863, 0.3830115220830173, 0.41767263198597127]"
"[0.20453293812246884, 0.6097965692808093, 0.35503263129623797, 0.34860636218922536]",stable,0.1294187468087371,4611,"[0.31361879565321277, 0.5879939382936183, 0.38147717789450863, 0.4092266471570025]"
"[0.20463742649175115, 0.609775685534653, 0.35505796132171524, 0.34866442759628263]",stable,0.124269277321213,4612,"[0.3024743027204792, 0.5757934163602813, 0.40342996063001246, 0.39741023767694217]"
"[0.20473105029675473, 0.6097431666167827, 0.35510425031626863, 0.3487110743044938]",stable,0.11255952226702022,4613,"[0.26232007667107027, 0.580183699024325, 0.4401342578033255, 0.3840563115598823]"
"[0.2047861067273229, 0.6097149070875357, 0.3551855409544016, 0.34874486516229053]",stable,0.08779173115515859,4614,"[0.21859136934020898, 0.537079359595443, 0.39112403912392035, 0.31793408176990784]"
"[0.20479929226945554, 0.6096455321615643, 0.35521986616755297, 0.3487154374799673]",stable,0.07782020886976604,4615,"[0.19607490386252624, 0.5467657637299611, 0.35981743028629537, 0.3039396953686291]"
"[0.20479096747135733, 0.6095855323825264, 0.35522425315621586, 0.3486727125352046]",stable,0.10442850966978938,4616,"[0.1826622355170296, 0.5285891718929184, 0.3139473946290119, 0.30228905817820656]"
"[0.20476987239799763, 0.6095083194554629, 0.35518490438736244, 0.3486284955148452]",stable,0.08811597027972287,4617,"[0.15127087538572778, 0.572257134245087, 0.3250864399253672, 0.29755293213596096]"
"[0.20471892097227165, 0.6094728421362149, 0.35515623918311295, 0.348579852121151]",stable,0.14992017772939897,4618,"[0.11228367941043244, 0.568662943902761, 0.27759459054553326, 0.26951956705579866]"
"[0.2046309711705953, 0.6094340125470299, 0.3550824412300801, 0.34850462825334383]",stable,0.11190503995267935,4619,"[0.15648286624361485, 0.5527100222896989, 0.30445609003544166, 0.2819925282056488]"
"[0.20458520301001834, 0.6093800924041998, 0.3550343173221004, 0.3484414038236407]",stable,0.07006655089561405,4620,"[0.19410904161629292, 0.568116770324979, 0.308456847374167, 0.31798735415703405]"
"[0.2045752541387992, 0.6093409059634788, 0.35499008420724004, 0.3484124825988861]",stable,0.06333188317185769,4621,"[0.1497637088185944, 0.6217496795155303, 0.334568152393306, 0.3275417143900754]"
"[0.20452325077511782, 0.6093526789934143, 0.35497070856035773, 0.3483926811110219]",stable,0.22102053677554584,4622,"[0.3667968189459805, 0.6891550971130074, 0.35806246091188487, 0.47543354807637783]"
"[0.471232036197216, 0.6201757865879669, 0.4069952666494619, 0.4940507730716923]",stable,0.07753954433930696,4623,"[0.5154366896696001, 0.6664900498405539, 0.366683599123063, 0.5110298198159866]"
"[0.4713760252964746, 0.6203266473803206, 0.4068639582861837, 0.4941060794128789]",stable,0.158124812706812,4624,"[0.6089752927617325, 0.6245312004777843, 0.3853155241314849, 0.5688582346013417]"
"[0.47182277616486823, 0.6203402985267409, 0.4067939958376295, 0.49434878121543885]",stable,0.2424564932026762,4625,"[0.6540860564564196, 0.6958567135590206, 0.3626643021712427, 0.6281960409971994]"
"[0.743928616709888, 0.6215100571417439, 0.4719840705731582, 0.6398517427466902]",stable,0.14614641496183983,4626,"[0.734543055624481, 0.6762293192566563, 0.34027783802683953, 0.6093565544153335]"
"[0.7439116752638855, 0.6216088283729982, 0.4717463336913057, 0.6397966972803881]",stable,0.11662363032740403,4627,"[0.7501242594678571, 0.6221030381639396, 0.3553901147070177, 0.634953040746889]"
"[0.743922869109298, 0.62160971884109, 0.4715366828462889, 0.6397879699713188]",stable,0.07981444086510017,4628,"[0.7528414768907247, 0.6740869312508242, 0.41263671465161933, 0.6480183606194104]"
"[0.7439389097707754, 0.6217041023166471, 0.4714307476516942, 0.6398027728321967]",stable,0.13186808754605964,4629,"[0.8484561576576541, 0.6502366177654794, 0.413403735162043, 0.687595018969996]"
"[0.9090558778901909, 0.6915769123613393, 0.38283379301351134, 0.7285492692782237]",stable,0.059326251646878256,4630,"[0.8662732327556961, 0.7005087955485654, 0.4178868295756714, 0.7090363120378096]"
"[0.9090082887409868, 0.6915868477152739, 0.3828727841554047, 0.7285275640977561]",stable,0.06167031257709718,4631,"[0.8899683023597075, 0.7346275154048654, 0.4199782063461225, 0.7139881369824839]"
"[0.9089871332005632, 0.6916346706793736, 0.3829140124022833, 0.7285114091787391]",stable,0.09174279719270839,4632,"[0.8730390315944659, 0.7654668458177768, 0.3420084222706386, 0.7286434621006013]"
"[0.9089472351965608, 0.6917166153798601, 0.3828686121912604, 0.7285115557413606]",stable,0.25586302270173344,4633,"[0.7223197665114124, 0.5879714999040252, 0.47703246041685715, 0.6236011414799816]"
"[0.7439000962281194, 0.6216435410914898, 0.4714408045866406, 0.6397736855227671]",stable,0.24950691359988952,4634,"[0.571146909077433, 0.5223143007975448, 0.5790858908858191, 0.5351014653223107]"
"[0.6409294888236095, 0.5903295670618757, 0.6769208787946495, 0.6272258943426829]",stable,0.14515007182891723,4635,"[0.7147912137259551, 0.5891427034891827, 0.5555844124491398, 0.6570427056415938]"
"[0.7438479297720223, 0.6215852958628117, 0.47159159958281, 0.6398046335874962]",stable,0.04759540746366495,4636,"[0.7572924799332014, 0.6064207072050873, 0.5080106235000744, 0.6627884720474134]"
"[0.7438719808456559, 0.6215581677972345, 0.47165674989393214, 0.6398457495775854]",stable,0.0872029418162456,4637,"[0.8027541175610936, 0.5949413610572177, 0.4156525162786482, 0.656943072565741]"
"[0.7439771275183621, 0.6215106377851988, 0.4715567423339049, 0.6398762805114929]",stable,0.10725823465012634,4638,"[0.8261210846474749, 0.6193648846311703, 0.40448928019886793, 0.6558152413809912]"
"[0.7441235516843676, 0.6215068129132665, 0.47143719249052685, 0.6399046922064475]",stable,0.14240294658385386,4639,"[0.8478571123913635, 0.6113734075812841, 0.38790978691439437, 0.6892851963848169]"
"[0.9088795077876859, 0.6916275430874004, 0.38287420107676273, 0.7284680675380828]",stable,0.1266789125519767,4640,"[0.8668282787814608, 0.6231695045137741, 0.30051060614347136, 0.675468291984464]"
"[0.9088329394277675, 0.6915517313060342, 0.38278299000817656, 0.7284093745418994]",stable,0.11777167212682595,4641,"[0.8981933555933936, 0.6154398154723216, 0.304565594958572, 0.6854444889822255]"
"[0.9088211699766234, 0.6914675367088731, 0.3826964663410863, 0.7283618470136254]",stable,0.11472113036095499,4642,"[0.9250593279311085, 0.6965088032525599, 0.2773940124614583, 0.6861334345866261]"
"[0.9088391126925952, 0.6914731071691422, 0.3825801100384569, 0.7283151857844242]",stable,0.052447169640287054,4643,"[0.917561167878467, 0.7157882195453283, 0.33702711215145637, 0.7254288299068472]"
"[0.9088487396850741, 0.6914999450415221, 0.382529830791341, 0.7283119999611598]",stable,0.17893533958965993,4644,"[0.8091228898020286, 0.6213517777244194, 0.5040635300663027, 0.679512356706663]"
"[0.7442392088696304, 0.6215065370499411, 0.4714952464719784, 0.6399751684778002]",stable,0.1473557528559326,4645,"[0.6799293210996628, 0.5313195320324121, 0.5510325029354728, 0.584135351187793]"
"[0.7441249817155097, 0.6213463469877429, 0.47163652046214444, 0.6398759858538393]",stable,0.3046004379260936,4646,"[0.583610285535804, 0.491229675275823, 0.6860336565788594, 0.5756889243642522]"
"[0.6406019505191076, 0.5897632819659554, 0.6769729518105593, 0.6269313973713776]",stable,0.2527226894382344,4647,"[0.44954145003884755, 0.4844858172185023, 0.6931056324572734, 0.5003571703556587]"
"[0.48930906295355225, 0.5039641220070146, 0.772151152864551, 0.5420306144474129]",stable,0.13032524192360012,4648,"[0.38959598564953934, 0.4596838766915777, 0.7778579646383658, 0.47097666965057683]"
"[0.48914315101128264, 0.5038904443941769, 0.7721606483916289, 0.5419123882497475]",stable,0.23886576380240865,4649,"[0.3294416774942518, 0.3773024132927794, 0.8156539703734993, 0.42513870200901027]"
"[0.29917301526866347, 0.30296221909888943, 0.8397610275009669, 0.38046715894469996]",stable,0.16923509681748003,4650,"[0.29514666722844196, 0.42020467341675294, 0.7198238157741061, 0.4026837893145535]"
"[0.2670057524651094, 0.4847002046836732, 0.5878923873051665, 0.381999137218119]",stable,0.08979395291747387,4651,"[0.3313855130664156, 0.4837993799325304, 0.6412780190276297, 0.41466966286165996]"
"[0.2671687392008089, 0.48469792411468293, 0.588027540803198, 0.38208184740962164]",stable,0.0970309198020089,4652,"[0.34873570493963707, 0.514322688307136, 0.5620388153269609, 0.4168494903042306]"
"[0.2673747163870181, 0.48477273412526994, 0.587961912708561, 0.3821696444876383]",stable,0.1518489565627059,4653,"[0.33474963035132804, 0.5490733803113375, 0.47109676893231855, 0.40912686332966103]"
"[0.26754442649775945, 0.48493470048845905, 0.5876675420693261, 0.38223754680210187]",stable,0.1348576367761768,4654,"[0.3509056917284719, 0.5644817854551749, 0.6008587683702359, 0.4510542197670623]"
"[0.267753876912912, 0.4851345675361141, 0.5877006858540018, 0.3824104530155817]",stable,0.2275600693656021,4655,"[0.4403222489171445, 0.5669253979544276, 0.5969020494924849, 0.5058176534544603]"
"[0.4890620531672724, 0.50399515361936, 0.7718695211509327, 0.5418524302185261]",stable,0.2434298345011509,4656,"[0.41901824134928406, 0.6031967253708438, 0.5655785983317193, 0.49763645939692674]"
"[0.4716518877026819, 0.6202848177074662, 0.40730786186511847, 0.494359420950654]",stable,0.10539503466833222,4657,"[0.41710730736539076, 0.6282683386501322, 0.4960270339720588, 0.4802819928267081]"
"[0.47147593744352934, 0.6203105710008296, 0.4075940527428828, 0.4943140098921897]",stable,0.16052353036013334,4658,"[0.3371237009334505, 0.6422534440391111, 0.49110431095242335, 0.47813292709089944]"
"[0.47104393668304684, 0.6203811268626891, 0.4078625744734601, 0.49426198068704086]",stable,0.205155392488299,4659,"[0.30625605865438116, 0.6247684445354041, 0.5185664687448459, 0.4426956199600502]"
"[0.26785037360900593, 0.485484527127591, 0.5875274171394425, 0.3825615436595528]",stable,0.1815789632435772,4660,"[0.2994323290262136, 0.6419429000318967, 0.5258479899897801, 0.4433063030982449]"
"[0.26792932849754897, 0.48587567305985174, 0.5873732185715683, 0.38271340555814953]",stable,0.29303763998832383,4661,"[0.46905864104498085, 0.624813940193903, 0.49094885109864167, 0.512392075228057]"
"[0.4710375735560017, 0.6203953345977251, 0.40812887664213054, 0.49432008996441595]",stable,0.14974848577410585,4662,"[0.5940688808158369, 0.6452011379753032, 0.45419663952040307, 0.5617762962597436]"
"[0.4714306448252024, 0.6204745863657046, 0.40827605799317934, 0.4945356050005033]",stable,0.21611414182379274,4663,"[0.6535978657812902, 0.6655773114231561, 0.43950054398974453, 0.5970597561650584]"
"[0.7439644726447043, 0.6214247706835503, 0.4715795417804558, 0.6398000705529726]",stable,0.09496646045300525,4664,"[0.728135358082725, 0.6617417651467864, 0.3870714113894688, 0.6407918358615383]"
"[0.7439364565127363, 0.6214961281958746, 0.47142996986825936, 0.639801825889802]",stable,0.2159357540289758,4665,"[0.8613812811274243, 0.6684375742338973, 0.3100567953139779, 0.7075525618077264]"
"[0.9087964051111407, 0.6914745179513262, 0.38244992667284333, 0.7282891119367348]",stable,0.03852443266108569,4666,"[0.879668772825426, 0.6824180940268241, 0.3711946732541341, 0.7076248092514987]"
"[0.9087643262209582, 0.6914645439161671, 0.3824375310192985, 0.7282663538941299]",stable,0.05474241007901212,4667,"[0.8699333202284738, 0.6880005536453183, 0.41356876337345494, 0.7057334539834357]"
"[0.9087216078425286, 0.6914607331457922, 0.38247177879966615, 0.7282415652253612]",stable,0.07213980546736712,4668,"[0.8555034891561204, 0.7338428037699058, 0.39014321552101505, 0.7509768357228045]"
"[0.9086631263934227, 0.6915073068497747, 0.38248020894990936, 0.7282665490390946]",stable,0.06510795339285565,4669,"[0.8644085696597724, 0.734686133180609, 0.3687528994441236, 0.7131758322324483]"
"[0.9086145483948127, 0.6915547040246713, 0.38246514055308634, 0.7282499840371114]",stable,0.09858659146534456,4670,"[0.8202597752962768, 0.725500292174028, 0.3683220635616392, 0.7045767817638818]"
"[0.908517668161152, 0.6915919250643088, 0.3824496327932273, 0.7282240265784785]",stable,0.09379293633892097,4671,"[0.849609315938794, 0.7492467668981803, 0.4216481712524333, 0.7498183485473874]"
"[0.9084531464172063, 0.6916550738505453, 0.38249256657029107, 0.7282476786288278]",stable,0.0738403517694903,4672,"[0.921706918134736, 0.720649349913028, 0.4431364548307395, 0.7557864850112487]"
"[0.9084676472615363, 0.6916867962532395, 0.38255891655744695, 0.7282778086139289]",stable,0.2573597327025006,4673,"[0.7245306780985893, 0.5945570991600958, 0.5013861578427083, 0.6342186141511861]"
"[0.7439021706851494, 0.6214485327382142, 0.4714828959954227, 0.6397919615581082]",stable,0.23815818326139043,4674,"[0.622753004658518, 0.4994069157375102, 0.6024186029027958, 0.5397725424339317]"
"[0.6405005360539907, 0.5892498935214756, 0.6765493475554015, 0.6264361766046875]",stable,0.2899246791058726,4675,"[0.45260978640381294, 0.4295726440403894, 0.6561549330473393, 0.47530500971457934]"
"[0.489001601646935, 0.5038717332054644, 0.7716776229948736, 0.541742069653843]",stable,0.22852746092705373,4676,"[0.42224479892176464, 0.3591153228744081, 0.6751765413287231, 0.4094490139290297]"
"[0.29936206562757756, 0.3030484757867167, 0.8395082095498575, 0.3805116779231705]",stable,0.3768069988027504,4677,"[0.5430556470899877, 0.420877991644075, 0.5968916144392706, 0.4797605855772387]"
"[0.4890910950996553, 0.5037343263485746, 0.7713882421860067, 0.5416394513027227]",stable,0.27166161696318397,4678,"[0.6305666355031772, 0.4786407425690046, 0.5409067965590822, 0.5474118748322246]"
"[0.6404444123220652, 0.5886249830641169, 0.6757830054593772, 0.6259897116229222]",stable,0.22050249580852743,4679,"[0.7812346932503181, 0.5800213990357675, 0.5065422540229242, 0.6350998076172095]"
"[0.7439680128766224, 0.621375469010344, 0.47154472907836364, 0.6397836861543325]",stable,0.05354857556903988,4680,"[0.7893627988246676, 0.6435107185060492, 0.48229720015348426, 0.6539674250741626]"
"[0.7440479332744182, 0.6214144395200195, 0.471563659485186, 0.6398086575256702]",stable,0.18409071126901208,4681,"[0.8993819178881821, 0.6416563275260624, 0.513076027430554, 0.7271455482251961]"
"[0.9084577175026582, 0.691632118145341, 0.38270155820867435, 0.7282765711708811]",stable,0.11326240245314076,4682,"[0.8944002626728623, 0.6376596892095371, 0.477709757487888, 0.7019862924036961]"
"[0.9084423709362502, 0.6915731962796905, 0.3828052789502456, 0.7282478699931877]",stable,0.0699849246913706,4683,"[0.8698424437489942, 0.6499056538452694, 0.4008878279644828, 0.6915767282899522]"
"[0.9084002772315749, 0.6915277573021175, 0.3828249981967169, 0.7282078796532715]",stable,0.1840079663969987,4684,"[0.8141387360689569, 0.6234743856493133, 0.49754167213594125, 0.6434581487851792]"
"[0.7441711157046371, 0.6214180598119867, 0.47160931504344744, 0.639815071394316]",stable,0.15040231623026737,4685,"[0.7350401112849686, 0.53543953114707, 0.5944857520749529, 0.6466382170600555]"
"[0.6409758488330928, 0.5883261883904257, 0.6753262793167681, 0.6261057144624566]",stable,0.09254543145616279,4686,"[0.6492054073874994, 0.5141557972715711, 0.6478440191257061, 0.578772748091503]"
"[0.6410218240205475, 0.5879118286635048, 0.6751727471369298, 0.6258412844827306]",stable,0.2801139950211677,4687,"[0.5104565035260411, 0.4594341660211854, 0.5166911078275433, 0.4851515283003364]"
"[0.4715549309994089, 0.6199617187849896, 0.40862132885252445, 0.4945057194059168]",stable,0.17285448591996566,4688,"[0.40255060721251495, 0.48705226912288585, 0.4631079609831516, 0.42754780941055087]"
"[0.4713358696540536, 0.6195397840241575, 0.40879430228785973, 0.49429315461228074]",stable,0.18843469378554398,4689,"[0.36051974076475474, 0.49806526469074847, 0.4552114831727035, 0.41481481874983994]"
"[0.2681602272812577, 0.4859060710439687, 0.5870436381840399, 0.38279345895763006]",stable,0.19411002060868146,4690,"[0.31437364427713005, 0.5021618811639703, 0.3994344128694415, 0.3737630988060617]"
"[0.20462737437085432, 0.6092510763414433, 0.35501285425164597, 0.34841672890030634]",stable,0.15539281608754102,4691,"[0.3365951489007362, 0.5817213659644543, 0.4148873381362411, 0.3972899833792037]"
"[0.20475234385431065, 0.6092250065399498, 0.3550695535735064, 0.34846301039129013]",stable,0.11012386748876407,4692,"[0.2940675472167088, 0.5565719912714865, 0.3890344922981684, 0.36343309922152933]"
"[0.2048368426275958, 0.6091751929020421, 0.3551016869119403, 0.34847717320002264]",stable,0.07891854312981361,4693,"[0.27493825391879956, 0.5949932022319929, 0.36365816360985814, 0.3807197914539171]"
"[0.20490310105036633, 0.6091617883739987, 0.3551097743190271, 0.34850764826453484]",stable,0.07068225019205594,4694,"[0.24196618578464285, 0.6089307594127306, 0.29682987499815533, 0.3635312364830775]"
"[0.20493809924180567, 0.6091615702163393, 0.3550547413640499, 0.3485218348445335]",stable,0.1313834699376132,4695,"[0.26604689438989626, 0.6146657278275933, 0.2395557759093388, 0.3359908908945217]"
"[0.20499574904854914, 0.6091667628178593, 0.3549457800758851, 0.34851001319929764]",stable,0.17031232971905738,4696,"[0.2768155259484119, 0.5973202750717587, 0.20114040908667605, 0.34131432814920615]"
"[0.2050634396959571, 0.609155597419418, 0.35480081742650793, 0.34850323121527305]",stable,0.1452287719023968,4697,"[0.21433806993879373, 0.5946989093267023, 0.21491493016682997, 0.3134558327797307]"
"[0.2050721728694438, 0.6091419847187658, 0.354669098135303, 0.34847022989847876]",stable,0.0933499689721945,4698,"[0.2183254276112087, 0.6678187249975056, 0.2833136086560578, 0.35047078414623134]"
"[0.20508464065377283, 0.6091971839099969, 0.3546019716165078, 0.348472111887423]",stable,0.10423671838128121,4699,"[0.19845791865438353, 0.6535266948359881, 0.26053500677587044, 0.35124350164241147]"
"[0.20507841253159295, 0.6092388469841754, 0.3545135628149659, 0.3484747165770423]",stable,0.069027860514087,4700,"[0.17146128581073508, 0.644913578132597, 0.3089989647984564, 0.33143155832895266]"
"[0.20504684715439025, 0.6092723443843148, 0.3544708261032133, 0.3484587136115512]",stable,0.1319812654135603,4701,"[0.1566316698633728, 0.6163990144545983, 0.23774408312904885, 0.3110541273099133]"
"[0.2050014295396707, 0.6092790298159003, 0.3543613263443257, 0.3484236248814371]",stable,0.1266979190210035,4702,"[0.18050597015866388, 0.5635797783774878, 0.2549287996674948, 0.289456801916347]"
"[0.2049784722206632, 0.6092362001519469, 0.35426813747208874, 0.3483683607549468]",stable,0.059685909713036965,4703,"[0.21885915792257354, 0.5778388347407583, 0.31005793534191534, 0.3276464434796779]"
"[0.20499146911738786, 0.6092068018697266, 0.3542267421517421, 0.3483489582106816]",stable,0.05198925390116611,4704,"[0.2059857874158262, 0.5868259394842973, 0.3091292031343933, 0.33541826504347355]"
"[0.20499239925611415, 0.6091858656093099, 0.354184555492231, 0.34833686214597886]",stable,0.10631642702848261,4705,"[0.1864365745023523, 0.5452984218334037, 0.2998987364083879, 0.28564469040191637]"
"[0.2049750573638209, 0.6091261577179305, 0.3541338210818723, 0.3482782713312648]",stable,0.04617825152738638,4706,"[0.18226375545816398, 0.5796371881492327, 0.3276861544965576, 0.3413826723112299]"
"[0.20495385166643, 0.6090986236660457, 0.3541091267153127, 0.348271832863459]",stable,0.027030188009947477,4707,"[0.2175171446598558, 0.6198425406579966, 0.3330874722542846, 0.35220286636696063]"
"[0.20496557115616268, 0.6091086459766725, 0.354089516963017, 0.34827549987232415]",stable,0.07435076461132627,4708,"[0.2707022422668304, 0.5977496575468418, 0.34493893344852494, 0.37980273369916084]"
"[0.20502683552812043, 0.609098059780559, 0.35408098892619083, 0.3483048821964871]",stable,0.06299852235421215,4709,"[0.26310497531730226, 0.6062339293290844, 0.3453836597424929, 0.3709300168760808]"
"[0.20508091200837106, 0.6090953929924291, 0.3540728908543252, 0.3483259484298945]",stable,0.0853653407448779,4710,"[0.22622289225622774, 0.5507597475572784, 0.3024644132384951, 0.3205091265134876]"
"[0.20510057896674116, 0.6090411272757452, 0.3540248829681709, 0.3483000723164839]",stable,0.23629606144957116,4711,"[0.42536735827386424, 0.582472383814508, 0.33093815364603263, 0.4262710886645086]"
"[0.4711903996813315, 0.6194224821247599, 0.4085479220706388, 0.4940778949099144]",stable,0.1324868286943822,4712,"[0.5565460461257578, 0.5570584105445375, 0.3288688119661072, 0.4886801744247928]"
"[0.4714596603956672, 0.619225750037756, 0.40829656841100304, 0.4940608674004976]",stable,0.14992773571635165,4713,"[0.6079188708654746, 0.5944491484115875, 0.36547853434064387, 0.5316101122024468]"
"[0.4718887774097232, 0.6191478361961644, 0.4081619205051214, 0.4941789467866673]",stable,0.23913756452839807,4714,"[0.6778108664113951, 0.6498164165856509, 0.3303524531221236, 0.5824285529740553]"
"[0.744054694214649, 0.621467881490537, 0.47136149598744514, 0.6397143932918243]",stable,0.08682738036312333,4715,"[0.7875558139067144, 0.6491598482232266, 0.4057692488748043, 0.6637447628988231]"
"[0.7441308783121832, 0.6215163788053053, 0.4712466234005578, 0.6397564780021694]",stable,0.17598997806116382,4716,"[0.8522210706997945, 0.6770384886607153, 0.3559162098623465, 0.6936561414323529]"
"[0.9083390798388388, 0.691511973785079, 0.38279568579112394, 0.7281702415942073]",stable,0.11006721542342683,4717,"[0.8130968792137643, 0.6933041244653356, 0.3387293776618589, 0.6950241435590534]"
"[0.9082354430590508, 0.6915139238946332, 0.3827477355102434, 0.7281341740228959]",stable,0.03406870133236075,4718,"[0.8945035288615468, 0.7133010134408933, 0.3912174013187712, 0.7487666346890668]"
"[0.9082205170653579, 0.6915376055137051, 0.3827569416687309, 0.7281566006105766]",stable,0.06839504950882545,4719,"[0.8746310283369058, 0.7478355111988326, 0.36587848980368265, 0.718394801473962]"
"[0.9081840463935571, 0.6915987324471309, 0.3827386154452075, 0.7281460014801351]",stable,0.07119182083445373,4720,"[0.9170566232283508, 0.7486648840831414, 0.34970438506199863, 0.7534787213199111]"
"[0.9081936695788444, 0.6916606263209226, 0.3827027865619285, 0.7281734773151023]",stable,0.06980672607164376,4721,"[0.9474956560105267, 0.7200630494519498, 0.3400086543542888, 0.7546091786049877]"
"[0.9082362502792038, 0.6916913981769692, 0.38265653073071765, 0.7282021183782549]",stable,0.03858006305959218,4722,"[0.9289952517791836, 0.708445288791966, 0.3553956302036226, 0.722402499932314]"
"[0.9082587167310435, 0.6917095300932192, 0.3826270275916191, 0.7281958417349151]",stable,0.0625599937947238,4723,"[0.9519211844405597, 0.6973755123679071, 0.338316353823172, 0.7247603545554148]"
"[0.9083059193988376, 0.6917156554794621, 0.3825791241605181, 0.7281921276947211]",stable,0.05406775854908426,4724,"[0.9406992291421845, 0.7164140296240827, 0.41384658662894636, 0.7451134782256754]"
"[0.9083409013748024, 0.6917423275897695, 0.38261289031869133, 0.7282104012914068]",stable,0.07008766813540304,4725,"[0.9328520113877351, 0.6934211824674201, 0.443711503448155, 0.7522026423403004]"
"[0.9083673427016772, 0.6917441386522049, 0.3826788003652171, 0.7282362828890863]",stable,0.11167633734053216,4726,"[0.9500372963134173, 0.6998644353358123, 0.47814981824309377, 0.7676642528460105]"
"[0.9084122456689312, 0.6917528889719071, 0.3827816786172407, 0.7282787699256777]",stable,0.05789887195791807,4727,"[0.9366096804178856, 0.6594555551378029, 0.4191837460042014, 0.7420248880955993]"
"[0.908442598128295, 0.691718123273485, 0.38282086275866906, 0.7282935666083149]",stable,0.24917869594909148,4728,"[0.7916112039861289, 0.5408691780158872, 0.5185557113330346, 0.6430815108013346]"
"[0.7442138858745502, 0.6213753871955336, 0.4713293315962439, 0.6397622909965734]",stable,0.21273479259295103,4729,"[0.6483449318048032, 0.5013453202755738, 0.6018048281046281, 0.5716876006100633]"
"[0.6410625079526823, 0.5874309036169052, 0.6747651475867503, 0.625540430683438]",stable,0.1560153302740457,4730,"[0.5405854641838764, 0.5178627434091716, 0.6587790163642802, 0.5298855215054449]"
"[0.48917620975929865, 0.5037576791040467, 0.7712021112342353, 0.5416200233195867]",stable,0.06709994054360006,4731,"[0.49704929183923485, 0.5534182155286285, 0.7276731881187529, 0.5505352111441061]"
"[0.48918920164391905, 0.5038396271839551, 0.7711302813281041, 0.5416347348506502]",stable,0.07165451207321151,4732,"[0.4467830577370688, 0.5405676008698065, 0.813212949798134, 0.5563382386090912]"
"[0.4891193397923427, 0.5039001345541131, 0.7711996102712179, 0.5416589580858371]",stable,0.08832634361563359,4733,"[0.5288500932664123, 0.5257334403747014, 0.8305085013635907, 0.588868834163067]"
"[0.48918468642634605, 0.5039360445965811, 0.7712971577894618, 0.5417366059083326]",stable,0.06284467120545241,4734,"[0.4575440396060635, 0.4902580847825614, 0.8238429705581005, 0.5413205007235645]"
"[0.48913273134125534, 0.5039135848924531, 0.7713834399122347, 0.5417359226485874]",stable,0.19044771708187824,4735,"[0.4109178548525522, 0.40038750131639683, 0.9017560496815297, 0.49235881581857355]"
"[0.48900451023225744, 0.5037438700013448, 0.7715971655020204, 0.5416549765718169]",stable,0.21712121990998237,4736,"[0.3861280185209611, 0.3779797618831475, 0.8937876114004424, 0.4654254834031378]"
"[0.2994951422424447, 0.3031634010721407, 0.8395914601661927, 0.3806419138211459]",stable,0.16334121662529763,4737,"[0.3579325037088742, 0.42721674489007605, 0.7911865072648055, 0.455027102237106]"
"[0.2995846328419339, 0.3033533755649706, 0.839517333132653, 0.3807558268202515]",stable,0.2543193376275418,4738,"[0.29724189170901716, 0.49344090528450596, 0.6727127590061709, 0.4075103059013969]"
"[0.26823256973008297, 0.4859248144127262, 0.5872567454497666, 0.38285494365152006]",stable,0.030323266894632456,4739,"[0.2585742322079808, 0.5050852200323791, 0.5736778847085415, 0.39942933440753453]"
"[0.2682086036320132, 0.4859723588435443, 0.58722305100624, 0.3828960711720064]",stable,0.09090667205364243,4740,"[0.2794334207171758, 0.502050355486183, 0.5016288831449671, 0.359376654568513]"
"[0.2682363878327191, 0.4860121558649369, 0.5870111842541081, 0.382837854794275]",stable,0.1972056448386694,4741,"[0.22472436191484668, 0.5414810754151003, 0.4093535938734381, 0.33428119200913936]"
"[0.20511881668323567, 0.6089783391234583, 0.354076303703213, 0.34828704361731355]",stable,0.06312430204856902,4742,"[0.23659841587045782, 0.5884433992351836, 0.40471222368432735, 0.3454529307787079]"
"[0.20514804565184033, 0.6089592723269047, 0.3541233194135019, 0.34828441212906974]",stable,0.08611872367783575,4743,"[0.2586590839932295, 0.5519984875639542, 0.38982317512032166, 0.354114733323213]"
"[0.20519768483397519, 0.6089064330089429, 0.3541564361627661, 0.34828982059028885]",stable,0.06272034639718946,4744,"[0.25622752839737545, 0.6362409088322618, 0.33099169871872436, 0.35507349869964344]"
"[0.20524497847953904, 0.6089317661654057, 0.35413496745336476, 0.3482961075950241]",stable,0.06311020347330096,4745,"[0.22426275284405034, 0.601367601294297, 0.2954509305398537, 0.35925919393046557]"
"[0.20526258752987656, 0.6089247623090436, 0.35408063038214854, 0.34830625860089026]",stable,0.08626401659651597,4746,"[0.2737740244562408, 0.5947543220534937, 0.30606448316623547, 0.36384047242562073]"
"[0.20532596536237088, 0.6089116536686592, 0.35403621211460373, 0.3483206288264451]",stable,0.06787542230348012,4747,"[0.21839996805439185, 0.5713962026512551, 0.29900466661040115, 0.3488337963083001]"
"[0.2053380485441565, 0.6088769813479408, 0.353985351166818, 0.34832110310323056]",stable,0.025656608457100105,4748,"[0.18569370227482682, 0.6071324775067054, 0.33954312386170515, 0.34052751638163814]"
"[0.20531990972026973, 0.6088753705410699, 0.35397201577687787, 0.3483139068089355]",stable,0.05620525460329998,4749,"[0.1574634124071512, 0.6063880372653668, 0.35973930516333624, 0.3195156801925329]"
"[0.20527576166001774, 0.6088730759531771, 0.35397733615454063, 0.34828734017921553]",stable,0.09061513057073811,4750,"[0.12294695215018349, 0.630987705593317, 0.34606570718060703, 0.31859865048257174]"
"[0.20519988257291188, 0.6088934581003108, 0.3539700443306016, 0.3482599773315688]",stable,0.07789540114348889,4751,"[0.1332307654104832, 0.6231995065759444, 0.3555189771745123, 0.32216251618640107]"
"[0.20513361266760577, 0.6089066312572865, 0.3539714706039385, 0.3482359465202013]",stable,0.06930556741430711,4752,"[0.14581617980912615, 0.624719866705936, 0.35708174795407505, 0.3162207689765794]"
"[0.20507904281217018, 0.6089211788519955, 0.353974331944647, 0.34820649373497253]",stable,0.2268153420538285,4753,"[0.18499653129984195, 0.5313876635248894, 0.5658290475043894, 0.360373071662823]"
"[0.26803085732276133, 0.4861241941554553, 0.5869588826818866, 0.38278238619395044]",stable,0.12170617133890838,4754,"[0.20796565037119755, 0.4251432073507926, 0.6723081320419129, 0.3685912643971672]"
"[0.2678829134632747, 0.485973994680567, 0.5871691025078964, 0.3827474326919879]",stable,0.07487922528362836,4755,"[0.26641256073510056, 0.5124966516414807, 0.6524123737002554, 0.4081364199460144]"
"[0.2678793008030089, 0.4860391609138862, 0.5873294053855189, 0.3828098134960518]",stable,0.15530539012026734,4756,"[0.24253157701795175, 0.3982850950753596, 0.712859018987241, 0.3871453800259019]"
"[0.26781717402902594, 0.4858240774191839, 0.5876370760070918, 0.3828204398846054]",stable,0.21967314246931968,4757,"[0.26605267801827864, 0.35844043047520663, 0.7660544041294155, 0.3688978110697113]"
"[0.29953336073975706, 0.30343760653578133, 0.8394050044950333, 0.38073769529769713]",stable,0.2935462290344406,4758,"[0.4189251501103036, 0.4382187389197768, 0.6187858494926631, 0.4519853198936607]"
"[0.26818663118325886, 0.4857076829485252, 0.5877132343774721, 0.3829895471706911]",stable,0.3267694555005997,4759,"[0.5593719701363954, 0.5343533117682481, 0.5678330974633038, 0.5216537400249138]"
"[0.6406111790144707, 0.5871376572531004, 0.6741743627794385, 0.6249664710665401]",stable,0.20329255483431374,4760,"[0.6388342998761458, 0.5315184542689434, 0.4911913518993726, 0.5560576360723026]"
"[0.7440299773475023, 0.6212185688134628, 0.4713639948079422, 0.639616209574367]",stable,0.11572724985012424,4761,"[0.6800864390916913, 0.5442584177048437, 0.4586774960010245, 0.5828693315760022]"
"[0.7439185774550705, 0.6210844918951551, 0.4713418928936445, 0.6395173474175755]",stable,0.05153285296700745,4762,"[0.7776216151893708, 0.5898172744276149, 0.47384588467738437, 0.6163693168451045]"
"[0.7439771914337389, 0.6210301141256463, 0.471346247661964, 0.6394770899731016]",stable,0.060173982194430826,4763,"[0.7462863585265372, 0.5676478709268032, 0.456195696772072, 0.6163173663291205]"
"[0.7439812004043861, 0.6209374366200928, 0.47131994462222454, 0.639436882119553]",stable,0.03430233433235011,4764,"[0.7554023963507447, 0.6150240500682853, 0.4837355238094331, 0.6687130102231507]"
"[0.744000994504813, 0.6209271881165368, 0.47134146209048666, 0.6394876206431294]",stable,0.08010182100351537,4765,"[0.7974699435619644, 0.663922161731914, 0.4397490420471058, 0.6661470365110469]"
"[0.7440935013370918, 0.6210015738840374, 0.4712868039243216, 0.6395337441999942]",stable,0.08628388188468769,4766,"[0.8108598643415094, 0.6399219707061363, 0.4252905296049335, 0.6621947763274811]"
"[0.7442088145719873, 0.6210342515987561, 0.4712073630360325, 0.6395728824247393]",stable,0.2154620907643795,4767,"[0.6470795641750967, 0.6655828704664981, 0.2944511011170082, 0.5782339412593933]"
"[0.744041350347165, 0.6211110595623212, 0.47090261086031004, 0.6394671256296266]",stable,0.3615699635053799,4768,"[0.5207083139617733, 0.6432714596909378, 0.23533665961761657, 0.48175602060075545]"
"[0.4720418167092593, 0.6192234588403486, 0.4076201485274176, 0.4941400034443917]",stable,0.19680219353611977,4769,"[0.4636179802036448, 0.6556314911328522, 0.218263393927523, 0.45568721380386856]"
"[0.4720154922201793, 0.6193372339412626, 0.4070284086692929, 0.494019838476765]",stable,0.16040057571756372,4770,"[0.40623077570675253, 0.6502298254305595, 0.2757415072857354, 0.437361978651729]"
"[0.471810555408611, 0.619433472544033, 0.40661941520703887, 0.49384333424054994]",stable,0.21030220049745088,4771,"[0.3518270855600213, 0.6723728637577495, 0.2717707871483093, 0.39979945689724766]"
"[0.20521392152793108, 0.6089794984153281, 0.35389877721597385, 0.34825391373787906]",stable,0.10660902399913222,4772,"[0.26719901243439426, 0.6274688122155497, 0.2710632798232821, 0.3661356963746112]"
"[0.20527084080332728, 0.608996476664915, 0.35382271156180245, 0.34827033410760977]",stable,0.14360995060890422,4773,"[0.2720113222372873, 0.6905988035972193, 0.26304282840890925, 0.38390176834530965]"
"[0.20533207060280798, 0.6090713411850365, 0.3537394272653319, 0.34830302349681863]",stable,0.07285859666085281,4774,"[0.18982079277108074, 0.657139785878231, 0.3012327624258929, 0.34780288388438685]"
"[0.20531785311625278, 0.6091154002544161, 0.35369130016648737, 0.3483025650737092]",stable,0.222040976438018,4775,"[0.3799026327187641, 0.6684985171304052, 0.32604604204675103, 0.46885021159688606]"
"[0.47152512707727606, 0.6195858484588975, 0.4063691873400815, 0.4937657158472466]",stable,0.15617546355763026,4776,"[0.5640473840541581, 0.7021261765643212, 0.33389545365867523, 0.5551257968761216]"
"[0.47181157369330357, 0.6198413912703694, 0.4061448104556189, 0.4939556851383577]",stable,0.2441736914677113,4777,"[0.658359845419663, 0.6862836730169438, 0.29410694509033525, 0.5825755127255114]"
"[0.7438938778774103, 0.6212232327352207, 0.47059831539426883, 0.6393692054697228]",stable,0.24472626290352192,4778,"[0.5934199862918522, 0.6393596890683179, 0.31583285139376416, 0.5254952760117139]"
"[0.4721869083000892, 0.6199016329302397, 0.40586606984123047, 0.4940530295546335]",stable,0.13636731795739349,4779,"[0.45434526132560266, 0.610601221221347, 0.2722067020678944, 0.47598657476660644]"
"[0.47213201092478313, 0.6198730162788277, 0.4054548102480818, 0.49399744046297805]",stable,0.1583669309218354,4780,"[0.386913626519007, 0.6354998618712427, 0.27857156566653596, 0.455600100579059]"
"[0.47187060483764887, 0.6199209513880068, 0.4050655978413899, 0.4938796572118004]",stable,0.14796604827427798,4781,"[0.34704560105296955, 0.6711414535660035, 0.3607887995840354, 0.4523020771382544]"
"[0.4714888769973287, 0.6200775890093463, 0.40493019478861514, 0.49375250864888437]",stable,0.19044967341357966,4782,"[0.32576005316995693, 0.6874165066209837, 0.3209804853590529, 0.4349978963123609]"
"[0.205428148171247, 0.6091871045642755, 0.35366134520787246, 0.3483819564026823]",stable,0.1353008098871119,4783,"[0.28128348375810447, 0.6826949849116314, 0.2827399970343321, 0.39441489156002274]"
"[0.20549754921021027, 0.6092543578857278, 0.35359645833854625, 0.3484240725373185]",stable,0.16396470199366334,4784,"[0.3193387987092052, 0.5390435098903484, 0.4370208046784613, 0.3935395762351168]"
"[0.20560160885326237, 0.6091901797796991, 0.3536727145966266, 0.34846531157177724]",stable,0.25182189148276934,4785,"[0.3075050905720283, 0.49455263368574787, 0.5511498014212689, 0.37831457702945104]"
"[0.26828252986469486, 0.48572925599910377, 0.5876240552727009, 0.38297814480449294]",stable,0.11138492984260133,4786,"[0.36889922300401523, 0.49691219821032084, 0.580961319017546, 0.428950238588047]"
"[0.2685273393370533, 0.48575646510424053, 0.5876078442355838, 0.3830899990472753]",stable,0.21797509501924525,4787,"[0.37564578103771734, 0.5713815884689168, 0.6862593815208413, 0.5208397501770318]"
"[0.48881898039724175, 0.50385457003157, 0.7714574964611347, 0.5416209090981757]",stable,0.12152703762750029,4788,"[0.4433255474125429, 0.6101041182819128, 0.7346856109376159, 0.5492386752685093]"
"[0.4887446447224302, 0.504028180404528, 0.7713974116808675, 0.5416333564285194]",stable,0.1780695924655037,4789,"[0.45488178951636277, 0.673245045864726, 0.7591260938982377, 0.5837896608422896]"
"[0.48868940352307283, 0.5043042274933701, 0.7713773932179269, 0.5417021269088029]",stable,0.20871995634139487,4790,"[0.6021823985866297, 0.6231821349804483, 0.670656578600074, 0.6217441212671836]"
"[0.6404000318692629, 0.58733570383402, 0.6741550342949366, 0.6249487658478623]",stable,0.10801479055226036,4791,"[0.6684339356809056, 0.6437237158851663, 0.5928168229328079, 0.657899982584998]"
"[0.6405532226004741, 0.5876438350474144, 0.6737105631945971, 0.6251288271415077]",stable,0.2110333568055156,4792,"[0.7699138944915872, 0.663486479670934, 0.5364394205887417, 0.6817452639481212]"
"[0.7439385858097372, 0.6212958499979968, 0.4707114444409947, 0.6394420165667647]",stable,0.2306795739886957,4793,"[0.9058050088479103, 0.7134361692466424, 0.5189644215847424, 0.7666982097911258]"
"[0.9084397620107891, 0.6917414760110906, 0.382967253682138, 0.7283348619235652]",stable,0.09686523927144687,4794,"[0.9152931550914677, 0.6974999071030233, 0.4794068557355665, 0.7268688436657756]"
"[0.9084471233352582, 0.6917476612217156, 0.3830708407949774, 0.7283332872530413]",stable,0.05339022974851716,4795,"[0.8836025662108609, 0.667782466670508, 0.4223915125106509, 0.7177116659152696]"
"[0.9084204660851247, 0.6917219474936563, 0.3831130303569041, 0.7283218906636231]",stable,0.04426315721387892,4796,"[0.8738011074988491, 0.7176787615754261, 0.39177778511777067, 0.7317705027429826]"
"[0.9083833606632744, 0.6917497683018897, 0.3831223173394988, 0.7283255869252301]",stable,0.08393948632318465,4797,"[0.8657843171840734, 0.7531872224546511, 0.41808141276925986, 0.7436376649297811]"
"[0.9083377514090141, 0.6918155471607257, 0.3831597467778604, 0.7283419810130294]",stable,0.10818737348342099,4798,"[0.8815938051030066, 0.7957726672857321, 0.3879609411698699, 0.7409568462500314]"
"[0.9083091482578846, 0.6919267312464209, 0.3831648817451246, 0.7283554728475075]",stable,0.08101054525401398,4799,"[0.8683671236208905, 0.7423569786477872, 0.3371228256635509, 0.7109123558935734]"
"[0.90826647515464, 0.6919806097158668, 0.38311569151426816, 0.728336837038796]",stable,0.049162994535851184,4800,"[0.8894074801949633, 0.7273158432079342, 0.35748356363349376, 0.7158567074237747]"
"[0.908246348158952, 0.6920183207441402, 0.38308833598824815, 0.7283235177969444]",stable,0.20539633458495826,4801,"[0.7457896371624223, 0.6981829271666187, 0.4964567858529192, 0.6744248766632047]"
"[0.743941760854939, 0.6214277317770168, 0.4707556045463325, 0.6395020214725904]",stable,0.09081676433291251,4802,"[0.7147550861676834, 0.6356291742061015, 0.5555531879576191, 0.6376280990784239]"
"[0.7438917836722553, 0.6214520493154227, 0.47090080588779015, 0.6394988127013675]",stable,0.18481403240728925,4803,"[0.7103495833414879, 0.629878693130196, 0.6480236683121543, 0.6793438958639353]"
"[0.6409325506479796, 0.5878733723196035, 0.6735709605050186, 0.6254234742541296]",stable,0.12246647931805218,4804,"[0.6157444684182045, 0.65194961316088, 0.7600741394090501, 0.6781020701854265]"
"[0.640796398852143, 0.588219730378205, 0.6740385452558513, 0.6257082234213258]",stable,0.12175971321938518,4805,"[0.672537010475273, 0.6648805057236323, 0.7530292522006576, 0.6669581334437026]"
"[0.6409670473017297, 0.5886318850843631, 0.6744632264759847, 0.6259299971311235]",stable,0.10249556783206427,4806,"[0.6685007784472728, 0.6363078856351057, 0.7412776781259283, 0.6807940390586482]"
"[0.6411142865057166, 0.588886836958966, 0.674820523008872, 0.6262233877296665]",stable,0.13122089280614804,4807,"[0.6744903894198774, 0.5873142164869037, 0.7910568272953137, 0.6771312151610794]"
"[0.6412918189680259, 0.588878471956455, 0.6754388012231615, 0.626494174045791]",stable,0.15231796926033492,4808,"[0.6221639593659036, 0.5807027066935423, 0.8207624632677228, 0.6671030260236257]"
"[0.6411906133616655, 0.5888352139391909, 0.6762077094879475, 0.6267090356964673]",stable,0.16736996897924628,4809,"[0.5188387565351675, 0.5509684287748738, 0.7748282018038462, 0.5833173922162851]"
"[0.48873850670387425, 0.5043802278211902, 0.7713830134273503, 0.541769904213864]",stable,0.1399144230628053,4810,"[0.5059759904834882, 0.603705334604629, 0.8460487372028102, 0.603725273549301]"
"[0.4887665351327842, 0.5045417320598624, 0.771504421108286, 0.5418706446518078]",stable,0.13953522514102368,4811,"[0.5533634037451526, 0.585926661482608, 0.8180888887961949, 0.6225161916691198]"
"[0.4888714001792328, 0.5046738504517825, 0.771580045244143, 0.542001562747615]",stable,0.23600951675304205,4812,"[0.6726440002670845, 0.5805434416696561, 0.706814605268962, 0.6514427175670382]"
"[0.641356157503273, 0.5887915730325092, 0.6763687984131107, 0.6268392129694703]",stable,0.09803955178798518,4813,"[0.6443672719095489, 0.5430618685067126, 0.7625738260105964, 0.6357932202132359]"
"[0.6413719225001645, 0.5885521504957248, 0.6768201336361341, 0.6268860925885477]",stable,0.10015935234227659,4814,"[0.6321163360058545, 0.5839562951335039, 0.7737248995871149, 0.6500069582675364]"
"[0.6413237163205067, 0.5885282137490466, 0.6773248459587955, 0.6270065137639591]",stable,0.17467721187618968,4815,"[0.5432655021340004, 0.5663835264872268, 0.8197114293252965, 0.6155004856619957]"
"[0.48895955917753875, 0.5047738661341739, 0.7716580539703686, 0.5421206857993401]",stable,0.11515566677399398,4816,"[0.5260327358349599, 0.6006408443138864, 0.7961955432444571, 0.5878791962373482]"
"[0.48901954813653137, 0.5049289906943352, 0.7716977586455693, 0.542194728696489]",stable,0.08452963681146235,4817,"[0.5165791396420338, 0.5751594479570348, 0.8010467353672687, 0.5665267827320373]"
"[0.4890640709014837, 0.5050424486220617, 0.7717451721782377, 0.542234037345981]",stable,0.0815282245840554,4818,"[0.5145260729862097, 0.5541369659776928, 0.8109252980113437, 0.5875461103396677]"
"[0.4891051386467816, 0.5051216333274741, 0.7718083659295815, 0.5423071213346804]",stable,0.16627093748671726,4819,"[0.5847976879996448, 0.5932046698377286, 0.6957558422375877, 0.6126374346446151]"
"[0.6410308353447508, 0.588552444091475, 0.677420343348841, 0.6269320625768122]",stable,0.12164284514326774,4820,"[0.7286353306548458, 0.6046310725241522, 0.6096351524431166, 0.6745669214263036]"
"[0.6414824049082049, 0.5886353236194785, 0.677070935148296, 0.6271776030863457]",stable,0.21423999983674707,4821,"[0.799933696430769, 0.6457632408587783, 0.5617354124797201, 0.6921859412249793]"
"[0.7439875818137228, 0.6214936069078045, 0.4710560787195712, 0.6395888761689292]",stable,0.08480380840870212,4822,"[0.7877829979232664, 0.669085235490442, 0.48142712051140685, 0.6934509762896641]"
"[0.7440623180186879, 0.6215748212910515, 0.4710737767431068, 0.6396807910155518]",stable,0.18126763734842352,4823,"[0.8486189548874226, 0.7188084890945171, 0.5300778777704628, 0.7344963801558297]"
"[0.9081827795094088, 0.6920468816912088, 0.38324504125667264, 0.7283300986736596]",stable,0.13286579231452134,4824,"[0.8635456212264443, 0.6915514661276412, 0.5083474453474296, 0.7314901496098655]"
"[0.9081352425996293, 0.6920463540920995, 0.38337827065400043, 0.7283334640101199]",stable,0.2980111054312707,4825,"[0.6384410977513689, 0.680092167943713, 0.4185924448825659, 0.6071198238458899]"
"[0.7438823840829685, 0.6216745101269163, 0.47098437072630855, 0.6396253208840873]",stable,0.31648352283511416,4826,"[0.4772719966083094, 0.6020851036811237, 0.38929732504126574, 0.49121978446752484]"
"[0.4715065084595574, 0.6200227338711506, 0.4048825336003611, 0.4937447869288192]",stable,0.1098781825750991,4827,"[0.3801254983525514, 0.5969371043657211, 0.3757692791677724, 0.4453485254563513]"
"[0.4712287546294449, 0.6199525647845079, 0.40479404346530756, 0.4935976858301187]",stable,0.14352034403526143,4828,"[0.3573119508335714, 0.5966922468033514, 0.35202448311178625, 0.4280585214133837]"
"[0.4708835521936998, 0.6198820789724437, 0.40463413570666057, 0.49339908230158314]",stable,0.23315359743688505,4829,"[0.28123968223128326, 0.604547221822427, 0.32434319038514225, 0.3851678075285092]"
"[0.20567068471936104, 0.6091859396354459, 0.3536459296430088, 0.3484988298329249]",stable,0.07894373454072151,4830,"[0.2794586129600428, 0.6124828990083373, 0.3359323191018077, 0.3700119172373877]"
"[0.20573800947140547, 0.6091889478100562, 0.3536297675895953, 0.3485184585623085]",stable,0.06556331043378565,4831,"[0.2609187011720727, 0.6140040008874335, 0.3189553609125536, 0.3432137696996112]"
"[0.20578831092236322, 0.6091933371018313, 0.353598159197, 0.3485136229297992]",stable,0.09444036506476701,4832,"[0.12027758270950348, 0.5950657119614484, 0.3360944449928021, 0.3153333861762213]"
"[0.2057104322992185, 0.6091804704122681, 0.3535822177450836, 0.3484834041349417]",stable,0.06824993587210355,4833,"[0.14409980127916155, 0.5984673852972534, 0.3696921600287246, 0.32639532004435456]"
"[0.20565437167044687, 0.6091707223821361, 0.35359687647327614, 0.3484633057872706]",stable,0.06965505062500595,4834,"[0.16709181922638214, 0.5914896138978959, 0.3086514663135433, 0.3163378620562836]"
"[0.20561931480458862, 0.6091546486471505, 0.35355601700949457, 0.34843410083842424]",stable,0.05355442166723698,4835,"[0.20909819498142945, 0.59177983649947, 0.3204725714051227, 0.3102297162392348]"
"[0.20562247455043497, 0.6091388677096866, 0.3535259684667113, 0.3483994011248918]",stable,0.03556434258877181,4836,"[0.21834753598270285, 0.6008347101421578, 0.3826418970033936, 0.33475392759492595]"
"[0.205634021793114, 0.6091313321765037, 0.35355238945449413, 0.3483870186625234]",stable,0.10143948332543118,4837,"[0.17897179387594594, 0.5226603565475173, 0.36786535655894054, 0.3048324124048417]"
"[0.2056098493290005, 0.6090529360063959, 0.35356536585259424, 0.34834753125884466]",stable,0.050017443788102,4838,"[0.20571339808559097, 0.5612722782476687, 0.35616889582958267, 0.3337885362195826]"
"[0.20560994312316408, 0.6090096564250926, 0.3535677241225009, 0.34833434376333805]",stable,0.05237469028392954,4839,"[0.2234200483646489, 0.5628262482749238, 0.33964267129390285, 0.33837974437509305]"
"[0.20562606086546406, 0.6089678614855902, 0.3535551222647375, 0.3483253350761089]",stable,0.1073896045281078,4840,"[0.19294270120283805, 0.620596265262532, 0.2531886489102306, 0.3142223909165306]"
"[0.20561459309000057, 0.6089783754130559, 0.3534643750013067, 0.34829450058771866]",stable,0.10137978460570093,4841,"[0.15445445456371162, 0.6730127629912289, 0.2942056407663174, 0.3413302650213072]"
"[0.20556837796938063, 0.6090362203882845, 0.3534108440760718, 0.3482882094986795]",stable,0.1026429373555933,4842,"[0.1188096923871651, 0.6111204343245868, 0.32999691918647406, 0.298730695047665]"
"[0.2054900759065808, 0.6090381014477938, 0.35338971237490796, 0.3482434825000775]",stable,0.059847279548103045,4843,"[0.15166007366618514, 0.6305557976596033, 0.3446226655463603, 0.33623701058905714]"
"[0.20544153668003404, 0.609057504239689, 0.3533818070125738, 0.3482326561052073]",stable,0.07886360703017124,4844,"[0.1604118150708161, 0.6492562189893615, 0.3051680421843422, 0.3323805616326135]"
"[0.205400969363269, 0.609093719298022, 0.3533383711884042, 0.34821837493901575]",stable,0.05057381458869547,4845,"[0.16204971421485953, 0.6007464552855287, 0.3484155172438397, 0.32404260004646124]"
"[0.20536194933163227, 0.6090862060090818, 0.35333394017675296, 0.34819661456557516]",stable,0.10282073216585139,4846,"[0.12480773388991032, 0.6434792937647851, 0.308276326640364, 0.3187000331581595]"
"[0.2052895084904077, 0.6091171350448334, 0.3532934207401195, 0.34817008886287065]",stable,0.12471921225270627,4847,"[0.1813161634726397, 0.7179342246223875, 0.29945840884809916, 0.36368759974739245]"
"[0.20526796909686074, 0.6092149042178591, 0.35324505145719765, 0.3481840309211676]",stable,0.1250056993678263,4848,"[0.16947868662072585, 0.7124858004762452, 0.29353287498440256, 0.3589139004988566]"
"[0.20523584227237587, 0.609307606997265, 0.3531914498625183, 0.348193662761004]",stable,0.0981908866155449,4849,"[0.19580428235742137, 0.6834218226719672, 0.28984357909914593, 0.3413653249992771]"
"[0.20522738347424588, 0.6093740771458523, 0.35313463562864983, 0.3481875386912625]",stable,0.121318253883975,4850,"[0.23483920981333695, 0.697209901432491, 0.2795206571223367, 0.3747790525007271]"
"[0.20525391736881496, 0.609452783081593, 0.35306867328231806, 0.3482113662125972]",stable,0.09260416264876478,4851,"[0.21306800501209677, 0.6757065383214703, 0.2912796011294915, 0.36573339387178155]"
"[0.20526091297100232, 0.6095120970970271, 0.35301335629740055, 0.3482270528980575]",stable,0.10971420225943301,4852,"[0.1823291756926711, 0.6783741352396572, 0.27081249247009753, 0.3447086311340386]"
"[0.2052404015780879, 0.6095736910488542, 0.3529398313744781, 0.34822390583029006]",stable,0.09199650194728716,4853,"[0.18533135210824997, 0.6920239975053342, 0.3244511756755758, 0.36960917135229593]"
"[0.20522260975550538, 0.6096473731815231, 0.35291437234346923, 0.3482430168808012]",stable,0.07599292281489145,4854,"[0.20118402968346186, 0.6486761279526412, 0.40584744644197435, 0.38610408073867286]"
"[0.20521900388044106, 0.6096822202839972, 0.35296163401677144, 0.3482768214021029]",stable,0.07480131962594537,4855,"[0.2348969700827614, 0.6554544539978026, 0.40257548240186997, 0.36083963992128926]"
"[0.20524547842656266, 0.6097230518930192, 0.3530058925791132, 0.34828802819828414]",stable,0.06341526142555981,4856,"[0.24861517022616014, 0.6298299195963122, 0.38072110124497804, 0.37940307752573765]"
"[0.20528413234082257, 0.6097409724524696, 0.3530305941911149, 0.34831575997130326]",stable,0.039860932048863144,4857,"[0.18816346249599222, 0.6438089220539825, 0.364466389475504, 0.34622435756365444]"
"[0.20526888686455824, 0.6097713090059883, 0.3530407774460431, 0.3483138976361228]",stable,0.06661310273646606,4858,"[0.14316798931938648, 0.6021160662503497, 0.3664215988224935, 0.3297899979952039]"
"[0.20521363695571024, 0.6097644982917929, 0.35305268209139584, 0.348297417298364]",stable,0.04273429053985935,4859,"[0.18982329266813291, 0.5982398502694339, 0.3224228197174372, 0.3255300962093988]"
"[0.20519995664967683, 0.6097542541602174, 0.3530254555470634, 0.34827717967961824]",stable,0.15308384316759086,4860,"[0.1235630406658617, 0.5360692412255095, 0.28770872506674744, 0.2641681993280247]"
"[0.20512745494809262, 0.609688814539494, 0.3529674477935285, 0.3482024825389863]",stable,0.18597068014404425,4861,"[0.1006281439522397, 0.5033480345507646, 0.3104444256335168, 0.2454969862284274]"
"[0.2050347315133137, 0.6095944571481996, 0.3529297166292339, 0.3481113507765102]",stable,0.1571901540732767,4862,"[0.08750006209360169, 0.5418722690383528, 0.32178156728596957, 0.27505080018945455]"
"[0.20493053411134585, 0.609534419747393, 0.35290210302166014, 0.34804658078485495]",stable,0.13350480075560225,4863,"[0.12099993412557253, 0.5478533497564161, 0.32999354973395667, 0.267735747133013]"
"[0.20485619345591113, 0.6094797863815905, 0.352881812009005, 0.34797544629977806]",stable,0.08152666833804643,4864,"[0.17575817859534482, 0.5440883640875744, 0.38693625255704456, 0.32889246564156377]"
"[0.2048304430002823, 0.6094219178662861, 0.35291194868205633, 0.3479585587062752]",stable,0.04088104790384287,4865,"[0.18777089251407686, 0.5876263521339226, 0.3765761971353828, 0.3293793102158125]"
"[0.20481535940126708, 0.6094026468090514, 0.35293287197865514, 0.34794213143086367]",stable,0.0901127137057263,4866,"[0.15225410839148268, 0.5586707164533385, 0.3266399980100876, 0.30219749147651764]"
"[0.2047689272007284, 0.6093578306161577, 0.35290964505818817, 0.3479017209715401]",stable,0.19832773880896276,4867,"[0.15336994459041522, 0.4844809222766421, 0.4865646251628033, 0.291032215746859]"
"[0.268247831097377, 0.48575336912650363, 0.5873625937038537, 0.38286655782567236]",stable,0.08764564856815737,4868,"[0.23102148616083426, 0.4224818764541886, 0.6106587741684831, 0.3410339730815391]"
"[0.2681576946689592, 0.48560016938637696, 0.587419000920475, 0.3827652682742338]",stable,0.13682289952029747,4869,"[0.24510869427813872, 0.38970122930384304, 0.6767482627182012, 0.3509387747217664]"
"[0.26810202075497175, 0.48536852943448683, 0.5876347720842378, 0.3826883926859428]",stable,0.15178903811893435,4870,"[0.25031647896345743, 0.3940261830381942, 0.7051122478632449, 0.35862171373628127]"
"[0.2680591640277633, 0.48514842739497765, 0.5879178503391269, 0.38263040068847376]",stable,0.2120740228816146,4871,"[0.2507216871826731, 0.3747238297079265, 0.7669443532145517, 0.36187654389784374]"
"[0.2994588391007386, 0.3035464404642884, 0.8392943775465134, 0.38070889964670496]",stable,0.08930133694144551,4872,"[0.26026795697543376, 0.3717865148620744, 0.7971680634321732, 0.3834419278380368]"
"[0.29939909690237687, 0.30365046496794357, 0.8392301606042659, 0.3807130658482161]",stable,0.22557075715359956,4873,"[0.4285474602078243, 0.4169669321697455, 0.707136752317099, 0.4432716502819701]"
"[0.4890076222563807, 0.5049796772869625, 0.7717042248448593, 0.5421476439255778]",stable,0.18695594136789273,4874,"[0.5649541588985849, 0.5028845944351199, 0.6009873064582902, 0.5481469763256619]"
"[0.6410899523645658, 0.5881955762903279, 0.6766807626934754, 0.6267723178209064]",stable,0.22418086704296608,4875,"[0.6228929163714139, 0.5139681133728535, 0.47770922255135023, 0.557299020853614]"
"[0.7436766196820985, 0.6214913359827768, 0.47099580754914033, 0.6394853101697497]",stable,0.1132803473936715,4876,"[0.6828622525716858, 0.5401896352875033, 0.46109799631115556, 0.5902296845484644]"
"[0.7435733694832694, 0.6213533025350768, 0.47097900311579904, 0.6394016843197985]",stable,0.08974624105530916,4877,"[0.768509617291025, 0.5575279024742503, 0.4191837381192705, 0.6133989890779067]"
"[0.7436156343100622, 0.6212451238909059, 0.4708912145310592, 0.6393576119549818]",stable,0.11472632066461645,4878,"[0.8239004435652709, 0.5945642166977232, 0.39345673294266736, 0.6422745124642418]"
"[0.7437514800110016, 0.621199978531865, 0.47076019171957295, 0.6393625474888384]",stable,0.16491130781219723,4879,"[0.8716503953131357, 0.6380838304299122, 0.3793057720649114, 0.6861453603540418]"
"[0.9080964289323034, 0.6919889471520333, 0.3833739382086929, 0.7282885830487836]",stable,0.09738572250056694,4880,"[0.8582345958704787, 0.6424877542811801, 0.37025114617959204, 0.6621432825022163]"
"[0.9080434407994002, 0.6919363422711929, 0.3833599926273655, 0.7282182904870976]",stable,0.09933928978210178,4881,"[0.8254338800888815, 0.6948501554010241, 0.3593577837711084, 0.678626369404198]"
"[0.9079557448750791, 0.691939435491076, 0.3833345125755011, 0.7281656451356296]",stable,0.05778098973135802,4882,"[0.8864963754414638, 0.7007943476477678, 0.34182062340158936, 0.6953582408768292]"
"[0.9079329883857539, 0.6919488256418252, 0.38329048936322757, 0.728130854675122]",stable,0.07907485289338202,4883,"[0.893917493023945, 0.6717032217635742, 0.31569801516287466, 0.6953014287746787]"
"[0.9079181414627012, 0.6919273790275474, 0.38321888716598146, 0.7280960777409053]",stable,0.11579563712044096,4884,"[0.8484686042039384, 0.677041104503231, 0.29205506971026685, 0.6914635878782759]"
"[0.9078552318994644, 0.6919116263560932, 0.3831224175178802, 0.7280573132013682]",stable,0.05279010054453719,4885,"[0.8996890703460927, 0.6949335684784186, 0.3328463151509749, 0.7145188525212038]"
"[0.9078465995933827, 0.691914820798083, 0.3830692715322915, 0.7280430019321503]",stable,0.03423417661332223,4886,"[0.9127830187603486, 0.7002300767671769, 0.35034518295470657, 0.7308000219057768]"
"[0.9078518122852168, 0.6919236014274062, 0.3830347160005305, 0.7280459132520802]",stable,0.06994643176671032,4887,"[0.9175797707346223, 0.6849728482730029, 0.317878377365813, 0.7055913211247163]"
"[0.9078620738447626, 0.6919162694093108, 0.382965985685515, 0.7280222269734649]",stable,0.052128846212449585,4888,"[0.8841374887603363, 0.6579969364727931, 0.37621288206733655, 0.6970636237317673]"
"[0.907837074281976, 0.6918805272249731, 0.38295886966484255, 0.7279896046307445]",stable,0.017347365463142524,4889,"[0.8994598745604466, 0.7045305792364117, 0.37641834428895404, 0.722702703340509]"
"[0.907828256177006, 0.6918938430691958, 0.38295198490128896, 0.7279840394714916]",stable,0.08080862092831577,4890,"[0.8439702168757057, 0.6834603613094806, 0.3468154480717701, 0.6951936273925439]"
"[0.9077611078706955, 0.691884975054727, 0.38291398643984886, 0.7279495595429122]",stable,0.056780265695450687,4891,"[0.9140966857280299, 0.6905336742326427, 0.3418520131572509, 0.689272080800276]"
"[0.9077677628894533, 0.6918835556210904, 0.3828708541149722, 0.7279089319391909]",stable,0.2227233399059042,4892,"[0.7432250718319866, 0.6704389246190836, 0.3261171947561222, 0.5906116671850254]"
"[0.7437505908079965, 0.6212831524272826, 0.4705158623328104, 0.6392801980288657]",stable,0.21987724781097573,4893,"[0.5829052643483555, 0.6621973482375425, 0.35319739851956916, 0.5553922269560018]"
"[0.4712219863693937, 0.6200099196650876, 0.40447873770911646, 0.49358637276881706]",stable,0.08562738390545437,4894,"[0.5325203021108241, 0.6622667232933963, 0.3775352438762523, 0.5261896862346741]"
"[0.47140661985054255, 0.6201371991940885, 0.40439758260721026, 0.49368457552022027]",stable,0.06971289478595465,4895,"[0.43467074982304577, 0.6458074050394834, 0.3592474494775256, 0.4651737080660853]"
"[0.4712963019225321, 0.6202142868993299, 0.4042619966218358, 0.4935989572996373]",stable,0.1941943794915423,4896,"[0.32119263060187336, 0.5968534480240361, 0.3650834825294093, 0.37914521064747697]"
"[0.20487168422049992, 0.6093467940913633, 0.3529203898397162, 0.3479292968671058]",stable,0.09951267130421393,4897,"[0.2907943714385416, 0.628087635890141, 0.3619373759195582, 0.3936188841057778]"
"[0.20494745378594795, 0.6093633204068825, 0.3529283413265591, 0.34796958750840973]",stable,0.07861354732989455,4898,"[0.2764182967056947, 0.6209721253264615, 0.3355980275508933, 0.37320655065587627]"
"[0.2050104236916041, 0.6093735484288381, 0.3529130723276378, 0.34799182271823126]",stable,0.12504764750553873,4899,"[0.3005200572626072, 0.6431030573417155, 0.3422323296419439, 0.42053881442691826]"
"[0.2050944990732687, 0.6094032398979514, 0.35290367026541447, 0.3480556845067072]",stable,0.13744195259966593,4900,"[0.29708032294165454, 0.678419234710101, 0.3141420965115126, 0.41257879200993647]"
"[0.20517540129302986, 0.6094639399813394, 0.3528695791715236, 0.34811243306211903]",stable,0.1353537095619715,4901,"[0.31547611623658933, 0.6543010172400754, 0.310675744961029, 0.3967302881427127]"
"[0.205272326350098, 0.6095033398734824, 0.3528325019885618, 0.3481551552546327]",stable,0.11911211884516436,4902,"[0.3095286202358871, 0.6187318394182744, 0.3540335396038747, 0.4050033244932538]"
"[0.20536385953173608, 0.6095114421557868, 0.35283355645530046, 0.34820506585097916]",stable,0.07258962476582742,4903,"[0.2591405862358569, 0.6225821200975495, 0.31388349150502354, 0.37446086725078126]"
"[0.2054110320990204, 0.6095229076627533, 0.35279938973165986, 0.3482280972557158]",stable,0.025285518936247215,4904,"[0.22629602460035828, 0.6094677659471143, 0.3392545964335993, 0.35266770196766783]"
"[0.20542933621164206, 0.6095228593352199, 0.35278751874717423, 0.3482319882326763]",stable,0.049579716269457924,4905,"[0.2061186946176143, 0.5783734132253937, 0.3186181147350876, 0.3303480041447305]"
"[0.20542993985297825, 0.6094955831127069, 0.3527575980781619, 0.348216328001426]",stable,0.07007968157862063,4906,"[0.20531409628993225, 0.6674789562475794, 0.31966442769264436, 0.36952169972235627]"
"[0.20542983850252938, 0.6095463122230611, 0.35272864517318775, 0.34823496787169805]",stable,0.05584030360245195,4907,"[0.15437955282236326, 0.6319454613625384, 0.35099303583382735, 0.34553800357159803]"
"[0.20538521412693486, 0.6095658918988823, 0.35272712803215683, 0.34823261038542175]",stable,0.0793221202718256,4908,"[0.19800402882891396, 0.6453176605762053, 0.2859180943115441, 0.3259642265694494]"
"[0.20537876767689292, 0.6095971161510023, 0.35266877953109077, 0.3482131620152768]",stable,0.0975486689962287,4909,"[0.1526847102424617, 0.5789683090142679, 0.29450122874950074, 0.29904517096942945]"
"[0.2053327868239833, 0.6095703894432041, 0.3526180225059759, 0.3481702580091286]",stable,0.1057365739226188,4910,"[0.12822846317609843, 0.5944526855804386, 0.3039338904501332, 0.2968238203957688]"
"[0.20526556422272096, 0.6095572092305949, 0.35257557775265785, 0.34812549215244737]",stable,0.08456525476927369,4911,"[0.13424522808095873, 0.5928666316105239, 0.3627721252127801, 0.3065941882106599]"
"[0.2052036998184163, 0.6095426703999154, 0.3525844597626405, 0.34808931505842144]",stable,0.0421922235070686,4912,"[0.17055449844797327, 0.5910152123360708, 0.34272435189776085, 0.336294055864731]"
"[0.20517354385551775, 0.6095265455452036, 0.35257587829365455, 0.34807904938462364]",stable,0.07870095944070456,4913,"[0.17436782070758966, 0.5504905507317918, 0.34575490450582336, 0.30668975039083585]"
"[0.20514675627017173, 0.6094752098975397, 0.3525699470120999, 0.3480430586898464]",stable,0.14303566190041633,4914,"[0.1184804747924806, 0.5801497785763814, 0.262471077731494, 0.28503219405283214]"
"[0.205071459761503, 0.6094497316774518, 0.3524916682377467, 0.3479883142375119]",stable,0.10090327633230908,4915,"[0.14710421657883901, 0.6252368373957004, 0.2742059824877993, 0.326931519797295]"
"[0.20502114097401805, 0.6094634357622767, 0.35242371191331096, 0.3479700357701159]",stable,0.06738938958107189,4916,"[0.1830181161806053, 0.641849963161543, 0.29914324692100247, 0.33495075693947757]"
"[0.20500205769145657, 0.6094915246845658, 0.3523775016227712, 0.34795874411458194]",stable,0.09585420937152138,4917,"[0.14196329218381618, 0.5892070502325382, 0.3158924761559667, 0.2890390826219711]"
"[0.2049474313781917, 0.6094739471503785, 0.352345885482852, 0.34790768721554155]",stable,0.10845844403633775,4918,"[0.12301717466186046, 0.5762805241672007, 0.31537330450499945, 0.2970953654453701]"
"[0.20487649609099143, 0.6094452082560208, 0.3523138745902305, 0.34786369386335964]",stable,0.09320171163213446,4919,"[0.13661369070581844, 0.5725974685711531, 0.35731709573174647, 0.2964442392724087]"
"[0.20481744522128106, 0.609413333048681, 0.3523182026362007, 0.34781921336630867]",stable,0.05768040857837449,4920,"[0.16532774529776084, 0.578250766550111, 0.3736432711110763, 0.32933329879649054]"
"[0.2047833141063947, 0.60938639911048, 0.3523366339831971, 0.3478032359120564]",stable,0.062022266050579714,4921,"[0.1498520959486833, 0.6001238438851, 0.3611771934719187, 0.3220084237130508]"
"[0.2047358778212844, 0.6093784003581264, 0.352344268317816, 0.3477809605992766]",stable,0.06959271077392377,4922,"[0.1666684105745223, 0.6575593070082211, 0.3839046679971377, 0.35653051697294696]"
"[0.20470303272443646, 0.6094199714596364, 0.35237149903367393, 0.3477885098282444]",stable,0.041537420960426986,4923,"[0.1861977785170866, 0.6244106849596306, 0.3243761119198646, 0.32843780658846183]"
"[0.2046870799190853, 0.6094328944885158, 0.3523473650792655, 0.3477718281875204]",stable,0.015546752021629303,4924,"[0.19146085124655254, 0.6102461511128491, 0.34605845869211505, 0.34261851433713797]"
"[0.20467568781859216, 0.609433594967951, 0.3523419482778985, 0.3477673895020334]",stable,0.04311274367818147,4925,"[0.18761394017227911, 0.6434928765415825, 0.3341919809721168, 0.3389271711675549]"
"[0.20466100473111684, 0.6094629058815255, 0.3523263286846921, 0.34775978174098826]",stable,0.08605737434065253,4926,"[0.14776455130955923, 0.6111657874706014, 0.29860883666356447, 0.3119799478717624]"
"[0.2046120825871602, 0.6094643700961334, 0.3522801399555252, 0.34772901662158223]",stable,0.09623598470971992,4927,"[0.15791062681758264, 0.6219927943571871, 0.2794653425037861, 0.30746262071073766]"
"[0.20457196106158498, 0.6094751333472168, 0.35221758428761135, 0.3476944234979475]",stable,0.06605002731634023,4928,"[0.16972633614448374, 0.6652751296166234, 0.3505972858563626, 0.35336219042627903]"
"[0.20454205065393083, 0.6095230303397227, 0.3522161934735073, 0.34769928853393745]",stable,0.08220423586141093,4929,"[0.21441548509642783, 0.6695872081583827, 0.34229576015656277, 0.40204936886175885]"
"[0.20455051843647157, 0.6095745433567199, 0.352207685383184, 0.34774590095274344]",stable,0.05641812116044501,4930,"[0.2352528524000671, 0.6394497315103753, 0.3225946139730183, 0.36944636682107485]"
"[0.20457682720593479, 0.6096001433465688, 0.35218231000065603, 0.3477644960391773]",stable,0.04199567851152398,4931,"[0.18144487710833562, 0.5950214099658802, 0.38394137937155165, 0.35047962845489744]"
"[0.2045570224541389, 0.6095876615542907, 0.35220950098470644, 0.3477668206388483]",stable,0.04644145978676098,4932,"[0.20913602451406563, 0.577802514654866, 0.3677763428056374, 0.3180478065306274]"
"[0.2045609394789977, 0.6095604715227256, 0.3522228173592325, 0.347741398043375]",stable,0.050652518748968214,4933,"[0.2215164864589998, 0.6441730282374896, 0.37964578695353207, 0.3658559981913465]"
"[0.2045754313994934, 0.609590054904533, 0.35224625579478314, 0.34775688060760407]",stable,0.06450099669271747,4934,"[0.20936928040888125, 0.665793306041312, 0.36632110764677706, 0.37569414412838775]"
"[0.20457952520735798, 0.6096380508491418, 0.35225827530960124, 0.347780738219492]",stable,0.10328694471419007,4935,"[0.13534927235827893, 0.5910226256909685, 0.3226300700895084, 0.27958249454371065]"
"[0.20452045502574612, 0.6096221673805767, 0.3522329952710176, 0.3477225485917823]",stable,0.07710257910193238,4936,"[0.14175828729616824, 0.6291640143790022, 0.32461053642880033, 0.31838257603804226]"
"[0.20446694934140716, 0.6096388270966879, 0.35220944671275484, 0.3476975358274569]",stable,0.08586633180919079,4937,"[0.1746853761407793, 0.6819461740357691, 0.3364581948917216, 0.37947221884339655]"
"[0.2044415817322073, 0.6097004176818149, 0.35219602997355465, 0.34772460114518766]",stable,0.07637981271225616,4938,"[0.1622398266067911, 0.6729347041166688, 0.35785140875956767, 0.34299920548394336]"
"[0.20440566534486654, 0.609754234095802, 0.3522008430618832, 0.3477205795318589]",stable,0.06993460678291089,4939,"[0.14611328447230942, 0.6319070942340135, 0.3374901533340028, 0.3196903466838076]"
"[0.20435609699378443, 0.609773071561906, 0.3521883339719786, 0.3476967442998452]",stable,0.08808173818350737,4940,"[0.18841293574705675, 0.6171488011963682, 0.2673373578148664, 0.33188160381886067]"
"[0.20434255140224092, 0.6097793381121476, 0.352116243083145, 0.3476833074770067]",stable,0.09847244759870648,4941,"[0.20751280552882656, 0.6455264891667705, 0.26650287527638505, 0.31483114059085937]"
"[0.20434524261966588, 0.6098096837412262, 0.35204356620045674, 0.347655419389667]",stable,0.10736054518413748,4942,"[0.2239138499955289, 0.6699398183794223, 0.26834724807581595, 0.37051694839312355]"
"[0.20436184025102794, 0.6098606847035997, 0.3519725769569244, 0.3476748099995088]",stable,0.08694643574586576,4943,"[0.18593606147487515, 0.6477311081919409, 0.2759545269152015, 0.35036933371809903]"
"[0.20434622518426848, 0.6098927782828271, 0.3519081548806179, 0.3476770934941856]",stable,0.16583423183046042,4944,"[0.31570772397755287, 0.6234241180149009, 0.4368571193409209, 0.4354277932947546]"
"[0.20444051942541436, 0.6099042358101193, 0.35198008457110075, 0.34775139552619283]",stable,0.3052708895599344,4945,"[0.384161806765505, 0.6025329501472221, 0.5635112145869425, 0.4746009917866117]"
"[0.4710354202005051, 0.6201613487653416, 0.40473879068759966, 0.4935420771633708]",stable,0.2732898592876298,4946,"[0.35243573881528073, 0.6075989589233981, 0.6505922403947971, 0.4979839678987781]"
"[0.268261992332541, 0.4854427796342287, 0.5880685099306069, 0.38290769291734467]",stable,0.24072637441774655,4947,"[0.3677390028351143, 0.6022716076771721, 0.7285630411150705, 0.504010225372922]"
"[0.4888126566303015, 0.5051360951814804, 0.7716348660285736, 0.5420863297478404]",stable,0.141767189895311,4948,"[0.37406679556260264, 0.5784192064692404, 0.7849085344562905, 0.5048745194572575]"
"[0.48862847386775304, 0.5052537245735955, 0.7716561720774142, 0.5420265997152712]",stable,0.15661802281420054,4949,"[0.4825504886684148, 0.5860547993991544, 0.6378289801227051, 0.5493568225425755]"
"[0.4886187335068567, 0.5053832134755596, 0.7714417054236407, 0.5420383468672381]",stable,0.3510537719262499,4950,"[0.5918796134706956, 0.6564058782059273, 0.47781910350832085, 0.6016526390710186]"
"[0.7434944846067533, 0.6213423813071792, 0.47052817808521424, 0.6392167451469807]",stable,0.0390145317268584,4951,"[0.7146390527196311, 0.6157002961249876, 0.4572167955518372, 0.6172970803155857]"
"[0.7434459064385932, 0.6213328828472765, 0.4705057683503096, 0.6391798433543352]",stable,0.09738768177686062,4952,"[0.7768632324032194, 0.5981959462836067, 0.38238659189887547, 0.6473856824470013]"
"[0.743502070011643, 0.6212939972396065, 0.4703576688940887, 0.6391936346805415]",stable,0.2531007750127007,4953,"[0.5386366008657373, 0.6533408602308521, 0.3646164516846702, 0.539785710352807]"
"[0.4712372147696551, 0.6202603920831491, 0.40461902251147147, 0.49368011785945864]",stable,0.09651552491128802,4954,"[0.42293313634001223, 0.6158873655581413, 0.32854869127080805, 0.45938516342135366]"
"[0.4710934526314716, 0.6202473771232532, 0.40439262271611237, 0.4935780495426786]",stable,0.10008497173875422,4955,"[0.4285351506311234, 0.6055475847147535, 0.33238235423483575, 0.4406230702187674]"
"[0.4709671668688593, 0.6202037575612102, 0.40417894239420943, 0.4934209131055157]",stable,0.12812979263827332,4956,"[0.3909394332213693, 0.5991673229571932, 0.3405153457293303, 0.4191429184663507]"
"[0.47073039842611525, 0.6201415195890089, 0.4039905885579228, 0.49320115572492645]",stable,0.17304560839290642,4957,"[0.3310217562772778, 0.5974759626142292, 0.35458938603988693, 0.40676001037276077]"
"[0.20454761015033132, 0.6098937211965864, 0.3519822921019542, 0.34780131821218824]",stable,0.13926570093816962,4958,"[0.3330306596350706, 0.5799267959608125, 0.3650357702407666, 0.3904467347688924]"
"[0.20465621796899974, 0.6098683898988384, 0.3519933263184705, 0.34783736674689386]",stable,0.1876116171151762,4959,"[0.2956147012091666, 0.6093713680240256, 0.49767030743815166, 0.42335321504598794]"
"[0.268327586358624, 0.4857399704936767, 0.5878517276704331, 0.3830046845771256]",stable,0.17438721748158786,4960,"[0.32072377996429213, 0.6207158449098465, 0.5832867749022405, 0.4800933813879412]"
"[0.26845293610409215, 0.486062879284146, 0.5878408067307963, 0.3832369541867208]",stable,0.17061740490707356,4961,"[0.373759510458145, 0.5961652811103535, 0.5840985759900338, 0.45994602194420214]"
"[0.2687042644438393, 0.4863256535128482, 0.5878318753925129, 0.38342003072074826]",stable,0.17898908086971577,4962,"[0.35816751006445263, 0.530625983419226, 0.712649201402542, 0.463990091236449]"
"[0.4884100115493488, 0.5054236019074694, 0.7713476374172069, 0.5419134696582287]",stable,0.29866047673943225,4963,"[0.2724158360051428, 0.41246574776008577, 0.7086010406459111, 0.368805704254311]"
"[0.2687131015189853, 0.48614979659438917, 0.5881194210240687, 0.38338523470535196]",stable,0.25612012682389046,4964,"[0.26671680933541647, 0.31670665788996244, 0.7778247173932916, 0.3534777530784871]"
"[0.29934935217244235, 0.3036703374077031, 0.8391366972203832, 0.38067161179529413]",stable,0.08103806725780129,4965,"[0.2704446340438934, 0.3371177424785413, 0.7749952428762614, 0.35833709717246726]"
"[0.2993054240293898, 0.3037211693303032, 0.8390392178064863, 0.38063766876395244]",stable,0.06482129337611467,4966,"[0.3259376483260252, 0.31636705124444203, 0.8820258865215501, 0.4191701574891962]"
"[0.29934583711633467, 0.30374035883244904, 0.8391044479562816, 0.38069613991528056]",stable,0.09303707174146804,4967,"[0.2954412027023381, 0.33232791962516484, 0.9185105425295195, 0.41965860981733993]"
"[0.2993399210035862, 0.3037836733184986, 0.8392247602207864, 0.3807551739605867]",stable,0.10240394116443932,4968,"[0.2952066117359341, 0.349499348124478, 0.9222501208359415, 0.4193083773588166]"
"[0.299333667888204, 0.3038528347024714, 0.8393503659100681, 0.38081349953305005]",stable,0.10649467957008284,4969,"[0.2932209597113118, 0.3613160018200677, 0.9231658380810003, 0.4120657414535533]"
"[0.29932443419005156, 0.30393963706971844, 0.8394769753846465, 0.38086070835770336]",stable,0.12772465251109652,4970,"[0.2746811522867546, 0.38501853366237954, 0.916579388888507, 0.43732065766082684]"
"[0.2992872648357479, 0.3040619280148054, 0.839593268617684, 0.3809458666522782]",stable,0.2679488233376148,4971,"[0.46092263102424386, 0.4603504033395618, 0.8235452362852201, 0.5258146122948161]"
"[0.48836610199579433, 0.5053515999928242, 0.7714310201630025, 0.5418877526336866]",stable,0.14769960584990896,4972,"[0.5920046521147979, 0.4835872234921546, 0.6692261743131722, 0.5543258351948686]"
"[0.6408395171592098, 0.587661860204623, 0.6766427290792901, 0.6264026929095491]",stable,0.10557176006775057,4973,"[0.7052500475550613, 0.5532233966724144, 0.6027332656924275, 0.607746231580172]"
"[0.6411664741662954, 0.5874870456689265, 0.67626755413824, 0.6263079900601614]",stable,0.15200480335855807,4974,"[0.7805702645912922, 0.5878993703102694, 0.6368413345974361, 0.6723237119422305]"
"[0.6418705337138964, 0.58748912811661, 0.676068431817327, 0.6265403926959293]",stable,0.2315183318890326,4975,"[0.827681310979871, 0.6436682248923213, 0.5745035659868024, 0.7013974576049105]"
"[0.743643310348838, 0.6213315378900306, 0.4705324103321637, 0.6392980035109516]",stable,0.14402638920117197,4976,"[0.8288860367730142, 0.6753494036654335, 0.5383910670200244, 0.7164637424608906]"
"[0.743786095485227, 0.6214220200772591, 0.47064607642376816, 0.6394272593550888]",stable,0.17934329698800638,4977,"[0.8858936984881856, 0.6772300240999517, 0.49869064275987873, 0.729251623139668]"
"[0.9077448100411832, 0.6918681794075319, 0.38299238589739076, 0.72791034084916]",stable,0.08951893691993944,4978,"[0.8994133077315419, 0.6771902840116732, 0.46767627126403577, 0.7515201922357676]"
"[0.9077360768102507, 0.6918527937729451, 0.38308115307282753, 0.7279350891210536]",stable,0.10942335723646933,4979,"[0.8931609280477688, 0.6104940864206275, 0.45137802102570346, 0.7060870980637759]"
"[0.9077208148743737, 0.6917676014092253, 0.38315266811780435, 0.7279122116435068]",stable,0.06469084534662975,4980,"[0.8762781155200142, 0.6768389517639667, 0.43021796811468066, 0.7003757796860784]"
"[0.9076879250214926, 0.6917519856669186, 0.3832018996031567, 0.7278834078443881]",stable,0.0736682077356813,4981,"[0.8443627262483083, 0.6791853666622141, 0.40285154913511706, 0.6983386047246191]"
"[0.9076217544898592, 0.6917388544035908, 0.3832224321523019, 0.7278525355318283]",stable,0.0372460805179351,4982,"[0.9009243069771633, 0.6663291345645547, 0.4095594316262999, 0.7260852474479239]"
"[0.9076147634172989, 0.6917123306876837, 0.38324992380102213, 0.7278506907634735]",stable,0.2189348470089927,4983,"[0.7771852275036593, 0.5839971499292015, 0.4900404389774069, 0.6388909858475202]"
"[0.7438419468765622, 0.6213594366823626, 0.4706785084681722, 0.6394263625766481]",stable,0.12562052825364303,4984,"[0.6380509572412438, 0.6250824534220879, 0.5099852243544941, 0.5843817909706125]"
"[0.7436653342060525, 0.6213656520692403, 0.4707441290289173, 0.6393344684671222]",stable,0.26837750407310246,4985,"[0.5012865951329841, 0.6408100849679338, 0.5210088363987785, 0.5374796464893287]"
"[0.4708205346995869, 0.6202024888084158, 0.40433577512972474, 0.4933317707419306]",stable,0.07142364362002557,4986,"[0.4402254288309906, 0.6252709852100309, 0.4686659119598343, 0.49222714207310286]"
"[0.470730549094091, 0.6202173961507734, 0.40452498141451926, 0.49332852183408105]",stable,0.12711430054186615,4987,"[0.3739154683297299, 0.5787929484825474, 0.4302839237771423, 0.4269555035014817]"
"[0.47044663390123365, 0.6200959168320983, 0.4046005208349375, 0.4931338795515808]",stable,0.19499731557501193,4988,"[0.2944190838020056, 0.6329591097132351, 0.39790750637957173, 0.4105021876051642]"
"[0.2047320312002776, 0.609887892195979, 0.35203210518676537, 0.347890293115862]",stable,0.09063570736594662,4989,"[0.2717268990853241, 0.5885327919566926, 0.3889727713416186, 0.3915465183832438]"
"[0.20478856695376713, 0.6098698710143425, 0.35206327874470195, 0.3479271338122901]",stable,0.10171890515065253,4990,"[0.2857613657056181, 0.6173063224545233, 0.32361691037607204, 0.4020163642001754]"
"[0.20485684081443478, 0.609876141209486, 0.35203929361117026, 0.3479727402460067]",stable,0.0757001090631372,4991,"[0.25069275172711397, 0.6568881061807142, 0.32975205236128335, 0.3783492082761966]"
"[0.20489545573516998, 0.6099157469087035, 0.3520205175022824, 0.3479983312047516]",stable,0.05668349012687699,4992,"[0.22359551550933865, 0.6394866508945974, 0.30904066874536956, 0.3598987537054959]"
"[0.20491119652622566, 0.609940638242025, 0.35198433917841293, 0.34800834839540884]",stable,0.09269756387236283,4993,"[0.20837468429007325, 0.6127498455445649, 0.2594707281216822, 0.35177434414099484]"
"[0.20491410946799507, 0.6099430009058624, 0.35190653126331056, 0.34801151575936645]",stable,0.05462051554309231,4994,"[0.21877053432370097, 0.6288088110381592, 0.32262612492278714, 0.3877373162043836]"
"[0.20492575352249565, 0.6099588545278224, 0.35188192587983114, 0.34804489878495054]",stable,0.048273914736364644,4995,"[0.24642704758075296, 0.6085032178310386, 0.37067308195482634, 0.3639441758325401]"
"[0.20496059927737242, 0.6099576323307638, 0.35189770350877736, 0.34805824830388216]",stable,0.05175144032752197,4996,"[0.21430168225354224, 0.6424957350043579, 0.3349072019831768, 0.38332225937914977]"
"[0.20496843575637927, 0.6099849293967652, 0.3518834497323297, 0.348087832205791]",stable,0.033616613610573144,4997,"[0.22611489367992862, 0.6338430343225184, 0.34488969720253104, 0.3561365763832271]"
"[0.20498616120308802, 0.6100049278082704, 0.3518775874083315, 0.3480945788480185]",stable,0.08638136176216703,4998,"[0.2018032961192137, 0.5898727260781317, 0.2731437005131542, 0.31898652948673967]"
"[0.20498349548693737, 0.6099880666677929, 0.35181164612952487, 0.34807020024721336]",stable,0.05469690274704119,4999,"[0.17224519080752873, 0.6125121892397105, 0.31810444330376325, 0.32018816553411544]"
