prediction,regime,surprise,tick,vector
"[0.23961799266492712, 0.4500366857494631, 0.7849767694435633, 0.3802918430551355]",stable,0.0,0,"[0.23961799266492712, 0.4500366857494631, 0.7849767694435633, 0.3802918430551355]"
"[0.23961799266492712, 0.4500366857494631, 0.7849767694435633, 0.3802918430551355]",stable,0.14274424147082135,1,"[0.23335910270998828, 0.4105541519533553, 0.6622910181440346, 0.3192502119930357]"
"[0.2364885476874577, 0.4302954188514092, 0.7236338937937989, 0.3497710275240856]",stable,0.28372351826465314,2,"[0.16358384245457763, 0.4113078594715108, 0.45062334939953164, 0.33278120675633016]"
"[0.21218697927649766, 0.42396623239144304, 0.6326303789957098, 0.34410775393483384]",stable,0.21452943448855943,3,"[0.2373565197613326, 0.6114948119031478, 0.5341542498956388, 0.3670174976599767]"
"[0.21847936439770638, 0.47084837726936923, 0.6080113467206921, 0.34983518986611956]",stable,0.18981888961844495,4,"[0.31687897376468177, 0.5299276121730386, 0.5123425289987713, 0.46690717221583883]"
"[0.23815928627110144, 0.48266422425010314, 0.588877583176308, 0.3732495863360634]",stable,0.2850165793842099,5,"[0.29415093949755405, 0.584099636102466, 0.6790360303414991, 0.6175479631623274]"
"[0.24749122847551022, 0.49957012622549696, 0.6039039910371732, 0.4139659824737741]",stable,0.23266112751880727,6,"[0.4095399296650919, 0.5559166990627935, 0.7078222470690351, 0.5318535496463984]"
"[0.27064104293116475, 0.5076196366308251, 0.618749456184582, 0.43080706349843473]",stable,0.24396684278241174,7,"[0.3891057598714846, 0.6271462830105837, 0.7482548482201296, 0.550922280920688]"
"[0.28544913254870474, 0.522560467428295, 0.6349376301890255, 0.4458214656762164]",stable,0.2683697229938346,8,"[0.47806191181338176, 0.4930798304022793, 0.7942240639868431, 0.538995225567283]"
"[0.30685055246700216, 0.519284841092071, 0.6526361228332275, 0.45617410566411265]",stable,0.35278774605610963,9,"[0.5251160411111753, 0.5093572511808513, 0.8377220578570393, 0.6622420795202807]"
"[0.5251160411111753, 0.5093572511808513, 0.8377220578570393, 0.6622420795202807]",stable,0.1150179875767778,10,"[0.4599911623188808, 0.5220058076172006, 0.8732242930931581, 0.5752507412053856]"
"[0.49255360171502804, 0.515681529399026, 0.8554731754750987, 0.6187464103628331]",stable,0.17180528027705314,11,"[0.449922229001672, 0.6531415328385377, 0.9326738962023042, 0.6720794823281826]"
"[0.4783431441439094, 0.5615015305455299, 0.8812067490508338, 0.6365241010179495]",stable,0.18895939506341153,12,"[0.5969019455220328, 0.6441816589516527, 0.8569497906996348, 0.5172552453312769]"
"[0.5079828444884402, 0.5821715626470605, 0.8751425094630341, 0.6067068870962813]",stable,0.10029335311831743,13,"[0.5212439758404249, 0.5803441561072776, 0.7768136173123701, 0.6212323347225119]"
"[0.5106350707588372, 0.5818060813391039, 0.8554767310329012, 0.6096119766215274]",stable,0.241152792881559,14,"[0.319191666789902, 0.5639143232299734, 0.7323448869975759, 0.532007037554559]"
"[0.3080846638992921, 0.5237477893058612, 0.6606069992496624, 0.46375739885315725]",stable,0.1686572706959894,15,"[0.2254376483677746, 0.6176377063045404, 0.5492198392116536, 0.4835647168695244]"
"[0.30057129885097233, 0.5322832363057411, 0.6504808937916615, 0.46555806412737244]",stable,0.21026090583253196,16,"[0.30870005708315, 0.6520287462279681, 0.47824705080232915, 0.47739394152245895]"
"[0.3012486953703205, 0.54226202879926, 0.6361280735425505, 0.4665443872436297]",stable,0.3688586397258105,17,"[0.11430326188523454, 0.6890709323841493, 0.39088892940002784, 0.3272138126812091]"
"[0.11430326188523454, 0.6890709323841493, 0.39088892940002784, 0.3272138126812091]",stable,0.16285580156286003,18,"[0.18307780749690494, 0.6358059071150912, 0.2861509716897808, 0.23785570573862092]"
"[0.14869053469106974, 0.6624384197496203, 0.33851995054490436, 0.282534759209915]",stable,0.1210893483546945,19,"[0.23155836859255177, 0.6961787770440905, 0.35961216184010975, 0.3613526461503858]"
"[0.17631314599156375, 0.6736852055144437, 0.34555068764330615, 0.3088073881900719]",stable,0.13405931620643863,20,"[0.18775099276852716, 0.5714233573790546, 0.3781406601634648, 0.3883151490056963]"
"[0.1791726076858046, 0.6481197434805964, 0.3536981807733458, 0.328684328393978]",stable,0.09544875031724054,21,"[0.2183757446390378, 0.6986669158601866, 0.3165852213598336, 0.3890265988032687]"
"[0.18701323507645123, 0.6582291779565145, 0.34627558889064336, 0.3407527824758361]",stable,0.07434364403984882,22,"[0.13771860442687678, 0.6557978553433274, 0.38702503396967447, 0.37857589967084554]"
"[0.17879746330152216, 0.6578239575209833, 0.35306716307048186, 0.347056635341671]",stable,0.07470384736632349,23,"[0.1841216575774512, 0.6872366013433011, 0.3421507436998525, 0.4146439561803397]"
"[0.17955806248379774, 0.6620257637813144, 0.3515076745889634, 0.35671196689005225]",stable,0.1417027750458498,24,"[0.2678450782640577, 0.673357382962718, 0.4077772224892966, 0.4515297483771267]"
"[0.19059393945633024, 0.6634422161789898, 0.35854136807650505, 0.36856418957593656]",stable,0.40084510210856084,25,"[0.5317182466634353, 0.6839577354373317, 0.35564567018178145, 0.5780438576111859]"
"[0.5317182466634353, 0.6839577354373317, 0.35564567018178145, 0.5780438576111859]",stable,0.11186971947421422,26,"[0.5980523124162913, 0.6020183557691355, 0.38903987900989206, 0.5611503460676706]"
"[0.5648852795398633, 0.6429880456032336, 0.37234277459583676, 0.5695971018394282]",stable,0.1846648767718369,27,"[0.7421877713165298, 0.6453412333179683, 0.38086091375088005, 0.6204581570374614]"
"[0.6239861101320855, 0.6437724415081453, 0.3751821543141845, 0.5865507869054393]",stable,0.27581772460674314,28,"[0.8720281796757781, 0.6153084389500549, 0.4749373996434829, 0.6481075942575728]"
"[0.6859966275180086, 0.6366564408686226, 0.4001209656465091, 0.6019399887434727]",stable,0.22336106493580105,29,"[0.8612749958805185, 0.7576158448922848, 0.39201870111251114, 0.6688042901388584]"
"[0.7210523011905106, 0.660848321673355, 0.39850051273970954, 0.6153128490225498]",stable,0.1246169828376642,30,"[0.8014774551711069, 0.6075056902520714, 0.4016101466101712, 0.6940915318561998]"
"[0.7344564935206099, 0.6519578831031411, 0.3990187850514532, 0.6284426294948248]",stable,0.19302753218342636,31,"[0.9062391061198051, 0.6992199318627128, 0.37927888517693886, 0.7000456831267095]"
"[0.7589968667490663, 0.6587096043545084, 0.39619879935509406, 0.6386716371565225]",stable,0.056343391270009625,32,"[0.7803726130972947, 0.6291293618690309, 0.3681318808944993, 0.6061922198204884]"
"[0.7616688350425949, 0.6550120740438237, 0.3926904345475197, 0.6346117099895182]",stable,0.08622626372774186,33,"[0.8104325851196797, 0.648465285685182, 0.40587350223733776, 0.7041847760664026]"
"[0.7670870294956043, 0.6542846531150857, 0.39415521984638835, 0.6423420506647276]",stable,0.1794520081117953,34,"[0.7558557291194412, 0.608695049773797, 0.5607748637517983, 0.5950518461902851]"
"[0.7659638994579879, 0.6497256927809568, 0.4108171842369293, 0.6376130302172833]",stable,0.2551356484100206,35,"[0.6860012139439702, 0.5133019819005217, 0.6102610771831687, 0.6552446124221901]"
"[0.7586945644112592, 0.6373235372463718, 0.42894844723204195, 0.6392159013268203]",stable,0.30054964809485074,36,"[0.7775953270110745, 0.5922402897468652, 0.7147443649428102, 0.5600891273635022]"
"[0.7602696279612436, 0.6335665999547463, 0.4527647737079394, 0.6326220034965438]",stable,0.3566516796472205,37,"[0.6531920251588084, 0.4835537337688462, 0.75386695381036, 0.6833016314502712]"
"[0.5343945631588324, 0.5654306900773943, 0.8385417681624777, 0.6218935857596514]",stable,0.1684273278956994,38,"[0.6175708086436587, 0.43965077871214986, 0.7694467725078787, 0.592657094151123]"
"[0.5462768839423789, 0.5474621313109308, 0.828671054497535, 0.6177169441012902]",stable,0.2380141565160505,39,"[0.6137718461679881, 0.38328555752444016, 0.8507705612463797, 0.46070473694083613]"
"[0.5547137542205801, 0.5269400595876195, 0.8314334928411405, 0.5980904182062334]",stable,0.4022458914589247,40,"[0.4249448072987, 0.5205614805808464, 0.4947079344383434, 0.42050384872940033]"
"[0.3107637809032728, 0.540592755859382, 0.6252496013037654, 0.46300280735791977]",stable,0.15600774933668735,41,"[0.30060481392782756, 0.571455384652688, 0.512337007447097, 0.3603701734853735]"
"[0.3100381404050267, 0.5427972293446182, 0.6171844160282891, 0.45567190493845217]",stable,0.26321060784228456,42,"[0.1938424795471358, 0.44388546642702265, 0.4425996874808559, 0.331112568905157]"
"[0.19095488835530863, 0.6390470217621045, 0.3678811813436551, 0.3644028983902944]",stable,0.17674905098136734,43,"[0.26817419030136025, 0.5083072365721094, 0.32487393280318344, 0.44399493047410626]"
"[0.1986768185499138, 0.625973043243105, 0.36358045648960796, 0.37236210159867555]",stable,0.1417111037562886,44,"[0.275585990403339, 0.5158364858460962, 0.34980948047372046, 0.41534250593543276]"
"[0.20566856144567972, 0.615960628934286, 0.36232854957907273, 0.3762694110838353]",stable,0.2340509675056424,45,"[0.3431020614520742, 0.44246262652095464, 0.40353619862944606, 0.31229862646581974]"
"[0.21712135311287925, 0.6015024620665085, 0.36576252033327045, 0.3709385123656674]",stable,0.24608891675338984,46,"[0.3244342227343213, 0.385803875615416, 0.4139819811316849, 0.38482038420555176]"
"[0.22537618923760555, 0.5849102631087321, 0.36947170962545617, 0.37200634866104304]",stable,0.28456055232553235,47,"[0.2620953800633242, 0.4048442326097682, 0.5830789899664115, 0.3323255798856874]"
"[0.30684195638224654, 0.5336003628956282, 0.6149107209574972, 0.44744881660160113]",stable,0.14321436225685352,48,"[0.36548783421063663, 0.4105269602380738, 0.6062756422503286, 0.40444431050761953]"
"[0.3105073237465209, 0.525908275229531, 0.6143710285382993, 0.4447610349707273]",stable,0.2002119119560021,49,"[0.31392446142041897, 0.3658833279062031, 0.7020939773672227, 0.3624820380023649]"
"[0.31070833184498553, 0.5164950430340411, 0.6195312019988242, 0.43992109397258833]",stable,0.29470487488796937,50,"[0.24820046890779002, 0.25073897400361106, 0.7299112880070132, 0.42835914171198325]"
"[0.3072356727929191, 0.501730816976795, 0.6256634289992792, 0.43927876329144355]",stable,0.29816486801195985,51,"[0.23809778870056178, 0.3861922588929606, 0.8811935800209534, 0.3652691354409402]"
"[0.30359683678805816, 0.4956498402355405, 0.6391123843162094, 0.4353835197203645]",stable,0.3049298039565806,52,"[0.3535829427552279, 0.34638726480022136, 0.8956933364837139, 0.3866960150557175]"
"[0.30609614208641667, 0.4881867114637745, 0.6519414319245846, 0.4329491444871321]",stable,0.300275377384533,53,"[0.32852768979296076, 0.3071064900517362, 0.8601506409491675, 0.31666928113307796]"
"[0.3071643110248235, 0.47956384377748695, 0.6618561561638506, 0.4274120081369391]",stable,0.37181133595905724,54,"[0.2411665494106689, 0.3082118104509837, 0.9051489832606652, 0.21449172735633196]"
"[0.2411665494106689, 0.3082118104509837, 0.9051489832606652, 0.21449172735633196]",stable,0.2592541344628832,55,"[0.37723848749522143, 0.2373124857456061, 0.8860550772023494, 0.42259228576444885]"
"[0.30920251845294516, 0.2727621480982949, 0.8956020302315073, 0.3185420065603904]",stable,0.14607700312154817,56,"[0.2647637045667498, 0.25031995384138805, 0.7753595150817456, 0.38488782880079575]"
"[0.29438958049088004, 0.265281416679326, 0.8555211918482534, 0.34065728064052553]",stable,0.2939741216349164,57,"[0.534482377606251, 0.31464733230855385, 0.8263380373649036, 0.5003055904744441]"
"[0.5524658234856547, 0.5033519787788344, 0.8308673311215586, 0.5872254373471457]",stable,0.232739477950522,58,"[0.5984516255101631, 0.3843640232503213, 0.6462062496133731, 0.5256208756311811]"
"[0.5570644036881054, 0.4914531832259831, 0.81240122297074, 0.5810649811755492]",stable,0.24991918649344533,59,"[0.5952675570024101, 0.3467250213743911, 0.6660826828030267, 0.44451915434573386]"
"[0.5605374176257695, 0.4782960776031111, 0.7990995375009479, 0.5686517241910205]",stable,0.2527023254078957,60,"[0.5776215539131729, 0.2992847123103563, 0.6937687810952078, 0.42572880648749056]"
"[0.5619610956497197, 0.4633784638287149, 0.7903219744671363, 0.5567414810490596]",stable,0.06804150254375746,61,"[0.5435763978447804, 0.4641771580283854, 0.7267098901586956, 0.5723784172113793]"
"[0.5605468881262629, 0.4634399018440742, 0.7854287372126407, 0.557944322292315]",stable,0.05453836255286221,62,"[0.5339764250487241, 0.5059183145545727, 0.7949460912437762, 0.5386195219664338]"
"[0.5586489979064387, 0.4664740741805384, 0.7861085482148648, 0.556563979411895]",stable,0.1306643848099437,63,"[0.5481927076746357, 0.5783233522559675, 0.7712180645859753, 0.6216167268070084]"
"[0.5579519118909853, 0.4739306927189003, 0.7851158493062721, 0.5609008292382358]",stable,0.10253448768855063,64,"[0.5098307500738349, 0.48407333437849004, 0.8599530879748879, 0.6108426902322253]"
"[0.5549443392774134, 0.47456460782262466, 0.7897931767230606, 0.5640221955503602]",stable,0.20101526781160783,65,"[0.5425659741420206, 0.619842623616846, 0.9201499324182798, 0.6104477094565975]"
"[0.5542162001518021, 0.48311037345757885, 0.7974612211757206, 0.56675310813308]",stable,0.21485447191661172,66,"[0.4110248064603227, 0.479895496207763, 0.9512308059804122, 0.5219954470176996]"
"[0.5462611227244977, 0.48293176916592245, 0.8060039758870923, 0.5642665714044477]",stable,0.20794115606290925,67,"[0.41193274156519827, 0.5947106499941313, 0.9003836946639345, 0.5026763052554983]"
"[0.5391912079266398, 0.48881486815688074, 0.8109713295069261, 0.5610249784492398]",stable,0.22484235878193054,68,"[0.3699686332150941, 0.4332524121574269, 0.9461270797717671, 0.5372859143507038]"
"[0.5307300791910625, 0.4860367453569081, 0.817729117020168, 0.559838025244313]",stable,0.0803991123180752,69,"[0.5656119480546707, 0.5374628122801621, 0.7747039137496862, 0.587250869140108]"
"[0.5323911205655201, 0.4884856056865869, 0.8156802978168118, 0.5611433987631604]",stable,0.10414889257134885,70,"[0.5019265560988841, 0.43945733919580093, 0.8722716040362851, 0.4954733501795114]"
"[0.5310063676352184, 0.4862570481188239, 0.818252629917697, 0.5581583965548127]",stable,0.12764218819918433,71,"[0.45484135257051744, 0.4357779445848323, 0.8984505741257428, 0.5192795007413048]"
"[0.5276948452411009, 0.4840623044869112, 0.8217394970571772, 0.5564680097803124]",stable,0.13305554814274076,72,"[0.6140018710201187, 0.46154181323147075, 0.8137317951472522, 0.4580628250770633]"
"[0.5312909713152266, 0.4831239506846012, 0.8214058428109303, 0.5523677937510103]",stable,0.09774028894883063,73,"[0.4580183428720777, 0.4789502286970359, 0.8569842565534097, 0.4985064669462182]"
"[0.5283600661775006, 0.48295700180509854, 0.8228289793606295, 0.5502133406788186]",stable,0.16346021466422384,74,"[0.4384209903462282, 0.6178076959926005, 0.8216648443614305, 0.5712879577226277]"
"[0.524900870953221, 0.48814356696615635, 0.8227842049375833, 0.5510239028728112]",stable,0.15169673540956352,75,"[0.43166883309605764, 0.5614436689797252, 0.9172719192873425, 0.5553659683580706]"
"[0.5214478325140669, 0.4908583855592515, 0.8262837499135003, 0.551184720113006]",stable,0.16460825703431467,76,"[0.48132540843141314, 0.5870731670732972, 0.7103200538072548, 0.6039218642638746]"
"[0.5200148887968293, 0.4942946277561817, 0.8221421893382772, 0.5530681895469656]",stable,0.2330396463081369,77,"[0.6019194071990139, 0.5532726974951596, 0.616772074411077, 0.5971570747832762]"
"[0.5228391825348357, 0.4963283542989051, 0.8150604612373393, 0.5545884959344246]",stable,0.4405113633391275,78,"[0.6735147138217231, 0.6250280568022558, 0.4548501717994702, 0.712803790583667]"
"[0.7535961730274343, 0.6329097889430162, 0.4529251889457494, 0.6387898332724764]",stable,0.09970312680525559,79,"[0.7187650976282621, 0.7231159523808395, 0.47328249477966583, 0.6520539901735073]"
"[0.7511082390703506, 0.6393530863314322, 0.45437928221960056, 0.6397372730511215]",stable,0.146169531779755,80,"[0.6073816598317793, 0.6431251250546423, 0.4778460695615594, 0.6517074049137771]"
"[0.7415264671211125, 0.6396045555796461, 0.4559437347090645, 0.6405352818419652]",stable,0.2167378696688619,81,"[0.5947147657333651, 0.7533106525917015, 0.37270560705079264, 0.5659432843458412]"
"[0.7323507357843783, 0.6467111866428996, 0.4507413517304225, 0.6358732819984575]",stable,0.34602715942464574,82,"[0.42248689774119164, 0.6860810340023091, 0.42138014602206236, 0.4899036562166424]"
"[0.23945552555929028, 0.5921367467439875, 0.3731794550823566, 0.38042758491501444]",stable,0.26167371991810995,83,"[0.3470081072945014, 0.6285339561260128, 0.5706895532507453, 0.5091543580765703]"
"[0.3089753926734452, 0.48633521252060175, 0.6577122196678004, 0.4311275694978314]",stable,0.2578659280022976,84,"[0.4870316328450728, 0.6257628674996231, 0.5983726041637824, 0.5398913098680305]"
"[0.5216455975451769, 0.5006428380722624, 0.8078375326682207, 0.5540985897322114]",stable,0.22103618567330838,85,"[0.46615813279048374, 0.6631716546466926, 0.6763156666914056, 0.5995355701005618]"
"[0.5198556793272835, 0.5058857031230505, 0.8035948918302589, 0.5555642987763518]",stable,0.0842593069461502,86,"[0.5163000382766596, 0.5610082735955362, 0.7431419516804567, 0.5754120310275426]"
"[0.5197445655444516, 0.5076082834503156, 0.8017057374505776, 0.5561845404092015]",stable,0.21913492595366044,87,"[0.48782351221039194, 0.6734002163406271, 0.6722611638361293, 0.5036650252074357]"
"[0.5187772608979648, 0.5126322814166887, 0.7977831746137761, 0.5545930399485419]",stable,0.2983898675295973,88,"[0.4028059137231857, 0.6033401590569605, 0.5419931448286865, 0.5106532939850305]"
"[0.31305498054517306, 0.49142238410913913, 0.6526809555443606, 0.43458520969292697]",stable,0.20810925623291537,89,"[0.2896028212719697, 0.5990437557261441, 0.48324017193013213, 0.3849171115341262]"
"[0.24279867860680227, 0.5925972140094646, 0.3805168362055416, 0.38072688668962196]",stable,0.08697917433354418,90,"[0.2830977826631466, 0.5340232477406831, 0.4301743912875954, 0.3874034635683406]"
"[0.24531737261032377, 0.5889363411176658, 0.38362043339817, 0.3811441727445419]",stable,0.09815696385068612,91,"[0.28738893133037235, 0.5825297958588047, 0.4691333322776746, 0.35853280829389045]"
"[0.24779217018209132, 0.5885594855142033, 0.3886506039204938, 0.3798140924827389]",stable,0.09761069754005774,92,"[0.16633488844754346, 0.5710136028438354, 0.38977940549512247, 0.3289866654870909]"
"[0.24326676564128308, 0.5875847142547385, 0.3887133151190843, 0.37699034653853625]",stable,0.155183574574293,93,"[0.2963579603099593, 0.6202611671648975, 0.3233675772078454, 0.5031864274141075]"
"[0.2460610390448976, 0.5893045275657995, 0.38527406575533485, 0.3836322455319873]",stable,0.2512033579280885,94,"[0.4346156676007298, 0.631781473966525, 0.3382714118561504, 0.5370491241191326]"
"[0.2554887704726892, 0.5914283748858358, 0.38292393306037564, 0.3913030894613446]",stable,0.4253844542236793,95,"[0.5961565343210135, 0.6053377915246739, 0.45480606380020216, 0.6353049254766288]"
"[0.7243393121688861, 0.6442774575182981, 0.4509804524404095, 0.6358398492618793]",stable,0.08369892742021535,96,"[0.7512548578811552, 0.7039628033192838, 0.47012470732899725, 0.587340149760926]"
"[0.7258346202640122, 0.6475933100627973, 0.4520440221564422, 0.6331454215118264]",stable,0.04148644472089752,97,"[0.7555897830448803, 0.6364002477077253, 0.47359740375607445, 0.6488273372175121]"
"[0.7274006814630054, 0.6470042015177935, 0.45317841066168596, 0.6339707854963361]",stable,0.11881915483961601,98,"[0.8324822064020642, 0.6734552951463273, 0.4065397878893235, 0.6481497553120324]"
"[0.7326547577099582, 0.6483267561992202, 0.4508464795230679, 0.6346797339871209]",stable,0.1751774069128616,99,"[0.8320857300388466, 0.7780254985018392, 0.3891944625809617, 0.6213429170304701]"
"[0.7373895659160957, 0.6545028867850592, 0.4479106691924914, 0.6340446474653756]",stable,0.14556744688193687,100,"[0.8423177436107665, 0.6478267981949569, 0.4803251613028252, 0.7293582858376847]"
"[0.7421590285385807, 0.6541994282127819, 0.44938405519750657, 0.6383770855732078]",stable,0.2334382462504567,101,"[0.8317714343205651, 0.779680590540479, 0.35645182889569693, 0.786974228069062]"
"[0.7460552200943191, 0.6596551309226818, 0.445343523619167, 0.6448378308991145]",stable,0.3149447946203138,102,"[1.0, 0.7510248328000364, 0.4861597253822661, 0.8019616281723609]"
"[0.7566362525903892, 0.6634622018342382, 0.4470441986926295, 0.6513846557854998]",stable,0.12511237287392984,103,"[0.7954463162537261, 0.774007825678073, 0.40361237055445465, 0.6450422462949026]"
"[0.7581886551369227, 0.6678840267879916, 0.44530692556710255, 0.6511309594058758]",stable,0.3107670173407712,104,"[1.0, 0.721206535481359, 0.48154919292987514, 0.8353770467060955]"
"[0.7674890914778103, 0.6699348925069673, 0.44670085892720923, 0.6582173473789612]",stable,0.19062913481192378,105,"[0.925046776793068, 0.6430422191788817, 0.39983362036609604, 0.7509281283494903]"
"[0.7733245613043013, 0.6689388675688899, 0.4449650352767976, 0.6616510800074993]",stable,0.23328328696014383,106,"[0.8847608709849232, 0.7019568158151054, 0.4591638456508157, 0.8634213695381094]"
"[0.7773044295071807, 0.6701180800062547, 0.44547213564729826, 0.6688571617764497]",stable,0.2517033311314711,107,"[0.9824132554689531, 0.7290611714506263, 0.46151841679640515, 0.8013455206897014]"
"[0.7843771476437935, 0.6721506004008883, 0.44602545568692264, 0.6734257258769066]",stable,0.21847067571063467,108,"[0.9103685493467094, 0.6786691031092449, 0.3077265298899208, 0.7860601748178603]"
"[0.7885768610338907, 0.6723678838245003, 0.44141549149368925, 0.6771802075082717]",stable,0.2183657537242269,109,"[0.9560383416061491, 0.7768035390214237, 0.37210754055055223, 0.7398687773097106]"
"[0.7939788442781571, 0.6757367759276268, 0.4391797511406848, 0.6792024194373503]",stable,0.20489298629165362,110,"[0.9688183721437794, 0.7566726002196059, 0.3783823989418096, 0.7133396372358449]"
"[0.7994425795239578, 0.6782660204367511, 0.43727983388446995, 0.6802692074935532]",stable,0.18646490489945655,111,"[0.8155017816163551, 0.547609273991394, 0.5402109589010181, 0.5975331156202944]"
"[0.7999292220116062, 0.6743067250899221, 0.4403989588849714, 0.6777620531943636]",stable,0.2435632730618186,112,"[0.5931234562351742, 0.5810656746300445, 0.5290253754736762, 0.6753314117165945]"
"[0.79384669948877, 0.6715643412528669, 0.4430056181964039, 0.677690563739135]",stable,0.22972906503165083,113,"[0.6744409896562316, 0.5311659736075325, 0.5349875840732452, 0.5759785384143918]"
"[0.7904351077792688, 0.6675529593201431, 0.44563367436431367, 0.6747845058727139]",stable,0.49897823707346517,114,"[0.5569784358370888, 0.4446170084819262, 0.7810784914514892, 0.49519163320835663]"
"[0.5199008248667626, 0.5106318322127251, 0.7972918604031206, 0.5528459397503012]",stable,0.1089351664701497,115,"[0.5088373819911657, 0.5024000740153295, 0.6963582005625036, 0.5914348655422413]"
"[0.5195847264988884, 0.510396639121371, 0.7944080415505316, 0.5539484804872138]",stable,0.11300607933954412,116,"[0.5745538732117401, 0.4814937772356278, 0.842404667538927, 0.6352486363659086]"
"[0.5211116472409122, 0.5095937818467671, 0.7957412811613203, 0.5562068181505109]",stable,0.09305681780580266,117,"[0.511064055967875, 0.6015465321535653, 0.7952451476170802, 0.5460548325184177]"
"[0.5208400907200192, 0.5120789913145185, 0.7957278721466111, 0.5559324401604543]",stable,0.11630250289732685,118,"[0.4287527065499372, 0.4887659016174766, 0.8309472738875958, 0.6130488077504826]"
"[0.518416738505017, 0.5114654889540701, 0.7966546985082159, 0.557435502465455]",stable,0.1253055081527965,119,"[0.48259932615054374, 0.5907894836985483, 0.8274001765360002, 0.6421763001031997]"
"[0.5174983433164407, 0.5134994375372618, 0.7974430440986718, 0.5596083434305255]",stable,0.21973049894755325,120,"[0.6374962975282301, 0.48385905845995325, 0.6405241292080398, 0.6511500564930743]"
"[0.5204982921717355, 0.512758428060329, 0.793520071226406, 0.5618968862570892]",stable,0.24552169653328496,121,"[0.7139914883754448, 0.6072040392873342, 0.675730798642344, 0.5687525609525693]"
"[0.5252176384206064, 0.5150619795536707, 0.7906471621389899, 0.5620640978350276]",stable,0.35215176468816783,122,"[0.6542441610072276, 0.6248352626440932, 0.4933750582347905, 0.6453836297715173]"
"[0.7866520259244899, 0.6663663566346973, 0.44695982391627137, 0.6739678148699029]",stable,0.21569791887705003,123,"[0.8716227219527519, 0.5386398792596054, 0.5751476202102757, 0.754957992564486]"
"[0.788948531222551, 0.6629142896786138, 0.4504243589512445, 0.676156738591378]",stable,0.08908459477825237,124,"[0.8522063394029444, 0.6092338201760951, 0.4199311915615125, 0.6650622053633001]"
"[0.7906132103851929, 0.6615016457443369, 0.4496219071778305, 0.6758647771906391]",stable,0.03621905559829432,125,"[0.805908779184803, 0.6594919888286187, 0.4683490001287902, 0.7027557205027647]"
"[0.7910054044569779, 0.6614501160798313, 0.4501020890483679, 0.6765542885576167]",stable,0.17004831264514786,126,"[0.9276427312705445, 0.7299472925898893, 0.45814611814158945, 0.7506494973150113]"
"[0.794421337627317, 0.6631625454925828, 0.45030318977569844, 0.6784066687765515]",stable,0.19009142764594378,127,"[0.9171680654157395, 0.7124542990393132, 0.4300868504484543, 0.8134237578364262]"
"[0.7974151602563029, 0.6643647833839664, 0.44981010832869245, 0.6816997685097191]",stable,0.28612835766249467,128,"[0.9788760737960306, 0.7942563087014457, 0.48084047895886023, 0.8580706325015276]"
"[0.801735658197725, 0.6674574387486684, 0.45054892667702984, 0.6858990747952384]",stable,0.17235243837782607,129,"[0.9387908548172983, 0.6929621792899574, 0.5317782785130055, 0.7465005327362915]"
"[0.8049229883516685, 0.6680505722496285, 0.4524379813708897, 0.6873084110264256]",stable,0.11111680995740748,130,"[0.8405232298041382, 0.7689410578238836, 0.4385014952726895, 0.6607292361057818]"
"[0.8057320847483157, 0.6703435378308616, 0.4521212430504761, 0.6867043388691382]",stable,0.09871534658736299,131,"[0.8569771383855742, 0.6987208752326043, 0.37314699461869566, 0.6954484189351476]"
"[0.8068708637180325, 0.670974145328678, 0.45036625975199207, 0.6868986517594939]",stable,0.1937862900509894,132,"[0.8833766952663654, 0.7396104466760091, 0.311898667367143, 0.7753054837767422]"
"[0.8085340339690832, 0.6724662388362288, 0.44735609470014753, 0.6888205394120428]",stable,0.19468682738070142,133,"[0.9324638661700634, 0.7121918420061835, 0.46820054984145343, 0.8321095570960415]"
"[0.8111708389095295, 0.6733114644355895, 0.4477995937457072, 0.6918692419159577]",stable,0.11638731082971936,134,"[0.8553457590542, 0.7709046265801129, 0.45963972985615653, 0.7358006479019319]"
"[0.8120911497458768, 0.6753446553136006, 0.4480462632480082, 0.6927844795406655]",stable,0.06489694730211419,135,"[0.7622168249923817, 0.6625469907208749, 0.4802855614503128, 0.7156101872385939]"
"[0.8110733063835606, 0.6750834784851776, 0.44870420810927975, 0.6932503103100109]",stable,0.2130893303421819,136,"[0.8126420183641117, 0.7267029902618123, 0.6469455125481868, 0.6345952758568283]"
"[0.8111046806231715, 0.6761158687207103, 0.4526690341980579, 0.6920772096209474]",stable,0.23567971228158366,137,"[0.6181937843280652, 0.7188388597674665, 0.49911520660612646, 0.5722948570960136]"
"[0.8073221140291498, 0.6769535744275095, 0.4535797434609612, 0.6897285360420271]",stable,0.3725576938876445,138,"[0.48431812489522913, 0.7496021780267801, 0.4437447808301027, 0.519161504691946]"
"[0.266385406397572, 0.5989604607496902, 0.38582016390655316, 0.3973915854247066]",stable,0.20329397788401365,139,"[0.38893372969829443, 0.6475076848782046, 0.5072453272941342, 0.4933574471975396]"
"[0.271955784729423, 0.6011671527555318, 0.3913394895150795, 0.4017536700507444]",stable,0.08492489693739118,140,"[0.2838044305607361, 0.6509059942518844, 0.44316907937831906, 0.4454753920319256]"
"[0.2724709432438279, 0.6033297110814602, 0.393592949943916, 0.4036546144847088]",stable,0.0839680754708204,141,"[0.29677259605103457, 0.6514669941520204, 0.44858976680039553, 0.4370944034097452]"
"[0.27348351211079486, 0.6053354312094001, 0.3958844839796027, 0.405047939023252]",stable,0.12070101209188823,142,"[0.18484151597770176, 0.657327300084686, 0.3750950021883902, 0.3452484920420734]"
"[0.26993783226547113, 0.6074151059644116, 0.3950529047079542, 0.4026559611440048]",stable,0.11451361755124505,143,"[0.16881360083548877, 0.6189114974542202, 0.3581447341969699, 0.3653346756005867]"
"[0.26604843874893336, 0.6078572748678658, 0.3936333596883009, 0.40122052708464256]",stable,0.17263596109412796,144,"[0.13168238576413038, 0.6358462422434702, 0.3136584768323191, 0.33362189776719464]"
"[0.26107191826801474, 0.6088939032891845, 0.39067132698993123, 0.3987168741469593]",stable,0.14766288227102758,145,"[0.1452917712877981, 0.6867700757253214, 0.3535670852161466, 0.36776753853347033]"
"[0.2569369130187213, 0.6116751951619036, 0.38934617549801037, 0.39761154073219185]",stable,0.15130258481639636,146,"[0.11243323011202494, 0.61435497250255, 0.4338265585676773, 0.3925645501532414]"
"[0.251954027401249, 0.6117676012770983, 0.3908799818107575, 0.39743750657429705]",stable,0.14971508888394156,147,"[0.15287287519725404, 0.6398849669430084, 0.3019531382851015, 0.33499582685611284]"
"[0.24865132232778248, 0.6127048467992953, 0.3879157536932356, 0.3953561172503576]",stable,0.2515380498957216,148,"[0.06829261690333581, 0.5992406643872306, 0.2689358840874828, 0.26727553970819895]"
"[0.2428332995721552, 0.6122705183343901, 0.38407769338337266, 0.39122448571673957]",stable,0.18702186360621678,149,"[0.07654833624608946, 0.599106782867013, 0.3315685803945539, 0.32492216629981635]"
"[0.23763689446821562, 0.6118591516010345, 0.3824367836024721, 0.3891525382349607]",stable,0.08591897908335765,150,"[0.2087203629299129, 0.5991819544072249, 0.31876026531580187, 0.34087733900474093]"
"[0.23676063593675192, 0.611474994110313, 0.38050719213923967, 0.38768965340980255]",stable,0.15132187273582165,151,"[0.1265111566426973, 0.5480835247209476, 0.3548756454942709, 0.3097928825594653]"
"[0.23351800419280913, 0.6096105391282729, 0.37975332312027, 0.3853985719142044]",stable,0.15396906808519387,152,"[0.2151676833929729, 0.5926411178686768, 0.4435028718007898, 0.24749362842518163]"
"[0.23299370931281382, 0.6091256985208559, 0.38157473879685627, 0.3814584306716609]",stable,0.1625627527229864,153,"[0.11463417199319406, 0.6374165348000975, 0.2957247788677869, 0.31628879463493986]"
"[0.22970594438726882, 0.6099115550841682, 0.37919001768771543, 0.3796481630039742]",stable,0.11324301844753108,154,"[0.19909600382712633, 0.5053300484243523, 0.38672779502354504, 0.349766678040694]"
"[0.22887864869645416, 0.6070850278771461, 0.3793937413994946, 0.37884055530226396]",stable,0.09523604011250993,155,"[0.17894383009445744, 0.5983108041734607, 0.3847243201985041, 0.29839793503438283]"
"[0.22756457452271742, 0.606854127253365, 0.37953401978894225, 0.37672364424258287]",stable,0.1301441077665125,156,"[0.10367489911852594, 0.6323302027568849, 0.39067036967643237, 0.3481616344619662]"
"[0.22438791617902018, 0.6075073599585834, 0.3798195672219548, 0.3759912850174389]",stable,0.14674345248009002,157,"[0.17663903450036605, 0.6397045078185657, 0.25096872259662717, 0.33581058500815036]"
"[0.22319419413705383, 0.6083122886550829, 0.37659829610632156, 0.37498676751720667]",stable,0.15378452380447746,158,"[0.2280632212239253, 0.7362084390470099, 0.29138636843344423, 0.3777207086641803]"
"[0.2233129508952702, 0.6114317069573251, 0.3745199564069831, 0.3750534490085963]",stable,0.13652580441749262,159,"[0.12543152286705558, 0.6308312342411606, 0.45284103056291625, 0.324575840079236]"
"[0.22098244070412223, 0.611893600464083, 0.37638474388688625, 0.3738516011769448]",stable,0.10513791677308201,160,"[0.1903557948641748, 0.6984462285420171, 0.3253336828189809, 0.3781436688164129]"
"[0.22027019312644905, 0.613906452279849, 0.3751975099085629, 0.3739514167034441]",stable,0.16567634621353686,161,"[0.20627066628508395, 0.6729618232919763, 0.30375597447629105, 0.23734528538941754]"
"[0.21995202206187256, 0.6152486198028518, 0.37357383864873855, 0.37084673190085254]",stable,0.09733114657337268,162,"[0.21730031844506592, 0.68073021654594, 0.30699417352828423, 0.34354051939088126]"
"[0.2198930953148324, 0.6167037663971426, 0.3720942905349507, 0.37023992717840876]",stable,0.17018191361083826,163,"[0.07978589137370892, 0.6593118327915984, 0.2856899230736439, 0.36312001946943084]"
"[0.21684728653350363, 0.6176300287100656, 0.37021593472057446, 0.3700851465760397]",stable,0.059113371159983844,164,"[0.17602790318129669, 0.623029782539289, 0.34847669069782305, 0.4065051482309907]"
"[0.21597878901537154, 0.6177449170894107, 0.3697533976137074, 0.3708600402282727]",stable,0.17156172366225148,165,"[0.1276501387352176, 0.7063970362632149, 0.31610815620195537, 0.266483489195402]"
"[0.2141386088012017, 0.6195918362388649, 0.36863578841762923, 0.3686855287484212]",stable,0.10864180904738582,166,"[0.1703279714194383, 0.6319512519517625, 0.3085489712656029, 0.290451968347101]"
"[0.21324451416075751, 0.6198440692125975, 0.367409526843098, 0.36708892547492483]",stable,0.10861514363841823,167,"[0.21130304455352616, 0.5702708561284302, 0.27109922897106714, 0.37485443844386956]"
"[0.2132056847686129, 0.6188526049509142, 0.36548332088565744, 0.3672442357343037]",stable,0.09675270153000226,168,"[0.1267768553316882, 0.5899759021814515, 0.36060740390999857, 0.33509607612403575]"
"[0.2115110018384771, 0.6182863950926895, 0.36538771467044845, 0.3666138796635141]",stable,0.10179009267018453,169,"[0.20228420751278384, 0.6239724793174223, 0.44698013832383166, 0.306727035692303]"
"[0.21133356348605994, 0.618395742866242, 0.3669567997407058, 0.3654622095871447]",stable,0.10544789232764328,170,"[0.21301290292554306, 0.5530093791975035, 0.33584727847006934, 0.288825019216669]"
"[0.21136524913586152, 0.6171620378913601, 0.3663698276412598, 0.3640162248631735]",stable,0.27706570356861204,171,"[0.030652388939950398, 0.5322185819968066, 0.36797252623151294, 0.1719477294983638]"
"[0.2080187146877891, 0.6155890109303499, 0.366399507244783, 0.3604594008749363]",stable,0.09265060229439252,172,"[0.13202449907418634, 0.5794279340629431, 0.39437471160034454, 0.3336493699193216]"
"[0.20663700167663265, 0.614931536805488, 0.36690814732397503, 0.35997194576665237]",stable,0.11288731887478684,173,"[0.22530449797711694, 0.5626549553404387, 0.30076702916491793, 0.28725617812574156]"
"[0.2069703498248556, 0.6139980264221835, 0.3657270559282776, 0.3586734499159218]",stable,0.0910423202468863,174,"[0.163545677117614, 0.6423094674333195, 0.3834400840130647, 0.2859567886879332]"
"[0.20620851346157065, 0.6144947183697473, 0.366037810806958, 0.35739771901718514]",stable,0.1167686602133112,175,"[0.2810312852373038, 0.638890678926399, 0.3443301766497808, 0.27391066277716236]"
"[0.20749856125080746, 0.6149153383793449, 0.3656635412525239, 0.3559582870130468]",stable,0.09908058066770703,176,"[0.20785908340288348, 0.6782573263823044, 0.34672151360920267, 0.2821624630538251]"
"[0.2075046717957579, 0.6159889313963441, 0.36534248993653545, 0.3547075103357719]",stable,0.19380915499233106,177,"[0.11198937974766575, 0.7450554454896782, 0.3133557816819347, 0.4499862311943944]"
"[0.20591275026162303, 0.6181400399645663, 0.3644760447989588, 0.35629548901674896]",stable,0.06737243486167625,178,"[0.2007787214821134, 0.6497751274156608, 0.41165076788529104, 0.3204283247662614]"
"[0.20582858585540154, 0.6186586479555678, 0.36524940091512814, 0.35570750271756063]",stable,0.1950215679441636,179,"[0.1626325092553969, 0.48801917591954963, 0.26354831966413345, 0.26212476206365826]"
"[0.20513187494249827, 0.6165515596969223, 0.3636090608949508, 0.35419810367475574]",stable,0.08716053022691787,180,"[0.20080618023342167, 0.5601293635593554, 0.4108163296344076, 0.307655048812661]"
"[0.20506321312171924, 0.6156559692820402, 0.3643583826209739, 0.353459325026151]",stable,0.051568666840125454,181,"[0.19477469398308583, 0.6523817249185934, 0.3519134755595373, 0.3210584464152519]"
"[0.2049024550101781, 0.6162298092138614, 0.364163930948139, 0.3529530612978557]",stable,0.2129645261622401,182,"[0.15863119801992864, 0.6868482432243486, 0.2652729392669122, 0.1842922516168283]"
"[0.2041905895180204, 0.6173162466601766, 0.3626425310761201, 0.3503582796104553]",stable,0.09162838571263772,183,"[0.20897492598961032, 0.6566210576306438, 0.3156576536437188, 0.2823845764593941]"
"[0.20426307946455965, 0.617911774099123, 0.36193063899381095, 0.34932837501725733]",stable,0.07839000606546359,184,"[0.16970348600822965, 0.5505965782674421, 0.3415192666979191, 0.347695021957578]"
"[0.20374726463685322, 0.6169070696837249, 0.3616259916461111, 0.3493039966133815]",stable,0.14997758619065849,185,"[0.1871944617892383, 0.6592230173491012, 0.2359960322135182, 0.4174637717275248]"
"[0.20350384106556477, 0.6175293630317451, 0.3597784922426906, 0.3503063462474131]",stable,0.13783982796539043,186,"[0.19442617515002356, 0.6971861025833885, 0.250400589587372, 0.32563465376838874]"
"[0.20337228068997723, 0.6186838085324935, 0.35819330524768594, 0.3499487854868475]",stable,0.17591535548129042,187,"[0.10415240491629761, 0.6606991471486306, 0.27992858560240164, 0.23500978633781738]"
"[0.20195485389321036, 0.6192840276555812, 0.3570752378241819, 0.34830679978471846]",stable,0.23866744662587913,188,"[0.040649024012835266, 0.5688436757465506, 0.1950609046450929, 0.30194187695130204]"
"[0.19968294079630367, 0.6185736001639047, 0.354793345807575, 0.34765377270255765]",stable,0.13485882374252192,189,"[0.20087772972378515, 0.6695421663614513, 0.2543239944657304, 0.4217725255344198]"
"[0.19969953508696314, 0.6192814969166485, 0.35339793815004933, 0.3486831998252224]",stable,0.2398566354291852,190,"[0.09426675648004482, 0.6120877566553709, 0.20643980347697743, 0.19130883244254426]"
"[0.1982552504485122, 0.6191829525295076, 0.35138481301754154, 0.34652738657340487]",stable,0.18784694929539436,191,"[0.1975718165243902, 0.5876230242664204, 0.19724311632738958, 0.2439100510634249]"
"[0.19824601485494295, 0.6187564670124389, 0.34930181711632324, 0.34514066582327]",stable,0.11521342849473651,192,"[0.14038422279621598, 0.5894816860459412, 0.42901724466514346, 0.3972423446382255]"
"[0.19747452429415993, 0.6183661365995523, 0.35036468948364086, 0.3458353548741361]",stable,0.19148957137111475,193,"[0.3469257649607561, 0.6614426638276124, 0.43558479617200635, 0.4180470493917293]"
"[0.19944098798714147, 0.6189329330104478, 0.35148600667690877, 0.34678550874936753]",stable,0.3390189607233099,194,"[0.4936113517061918, 0.614376271187904, 0.3960808327935173, 0.5092299335720717]"
"[0.20326138232115512, 0.618873755584181, 0.35206516026283874, 0.3488951766042079]",stable,0.4457555148768569,195,"[0.5737394916173536, 0.4943461988465906, 0.46479372181734824, 0.5311837077800972]"
"[0.5263729206395765, 0.5145687466796927, 0.7828887468932366, 0.5613288504527675]",stable,0.4721092765223793,196,"[0.749119329076303, 0.68788300236021, 0.40460150293105407, 0.5728239076700181]"
"[0.8062028297031335, 0.6771637557339075, 0.45263785422000147, 0.6874803701117962]",stable,0.13815538639496985,197,"[0.8531838788259013, 0.6496646102649907, 0.3261337754092177, 0.6765164813864463]"
"[0.8070892645922423, 0.6766449039326072, 0.45025098480847725, 0.6872735042867896]",stable,0.1656159617185873,198,"[0.7041477290401642, 0.5714079662060148, 0.3790609359138275, 0.6610275348731921]"
"[0.8051829398597965, 0.6746960717524851, 0.4489326505696874, 0.6867874678161674]",stable,0.09333427930678391,199,"[0.8890703938709783, 0.6568883330144821, 0.4126794777531545, 0.6933277013756235]"
"[0.8067081662963634, 0.6743722946845214, 0.4482735019730232, 0.686906381153612]",stable,0.1608282676615932,200,"[0.8266007201478854, 0.6346566150116338, 0.33677440500387723, 0.7939607325059925]"
"[0.8070633904722835, 0.6736630861189342, 0.4462824466700027, 0.6888180659991903]",stable,0.1592862628659069,201,"[0.9485050256327394, 0.7328627688403836, 0.4166550953925301, 0.6574493713676912]"
"[0.809544822668081, 0.6747016770438719, 0.4457626685774155, 0.688267738023199]",stable,0.09838093876230684,202,"[0.7712649452531857, 0.5850375009128002, 0.4370166901326093, 0.6981319904851189]"
"[0.8088848247816173, 0.6731557429726465, 0.44561187584560846, 0.6884378113415079]",stable,0.30548726531790693,203,"[0.6584138426130772, 0.5972384274834612, 0.5996996769855143, 0.48552289433087387]"
"[0.5294436397552393, 0.5164912973960594, 0.77862853596515, 0.5595659212406304]",stable,0.18070072111554145,204,"[0.5232082900269833, 0.389064523518128, 0.6591986739646417, 0.5136007563105978]"
"[0.5293019272614153, 0.5135952343533791, 0.7759142209196839, 0.5585212584013115]",stable,0.15104750226729435,205,"[0.47208248009247095, 0.42040421174692644, 0.7816418090235162, 0.4544832324351046]"
"[0.5280303839909943, 0.5115243227399023, 0.7760415006553246, 0.5562093022687291]",stable,0.2775811169344462,206,"[0.3768623578966829, 0.3327986524897576, 0.7708960781538399, 0.4071114693326263]"
"[0.3150077748423308, 0.28216072563193384, 0.83436491342465, 0.35727082781355074]",stable,0.15206501982608817,207,"[0.4073874205483768, 0.3053269882085173, 0.833487886044024, 0.475813336708632]"
"[0.33348370398354, 0.2867939781472505, 0.8341895079485248, 0.380979329592567]",stable,0.060525801198613435,208,"[0.36333389545760264, 0.3198407544782116, 0.842583616381226, 0.34085716368084984]"
"[0.33845873589588377, 0.2923017742024107, 0.8355885260206417, 0.37429230194061414]",stable,0.11479863251835584,209,"[0.2855848785083015, 0.2968644240734178, 0.8946199869627186, 0.29136130605704375]"
"[0.3309053276976578, 0.2929535813268403, 0.8440215918695098, 0.36244501681438984]",stable,0.10771433560243907,210,"[0.3375612039404136, 0.238061093023998, 0.7728914877880305, 0.42148229679065774]"
"[0.33173731222800223, 0.286092020288985, 0.8351303288593249, 0.3698246768114233]",stable,0.14619674437320182,211,"[0.3058717289993812, 0.21460677562027325, 0.9408986282070241, 0.43621282573362563]"
"[0.32886335853593324, 0.2781492153257948, 0.8468823621201804, 0.3772011378027791]",stable,0.07983524549742942,212,"[0.36320151628137, 0.25414992332384045, 0.8027627568589327, 0.32550924519590174]"
"[0.3322971743104769, 0.27574928612559935, 0.8424704015940556, 0.3720319485420914]",stable,0.11208469147545685,213,"[0.2341451353402732, 0.23497819964211616, 0.871130140285845, 0.35092523884553634]"
"[0.323374261676822, 0.27204282371801, 0.8450758323842181, 0.3701131567514954]",stable,0.1413934096572633,214,"[0.35177435858792167, 0.21169497021576, 0.9688983891566045, 0.38466107075890366]"
"[0.32574093641941365, 0.2670138359261558, 0.855394378781917, 0.3713254829187795]",stable,0.20814395635991395,215,"[0.47745827637824284, 0.3538299705557354, 0.7428243835135352, 0.3811596203100309]"
"[0.33741150103163126, 0.27369200012843115, 0.8467351483766569, 0.3720819550257988]",stable,0.4168234584367954,216,"[0.5669787201682542, 0.46411019881983795, 0.6215810272705293, 0.5567091977532354]"
"[0.5288770869513695, 0.5104935809155531, 0.7726836642773943, 0.5562201695618706]",stable,0.2781341597721043,217,"[0.7042828787769427, 0.4563301851410008, 0.5644299755299013, 0.5731950541685359]"
"[0.5326091250753179, 0.5093411682394988, 0.7682527347295754, 0.5565813373194592]",stable,0.2797057491549065,218,"[0.6485661691503286, 0.6215159830837632, 0.5728281451072729, 0.6749676149250294]"
"[0.8061675594319344, 0.6722804928050382, 0.447768083799196, 0.6882095029276694]",stable,0.07029251160272139,219,"[0.789705283332844, 0.6646304221838027, 0.47962264080094286, 0.6282362232877446]"
"[0.8058931881636162, 0.6721529916280177, 0.4482989930825585, 0.6872099482670039]",stable,0.06389421024387823,220,"[0.7932177620142848, 0.6209872552028487, 0.4126282964863713, 0.6815999130590346]"
"[0.8056853942923158, 0.6713142090636707, 0.4477142275645882, 0.6871179804767092]",stable,0.10676563562582901,221,"[0.8162798029261897, 0.7283204900383056, 0.3687721273102607, 0.7296043099623506]"
"[0.8058562718509267, 0.6722336652084229, 0.4464409678830668, 0.6878032438555098]",stable,0.14273836783569865,222,"[0.7308808890986399, 0.7791949309954308, 0.39521102459337604, 0.7140275487142362]"
"[0.8046661864104142, 0.6739314630780578, 0.4456277941800558, 0.6882195026627912]",stable,0.09745713752146687,223,"[0.7794442682114802, 0.7393627185228454, 0.3814784393238088, 0.7097916972356816]"
"[0.8042720939385558, 0.6749538264443827, 0.44462546051042695, 0.6885565682029926]",stable,0.07446602536963463,224,"[0.7715017828903101, 0.6354239297842889, 0.49847427566520375, 0.6855585647638224]"
"[0.8037679353070444, 0.6743456741880736, 0.44545390382050043, 0.6885104450731593]",stable,0.31214663805448645,225,"[0.5897127837690846, 0.5422666129975631, 0.5562142372207226, 0.5405131954741054]"
"[0.533798784631438, 0.5100271150052919, 0.7638352660314743, 0.5562465843643477]",stable,0.29638469182783833,226,"[0.3800316122016242, 0.4606945594913544, 0.5205981622251061, 0.5052411676796764]"
"[0.3158456735308585, 0.4901420580833981, 0.6471775058227249, 0.4375292079423749]",stable,0.14422947435081693,227,"[0.4253780062133408, 0.4048512350444158, 0.6729984164963172, 0.46691569201186406]"
"[0.3202269668381578, 0.48673042516183884, 0.6482103422496687, 0.43870466730515445]",stable,0.2057335566298254,228,"[0.39245643758814996, 0.3163853416270693, 0.7157685184777155, 0.37931068428493453]"
"[0.3413432822142397, 0.276741524521191, 0.837380389098161, 0.3725982928300228]",stable,0.12719782742690008,229,"[0.3408813885636162, 0.36257081021216897, 0.7632125324178429, 0.4301442458554376]"
"[0.34131248930419816, 0.2824634769005895, 0.8324358653194731, 0.3764346896983838]",stable,0.3033257952496419,230,"[0.5363636671334078, 0.4675093126363342, 0.7624314645355055, 0.4981679991868026]"
"[0.5338511291722946, 0.5091594047528641, 0.7638066170213524, 0.5550613071158264]",stable,0.264225594986757,231,"[0.6765386123889697, 0.5255776742845908, 0.5420778592005587, 0.5597778270435062]"
"[0.8018402182931341, 0.6720916135834754, 0.44691790314444074, 0.6865599508605887]",stable,0.16933570640100762,232,"[0.7458557405106043, 0.6778409403998581, 0.5997987909306587, 0.6403571468266133]"
"[0.8010046290724994, 0.6721774244314811, 0.4491997074397574, 0.6858703567705294]",stable,0.11251142888762271,233,"[0.8899773741622095, 0.6731905320988874, 0.5056880405630422, 0.6464912494248429]"
"[0.8023130517944068, 0.6721923230736488, 0.4500304182209822, 0.6852912522507398]",stable,0.12826995059110763,234,"[0.8929788101790865, 0.6044474180587152, 0.4009182528387629, 0.7203843218965149]"
"[0.8036270482927356, 0.671210512856041, 0.44931864770819646, 0.6857998474629975]",stable,0.1859545128847192,235,"[0.8896763309339719, 0.6712634910532723, 0.3008809585013792, 0.6141001163939568]"
"[0.8048563237590389, 0.6712112696874301, 0.4471981092909562, 0.6847755655905826]",stable,0.14611728313832245,236,"[0.9134011586339308, 0.7321061291689968, 0.39189126111886996, 0.7377023819287792]"
"[0.8063851242502346, 0.6720689437646352, 0.44641913959839163, 0.685521013708022]",stable,0.1759579638643858,237,"[0.8633537381361224, 0.6597772416835916, 0.2867200745204711, 0.6401238248918617]"
"[0.8071763549986497, 0.6718982256801763, 0.444201097027865, 0.6848904971966864]",stable,0.13701244929032963,238,"[0.8856477892125262, 0.6377512699741982, 0.337316058991958, 0.6799691830399707]"
"[0.8082513061522644, 0.6714304591636561, 0.44273691842463336, 0.6848230819342657]",stable,0.12157806743360951,239,"[0.7998808818596871, 0.6692741332996472, 0.3270245280948766, 0.7211157183912076]"
"[0.8081381923104728, 0.6714013196249532, 0.44117323747423126, 0.6853135229674676]",stable,0.045926040233325194,240,"[0.853118554521563, 0.6790180634033847, 0.4418222930481274, 0.6905606295937758]"
"[0.8087379304732873, 0.6715028762086656, 0.44118189154854986, 0.6853834843891518]",stable,0.11032111977095248,241,"[0.8504773693859204, 0.7216350397909423, 0.3618143103172634, 0.7255845034164152]"
"[0.8092871336168747, 0.6721625099400113, 0.44013758126919084, 0.6859124451658263]",stable,0.1361207249674413,242,"[0.8359355390698238, 0.7237424003773347, 0.3170472166125796, 0.6885565487290807]"
"[0.8096332168045752, 0.6728323786469894, 0.43853900510481925, 0.6859467841731413]",stable,0.17397630485520815,243,"[0.9308809444009046, 0.7111167665729958, 0.37797203490418024, 0.7880873293334476]"
"[0.8111876748506821, 0.6733232041332203, 0.43776250548686235, 0.6872562783418632]",stable,0.1565615265106551,244,"[0.9024206407239717, 0.7720527408054466, 0.35931889650011656, 0.7042013755363856]"
"[0.8123425225199642, 0.6745729451037549, 0.43676954841108073, 0.6874707732430596]",stable,0.14676455448589157,245,"[0.8367901217797901, 0.6731156598861632, 0.3089879122574981, 0.755381590684622]"
"[0.812648117510712, 0.674554729038535, 0.43517227795916097, 0.6883196584610791]",stable,0.1972419184145186,246,"[0.754696770644618, 0.6871983648371229, 0.25369776627290985, 0.6387903150546231]"
"[0.8119326687839701, 0.6747108233076533, 0.4329318518889603, 0.6877081850856908]",stable,0.21135926511634884,247,"[0.628844332096885, 0.6300725363099831, 0.39848570218451534, 0.598420526228869]"
"[0.8096998841902252, 0.6741664539540232, 0.43251177689256465, 0.686619311197193]",stable,0.4084631961864914,248,"[0.4509619499220303, 0.6275504570140638, 0.38770974429149296, 0.5023124913017301]"
"[0.20643703062373048, 0.6189849953461026, 0.35252214210935995, 0.3508620652541761]",stable,0.2569050222858226,249,"[0.45114081037625375, 0.6686167513077741, 0.3799028743403335, 0.40478084633428224]"
"[0.20953454682312947, 0.6196132454215668, 0.3528687336565875, 0.35154458147038]",stable,0.16262538823621486,250,"[0.33802018678141466, 0.5758911671317736, 0.38868460548956135, 0.4336668099980734]"
"[0.21114061732260803, 0.6190667194429443, 0.3533164320544997, 0.35257110932697616]",stable,0.20783489642805253,251,"[0.3197337459373302, 0.5815258005067304, 0.22889839223592998, 0.47304395840117686]"
"[0.21248127323143176, 0.6186032513079294, 0.3517804068715544, 0.354058428451349]",stable,0.16972196727033287,252,"[0.27153549070491445, 0.6063633102410304, 0.2041864486007357, 0.4122336198763648]"
"[0.2132014466152547, 0.6184539837339428, 0.3499804805511786, 0.3547678820053126]",stable,0.09492173579363208,253,"[0.30735947720121914, 0.6136478104362598, 0.35967380735654714, 0.3495389895866795]"
"[0.21433588071870008, 0.6183960780315612, 0.35009726762112275, 0.35470488330147365]",stable,0.07220459343132675,254,"[0.2463969811674264, 0.6124092730322523, 0.29367124423834534, 0.32362673661113217]"
"[0.2147175604859468, 0.6183248065434742, 0.3494255292475183, 0.35433490536468387]",stable,0.163988591323475,255,"[0.36431540296230314, 0.6025214703527583, 0.28424055107495283, 0.35806542765551097]"
"[0.21647753510331574, 0.6181388849412305, 0.34865864715137046, 0.35437879386222304]",stable,0.14538412575291496,256,"[0.29635127881347256, 0.5899916004942658, 0.2305404761024121, 0.3579223983794125]"
"[0.21740629956506172, 0.6178115909360332, 0.34728518004615, 0.3544199985659113]",stable,0.08401399497751671,257,"[0.24927043257819334, 0.5697189167884016, 0.2919946184162262, 0.3284762735561718]"
"[0.21777255396751152, 0.6172588015780145, 0.3466496563492543, 0.35412179483016715]",stable,0.08853093464977911,258,"[0.2660966910831243, 0.5974047864999551, 0.2758385173725914, 0.3638225599599308]"
"[0.21832169188927983, 0.6170331877703092, 0.3458449843154286, 0.35423203079755083]",stable,0.07947624580424807,259,"[0.23445275337810073, 0.5632772748466706, 0.3793592713160422, 0.39943553613693594]"
"[0.21850293977117669, 0.6164291887486953, 0.3462215493379074, 0.35473993535192594]",stable,0.2151412308830644,260,"[0.2524690025081199, 0.46131345349645464, 0.49102276798073835, 0.3649267682620064]"
"[0.3176208912870025, 0.48575284932855484, 0.6421646663162482, 0.4358670558034949]",stable,0.2829322266231822,261,"[0.15049245791983118, 0.3882103414152655, 0.5223485791013216, 0.2677947617848861]"
"[0.31143094931044063, 0.48214016385028485, 0.6377270334564362, 0.4296421560250279]",stable,0.27383671393392917,262,"[0.19732851845704064, 0.27956648746664525, 0.6384761785536084, 0.2849682966394518]"
"[0.3323134911262508, 0.28228241506096796, 0.8203133848966065, 0.37071804013220055]",stable,0.14716941818042314,263,"[0.25407328249233624, 0.38800676194089034, 0.7958343331426619, 0.3093955654387626]"
"[0.32771112591249113, 0.2885014942891987, 0.8188734406757863, 0.3671108357384689]",stable,0.14574891879514587,264,"[0.20291748605506305, 0.2668657593586332, 0.7740832087031515, 0.31058628465718713]"
"[0.32077814592041176, 0.2872995090152784, 0.8163850944550843, 0.36397058290061995]",stable,0.20745753359648483,265,"[0.1695018200212458, 0.20186453026175064, 0.7251854844502755, 0.29660889491151887]"
"[0.31281623403098197, 0.28280293118614536, 0.8115851149811469, 0.3604252309011936]",stable,0.16267432978301136,266,"[0.15212685361013034, 0.2839311863954862, 0.8182705674208816, 0.38483613740163725]"
"[0.30478176500993936, 0.2828593439466124, 0.8119193876031335, 0.3616457762262158]",stable,0.06620237206164184,267,"[0.2663485736024893, 0.24917727034535292, 0.8511891242665498, 0.3465113926863539]"
"[0.30295161303815604, 0.2812554356798857, 0.8137893750632963, 0.3609250912957462]",stable,0.1626870214128368,268,"[0.35367735363797104, 0.2679611510224918, 0.9599519603156867, 0.3124098684830353]"
"[0.3052573285199658, 0.28065115001364055, 0.820433128938405, 0.3587198538951684]",stable,0.1224868244639391,269,"[0.3220550029551924, 0.2394826062617654, 0.9302943832396181, 0.3896474485242711]"
"[0.30598766219106255, 0.2788612133287764, 0.8252097052123709, 0.3600645319225207]",stable,0.10022887079350039,270,"[0.3715252745411788, 0.21171879463420715, 0.8393356872693604, 0.3277690190646195]"
"[0.30871839603898404, 0.27606361254983597, 0.8257982877980788, 0.3587188855534415]",stable,0.054108278427907566,271,"[0.2595056912921841, 0.28880598387444684, 0.8175103425332405, 0.37529469389720077]"
"[0.30674988784911206, 0.27657330740282043, 0.8254667699874852, 0.35938191788719187]",stable,0.1859698257727228,272,"[0.3984393162996662, 0.33715323137835307, 0.9362645282329913, 0.46053405274966847]"
"[0.3102764043279795, 0.2789033044788024, 0.829728222227697, 0.36327238461267175]",stable,0.2985812830446057,273,"[0.4925893458608821, 0.4582262485766295, 0.8504158405446218, 0.5160077050288877]"
"[0.5330258935060663, 0.5081407416293394, 0.7655388014918177, 0.5542802350740876]",stable,0.18828046990131925,274,"[0.4384159035592404, 0.4784129577728206, 0.6902353479445191, 0.4130565334537398]"
"[0.31596612624789777, 0.48200704934751826, 0.6396023304024391, 0.4290498123617676]",stable,0.1500530371812781,275,"[0.404685487191892, 0.4458581737592902, 0.5294035936632998, 0.46360825815754936]"
"[0.3190254145563114, 0.48076053639620003, 0.6358023739631584, 0.4302414829064497]",stable,0.19168195462354382,276,"[0.1612482281090315, 0.4280706536912262, 0.5412270030461283, 0.4189451719367192]"
"[0.3137661750080687, 0.4790042069727009, 0.6326498615992574, 0.4298649392074587]",stable,0.29160669072352186,277,"[0.160810653465107, 0.44740422456902795, 0.42882155203277295, 0.29168197413722563]"
"[0.2178619143677759, 0.6145511335911434, 0.3471393271456281, 0.35403929133842926]",stable,0.24656337616456034,278,"[0.3832033195790757, 0.4600129107467019, 0.4267289688158151, 0.41095277662366025]"
"[0.316006082897456, 0.4783915845137977, 0.6260072521546303, 0.429254869446691]",stable,0.31770844619243255,279,"[0.43894342868024483, 0.5571861800327617, 0.42557277433575175, 0.62785622294754]"
"[0.3198478749531682, 0.48085391562376534, 0.6197436747227903, 0.4354611617435925]",stable,0.2963051486880655,280,"[0.5286690096675866, 0.5479842538891372, 0.43722251339944007, 0.5152735554502822]"
"[0.32617578812633236, 0.4828881682984736, 0.6142127304402646, 0.4378797191286437]",stable,0.4133856544949754,281,"[0.6038165959285352, 0.5469525156407119, 0.36207998209886044, 0.5995216623197679]"
"[0.8072193626449036, 0.6726337559020555, 0.43166320105167666, 0.6855699419336095]",stable,0.09724220488595045,282,"[0.7608156618154726, 0.613686605654628, 0.3990466704042377, 0.6329948683088803]"
"[0.8066669376350294, 0.6719320041133956, 0.4312749090201595, 0.6849440481999818]",stable,0.09753954316015294,283,"[0.7947964932776033, 0.6472599063794648, 0.42882967042227566, 0.591357919782062]"
"[0.8065272853484714, 0.6716417441400553, 0.4312461415072432, 0.6838430349244768]",stable,0.10787667940701222,284,"[0.8524044867123851, 0.6273543434986952, 0.3460034898061797, 0.7013066207618998]"
"[0.8070607411782844, 0.6711267743651558, 0.43025494788281227, 0.6840460998760748]",stable,0.09131281261661287,285,"[0.8313843807835128, 0.6827710886382873, 0.49923880942335946, 0.7374504732585495]"
"[0.8073403232427124, 0.6712606170579505, 0.4310478658315542, 0.684659943248287]",stable,0.14130925191658322,286,"[0.683322424441939, 0.6518121951005567, 0.4870383505100502, 0.6518774789861275]"
"[0.8059310289381582, 0.6710396122629801, 0.43168412133926437, 0.684287415245308]",stable,0.24623323874655037,287,"[0.7078458037679397, 0.5763417322967722, 0.5990226912432146, 0.565796018851605]"
"[0.8048289477564703, 0.6699755911397643, 0.43356432998987054, 0.6829560512408844]",stable,0.35869921826476325,288,"[0.6540090800767615, 0.6834582798212889, 0.7493128169221588, 0.6052411440305229]"
"[0.5353981128505897, 0.5115783404174168, 0.7652206449316283, 0.5552794685830373]",stable,0.11015000556515119,289,"[0.5991154796097788, 0.578337240002761, 0.8008160979175618, 0.6037493969114137]"
"[0.5366234468267279, 0.5128621654094426, 0.7659051728736656, 0.5562115825893523]",stable,0.07969261738497055,290,"[0.5268573199676801, 0.5873657874839276, 0.7856584718664822, 0.5739472390058201]"
"[0.5364391802822176, 0.5142678941278291, 0.766277876628247, 0.5565462176160781]",stable,0.09326017793656038,291,"[0.456294896855885, 0.4966352425683964, 0.7332532587284102, 0.5270027101331812]"
"[0.5349550268854336, 0.5139413635433951, 0.7656663096301018, 0.5559991156256542]",stable,0.22008379984290963,292,"[0.3866854450207692, 0.3867737009472578, 0.8336820498229938, 0.4807976879608852]"
"[0.3131063687980828, 0.28289850434800445, 0.8298746602867821, 0.36762517362556857]",stable,0.17856549714269274,293,"[0.2894316215218956, 0.43283218101327814, 0.9226533020363258, 0.352225194795431]"
"[0.31226084210964755, 0.28825327851462135, 0.8331881832064088, 0.36707517438163506]",stable,0.2945438990201812,294,"[0.3920367300737826, 0.4531278808760684, 0.9251997135819805, 0.5785986007997139]"
"[0.532356512397949, 0.5128356638585346, 0.7685669169746815, 0.5564100153560917]",stable,0.19758509278935632,295,"[0.428277151718712, 0.40189541343079127, 0.8940650397272809, 0.5441691986438413]"
"[0.5304979523858198, 0.5108545879580392, 0.770807954880978, 0.556191429343373]",stable,0.18462889761887047,296,"[0.3606619892711187, 0.49111193548006477, 0.8079039451854605, 0.6151633772959795]"
"[0.5275183740855619, 0.5105082256338641, 0.771458761728425, 0.5572260249214889]",stable,0.2578523968290231,297,"[0.3759579600813895, 0.43152797564580436, 0.9427672130885916, 0.46815956624168686]"
"[0.31445729445350074, 0.2931937853122484, 0.8369667704437254, 0.3705608430664644]",stable,0.33361146780748285,298,"[0.4306183682383977, 0.5794533148412725, 0.828279119587817, 0.49619214038616294]"
"[0.5258476843295763, 0.5116969340684746, 0.7724384230708283, 0.5561737165674315]",stable,0.17184600991112314,299,"[0.4313917426530009, 0.4492822586113212, 0.8882567472148747, 0.6136162990686391]"
"[0.5242467361655666, 0.5106390582132686, 0.7744014455139477, 0.5571473196606723]",stable,0.1704150970481909,300,"[0.47097905998406153, 0.5276825312697546, 0.935334386090917, 0.5608847839868107]"
"[0.5233589415625415, 0.5109231160975434, 0.7770836611902305, 0.5572096107327746]",stable,0.19174632570969177,301,"[0.3956538010308119, 0.5273357124859683, 0.9000118242544526, 0.48595412736212384]"
"[0.5212654146685787, 0.5111921750547307, 0.7790988769781686, 0.5560414880545672]",stable,0.18213889654051582,302,"[0.4336178420772208, 0.43281641971191254, 0.8298131947769303, 0.4265124195159249]"
"[0.5198517441429116, 0.5099280499685562, 0.7799168498458906, 0.5539523095297504]",stable,0.20418626852567914,303,"[0.3935719407567496, 0.45853773942543025, 0.9043356180349365, 0.46663421509455]"
"[0.5178473028193217, 0.509112330753586, 0.7818917509282565, 0.5525663080307789]",stable,0.27871625390064186,304,"[0.3440307875695648, 0.3445186960982683, 0.7992952756336342, 0.4108743111727375]"
"[0.31544307755736956, 0.2949046156717824, 0.8357110539500556, 0.3719046253366735]",stable,0.08713092350303081,305,"[0.34510292839951323, 0.25592653189534764, 0.846625302195299, 0.44313438912170394]"
"[0.3163998469393742, 0.29364725813060705, 0.8360631264740958, 0.3742023596523196]",stable,0.1003425714583936,306,"[0.27476170420229096, 0.24685490858200926, 0.8935137543306556, 0.3208657109115333]"
"[0.3150986549788403, 0.29218499720721336, 0.8378584585946133, 0.3725355893791701]",stable,0.17232713099148586,307,"[0.2558597400700556, 0.22589831930173315, 0.9641754177516274, 0.44893907881366407]"
"[0.3133035363452408, 0.29017630999795635, 0.8416862452357349, 0.3748508466347608]",stable,0.2817499201929835,308,"[0.3978582464956899, 0.47472583419624637, 0.9353193066516319, 0.5463379932323928]"
"[0.5159724738142649, 0.5085750417448776, 0.7842890564864342, 0.5524689906120541]",stable,0.22226642757420756,309,"[0.5902697962165657, 0.43274065722827876, 0.9795490232278664, 0.550240936848687]"
"[0.5171155095435311, 0.5074083589061607, 0.787293055974764, 0.5524347128618485]",stable,0.16584286455561198,310,"[0.44448081952845314, 0.43689438871568514, 0.8801568059133135, 0.4595252866137446]"
"[0.516014983937242, 0.5063399654184262, 0.7887000824889845, 0.5510269942823318]",stable,0.10214989283910564,311,"[0.45428948492186805, 0.46881881463466546, 0.8505018244935953, 0.5136469018880955]"
"[0.5150937078325349, 0.5057799482425492, 0.7896224965487548, 0.5504690824555522]",stable,0.21692168967249514,312,"[0.6536870306724245, 0.6130034829219472, 0.798985052450033, 0.6779930663661085]"
"[0.5171318449331215, 0.507356764929011, 0.7897601811943619, 0.5523444351601191]",stable,0.2776449340632761,313,"[0.7234291957997803, 0.6186892356429283, 0.7066771182157459, 0.6757559340053471]"
"[0.5201216616123484, 0.5089702789973286, 0.7885560788323529, 0.5541330076071513]",stable,0.20483021954814437,314,"[0.6271084843424106, 0.5824633682815624, 0.6318950097380929, 0.5779093374326393]"
"[0.5216500447942064, 0.5100201802728177, 0.7863180635595778, 0.5544726694618012]",stable,0.35319733527383795,315,"[0.47559467417776397, 0.5292424466602335, 0.4577073912082338, 0.43500388285353736]"
"[0.3305704612454921, 0.48425152942676064, 0.6096096322275578, 0.43779513570878764]",stable,0.21517867767818472,316,"[0.23054223789073736, 0.4886675447806687, 0.43558329237747634, 0.5152002370045123]"
"[0.32771251200678486, 0.48437770129401514, 0.604637451088984, 0.44000671003152264]",stable,0.2081216960583494,317,"[0.2636060234987631, 0.5710594899209754, 0.42751121200977266, 0.4221864560642001]"
"[0.21836459688569884, 0.6140732034409218, 0.3480225346716077, 0.35478816128047075]",stable,0.06217431912632157,318,"[0.2585927524688147, 0.5696415840476565, 0.34015259844035933, 0.3402541749377497]"
"[0.2188018594463849, 0.6135902510562125, 0.34793699188648547, 0.35463018316804984]",stable,0.09392207903986097,319,"[0.2433849636597033, 0.7016827293399801, 0.3577442172827669, 0.33564172566730816]"
"[0.21906619390029153, 0.6145374820055003, 0.3480424459230046, 0.35442600620567627]",stable,0.07519689067595799,320,"[0.26383829568501105, 0.5750584510395884, 0.3665859209020265, 0.3962300361406676]"
"[0.21954249285544813, 0.6141174923143736, 0.3482397169334197, 0.3548707299283889]",stable,0.14199949472007536,321,"[0.31470370784635354, 0.6958219926489276, 0.3939779792711911, 0.40325032940599376]"
"[0.2205441898553524, 0.6149775396863163, 0.3487211723264489, 0.3553799888702584]",stable,0.12626796335804805,322,"[0.30132483321366355, 0.686531321965367, 0.38058238337235656, 0.4126775080264753]"
"[0.2213856548903348, 0.6157228915850564, 0.3490530599415104, 0.3559768380281357]",stable,0.23085012039799868,323,"[0.3320272212129778, 0.5450182362659122, 0.5365358690749125, 0.38599799531915324]"
"[0.32783236504029023, 0.48606216059879004, 0.6027457404774821, 0.43850646795617904]",stable,0.15704905907639033,324,"[0.1766438370221598, 0.475746850074291, 0.5627598430267231, 0.4485642175221145]"
"[0.3237461886073678, 0.4857833684224522, 0.6016650405463805, 0.4387782990255286]",stable,0.17535449989197666,325,"[0.18362834558023103, 0.47876229610988547, 0.7056842744875931, 0.4544911667349217]"
"[0.32005887694875895, 0.48559860336159516, 0.6044023888079914, 0.43919179554419685]",stable,0.22140779478653225,326,"[0.2391169871286697, 0.359879673662603, 0.7495772634136709, 0.3644333273740104]"
"[0.31112157901534165, 0.2922264089292695, 0.838977157535086, 0.3745444490094446]",stable,0.17871562754607545,327,"[0.22280165339892474, 0.386348276621763, 0.735721928688838, 0.3065863883669877]"
"[0.3085981525691583, 0.294915605149055, 0.8360270081394788, 0.37260279013394587]",stable,0.24500237700482125,328,"[0.2184916046992143, 0.45893342756506184, 0.678181944485615, 0.3820930261158888]"
"[0.3174545879167193, 0.4849148809052738, 0.6062941722869047, 0.4377277245332146]",stable,0.37763804472263673,329,"[0.06828220227974785, 0.43534452950208186, 0.5734063661807796, 0.16026639834665124]"
"[0.06828220227974785, 0.43534452950208186, 0.5734063661807796, 0.16026639834665124]",stable,0.22083961362281093,330,"[0.10171403372771547, 0.4328161215401869, 0.4428355766701108, 0.3351873052470157]"
"[0.08499811800373167, 0.4340803255211344, 0.5081209714254452, 0.24772685179683346]",stable,0.11689842455184563,331,"[0.17743569318653327, 0.4046403680350537, 0.4589094535150227, 0.29052932561783323]"
"[0.11581064306466553, 0.42426700635910747, 0.49171713212197105, 0.26199434307050007]",stable,0.19247788228645327,332,"[0.16320990156427884, 0.5841571254090511, 0.47248099669218463, 0.3561546658560894]"
"[0.22078590485604557, 0.6153974713152007, 0.3503255128977029, 0.35597867130471256]",stable,0.08857026178904139,333,"[0.1364835849205822, 0.6135287263408529, 0.3486874466860442, 0.3289299253414489]"
"[0.21992567710160207, 0.6153784024889318, 0.35030879793635944, 0.3557026636928425]",stable,0.11523371596109261,334,"[0.13851582221322103, 0.6005988202788232, 0.41084719692363353, 0.30309172358523023]"
"[0.21910335533505276, 0.6152291137797388, 0.3509202969160289, 0.3551712400553919]",stable,0.13266537606185708,335,"[0.23534092343989188, 0.49905061896927905, 0.41210743081691226, 0.3454175035279873]"
"[0.21926573101610117, 0.6140673288316342, 0.3515321682550377, 0.35507370269011784]",stable,0.2764207438551317,336,"[0.4377514894654075, 0.49906783060747306, 0.346617260015164, 0.4792645239026394]"
"[0.22142895634728244, 0.6129287199383257, 0.35148350579721716, 0.356303314781331]",stable,0.40336328244851233,337,"[0.4414644122766078, 0.5335150998952666, 0.6529194366167522, 0.48713218133695524]"
"[0.32055483352571656, 0.4861298863800235, 0.607459803895151, 0.43896283595330815]",stable,0.3708598382298058,338,"[0.46245066387835077, 0.6177623684552132, 0.7419978818665152, 0.7252755813539804]"
"[0.5208162506968, 0.5115376758810204, 0.7856938356484079, 0.556878344277184]",stable,0.22682722939844846,339,"[0.34501048759119524, 0.5946069020705591, 0.806217091343088, 0.6718619313293992]"
"[0.5183745039869999, 0.5126914151336529, 0.7859788808663896, 0.5584753385417981]",stable,0.19643444118246745,340,"[0.495877268700161, 0.5335989507595129, 0.6866856242138741, 0.7251609354735905]"
"[0.5180663226817008, 0.5129778197312674, 0.7846186992684099, 0.5607587028833294]",stable,0.2631025373191247,341,"[0.37022197746151236, 0.7296214599345615, 0.7693373415399686, 0.5467227492065679]"
"[0.5160684261246712, 0.5159054364907714, 0.7844121944342417, 0.5605690278336435]",stable,0.12505331059317096,342,"[0.5240806813246217, 0.6029221399002653, 0.8337742498249865, 0.6351720778535197]"
"[0.5161752561940038, 0.5170656592028979, 0.785070355172785, 0.5615637351672418]",stable,0.1874814427931551,343,"[0.5085180733901142, 0.6725900228136298, 0.8700256368811484, 0.6222714890100614]"
"[0.5160745037886896, 0.5191120324083023, 0.7861881878268424, 0.5623625214020157]",stable,0.16628160951224585,344,"[0.49372542842513334, 0.6273136669382096, 0.8979990564835237, 0.6165919269646054]"
"[0.5157842560566953, 0.5205172484411582, 0.7876402770301759, 0.563066799396335]",stable,0.16502740452772097,345,"[0.41126970757744785, 0.518293177095258, 0.7561331493680337, 0.43932065677174686]"
"[0.5144443259479871, 0.5204887347059544, 0.7872363394960459, 0.5614803103883275]",stable,0.19548506594422468,346,"[0.5111785945019078, 0.610355535910184, 0.6193789752035014, 0.6056573326897393]"
"[0.5144029875752518, 0.5216262891515775, 0.7851115627328491, 0.5620395132022694]",stable,0.32667861220428646,347,"[0.5989720112026331, 0.6313792321830092, 0.5006747446871342, 0.6433843590770894]"
"[0.8025416484614276, 0.6695467427069115, 0.43431000126428454, 0.6825163657723978]",stable,0.13841636910895044,348,"[0.6696369492266007, 0.6521312161296174, 0.4537877464667382, 0.6540076121260306]"
"[0.8010811572610449, 0.6693553632939743, 0.4345240424203554, 0.6822030827652948]",stable,0.1617920871826801,349,"[0.733556239231998, 0.7114509240591482, 0.4993853110431954, 0.807255249946035]"
"[0.8003471907607292, 0.669812923737074, 0.4352290562097342, 0.683562345452042]",stable,0.04227486599315191,350,"[0.8118922123839135, 0.7028377881606185, 0.4392615541938364, 0.6601748688828634]"
"[0.8004713307781828, 0.6701680298061444, 0.4352724164031116, 0.6833108672093626]",stable,0.13545826842753875,351,"[0.8978022610963122, 0.6820285194969036, 0.4864772949686711, 0.60512505210089]"
"[0.8015067662070992, 0.6702942052283866, 0.43581714915380904, 0.682479103218847]",stable,0.1432714995871015,352,"[0.8813100386618111, 0.5791132894880938, 0.4168130231880969, 0.7565266831961617]"
"[0.8023468006539908, 0.6693344061153309, 0.43561710572259105, 0.6832585514291344]",stable,0.1130694860715695,353,"[0.8715720500256403, 0.7312401755418921, 0.38326331921716644, 0.6455845513737694]"
"[0.8030678970016121, 0.669979257880191, 0.43507175377982615, 0.6828661139285578]",stable,0.179373390688602,354,"[0.8617441110214759, 0.8015878904428196, 0.4586449385201473, 0.7870553071858946]"
"[0.8036728064244973, 0.6713360479066097, 0.43531477630292226, 0.6839402293229633]",stable,0.20927155891414945,355,"[0.6749083892906359, 0.7519601734247752, 0.3109464925679187, 0.611506876261159]"
"[0.8023588838006824, 0.6721587430649584, 0.43404571218317733, 0.6832011134753939]",stable,0.32744218926398305,356,"[0.5316559797072412, 0.739499317180908, 0.4638604647931188, 0.5143382915461441]"
"[0.7996245110320618, 0.6728389508843116, 0.4343468713004495, 0.6814954284054013]",stable,0.5507493493704235,357,"[0.3303945660328365, 0.8002846229698543, 0.2501021768969043, 0.4999476446161811]"
"[0.22249724663831727, 0.6147655425170662, 0.3504895712001553, 0.3577115925248099]",stable,0.1443017517040483,358,"[0.3323633401177233, 0.5772706237939143, 0.32960665466034755, 0.4408408407781586]"
"[0.22356390774005908, 0.6144015141799481, 0.3502868244376328, 0.35851867260493947]",stable,0.13005996779339657,359,"[0.21728398528584958, 0.707881792047333, 0.29091042269853107, 0.42643066243546773]"
"[0.22350352387030709, 0.615300363005596, 0.34971589749783377, 0.35917167250715604]",stable,0.16004019975319064,360,"[0.37451893074023307, 0.6508720102379997, 0.37867526965237747, 0.38569006428606945]"
"[0.22494176584049685, 0.6156391405982856, 0.34999170104216276, 0.35942422861933615]",stable,0.25557178099095945,361,"[0.432729501134, 0.5294431320780645, 0.25985516339924286, 0.44058360883762304]"
"[0.22690202749420912, 0.6148259707065853, 0.3491413563474182, 0.36018988314969735]",stable,0.43275066847713406,362,"[0.6488424507181718, 0.5402871423833372, 0.29203247531553167, 0.3807315261334706]"
"[0.6488424507181718, 0.5402871423833372, 0.29203247531553167, 0.3807315261334706]",stable,0.2999657596028138,363,"[0.7524022931451466, 0.6241957097605504, 0.2847388621739027, 0.6493594686462277]"
"[0.7991522888531927, 0.672352518473074, 0.432850791209184, 0.6811740688078096]",stable,0.1631430690411436,364,"[0.7288637972166186, 0.5990486081783352, 0.3536645694955898, 0.5810178510984483]"
"[0.7984563631934246, 0.671626737183027, 0.43206676921201975, 0.680182423087915]",stable,0.08939347618190681,365,"[0.822944847909711, 0.6432303842937654, 0.4807683508997924, 0.6152724024140385]"
"[0.7986964463769176, 0.6713483415664656, 0.4325442356991548, 0.6795460503362103]",stable,0.291122692618981,366,"[0.9179941599955407, 0.5998376624171412, 0.18493466394632574, 0.6155444845188204]"
"[0.7998546766062247, 0.6706540631281227, 0.4301402592743701, 0.6789246759107987]",stable,0.1694833419663885,367,"[0.7625036816611185, 0.5764428419591411, 0.32419580860458386, 0.593898059143854]"
"[0.7994955324240601, 0.6697481860014978, 0.42912156263331447, 0.6781071122880397]",stable,0.09076595093992014,368,"[0.7758223538447699, 0.5925384259585951, 0.3884359802328275, 0.6859413196398779]"
"[0.7992700735804479, 0.6690128549534702, 0.428734080896167, 0.6781817237866287]",stable,0.13431569594088577,369,"[0.8327729524925584, 0.5407612215369796, 0.4233978345078992, 0.6991890149297234]"
"[0.7995861384758451, 0.6678029338835033, 0.4286837389491079, 0.6783799057785447]",stable,0.15111681430803167,370,"[0.7908260887175825, 0.5476008825072985, 0.5131808099769115, 0.7126036537836278]"
"[0.7995042688519362, 0.6666795502257817, 0.42947343120170417, 0.6786997538907418]",stable,0.27684213399178115,371,"[0.6924586910862445, 0.6832242078145796, 0.68374135419958, 0.6626713705178544]"
"[0.7985131060948464, 0.666832741499752, 0.4318277638220549, 0.6785513429335853]",stable,0.277867339924607,372,"[0.6749621552794584, 0.5252296180880911, 0.6143636526267028, 0.5859520670846361]"
"[0.5164099771715545, 0.5216713307632839, 0.7829772138565223, 0.5623384201257989]",stable,0.20365078440537948,373,"[0.7012315112939329, 0.5575079304696755, 0.7612134892033019, 0.636881836496928]"
"[0.5186917245063987, 0.5221137579201529, 0.7827085258978406, 0.5632587092168005]",stable,0.15466337637742164,374,"[0.655715628264614, 0.5852320085477456, 0.795574561788039, 0.5948143957012971]"
"[0.5203627477229623, 0.5228834926839041, 0.7828654287745503, 0.5636435346617334]",stable,0.13376068972223706,375,"[0.45113936922138875, 0.42544264035374496, 0.7241135060190754, 0.5760345739039957]"
"[0.5195287311145096, 0.5217095065112516, 0.7821575742835206, 0.5637928242911583]",stable,0.21061851681224275,376,"[0.6035661542590498, 0.364592986290843, 0.8804410011780293, 0.5094546405975878]"
"[0.520529176628135, 0.519839071746723, 0.7833276150798838, 0.5631459411519492]",stable,0.20065250642993124,377,"[0.5937964726669748, 0.37554602685248023, 0.665096563969451, 0.5534368002918675]"
"[0.5213911448168272, 0.5181415065126731, 0.7819366615374082, 0.56303171596536]",stable,0.21800720499419773,378,"[0.623933269363314, 0.57510803896059, 0.6040181045695797, 0.6089888197712024]"
"[0.5225834951022515, 0.5188039080527652, 0.7798678411075497, 0.5635661008933349]",stable,0.4559302575675283,379,"[0.8452740930744149, 0.6880770603569214, 0.5389074578909007, 0.694056987069573]"
"[0.7989421059753928, 0.6670276435076159, 0.43281014633644793, 0.6786935965495119]",stable,0.16096612674424013,380,"[0.719544319808006, 0.5729331309889903, 0.5023835466955203, 0.6018050396172925]"
"[0.7982203079193257, 0.6661722388483556, 0.4334426317942577, 0.6779946096683098]",stable,0.2078356248751336,381,"[0.8134631358213156, 0.6649055219399547, 0.6317036689609133, 0.6175441362651716]"
"[0.7983576306932175, 0.666160826984316, 0.4352287672642276, 0.6774500108088221]",stable,0.09788264875053912,382,"[0.7761407345734768, 0.6109271348501925, 0.42385894792014317, 0.6005904706427385]"
"[0.7981592655492912, 0.6656676690188327, 0.435127251020084, 0.6767637649144821]",stable,0.09913039832137727,383,"[0.8765054579796657, 0.6082760730239718, 0.45040403086100417, 0.6894733955099149]"
"[0.7988525946858431, 0.6651597787887897, 0.43526244376203904, 0.6768762395215213]",stable,0.16362418656887873,384,"[0.7359990207311035, 0.611894410903662, 0.294252517442091, 0.6668112539404019]"
"[0.7983012475458893, 0.6646925387196219, 0.43402551458379385, 0.6767879501743185]",stable,0.15925258855014165,385,"[0.8674235683657334, 0.6284708106410233, 0.29773793067556514, 0.6503839237416542]"
"[0.7989023112051923, 0.6643775671711123, 0.4328404051585049, 0.6765583499444693]",stable,0.18444888731774117,386,"[0.9191917942755644, 0.6555827713893723, 0.29347482591615653, 0.6693667447677617]"
"[0.799939289507523, 0.6643017499660974, 0.43163897775124327, 0.6764963533481183]",stable,0.1731237605110649,387,"[0.9100715521171926, 0.6978853852695928, 0.3179008927250029, 0.6150267784322881]"
"[0.8008805908973492, 0.6645887895840759, 0.4306668573664036, 0.6759709723659317]",stable,0.2966113208133378,388,"[0.9822173560173704, 0.7832337907006551, 0.272183158707952, 0.8020722579264806]"
"[0.8024173431441292, 0.6655942556952333, 0.42932377517438286, 0.6770396273283094]",stable,0.25550351798985776,389,"[0.9149862139116895, 0.5144905940172337, 0.6010474039376913, 0.6600403393675763]"
"[0.8033633000413355, 0.6643244770256702, 0.43076683087827616, 0.6768967761689755]",stable,0.27878954880880324,390,"[0.6761034943517072, 0.5219175237784829, 0.6090113137366127, 0.5795432021294378]"
"[0.524348092794774, 0.5188396967392677, 0.7779039729768493, 0.5637497457351291]",stable,0.161458211509372,391,"[0.6506138297792233, 0.4746809392158359, 0.7196438816843628, 0.6328980184840335]"
"[0.5257829307150519, 0.5183378926765014, 0.7772419264848892, 0.5645355215618213]",stable,0.06031058559971718,392,"[0.5655008763381622, 0.5091402867917448, 0.8097322089909151, 0.5342100022830392]"
"[0.5262291997669969, 0.5182345487901558, 0.7776069858388894, 0.5641947853901496]",stable,0.17761065861793585,393,"[0.6475394585461559, 0.4520863139523994, 0.6767702655289151, 0.6120041363019476]"
"[0.5275770915312097, 0.5174995684030697, 0.7764865778354453, 0.5647260004002806]",stable,0.33641234855257324,394,"[0.7419430993814512, 0.5103304880084378, 0.5194325487855966, 0.597776164886151]"
"[0.8028514650358364, 0.66304119378386, 0.4315057118608372, 0.6762374377416187]",stable,0.2539947075749275,395,"[0.6597434365644723, 0.48565643125858116, 0.534950609281767, 0.633026294681802]"
"[0.8016687540567342, 0.6615752040109237, 0.43236062836844813, 0.6758803208568268]",stable,0.4303373379761299,396,"[0.5010209714303404, 0.585967256218779, 0.6925556717333651, 0.5296506627938887]"
"[0.5272852660355958, 0.5182519605768686, 0.7755642601859718, 0.5643405571298807]",stable,0.17302500606673263,397,"[0.6134650199585356, 0.49230498753285684, 0.6471883295262785, 0.637532617869317]"
"[0.5282220024912799, 0.5179699282611728, 0.7741688696353229, 0.5651361230074833]",stable,0.15567289228208964,398,"[0.6695848143227733, 0.535550154276143, 0.7200851614428467, 0.597018610112139]"
"[0.5297420327260272, 0.5181589629495058, 0.7735873243859415, 0.5654789454494689]",stable,0.07907098956126489,399,"[0.5292862915788408, 0.4664178694735591, 0.824074586767646, 0.5975087639522124]"
"[0.5297371844159507, 0.517608525784868, 0.7741244229219171, 0.5658196881994981]",stable,0.12156946241924413,400,"[0.5609258927830989, 0.6276629237808048, 0.7444048589678282, 0.5943008339528516]"
"[0.5300654866092891, 0.5187669931321937, 0.7738115854066109, 0.5661194897337439]",stable,0.17186601179156977,401,"[0.43605581333981014, 0.46324710112220124, 0.8589334178397231, 0.4642768534003607]"
"[0.5290862191793987, 0.5181886609237562, 0.7746982711611224, 0.5650586289386045]",stable,0.18482425254021317,402,"[0.37318528661678035, 0.4524204285843251, 0.8329826086936043, 0.611236320159591]"
"[0.5274789930705057, 0.5175106379099477, 0.7752991406202202, 0.5655346876109858]",stable,0.3478332118744867,403,"[0.25392596940482465, 0.32345004796039456, 0.8456105757447275, 0.5059236479836778]"
"[0.3070794808145935, 0.2957082285604811, 0.8362932183507358, 0.3763061472964384]",stable,0.20708780617087338,404,"[0.3558812621631656, 0.4806651139696451, 0.8391789509935702, 0.45559277093956524]"
"[0.3083984478780684, 0.30070706330126934, 0.8363712111248665, 0.37844902901652294]",stable,0.18720233927251356,405,"[0.4254186821270465, 0.3255888301361986, 0.9801914726309907, 0.3715489808356901]"
"[0.3114779277267258, 0.3013618466390306, 0.8401559548487119, 0.3782674488012379]",stable,0.24752730445563084,406,"[0.44338454487707574, 0.38966164065364006, 0.6636268317448497, 0.44834616080553047]"
"[0.32355068014404237, 0.4837770023379166, 0.6088297314036802, 0.4391916975350697]",stable,0.20909308685008313,407,"[0.46158483808909095, 0.5166012456672069, 0.6105162878462692, 0.5927697388890448]"
"[0.5268066037339606, 0.5175013583972666, 0.7736176829388532, 0.5658125962974967]",stable,0.2331346765527488,408,"[0.6443908095716437, 0.5612299396240048, 0.5817649372178633, 0.6083104443852515]"
"[0.5279943229848463, 0.5179430612379408, 0.7716797764164192, 0.5662418674903024]",stable,0.4262663701163274,409,"[0.7260839563573308, 0.6366344518999202, 0.4159531794423176, 0.6090724340340099]"
"[0.8010492065346079, 0.6613707716165712, 0.4322261410821684, 0.6753327152271315]",stable,0.09786824549968856,410,"[0.7658382467529916, 0.7290555269003268, 0.4928427844205132, 0.6662344603936634]"
"[0.8007629385689037, 0.6619210541798538, 0.4327189593206915, 0.6752587456756399]",stable,0.09152799032583253,411,"[0.8104748753115356, 0.6647051946946018, 0.5139214239340277, 0.6342531411793418]"
"[0.8008412606394089, 0.6619435069259405, 0.43337381790628293, 0.6749280553167988]",stable,0.07175347812783642,412,"[0.7795934728851174, 0.6737176296559322, 0.4931566787307011, 0.6435517469842715]"
"[0.8006712783373745, 0.6620376999077804, 0.4338520807928783, 0.6746770448501386]",stable,0.08385379298958986,413,"[0.7636572792198165, 0.6038380767031067, 0.4458101924477962, 0.6285117993450084]"
"[0.8003775164396161, 0.6615757981363147, 0.43394698644093316, 0.6743106540127963]",stable,0.1737123685932336,414,"[0.810005638576465, 0.6673157729755078, 0.261916120299333, 0.6529630534496031]"
"[0.8004533284249457, 0.6616209947885919, 0.4325924126917867, 0.6741425626697789]",stable,0.1456807368744835,415,"[0.851583242678775, 0.6471569683056885, 0.3124361510228212, 0.7370859791986701]"
"[0.8008527808800536, 0.6615079945816943, 0.4316536918974979, 0.6746343081114109]",stable,0.17278903408673021,416,"[0.965137520332992, 0.6989397723117791, 0.42997602364077264, 0.6363900650323374]"
"[0.8021263059920919, 0.6617981634013074, 0.4316406867172132, 0.674337841110798]",stable,0.09192017925678188,417,"[0.8892770343740233, 0.6560086732659521, 0.4109612872289502, 0.6941599030084711]"
"[0.8027966962104144, 0.6617536288618047, 0.43148161441345734, 0.6744903185100108]",stable,0.13449971103122085,418,"[0.8667109352978964, 0.6990901588672193, 0.36968588660507085, 0.7682581907325193]"
"[0.8032845911652807, 0.6620386405412353, 0.43100989130041617, 0.6752061037941521]",stable,0.12404180523487854,419,"[0.8056434693970301, 0.6894062922364697, 0.336562598097228, 0.7507807396629055]"
"[0.8033024614549151, 0.6622459712358961, 0.43029438150342236, 0.67577863891437]",stable,0.21739021540178957,420,"[0.9553662980357189, 0.6812082656720153, 0.35369832176697896, 0.8096015456954296]"
"[0.804445798572064, 0.6623885448782729, 0.4297184712798401, 0.6767848261834004]",stable,0.2955112335373629,421,"[1.0, 0.6669377905379598, 0.39708895064386085, 0.8958739911314875]"
"[0.8059051582842128, 0.6624224944727481, 0.429474967394497, 0.6784198199516697]",stable,0.3000387010988021,422,"[1.0, 0.7499410413715258, 0.459281244970052, 0.8877102983356497]"
"[0.8073428978524779, 0.6630707800053317, 0.42969575463579734, 0.679970119791551]",stable,0.2785503854039481,423,"[0.9842425227958953, 0.7484921077377662, 0.39604963155609496, 0.8745670752500058]"
"[0.8086436303888266, 0.6636988780033642, 0.429448356671976, 0.6814009797581572]",stable,0.2806557163548033,424,"[1.0, 0.8362027597045015, 0.4557882427334439, 0.7895628590510425]"
"[0.810040392210806, 0.6649580304245405, 0.4296406186140305, 0.6821904825267184]",stable,0.2521613874697667,425,"[0.9629214215867705, 0.7677591019066963, 0.48140553421650617, 0.8464009858522139]"
"[0.8111482257570086, 0.6657029657251358, 0.4300157266981064, 0.6833804137102365]",stable,0.2806403416749385,426,"[0.9608724228558321, 0.827817757303328, 0.4971112935536978, 0.8432511284719623]"
"[0.8122253782541224, 0.6668692591897271, 0.43049842861793086, 0.6845305627372993]",stable,0.15874324617294774,427,"[0.8757623398893579, 0.6302356650587742, 0.40527680060878535, 0.8230380425833517]"
"[0.8126792136943741, 0.6666075906602202, 0.4303182741321513, 0.6855199018790568]",stable,0.23066712528881084,428,"[0.9834521453163811, 0.752488723439674, 0.3791533757247356, 0.8040547605397307]"
"[0.8138903692377927, 0.6672166767083014, 0.4299554025122405, 0.6863605746355154]",stable,0.232946330499827,429,"[1.0, 0.7791431888333307, 0.3654027776957617, 0.7405141778740635]"
"[0.8152010004403434, 0.6680048915824214, 0.42950080656282874, 0.6867419380386037]",stable,0.25784625074299017,430,"[1.0, 0.6834857657359692, 0.3412733878217649, 0.8426594928606891]"
"[0.8164933011365647, 0.668113149443635, 0.4288838316065975, 0.6878322705898071]",stable,0.21572201423246457,431,"[0.9653516267048852, 0.8221043443166167, 0.42382860581065507, 0.7130977198684358]"
"[0.8175270395085669, 0.669182532741364, 0.4288487258719035, 0.6880077250986864]",stable,0.210772133479994,432,"[0.8940473545683009, 0.6008999592636077, 0.5784929370741456, 0.7953093273597012]"
"[0.8180547658193237, 0.6687116184415174, 0.42988075491467753, 0.6887477361487624]",stable,0.1848230763039728,433,"[0.7966465761238638, 0.5993164384878616, 0.595492202942393, 0.6505585200034893]"
"[0.8179081343830534, 0.66823630898978, 0.4310150799011688, 0.6884861661751646]",stable,0.29756013744116294,434,"[0.7503421020852619, 0.5755157471896594, 0.6978067269584705, 0.6236634760623674]"
"[0.5302178007758505, 0.518518788097458, 0.7709410459218397, 0.566816083576023]",stable,0.32261758930305884,435,"[0.4503383344174462, 0.5847544312189269, 0.46569278760384525, 0.5550806604421905]"
"[0.32656943381721865, 0.48618122683508347, 0.6054217089322557, 0.44195095855666783]",stable,0.19728621130206328,436,"[0.3661030644767459, 0.6497936147898278, 0.5129033910044716, 0.48700968215552437]"
"[0.32748882057674256, 0.489986166089845, 0.6032701201432374, 0.44299883584966443]",stable,0.2864394218371665,437,"[0.35718587694883985, 0.6237808795634929, 0.35467839806705037, 0.48129710718066415]"
"[0.22811963356387857, 0.6149096614435657, 0.34919310440087276, 0.36132172636494003]",stable,0.1386363826574999,438,"[0.2894057502962895, 0.5000434473578473, 0.30552757676140935, 0.34226567614987186]"
"[0.2286870976076972, 0.6138460853872166, 0.3487887939597666, 0.36114528145554126]",stable,0.04432166998435007,439,"[0.2571258594664183, 0.6052947594746685, 0.31819303696105866, 0.3490447966322796]"
"[0.22894800367979554, 0.6137676328559089, 0.34850809894142976, 0.36103426783330944]",stable,0.19703914780237727,440,"[0.14327195517417238, 0.6921130790807425, 0.1895556297180208, 0.35208194619241]"
"[0.2281691305115626, 0.6144798641852255, 0.34706307649394424, 0.3609528830911195]",stable,0.06692786184942569,441,"[0.23191739878677003, 0.6640759968990093, 0.31951247410715594, 0.39625836573382983]"
"[0.2282028986942221, 0.6149266761916561, 0.34681487286883805, 0.36127095050231506]",stable,0.06520710794898248,442,"[0.24516974298935654, 0.6207490969747407, 0.2983749359558937, 0.32147440480008616]"
"[0.22835438837542868, 0.614978662091505, 0.3463823734321153, 0.36091562420140233]",stable,0.10807634324241736,443,"[0.24078369927687598, 0.5374852034721717, 0.40262198373731106, 0.4094736132773656]"
"[0.2284643822772114, 0.6142928792718648, 0.346880069098533, 0.3613453409188887]",stable,0.3040818501383779,444,"[0.263989780135985, 0.35404715384239305, 0.4999784208363067, 0.3552811194998071]"
"[0.1528554273324954, 0.4067120432299289, 0.49378245430055495, 0.28531603717782683]",stable,0.22440543450550185,445,"[0.33285599717018133, 0.33852245715591717, 0.6044858805592388, 0.31775868903236126]"
"[0.3276108018629571, 0.4865438090686194, 0.6032977510617828, 0.4401524688765439]",stable,0.23993824744122683,446,"[0.35605792161340954, 0.3006496032183632, 0.7320924866049463, 0.36520992894934384]"
"[0.31262100449305097, 0.3013435839872186, 0.8373850966886153, 0.3779326405999073]",stable,0.12018210353049852,447,"[0.2779561884395952, 0.27408004927207386, 0.7308787889945555, 0.34394448629270935]"
"[0.31175438409171463, 0.30066199561934004, 0.8347224389962637, 0.37708293674222737]",stable,0.2054734513599364,448,"[0.2186576691867076, 0.3210698691870408, 0.6538938812163922, 0.35618096852494247]"
"[0.3094837325086657, 0.3011597486331864, 0.8303119863674863, 0.37657313263936676]",stable,0.23058439794246985,449,"[0.2310245108191917, 0.46519376361630066, 0.6908706512051311, 0.40230776073134555]"
"[0.32546443983976225, 0.48606936361412345, 0.6052438155094129, 0.43931147536220616]",stable,0.3005614583041921,450,"[0.12712539782530022, 0.5091594975497801, 0.4397585988828655, 0.2873894446239811]"
"[0.14770942143105636, 0.42720153409389916, 0.48297768321701706, 0.2857307186670577]",stable,0.18626206128217646,451,"[0.16377641596318107, 0.5551288677931153, 0.35124212664055193, 0.31248417799269024]"
"[0.22789694397621113, 0.6137738967150337, 0.3469183327611823, 0.36091673422655357]",stable,0.11780425045876511,452,"[0.16758400379112748, 0.5998095549768895, 0.44640350062996814, 0.3730777048424955]"
"[0.22737248362677562, 0.6136524676564411, 0.3477834211774326, 0.361022481797127]",stable,0.06837366190981259,453,"[0.19525692735468025, 0.6159477268887822, 0.40115661970033456, 0.33292297730358683]"
"[0.22709562538305067, 0.6136722543739613, 0.34824353495780247, 0.36078024468942405]",stable,0.19598386028740059,454,"[0.3900622599738288, 0.6150792837814771, 0.42721097537694647, 0.43570496107328816]"
"[0.22848850260177525, 0.6136842802663333, 0.34891847034600026, 0.36142062688073917]",stable,0.4143229815309264,455,"[0.6128099102550044, 0.6751782184618453, 0.37210988815396656, 0.5015678435829615]"
"[0.8179081343830534, 0.66823630898978, 0.4310150799011688, 0.6884861661751646]",stable,0.19937296066733123,456,"[0.6697293266587976, 0.7039425735510079, 0.42904952398720686, 0.5599800665234052]"
"[0.8179081343830534, 0.66823630898978, 0.4310150799011688, 0.6884861661751646]",stable,0.08676506973202823,457,"[0.8046119736117144, 0.7488233224460816, 0.4566664159757053, 0.7025975677402635]"
"[0.817817684309779, 0.6687845199656733, 0.43118957878602954, 0.6885821621041789]",stable,0.05923437341204999,458,"[0.8026101211585379, 0.7059754326073069, 0.47335582967083956, 0.6777986413562584]"
"[0.817714930504703, 0.6690358099159546, 0.4314744858866026, 0.6885093004775038]",stable,0.1881963701956652,459,"[0.9283164713831942, 0.7576171320041235, 0.4013252466351753, 0.5683862566441095]"
"[0.818457222725364, 0.6696303154333249, 0.43127214199900915, 0.6877031055524474]",stable,0.11165465531858912,460,"[0.7090271783856514, 0.6604770501887501, 0.4371831794603474, 0.7070190270063826]"
"[0.8177276890964327, 0.6695692936650277, 0.43131154891541806, 0.6878318783621403]",stable,0.11758652266660256,461,"[0.8718660940486598, 0.5731767436887816, 0.43142627803893585, 0.7278829278909257]"
"[0.81808622157956, 0.6689309324069068, 0.43131230871093806, 0.6880971171007416]",stable,0.09499969578167433,462,"[0.8846428137073177, 0.6363133379368104, 0.48792745000929866, 0.7061520485517603]"
"[0.8185240938961901, 0.6687163429696036, 0.4316847767457957, 0.6882158995444982]",stable,0.1179416626312446,463,"[0.9050430899376577, 0.7015710000887372, 0.3813909411743953, 0.7412800184696244]"
"[0.819089577530448, 0.6689310792906437, 0.4313560588662441, 0.6885627238511984]",stable,0.18222515333262967,464,"[1.0, 0.6477774434592856, 0.4266467288341211, 0.6857749916633027]"
"[0.820264320533497, 0.6687937180190114, 0.4313254788011004, 0.6885446216941342]",stable,0.20803314337013218,465,"[0.9122866983372999, 0.7482314369514189, 0.27643940375639775, 0.7556983504949588]"
"[0.8208580132935215, 0.6693062194314786, 0.430326213800812, 0.6889778715573653]",stable,0.14232898433769536,466,"[0.890418608684021, 0.6817027920768377, 0.3268847748210087, 0.7565430773955415]"
"[0.8213039145460248, 0.6693856846407437, 0.4296631276535056, 0.6894109818511999]",stable,0.11123402725837256,467,"[0.8898853764795143, 0.7011227281289041, 0.4283655264189799, 0.7710238987262171]"
"[0.8217407391443273, 0.6695878314145536, 0.42965486267748954, 0.6899308093472191]",stable,0.11397304523416661,468,"[0.910215669043457, 0.6881537580930084, 0.37274918069903945, 0.7296685941927691]"
"[0.8223007070550813, 0.669705337279607, 0.42929470013332216, 0.690182314314596]",stable,0.18667435712628716,469,"[0.9376876863375297, 0.8074347602074841, 0.3798321859315663, 0.7010094270127946]"
"[0.823026411327298, 0.6705715600653169, 0.42898361513834254, 0.6902504093630123]",stable,0.24208219897086322,470,"[0.8945578998490886, 0.7755462112528104, 0.23802012090718877, 0.767712036556854]"
"[0.8234734831305591, 0.6712276516352388, 0.4277900932993979, 0.6907345445329739]",stable,0.20156501188029044,471,"[1.0, 0.7139800001642185, 0.3621878705865487, 0.7484877083132814]"
"[0.824569921123537, 0.6714931941726858, 0.427382626077579, 0.6910932598359572]",stable,0.2403581340617736,472,"[1.0, 0.7020785094608955, 0.35220957934593267, 0.8339563816304147]"
"[0.8256528228449966, 0.6716819924152055, 0.4269185949249145, 0.6919751309581451]",stable,0.27598698669515254,473,"[1.0, 0.687923992426344, 0.3464414406037192, 0.8895390540593856]"
"[0.8267224374287697, 0.671781636587053, 0.4264248700517783, 0.6931871795661282]",stable,0.2516340126277594,474,"[1.0, 0.7782429639241447, 0.37996619846367585, 0.8339072571542756]"
"[0.8277790079322528, 0.6724307910220353, 0.42614158546892406, 0.6940452288197145]",stable,0.18508596927311247,475,"[1.0, 0.6334698589831969, 0.3746576260798526, 0.7147380684812481]"
"[0.8288227715205422, 0.6721946641611938, 0.4258295614726266, 0.6941706399691785]",stable,0.22063621667185446,476,"[0.9496907795481581, 0.7636556547611886, 0.30112112934305113, 0.7949374941274602]"
"[0.829550892050829, 0.6727456339840854, 0.4250783058573882, 0.694777669211096]",stable,0.23223202335910215,477,"[1.0, 0.7352096420590025, 0.3968215718201675, 0.8368291350590796]"
"[0.830571545391842, 0.6731196699605818, 0.4249091038571653, 0.6956282767910239]",stable,0.15059113006888522,478,"[0.9552820682685877, 0.7198551824377726, 0.42403598533567455, 0.7659134350875971]"
"[0.831313869932775, 0.6733978575348507, 0.42490390672310885, 0.6960466408285034]",stable,0.18826021793276826,479,"[1.0, 0.7535060156918225, 0.444375139375507, 0.7098471217886159]"
"[0.8323120127142378, 0.6738718703050104, 0.42501912111750173, 0.696128300479155]",stable,0.1309140382298908,480,"[0.7846664088120737, 0.6261225678060488, 0.5342792301948044, 0.6706211542308194]"
"[0.8320317444559899, 0.6735909920550165, 0.42566182764148586, 0.6959782584424]",stable,0.1191169685810955,481,"[0.8805787068244292, 0.5665093977695037, 0.43541731076437934, 0.6795341907260832]"
"[0.8323156448207175, 0.6729647839013001, 0.42571887725039165, 0.6958820943037081]",stable,0.13681220238179498,482,"[0.8688336218598018, 0.6260234557355034, 0.5400342218186792, 0.7418443590411512]"
"[0.8325279586407123, 0.6726918692026618, 0.4263835013467189, 0.6961493167731119]",stable,0.27879464430345846,483,"[0.7348964547663647, 0.5681102071241257, 0.5934903685481162, 0.5248819409114183]"
"[0.8325279586407123, 0.6726918692026618, 0.4263835013467189, 0.6961493167731119]",stable,0.48942262990171614,484,"[0.5939550487306635, 0.4785904369460772, 0.7839925251788917, 0.5655434310454507]"
"[0.5308488626367892, 0.5181234578880384, 0.7710702684887412, 0.5668034830559183]",stable,0.07183574272451972,485,"[0.46893080638212686, 0.5326466278420489, 0.7994737109381852, 0.5492293476878297]"
"[0.5302418228695867, 0.5182658419071954, 0.7713487336107946, 0.5666311876111331]",stable,0.2496895417608771,486,"[0.34846710593661645, 0.37520853820640204, 0.8250218591153168, 0.48945202588252834]"
"[0.31041190806647406, 0.3029228150515963, 0.8301860309567204, 0.37926072533563254]",stable,0.19311094761369116,487,"[0.29895233442356045, 0.4557289628951079, 0.7220060686082103, 0.4251725232494827]"
"[0.3248880897220187, 0.4854097896854492, 0.6077821253593867, 0.43900410683801655]",stable,0.12111368186704113,488,"[0.3785373222291187, 0.5276659874438551, 0.5463932806237151, 0.36003507949303737]"
"[0.3260295627540847, 0.48630885772286203, 0.6064759797267129, 0.4373239147668468]",stable,0.1519719727017386,489,"[0.2716487766916734, 0.4477137393652503, 0.48291393572762525, 0.37917712882108945]"
"[0.32489662971111777, 0.48550479275707853, 0.6039017704767319, 0.43611252339297685]",stable,0.08755991344606971,490,"[0.2944671684872609, 0.5547757211274826, 0.6124194657890124, 0.4793534031432607]"
"[0.32427562029838597, 0.48691848517280106, 0.6040756009933091, 0.4369949903266561]",stable,0.14455761827757788,491,"[0.39391268239665417, 0.526628157289792, 0.721568264458784, 0.46280585153967285]"
"[0.3256683615403513, 0.4877126786151409, 0.6064254542626187, 0.4375112075509165]",stable,0.31776668762729104,492,"[0.4741311410424363, 0.6058359873385164, 0.828804893231123, 0.562125572406783]"
"[0.5296970589683522, 0.5191160374939072, 0.7719065604032249, 0.5665874437741977]",stable,0.19719909977209474,493,"[0.34383831240489243, 0.5824795566193262, 0.7559634984370002, 0.5752416043902253]"
"[0.5279099556360112, 0.5197253021008824, 0.7717532617304728, 0.5666706568570441]",stable,0.13101284890506726,494,"[0.4164995442359031, 0.5606774784310972, 0.8237079396947106, 0.5860540905397533]"
"[0.5268489040988673, 0.5201153228278369, 0.772248068187275, 0.5668552609873556]",stable,0.127135005206277,495,"[0.44903775460767326, 0.5073892782242234, 0.8214177769981267, 0.48008474705628557]"
"[0.5261148366508371, 0.5199952658032745, 0.772711933364736, 0.5660366712332889]",stable,0.10322694347272499,496,"[0.4879108524912965, 0.5365203237702012, 0.6819297461710835, 0.5399258612001805]"
"[0.5257577900699069, 0.5201497055973578, 0.7718635017087204, 0.5657926449712972]",stable,0.11758984024051812,497,"[0.45976074614675266, 0.5402414413846106, 0.8158270226199724, 0.6502633008426527]"
"[0.5251467063298777, 0.5203357401879806, 0.7722705713467876, 0.5665747806738097]",stable,0.18614766383346118,498,"[0.5047303025413886, 0.4966620537573413, 0.937109091433485, 0.647209401485294]"
"[0.5249593998731026, 0.5201185504042132, 0.773782851347583, 0.5673145478372178]",stable,0.16180516754414995,499,"[0.38636921140832947, 0.5510625468766415, 0.7549684819971051, 0.492067219023849]"
"[0.5236994890688774, 0.5203998594630534, 0.7736118116262151, 0.5666304812116417]",stable,0.18615768472047017,500,"[0.37816964543868337, 0.4750441999748675, 0.8788615496182577, 0.5850995092980176]"
"[0.5223884093965333, 0.5199912499181149, 0.7745600074639812, 0.5667968688520595]",stable,0.13633389192356815,501,"[0.503396111411742, 0.5048388585247682, 0.9076962937874121, 0.550323951583029]"
"[0.5222188353073833, 0.5198559607092458, 0.7757487243061547, 0.566649789233586]",stable,0.16213860720603293,502,"[0.41269642897857084, 0.5816880044421532, 0.8770514963680391, 0.5522165914226905]"
"[0.5212496104726151, 0.5204031469369707, 0.7766452090146669, 0.5665220618193303]",stable,0.12022873477135411,503,"[0.5006652945597649, 0.5455904117599437, 0.8918723924034393, 0.5555889697522047]"
"[0.5210690462979409, 0.5206240878564704, 0.7776559737812352, 0.566426157502952]",stable,0.19323393384119789,504,"[0.36212614521909287, 0.5631567074941765, 0.677362638527221, 0.580873667833943]"
"[0.32638322004385606, 0.48919197329904357, 0.6078163794442776, 0.44032223618391697]",stable,0.1688756115253991,505,"[0.3640888875810256, 0.5994814338365239, 0.7129616709428078, 0.5025954838404719]"
"[0.32710832903495546, 0.49131292446322583, 0.6098384042807877, 0.4415197986388507]",stable,0.18942225423174713,506,"[0.30638361952914606, 0.5986216751564376, 0.5504450634511086, 0.5843782597249486]"
"[0.3267172967801289, 0.4933376178725317, 0.6087177752085297, 0.4442152413008526]",stable,0.18996588874958595,507,"[0.22823536688277174, 0.5214705109062239, 0.5013474151274888, 0.3256045568001106]"
"[0.1611304123396756, 0.4429130302292866, 0.4860393052020957, 0.2923763583558998]",stable,0.18134279442734688,508,"[0.2828011325387154, 0.483163570124681, 0.4340372611956741, 0.4096671354624115]"
"[0.22894877912666456, 0.6125781725532684, 0.349639816031167, 0.361829495597533]",stable,0.12844068226418195,509,"[0.26058820161655993, 0.4916905138611236, 0.32382686202381605, 0.3765203494304572]"
"[0.22921465662657967, 0.6115623098751831, 0.3494229004512733, 0.36195294815075085]",stable,0.14963893588213614,510,"[0.16011064807832265, 0.5027235114574135, 0.3815865141114155, 0.29313387339819635]"
"[0.22921465662657967, 0.6115623098751831, 0.3494229004512733, 0.36195294815075085]",stable,0.13858561209379516,511,"[0.17984320612647783, 0.5562164947821324, 0.27631693074183983, 0.2705155941893796]"
"[0.22880322787241214, 0.6111010947494078, 0.348813684037028, 0.36119097020107277]",stable,0.17382664386458538,512,"[0.22020467599371196, 0.5414629052653342, 0.22663082458318484, 0.25938901322637914]"
"[0.22873216546019148, 0.6105255725222667, 0.34780390833906233, 0.3603496317136786]",stable,0.07311495804920017,513,"[0.1818265824884101, 0.563436388985808, 0.37276210911393226, 0.3428750677830789]"
"[0.2283476934686195, 0.6101395956080333, 0.34800848375524984, 0.3602063975830999]",stable,0.051767838550539125,514,"[0.25161349661576055, 0.568000097364732, 0.333108829756525, 0.3483373407278037]"
"[0.22853684633973448, 0.6097969980613398, 0.34788734835688623, 0.36010990118590236]",stable,0.20386286417170113,515,"[0.16496200543340533, 0.4347323526471037, 0.3259263148832104, 0.2801824970820515]"
"[0.22853684633973448, 0.6097969980613398, 0.34788734835688623, 0.36010990118590236]",stable,0.12311351801390111,516,"[0.2335165057871304, 0.5353274150276259, 0.43414595746973256, 0.3137863125268931]"
"[0.22853684633973448, 0.6097969980613398, 0.34788734835688623, 0.36010990118590236]",stable,0.111330478011503,517,"[0.23839984172754922, 0.6595069684690102, 0.38781310207050995, 0.4508405447894682]"
"[0.22861638662512007, 0.6101978849194662, 0.3482093302416735, 0.3608415999246408]",stable,0.20119513375193895,518,"[0.36662608450826983, 0.690347375412914, 0.43749886764000556, 0.44472391522706267]"
"[0.22972046420818526, 0.6108390808434139, 0.34892364654086017, 0.3615126584470602]",stable,0.3085891679021644,519,"[0.49590120038783614, 0.6339744377955298, 0.32101089901659813, 0.5133702365186016]"
"[0.8325279586407123, 0.6726918692026618, 0.4263835013467189, 0.6961493167731119]",stable,0.2849036640161992,520,"[0.6152113458498619, 0.7202397621809584, 0.3454084470489168, 0.5376380363235508]"
"[0.8325279586407123, 0.6726918692026618, 0.4263835013467189, 0.6961493167731119]",stable,0.1961573840803677,521,"[0.6640031440839533, 0.6530226643198406, 0.3349154695275595, 0.6597648730880731]"
"[0.6344848332457129, 0.6421078579738065, 0.3840024387996994, 0.5254192175830686]",stable,0.22608318186903778,522,"[0.8030288228884271, 0.757461048927149, 0.29520921691353347, 0.5643542116539666]"
"[0.8323574434051498, 0.6731818644611849, 0.42562526848872356, 0.6953874953562381]",stable,0.08248758933524677,523,"[0.8147780628983897, 0.6379881364496202, 0.35613462232452847, 0.6747085355257848]"
"[0.8322564124826973, 0.6729796016565207, 0.4252258969590443, 0.6952686507595113]",stable,0.10051831500353076,524,"[0.7811721892235071, 0.6992029206152964, 0.4465224170845645, 0.6155621293294309]"
"[0.8319645026355018, 0.673129449193428, 0.4253475913597616, 0.694813184922768]",stable,0.2190892818116317,525,"[0.8699362752595039, 0.7614822346525836, 0.22940252059234273, 0.6759035992031576]"
"[0.8321802513435927, 0.6736314536562641, 0.4242342670940376, 0.6947057440948157]",stable,0.15167688789841716,526,"[0.7087827631754933, 0.728908773692326, 0.3713273840551038, 0.7385716517348968]"
"[0.8314830903934906, 0.6739437548994056, 0.42393535815031486, 0.6949535740814828]",stable,0.1138512012861201,527,"[0.903140432143808, 0.7354017523692055, 0.38887934249388456, 0.7480695954015049]"
"[0.8318856597291664, 0.6742890245481123, 0.4237384142421326, 0.6952519786956403]",stable,0.07760473176916396,528,"[0.8060250252416656, 0.7451443071316548, 0.43107717566849957, 0.7119670463772557]"
"[0.8317411869108005, 0.6746848641156181, 0.4237794129093191, 0.695345358962018]",stable,0.22033912582084908,529,"[0.9596721393759258, 0.8187436267320286, 0.33969511746268727, 0.7613749427978566]"
"[0.8324519144244956, 0.6754851905745981, 0.4233122779346155, 0.6957121899833283]",stable,0.10589193058424716,530,"[0.8617830949952638, 0.759419119101562, 0.3887461953959359, 0.7416802700948982]"
"[0.8326139651458812, 0.6759489139366255, 0.42312130510291013, 0.6959661572767625]",stable,0.1273787735023629,531,"[0.9465002362909849, 0.681266442165653, 0.37576113026850605, 0.7273350418093427]"
"[0.8332397138884367, 0.6759781311246971, 0.4228610843620617, 0.6961385137851832]",stable,0.12387732630411631,532,"[0.773756358143864, 0.691127448344429, 0.3245124845908579, 0.7397890976580322]"
"[0.8329146682286301, 0.6760609142789032, 0.4223236603195961, 0.6963770415659092]",stable,0.13551444657305894,533,"[0.8929151319900912, 0.714276370611766, 0.30987282672994754, 0.7220382671928404]"
"[0.8332407577055946, 0.6762686069763645, 0.42171251448486974, 0.6965165047486642]",stable,0.27871603801150985,534,"[0.6506060662714843, 0.477988624820728, 0.46324104235540997, 0.6391786518165306]"
"[0.8332407577055946, 0.6762686069763645, 0.42171251448486974, 0.6965165047486642]",stable,0.45508734106265464,535,"[0.4991864228423265, 0.49197354770112095, 0.46179364832419945, 0.4516879459745197]"
"[0.6212429246482001, 0.6071907975931661, 0.4014501958086117, 0.5298667912080589]",stable,0.37833493784480415,536,"[0.4589553771320596, 0.30891808788558706, 0.5592945238702863, 0.4758423906312361]"
"[0.32916615011997946, 0.489922441391292, 0.6078025298133769, 0.4448009292514153]",stable,0.29714990441973743,537,"[0.44077930011195404, 0.25137352193718876, 0.7368925486378963, 0.3971485367333783]"
"[0.31344370788148523, 0.30172399428149377, 0.8280164150888407, 0.3796767209495336]",stable,0.135275236348698,538,"[0.3676893422165083, 0.34094388038739387, 0.7409812816143457, 0.4586924586206086]"
"[0.3146765632072812, 0.30261535532935513, 0.8260383438735114, 0.3814725331693307]",stable,0.1861158005709948,539,"[0.47985836503768786, 0.2828568438606793, 0.7537704992306369, 0.3397469604176219]"
"[0.3183472699146236, 0.3021762772967179, 0.8244323917703364, 0.3805452982192927]",stable,0.18757741628554814,540,"[0.34548827589553294, 0.20988551186836607, 0.8592334450750062, 0.22331949181258184]"
"[0.3189372917837738, 0.30016995630914506, 0.8251889364073944, 0.37712734590610336]",stable,0.04334195697253279,541,"[0.32051503928298014, 0.33826551642968467, 0.8393516941571393, 0.3621546861870679]"
"[0.3189708608795016, 0.30098050014149696, 0.8254902716786656, 0.3768087786780388]",stable,0.11729560175617412,542,"[0.3631802584966299, 0.37850601885393487, 0.7609208077385536, 0.41711219824173923]"
"[0.3198918899965251, 0.30259561511467276, 0.8241450745132465, 0.37764843325228253]",stable,0.16441630924323658,543,"[0.3616023000098977, 0.45668724328413673, 0.8303742141459781, 0.41650628174140436]"
"[0.3207431228539409, 0.30574034222017205, 0.8242721998118736, 0.37844145056838707]",stable,0.2427380756615019,544,"[0.46158682393695344, 0.43832031439937363, 0.8819812084776973, 0.5132637281669281]"
"[0.5205518095817584, 0.5199084028698869, 0.7785631497351174, 0.5659638755087257]",stable,0.1808574134600896,545,"[0.3937636232147782, 0.5041074186301928, 0.8568877244081383, 0.4647228280003509]"
"[0.5194588079751465, 0.5197721874885102, 0.779238361585747, 0.5650911078577915]",stable,0.10740828793258046,546,"[0.4194215098144187, 0.5462034686818072, 0.8011599578930955, 0.546385218861856]"
"[0.5186037883327471, 0.5199980958747776, 0.77942572565675, 0.5649312284646638]",stable,0.2029365070870824,547,"[0.4949824975869325, 0.6295172474815677, 0.6114890260320772, 0.54424111288479]"
"[0.5184036079026978, 0.520926224278225, 0.7780025332870493, 0.5647558885021225]",stable,0.19943856294768936,548,"[0.6660219736437787, 0.5383037392899837, 0.6468439316492716, 0.5866648290290115]"
"[0.5196440983711103, 0.521072253816139, 0.7769003601640427, 0.5649399972460459]",stable,0.31802331946805884,549,"[0.6969353972995723, 0.5752493279622684, 0.5471941489193957, 0.6832891763827686]"
"[0.8325039719736702, 0.6757225568195315, 0.42239079358992127, 0.6964450056764162]",stable,0.1019602396407893,550,"[0.822673730252104, 0.6235560847351059, 0.43286603061174866, 0.6100263420967001]"
"[0.8324511212117262, 0.6754420919158518, 0.42244711206853325, 0.6959803892055574]",stable,0.10117318770029472,551,"[0.8151597295341734, 0.6135611108836662, 0.5005677225110394, 0.6982021213849617]"
"[0.8323586538765522, 0.6751111775787814, 0.4228648693436268, 0.6959922701263028]",stable,0.07084430532439023,552,"[0.8239417222384249, 0.7089193123339103, 0.4736592396204116, 0.7309924534295149]"
"[0.8323138829635834, 0.675291008082798, 0.42313505216424807, 0.6961784413140858]",stable,0.07473660971544,553,"[0.8425937337207545, 0.7460909496617677, 0.4214266638120379, 0.7177268793507694]"
"[0.8323682737083303, 0.6756656109482951, 0.42312601307243747, 0.6962924542137509]",stable,0.09682982867271601,554,"[0.8854053621981586, 0.6505392880246605, 0.4395612581343159, 0.7715362817440068]"
"[0.8326474162793294, 0.6755333671434339, 0.42321251436223684, 0.696688474358647]",stable,0.17495602534349297,555,"[0.9402087001300988, 0.5438184305659136, 0.3826475874967157, 0.7034592358477169]"
"[0.8332105643623177, 0.674843760145646, 0.423000132546187, 0.6967239233716787]",stable,0.17878478377365514,556,"[0.9826693107893281, 0.7057646303789646, 0.5143965351523115, 0.6789284351757147]"
"[0.8339889953332916, 0.6750048063447777, 0.42347615547642725, 0.6966312385373247]",stable,0.13356788384300788,557,"[0.8804916486296138, 0.6218901834863545, 0.38733108301946867, 0.8041033437851051]"
"[0.834229941723428, 0.6747296010449931, 0.42328887530825654, 0.6971880888235826]",stable,0.09810041562257074,558,"[0.9102417880683965, 0.6537453474899898, 0.4781189986627301, 0.7171683149539988]"
"[0.8346217553643814, 0.674621434789555, 0.4235715048100837, 0.697291079679925]",stable,0.20219252170461716,559,"[0.9063795544226654, 0.6479078709087491, 0.24430827118779194, 0.7509912908866676]"
"[0.8349897440775008, 0.6744844421542688, 0.42265220617612326, 0.697566465378421]",stable,0.22060820713113982,560,"[0.7353915290807804, 0.6579847755552003, 0.4829766823595247, 0.5109200210018919]"
"[0.6326577850914582, 0.6122701953893694, 0.409602844463703, 0.5279721141874423]",stable,0.2887974373375771,561,"[0.7871968170039267, 0.6633321885124804, 0.5631332916086261, 0.7105720103705566]"
"[0.8347459026128397, 0.6744275429009943, 0.4233689464079217, 0.6976328201998095]",stable,0.29878664985021414,562,"[0.6280226156316714, 0.5654668874708724, 0.605499875989715, 0.6589695972828546]"
"[0.520547252681615, 0.5214422090965951, 0.7754720227959234, 0.5657235772463526]",stable,0.15725883328955648,563,"[0.6546855281362808, 0.602738088359863, 0.783927118018195, 0.5581899801483386]"
"[0.5216558334704965, 0.5221140758673659, 0.7755418996159422, 0.5656613161133112]",stable,0.04405821876577441,564,"[0.5460015813055292, 0.5418377199729171, 0.7903077197716982, 0.5928892360024849]"
"[0.5218553887806198, 0.5222757450813458, 0.7756629309286943, 0.565884495784534]",stable,0.18384345049835987,565,"[0.5237884868264989, 0.6125145936218234, 0.8473296635339789, 0.7091168492346512]"
"[0.5218711050248952, 0.5230093942564715, 0.776245587291339, 0.5670489864629902]",stable,0.17537399013159935,566,"[0.6339556883187578, 0.6190235482803358, 0.7274258550146233, 0.6482339516353111]"
"[0.5227750129546845, 0.5237837019502124, 0.7758518797729784, 0.5677037039240572]",stable,0.21959879980794617,567,"[0.6296386855538514, 0.6387134826935839, 0.9050755672754662, 0.6507469001670273]"
"[0.5236299223354779, 0.5247031401961595, 0.7768856692729983, 0.568368049494001]",stable,0.23865787531733565,568,"[0.5765475085646399, 0.47164509712132063, 0.9782444131529405, 0.67227575299487]"
"[0.5240499031785665, 0.5242820446162004, 0.7784837545418867, 0.5691927138074999]",stable,0.2295754318545296,569,"[0.728578577655979, 0.5854829183532712, 0.8366706624688371, 0.6303616358793013]"
"[0.5256603651823257, 0.5247639412597994, 0.7789419191712327, 0.5696743588631833]",stable,0.28773076871878384,570,"[0.6964399834442551, 0.6825107826662491, 0.6094498646131589, 0.5730941135010624]"
"[0.8347459026128397, 0.6744275429009943, 0.4233689464079217, 0.6976328201998095]",stable,0.3077140437716645,571,"[0.6157132587558498, 0.6169018455725351, 0.6282184069501714, 0.6596838238790802]"
"[0.5263639034133688, 0.5254837686372427, 0.7777643917320056, 0.57037755780862]",stable,0.37173726613047486,572,"[0.6743862891513356, 0.6760637816354251, 0.4852938190161711, 0.6601806319839454]"
"[0.8347459026128397, 0.6744275429009943, 0.4233689464079217, 0.6976328201998095]",stable,0.1112758561982915,573,"[0.7878298738379825, 0.7012751620498925, 0.5136397944314083, 0.6614170534701663]"
"[0.8345077501825104, 0.6745638252316993, 0.4238271740628633, 0.6974489838204712]",stable,0.10688247762264262,574,"[0.8950374210302479, 0.6023133279409241, 0.4729018969444428, 0.7089189526587515]"
"[0.8348134555908324, 0.6741989237302307, 0.4240750261986289, 0.6975069129560182]",stable,0.14925021316331105,575,"[0.8692802023557615, 0.5937670807900017, 0.4554769258233902, 0.5807494342322517]"
"[0.8349866553233194, 0.6737947436149532, 0.4242328246892056, 0.6969201919574062]",stable,0.17878429791392486,576,"[0.7443716231708069, 0.653856222230653, 0.4979000946114699, 0.563023478645308]"
"[0.8349866553233194, 0.6737947436149532, 0.4242328246892056, 0.6969201919574062]",stable,0.277621366349609,577,"[0.5959870098337016, 0.6172733706545771, 0.5145940665926789, 0.6042219024910042]"
"[0.8349866553233194, 0.6737947436149532, 0.4242328246892056, 0.6969201919574062]",stable,0.3522135803676566,578,"[0.5911032372389691, 0.652476710869279, 0.6686701848420734, 0.6308051178800883]"
"[0.5268657587143425, 0.5264682100498941, 0.7769187002057271, 0.5708459885068484]",stable,0.1721544508334757,579,"[0.46443095484043867, 0.5286958543847471, 0.6217315747643486, 0.5302129489335895]"
"[0.331625510205806, 0.49062741253662756, 0.6080557851761218, 0.4463538750638184]",stable,0.2275951655509809,580,"[0.4493251123523532, 0.38240198352961463, 0.7386001650190077, 0.5422276694208127]"
"[0.5262692922038656, 0.5253600083074305, 0.7766239422427523, 0.5706258475908019]",stable,0.4055997329361672,581,"[0.27508521703295835, 0.5093003397875033, 0.4781683090860629, 0.46069848146891296]"
"[0.33061586211343374, 0.4909608576661075, 0.605736365960228, 0.4466100287496237]",stable,0.16863421405018827,582,"[0.20594931187644497, 0.432883383805853, 0.6080016366273695, 0.3490517129628641]"
"[0.3284287296531357, 0.48994195461592754, 0.6057761075508796, 0.444898479349856]",stable,0.20210014852574423,583,"[0.3503897034861113, 0.6686648475211513, 0.543340041024701, 0.3776522838384239]"
"[0.32880736713301456, 0.49302338380394867, 0.6046996236452558, 0.44373906218586573]",stable,0.22705492820514592,584,"[0.24222569161057725, 0.5637368178388623, 0.44708987722318627, 0.32450680159447953]"
"[0.2298197120447122, 0.6104652533592507, 0.3497027436097675, 0.36121896117045244]",stable,0.06738481712291672,585,"[0.18956262093249224, 0.6310111730655842, 0.38979479631428376, 0.39106142566704755]"
"[0.22950272707532463, 0.6106270322545762, 0.3500184290641338, 0.3614539412058587]",stable,0.2158164847592451,586,"[0.308394835626488, 0.5671545372732648, 0.4341951602775841, 0.5385900764366673]"
"[0.32846139202273444, 0.4942798440322421, 0.6018097174864817, 0.44534670649520136]",stable,0.2705617587582441,587,"[0.5385501405485973, 0.6512342801246072, 0.5380213312761828, 0.46439217369357977]"
"[0.8349866553233194, 0.6737947436149532, 0.4242328246892056, 0.6969201919574062]",stable,0.23643493433994772,588,"[0.6420034865393957, 0.690458430822721, 0.44921625360548084, 0.5636643307329253]"
"[0.6386447739751672, 0.6308811763767452, 0.4494064921470107, 0.5442686108076406]",stable,0.10406350576687208,589,"[0.7413851422588982, 0.6404820635428482, 0.46271768411610126, 0.5463338205792905]"
"[0.6446883250506807, 0.6314459344453395, 0.4501895034393102, 0.5443900937353847]",stable,0.24194343488806774,590,"[0.7780364377990575, 0.6766148780574973, 0.3603764589788174, 0.7194566242018966]"
"[0.834701904235698, 0.673808844287166, 0.42391354286065364, 0.6970328741186287]",stable,0.07873052995265839,591,"[0.8182060136697402, 0.722160979656535, 0.42363639536355446, 0.6371298179733079]"
"[0.8346198351284047, 0.6740494021745758, 0.4239121640173845, 0.696734848963677]",stable,0.14097073629140783,592,"[0.7951925494152113, 0.6778978381691126, 0.30461291732164036, 0.6329295442464687]"
"[0.8344246505456662, 0.6740684538379151, 0.4233215736872075, 0.6964189811185423]",stable,0.13377968681172323,593,"[0.810571155765211, 0.6902175654166851, 0.30037690389966937, 0.7405984985021805]"
"[0.8343071456452699, 0.6741480061117021, 0.42271593491978127, 0.6966366142091021]",stable,0.06635143838060038,594,"[0.7955569130667965, 0.6686377807119849, 0.42182513209757977, 0.7502069113584096]"
"[0.8341171935247872, 0.6741209952028799, 0.4227115682392803, 0.6968992137049321]",stable,0.13479671371413846,595,"[0.9146253643904925, 0.662826267038491, 0.3939372076974335, 0.8004996661319856]"
"[0.834509916309498, 0.6740658989679317, 0.4225712055049298, 0.6974045817655519]",stable,0.15740082504176087,596,"[0.7973161904197994, 0.8217223126853874, 0.40092386658956825, 0.7308802846596211]"
"[0.8343293642420723, 0.674782677675298, 0.42246612133543776, 0.6975670851776591]",stable,0.16861045249281495,597,"[0.8778585896002128, 0.8182937852734038, 0.4598312207669043, 0.7649696264501774]"
"[0.8345396503549135, 0.675475968050168, 0.42264662906215983, 0.6978927013190722]",stable,0.11428792320880486,598,"[0.8966292179483604, 0.762190520301192, 0.44140099018462153, 0.66134854509358]"
"[0.8348381578914205, 0.6758928649359903, 0.42273679425986393, 0.6977170082602958]",stable,0.08740887283738222,599,"[0.7776553977977881, 0.7115378174353044, 0.44005462137202117, 0.644802235047035]"
"[0.8345645561684845, 0.6760634149479486, 0.42281965467666854, 0.6974638275272179]",stable,0.236276863597275,600,"[0.6389429606709651, 0.7281374668763859, 0.4172432701665869, 0.5757422407074579]"
"[0.6443691381406965, 0.6368176862470644, 0.4483591571463811, 0.5461318796782776]",stable,0.21500324098438103,601,"[0.4465719667664543, 0.7142465147116563, 0.45567098315820403, 0.5136667236935902]"
"[0.6339587606999469, 0.6408928877452007, 0.4487439900943717, 0.544423187258031]",stable,0.28455956199966803,602,"[0.36171952012360725, 0.6726869929448718, 0.37441204377600323, 0.5264277198582609]"
"[0.23053567077101433, 0.6111118756974692, 0.35020900417907025, 0.3627427988515806]",stable,0.2167393532229309,603,"[0.41935872425761, 0.6221587944710868, 0.3690993530328768, 0.4668721511653409]"
"[0.2319994153716856, 0.611197510726722, 0.3503554409918905, 0.3635500031330826]",stable,0.08592946975611793,604,"[0.31366440265999496, 0.5970481324397822, 0.37287884763523527, 0.36623232881045026]"
"[0.23262760758159567, 0.611088669355284, 0.35052869796607006, 0.3635706364075239]",stable,0.1239040543396987,605,"[0.3371292736039101, 0.6630173786086626, 0.3861384062939618, 0.3851802247528908]"
"[0.2334253302229874, 0.6114850717159968, 0.3508005278006341, 0.36373559509718323]",stable,0.07607725521094895,606,"[0.2097637418142417, 0.6425897016687554, 0.3635982701399192, 0.42774026509028756]"
"[0.2332460757653454, 0.6117207128520025, 0.3508974803941135, 0.3642204789607673]",stable,0.2063532331165799,607,"[0.16060098188537494, 0.7740912744191262, 0.24661985413010468, 0.372364467538635]"
"[0.23269987205196216, 0.6129415441419808, 0.35011343809137657, 0.3642817119575934]",stable,0.18986528046070472,608,"[0.07941446831079496, 0.7179686176074781, 0.3269332775212911, 0.3329065032802396]"
"[0.2315559511285206, 0.6137253282723203, 0.3499404518184655, 0.36404756860925497]",stable,0.12819001843845362,609,"[0.10543773821787139, 0.6327953650538224, 0.3608438828613796, 0.3707053526339744]"
"[0.23062174214399728, 0.6138665878040351, 0.35002121797433894, 0.3640968855279566]",stable,0.11204171238985493,610,"[0.18487991776625787, 0.6981660076697224, 0.3036590504237523, 0.3293810671137679]"
"[0.2302854052000433, 0.6144864364795182, 0.3496803196835258, 0.363841622157264]",stable,0.04684746586121548,611,"[0.265115943860912, 0.5852646350906617, 0.34225399873760165, 0.37235365569865936]"
"[0.2305396427085168, 0.6142731386591617, 0.3496261129612928, 0.36390375378895307]",stable,0.24601913285454197,612,"[0.42716201155521766, 0.7038182841155824, 0.3575204560683203, 0.4813107555891424]"
"[0.6236189232427105, 0.6440391575637199, 0.44418281339306914, 0.5412675656745864]",stable,0.08980290165461229,613,"[0.5973188038412617, 0.5816775547600866, 0.39131463350495177, 0.5150215961528285]"
"[0.6223665366045462, 0.6410695574302134, 0.4416652810174445, 0.5400177576021219]",stable,0.13442967817173437,614,"[0.587690168344819, 0.7214057483594133, 0.3671216562423441, 0.6097187783266999]"
"[0.6207903380472859, 0.6447212024724498, 0.43827693443675814, 0.5431859858168754]",stable,0.22245125356476644,615,"[0.773030247527509, 0.7898953863694406, 0.3858903085994043, 0.5930625127329436]"
"[0.8342715356511465, 0.6766054719547177, 0.42264380064772916, 0.69696667840915]",stable,0.15386344734361698,616,"[0.8055740495674859, 0.7088466533045827, 0.27566586998898596, 0.7114030507158927]"
"[0.834135528608096, 0.6767582737620631, 0.42194722277730856, 0.6970350972352484]",stable,0.10547927358963126,617,"[0.8352956640633027, 0.7356587799023601, 0.33804080216474225, 0.6722364239012613]"
"[0.8341410009451489, 0.6770361063381966, 0.4215514377744191, 0.6969181223610315]",stable,0.10676698509942643,618,"[0.8214298405357167, 0.7461606347613017, 0.492355587392753, 0.6588893506825411]"
"[0.8340813241357149, 0.6773606346406524, 0.4218838516223925, 0.69673958352686]",stable,0.10044262709740842,619,"[0.8840547007712799, 0.7503832456864392, 0.3970200342671756, 0.6562319073598524]"
"[0.834314844587283, 0.6777018617950721, 0.4217676655599849, 0.6965502953204722]",stable,0.0722037641499844,620,"[0.8196043872670199, 0.6988792983275829, 0.35771322860349136, 0.6754426831638742]"
"[0.8342464238555609, 0.6778003614998743, 0.42146973794623377, 0.696452120380209]",stable,0.16230377253115114,621,"[0.7231203674108434, 0.7670004111695626, 0.3792203044025347, 0.6312459039507089]"
"[0.8337319513720205, 0.6782133246927896, 0.4212741387168648, 0.6961502397485909]",stable,0.3026206725880853,622,"[0.6625131211716688, 0.7767959652639036, 0.20459518609061694, 0.6213499848739782]"
"[0.6226043720961721, 0.6504635834633826, 0.4281168584217085, 0.5465844205584885]",stable,0.2725268809090363,623,"[0.4920533542306575, 0.5967452952404289, 0.21528758630664865, 0.45147722317755623]"
"[0.6171647463517757, 0.6482253214540928, 0.41924897208358103, 0.5426216206676164]",stable,0.4311096012071585,624,"[0.2632270055122095, 0.6809885757300023, 0.2032648175399193, 0.42921536855737724]"
"[0.23077650765636962, 0.614756583855327, 0.3485655238640365, 0.36437702635973873]",stable,0.22189122653361462,625,"[0.4269017173263678, 0.6470415044566094, 0.40303858681496285, 0.44660225277477783]"
"[0.6095542251907593, 0.6481779687741935, 0.4186005566728363, 0.5387808459519029]",stable,0.3687029645972971,626,"[0.2419013335362585, 0.6281112885731021, 0.40251077827109893, 0.5493484728193573]"
"[0.23085654237492997, 0.6148526608676852, 0.348953619219483, 0.3657077561903835]",stable,0.14641071910996387,627,"[0.27757950525914343, 0.6929151586444403, 0.2345568618840952, 0.37423370256715927]"
"[0.23119027782410292, 0.6154102501375192, 0.3481364995242302, 0.36576865580736045]",stable,0.026491508270968744,628,"[0.24830855512230782, 0.6228517136882062, 0.33592788467849327, 0.38006337289392134]"
"[0.231311684046076, 0.6154630264747581, 0.3480499136033384, 0.36587003677960556]",stable,0.12923975620184758,629,"[0.20177669391153014, 0.6190668175654882, 0.34351079986552147, 0.49155618588568173]"
"[0.23110369115780457, 0.6154884052852562, 0.3480179480136355, 0.3667551505057047]",stable,0.10113353112859023,630,"[0.21841326182489337, 0.6846266485404573, 0.3234884809867494, 0.298306975301062]"
"[0.23101494689673524, 0.615971889503824, 0.3478464132791817, 0.36627649193784007]",stable,0.09247940752993217,631,"[0.20192821035044597, 0.6835901058981568, 0.292653999776325, 0.3568968929297324]"
"[0.23081295567071936, 0.6164414604510069, 0.34746313262985634, 0.3662113558336171]",stable,0.13675064317084606,632,"[0.20944032455743058, 0.6494879473586197, 0.3965790573723047, 0.24480499402874922]"
"[0.23066555821476564, 0.6166693672572663, 0.3478018631453215, 0.3653740705797904]",stable,0.04200948037402954,633,"[0.24851820365035251, 0.6104161938160565, 0.3578342038288638, 0.3292308906619873]"
"[0.2307878366081601, 0.6166265373021894, 0.34787057780753755, 0.36512651455295614]",stable,0.15212590061810669,634,"[0.1657698043785276, 0.5129151693460802, 0.4367035721883813, 0.3487681408605001]"
"[0.2307878366081601, 0.6166265373021894, 0.34787057780753755, 0.36512651455295614]",stable,0.11038523807334495,635,"[0.2642314682458434, 0.537319153832011, 0.412892820676748, 0.34169851534765744]"
"[0.23101534430637566, 0.6160870312921882, 0.3483129059903213, 0.36496714040870243]",stable,0.10442107193427959,636,"[0.22915882209041005, 0.6927485392135533, 0.2930372302327151, 0.40932845758851677]"
"[0.23100280023734887, 0.6166050144538191, 0.3479394216946618, 0.36526687903829574]",stable,0.16024848294394933,637,"[0.08921467465418609, 0.6520698484104682, 0.4118019534679985, 0.3497902412452432]"
"[0.23005120207907262, 0.6168430334736623, 0.348368029290456, 0.3651630089859934]",stable,0.08243385579167088,638,"[0.1608163486131331, 0.6469720260556624, 0.35891309175564023, 0.3338114363008629]"
"[0.2295896363892997, 0.617043893424209, 0.34843832970689054, 0.36495399850142585]",stable,0.12464504954285574,639,"[0.15503904095421106, 0.6216005510664278, 0.24888447468343694, 0.3717997210283398]"
"[0.2290959238367494, 0.6170740699648858, 0.3477790326537551, 0.3649993344122001]",stable,0.13904251300483558,640,"[0.1354273580445534, 0.6541236562784306, 0.4409321932760586, 0.38755675060296635]"
"[0.22847968327232704, 0.6173178172432644, 0.3483918823946913, 0.3651477384660867]",stable,0.2150400064074646,641,"[0.21005619318949803, 0.8080160309433249, 0.25073952776087594, 0.3661418687231167]"
"[0.22835926830446546, 0.6185642107968595, 0.3477536317108102, 0.36515423604946606]",stable,0.052744717334587125,642,"[0.19733209943839158, 0.6089353052254333, 0.33858220867005967, 0.32462660133232796]"
"[0.22815779318195847, 0.6185016854360061, 0.3476940770157404, 0.3648910695902639]",stable,0.15616911631012773,643,"[0.12736367218301514, 0.6513239202123514, 0.32235058391160015, 0.2530440923280087]"
"[0.2275075085303524, 0.6187134417894019, 0.3475305706086169, 0.364169476188572]",stable,0.15081614075129957,644,"[0.19709951966001427, 0.5988847900312794, 0.29098803159049214, 0.22914863196511093]"
"[0.2273125855247733, 0.6185863350473627, 0.3471681184354238, 0.36330395795637027]",stable,0.11321841798711618,645,"[0.17992825943151772, 0.5728816670157926, 0.3045321963440319, 0.2816559495315832]"
"[0.22701077453054874, 0.6182952225121298, 0.34689655205267605, 0.36278390694729523]",stable,0.11703599171558532,646,"[0.13899311407178436, 0.6402015747487227, 0.4157496257947881, 0.3357713029971793]"
"[0.22645370073017684, 0.6184338703110955, 0.34733233100041094, 0.3626129410995097]",stable,0.15504085689258282,647,"[0.358744298702081, 0.5649087263174652, 0.344310290615597, 0.30209194287082825]"
"[0.22728571706962278, 0.6180972341853495, 0.3473133244571102, 0.3622323058905243]",stable,0.10586465424317698,648,"[0.21405020408027958, 0.7109061919797535, 0.35400573379286393, 0.41095453104840873]"
"[0.2272029951134394, 0.6186772901715645, 0.3473551520154587, 0.3625368197977611]",stable,0.10814552019146834,649,"[0.3101173074491365, 0.6847700107936119, 0.33899643573266425, 0.3820958200345188]"
"[0.22771799084223254, 0.619087803964248, 0.347303234523019, 0.3626583042712814]",stable,0.07729896180837514,650,"[0.17801115106497742, 0.5902837102144908, 0.39738672124871466, 0.34976147843454203]"
"[0.2274111584979285, 0.61891000091641, 0.34761239184848625, 0.36257869423525213]",stable,0.09929827257480026,651,"[0.29619754706364204, 0.5682539892397043, 0.38838685081752666, 0.39257855525522173]"
"[0.22783316088176725, 0.6185992278386389, 0.34786254190351107, 0.3627627424623685]",stable,0.13032153734419738,652,"[0.10857737704515608, 0.5741590696228384, 0.3502461265770568, 0.33481364624926785]"
"[0.22710599146812938, 0.6183282512641523, 0.34787707595639855, 0.3625923211439959]",stable,0.07902856878799364,653,"[0.185336305860693, 0.6753498745723137, 0.3502472764484327, 0.39785880202690044]"
"[0.22685284185838736, 0.6186738368599594, 0.34789144080786544, 0.36280605739177113]",stable,0.10981767368848903,654,"[0.15792451327727208, 0.6797896275830299, 0.3347772359879514, 0.30448209379531743]"
"[0.2264376109633204, 0.6190420042739538, 0.34781243957401053, 0.36245470821347925]",stable,0.18087018887351267,655,"[0.053782156255723565, 0.6206061459439829, 0.33159108328160647, 0.31108798509700936]"
"[0.2254037459650713, 0.6190513703917384, 0.34771530570399617, 0.36214712304511715]",stable,0.2309602146266144,656,"[0.021909650809507603, 0.6127013559740496, 0.44633550530709215, 0.31560136572685205]"
"[0.2254037459650713, 0.6190513703917384, 0.34771530570399617, 0.36214712304511715]",stable,0.12660677425017036,657,"[0.16706839878544827, 0.581082564901365, 0.4367670355684414, 0.41919466263492344]"
"[0.22505651175566876, 0.6188253655971528, 0.3482453755246179, 0.36248669173315173]",stable,0.14807351134645783,658,"[0.14669809972808112, 0.7327005243422036, 0.29707524342980185, 0.34835198872343254]"
"[0.224592852512902, 0.61949918310452, 0.347942593677903, 0.3624030544372362]",stable,0.15465421581297947,659,"[0.18420252410778362, 0.5872657425419872, 0.2415092882213299, 0.26280634445571227]"
"[0.22435526234581304, 0.6193095746306228, 0.34731651541051134, 0.36181719143734486]",stable,0.10776772470879031,660,"[0.14391106109562898, 0.5705954645771119, 0.3348207667182884, 0.31069572118809696]"
"[0.22388482842037338, 0.6190246967940526, 0.3472434408567556, 0.361518235470975]",stable,0.1508892965841156,661,"[0.09610923347397361, 0.5760165266849345, 0.3274861852378581, 0.29670368992742063]"
"[0.22314194705440596, 0.6187746492934182, 0.3471285730915295, 0.3611414067178148]",stable,0.18102075529070966,662,"[0.3605775590410067, 0.6928677084628454, 0.38916745016377585, 0.4425227178482447]"
"[0.22393637255721865, 0.6192029328724321, 0.34737157238096444, 0.36161181892088085]",stable,0.27202095437396584,663,"[0.23580272757182325, 0.487388104767849, 0.5823725146641248, 0.3970236454054967]"
"[0.3269170809485526, 0.4941649817111689, 0.601485764106109, 0.4445413221437063]",stable,0.22309116647659916,664,"[0.1665828605670596, 0.4915367461103193, 0.6785343601840553, 0.3099336977140611]"
"[0.32428865110623306, 0.4941218958816468, 0.6027488558450917, 0.4423346397760072]",stable,0.21754637622783554,665,"[0.2429557467853179, 0.3663387562323816, 0.7588103819939119, 0.4370759553335507]"
"[0.31918737533256847, 0.3069523105004162, 0.8229629634555145, 0.37961414066369037]",stable,0.1288613662230059,666,"[0.27864623234216973, 0.409480699302154, 0.7880230800981904, 0.32279159698085297]"
"[0.3183924509602077, 0.3089626710651562, 0.82227786770341, 0.3784999731404975]",stable,0.09073121942913227,667,"[0.27458146280272855, 0.236922061261291, 0.7993002139076258, 0.3541087972588205]"
"[0.31754993195717923, 0.30757727472277413, 0.8218359897457989, 0.3780309120658499]",stable,0.14207901904662315,668,"[0.22006683156029544, 0.33418490635459663, 0.7264509676127393, 0.34841293978747195]"
"[0.31571062817610596, 0.3080793055082802, 0.8200362723470619, 0.3774720824002201]",stable,0.19967783586752477,669,"[0.21839414209917632, 0.3615386826222372, 0.6751962087165329, 0.2964523894825785]"
"[0.3139084710265332, 0.3090692939733535, 0.8173540489464967, 0.37597171771656007]",stable,0.22629797767873192,670,"[0.22369944168683004, 0.3412423667182548, 0.6129890204716469, 0.39249243966499725]"
"[0.32266624450269427, 0.49165609702417273, 0.6029140197906813, 0.44153073332260384]",stable,0.24594513612645422,671,"[0.2153752205461151, 0.437200410751887, 0.5038778744631498, 0.25125707168261935]"
"[0.22393637255721865, 0.6192029328724321, 0.34737157238096444, 0.36161181892088085]",stable,0.25547785054792876,672,"[0.11865258250534397, 0.41315037792569254, 0.4380396760778871, 0.3024012181400447]"
"[0.22393637255721865, 0.6192029328724321, 0.34737157238096444, 0.36161181892088085]",stable,0.22823530399957054,673,"[0.29639994454222085, 0.451201569781622, 0.47523668192885626, 0.40921896635575866]"
"[0.3222493191064963, 0.49101396167111633, 0.6008873953801761, 0.4410178481326539]",stable,0.25335355700150514,674,"[0.1897463026178549, 0.5312521514186432, 0.4250786642980138, 0.32226114883595025]"
"[0.22393637255721865, 0.6192029328724321, 0.34737157238096444, 0.36161181892088085]",stable,0.13329535227889758,675,"[0.32999025864586334, 0.5446918447165305, 0.3696849776660537, 0.3399223313506545]"
"[0.22454587764968215, 0.6187747082278579, 0.347499810342373, 0.36148716669346576]",stable,0.1291333905102832,676,"[0.2803386240142845, 0.5601082045222946, 0.3821095913225647, 0.45594883299914096]"
"[0.22486469334319414, 0.618439471063826, 0.3476975805194027, 0.3620269476437839]",stable,0.1223792578754977,677,"[0.2970548648251673, 0.537517683342878, 0.40159344390426166, 0.379695056812773]"
"[0.225274864772069, 0.6179796881790479, 0.34800380701590755, 0.3621273346276986]",stable,0.07690467578513213,678,"[0.2546886364780859, 0.555670340188961, 0.37318407595837244, 0.33904794120677006]"
"[0.22544104427323294, 0.6176276579644148, 0.3481460684223622, 0.361996942574473]",stable,0.07080888062904274,679,"[0.2298410051848854, 0.623071481887556, 0.4170234048952916, 0.3471370899035124]"
"[0.2254657631547591, 0.6176582412448819, 0.34853301975086176, 0.36191346025609683]",stable,0.1767499896594791,680,"[0.25413327653297646, 0.4908269085400372, 0.2991656304910103, 0.2528473956745094]"
"[0.22562591686078265, 0.61694968631357, 0.34825722428013633, 0.36130415263273596]",stable,0.13234653031656016,681,"[0.3190430122647067, 0.5553580496576516, 0.3069934938452524, 0.3039227513099303]"
"[0.2261449007241378, 0.6166075105543704, 0.34802798133327584, 0.3609853670698315]",stable,0.11263879576960964,682,"[0.23117227406260646, 0.5276837950609121, 0.3964390577566333, 0.41008897520725685]"
"[0.22617267626744425, 0.6161162193085502, 0.3482954458439021, 0.36125665772252447]",stable,0.1259614459255543,683,"[0.15748265270275452, 0.6083830498177065, 0.3825405476859425, 0.46083294813240505]"
"[0.22579525855555035, 0.6160737293662928, 0.34848360574413306, 0.361803780197304]",stable,0.09710144585955702,684,"[0.2520332691231451, 0.6059478606259965, 0.42805356459826227, 0.4098282116845975]"
"[0.2259386356624771, 0.6160183967502256, 0.3489184142624617, 0.3620662087846663]",stable,0.13194162593563596,685,"[0.27275962094757844, 0.5360931012716141, 0.3274174273766287, 0.27060013476230815]"
"[0.22619309753902658, 0.6155840201443636, 0.34880156107286475, 0.3615691105562839]",stable,0.24714728224708368,686,"[0.2709561102630066, 0.5589116898426117, 0.5850880931554633, 0.3674829543605048]"
"[0.32144786271831677, 0.492074863673796, 0.600640531282915, 0.43986886541746406]",stable,0.06145848928883159,687,"[0.33721144825249655, 0.43567723705616473, 0.6183834580858675, 0.43411112826339526]"
"[0.3216903794188426, 0.4912072078796786, 0.6009134993875758, 0.439780284845863]",stable,0.2570525428903801,688,"[0.1866867639966696, 0.39261399655053986, 0.7647041471142118, 0.3334692504870085]"
"[0.3115953490805356, 0.31058828856566595, 0.8163967780040914, 0.3751989455851137]",stable,0.08799105761839394,689,"[0.28169209721841193, 0.32519730362828675, 0.7405672618326747, 0.3454553260175005]"
"[0.31106136244014054, 0.3108491638346413, 0.8150426795010304, 0.3746678095214063]",stable,0.2276324283558601,690,"[0.2604554799118572, 0.3536923850157775, 0.631846935407294, 0.2569420908466586]"
"[0.31017353993964436, 0.31160079929395945, 0.8118287190783332, 0.3726024460358844]",stable,0.18421574304923796,691,"[0.3004613209198598, 0.45349178720261585, 0.7175312034562723, 0.442000132500977]"
"[0.32136872701734287, 0.4906357621118443, 0.6026804342977076, 0.4398139189012435]",stable,0.2914519923639883,692,"[0.23579349695959018, 0.36625056266139777, 0.8516028144269018, 0.45349290577858736]"
"[0.3088911254055055, 0.3125430365933981, 0.8125144793429638, 0.37399710913489653]",stable,0.1127316367106233,693,"[0.2984984125387819, 0.4146971799932379, 0.7964892220517245, 0.33031489822793425]"
"[0.3087149777297983, 0.31427446275271737, 0.8122428648126038, 0.37325673267884635]",stable,0.18537515649968142,694,"[0.1882919941249903, 0.4194100818332743, 0.8843006070985466, 0.4333935520509931]"
"[0.3067079280030515, 0.31602672307072666, 0.8134438271840362, 0.3742590130017155]",stable,0.0739518192885483,695,"[0.3583571426959919, 0.3235968315634301, 0.7729509888815246, 0.40748932599007004]"
"[0.30755463644064074, 0.3161508232099513, 0.8127800101626835, 0.3748037722310328]",stable,0.23927287010101583,696,"[0.4179643527251292, 0.3526464081996232, 0.6302287546485856, 0.47680530311584124]"
"[0.3228104527741755, 0.48857621951613955, 0.6030916032581684, 0.4403660291134017]",stable,0.2105999709399079,697,"[0.5273629935358526, 0.4405847504387925, 0.6131460436569947, 0.43005424207637516]"
"[0.32581857837361194, 0.4878704626179433, 0.6032394626757982, 0.4402143851863866]",stable,0.445096305104595,698,"[0.7327105659625378, 0.5082475298945435, 0.5976769737998093, 0.6193887837493665]"
"[0.6142910075281354, 0.6427960288172839, 0.4254881111777199, 0.5418811512518054]",stable,0.19463807396700145,699,"[0.75330510745595, 0.5309659050921032, 0.5031824670646045, 0.5377982172851118]"
"[0.6194396778958322, 0.6386541723830179, 0.42836567991427116, 0.5417299314752612]",stable,0.3207469135466687,700,"[0.8934216722845147, 0.4751955411429587, 0.4085330810415355, 0.5681948742409954]"
"[0.8340070192103269, 0.6772777588699793, 0.4212154241653656, 0.6955605836863439]",stable,0.12799300912920072,701,"[0.9072571968272998, 0.5778184990109505, 0.3887671780063717, 0.704021601032332]"
"[0.8343430291993956, 0.6768215237330113, 0.4210665789994987, 0.6955993956925182]",stable,0.21316192976405351,702,"[1.0, 0.6323066181407319, 0.4405892210504479, 0.8206316553432337]"
"[0.8350994537235993, 0.6766182593239143, 0.4211557234837496, 0.696170319252567]",stable,0.2021006359323049,703,"[1.0, 0.6003062818330385, 0.41091494268396206, 0.7840570951749403]"
"[0.8358490016612192, 0.6762713866989557, 0.42110917448011415, 0.6965698045976688]",stable,0.2147362539934773,704,"[1.0, 0.60133856398287, 0.3057469123173663, 0.6809900397719122]"
"[0.8365917663595848, 0.6759323241527291, 0.42058717329385736, 0.696499307924249]",stable,0.20643859324878588,705,"[0.9763100395974249, 0.7265297594421796, 0.2773806181581425, 0.6912572649765764]"
"[0.8372211279507462, 0.6761602405279067, 0.419942098721174, 0.6964756951181784]",stable,0.17825674033521374,706,"[1.0, 0.605072665652836, 0.4135148637651761, 0.7100311972671252]"
"[0.8379510780496218, 0.6758414621652383, 0.41991327703975695, 0.6965364821233305]",stable,0.1931685280253931,707,"[0.9547749208766094, 0.7667660389144683, 0.29590172726306424, 0.6920501883758552]"
"[0.8384726130622423, 0.6762473754542973, 0.4193596540496824, 0.6965164540262435]",stable,0.13287710938584707,708,"[0.8705648889704558, 0.6210645377686849, 0.30326566610762434, 0.6863452980230106]"
"[0.8386152453996121, 0.6760021183979168, 0.4188436807699399, 0.6964712488884515]",stable,0.1851398137433495,709,"[0.8136599930465922, 0.5563995498976446, 0.502084515178501, 0.5850254095402575]"
"[0.8385048239290236, 0.6754729034930483, 0.4192120030460839, 0.6959781257054949]",stable,0.36640840097036315,710,"[0.6005025875188473, 0.47679344224517606, 0.4688313500059134, 0.5071013302780304]"
"[0.6187633532395113, 0.6328734320209521, 0.4298108824175441, 0.5404931957182172]",stable,0.3978305542833807,711,"[0.4771866563231245, 0.37943886845880853, 0.5753372772984486, 0.31067113586168305]"
"[0.3280123186337498, 0.4862989902388254, 0.6028350831775758, 0.43833694679037644]",stable,0.2337850850914588,712,"[0.42266545445954484, 0.38599545690359705, 0.7756787696728602, 0.5142349779160441]"
"[0.525478423213451, 0.5242961567699966, 0.7766167271849669, 0.5701953829367962]",stable,0.3142028470037087,713,"[0.3929039015348995, 0.2865822552030578, 0.747185879467395, 0.41600928929866]"
"[0.3089312374905481, 0.3156739108227434, 0.8117220403127595, 0.37546837734502675]",stable,0.1493236673903535,714,"[0.34661689989997135, 0.26862756733218196, 0.78414896235184, 0.5092731434320278]"
"[0.309529422608158, 0.3149271434657503, 0.811284372408618, 0.3775922625210109]",stable,0.12135607584783589,715,"[0.33388808199678766, 0.2388730777013254, 0.7225494039024927, 0.39940595782675664]"
"[0.30991002666110534, 0.31373879868818116, 0.8098978885257098, 0.37793310151016324]",stable,0.19903126806845003,716,"[0.23906350532918247, 0.12829397555611569, 0.7987581305692166, 0.36896987383882085]"
"[0.30882008017907575, 0.3108858014092263, 0.8097265076340714, 0.3777952056998349]",stable,0.05547404259294826,717,"[0.3153307695437768, 0.2701735378787019, 0.8252030825936623, 0.34406143106161946]"
"[0.30891872698763184, 0.3102689489314911, 0.8099610011940652, 0.3772840879022862]",stable,0.10554477394169255,718,"[0.31064493985611696, 0.20502418282004248, 0.817472461848474, 0.375325348379173]"
"[0.30894449135880325, 0.3086981315268426, 0.8100731125471161, 0.3772548529840308]",stable,0.2471833782910086,719,"[0.2780296505993883, 0.17400102308199775, 0.9369643808481275, 0.21632259975387708]"
"[0.3084898613476354, 0.30671729169677137, 0.8119391606103662, 0.37488820220123437]",stable,0.1957081204592419,720,"[0.2778571668231409, 0.1681408379168887, 0.9162530609621964, 0.2895741758571529]"
"[0.3080459092530775, 0.3047089372941644, 0.8134509562676392, 0.37365176703682745]",stable,0.2637014826157426,721,"[0.24858634331810409, 0.13800918487160266, 0.9116856168067855, 0.20464237095607496]"
"[0.30719648688257783, 0.30232751225955634, 0.8148543085610556, 0.3712373470928167]",stable,0.17929378283063097,722,"[0.24224061152138918, 0.22574884552547442, 0.95318974972516, 0.4253299374998418]"
"[0.3062816153986174, 0.3012489394886538, 0.8168026950563246, 0.3719992145633382]",stable,0.14684407786001766,723,"[0.28627259119888826, 0.1680556832442041, 0.8698788314657548, 0.34739632066888926]"
"[0.30600371228473233, 0.2993990331519253, 0.8175398636175667, 0.37165750770369305]",stable,0.16578218240613027,724,"[0.1985188649585724, 0.2657160230726754, 0.9317669180771019, 0.32984393980867754]"
"[0.3045313171158808, 0.2989376220549492, 0.8191046177882453, 0.3710847191023915]",stable,0.18115390022944494,725,"[0.26471544510136447, 0.1800536054063697, 0.9179733102390312, 0.28551016597685347]"
"[0.30399326479136024, 0.29733108128942787, 0.8204406811997424, 0.36992830622231665]",stable,0.17648126970357497,726,"[0.475526913469028, 0.32058739043029805, 0.8158308759429193, 0.4039832575238655]"
"[0.3062803801070625, 0.29764116541130614, 0.8203792171296515, 0.37038237223967063]",stable,0.37948345262370553,727,"[0.591704767357665, 0.37979573809874917, 0.6890082626909427, 0.566680381639238]"
"[0.5259801379418163, 0.5232014566285478, 0.7759530266963759, 0.5701687541390875]",stable,0.22925730212976586,728,"[0.6919431625919986, 0.49915421865698145, 0.6196301322021915, 0.5699079253050033]"
"[0.5272279802324191, 0.5230206503280097, 0.774777666587397, 0.5701667930200343]",stable,0.42933188675751865,729,"[0.7223863378262153, 0.6670515358255564, 0.42570316745500486, 0.6305090048317082]"
"[0.8379932887479539, 0.6754358049570681, 0.4192405984840087, 0.6956897154813813]",stable,0.09702112795027491,730,"[0.7669499149475709, 0.6363908475654324, 0.4638357345386568, 0.6664886290229042]"
"[0.8376816950032153, 0.6752645551439469, 0.4194361911860028, 0.6955616405407739]",stable,0.144589678301501,731,"[0.7604560185473228, 0.6700626906195793, 0.5408739132296048, 0.682592822645825]"
"[0.8373444649750237, 0.6752418395783383, 0.4199664869154508, 0.6955050081482195]",stable,0.16910169380298037,732,"[0.7971237665457096, 0.6071801243463912, 0.5501233031585451, 0.6219898099233501]"
"[0.8371695923731571, 0.6749459190773298, 0.42053238611650773, 0.6951853768515897]",stable,0.1191003244026675,733,"[0.7715776038818298, 0.7643333658038183, 0.37718182725690347, 0.698817419369705]"
"[0.8368856443710302, 0.6753328777211675, 0.42034472135953976, 0.6952010999793737]",stable,0.09861364155448597,734,"[0.8508391182041758, 0.693962516905072, 0.49203030674591286, 0.7587940576108199]"
"[0.8369457886547937, 0.6754131778900635, 0.42065371095172244, 0.6954752075553713]",stable,0.14039054496624362,735,"[0.8438743499380496, 0.7363434500183268, 0.40475371789252645, 0.8207596531723605]"
"[0.8369755249693143, 0.6756746812039187, 0.42058547063816365, 0.696012909038706]",stable,0.13537526316070655,736,"[0.7211319342233378, 0.6832474486913214, 0.46533258744617817, 0.6426549378548154]"
"[0.8364804668892032, 0.6757070434581385, 0.42077669763306974, 0.6957848835208261]",stable,0.3438715466232656,737,"[0.5599854992179863, 0.6563887143300566, 0.3918291893591457, 0.4943226851956821]"
"[0.6167365306870449, 0.6336843038247143, 0.4285011688638062, 0.5389011091484746]",stable,0.2538519121202311,738,"[0.4405142846744478, 0.5755037892320564, 0.28583200067570713, 0.4406817145890361]"
"[0.2273515904424613, 0.6153673702475403, 0.348461185070718, 0.3619967462537582]",stable,0.2382571616052604,739,"[0.3285286112341851, 0.7818301332805316, 0.218512617614996, 0.4059649604491756]"
"[0.22789555291983615, 0.6162623313391155, 0.34776253685859043, 0.3622331345021207]",stable,0.11329549870590538,740,"[0.3378445484290719, 0.6183869502558645, 0.3240125035020575, 0.34887235894259455]"
"[0.22848351546266632, 0.6162736929376007, 0.34763553133261965, 0.3621616865044762]",stable,0.11571084907414365,741,"[0.3271352954528127, 0.6441185690306707, 0.34096375387981964, 0.41542496803328266]"
"[0.2290082589732522, 0.6164218039806489, 0.34760004315467924, 0.36244500183175704]",stable,0.0548762985881671,742,"[0.19942446807026998, 0.5711731947137468, 0.33907400834259654, 0.35843531950759816]"
"[0.22885173097905653, 0.6161823933496071, 0.3475549318593772, 0.36242378658136465]",stable,0.10631779356572431,743,"[0.25975068195711726, 0.5951601332772525, 0.25716324168567617, 0.32075683341544076]"
"[0.2290143570368358, 0.616071749875542, 0.34707918612162086, 0.36220448682785983]",stable,0.22519540708128147,744,"[0.09364361507796432, 0.4815817079101977, 0.2875237914830855, 0.2585062844634169]"
"[0.2290143570368358, 0.616071749875542, 0.34707918612162086, 0.36220448682785983]",stable,0.18030058109661637,745,"[0.06843919295712785, 0.5455903020238144, 0.3842310039683877, 0.34281314432773213]"
"[0.2290143570368358, 0.616071749875542, 0.34707918612162086, 0.36220448682785983]",stable,0.15827022135495517,746,"[0.21166753366995075, 0.5360056074782581, 0.38098650946947743, 0.2311004939373824]"
"[0.2290143570368358, 0.616071749875542, 0.34707918612162086, 0.36220448682785983]",stable,0.1714902714910358,747,"[0.2399251549890523, 0.5882214174824838, 0.5088877854387814, 0.4104973835801755]"
"[0.32675393058168267, 0.4877550249137348, 0.6014929789241644, 0.4379392387445164]",stable,0.1594696197667772,748,"[0.18581112745613, 0.5091403479051362, 0.6134544828675255, 0.3674745223281524]"
"[0.3247688206785059, 0.4880562266460081, 0.6016614508106907, 0.4369467779499197]",stable,0.12171616761074025,749,"[0.3671454669088005, 0.5741461335935863, 0.6724654567423065, 0.4125671557643464]"
"[0.3253573852094822, 0.4892519197980578, 0.6026448397819631, 0.4366081720862312]",stable,0.08116126244966194,750,"[0.3663442471175435, 0.4733222285598269, 0.6708165526612122, 0.4341403443944588]"
"[0.32591884907123647, 0.4890337048495889, 0.6035786988625008, 0.4365743662274398]",stable,0.2759700936621767,751,"[0.39107043551766163, 0.49727984287728844, 0.8397850881244928, 0.5632760089116015]"
"[0.5262118791524583, 0.5228285547500193, 0.7752627965988678, 0.570115369258031]",stable,0.2345227936360324,752,"[0.34978496648318735, 0.4155862796154572, 0.7683624683324785, 0.4590930061296169]"
"[0.3068528088751694, 0.2991930748087292, 0.8196947862244255, 0.3715496174224331]",stable,0.15660683172435777,753,"[0.2638886591822178, 0.4341669999718202, 0.7550323048267404, 0.3547989574513958]"
"[0.30629483290513104, 0.30094598292773034, 0.8188550137387413, 0.3713320763838482]",stable,0.12090564208349466,754,"[0.2305642615867422, 0.3562660288059285, 0.8665624254250469, 0.3117774774880456]"
"[0.3053239281446389, 0.30165521428514314, 0.819466647221899, 0.37056855588518406]",stable,0.06228602259163649,755,"[0.2865875688754462, 0.2952718425465346, 0.7730440367687419, 0.33406251178858615]"
"[0.30508675903996557, 0.3015744121112367, 0.8188790192414792, 0.37010645406117654]",stable,0.123685622261954,756,"[0.26778305052669993, 0.41239280767779724, 0.8558769829887801, 0.3540752230388624]"
"[0.3046204626835497, 0.3029596420558187, 0.8193414937883204, 0.3699060636733976]",stable,0.10116428572126641,757,"[0.2808092785378034, 0.22467773847777905, 0.8477021349842064, 0.4222019317532766]"
"[0.30432649744718243, 0.30199319880176884, 0.8196916251611092, 0.3705516916743838]",stable,0.11389961653933381,758,"[0.29200419155028856, 0.3112314122274904, 0.9040072280203278, 0.29553957297095035]"
"[0.30417622542404954, 0.3021058599411069, 0.820719864220368, 0.36963690973897606]",stable,0.20621310791299388,759,"[0.13809822777170294, 0.3732449716329, 0.9023727773937315, 0.3129449955983423]"
"[0.3021752856932984, 0.30296295767233333, 0.8217036342586014, 0.368953874628848]",stable,0.12821393680575008,760,"[0.2371720652811098, 0.28495512572806153, 0.8061200589590068, 0.4768717373616784]"
"[0.30140143783124856, 0.3027485787206158, 0.8215181155050347, 0.3702386110899531]",stable,0.18418272148008935,761,"[0.28612533166760246, 0.20583134164184716, 0.9443819190829882, 0.27431442019075913]"
"[0.30122171893520566, 0.3016083759314538, 0.8229635720177165, 0.3691100911970214]",stable,0.18772746976997054,762,"[0.1709438305209907, 0.2882375479480337, 0.9508324523244854, 0.4108239390739502]"
"[0.2997068597675985, 0.3014529011874605, 0.8244504194631441, 0.3695951359397764]",stable,0.2237720131104478,763,"[0.15734211742744442, 0.16532426951460427, 0.923569752580744, 0.40768118891356303]"
"[0.29807048341886105, 0.2998882042716805, 0.8255897221426568, 0.37003290666361305]",stable,0.13407370263747145,764,"[0.25574994019963826, 0.2770486953273153, 0.950684447877782, 0.37382708443819057]"
"[0.29758956815500626, 0.2996286643973127, 0.8270112531169196, 0.3700760223201423]",stable,0.18675937538332488,765,"[0.3099057388519028, 0.18916686037014926, 0.9770922343009361, 0.3689512241862591]"
"[0.29772795209542086, 0.29838752053183903, 0.8286975562762906, 0.37006338413886275]",stable,0.11894494037038779,766,"[0.33329461241545766, 0.36818723776903317, 0.9163127531574329, 0.38835240441007046]"
"[0.29812313721008793, 0.29916307294558564, 0.8296710584638588, 0.3702665954752095]",stable,0.12477619824295481,767,"[0.37625561225309173, 0.32564338750046595, 0.8446198893815303, 0.46267731664374606]"
"[0.2989817358369341, 0.29945406541322167, 0.829835331331086, 0.37128209790563305]",stable,0.13368380308830452,768,"[0.3682244190240032, 0.28665815712858794, 0.7962286161758059, 0.4798346817571972]"
"[0.2997343736976631, 0.2993149794536061, 0.8294700409489634, 0.37246201729532397]",stable,0.06248568803485549,769,"[0.3286146066461388, 0.33428886447510314, 0.7868249277883517, 0.3671127141582053]"
"[0.300044913836894, 0.29969104273340713, 0.8290114913450858, 0.3724044979067528]",stable,0.09713068535297036,770,"[0.3240958093158941, 0.34993231261713964, 0.8536854184210899, 0.4480545910125377]"
"[0.30030077442709613, 0.30022552432791494, 0.8292739799310007, 0.37320928613128235]",stable,0.14654594952829178,771,"[0.2444069017940252, 0.18665587692735908, 0.8491553748372005, 0.30208787127525016]"
"[0.2997124178730638, 0.29903005435527746, 0.8294832577721186, 0.3724606396591136]",stable,0.023771775331975883,772,"[0.2768734919809537, 0.29951714176642796, 0.8303330809211251, 0.37898147649175634]"
"[0.299474512395021, 0.29903512818247696, 0.8294921100965874, 0.372528565042787]",stable,0.12909400647997288,773,"[0.17661513581007188, 0.27589582311581345, 0.8281534956917205, 0.40467847587805833]"
"[0.2982079208838359, 0.29879657864570724, 0.8294783099480836, 0.37286000742253206]",stable,0.12173300411960955,774,"[0.24748576063043015, 0.28539998716840376, 0.7463317388630086, 0.3010730601075952]"
"[0.2976903478200256, 0.2986598787326735, 0.8286298755492563, 0.3721274875519715]",stable,0.13891943089115708,775,"[0.24804964544744418, 0.2840877673998426, 0.7517592302092195, 0.2686240267238928]"
"[0.297188926583939, 0.29851268568890754, 0.8278534043842054, 0.37108199804865755]",stable,0.22426694667726024,776,"[0.29063288076337995, 0.08749086240369, 0.7739781488631903, 0.31797899836815385]"
"[0.29712336612573337, 0.29640246745605536, 0.8273146518289952, 0.3705509680518525]",stable,0.12919152810638213,777,"[0.34439229757570367, 0.2926612988434198, 0.9414892045020603, 0.40805129116189315]"
"[0.2975913753480103, 0.2963654261826629, 0.8284450929445701, 0.37092225837967463]",stable,0.046320554749828526,778,"[0.3148345732080694, 0.30284503793338735, 0.8318182118017415, 0.32855596729081504]"
"[0.2977604263074226, 0.29642895178806217, 0.8284781627372876, 0.3705069025846859]",stable,0.0805891562765537,779,"[0.27708248081118025, 0.24983731792105301, 0.8795138292207558, 0.33456785585815196]"
"[0.29755966955503194, 0.2959766058281883, 0.828973654644894, 0.3701579798009331]",stable,0.13838685462133848,780,"[0.19054648050127218, 0.22224337765793897, 0.8312969595716622, 0.32264890468529916]"
"[0.2965306965833612, 0.29526763248039745, 0.8289959941153437, 0.3697011617709751]",stable,0.235425200074301,781,"[0.22400648776702747, 0.09700391677054408, 0.8748339288429331, 0.27612954888319174]"
"[0.29583998983272947, 0.2933794066164941, 0.8294325458746541, 0.36881000355299626]",stable,0.2577802744981707,782,"[0.12441344707794237, 0.14051277913952293, 0.8186195066505523, 0.2522832566403309]"
"[0.29422275829730693, 0.2919372686214283, 0.8293305360706531, 0.3677106946198579]",stable,0.16360732457884208,783,"[0.2672982430919395, 0.16596403642567975, 0.9271473136683247, 0.3923084572694605]"
"[0.2939711273140792, 0.2907599486943653, 0.8302447115622201, 0.36794058025209714]",stable,0.14464537875394137,784,"[0.31810842542785356, 0.15791565828263676, 0.8038602867816722, 0.32326471351577196]"
"[0.2941946208151327, 0.28952990896833075, 0.8300004113327707, 0.36752691481935335]",stable,0.13881785125389876,785,"[0.25269772732790463, 0.33467100816774586, 0.9229897229686278, 0.4503742004853136]"
"[0.2938139153702957, 0.28994404749309605, 0.8308535242835583, 0.3682869816603255]",stable,0.057104580219216265,786,"[0.28514293151660874, 0.3410211875561108, 0.8096274107495592, 0.37952642062528086]"
"[0.2937350882443531, 0.2904083851300326, 0.8306605596150674, 0.36838915837818875]",stable,0.14702463852360395,787,"[0.3267018454549109, 0.41682503913053837, 0.8671356025902563, 0.42511514962815344]"
"[0.2940320860570609, 0.29154727390481194, 0.8309891636058347, 0.36890020334440465]",stable,0.31117539189690063,788,"[0.4164284339576879, 0.464507461199468, 0.8668226250307404, 0.5939557413702121]"
"[0.5253986684473119, 0.5223965466496449, 0.7759410175502149, 0.57029196460701]",stable,0.15764858579799568,789,"[0.4980428269374892, 0.4181578098100742, 0.6666002455200994, 0.5344643795174939]"
"[0.5251975225538573, 0.5216300853493538, 0.7751370412852877, 0.5700285264813518]",stable,0.10181579620631608,790,"[0.4776310526307016, 0.5074443335077906, 0.8142593571373249, 0.6498539368670093]"
"[0.5248503220434693, 0.5215265397154738, 0.7754226056345727, 0.5706111937104441]",stable,0.2510298923495881,791,"[0.5310034965380842, 0.6470466547375445, 0.9522562449210007, 0.6969152318020594]"
"[0.5248949102644448, 0.5224361057663583, 0.7767040088178077, 0.5715264403632819]",stable,0.23547514303513534,792,"[0.7345365460322582, 0.6165257858987104, 0.8233735896172317, 0.5931599759183092]"
"[0.5264031234714075, 0.5231130099399725, 0.7770397611976596, 0.571682077309721]",stable,0.3346450199071314,793,"[0.707174177427388, 0.6888621321144782, 0.5870772790898786, 0.6971834688961099]"
"[0.8359302273595784, 0.6757630225588037, 0.42148435968182213, 0.695790834947955]",stable,0.17624457534946733,794,"[0.8360263681198363, 0.6248589615347366, 0.5543903914740421, 0.7997470968159721]"
"[0.8359306347356812, 0.6755473273849729, 0.42204752083348407, 0.6962313275829889]",stable,0.204118323538618,795,"[0.8963653821544184, 0.7461274122006964, 0.6013203769652316, 0.7260914345891673]"
"[0.8361856336699375, 0.6758451336500182, 0.4228039463867826, 0.6963573195956733]",stable,0.1445302199618365,796,"[0.9261777683917196, 0.7263220624728903, 0.5201436498830453, 0.6686542159734469]"
"[0.8365637518830542, 0.6760572215862487, 0.4232129367376072, 0.6962409200006219]",stable,0.15868227362166462,797,"[0.9720884531217051, 0.7576252191210913, 0.42613673086253656, 0.683943256727211]"
"[0.8371308008422117, 0.6763985102788631, 0.42322517018582867, 0.6961894653425741]",stable,0.22899736736624965,798,"[0.9522610226969725, 0.7215688453832231, 0.3161482122316753, 0.8564361257701504]"
"[0.8376105100999399, 0.6765867200084645, 0.42277901619435304, 0.6968571597610224]",stable,0.16438308875156668,799,"[0.9505368750652455, 0.748328752525575, 0.43838942461737707, 0.7910847134935071]"
"[0.8380790842284266, 0.6768844047906932, 0.4228437896732868, 0.6972481454611572]",stable,0.13313346336605647,800,"[0.9605180810495115, 0.6909511888524642, 0.46900007861831866, 0.717371110010887]"
"[0.8385850304962823, 0.67694253199756, 0.4230345181400018, 0.6973312982072304]",stable,0.15004089916768898,801,"[0.8277299359008358, 0.6322896420326388, 0.5567636060558601, 0.6471607011672726]"
"[0.8385403593251076, 0.6767587752487333, 0.4235848436046762, 0.6971248348449262]",stable,0.14989262671590894,802,"[0.834384640675218, 0.5662271835622348, 0.5193140503463431, 0.6644259699998258]"
"[0.8385233276912966, 0.6763057769221492, 0.4239771764191912, 0.6969908231037577]",stable,0.27093830340745134,803,"[0.706129156224992, 0.5286012967512358, 0.5999010971214377, 0.6411920034276317]"
"[0.6197162848716432, 0.6301815369222651, 0.43421449980572724, 0.5423108056244464]",stable,0.2584766394711906,804,"[0.7297874854001041, 0.5868405010194562, 0.6346159636357193, 0.6548066360725614]"
"[0.8380795079268427, 0.6759406125307097, 0.4248369265710954, 0.6968186427485282]",stable,0.27374919633398603,805,"[0.6707817796596769, 0.5195626140220262, 0.5672776573457591, 0.6498436237602753]"
"[0.6213635588970636, 0.6266131845706444, 0.43850685972637343, 0.5457796062094732]",stable,0.1870502811740781,806,"[0.6955822665688456, 0.6730031300042397, 0.6030680994288912, 0.5300645666272514]"
"[0.6236828935118068, 0.6280628703654443, 0.44364939846707707, 0.5452885112225289]",stable,0.3279556578953003,807,"[0.8546131692725363, 0.7621416998662016, 0.5847280197024578, 0.6731392499479798]"
"[0.838146717932313, 0.6762910234548376, 0.4254868903643123, 0.6967223850542171]",stable,0.06362190291682437,808,"[0.8922568525723357, 0.6429600290928973, 0.42352746130118746, 0.6989685623818845]"
"[0.8383657873033252, 0.6761560801578258, 0.4254789574531256, 0.6967314788895518]",stable,0.16901840554741243,809,"[0.8358065866201234, 0.7994820479463932, 0.4757410535101165, 0.8007752162052775]"
"[0.8383554679457317, 0.6766533622860054, 0.42568162719529085, 0.6971510100884054]",stable,0.13268734857494985,810,"[0.965701215851074, 0.6687930530508913, 0.43811599156366776, 0.7313941858138263]"
"[0.8388668966521788, 0.6766217947790372, 0.42573156440158955, 0.6972885328824834]",stable,0.16232331920192433,811,"[0.9073797119249397, 0.6536154996185171, 0.3062346012647007, 0.7800293346925844]"
"[0.8391409479132699, 0.6765297695983951, 0.425253576549042, 0.6976194960897238]",stable,0.07987648303735909,812,"[0.894361604924813, 0.6578439098270261, 0.42579341609373106, 0.7522224154210357]"
"[0.8393609505308458, 0.6764553239419354, 0.42525572730420014, 0.697837037601004]",stable,0.11854144249082975,813,"[0.8827582674129291, 0.68338452658752, 0.4367783471854819, 0.8073265889609884]"
"[0.8395331621057747, 0.6764828207778306, 0.4253014519862687, 0.6982715199476706]",stable,0.11744205198022573,814,"[0.9147281241647605, 0.7584182405236238, 0.3960011141553133, 0.7220713192818308]"
"[0.8398303753945453, 0.6768066761918456, 0.42518564037428863, 0.6983655903007701]",stable,0.17193912610869383,815,"[0.9815081270859909, 0.6217597323735575, 0.505542803259006, 0.6966225722103196]"
"[0.8403881618185274, 0.6765899559405926, 0.4255020071572993, 0.6983587280248235]",stable,0.14683749931946333,816,"[0.927837319517002, 0.6770476216337551, 0.41178024813789965, 0.8155141798644521]"
"[0.8407310996918548, 0.6765917507080167, 0.4254481963376154, 0.6988181611692926]",stable,0.13814160892081412,817,"[0.9583322523260038, 0.616284580186221, 0.38944599781076145, 0.7167055841038235]"
"[0.841190479194332, 0.676356175823166, 0.4253075627496199, 0.6988880339151307]",stable,0.1642790642805652,818,"[0.8215892891466628, 0.5966713645055667, 0.5544540445342038, 0.7586786803203668]"
"[0.8411142099723566, 0.67604611819158, 0.42581007824294514, 0.699120682344723]",stable,0.24400793728682363,819,"[0.7393740454262321, 0.6101931194960534, 0.6356653644775518, 0.6706083380129039]"
"[0.8407198682493097, 0.6757908740105896, 0.4266234708252498, 0.6990101693821966]",stable,0.2587166973367315,820,"[0.7097919425558357, 0.5759430780297503, 0.5904471286660241, 0.585060906445275]"
"[0.6262922586343531, 0.6264834827189082, 0.44809781453371184, 0.5464937353201879]",stable,0.33643431252074424,821,"[0.6423736908324432, 0.5986754044075797, 0.7182504528972448, 0.7444171976626228]"
"[0.5272314846668434, 0.5236527413290268, 0.7766198375669424, 0.572915899597956]",stable,0.3205112309066008,822,"[0.790507686233605, 0.6108790087809587, 0.6602283985542201, 0.68363040640169]"
"[0.8405259988206776, 0.675540249048313, 0.4275254203531609, 0.6989507880579475]",stable,0.22595841790172905,823,"[0.7084127399764695, 0.6256291215842189, 0.6036026156698249, 0.6885107639729175]"
"[0.840017870902046, 0.6753482831734511, 0.4282026403351481, 0.698910634119159]",stable,0.15745748959992112,824,"[0.7719989669880184, 0.5932615543107949, 0.5439046849197052, 0.7053212163879902]"
"[0.8397572620747892, 0.6750337746337474, 0.4286459431879625, 0.6989351957370473]",stable,0.12999727584329068,825,"[0.8055819881270444, 0.5720205720313954, 0.4859443523797479, 0.656080618723959]"
"[0.8396268220978894, 0.674640594471143, 0.42886463940625175, 0.698771628649211]",stable,0.0855978499449338,826,"[0.874762395050029, 0.6255545063284037, 0.3804211361689719, 0.6622166512389709]"
"[0.8397604174323082, 0.6744539553527296, 0.42868044357645224, 0.6986326363396664]",stable,0.1075535410174394,827,"[0.903073377340325, 0.7143286753774027, 0.39456942530837424, 0.6293096356202468]"
"[0.8400002392501417, 0.6746049959588836, 0.42855123517392163, 0.6983700492157292]",stable,0.178284154686172,828,"[0.8088673738832151, 0.8034468560168296, 0.5126972437779764, 0.7828402145939425]"
"[0.839882756739323, 0.6750911916572154, 0.42886876728186146, 0.6986888045567791]",stable,0.045466000860072846,829,"[0.8483553530517381, 0.7089159801401844, 0.4507860989188174, 0.6794303881127125]"
"[0.8399146086051592, 0.6752183525161739, 0.428951163265459, 0.6986164044949592]",stable,0.0653334153376795,830,"[0.9012828241451394, 0.6870107258641428, 0.44063984062921907, 0.6835594448605474]"
"[0.8401444521090543, 0.6752625187084884, 0.42899494108330083, 0.6985600113877142]",stable,0.10559561713798697,831,"[0.8615717804573766, 0.6648152341642704, 0.4878953139550636, 0.78289804717125]"
"[0.8402244048267719, 0.6752235363034728, 0.42921471859401633, 0.6988747055510856]",stable,0.13942653902377547,832,"[0.8925766444977175, 0.7902226863156347, 0.37553754327669214, 0.7232254577369578]"
"[0.8404190228181138, 0.675651042437347, 0.42901517519134974, 0.6989652287934123]",stable,0.13678561829189584,833,"[0.9304611834148581, 0.766446066764904, 0.38372329416700635, 0.7165044350810807]"
"[0.8407525123018054, 0.6759873203052268, 0.4288474274838522, 0.6990301888166999]",stable,0.180847773409994,834,"[0.9883033585957323, 0.7095995138710995, 0.4240386794212518, 0.7979329758909741]"
"[0.8412969803693107, 0.6761113505397872, 0.4288296830260566, 0.6993951437505533]",stable,0.11531125248320462,835,"[0.9296887431856105, 0.6844214647014517, 0.3622123124088955, 0.7306465301221732]"
"[0.8416219500855471, 0.6761419024300874, 0.42858476622231706, 0.6995100385533902]",stable,0.09473725068924438,836,"[0.8867354974713559, 0.6789713892337618, 0.3792353971007344, 0.766566345357111]"
"[0.8417872011748724, 0.6761522668506137, 0.42840399930245776, 0.6997556660508397]",stable,0.1931065139651313,837,"[0.8727553552075882, 0.5692620887126759, 0.27871286773167736, 0.7497372038250086]"
"[0.8419002236348458, 0.6757621567114241, 0.4278576813040243, 0.6999380804222783]",stable,0.15723152293662637,838,"[0.9173051850075783, 0.7080356944058644, 0.2943206182454066, 0.6872056352638691]"
"[0.8421744234943831, 0.675879515030313, 0.42737209198381115, 0.6998917806217023]",stable,0.20757801706539322,839,"[0.937761297620404, 0.6782142465942661, 0.2602682081674862, 0.6222862157075716]"
"[0.8425207527484628, 0.6758879742026461, 0.4267666431294042, 0.6996106010386801]",stable,0.11859839821181178,840,"[0.8726974931914674, 0.5906200905259882, 0.3707036052322997, 0.6472534793674617]"
"[0.8426296940497012, 0.6755801479077845, 0.4265642494907865, 0.6994215861590006]",stable,0.22186415563252515,841,"[1.0, 0.5940057370529709, 0.2950525674701163, 0.6768697936487166]"
"[0.8431957742869325, 0.6752867147752133, 0.4260911858863956, 0.6993404646032082]",stable,0.20416045853092346,842,"[0.8688875572981107, 0.5743573502975942, 0.25668404471065137, 0.6531245688738293]"
"[0.8432878595307002, 0.6749249607806699, 0.4254839918320023, 0.6991748162314183]",stable,0.1467206808821817,843,"[0.9529454568445227, 0.6242375328148481, 0.36863628730857045, 0.7600130664241774]"
"[0.843679493806821, 0.6747439342522205, 0.4252809643158472, 0.6993920956963924]",stable,0.2126703380689471,844,"[0.9566222119014651, 0.5740438614326285, 0.2792658789915152, 0.6675847802546433]"
"[0.8440814251879407, 0.6743855710037522, 0.4247613376776823, 0.6992789024030054]",stable,0.35586918052710226,845,"[0.7139173933028545, 0.6141884437845591, 0.1404645962973304, 0.5403705414916954]"
"[0.6288694684775443, 0.6261218639267214, 0.4390497787032301, 0.5463136413840557]",stable,0.309728714045069,846,"[0.597263512996185, 0.49597653031173156, 0.16363264886295928, 0.5000477077945034]"
"[0.627966441178077, 0.622403425823436, 0.43118071785065093, 0.5449917575672114]",stable,0.3625843016774373,847,"[0.39199285539732026, 0.6035519789213849, 0.2488735696624454, 0.33958345854823424]"
"[0.22986764760416817, 0.6160062013365151, 0.34656502059042105, 0.36208605212482514]",stable,0.14451424713806552,848,"[0.3266842745341293, 0.5788677133354565, 0.27691483244735926, 0.2894190556517499]"
"[0.23037190086942838, 0.6158127717115095, 0.34620225919384257, 0.36170757818486116]",stable,0.07372241257439975,849,"[0.24936320127446127, 0.5539307910315947, 0.34500319529495316, 0.39697097759009214]"
"[0.2304703013896617, 0.6154921396872612, 0.3461960464275271, 0.3618902900988779]",stable,0.11220216091164538,850,"[0.18137685052576727, 0.581255690476627, 0.25385436481933626, 0.3838000454315217]"
"[0.2302172423645901, 0.6153156631449384, 0.3457200583780003, 0.36200322698203585]",stable,0.11067395956539078,851,"[0.1540989947330652, 0.6053712899083612, 0.26661506078939806, 0.3719151642713094]"
"[0.22982689237673615, 0.6152646663591098, 0.34531439172369977, 0.3620540574296732]",stable,0.11994776420806302,852,"[0.31359196944056417, 0.6148796943390114, 0.33680350933332637, 0.2766240001870083]"
"[0.23025426521889852, 0.6152627022161501, 0.3452709688543611, 0.36161818979068006]",stable,0.12186521962212045,853,"[0.3317169772106356, 0.5612312866365001, 0.31501292662270597, 0.33475731043806023]"
"[0.2307693043660647, 0.6149884310710757, 0.34511737473135773, 0.3614818401492962]",stable,0.09234588275748562,854,"[0.2335760078921313, 0.6640269728737564, 0.2803013762272606, 0.4052310370946077]"
"[0.23078347963639836, 0.6152361004741196, 0.3447900212035592, 0.36170279568942404]",stable,0.10387574785486385,855,"[0.17863704179199952, 0.637748530275595, 0.37167857257294346, 0.27899175457496866]"
"[0.23052143723517024, 0.6153492282620667, 0.3449251395521491, 0.3612871623169896]",stable,0.17568199492960607,856,"[0.391448774780696, 0.6271306022720906, 0.39741984748080633, 0.4068070507052035]"
"[0.2313260739228979, 0.6154081351321168, 0.3451876130917924, 0.36151476175893066]",stable,0.38112896796339624,857,"[0.5586416077005538, 0.8023774566130192, 0.3080943313001196, 0.40382779567977106]"
"[0.6260407513592569, 0.6274027044564799, 0.4277616515575806, 0.5410705364036714]",stable,0.10893301765984424,858,"[0.6220740450220934, 0.6317005709036803, 0.32074960410815506, 0.5605799603315728]"
"[0.625933543079874, 0.627518863009107, 0.4248694340589475, 0.5415978181314525]",stable,0.11260495901892657,859,"[0.6104648655696916, 0.68461089913912, 0.32922178962229737, 0.5473095898346586]"
"[0.6255264726190798, 0.6290212850125284, 0.4223523907842988, 0.5417481279131158]",stable,0.1548640348751802,860,"[0.7431563580993643, 0.6481662954188727, 0.3236145156337515, 0.547259926803866]"
"[0.6285426235288307, 0.6295121827152551, 0.4198206503958232, 0.5418894560898017]",stable,0.20175103738058806,861,"[0.6928114653690014, 0.6333955664889604, 0.31525919144160086, 0.7019669925666514]"
"[0.8435450068907104, 0.6742402163778132, 0.4243730321945756, 0.6992884346376281]",stable,0.1888832194815074,862,"[0.735032158383254, 0.6044351855718139, 0.4001370529785788, 0.5634881868612991]"
"[0.6312048619001913, 0.628885257786669, 0.41932856046039213, 0.5424294243590891]",stable,0.17342476090674827,863,"[0.745259508782136, 0.6946505733042427, 0.36400104768789565, 0.6408239101064162]"
"[0.8431977083108215, 0.67431233778038, 0.4241597036274142, 0.6990818462117228]",stable,0.11924183581273148,864,"[0.8946537900815316, 0.7420021024778273, 0.3408611664610155, 0.691987022891954]"
"[0.843378891697338, 0.6745506820222725, 0.4238663989190818, 0.6990568644394701]",stable,0.1702315753965756,865,"[0.8916613572401967, 0.776227301493195, 0.3890143718352757, 0.8219177371541695]"
"[0.8435483038571375, 0.6749074420905916, 0.42374411110475263, 0.6994879552209252]",stable,0.13501520873267447,866,"[0.8850922394659573, 0.6783020678676334, 0.309750370402466, 0.7586243365761585]"
"[0.8436935623732523, 0.6749193114114903, 0.4233455315918076, 0.6996947257851043]",stable,0.033395565822091806,867,"[0.8678958596701126, 0.6844093215091699, 0.43326625065041674, 0.6812276831459012]"
"[0.8437778909352623, 0.6749523776487645, 0.42338009855716857, 0.6996303806888003]",stable,0.15323281104513684,868,"[0.8827597463002659, 0.7718731299377515, 0.32314202180705215, 0.7498240563688214]"
"[0.843913244599724, 0.6752889080386568, 0.42303204967956404, 0.6998046642849115]",stable,0.09469523800938624,869,"[0.9171193165648421, 0.6967190461321908, 0.4095155559313551, 0.754266694242846]"
"[0.8441665528072159, 0.675363060765624, 0.4229852798050027, 0.6999931142155619]",stable,0.1923003446123169,870,"[0.9555921428922902, 0.6695122219370302, 0.26672713688306887, 0.7106195373108054]"
"[0.844550778979923, 0.6753428854593185, 0.42244645862251323, 0.7000297570538213]",stable,0.2334460494789511,871,"[1.0, 0.7473198679976957, 0.2989472869171203, 0.7995278287654488]"
"[0.8450849687428786, 0.6755902290419247, 0.42202206284345695, 0.7003716748260262]",stable,0.19411006738711126,872,"[0.9743412446680416, 0.7412222843215396, 0.30370057220091046, 0.7519855447340884]"
"[0.8455276272220744, 0.6758149963545261, 0.42161685225906465, 0.7005484346544786]",stable,0.15103220699688782,873,"[0.9691373957961421, 0.7459891301820856, 0.3705592060517173, 0.7003027341592962]"
"[0.8459495035653306, 0.6760544985177601, 0.4214425940808826, 0.7005475960862356]",stable,0.1835742671794927,874,"[0.9621503667075684, 0.7660756738167022, 0.3569738102673454, 0.7896365117092651]"
"[0.8463447445964266, 0.6763606929915661, 0.42122331250328554, 0.7008506196087629]",stable,0.13240825907456538,875,"[0.9603007577336262, 0.7304572614335345, 0.38828780241181227, 0.677725144503384]"
"[0.8467310361663832, 0.6765440711896745, 0.4211116667063653, 0.7007722281677278]",stable,0.18470024150964856,876,"[0.7502137713781971, 0.6652122552426979, 0.5736780301203038, 0.7381044061582973]"
"[0.8464049643258825, 0.6765057880276915, 0.4216270936097908, 0.7008983503906688]",stable,0.3621506536065075,877,"[0.6600797047902531, 0.6515372576092792, 0.7201210693153736, 0.7828368182969015]"
"[0.5281736706251655, 0.5245597237139932, 0.7762191370828887, 0.5744047004397925]",stable,0.2992830286986748,878,"[0.6978896628503362, 0.6316643552813824, 0.7793273709664793, 0.7964086419115969]"
"[0.5293688536690048, 0.5253139816827777, 0.7762410260539, 0.5759681084783264]",stable,0.20741440571919775,879,"[0.5608460355556072, 0.5871737086743442, 0.9241847511497077, 0.7037020158859942]"
"[0.5295889738220579, 0.5257465671862152, 0.7772755975580665, 0.5768613525860723]",stable,0.20363560576352774,880,"[0.6071203604565961, 0.6076733335515958, 0.8053538367557778, 0.7440617157964227]"
"[0.5301273862292422, 0.5263155030637525, 0.7774705853302729, 0.5780224662194775]",stable,0.15964249061560326,881,"[0.6123526474758075, 0.6434393676300658, 0.8233510429241238, 0.6318900370104256]"
"[0.5306944569964599, 0.527123253853865, 0.7777870022791961, 0.5783939667076909]",stable,0.13714136676411212,882,"[0.6642696400881881, 0.548236337003913, 0.8002131849370613, 0.5824840756592016]"
"[0.5316093555107868, 0.527267864012427, 0.7779406062700034, 0.5784219811525643]",stable,0.20880680002221172,883,"[0.39567770928347623, 0.6507440577107942, 0.67984799885154, 0.5624740267677625]"
"[0.5306846504344105, 0.5281078381192186, 0.7772733096208982, 0.5783134916669533]",stable,0.318740079084331,884,"[0.3722538417721455, 0.6451183279524372, 0.6081206337100074, 0.3934058542300922]"
"[0.3265449976212488, 0.49114295651314094, 0.6036400763604401, 0.43599100795720536]",stable,0.26376937738552864,885,"[0.27990673806743505, 0.7381838140697632, 0.5240650178577838, 0.42984430525347606]"
"[0.2315677687693881, 0.6160189594054384, 0.3460775504289366, 0.3618547097365155]",stable,0.2267188710119663,886,"[0.20577292198551825, 0.6455059785364862, 0.5671214543421697, 0.39357505963843065]"
"[0.324934703279439, 0.49320113014011885, 0.6031531614001966, 0.4354254619796217]",stable,0.26408523015631274,887,"[0.19200833797292607, 0.6639019513920636, 0.49186562801728023, 0.33272246917722087]"
"[0.231371930003069, 0.6162560039202237, 0.34679927358531454, 0.36171049072384576]",stable,0.18091387074369505,888,"[0.19493658712014444, 0.6279696174268187, 0.5047685762920942, 0.4411509406056413]"
"[0.23119244555536989, 0.6163137064498129, 0.347577447490274, 0.3621018229892733]",stable,0.13744634219316992,889,"[0.09877385818441077, 0.6280972891455253, 0.38246573182319127, 0.36297903226900774]"
"[0.2305433348329632, 0.616371469110086, 0.347748468491906, 0.3621061230347622]",stable,0.08147352526054565,890,"[0.22709578357810953, 0.6005570294648104, 0.38384371845425713, 0.2908805227383291]"
"[0.23052651750976877, 0.6162943255020602, 0.3479245428819662, 0.3617586810820967]",stable,0.07135976024703056,891,"[0.20661557833364202, 0.6049588417881492, 0.3835056584840958, 0.3058482760423476]"
"[0.2304104449894963, 0.6162392988820897, 0.3480972667441125, 0.3614872713488941]",stable,0.09012378900116907,892,"[0.17535535506258554, 0.5654074471566926, 0.3444508612866272, 0.3115466967179002]"
"[0.2301444783714919, 0.6159937343810008, 0.3480796512588107, 0.3612460125342516]",stable,0.32229039494816475,893,"[0.14456780642663478, 0.3574756731065035, 0.512579233249333, 0.309709312848445]"
"[0.2301444783714919, 0.6159937343810008, 0.3480796512588107, 0.3612460125342516]",stable,0.38684627284092493,894,"[0.2012985500013131, 0.332690643333567, 0.60697479054788, 0.32212291599473]"
"[0.2301444783714919, 0.6159937343810008, 0.3480796512588107, 0.3612460125342516]",stable,0.505304084859625,895,"[0.2415236772614857, 0.33851520808764474, 0.7622856910226004, 0.2797490427886827]"
"[0.2935632609785289, 0.29196663046001575, 0.8303757397434844, 0.36810421083944284]",stable,0.17227049076942785,896,"[0.1674473307010653, 0.27630846932678044, 0.7243440362238516, 0.3203130614617623]"
"[0.2924471907990824, 0.2918280626623765, 0.8294374060840187, 0.3676812803139766]",stable,0.24808432626298102,897,"[0.11374884103363715, 0.17040106001121486, 0.931324780849921, 0.3006948740890479]"
"[0.29087966141517496, 0.29076291351631367, 0.8303311549854739, 0.36709368025937195]",stable,0.2073778353180134,898,"[0.2768116333276297, 0.345577558420644, 0.643715969310552, 0.4376470951054281]"
"[0.3243015049905994, 0.49125871472275734, 0.6036868825569117, 0.43545469399443487]",stable,0.23596610604891197,899,"[0.4699251747922977, 0.42363207567326117, 0.43423253409943885, 0.40102198458761007]"
"[0.32619272148153056, 0.4903804466831535, 0.6014861767327887, 0.4350075159501904]",stable,0.2774429067744106,900,"[0.5641553401922026, 0.48751541718137276, 0.4588673457416437, 0.43486870504741104]"
"[0.6295695077121916, 0.6254372128938569, 0.42029292107700805, 0.5398059921807555]",stable,0.19477289836280617,901,"[0.6335242784098434, 0.46037758617258606, 0.4257687708722436, 0.6429863024198306]"
"[0.6296636689192786, 0.6215072217814457, 0.420423298453085, 0.5422626662340668]",stable,0.09259490322959586,902,"[0.7076412010468283, 0.572241109899041, 0.4246138638975435, 0.535290581277522]"
"[0.6314770998989891, 0.6203614982492968, 0.42052075346342127, 0.5421005247234495]",stable,0.25117704760479,903,"[0.8289396699427154, 0.5115616515782233, 0.4061909042308534, 0.6518989375558225]"
"[0.8463461586208887, 0.6759504205648986, 0.4215751199081782, 0.7007333692026727]",stable,0.16183921895990894,904,"[0.8096125343992759, 0.6503955752128603, 0.3940217152296655, 0.5476636680376341]"
"[0.8462228914255141, 0.6758646660502945, 0.421482658818653, 0.7002197124873538]",stable,0.09523975478804708,905,"[0.838762554925885, 0.5860749467466857, 0.45122471947866194, 0.7084762496837292]"
"[0.8461979404673214, 0.6755643659857339, 0.42158213059343563, 0.700247326324131]",stable,0.15056903014590697,906,"[0.9229933423993945, 0.7917191697382066, 0.4143234888336409, 0.7570704973567117]"
"[0.8464539251404284, 0.6759515486649087, 0.421557935120903, 0.7004367368942396]",stable,0.15338556141702894,907,"[0.8155568032946559, 0.6883599597847841, 0.37786123471973987, 0.8436468204093182]"
"[0.8463512768950936, 0.6759927726221175, 0.42141276335877287, 0.7009125179025953]",stable,0.15674345220786978,908,"[0.9575812955580733, 0.7537695143511501, 0.40206867273289754, 0.7768926295249616]"
"[0.8467195882151697, 0.6762503115020151, 0.42134871007855473, 0.7011641076761793]",stable,0.17082624973833552,909,"[0.9214706632833148, 0.7808953258418699, 0.4573228708630072, 0.8076965680133302]"
"[0.8469662914332162, 0.676595674585645, 0.42146743668180375, 0.7015156999545198]",stable,0.1942159851672741,910,"[1.0, 0.7840450327755943, 0.38891048494486313, 0.7426886674812598]"
"[0.8474696917903438, 0.676949126421796, 0.42136034144582696, 0.7016511373476998]",stable,0.2516661812611517,911,"[0.9876031766090674, 0.8628192477797363, 0.38560075605011274, 0.7903755604894854]"
"[0.8479291458389298, 0.6775585366557565, 0.42124309690354594, 0.7019420370957057]",stable,0.162095307604026,912,"[0.9360208435833636, 0.6868286024005901, 0.39107249767926183, 0.8342996676248188]"
"[0.8482170272041077, 0.677588830988256, 0.4211445001740548, 0.7023745783719445]",stable,0.10558320678201395,913,"[0.7622275345372672, 0.6640130568799907, 0.48030787822713666, 0.6940671262967074]"
"[0.847936931136789, 0.6775446102256883, 0.4213372147605469, 0.7023475182674649]",stable,0.1267868850874622,914,"[0.7395148054336019, 0.626282230892119, 0.39216379593861006, 0.731341258755452]"
"[0.8475849112481423, 0.6773781739291508, 0.42124249586826795, 0.7024416537885299]",stable,0.0911634576272384,915,"[0.8619280138529299, 0.647270862387057, 0.4739939639372638, 0.6359895370239388]"
"[0.8476313290559249, 0.677280739263966, 0.4214132125934103, 0.7022265983944697]",stable,0.08522461827506694,916,"[0.8399970217582354, 0.7483623749109607, 0.4477022071897633, 0.7404528033993631]"
"[0.8476067022581903, 0.6775100348628272, 0.42149801580178564, 0.7023499087331951]",stable,0.11765371757677584,917,"[0.8995535768879664, 0.7429299560768617, 0.36317284929878363, 0.76119146153885]"
"[0.8477737340094115, 0.6777203883072453, 0.4213104750734802, 0.7025391098676185]",stable,0.08573520830327065,918,"[0.8093191335866522, 0.6410636699108351, 0.361380485089484, 0.6719376238570417]"
"[0.8476504820849795, 0.6776028988252056, 0.42111839177224947, 0.7024410281816872]",stable,0.09297463105730838,919,"[0.8617143302051656, 0.7592022735809415, 0.42463357039447924, 0.744579796021074]"
"[0.8476954145070889, 0.6778635997030195, 0.4211296223748764, 0.7025756568329312]",stable,0.12581515540951319,920,"[0.8267897205226601, 0.7985207268938862, 0.42381527427276167, 0.7313341376982301]"
"[0.8476288358638263, 0.6782478580698693, 0.4211381754063983, 0.7026672443516105]",stable,0.13837717433936014,921,"[0.8824692190970875, 0.7925767964891861, 0.444959537598136, 0.7682098001268264]"
"[0.8477394402550429, 0.6786108070807243, 0.4212137987784355, 0.7028753159572462]",stable,0.09556577901847511,922,"[0.9203250622197945, 0.6228540002483326, 0.4157104511547143, 0.7298018318883136]"
"[0.8479691415903743, 0.6784343614894826, 0.42119638312139845, 0.702960526450699]",stable,0.11538976352428554,923,"[0.9164193095983165, 0.588982269415958, 0.3965748700236404, 0.6983262689781761]"
"[0.848185072719737, 0.6781521782337302, 0.4211187127330775, 0.7029459073419528]",stable,0.11267211715746571,924,"[0.9527193837710017, 0.701094917668073, 0.4511307643179158, 0.7213983127325776]"
"[0.8485137969683259, 0.6782243252130835, 0.42121309025378456, 0.7030039337739988]",stable,0.07200204951659606,925,"[0.8517918185026336, 0.6714255058192153, 0.4661740477747099, 0.7587339800960868]"
"[0.8485240728979005, 0.6782030122996231, 0.421354033694289, 0.7031786361135665]",stable,0.12193331456321989,926,"[0.9164131731047044, 0.7735314128972796, 0.42268849806987185, 0.6689804122151428]"
"[0.8487362263360468, 0.6785009135514908, 0.4213582038954627, 0.7030717666638839]",stable,0.15763323975749033,927,"[0.8663742080586434, 0.8225643334470079, 0.3629900411173144, 0.7224632209442442]"
"[0.8487911733196063, 0.6789497092521, 0.4211763716126647, 0.703132176178776]",stable,0.1614856911992485,928,"[0.9552876148721533, 0.7075039947624118, 0.3073270451091521, 0.7341018392773013]"
"[0.8491219076101421, 0.6790383871574115, 0.4208228022756973, 0.7032283552567218]",stable,0.15019320903759278,929,"[0.9296561511458212, 0.6952017694039068, 0.29573510628180705, 0.7160365184521114]"
"[0.8493712396334724, 0.6790884285885151, 0.42043553386704746, 0.7032680090127447]",stable,0.13248453150728975,930,"[0.9505260925049122, 0.6747094941440911, 0.4156544570593798, 0.7885781084556245]"
"[0.8496834459694953, 0.6790749133587484, 0.4204207774571473, 0.7035313117888029]",stable,0.19809035807284955,931,"[0.987008731742655, 0.6650186376876472, 0.3109051033646807, 0.7940315553856044]"
"[0.8501059853103359, 0.6790316632797604, 0.4200838061522474, 0.7038097740767931]",stable,0.10662394333884931,932,"[0.9466334320369624, 0.6903203654113176, 0.3764199858792975, 0.7079514313442327]"
"[0.8504020817726874, 0.6790662912004093, 0.41994986805325063, 0.7038224785469387]",stable,0.16871495108366508,933,"[0.9442080211654253, 0.7760713746008739, 0.3748442075583793, 0.7944904091486668]"
"[0.8506889500888731, 0.6793629428316034, 0.4198119302535721, 0.7040997505059654]",stable,0.2409464605491002,934,"[1.0, 0.6294934621925423, 0.41856423763424405, 0.8865083177101789]"
"[0.8511441667044558, 0.6792109017320941, 0.4198081263126595, 0.704655874186466]",stable,0.0953398296257971,935,"[0.9127272155255121, 0.7137633953703102, 0.43142773432332154, 0.7676504858928573]"
"[0.8513313492236688, 0.6793159245091099, 0.4198434442701388, 0.704847347170376]",stable,0.13624018790714035,936,"[0.8329884622727644, 0.7183497561262604, 0.30419475472080004, 0.7625246208063919]"
"[0.8512757647177569, 0.6794342088473437, 0.4194929936957469, 0.7050221267874549]",stable,0.20490352315658922,937,"[1.0, 0.6367991194930462, 0.37657043444228705, 0.8323267170604658]"
"[0.8517250826491233, 0.6793054019308655, 0.41936331829014734, 0.7054067328003643]",stable,0.12140820716085449,938,"[0.8885414404442091, 0.630107764886694, 0.5179083254525721, 0.6700092380112583]"
"[0.8518359752930843, 0.679157216277118, 0.41966014060087753, 0.7053001138401561]",stable,0.3594794016343634,939,"[0.6721267989177847, 0.5354038678437305, 0.6470321838767319, 0.5485615388923676]"
"[0.5316403406268657, 0.5281571356173571, 0.7763933020145187, 0.578112464959017]",stable,0.24087413160056492,940,"[0.5785660740856182, 0.3881025228336285, 0.6086035121261711, 0.4883928201708861]"
"[0.5319552784353136, 0.5272171717731711, 0.7752671960421137, 0.5775103196919825]",stable,0.3445450398270315,941,"[0.5990049018672992, 0.3056002436683043, 0.6725930346356127, 0.3439303842868331]"
"[0.5324022759248602, 0.5257397255858053, 0.774582701632737, 0.5759531201226148]",stable,0.22870637856431944,942,"[0.44665531171763073, 0.4565900040330294, 0.7093450626697637, 0.386436808959274]"
"[0.3277371136640447, 0.4899472358799468, 0.6028689829627499, 0.43438481457851197]",stable,0.336363252565449,943,"[0.4967856115046939, 0.28519074249946763, 0.8069323548576927, 0.4659405069908827]"
"[0.2926701479376925, 0.2907144598552976, 0.8301276871582759, 0.36795321788312424]",stable,0.158765838430532,944,"[0.430304140441468, 0.21166819185490104, 0.8294253840839465, 0.37178334133044916]"
"[0.2938566478730699, 0.2900330265104666, 0.8301216328214283, 0.36798623618870463]",stable,0.1343465408016126,945,"[0.40433810713344115, 0.21910645710070228, 0.8552404236801873, 0.38145131259450715]"
"[0.2948009338496543, 0.28942681651551133, 0.8303363233415886, 0.3681013223118311]",stable,0.29051676258393305,946,"[0.5553290561753239, 0.34017951158940046, 0.8795885686363746, 0.47544873539602855]"
"[0.5325541089066514, 0.5245108499964252, 0.7752781047254763, 0.5752875281707831]",stable,0.23921249019762697,947,"[0.7002114396436332, 0.3864336615327976, 0.7299004744700904, 0.6646698285164637]"
"[0.5336571176615, 0.5236024474407434, 0.7749795676843224, 0.5758755696204257]",stable,0.2648366804696416,948,"[0.7060096542678117, 0.4651051652045386, 0.5829578794661463, 0.5876573212885093]"
"[0.6331710215891897, 0.6168329452255522, 0.4242125063271196, 0.5431359064635646]",stable,0.346743240448151,949,"[0.7920092448431006, 0.43078540100069374, 0.6672228776622691, 0.5796539067028591]"
"[0.535345693656151, 0.5229958000783901, 0.774275275592675, 0.5759002646340364]",stable,0.13554543312804668,950,"[0.5941545187634864, 0.46365501395730246, 0.6679531567499245, 0.5665000157711603]"
"[0.535727569143861, 0.522610470298383, 0.7735848722235662, 0.5758392240570047]",stable,0.16079249204777823,951,"[0.6238206732240975, 0.48031273473500413, 0.6471310383976026, 0.5935637829900073]"
"[0.5362959117508302, 0.5223375816818451, 0.7727690410375923, 0.5759535760501209]",stable,0.10651306227035086,952,"[0.58602145114334, 0.49842097078785197, 0.6915299242516577, 0.5347151862474356]"
"[0.5366146652084746, 0.5221842700735503, 0.7722482774684517, 0.5756892273975396]",stable,0.15795396230302608,953,"[0.43653785666249173, 0.47970243639782595, 0.8057576227587514, 0.46611503251462]"
"[0.5359772333069078, 0.5219136851456794, 0.7724617127887721, 0.5749913025893681]",stable,0.24367632428349137,954,"[0.45742544636846794, 0.3827606659373488, 0.9374226602059162, 0.4935536524664958]"
"[0.5354800700984367, 0.5210329698342342, 0.7735057694179945, 0.5744758744240336]",stable,0.2850615956733962,955,"[0.41461697487932636, 0.309242135388089, 0.7936666330250862, 0.4282212759830245]"
"[0.2958163240278719, 0.28959474294663484, 0.8300255632541605, 0.36861081344463786]",stable,0.2536744054479845,956,"[0.5126884884622891, 0.3631213079977428, 0.764131574951953, 0.4556107836189618]"
"[0.5353367268177062, 0.5200398147283443, 0.7734468122200948, 0.5737282952365803]",stable,0.32411703534082403,957,"[0.437965919665106, 0.23859024018684716, 0.8711810254850427, 0.49123624070726174]"
"[0.2970108584449915, 0.28916613367974586, 0.8303714074745882, 0.369641279219954]",stable,0.16975907154576098,958,"[0.39605290069565297, 0.2886240675166257, 0.9487771743695839, 0.44027127829385826]"
"[0.2978362087970803, 0.2891616164617199, 0.8313581221987131, 0.3702298625455699]",stable,0.19188421918365842,959,"[0.4268755742975699, 0.17954518381794798, 0.8003456026410092, 0.45502878381282286]"
"[0.2989026498342744, 0.2882556955307797, 0.8311018203841867, 0.37093068007670416]",stable,0.17068064517695564,960,"[0.39228824463876194, 0.18650388265215195, 0.9229693340194719, 0.411154327790671]"
"[0.29966810552939316, 0.2874216642776762, 0.8318548327910332, 0.3712603821071465]",stable,0.129752191337589,961,"[0.3356521945497518, 0.27034929474167546, 0.9286906736791715, 0.4478902105827122]"
"[0.2999606590986644, 0.28728286452535096, 0.8326421160502864, 0.3718833888427202]",stable,0.19627211709697429,962,"[0.23792254715582775, 0.12941695439500472, 0.929689344628281, 0.3536020743291421]"
"[0.29946035174428665, 0.2860097523468804, 0.8334247549904316, 0.37173595888696553]",stable,0.028367732313369882,963,"[0.30289529674151766, 0.28267746021281465, 0.8074168459642813, 0.3820030853929429]"
"[0.2994878313042645, 0.2859830940098079, 0.8332166917182223, 0.3718180958990134]",stable,0.16286812635763254,964,"[0.19186546638156246, 0.1943963867068681, 0.913991571228228, 0.377363097002728]"
"[0.29863368555090974, 0.2852562153804195, 0.833857762190524, 0.371862103844281]",stable,0.18812147066848578,965,"[0.24334083400005257, 0.16629145508202328, 0.8766585041307143, 0.2440033122405622]"
"[0.2981983087670447, 0.2843194849843692, 0.8341947759065884, 0.37085534170566903]",stable,0.27755480344906913,966,"[0.11614042510304738, 0.1117969699385206, 0.8673973061078959, 0.25672747611656743]"
"[0.2967759815509197, 0.28297165283557346, 0.8344541706737861, 0.36996371775575415]",stable,0.14609240918063415,967,"[0.19563579497499367, 0.18341270030612422, 0.8649112778293784, 0.3865176983809802]"
"[0.2959919490968428, 0.28219987800976376, 0.8346902722796434, 0.37009204318695743]",stable,0.22610188854455263,968,"[0.13376589936815136, 0.16024282461425177, 0.7941544150973356, 0.27905307239742566]"
"[0.2947440564066221, 0.28126174682979826, 0.8343784579936258, 0.3693917434116533]",stable,0.09837697731531513,969,"[0.2705581082539801, 0.21638771589576733, 0.8380217007151404, 0.29959807270650796]"
"[0.29455943084820496, 0.28076652521961487, 0.8344062690067671, 0.3688589672994003]",stable,0.23608149911656096,970,"[0.34829738211921213, 0.26412672844321555, 0.6052815403148798, 0.3603924046304766]"
"[0.294966536539652, 0.280640466153127, 0.8326704756075861, 0.3687948266731206]",stable,0.335593560406909,971,"[0.24518727999465573, 0.40191018432869574, 0.5267641330287129, 0.4119228735573508]"
"[0.3266921790606347, 0.4888328428223361, 0.6019056304319393, 0.4341004862111555]",stable,0.14698721841401602,972,"[0.32438278326019343, 0.4653866555424062, 0.5101043688230106, 0.3217496351366308]"
"[0.32666331161312917, 0.48853976548133693, 0.6007581146618277, 0.432696100572724]",stable,0.20334643807399033,973,"[0.238425876781471, 0.4243963922726902, 0.47676111245849384, 0.3140609452025272]"
"[0.2301444783714919, 0.6159937343810008, 0.3480796512588107, 0.3612460125342516]",stable,0.14710208779421263,974,"[0.25814203632068095, 0.47325106053440286, 0.3430838856646004, 0.33992155775694227]"
"[0.23027908201547836, 0.6153074715259691, 0.3480556331549923, 0.36114349111705296]",stable,0.13998246416765786,975,"[0.13836212562031058, 0.5353820442001891, 0.3989997017650062, 0.3146355203835529]"
"[0.23027908201547836, 0.6153074715259691, 0.3480556331549923, 0.36114349111705296]",stable,0.11829189077366514,976,"[0.1426871265255358, 0.6521122932445718, 0.37225369972212047, 0.2949583007121644]"
"[0.22985998174997627, 0.6154835711514169, 0.34817141337780155, 0.36082681556487645]",stable,0.18548831072820723,977,"[0.3961722084395545, 0.5633999865276954, 0.31097054834729077, 0.4123006198160067]"
"[0.23065194473421233, 0.6152355540817802, 0.3479942664014658, 0.3610719289184533]",stable,0.2565709494982426,978,"[0.462693226540273, 0.6252554267737935, 0.39857372219312015, 0.45764737335070027]"
"[0.6293826261436583, 0.6170201114821798, 0.42364275556858627, 0.5412361612832787]",stable,0.1689110559831799,979,"[0.47049111609372957, 0.6722818655595958, 0.4357390997568783, 0.5320573889812812]"
"[0.6259284628817032, 0.6182214539621237, 0.42390571957267964, 0.5410366227549744]",stable,0.2559681785149749,980,"[0.4445324843866615, 0.6306974051831987, 0.6039085739327479, 0.5486871430939979]"
"[0.32811848658564197, 0.4902947980702488, 0.600797009220728, 0.434128088751999]",stable,0.20876424621837933,981,"[0.43662206729731395, 0.6310758569613191, 0.7032258177534064, 0.4728387605617039]"
"[0.5347197601957037, 0.5207337899923004, 0.773007931004678, 0.5730977356448623]",stable,0.1161004519676205,982,"[0.5169656551515128, 0.5770244993260375, 0.7440380699011352, 0.47740964917893]"
"[0.5346094862513298, 0.5210834217272925, 0.7728279939791902, 0.57250339970408]",stable,0.09337192087473703,983,"[0.5166986707736022, 0.5419480014063762, 0.7144922904985237, 0.5049820452227616]"
"[0.5344989256619611, 0.5212122154290152, 0.7724678970441243, 0.5720866012196275]",stable,0.11367181175749047,984,"[0.4887077547085346, 0.5880796937264229, 0.6938122578185683, 0.5591838799907822]"
"[0.5342179982327989, 0.5216224453572201, 0.7719853471102253, 0.5720074434206776]",stable,0.17074743922323898,985,"[0.36462368476315915, 0.5281171344096803, 0.7577749894205109, 0.5841869995906489]"
"[0.5331838865653011, 0.5216620471197352, 0.7718986985877271, 0.5720817090070798]",stable,0.07057264178056372,986,"[0.4670277844816137, 0.5115739669690734, 0.7883359450893849, 0.5568529371820751]"
"[0.5327829404920668, 0.5216009072400342, 0.7719983182634946, 0.5719894134202615]",stable,0.26795985803347633,987,"[0.3712552109271412, 0.6682028507307773, 0.9254031828883627, 0.5981828433805384]"
"[0.5318098818802299, 0.5224840514779302, 0.7729224439540058, 0.5721472051670102]",stable,0.22517791994072514,988,"[0.3801856947840306, 0.6025831319408125, 0.9149971535837412, 0.5387688332942628]"
"[0.5309019526161808, 0.5229636866902828, 0.7737731907182558, 0.5719473346767543]",stable,0.129408628318203,989,"[0.5571289475535152, 0.6274001897075883, 0.7939572690254629, 0.6408266322933874]"
"[0.5310580656812839, 0.5235853325415762, 0.7738933340415131, 0.5723573304959009]",stable,0.2001020934050795,990,"[0.6557939760065042, 0.6100856020999164, 0.6737453711715593, 0.6558431937289454]"
"[0.5317961479909006, 0.5240971684561225, 0.7733007425452411, 0.5728513296866289]",stable,0.28742410907995847,991,"[0.7162247934072002, 0.665896735567023, 0.6171219936488626, 0.6368808103235971]"
"[0.6278496614035223, 0.619235821655845, 0.428016704127492, 0.5430758607883494]",stable,0.1343809840556949,992,"[0.625530695492528, 0.7024173690056711, 0.514030727187153, 0.6041928738899507]"
"[0.6278013496137099, 0.6209687705589665, 0.42980866294123493, 0.5443491318946326]",stable,0.18863080655996406,993,"[0.772810952296885, 0.6614016218531814, 0.4193434479203601, 0.6575280173985862]"
"[0.8515986629117144, 0.6791038961737428, 0.4196591895718069, 0.7051566540910823]",stable,0.05161339152916218,994,"[0.8369396329245542, 0.688855442238909, 0.4591470042146687, 0.7333466322579426]"
"[0.8515547736003756, 0.6791330924194469, 0.4197774165617556, 0.7052410552233184]",stable,0.18726687976559797,995,"[0.883774884400464, 0.8052667140058647, 0.3812276868668485, 0.8342177064556903]"
"[0.8516509530355997, 0.6795096106928391, 0.4196623427417708, 0.7056260601523702]",stable,0.1519373875805209,996,"[1.0, 0.7052708796074202, 0.42991088926072907, 0.7232003119915512]"
"[0.8520924680563271, 0.6795862811360373, 0.41969284436831533, 0.7056783644733201]",stable,0.1988465392623776,997,"[1.0, 0.7583888444813777, 0.49434991108026566, 0.7823581308470297]"
"[0.8525313628098691, 0.6798201166355783, 0.4199143786909027, 0.7059059008720552]",stable,0.09776482923164752,998,"[0.9036121194897722, 0.684054351720464, 0.3536057480103122, 0.7562443045238667]"
"[0.8526824893089221, 0.6798326439583147, 0.41971819931019094, 0.7060548310603741]",stable,0.10913999205976206,999,"[0.9520009270411329, 0.70047045506506, 0.3859723186668681, 0.7280248580418504]"
"[0.8529754640514949, 0.6798935224571547, 0.4196186539395616, 0.7061196393995526]",stable,0.11570993459523629,1000,"[0.9195132289911279, 0.7440104936001943, 0.3546190318957989, 0.7311311956582631]"
"[0.853171163360141, 0.680082101784046, 0.41942747858060936, 0.7061932028003135]",stable,0.14659323511483202,1001,"[0.9953219947521841, 0.6867702791025605, 0.40230731576175927, 0.7369322012419597]"
"[0.8535880279683289, 0.6801017152072675, 0.41937727282454235, 0.7062833464907582]",stable,0.14558059972977938,1002,"[0.9804375838921983, 0.6814935270824863, 0.39760138084749236, 0.7743037446659176]"
"[0.8539589331026091, 0.6801057848326336, 0.4193136006257791, 0.706482236543902]",stable,0.07734369502446503,1003,"[0.8909014298143597, 0.7355164621863983, 0.3948272374815934, 0.675702796134632]"
"[0.8540666371746549, 0.6802673319969303, 0.41924221181194765, 0.7063925005660324]",stable,0.18182584470374466,1004,"[0.8997556064007415, 0.7831624267447317, 0.3081555451378461, 0.7960892555651182]"
"[0.854199453945661, 0.680566445644453, 0.4189192854553369, 0.7066532469468437]",stable,0.10251082993975084,1005,"[0.7640270932344495, 0.7146310793824844, 0.4347051674737119, 0.737763089053473]"
"[0.8539380847841792, 0.6806651837132589, 0.4189650416351003, 0.7067434204022253]",stable,0.10266362424065359,1006,"[0.930995912251709, 0.6796187073443549, 0.3511965775825258, 0.7096158993620749]"
"[0.8541607952681894, 0.6806621592150829, 0.4187691790222316, 0.706751722364537]",stable,0.15338932092363555,1007,"[0.8174762216325038, 0.6659358320842409, 0.2883122159443185, 0.6364193549629952]"
"[0.85405507603581, 0.6806197202319969, 0.41839322235630105, 0.7065490354267803]",stable,0.19440577224728403,1008,"[0.7348466373318694, 0.6119350385510243, 0.4925771117670372, 0.5909544097770086]"
"[0.6299859473222439, 0.6207844086812534, 0.4310896516927819, 0.5453002600146811]",stable,0.10944300736493373,1009,"[0.6041128911580554, 0.5912919781959914, 0.5328357676569601, 0.5545890304436287]"
"[0.6294684861989601, 0.6201945600715482, 0.43312457401206544, 0.5454860354232601]",stable,0.26058768565583784,1010,"[0.5886861362179308, 0.39681757875683166, 0.5593461395175598, 0.565822762435185]"
"[0.5321307949804713, 0.5233484649873031, 0.772042186056843, 0.5728099851733851]",stable,0.23750942530665234,1011,"[0.40479382059341174, 0.38023959643255517, 0.6511619642911822, 0.5013687800442013]"
"[0.3290535516345172, 0.488952661464911, 0.6014112159898799, 0.43494809718239175]",stable,0.22439612607575496,1012,"[0.4497190139393155, 0.4103905651773687, 0.765285148297403, 0.38234772701685327]"
"[0.2961300890013036, 0.2816160308074446, 0.832163819011269, 0.36889672817946445]",stable,0.13242549045006424,1013,"[0.3833129364902756, 0.3494867482497545, 0.7919801970562593, 0.42984345791205714]"
"[0.2967807072661467, 0.28212252869880505, 0.8318639412354853, 0.36935155452075247]",stable,0.16600282343969053,1014,"[0.37037180619790505, 0.423949179102869, 0.8331762128185363, 0.41434896251744674]"
"[0.297325826517493, 0.28317309647957595, 0.8318736617657302, 0.3696848686540613]",stable,0.14586957221053984,1015,"[0.26482750637901775, 0.4163381334880608, 0.8706590604040501, 0.3383072164783719]"
"[0.29708686828118075, 0.2841522511634618, 0.8321588485204238, 0.3694541506233577]",stable,0.13156589387144552,1016,"[0.29295095654663955, 0.32209630578278803, 0.9253044804109338, 0.4541690763630391]"
"[0.2970566791444323, 0.28442921506579266, 0.8328387436437121, 0.3700725077455451]",stable,0.11185585608324254,1017,"[0.22391071419519148, 0.24601366948344475, 0.8127743959823746, 0.2973877902163765]"
"[0.2965266359201625, 0.28415084154708004, 0.8326933498200793, 0.36954580689388444]",stable,0.22302070094479443,1018,"[0.44521896681052964, 0.36127573424043224, 0.6877516614376897, 0.39547805863179186]"
"[0.33045313494989087, 0.4874143852332908, 0.6024514623205764, 0.434472554549252]",stable,0.3091131363433678,1019,"[0.622518022690625, 0.47388136128947944, 0.525764321615131, 0.49916391504186597]"
"[0.6293322026007574, 0.6173256738209193, 0.43494103965134123, 0.5445777585530367]",stable,0.237847521241982,1020,"[0.4533699849005827, 0.5137187168620769, 0.5560784726455844, 0.5304334275230711]"
"[0.3319164307826372, 0.4877275320383954, 0.6018994029196838, 0.43561494589417843]",stable,0.2239821826166332,1021,"[0.5156840186896355, 0.5166290429938286, 0.49050088299651545, 0.49176264565093525]"
"[0.6271466606024666, 0.6153892001511676, 0.43600949817720996, 0.5435620833049194]",stable,0.2938803834354536,1022,"[0.36781674840154516, 0.5711441915312894, 0.49768914917694934, 0.4280126295164706]"
"[0.3323387874605067, 0.4887089045030177, 0.6006733999344752, 0.43552550687797015]",stable,0.12288036433933457,1023,"[0.439306342121349, 0.49879857516354553, 0.5419130224934339, 0.4456715789748836]"
"[0.33358259623563274, 0.4888262262548843, 0.5999901397316724, 0.43564348446049234]",stable,0.15670637092885,1024,"[0.23052302709848593, 0.548851972705072, 0.4987057284595996, 0.42704175816146495]"
"[0.33239800348692994, 0.48951617736350717, 0.5988259510963612, 0.43554461404326217]",stable,0.08398604312922314,1025,"[0.3437249712754399, 0.5091179993270067, 0.5529153371957777, 0.36896128769045367]"
"[0.3325267190299812, 0.48973892534036506, 0.5983042395747636, 0.4347879853347075]",stable,0.2002998178755195,1026,"[0.17630888138124406, 0.37042098572724846, 0.6154404973341148, 0.40035570109731156]"
"[0.3307714624271864, 0.48839827433347616, 0.5984967817967788, 0.4344011057365345]",stable,0.1319175188734746,1027,"[0.39973043055090157, 0.44568551826517727, 0.6023033360931952, 0.3304394632212087]"
"[0.3315376731841166, 0.4879236881549395, 0.5985390768445167, 0.43324597637525314]",stable,0.37141512758937,1028,"[0.6066565827246726, 0.3246930078269139, 0.4636080053886595, 0.5651858625767641]"
"[0.6267600553594894, 0.6099043663337289, 0.4365302247283694, 0.5439700791402372]",stable,0.0750991243909772,1029,"[0.6233214730391683, 0.5462618947076978, 0.4753823462838474, 0.5522285954649792]"
"[0.626696377909113, 0.6087258020443579, 0.43724970846087824, 0.5441230146277324]",stable,0.14585480979197296,1030,"[0.714817053074334, 0.5359774881026187, 0.5109623018872761, 0.4913735261291038]"
"[0.6282985720030262, 0.6074031054272353, 0.4385899374322673, 0.5431639330186664]",stable,0.2124764771244681,1031,"[0.8308782841791073, 0.5695161747448417, 0.46597851238622534, 0.5870063781071841]"
"[0.8539884760592102, 0.6803004571702522, 0.41852996169546747, 0.7062055220436779]",stable,0.2623306668692823,1032,"[0.8253334841575861, 0.5413303582960908, 0.3986185077544669, 0.4864622267191984]"
"[0.6318170525772148, 0.6062232349427507, 0.43787616190230655, 0.542151402549033]",stable,0.18808219537316592,1033,"[0.7087577784739969, 0.45499401546341234, 0.5142949970459897, 0.5148581483308439]"
"[0.6331668898736496, 0.6035700907413588, 0.4392168432206168, 0.5416725735276614]",stable,0.304271472839991,1034,"[0.6444774959502689, 0.3600875828074977, 0.6176660323040233, 0.505267153325323]"
"[0.5327877932317567, 0.5223937229862516, 0.7711394015319727, 0.5724149978526362]",stable,0.2694347511628329,1035,"[0.48589099501313976, 0.3329007712040421, 0.6802316477233114, 0.4104768091096808]"
"[0.33323386353388607, 0.4862201396170176, 0.5994367974036243, 0.43299576574596116]",stable,0.2565733775259537,1036,"[0.5023715380639253, 0.3317351818659673, 0.7149719430657834, 0.4301021425628271]"
"[0.5326109545389205, 0.5212852430960174, 0.7708128465408902, 0.5715875975311838]",stable,0.3568086116298561,1037,"[0.3563047853303537, 0.3029164188193539, 0.7008307748341261, 0.3626711399317819]"
"[0.2969566945490128, 0.28428584570011795, 0.8317446982014752, 0.3694963488581859]",stable,0.1495362521268694,1038,"[0.3943336476643576, 0.26102622804908293, 0.7267763716610793, 0.3331719725777997]"
"[0.2976522442141224, 0.2841197055740391, 0.8309949244404724, 0.3692368890276117]",stable,0.058922283415842804,1039,"[0.30185492986937906, 0.3213553167367855, 0.8281904259644967, 0.32385168256278435]"
"[0.2976820504953654, 0.2843837879227111, 0.8309750343803591, 0.368915008130698]",stable,0.10391135599493628,1040,"[0.29542180211593416, 0.3021805710977465, 0.9284826367380685, 0.3378022587658273]"
"[0.2976661332532567, 0.28450911738169016, 0.8316617076363993, 0.3686959042619313]",stable,0.13530808805342073,1041,"[0.2832867533806993, 0.26735363242380455, 0.9564415280463198, 0.4159949304832048]"
"[0.2975655781492528, 0.2843891489554113, 0.8325342937931122, 0.3690266666830591]",stable,0.18002023888182822,1042,"[0.36209480960219936, 0.23737408065480753, 0.9161094250063277, 0.5070413234791614]"
"[0.29801369781212045, 0.28406265542554604, 0.8331146766487595, 0.36998510179969873]",stable,0.2817948546203647,1043,"[0.46921087792656796, 0.42130140920994813, 0.7544942939526722, 0.5283651052590967]"
"[0.5322444801076353, 0.5207073018596817, 0.7707185196473166, 0.5713377565353914]",stable,0.21487482209222658,1044,"[0.5967036476958223, 0.5557416511720502, 0.5742958236737802, 0.524359849411397]"
"[0.6325382132843768, 0.6027454624729224, 0.44154579115946446, 0.5413740782842775]",stable,0.2759172147325928,1045,"[0.5000954482533368, 0.4767320489875474, 0.6466578025263632, 0.516097492448497]"
"[0.5320597155567485, 0.520454570521336, 0.7700055270201848, 0.5710202837532828]",stable,0.16347851718621542,1046,"[0.45993523907166767, 0.38727366574153993, 0.8192462052951159, 0.6079186262393128]"
"[0.5316475756911194, 0.5196935367797373, 0.7702869023246129, 0.5712311314246316]",stable,0.20032368353095822,1047,"[0.41914448969982715, 0.3829384728293827, 0.7492152353321064, 0.4799805360296494]"
"[0.5310083536116235, 0.5189165193709284, 0.7701671769439737, 0.5707126621326146]",stable,0.3508681138012429,1048,"[0.34048513155790927, 0.3006692530571789, 0.9301817238072501, 0.45421025580798685]"
"[0.2983066042517466, 0.28417718368507455, 0.8337841045601974, 0.37056596493079036]",stable,0.1730922474741595,1049,"[0.41782689182904786, 0.37541477878306684, 0.8152768602574529, 0.4542857961665748]"
"[0.29912523635844046, 0.2848020987199923, 0.8336573426129184, 0.3711393884324053]",stable,0.11362015391269767,1050,"[0.37594441279151947, 0.25236676626826887, 0.7620423110451466, 0.3999072519189735]"
"[0.299647815789958, 0.28458145019991254, 0.8331701655274234, 0.3713350881840146]",stable,0.13555383794969705,1051,"[0.27103933000789804, 0.3399751926208555, 0.7129101306315306, 0.3763803663320734]"
"[0.2994545152103495, 0.2849557322432973, 0.8323575977240727, 0.37136917790123125]",stable,0.2717581084202791,1052,"[0.3162694362799059, 0.4893781109154897, 0.9342883303263751, 0.5176269803281562]"
"[0.29956736702960823, 0.286327694516265, 0.8330416966005982, 0.37235077389067367]",stable,0.22941670276735773,1053,"[0.3333535855867746, 0.43214285817181197, 0.6879315333042607, 0.4681186886662908]"
"[0.33323516486054794, 0.48563234307956976, 0.6003986967068922, 0.43337753664726913]",stable,0.09124668192440817,1054,"[0.30607890868461507, 0.4423966860911057, 0.5536778105142123, 0.3739104745803757]"
"[0.332943162105968, 0.4851674435420594, 0.5998963215865407, 0.4327381058723563]",stable,0.1538222978023656,1055,"[0.23126645623678818, 0.5459937282996841, 0.5467575056914552, 0.3502785635946763]"
"[0.33186149502225337, 0.4858145316777788, 0.5993310150344653, 0.4318608766991895]",stable,0.2761917667957838,1056,"[0.11910731674664703, 0.6220471516097825, 0.5050402645778045, 0.37213249720643843]"
"[0.23065194473421233, 0.6152355540817802, 0.3479942664014658, 0.3610719289184533]",stable,0.18321042524232567,1057,"[0.1252253067480326, 0.6242909935664833, 0.4930952810962639, 0.39733456079596163]"
"[0.23015229242148164, 0.6152784708565892, 0.3486819489355643, 0.36124378973303867]",stable,0.11203820175701956,1058,"[0.1779253416287054, 0.6662793081818447, 0.3954843524481191, 0.2902976560723072]"
"[0.2299059388800063, 0.6155190408439726, 0.34890271498986886, 0.3609091381591673]",stable,0.18850581793705884,1059,"[0.13283246195741838, 0.6972146171876603, 0.48822400419615475, 0.3660661386488419]"
"[0.22945019485689555, 0.6159025881507504, 0.3495568055495228, 0.3609333494290719]",stable,0.12095655205751144,1060,"[0.2683994816276298, 0.5679979357750382, 0.45024662884901206, 0.3870129259281714]"
"[0.22963220086984293, 0.615678734634976, 0.35002731874251103, 0.36105521660897427]",stable,0.2974528112873445,1061,"[0.40500175824258294, 0.6589830165776677, 0.46468055889891463, 0.5677024207437018]"
"[0.6286816631989226, 0.6036986413560537, 0.4419379058669128, 0.5418203213768101]",stable,0.06621910432853373,1062,"[0.5918027069720169, 0.6090750930598959, 0.49545020272565204, 0.5533285887383907]"
"[0.6280670139284742, 0.6037882488844509, 0.4428297774812251, 0.5420121258328365]",stable,0.24191333450894034,1063,"[0.48383275965246536, 0.5116042273562253, 0.589626193185472, 0.4544252557098115]"
"[0.33346119254467665, 0.48608600215860454, 0.5992288590150022, 0.4320983964782487]",stable,0.06983609099382795,1064,"[0.28497777244218514, 0.5078898143958823, 0.6344015492668046, 0.46062756072881594]"
"[0.3329561569186091, 0.48631312520274284, 0.5995952412051252, 0.4323955752725255]",stable,0.20560584053868214,1065,"[0.3129226552365416, 0.36940638018870925, 0.7651211929120921, 0.40399851986709356]"
"[0.2996564022843211, 0.2868815524207479, 0.8325888932426748, 0.3725617588638498]",stable,0.23532728208153528,1066,"[0.39159691082458037, 0.45963063978417656, 0.8399833290373052, 0.5030567691731431]"
"[0.5302207183416401, 0.518581570898687, 0.7705616184812242, 0.5703304254492277]",stable,0.17492183313953047,1067,"[0.4237718255247822, 0.43042655721799117, 0.8623780233169254, 0.5149704914449155]"
"[0.5296226908539049, 0.5180863180128403, 0.7710774409803011, 0.5700194145840349]",stable,0.1241384735660226,1068,"[0.5388791958189134, 0.5347006967814917, 0.8900661811438614, 0.5401811862928749]"
"[0.5296744031721451, 0.5181791357713244, 0.7717421825454606, 0.5698527205712351]",stable,0.23877659321433856,1069,"[0.370947270501665, 0.5260094077760483, 0.8844930529084086, 0.43184588416816694]"
"[0.5287925857684201, 0.5182226372824618, 0.7723685762696991, 0.5690860159245514]",stable,0.09733382850745285,1070,"[0.45627206383131746, 0.4916799582064445, 0.8227812970790248, 0.6002098305679557]"
"[0.5283919199013644, 0.5180759926466827, 0.7726470995890876, 0.5692579707015869]",stable,0.17000915883348178,1071,"[0.6011555029772102, 0.6097637113948383, 0.7170958099344764, 0.6793306353995087]"
"[0.5287917198083745, 0.5185797713211231, 0.7723418727228535, 0.5698627655625644]",stable,0.296907472388596,1072,"[0.7150506825720122, 0.6211784166845622, 0.5894878603003291, 0.6673285239650376]"
"[0.6294929757095158, 0.6040733336024856, 0.4452340083471121, 0.5440664930153316]",stable,0.21029831382833178,1073,"[0.7207685516616307, 0.5721052865984724, 0.5808845945628562, 0.6724063249605363]"
"[0.6309651624184208, 0.6035577199411305, 0.4474219210280112, 0.5461364903047704]",stable,0.22984416942817765,1074,"[0.8054785412622925, 0.6517159786554578, 0.4819986128280458, 0.6834633169862077]"
"[0.853849479111368, 0.6802185532203531, 0.4187118202947012, 0.7061403581323384]",stable,0.24698400465087972,1075,"[0.7101510463298959, 0.5504691152092599, 0.39040891072420597, 0.555422450718573]"
"[0.6322220812106665, 0.6027150436755453, 0.44651695261049046, 0.5462838865018148]",stable,0.19381934250066613,1076,"[0.8134518154123664, 0.6330336086782118, 0.42821579298397583, 0.60516998962535]"
"[0.8537340572150851, 0.6800837390930897, 0.41873897450238484, 0.7058518713651756]",stable,0.08037748395722918,1077,"[0.8998073350709256, 0.616755573554313, 0.43253676134666064, 0.7175547565908955]"
"[0.8538653201149593, 0.6799033169690477, 0.41877828443641407, 0.7058852129185252]",stable,0.10354737972336342,1078,"[0.9141315199616569, 0.6305783688239049, 0.36489715116054405, 0.6640054090627378]"
"[0.8540365309099783, 0.6797631892754535, 0.4186252130350621, 0.7057662362030258]",stable,0.18590398720684395,1079,"[1.0, 0.6394056802443414, 0.4975900933753533, 0.7791881490646224]"
"[0.8544500251566922, 0.6796488620544022, 0.4188489095799355, 0.7059742302904524]",stable,0.1285383942472589,1080,"[0.9066326489403014, 0.7813113289113677, 0.38592357486554735, 0.7547569909464872]"
"[0.8545974336984538, 0.6799360441641676, 0.4187559001598384, 0.7061120346990852]",stable,0.1851546253966154,1081,"[1.0, 0.693552566803543, 0.31984193786008597, 0.7624232004840338]"
"[0.855007018392261, 0.6799744005659687, 0.41847726928012074, 0.7062706577012964]",stable,0.08965403503735281,1082,"[0.9171412492285997, 0.6737222543235728, 0.4041618670622425, 0.7689855943875398]"
"[0.8551815527485429, 0.6799568383574226, 0.4184370574761379, 0.7064468232537858]",stable,0.11120548049718533,1083,"[0.7507576005165912, 0.6848932268242924, 0.39920121524453256, 0.6737679074912657]"
"[0.8548890486806662, 0.6799706657760973, 0.41838317556512505, 0.7063552856746191]",stable,0.08499762972175166,1084,"[0.9014333382540275, 0.6131251120874119, 0.4266554169182835, 0.6835196087309579]"
"[0.8550190606627147, 0.6797839463523859, 0.4184062823845473, 0.706291498867514]",stable,0.1423270647220986,1085,"[0.8134528272814702, 0.5760697863263329, 0.34157110322821654, 0.7495230827965024]"
"[0.8549032772828228, 0.6794950489706978, 0.4181922568158667, 0.7064119211068706]",stable,0.136752246663321,1086,"[0.8721877814365402, 0.799998043848243, 0.3874975514626579, 0.7606271050726925]"
"[0.8549512897943609, 0.6798297795120243, 0.4181069937454411, 0.706562518840109]",stable,0.17946612033312645,1087,"[0.7908184559074453, 0.7854044873774689, 0.3116782610490326, 0.7815423419982092]"
"[0.8547736365148958, 0.680122230226333, 0.417812177311379, 0.7067702191812671]",stable,0.08884849714194779,1088,"[0.8575484416756994, 0.7254600460279649, 0.34499473808463904, 0.7297584532043411]"
"[0.8547813017225223, 0.6802474728114204, 0.4176110241643438, 0.7068337225901706]",stable,0.12347981091550478,1089,"[0.8720401809230865, 0.7439351721329932, 0.3965199930612891, 0.809051334353526]"
"[0.854828846844287, 0.6804229210189179, 0.4175529221502857, 0.7071153138071496]",stable,0.1291927751068474,1090,"[0.8937963919389446, 0.7892603753752568, 0.3738019109907123, 0.7446993678839917]"
"[0.854935900539602, 0.6807219250144023, 0.41743272706468254, 0.7072185667029651]",stable,0.12076487419239608,1091,"[0.8541000005692277, 0.7161807045411177, 0.316606440028026, 0.7634341420075221]"
"[0.8549336104026969, 0.6808190723555714, 0.4171564906618424, 0.707372581977772]",stable,0.17593346954829733,1092,"[0.9428187984002802, 0.8260733491941161, 0.40987604650902937, 0.7529463642542112]"
"[0.8551737338671711, 0.6812159419644198, 0.41713659873792763, 0.707497100508582]",stable,0.11425807534744929,1093,"[0.8044620045131273, 0.7296189065484014, 0.3271734656096208, 0.7143539208537549]"
"[0.8550355547681138, 0.6813478301512972, 0.4168914675849895, 0.707515783942765]",stable,0.19846816465873962,1094,"[0.9607699406132575, 0.7547460563268296, 0.36726014924928074, 0.8502017491513439]"
"[0.8553228764687799, 0.6815472818528612, 0.41675659987212077, 0.7079035175438753]",stable,0.20789052488790863,1095,"[0.9462574519136564, 0.719565030171646, 0.488210449930435, 0.876421681109242]"
"[0.8555693116325872, 0.6816503109810964, 0.4169502417421975, 0.7083602063340253]",stable,0.22984963707867045,1096,"[1.0, 0.7771989370522914, 0.4800454898189156, 0.8456922188036464]"
"[0.855959664844391, 0.6819085505110185, 0.4171207694397021, 0.7087313739352946]",stable,0.1859612567329094,1097,"[0.9909892226465234, 0.6719285323369155, 0.40500303308455543, 0.8356256891283533]"
"[0.8563236259166339, 0.6818816501924899, 0.41708810707755894, 0.709073407129885]",stable,0.10158481794883242,1098,"[0.9362241030559865, 0.6403853753198296, 0.4211673100756537, 0.7559435283713986]"
"[0.8565384121455031, 0.6817701010664882, 0.4170990726770161, 0.709199402079459]",stable,0.19721879282492805,1099,"[1.0, 0.5872587052420436, 0.3410943879954432, 0.7692402966377364]"
"[0.8569230276625394, 0.6815167193082456, 0.4168953067663417, 0.7093603696251917]",stable,0.16365375684671038,1100,"[0.986540153370568, 0.5924962361428797, 0.3720190564424535, 0.7159504065828903]"
"[0.8572695975173736, 0.6812786966259854, 0.4167753167922136, 0.7093779900448646]",stable,0.11089755915357072,1101,"[0.802585139727541, 0.7217365229907249, 0.3758356937314383, 0.631950667658423]"
"[0.8571237722966009, 0.681386584162958, 0.41666614446405154, 0.7091715171851675]",stable,0.3026285432859158,1102,"[0.6068042398128768, 0.7249149685513214, 0.35997980457578577, 0.5548468416109219]"
"[0.631824927438826, 0.6046244175017293, 0.4451648096724482, 0.5464176826753947]",stable,0.1637635535249387,1103,"[0.6048349311528434, 0.6119786583254668, 0.30114226607626576, 0.4736614895260118]"
"[0.631409696726734, 0.6047375596682484, 0.44294907823250695, 0.5452983566269426]",stable,0.21865338430029227,1104,"[0.45361009326402846, 0.6375219416235965, 0.36684349473952277, 0.44870783982806517]"
"[0.6287157633409354, 0.605234292728178, 0.4417959633310981, 0.5438348639481718]",stable,0.25275326084515964,1105,"[0.5314294757238108, 0.6648915516360602, 0.22342001952353907, 0.4875094901340979]"
"[0.6272637291973963, 0.6061246995775493, 0.43853662088620915, 0.5429941867270661]",stable,0.15150869071999698,1106,"[0.700542309035923, 0.5884289251223869, 0.30988994453167873, 0.5698647157486744]"
"[0.6283413553714923, 0.6058644676002675, 0.4366447579986425, 0.5433893415656191]",stable,0.23103401028661286,1107,"[0.7622005016847384, 0.682921229616068, 0.3463761771227843, 0.6895819596819338]"
"[0.8568713167896543, 0.6813906656668227, 0.4164792030615481, 0.7091194172981908]",stable,0.12922671007933256,1108,"[0.7284158946553643, 0.6738913026454354, 0.40456881893997204, 0.7099252873740564]"
"[0.856530586226964, 0.6813707734572169, 0.41644761053072166, 0.7091215548845989]",stable,0.24976726327509408,1109,"[0.6525451190461047, 0.6691414925400826, 0.3118845400175665, 0.6106805880260421]"
"[0.6286921345551824, 0.6067815259327286, 0.4348366388974675, 0.5443645770215674]",stable,0.24692858511606422,1110,"[0.4379402828495883, 0.6637788518258532, 0.31012933479198257, 0.4682932265531849]"
"[0.23060107566974872, 0.6159024561102823, 0.3498417467241365, 0.36155399805057525]",stable,0.3006063600282289,1111,"[0.5169834829557413, 0.5468189350449418, 0.3079120413501358, 0.40419983502167045]"
"[0.6270962966751904, 0.6059249174914745, 0.43302343036107704, 0.542362223564426]",stable,0.347838658480537,1112,"[0.31324270500041307, 0.7004461273045341, 0.43764892337848, 0.42603509415686547]"
"[0.23098367580553883, 0.6162938619954409, 0.35024826143086957, 0.3618525216436599]",stable,0.0962712139611619,1113,"[0.29759574756539886, 0.5752473216646226, 0.3461152363119605, 0.4177906853930362]"
"[0.2312906438781649, 0.6161047074317044, 0.3502292152321649, 0.3621103012001086]",stable,0.1681493191327147,1114,"[0.2741185180693931, 0.5906577679341435, 0.5032956292344415, 0.4107219550677461]"
"[0.3323495833222254, 0.48738884316904596, 0.5986024617002729, 0.432172135888971]",stable,0.24074246595853974,1115,"[0.32504117294099394, 0.6027096347540475, 0.38810061612579877, 0.4150370814260558]"
"[0.23172069217661823, 0.6160432621441921, 0.35040293725461275, 0.3623530845956404]",stable,0.10326110449782495,1116,"[0.19289932283504876, 0.7060485943762508, 0.35983336266956073, 0.3934314409042682]"
"[0.2315434256499444, 0.6164542453963934, 0.35044599855787734, 0.3624949948984196]",stable,0.18526144630802516,1117,"[0.2265825400492989, 0.7481642389098037, 0.47491681932443, 0.4006615442393902]"
"[0.23152087616994146, 0.6170529271850906, 0.35101177501590713, 0.36266847921360573]",stable,0.13387340309203855,1118,"[0.13779722947460366, 0.6098223113033366, 0.4382887723089815, 0.4009883179795262]"
"[0.23109678727086752, 0.6170202094661686, 0.3514066935556948, 0.36284187214919816]",stable,0.09725210607866985,1119,"[0.252927212344009, 0.6078369989046528, 0.4002377203256579, 0.44354257937185404]"
"[0.23119512251894475, 0.6169788436528284, 0.3516266531357397, 0.3632053888483993]",stable,0.12746778922793875,1120,"[0.22321611962220986, 0.6229803141261577, 0.4060285312054217, 0.24836292798099485]"
"[0.2311593422368966, 0.6170057560764757, 0.35187060774591766, 0.3626904002346441]",stable,0.18344074469260344,1121,"[0.08939593347958782, 0.7179149088887372, 0.361382051518468, 0.30541459323938336]"
"[0.2305264698763729, 0.6174562433658161, 0.3519130695484737, 0.36243470466770095]",stable,0.07652351354639117,1122,"[0.2595415171817864, 0.5750945037438692, 0.3668752542501331, 0.3077027103635909]"
"[0.23065542564217476, 0.6172679689674962, 0.3519795681471477, 0.36219145135968267]",stable,0.09629681040902074,1123,"[0.21221872386305346, 0.6510883404896045, 0.2874188464370372, 0.42236835228383185]"
"[0.23057384731571845, 0.6174176166290984, 0.35169390123692595, 0.3624577208327983]",stable,0.135835363973267,1124,"[0.18851355788262175, 0.5535413812222238, 0.2759971397689988, 0.2795601634980533]"
"[0.23038855969707045, 0.6171362235215792, 0.35136043532737565, 0.36209253335555275]",stable,0.17002862328512006,1125,"[0.12796578521599142, 0.5065485079961948, 0.41272003951830616, 0.31285165448199587]"
"[0.23038855969707045, 0.6171362235215792, 0.35136043532737565, 0.36209253335555275]",stable,0.1009162364901158,1126,"[0.21795283765441562, 0.5724534981392205, 0.3307254223930533, 0.4493111661022995]"
"[0.2303340170565325, 0.6169402466558671, 0.3512699308846813, 0.36247507121847705]",stable,0.09492732036131292,1127,"[0.14706099128881342, 0.6154338530776977, 0.3585301133580929, 0.407439722438169]"
"[0.22997037938942452, 0.6169336685179712, 0.35130163473827697, 0.36267142340720937]",stable,0.11703586098899219,1128,"[0.1524382398485042, 0.6652638442460196, 0.3228727234851034, 0.29527593976997224]"
"[0.22963328313055098, 0.6171437997167888, 0.35117803077630666, 0.3623783995653083]",stable,0.17189880703833674,1129,"[0.12091832322748755, 0.5394585487758844, 0.2539211097640103, 0.31508833236367184]"
"[0.22916265559850307, 0.6168074999291658, 0.3507570051442188, 0.36217368065967354]",stable,0.1612994886188489,1130,"[0.11382173759392437, 0.6722522916043434, 0.3124318935214628, 0.2717797729127315]"
"[0.228665496469173, 0.6170464861001794, 0.350591810697569, 0.3617840517469712]",stable,0.19117506641560875,1131,"[0.2175020433380423, 0.568570739495514, 0.32402960472225395, 0.1791154049078197]"
"[0.22861758465315957, 0.6168384356855672, 0.35047780981355475, 0.36100006613821944]",stable,0.07674765789852382,1132,"[0.17127543776612758, 0.6391394447244971, 0.3153595145527548, 0.33147970846566177]"
"[0.22837253274338593, 0.6169337391429985, 0.35032773162867953, 0.3608739107635504]",stable,0.08122050100897141,1133,"[0.20410999419962644, 0.6088781367308541, 0.2841584108551089, 0.3213160131234751]"
"[0.22826928789851886, 0.6168994599837979, 0.3500461600509197, 0.36070557928423097]",stable,0.2119205510669996,1134,"[0.21747709730407047, 0.7121417594189794, 0.5386060062024081, 0.34774651279238183]"
"[0.22822355827735594, 0.6173030290492012, 0.3508451424498667, 0.3606506679855367]",stable,0.2257898609090293,1135,"[0.438276873002391, 0.6369493138536744, 0.4290672336913702, 0.3794654015082737]"
"[0.22910985918336876, 0.6173859247656758, 0.3511751934677633, 0.36073005504681405]",stable,0.19994911204614388,1136,"[0.3208800810390117, 0.6396916608776403, 0.48924292462460084, 0.47026374638566243]"
"[0.33223254758464166, 0.4889429535538275, 0.5974865480566435, 0.43256082579199845]",stable,0.26089627239679497,1137,"[0.28320391035931836, 0.631889380824699, 0.39699252476319347, 0.3616275949585645]"
"[0.22933714511267947, 0.6174468636566801, 0.3513677032631223, 0.36073382622291383]",stable,0.07741685587641739,1138,"[0.2851375946736312, 0.637029804876119, 0.34666144831975254, 0.41047353852796914]"
"[0.2295706197970349, 0.61752880064923, 0.3513480118198446, 0.360941942173981]",stable,0.08199595612395291,1139,"[0.17750693170674287, 0.5685132757403807, 0.37526756103630166, 0.32872327233319687]"
"[0.22935368776332538, 0.6173245692954431, 0.35144767660824644, 0.36080769771631105]",stable,0.1158103349220536,1140,"[0.26438221295207276, 0.6091253290133773, 0.43882594625239113, 0.42776176070468847]"
"[0.22949903434087202, 0.6172905475515341, 0.35181024204245454, 0.3610855154050595]",stable,0.050939945199312844,1141,"[0.2535820953577202, 0.6335296618689952, 0.35051303458953303, 0.40291245179748825]"
"[0.2295985511219334, 0.6173576513297055, 0.3518048816810789, 0.3612583539851935]",stable,0.07509890300793855,1142,"[0.2267266010875291, 0.5551793389468305, 0.38838795599757525, 0.38192555695915575]"
"[0.22958673239751196, 0.6171017735009694, 0.3519554293120109, 0.3613434042031934]",stable,0.12144858233720639,1143,"[0.1520415866888314, 0.6894124528375156, 0.35380844702284686, 0.42054003001908946]"
"[0.22926892442329605, 0.6173981287441519, 0.35196302364689136, 0.36158601332538964]",stable,0.06081944880261231,1144,"[0.27779536072828437, 0.6234928804702432, 0.3343428116356755, 0.3300174773715542]"
"[0.2294669915102552, 0.6174230052818095, 0.3518911044141926, 0.36145716215823115]",stable,0.04501566936027561,1145,"[0.22254496349230632, 0.6101164151447658, 0.35271133573337216, 0.40532556738596515]"
"[0.22943885318497897, 0.6173933036958865, 0.35189443868784775, 0.36163548900875037]",stable,0.07923324961792906,1146,"[0.2733896886787045, 0.5925801123397368, 0.3446350019407594, 0.42228067032811534]"
"[0.22961679179021674, 0.6172928454312867, 0.35186504825567333, 0.3618810160586263]",stable,0.17383496086223546,1147,"[0.14417830021799968, 0.661762135148165, 0.2348590955014887, 0.2767285230358088]"
"[0.22927228174355457, 0.6174721570833709, 0.3513932500590839, 0.36153765923192144]",stable,0.051782362320153597,1148,"[0.27938430319545404, 0.6180447916558086, 0.3383729281914011, 0.36212217746809555]"
"[0.22947353484175498, 0.6174744568206096, 0.3513409596098161, 0.3615400066947173]",stable,0.24913376143058988,1149,"[0.4535128673223473, 0.6214860848441397, 0.4202921446846958, 0.4458231574638669]"
"[0.6246514596420518, 0.6061440888626388, 0.43284411647831106, 0.5410025184080801]",stable,0.1237097467988095,1150,"[0.5604364655112003, 0.6607276156595663, 0.35777480651630283, 0.5916559811331229]"
"[0.6237595847235677, 0.6069021934014851, 0.4318014871732832, 0.5417060387237057]",stable,0.11774720994408984,1151,"[0.669419982384103, 0.714116048782341, 0.43276928445301405, 0.5248600861564684]"
"[0.6243850696230272, 0.6083708763519078, 0.4318147446702658, 0.5414752722501819]",stable,0.14253400760453663,1152,"[0.7467460536823081, 0.5459436665249748, 0.39786799059874256, 0.5586273643991335]"
"[0.6260385964346391, 0.6075272654083006, 0.4313560047503804, 0.5417070572792217]",stable,0.08779618279537912,1153,"[0.5986012909672549, 0.6126689224941423, 0.509172393132528, 0.5121513971834052]"
"[0.6256727656950739, 0.6075958208361119, 0.4323935565954757, 0.5413129818112775]",stable,0.29471947587280306,1154,"[0.5390470594774114, 0.42626882404952, 0.6451988210394439, 0.5068166611042946]"
"[0.5288477599158555, 0.5180753399152673, 0.7716471019486273, 0.569518251330552]",stable,0.16000187017332346,1155,"[0.5265585983362555, 0.4172039526496719, 0.679130618197797, 0.48668696700077624]"
"[0.5288353188203142, 0.5175271258540413, 0.7711442949717207, 0.5690680813070206]",stable,0.34152331196148944,1156,"[0.3734834873961601, 0.31101279894271683, 0.7206633498938464, 0.35156523523204775]"
"[0.300145323377777, 0.2870413620003636, 0.8318476644787752, 0.37242270903847363]",stable,0.26342289852301176,1157,"[0.4990215767582192, 0.4317640383573576, 0.7888569951308969, 0.4563691717674848]"
"[0.5286741634578164, 0.5170635415973024, 0.7712400392969053, 0.5684588980122123]",stable,0.11636573957679507,1158,"[0.5181971308662983, 0.44178514692013193, 0.7836836239087881, 0.4812262342206839]"
"[0.5286178353256039, 0.5166588190452746, 0.7713069402894422, 0.5679899051961288]",stable,0.1435346011497163,1159,"[0.508570588237778, 0.4482923683533359, 0.8649432515670957, 0.485779448187857]"
"[0.5285106307957225, 0.5162932230522695, 0.7718076692267559, 0.5675502770837851]",stable,0.1827006797507171,1160,"[0.39299325099711135, 0.4690219170049476, 0.883176758664193, 0.5481356512478426]"
"[0.527789793669134, 0.5160417799349966, 0.7724000580003594, 0.5674470077974239]",stable,0.21586881955741247,1161,"[0.3522045376051089, 0.4609887051300715, 0.7943447009565934, 0.45673677019453474]"
"[0.3324342848575757, 0.488660587408133, 0.599475014247552, 0.43280502725060993]",stable,0.06451068931677692,1162,"[0.31168490829497497, 0.5493512102846986, 0.5931531245488341, 0.4355932908466228]"
"[0.3322267910919497, 0.48926749363689864, 0.5994117953505649, 0.4328329098865701]",stable,0.144276525518443,1163,"[0.26619274284189653, 0.4620309816425314, 0.47842373007725675, 0.4656243838270017]"
"[0.3315729886340284, 0.4889978252013109, 0.5982138937141955, 0.43315757794538623]",stable,0.28950427368631926,1164,"[0.2910955928955594, 0.6667170473409885, 0.4105662109575953, 0.30914737612706455]"
"[0.2297200230739702, 0.6176714271826912, 0.35157786061520724, 0.3613304361724467]",stable,0.17078343739486354,1165,"[0.30223171205290594, 0.5764720687076055, 0.46255156565483047, 0.2618493470104987]"
"[0.23000891426512135, 0.6175072863122726, 0.3520199869301061, 0.36093409717180147]",stable,0.2808578919976235,1166,"[0.3724849771202475, 0.5887770560299594, 0.5581179713674254, 0.4845460775355618]"
"[0.3319740865603638, 0.48997605295453295, 0.597820796436286, 0.43366138676489774]",stable,0.2376753621084686,1167,"[0.2856585988759602, 0.65276613343207, 0.7359782121740761, 0.5272368724901665]"
"[0.33152442163138907, 0.49155653917276143, 0.5991621305696626, 0.4345698866263081]",stable,0.41221628777205593,1168,"[0.6666236878686789, 0.5780781173897909, 0.4622059529769883, 0.6117358302888605]"
"[0.6262115936184108, 0.6072074300012918, 0.4327858249689166, 0.5422395982386141]",stable,0.12157562504799566,1169,"[0.7339147275893949, 0.6129848480084544, 0.4730827637071648, 0.5812709408767488]"
"[0.627610335618034, 0.6072824614039822, 0.43330916183564705, 0.5427464987923561]",stable,0.22703851754379809,1170,"[0.785072660245276, 0.6307870304229304, 0.5706476967315153, 0.6284072648370307]"
"[0.8563415440947372, 0.6812369540312002, 0.4168555472667026, 0.7089080250167483]",stable,0.13907300653304727,1171,"[0.8121008644016346, 0.6043305749755106, 0.4821157519304989, 0.6239929029582167]"
"[0.8562248140691618, 0.6810340348252486, 0.4170277377803274, 0.708683974562768]",stable,0.15610352250982282,1172,"[0.7453480663594316, 0.7465943464146316, 0.4717382001678597, 0.6395228047712367]"
"[0.8559330331541363, 0.68120656196101, 0.41717171268134723, 0.7085019714843692]",stable,0.09847289623522261,1173,"[0.8725993947398234, 0.6413309041732084, 0.47735675294227276, 0.6436418409785727]"
"[0.8559767768853322, 0.681101901441882, 0.4173296786662841, 0.7083317349213618]",stable,0.20322391369397413,1174,"[0.7355466919636169, 0.5943103433076236, 0.475919322649388, 0.5825103027350882]"
"[0.628994135058362, 0.6071161521976186, 0.4338554459486437, 0.5432562911505963]",stable,0.23676965220074694,1175,"[0.5531650510654478, 0.44618558913704687, 0.5712574892229804, 0.4688798795599387]"
"[0.33365558152979347, 0.4911202800378026, 0.5988938167105599, 0.43489979040451604]",stable,0.1943966150061388,1176,"[0.46196729550582516, 0.514700278383978, 0.7074590325157797, 0.5296823076613308]"
"[0.5274415264830848, 0.5160346820431922, 0.7720564546909171, 0.5672471945691906]",stable,0.1858057882293493,1177,"[0.4879828164109621, 0.3750447364519861, 0.8190690082958357, 0.4629473566752258]"
"[0.5272338490616526, 0.5152926296979753, 0.7723038891835746, 0.5666982480539592]",stable,0.351116152230535,1178,"[0.3761479213883379, 0.22904054775870322, 0.907602635347711, 0.552221035334827]"
"[0.3006453404699517, 0.28665977769614215, 0.8323460524450182, 0.3736055927641075]",stable,0.3513461023799013,1179,"[0.5768269819477101, 0.43691750425064646, 0.7714190476864483, 0.5180988461360904]"
"[0.5274934989720508, 0.5148822887270468, 0.7722992565055791, 0.5664438009234991]",stable,0.10031868109324807,1180,"[0.5967873623148594, 0.4836197799897876, 0.7552077350941091, 0.6296318830483035]"
"[0.5278544045102945, 0.5147194631607069, 0.7722102381648943, 0.5667729055178992]",stable,0.16547326904202828,1181,"[0.625857701458454, 0.6385332349468632, 0.7227843792332037, 0.5687706391579495]"
"[0.5283621936136529, 0.515360985294314, 0.7719541456315694, 0.566783256469402]",stable,0.21841439329839105,1182,"[0.4839054230488882, 0.5270040206548731, 0.5605689183943452, 0.5366308405742208]"
"[0.3350865324014039, 0.49146202994844135, 0.5985288176789768, 0.4358686575489894]",stable,0.038185311823501183,1183,"[0.30929386270828285, 0.4914371293899753, 0.573263882953971, 0.44830001638312167]"
"[0.3348432053288273, 0.4914617950375124, 0.598290469238175, 0.4359859345191227]",stable,0.13611085995885241,1184,"[0.23836138372095822, 0.42012904469791273, 0.6618795134891053, 0.44523236508487224]"
"[0.333941506061464, 0.49079513381938533, 0.5988847593713613, 0.4360723497580549]",stable,0.19850616146299407,1185,"[0.3253626251279784, 0.366719537480428, 0.7440790307005746, 0.3826404406866744]"
"[0.30080689135006955, 0.287183044099961, 0.8317691438061657, 0.37366464405771904]",stable,0.10080653522319782,1186,"[0.2452202881586229, 0.2109592679838515, 0.8428820619839146, 0.40740669635923676]"
"[0.30044593938129394, 0.28668808451479144, 0.8318413056125147, 0.3738837482934432]",stable,0.20193915954268757,1187,"[0.10450614994348668, 0.3080510857191522, 0.8251108814067825, 0.3304631697456145]"
"[0.29918181170750163, 0.2868259103290131, 0.8317978835208648, 0.3736036155286185]",stable,0.14381007358346312,1188,"[0.1585350070596743, 0.3018568375889327, 0.8082401216127535, 0.38450850828484107]"
"[0.2982802296264258, 0.28692226242683316, 0.831646872226582, 0.3736735186873122]",stable,0.10533807286330313,1189,"[0.21923567360697122, 0.27422506775984945, 0.8394743109338483, 0.3056619004951638]"
"[0.2977767611167478, 0.2868413885754511, 0.8316967285240805, 0.37324032366698007]",stable,0.1239290162269356,1190,"[0.19495577267161673, 0.2847253305331556, 0.8967468846107954, 0.349783024385137]"
"[0.29712599536709505, 0.28682799580303153, 0.8321084383727305, 0.3730918597474747]",stable,0.1933689264109326,1191,"[0.4770264966932898, 0.2959336316300962, 0.7684138685119631, 0.3433019203326795]"
"[0.29825744506097046, 0.2868852639528873, 0.8317078435937321, 0.3729045016379477]",stable,0.25158681004935074,1192,"[0.4470381042555936, 0.4788146053035583, 0.7752915857687586, 0.4066768604857573]"
"[0.5279429972767558, 0.5151726018922997, 0.7719713489312457, 0.5659579657684554]",stable,0.20499502183746826,1193,"[0.6368751474025786, 0.5729871229035389, 0.6095142151952879, 0.545417602927274]"
"[0.6290938947082888, 0.6066841391685797, 0.4360789746732848, 0.5432836495275162]",stable,0.10941548700116721,1194,"[0.7291423682198349, 0.6138819238423384, 0.455044590454194, 0.582660661318067]"
"[0.6303445006271831, 0.6067741114770017, 0.4363160448705462, 0.543775862174898]",stable,0.051594327748022986,1195,"[0.5999019288395373, 0.6155912582276751, 0.4761632070471484, 0.5354280439944928]"
"[0.6299686664075825, 0.6068829651405901, 0.43680798514433145, 0.5436728026911893]",stable,0.25001285617131,1196,"[0.40702365787950645, 0.5281958327887986, 0.4939953910303505, 0.4858810452024991]"
"[0.33461819265237175, 0.4911414365876206, 0.597913561516352, 0.4365335413825405]",stable,0.23267421891335735,1197,"[0.38535206558915414, 0.6714616574596055, 0.46018944044785987, 0.4275864354613358]"
"[0.230625355341804, 0.6177213909596826, 0.35244923079327184, 0.3611985905777123]",stable,0.2533945100116002,1198,"[0.40444667750747454, 0.5698556989723795, 0.47732048417845313, 0.4881275914923481]"
"[0.3352588209537947, 0.4918635857838111, 0.5968072030086647, 0.4370068812918048]",stable,0.23925694765489056,1199,"[0.34420123022207927, 0.6142845138998502, 0.3919225197787774, 0.4228894008292772]"
"[0.23107427184330706, 0.617707806465375, 0.3526052516983529, 0.36144242777238256]",stable,0.09886299609907657,1200,"[0.320597805529455, 0.5892681354798542, 0.3732467006575088, 0.3843453667351675]"
"[0.23142672670033912, 0.6175958392567705, 0.35268651724543615, 0.3615325968234171]",stable,0.14548110895792127,1201,"[0.2645822882522862, 0.6629561226025996, 0.4214050291059821, 0.47679608898055986]"
"[0.23155674851034677, 0.6177737227208718, 0.3529560016056736, 0.361984610518151]",stable,0.20486218025066372,1202,"[0.41417060083372076, 0.6108979399924596, 0.40927844426110616, 0.43547746664627796]"
"[0.23227008387098494, 0.617746864194589, 0.35317601114729635, 0.3622716919874015]",stable,0.09363806244986107,1203,"[0.3074732372599374, 0.6673659511383446, 0.33401931773547366, 0.3791103311282353]"
"[0.2325627031448719, 0.6179399345718021, 0.35310147148421533, 0.36233721198405844]",stable,0.11898308267762608,1204,"[0.32869602317632457, 0.6462588479219851, 0.37278581966424074, 0.30129686199658323]"
"[0.2329353129124357, 0.6180496978018416, 0.3531777674073937, 0.362100621480231]",stable,0.1635316468010113,1205,"[0.3302048070681488, 0.6080800521292572, 0.22210155736348064, 0.3611634246868615]"
"[0.2333108708049288, 0.6180112049614068, 0.35267168165432844, 0.36209700295979325]",stable,0.3822320148027036,1206,"[0.5717029542585457, 0.7664920511378208, 0.33015125372207116, 0.45716739604059775]"
"[0.6292581089423503, 0.6088294174088491, 0.4355072932977185, 0.5426178587076456]",stable,0.2140311849357764,1207,"[0.6109021335435191, 0.6161886496354547, 0.25777463305990406, 0.6602161132780027]"
"[0.629036952612244, 0.6089180828573625, 0.43336593594545564, 0.5440347051482523]",stable,0.2195476274649554,1208,"[0.686117642052412, 0.6899474050562133, 0.2420511034486814, 0.501893995267521]"
"[0.6297164846293888, 0.609882717645444, 0.43108837841573217, 0.5435330300306246]",stable,0.2805078104999056,1209,"[0.78022588024735, 0.5973454758528136, 0.20491085879633872, 0.612221462602776]"
"[0.8557784761087931, 0.6808826437832719, 0.41677360845720046, 0.7080801373498472]",stable,0.19382269684349476,1210,"[0.7401466664646111, 0.758743749506742, 0.37813831355913174, 0.5790782590156353]"
"[0.8554765653786517, 0.6810859364875107, 0.41667273301360236, 0.7077433178241704]",stable,0.2780711304508491,1211,"[0.6597819612797288, 0.6048433295029657, 0.2764758696270879, 0.5912998556051082]"
"[0.6300701961193927, 0.6098234307261207, 0.429269407724101, 0.544094992684442]",stable,0.16849653063041445,1212,"[0.5650524858054777, 0.5916181749330872, 0.3881318793389775, 0.3952996614408327]"
"[0.6293141762320217, 0.6096117417052714, 0.4287910643707856, 0.5423648144141674]",stable,0.20561342116851947,1213,"[0.6023638126405927, 0.61005293947825, 0.25437539192661973, 0.4368682011164539]"
"[0.6290044019378673, 0.6096168129440414, 0.42678628652659983, 0.541152209663619]",stable,0.18324370722537248,1214,"[0.6405088901882362, 0.6942259106891391, 0.34222109937549977, 0.6794848980950056]"
"[0.6291351347588943, 0.610578279963872, 0.42582531849079186, 0.5427241720321575]",stable,0.21186096200772989,1215,"[0.5446398825531372, 0.61964205698987, 0.23397645387297303, 0.57200694287788]"
"[0.6281857499026497, 0.6106801201551754, 0.4236697132703669, 0.5430531919293005]",stable,0.29703037954605854,1216,"[0.3629162447422314, 0.6818406426127597, 0.3150756346061656, 0.5113886671758908]"
"[0.23380935301237996, 0.6182567027985275, 0.35252708147337397, 0.36267120166831673]",stable,0.1578189072341285,1217,"[0.38939729756741676, 0.6107616956118077, 0.3556020933597333, 0.38784198153074895]"
"[0.23440547540531115, 0.6182279862958964, 0.35253886312811095, 0.36276764143790463]",stable,0.07354233882927363,1218,"[0.2454124134213091, 0.6510394036677989, 0.3083179605941671, 0.315278215403029]"
"[0.23444748661911266, 0.6183532207133464, 0.3523700810573707, 0.36258638408662647]",stable,0.07273084576595078,1219,"[0.265599967867527, 0.6315560328924839, 0.2957149538082622, 0.3320056524922474]"
"[0.23456593711815607, 0.6184034215201112, 0.3521546623225832, 0.3624701075406402]",stable,0.08382218282413474,1220,"[0.1574086793813798, 0.5874403288810451, 0.3627800765598052, 0.36132845152615745]"
"[0.23427367477824407, 0.6182861370782966, 0.3521949101037848, 0.3624657830860399]",stable,0.20894068702543048,1221,"[0.0817529625286391, 0.6158073654820186, 0.21050324483996113, 0.3448314212980383]"
"[0.23369812492069839, 0.6182767832232163, 0.3516602245744873, 0.36239923832457577]",stable,0.09613679988577428,1222,"[0.16823118438659276, 0.6703749585697463, 0.31273313540406356, 0.33543953054312187]"
"[0.233452008602901, 0.6184726410252709, 0.351513882133997, 0.3622978860396831]",stable,0.28630115245412796,1223,"[0.3760021683734114, 0.7981557613672505, 0.23970693219836742, 0.49214773800812045]"
"[0.23398590433237856, 0.6191456115134432, 0.35109512951251526, 0.36278421507327274]",stable,0.3601155279883368,1224,"[0.5471587916998455, 0.6367130687360443, 0.2720537971707734, 0.5210554643405254]"
"[0.6272854503670631, 0.6109693751394072, 0.4219850919803714, 0.5428087727338696]",stable,0.24646005863793707,1225,"[0.5674473974526189, 0.5666199852797976, 0.29499848844210386, 0.740468839687513]"
"[0.6266278893460252, 0.610482019206884, 0.4205896347986322, 0.5449808613817119]",stable,0.1108636427560363,1226,"[0.6145627470689232, 0.6322795337858568, 0.319143513110635, 0.5821121471070252]"
"[0.6264967464951872, 0.6107189487131772, 0.41948695956289306, 0.5453844623135088]",stable,0.25580782190731255,1227,"[0.3883416645660259, 0.6550399323886067, 0.33731047133808284, 0.5469573225608853]"
"[0.23456185866160859, 0.6192795455465595, 0.3510436942208196, 0.36347142816091305]",stable,0.25057096553562525,1228,"[0.43224849033579443, 0.6641942597902712, 0.2701816873569309, 0.48655598737578937]"
"[0.23529675320314833, 0.6194465147444915, 0.35074309196482, 0.36392899157806874]",stable,0.21843520926814783,1229,"[0.33896192048335283, 0.6249887597699502, 0.16885282802272727, 0.425999025764787]"
"[0.23568069826714907, 0.6194670415779192, 0.35006942432059, 0.3641588805935751]",stable,0.10879574890922597,1230,"[0.2776270106446129, 0.5718637024768638, 0.2633142228647074, 0.3810253854309953]"
"[0.23583548170765634, 0.6192913835000555, 0.34974929442591884, 0.36422111861880546]",stable,0.21106442257096908,1231,"[0.15334380810722248, 0.6350115980308058, 0.15746747620027385, 0.387109794787673]"
"[0.23553220349589002, 0.6193491784064187, 0.34904237597655985, 0.36430526816354397]",stable,0.17679545460366133,1232,"[0.3401119168513562, 0.7279796143832078, 0.25947150593998697, 0.3420296325185642]"
"[0.23591527936898696, 0.6197470920913153, 0.34871427755151746, 0.36422367242858067]",stable,0.370449140868017,1233,"[0.5912483736920496, 0.6032661845666372, 0.2760922734100749, 0.4378808665802223]"
"[0.6261177317338631, 0.6106388114642897, 0.4179450812171638, 0.5442285096712154]",stable,0.1257875279129082,1234,"[0.7196971555872688, 0.6590154563177927, 0.37655716233070696, 0.5991114215169933]"
"[0.6271132575195376, 0.6111534566223057, 0.4175047842077334, 0.5448123704355321]",stable,0.22225417881291684,1235,"[0.7228121506218369, 0.7161549821138874, 0.40646193140443543, 0.7153743149167209]"
"[0.8551310851318892, 0.6811772621271627, 0.41664614238441183, 0.7077631902124324]",stable,0.10012869592838325,1236,"[0.7760552870100368, 0.7039438648225337, 0.36231911580380416, 0.7251709437817977]"
"[0.8549256934484558, 0.6812363961601376, 0.4165050332244622, 0.7078084051567683]",stable,0.12907825576407553,1237,"[0.8072273942887549, 0.7876977259186895, 0.3649205599848992, 0.6880322641023193]"
"[0.8548021227252441, 0.6815122027139163, 0.4163713946927535, 0.7077571716307206]",stable,0.29546670200711544,1238,"[0.6291373068249285, 0.608769518717896, 0.46708091431889376, 0.538899215336149]"
"[0.6271345633016996, 0.6111283625391014, 0.41802663820890346, 0.5447501266976439]",stable,0.17191152311085267,1239,"[0.5848365176363666, 0.4825974561401587, 0.5233324961803483, 0.5323030592377659]"
"[0.6266939586593524, 0.609789498930779, 0.4191235742294393, 0.5446204697449368]",stable,0.3372921298329208,1240,"[0.517678978027706, 0.39806519504934934, 0.646902295423052, 0.4727081052834888]"
"[0.5278903612806067, 0.514572051087977, 0.7713299691696652, 0.565479761355712]",stable,0.300060183773276,1241,"[0.41907567427032794, 0.3211458031321529, 0.7184259447235919, 0.3705876666570081]"
"[0.29901255899352897, 0.2870993923227577, 0.8309998317257937, 0.3728900214193168]",stable,0.13583387847531064,1242,"[0.3841508418666786, 0.24566712281674255, 0.7571955067010111, 0.4364400330815832]"
"[0.2995413682039212, 0.2868420490339005, 0.8305414197691181, 0.3732847419886477]",stable,0.12619478421174832,1243,"[0.26062224693868447, 0.4031474080126927, 0.8602390989166806, 0.37452445496116316]"
"[0.2993011267146296, 0.2875599833485844, 0.8307247387762018, 0.37329239453786073]",stable,0.11353514753234026,1244,"[0.3517717495163252, 0.34479944678019325, 0.7479228744328966, 0.37542747189637715]"
"[0.2996230323759897, 0.2879111457009256, 0.8302167518783902, 0.37330549317196204]",stable,0.13811838238333704,1245,"[0.27574933344734576, 0.30672687731800374, 0.9646805021944862, 0.3818026777821044]"
"[0.29947746104105893, 0.2880258757717614, 0.8310366527949516, 0.3733573052732434]",stable,0.13552020135538967,1246,"[0.2699927795611475, 0.3890821312109187, 0.895367650855328, 0.4294423697610834]"
"[0.29929876600178673, 0.2886383379259381, 0.8314265376316812, 0.37369721475498785]",stable,0.3115401161792728,1247,"[0.4459714625655833, 0.46936176324290974, 0.83490706542547, 0.5807510568822879]"
"[0.5274724077157341, 0.5143413863540736, 0.7716543421097459, 0.5655576761288068]",stable,0.15614420445940275,1248,"[0.5960272934109537, 0.6205220151196713, 0.6812114506067817, 0.5504912337783215]"
"[0.5278204020593646, 0.5148803743173507, 0.7711952411376496, 0.5654811967260125]",stable,0.2033706868766946,1249,"[0.6447622396046672, 0.5493453342671605, 0.6251929313508807, 0.6374515724705716]"
"[0.5284110174005026, 0.5150544397716427, 0.7704578557346862, 0.5658446834721971]",stable,0.36720816888434027,1250,"[0.8392721782958046, 0.6405913400681904, 0.6380202107320885, 0.6359013376337819]"
"[0.8547619936698708, 0.681406464050749, 0.41694413065151154, 0.7075714976410644]",stable,0.16456818449764754,1251,"[0.8168353031430894, 0.5905196017653271, 0.5366323031606529, 0.6522671296411471]"
"[0.8546642444674822, 0.6811722195603226, 0.4172526053229268, 0.7074289606101367]",stable,0.16245743606667043,1252,"[0.8337243134212112, 0.6332901467930674, 0.5362643467646709, 0.8048838236373271]"
"[0.854610414310551, 0.6810491293989672, 0.4175585481029827, 0.7076794872503095]",stable,0.09769657612154513,1253,"[0.9219713957130078, 0.6970901702794341, 0.4687338197133866, 0.7538411136670997]"
"[0.8547831347756855, 0.6810902602730197, 0.41768976674813757, 0.7077978503949679]",stable,0.17962793309028505,1254,"[1.0, 0.6589536039556255, 0.5208925398835205, 0.7139144233703727]"
"[0.8551545334079727, 0.6810336447837169, 0.4179537124594813, 0.7078134938041122]",stable,0.16418005452304393,1255,"[0.9892794015906603, 0.7529692294495026, 0.4538914059768643, 0.7578071322154997]"
"[0.8554966886839489, 0.6812171539282724, 0.41804539024906645, 0.707941028595978]",stable,0.07377778586625985,1256,"[0.8181422720854438, 0.6888437180017163, 0.4309356464932206, 0.7697753723080828]"
"[0.8554016392778457, 0.6812365599437263, 0.4180781898832755, 0.7080983678929552]",stable,0.1556612844687361,1257,"[0.977583197666053, 0.753665512523696, 0.4074863142647754, 0.7708993334216525]"
"[0.8557117447559883, 0.6814203897726095, 0.4180513069502337, 0.7082577612064799]",stable,0.13466524272564734,1258,"[0.8910957944201718, 0.7194986572533473, 0.3471272649354472, 0.8102505179967064]"
"[0.8558013246285558, 0.681516790449776, 0.41787175241348734, 0.7085159707173411]",stable,0.09615444911955288,1259,"[0.9028580605972969, 0.7014078789146349, 0.43713134661019537, 0.7876661717058046]"
"[0.855920154769891, 0.6815670204711518, 0.4179203877523679, 0.7087158449622614]",stable,0.12941442781637857,1260,"[0.8700652055737562, 0.7456221585053939, 0.31689795999056797, 0.6613933339836284]"
"[0.8559557846207825, 0.681728368425898, 0.41766592319881174, 0.7085966446827183]",stable,0.20960237191086165,1261,"[1.0, 0.787298339410497, 0.4500096268473915, 0.813445509183239]"
"[0.8563177047599262, 0.6819936196092763, 0.4177471887858685, 0.7088600840407597]",stable,0.17097099557883258,1262,"[0.8322300373209137, 0.5869276744664353, 0.5487702610961401, 0.7583200294818984]"
"[0.8562573346660941, 0.6817553590951339, 0.4180755674132125, 0.7089840438037702]",stable,0.31856198086638166,1263,"[0.743994217443474, 0.5348876466106748, 0.6383480153692588, 0.5719123404291995]"
"[0.5294943500640351, 0.5151541041276176, 0.7697939871901363, 0.5658751742106745]",stable,0.13761670867896053,1264,"[0.6237770693323155, 0.46486416576042705, 0.7119234337422121, 0.5012915191758001]"
"[0.5299657636603765, 0.5149026544357818, 0.7695046344228966, 0.5655522559355001]",stable,0.0863863517988516,1265,"[0.5009994353835666, 0.44167735933617475, 0.7647389362351842, 0.5303542747201784]"
"[0.5298216525744223, 0.5145383494850374, 0.7694809244816642, 0.5653771416010955]",stable,0.18777018395136874,1266,"[0.41692461852304746, 0.389429390391481, 0.7013265876258713, 0.5183172180375418]"
"[0.3360012372953334, 0.49093236582569905, 0.5977573792324575, 0.43774606617131157]",stable,0.25724135726811564,1267,"[0.4242155162902202, 0.40078479406816586, 0.8200335735392328, 0.4084533090243362]"
"[0.3000512765456929, 0.2893139189870359, 0.8313579053178712, 0.3739065888168514]",stable,0.1844088457467633,1268,"[0.47108845130427407, 0.3461413619342058, 0.8552795769250593, 0.40474978248839116]"
"[0.30107545124484614, 0.2896542030765399, 0.8315011488604293, 0.3740912785993157]",stable,0.259175722020144,1269,"[0.4928557534020517, 0.36645657928486985, 0.9372694540757192, 0.4894465177945656]"
"[0.5296386530735689, 0.5138052714147395, 0.7703115607667833, 0.5650012474238355]",stable,0.14317251375741966,1270,"[0.5333451332666052, 0.3746004236228744, 0.741672013551211, 0.5819251177473701]"
"[0.5296569115966874, 0.5131195332482772, 0.7701704792534061, 0.5650846162431633]",stable,0.21360603215793786,1271,"[0.6410922995992203, 0.6699281033756278, 0.7299079989118867, 0.64874880384065]"
"[0.5302031634986606, 0.5138882027096857, 0.7699731141536929, 0.5654947348098177]",stable,0.3539463897534837,1272,"[0.694647157920391, 0.6295214007012685, 0.5297115436371045, 0.7302356246134506]"
"[0.8558533092242299, 0.6816247741991492, 0.4183546573537722, 0.7090371727557944]",stable,0.23121986664024108,1273,"[0.6544620916187673, 0.6079929847768075, 0.5036492867747537, 0.7234382136529475]"
"[0.6269802280713052, 0.6097709781663051, 0.41999497332784463, 0.5464639516408957]",stable,0.22293969597485813,1274,"[0.779141610492012, 0.6795813960852336, 0.5375389117809628, 0.6351146697659943]"
"[0.8556620082298851, 0.6816196784931294, 0.4186518749458599, 0.7088528273618049]",stable,0.0730754541579191,1275,"[0.7887663414148347, 0.6601667637708518, 0.433282687369172, 0.69504328213003]"
"[0.8554956010985043, 0.6815663130336213, 0.41868827000163933, 0.7088184752592382]",stable,0.0773444479217974,1276,"[0.8694868927388218, 0.7024965885105913, 0.37656297181777215, 0.7685996612958303]"
"[0.8555303189437657, 0.681618249201058, 0.41858374072574883, 0.7089668156712396]",stable,0.18000290893305107,1277,"[0.9341202983596705, 0.7684795611067597, 0.29170506361615034, 0.7597760288978443]"
"[0.8557248485957853, 0.6818332524483492, 0.4182696845942894, 0.7090925810505133]",stable,0.1704253286757743,1278,"[0.7279567647509514, 0.6654810031606172, 0.5294231058668747, 0.6992117770601369]"
"[0.8554093718455512, 0.681792876524182, 0.4185441374863205, 0.7090681840036236]",stable,0.39800537085248483,1279,"[0.5607240371605272, 0.6234656428082327, 0.5832308858614033, 0.5064724351200732]"
"[0.6263041444905829, 0.6099107196422432, 0.4216606459047177, 0.5460558749417036]",stable,0.30641921275524703,1280,"[0.5443930489203584, 0.4967520098647012, 0.6848416708398116, 0.47454251336761455]"
"[0.5302723824519372, 0.5138046115250761, 0.7695578388204544, 0.565051065436929]",stable,0.2159414203025262,1281,"[0.4139435404331041, 0.35393823881884645, 0.7892096344952442, 0.4804647348548613]"
"[0.30174728510906196, 0.29003684614643455, 0.8312494136558746, 0.37472445393417014]",stable,0.1153092928387984,1282,"[0.3147061200203839, 0.38714183544845454, 0.7937184351527654, 0.42258203763809954]"
"[0.30182396460557864, 0.2906114318819495, 0.8310273368599982, 0.37500763490283245]",stable,0.12256698273007612,1283,"[0.3467858855477618, 0.37785759464876806, 0.7626322351990003, 0.34833727547534804]"
"[0.30208844649347383, 0.29112464460410725, 0.8306250127325805, 0.37485075043561195]",stable,0.1308894858257754,1284,"[0.38150616129188336, 0.3107703118145862, 0.7285920784614596, 0.380162262443936]"
"[0.30255287757416627, 0.2912395315468586, 0.8300283289064335, 0.3748818119093449]",stable,0.06015550343147691,1285,"[0.3116127722158807, 0.2751119068212554, 0.7926287963079386, 0.33154848080845106]"
"[0.30260555138022277, 0.29114576628682604, 0.8298108897634191, 0.37462987393782804]",stable,0.19044186119580078,1286,"[0.2591226321805953, 0.32739444344874696, 0.6536196221691192, 0.4195743826249185]"
"[0.33530863724925464, 0.48945905120969047, 0.5982606426823374, 0.4375823573105332]",stable,0.18951758035746183,1287,"[0.31990652500513467, 0.3340075285881828, 0.6206337308574114, 0.33263495504095925]"
"[0.33517111838993213, 0.4880710911862841, 0.5984604023981862, 0.4366453269331263]",stable,0.20183090022753802,1288,"[0.2929118247624122, 0.39416800077592584, 0.6147433182747227, 0.26382478229012624]"
"[0.3347971423401311, 0.4872400903861925, 0.5986044989988635, 0.4351159415823033]",stable,0.23334417424125137,1289,"[0.1859388153048724, 0.37638138490316414, 0.4983820338483922, 0.3353336434408734]"
"[0.23591527936898696, 0.6197470920913153, 0.34871427755151746, 0.36422367242858067]",stable,0.2127461946891434,1290,"[0.22098323941346631, 0.40806953390984746, 0.34494558897113986, 0.34951361171514117]"
"[0.23591527936898696, 0.6197470920913153, 0.34871427755151746, 0.36422367242858067]",stable,0.2278729711747812,1291,"[0.0711064683631017, 0.48727613483829346, 0.2843504915074321, 0.30878997024851407]"
"[0.23591527936898696, 0.6197470920913153, 0.34871427755151746, 0.36422367242858067]",stable,0.1390300771616715,1292,"[0.16564410528541587, 0.5352380794819321, 0.3432364769112805, 0.27925576709703964]"
"[0.23591527936898696, 0.6197470920913153, 0.34871427755151746, 0.36422367242858067]",stable,0.07541948546157687,1293,"[0.2256858645254352, 0.6619772602387857, 0.34399528718106687, 0.30275984658469507]"
"[0.23587794573817106, 0.6199012167925835, 0.3486970549589246, 0.36399935189630367]",stable,0.11038519191877028,1294,"[0.179661383547306, 0.6072032824167221, 0.3748709887402528, 0.2735655286696961]"
"[0.23567352187565885, 0.6198550424857621, 0.3487922328999476, 0.36367050163002507]",stable,0.1626797719710612,1295,"[0.16032252604181582, 0.6288837511717065, 0.47664684138252217, 0.2976506777538849]"
"[0.23567352187565885, 0.6198550424857621, 0.3487922328999476, 0.36367050163002507]",stable,0.07359810911237678,1296,"[0.22717280139622353, 0.573678731032186, 0.3810526250563355, 0.4102691579916224]"
"[0.23564272216377682, 0.619687737009481, 0.34890911837877514, 0.3638393373414801]",stable,0.06387388460280848,1297,"[0.18720674419612182, 0.6326263513663828, 0.33066713498790573, 0.39896271236524955]"
"[0.2354678630375398, 0.6197344468086033, 0.348843262843068, 0.36396613652929155]",stable,0.15016045266930816,1298,"[0.15447800869698897, 0.7126465045568077, 0.26656120580133796, 0.38816980678245205]"
"[0.23517653262624283, 0.6200686628436688, 0.34854728422061576, 0.3640532000913533]",stable,0.05485244636559028,1299,"[0.2482490929288083, 0.6280568064122415, 0.29615023221424436, 0.36940460577539824]"
"[0.23522338768109072, 0.6200972941826243, 0.34835948116682947, 0.3640723807568875]",stable,0.15149320948339554,1300,"[0.23063762349347025, 0.620881907958788, 0.39841601005820093, 0.2211636980851721]"
"[0.2352070099518492, 0.620100096374682, 0.34853825448429865, 0.36356199260448857]",stable,0.12345208528531151,1301,"[0.19805467471233867, 0.5274848007321543, 0.4137816204415641, 0.33153338727805604]"
"[0.2352070099518492, 0.620100096374682, 0.34853825448429865, 0.36356199260448857]",stable,0.09537938777656461,1302,"[0.29628652193182514, 0.563571713831302, 0.3926157512321965, 0.3484544753899161]"
"[0.2354243747631658, 0.6198989277535311, 0.3486951139033303, 0.36350822919803105]",stable,0.13201159134311954,1303,"[0.16919128516417611, 0.5991683752456658, 0.4493326334604561, 0.4133336438096804]"
"[0.23518950565111266, 0.6198254151559854, 0.3490519845400577, 0.3636849150654482]",stable,0.0828256722109162,1304,"[0.15921599261224068, 0.5930444074890138, 0.35314893437106964, 0.3825027237621659]"
"[0.23492104800786578, 0.6197307826200598, 0.3490664613945842, 0.3637514090891116]",stable,0.14789619170381213,1305,"[0.11825927516469263, 0.5579166961426103, 0.3965051042016247, 0.31693359026803625]"
"[0.23492104800786578, 0.6197307826200598, 0.3490664613945842, 0.3637514090891116]",stable,0.11088846081348981,1306,"[0.23508864262236182, 0.5753091183802914, 0.2476904385235189, 0.37052196199449483]"
"[0.23492163812974778, 0.6195743683093564, 0.3487095035675734, 0.3637752490641305]",stable,0.09642983465397659,1307,"[0.2340438209880883, 0.5403929223128473, 0.30910545505974946, 0.40198205997725056]"
"[0.23491855806960163, 0.6192965386742809, 0.3485705419938617, 0.3639093080497906]",stable,0.18726723208183435,1308,"[0.10178011813631269, 0.7431502842599986, 0.3275281615662593, 0.32440437223095914]"
"[0.2344530390488559, 0.6197295937287763, 0.3484969672371219, 0.3637711789035709]",stable,0.1061752388286716,1309,"[0.16823040489013463, 0.6012623917224117, 0.3357755811930533, 0.2838657795079136]"
"[0.23422229816328544, 0.6196652480771863, 0.3484526418502088, 0.36349276287780213]",stable,0.1133666553548478,1310,"[0.21192904928379994, 0.7242023027709121, 0.3510874233342874, 0.3258089238584787]"
"[0.23414489104912053, 0.6200282239615394, 0.3484617903970285, 0.3633619162145406]",stable,0.10909868042283224,1311,"[0.27866644561920745, 0.6126768558166252, 0.3938804258898829, 0.275024731603352]"
"[0.23429894487116237, 0.6200027867015224, 0.3486189483053083, 0.363056251215886]",stable,0.14631553111870416,1312,"[0.15830929623209675, 0.5811239931602661, 0.2690600976943708, 0.2747803391645074]"
"[0.23403691159999315, 0.6198687218962078, 0.34834460744113266, 0.36275185151915706]",stable,0.15720312376608211,1313,"[0.12427923259949517, 0.5982008199491329, 0.4547633490345471, 0.39227518949310236]"
"[0.23403691159999315, 0.6198687218962078, 0.34834460744113266, 0.36275185151915706]",stable,0.12871346335649989,1314,"[0.239382611363309, 0.6069722620644917, 0.4681442911721496, 0.4076995571894443]"
"[0.2340552817022726, 0.6198244041648273, 0.3487562902030949, 0.36290631098881443]",stable,0.06990834978585303,1315,"[0.1705296844570134, 0.6236604340816957, 0.32069621340371984, 0.35586409337613334]"
"[0.2338377282870491, 0.6198375412535838, 0.3486601940496724, 0.36288219380520936]",stable,0.08486442424613892,1316,"[0.23362496963447288, 0.5651745671374975, 0.3396143613731568, 0.2986011125420806]"
"[0.2338370021483031, 0.6196509782019931, 0.3486293209006058, 0.36266280444936255]",stable,0.2017961357548769,1317,"[0.39568785998337774, 0.576307908769393, 0.4004939730067617, 0.46244965938386473]"
"[0.23438751527019114, 0.6195035527957597, 0.3488057312819192, 0.3630022155205683]",stable,0.38841732885233154,1318,"[0.5696172121253564, 0.5400611031994734, 0.36409468909305337, 0.5417316665642201]"
"[0.6257315492141665, 0.609205167961003, 0.42107917159348873, 0.5460121960692037]",stable,0.1580353910516988,1319,"[0.645664739092475, 0.5245910068412726, 0.2986564659005972, 0.49670725072926214]"
"[0.6259308811129496, 0.6083590263498057, 0.4198549445365598, 0.5455191466158044]",stable,0.08322390851420683,1320,"[0.690115326066189, 0.6203244209765861, 0.37601319745466627, 0.5727460913334612]"
"[0.6265663706669421, 0.6084774956035361, 0.4194208678327787, 0.5457887203258802]",stable,0.20169784743593852,1321,"[0.7114268924056816, 0.6730403435589447, 0.2530357251158445, 0.5054360691431848]"
"[0.6273983365663415, 0.6091104647011382, 0.417789640943397, 0.5453931060985989]",stable,0.3069148086658637,1322,"[0.8617214899932285, 0.7228786183750935, 0.2640331977607633, 0.5974039024386676]"
"[0.8554249189345848, 0.6818940729326818, 0.41816356866926246, 0.7087931488273552]",stable,0.09389294770629349,1323,"[0.8438505701512387, 0.7247833505384145, 0.34603245878499017, 0.6683020024797937]"
"[0.855396480731186, 0.6819994519931382, 0.41798634235505056, 0.7086936619812924]",stable,0.29242723992601993,1324,"[0.7071217279517134, 0.7849019256089901, 0.1909259860430937, 0.6715054399995628]"
"[0.8550330622194715, 0.6822516639382751, 0.41742982187389377, 0.7086025143783959]",stable,0.11226165513816326,1325,"[0.8519051748652436, 0.7343305350898744, 0.3254709968302976, 0.7463418997898669]"
"[0.8550254145731286, 0.6823789961415797, 0.4172049836708532, 0.7086947867143654]",stable,0.1638577184486461,1326,"[0.8853368073566308, 0.6949230796330793, 0.2907684265848587, 0.6097654464541656]"
"[0.8550993447994298, 0.6824095914671688, 0.416896601824302, 0.7084534956405599]",stable,0.1072169672866712,1327,"[0.8584257572672553, 0.7551063074242049, 0.39624769371741936, 0.6324717666703624]"
"[0.8551074382604221, 0.6825864691215655, 0.41684636117197377, 0.7082686252537711]",stable,0.017472525192301268,1328,"[0.8444465567966128, 0.6856910284366482, 0.4234309785802035, 0.7200431429957672]"
"[0.8550815623345391, 0.6825940044597089, 0.4168623432530617, 0.7082972041803294]",stable,0.1229494451223671,1329,"[0.7836599906843389, 0.7413023671770448, 0.3360433865404525, 0.7022021617811011]"
"[0.8549086287470083, 0.6827361554590246, 0.41666665570654204, 0.7082824462084184]",stable,0.16712711594138113,1330,"[0.7994907870521175, 0.8087086860476953, 0.3849422685098445, 0.7976402690268168]"
"[0.8547747692260061, 0.6830404369338764, 0.4165900267519606, 0.7084982863601537]",stable,0.11844838131032163,1331,"[0.869659755078913, 0.7014346969588676, 0.30807171584762433, 0.6673414688471713]"
"[0.8548106366617962, 0.6830847604520088, 0.41632853684616705, 0.7083991133059054]",stable,0.17821672449778475,1332,"[0.9159038147743365, 0.8042833294013775, 0.3612109088232523, 0.8098967903462273]"
"[0.8549574952630282, 0.6833761031658294, 0.416196042548035, 0.7086430981064832]",stable,0.16476895247838108,1333,"[0.8926518518094845, 0.8069159027954089, 0.31429533821391076, 0.6995817765105801]"
"[0.8550478894034274, 0.6836723616781306, 0.4159516763505911, 0.7086213683184833]",stable,0.1900662438359723,1334,"[0.9341201217493001, 0.7410360230049582, 0.2546533920214538, 0.732391790052508]"
"[0.8552370574233936, 0.6838095953176684, 0.41556579528760274, 0.7086782353561246]",stable,0.1774269425004163,1335,"[0.8531353413818206, 0.6357367488763486, 0.2469101697964844, 0.7355144821122479]"
"[0.8552320413946547, 0.6836948629872596, 0.4151632758950225, 0.7087422836777383]",stable,0.1382655188307752,1336,"[0.9553492681288306, 0.6981788700730468, 0.3215814907326021, 0.7199920673714157]"
"[0.8554704157440217, 0.6837293487184162, 0.41494046212082625, 0.708769068877009]",stable,0.19599508449005903,1337,"[0.9474872730974171, 0.7111540446454977, 0.28314371102524777, 0.8175094641357513]"
"[0.8556889831011557, 0.6837944905139676, 0.41462740570492224, 0.7090273596020892]",stable,0.15702924977188643,1338,"[0.9121820121137391, 0.7663039720863362, 0.4755768015919761, 0.8136413144483097]"
"[0.8558228528381524, 0.6839900106124802, 0.41477183555299585, 0.7092752599690233]",stable,0.1393148640183488,1339,"[0.9301328492327136, 0.6698461329353698, 0.528101081669491, 0.7383112457661878]"
"[0.8559985265884942, 0.6839565735494139, 0.41503975339251475, 0.7093439029614516]",stable,0.41333346045558345,1340,"[0.7404375453817078, 0.752037598266672, 0.7721669596386057, 0.8684518593527717]"
"[0.7404375453817078, 0.752037598266672, 0.7721669596386057, 0.8684518593527717]",stable,0.09043290113833197,1341,"[0.7101029985435767, 0.6777651747513614, 0.7910885312741536, 0.8312563474135105]"
"[0.7252702719626423, 0.7149013865090168, 0.7816277454563796, 0.849854103383141]",stable,0.2572978008955321,1342,"[0.702153294040411, 0.5648302371693055, 0.8366181794683631, 0.6495481724164028]"
"[0.5311067558091629, 0.5140523087369412, 0.7698833744546675, 0.5654612455678973]",stable,0.3556466952344656,1343,"[0.7788447351461925, 0.7050323835502642, 0.7670915231348427, 0.7346631427667997]"
"[0.7431284263571589, 0.7116117188560992, 0.7767823380158673, 0.8114571165110273]",stable,0.150626303715729,1344,"[0.7075098460576427, 0.5874749089809269, 0.8410501357151261, 0.7681061912450954]"
"[0.7342237812822798, 0.6805775163873061, 0.7928492874406821, 0.8006193851945442]",stable,0.3230972689680706,1345,"[0.9192152863571167, 0.7402047329978756, 0.5347675188100148, 0.7977238706434906]"
"[0.856147622720024, 0.6840892343028301, 0.41532213019774467, 0.7095523462814564]",stable,0.18986480203548653,1346,"[0.8370894800877617, 0.7403876957607102, 0.57939389096632, 0.7843612415223153]"
"[0.8561027800314774, 0.6842217012709663, 0.41570818139955307, 0.709728367211435]",stable,0.21549101809616864,1347,"[0.681823978725396, 0.6165984451727132, 0.38363783026500875, 0.6074451031443561]"
"[0.6279267408591478, 0.609183163540668, 0.41745806996593693, 0.5459955526718587]",stable,0.25112193580385106,1348,"[0.4694764990130714, 0.7739372524650663, 0.4443468619757979, 0.6464387234090239]"
"[0.626403180841397, 0.6107673374726335, 0.4177166160429548, 0.5469613523904854]",stable,0.20658976628563563,1349,"[0.4563352193503064, 0.6365972773106259, 0.31315378526016635, 0.5933903157094538]"
"[0.6247834859700534, 0.611013336899662, 0.4167207795593092, 0.5474035329935232]",stable,0.3117882006221931,1350,"[0.3599776057285574, 0.4911638868019569, 0.329027768892194, 0.47644035220118325]"
"[0.234813244390389, 0.6190685030805265, 0.34873868734161506, 0.3633867515771128]",stable,0.17617470914128924,1351,"[0.2995816424828014, 0.46409519338617067, 0.3983611976881668, 0.382451444043667]"
"[0.234813244390389, 0.6190685030805265, 0.34873868734161506, 0.3633867515771128]",stable,0.1377715379948854,1352,"[0.31906571172132975, 0.5160552811705563, 0.3552916841792689, 0.3984274817963569]"
"[0.2350978811043449, 0.6187204854389389, 0.34876082584444495, 0.3635051324224481]",stable,0.0667678961663267,1353,"[0.3000767192975397, 0.6168366589743987, 0.3613513733377701, 0.372086033144972]"
"[0.23531666507132534, 0.6187141425888899, 0.3488032182602474, 0.3635340243440727]",stable,0.10576789521569362,1354,"[0.20119418434539513, 0.5900776342558206, 0.27004704334508683, 0.4183055431352214]"
"[0.23520216010244638, 0.6186180469233428, 0.3485389357940891, 0.36371782138699604]",stable,0.15363119653542534,1355,"[0.08211444661481283, 0.6091813709020399, 0.34520030200718876, 0.37187252543684585]"
"[0.23469016106068172, 0.6185864861339738, 0.3485277697948018, 0.36374509464468785]",stable,0.16753668099059715,1356,"[0.1866321146825059, 0.6127897897253559, 0.506805971432468, 0.3896945234004589]"
"[0.2345299675727545, 0.6185671638126118, 0.34905536380026075, 0.36383159274054044]",stable,0.11358661419198082,1357,"[0.1671221411597087, 0.7014585840153116, 0.3762299628094652, 0.3364699866594826]"
"[0.2343060213056015, 0.6188425505906938, 0.349145644860092, 0.3637406903947562]",stable,0.16925171895833135,1358,"[0.09390480650843408, 0.7037529180157812, 0.3652372481560279, 0.325466246428416]"
"[0.23384111662084267, 0.6191237107477306, 0.3491989283147143, 0.36361395382533124]",stable,0.07291809473814927,1359,"[0.2730097750632854, 0.5748571923640238, 0.3133247999243867, 0.3404539236336366]"
"[0.2339703861206527, 0.6189776166276524, 0.3490805318513799, 0.3635375180821243]",stable,0.21765277863709442,1360,"[0.1428940695570115, 0.6791900385533105, 0.3312487958260893, 0.17609598040752478]"
"[0.2336707929740618, 0.6191756838050394, 0.34902187482498087, 0.3629209340766158]",stable,0.19828698072932618,1361,"[0.1441536129223003, 0.5624136215228599, 0.3995724602251438, 0.2031488845701158]"
"[0.2336707929740618, 0.6191756838050394, 0.34902187482498087, 0.3629209340766158]",stable,0.2219663014253226,1362,"[0.05105878041209806, 0.6133603303427483, 0.47455315944761384, 0.3743213762437638]"
"[0.2336707929740618, 0.6191756838050394, 0.34902187482498087, 0.3629209340766158]",stable,0.03655382083002298,1363,"[0.22343904299812506, 0.6370561658761407, 0.32071026087397697, 0.3524216966710854]"
"[0.23363724625282922, 0.6192343083364201, 0.3489290498612071, 0.3628865103474173]",stable,0.14310847151044784,1364,"[0.12157228699924931, 0.6292454455682965, 0.2614601149088116, 0.375941856959755]"
"[0.23327102089579138, 0.6192670244711648, 0.3486432036685522, 0.3629291748788302]",stable,0.11895185338655988,1365,"[0.1672335318570855, 0.6415408895549343, 0.2841830289262519, 0.29125383552154094]"
"[0.23305591506830373, 0.6193395777776266, 0.34843323567264894, 0.3626957047180573]",stable,0.17031941381686516,1366,"[0.0986565065019699, 0.6276094049266717, 0.25904767760740516, 0.3089617892806905]"
"[0.23261955335217926, 0.6193664278657728, 0.3481430228217878, 0.3625212439536502]",stable,0.13651638883985368,1367,"[0.25741364444091824, 0.5100461057750547, 0.32328082796467933, 0.2886773822329475]"
"[0.23269979312916547, 0.619012640415641, 0.34806256264425667, 0.3622822670548777]",stable,0.12745937750740455,1368,"[0.12790253311757743, 0.5838933081191803, 0.30897525527528347, 0.31225985097635484]"
"[0.23236173745170874, 0.6188993522469427, 0.34793647455596965, 0.3621209044223664]",stable,0.09787496917887019,1369,"[0.20996016299450393, 0.5296104442314653, 0.36854086764853344, 0.38820977071229595]"
"[0.2322897066656727, 0.6186122496488221, 0.3480027266237914, 0.36220479145223755]",stable,0.1086087051297166,1370,"[0.28169055370773316, 0.6875814441915163, 0.29767639203635793, 0.4076571554458338]"
"[0.23244804271388445, 0.6188333047595359, 0.34784142426934445, 0.36235047210606314]",stable,0.07374104984620537,1371,"[0.23446761964224613, 0.6411480969601953, 0.30894739407095817, 0.3038443339202336]"
"[0.23245449503633928, 0.6189045980253527, 0.3477171621920333, 0.36216355153677937]",stable,0.08187225338355715,1372,"[0.26672485882311736, 0.6599122806779076, 0.2857101313010716, 0.3636148005085068]"
"[0.23256363632228438, 0.6190351957408067, 0.3475196875713614, 0.3621681733487912]",stable,0.05418246716180267,1373,"[0.18746667341009177, 0.6138743918323578, 0.3386651991823747, 0.39039879187237275]"
"[0.23242047136065835, 0.6190188122363355, 0.3474915780844122, 0.3622577943599772]",stable,0.19518725146042473,1374,"[0.3726442629176652, 0.7236305183224399, 0.42104893569324187, 0.4078764035607565]"
"[0.23286421753647166, 0.6193498619391395, 0.3477243545325414, 0.3624021570473214]",stable,0.03962314542794276,1375,"[0.2312214608306552, 0.5803031011351578, 0.3531624538181927, 0.3587865587724254]"
"[0.2328590353386615, 0.6192266860375497, 0.34774150941987786, 0.3623907513745299]",stable,0.11282954641931776,1376,"[0.2768051150744689, 0.628286997992206, 0.35951704414752006, 0.4652425678397992]"
"[0.2329972305579565, 0.6192551775845769, 0.3477785394032981, 0.36271418475964085]",stable,0.06737045716541461,1377,"[0.22252247163124148, 0.6335326686677619, 0.3843916484222849, 0.41642350816291535]"
"[0.2329643943230765, 0.6192999346099161, 0.34789331403972124, 0.3628825525446041]",stable,0.09384930137616886,1378,"[0.2645072141080511, 0.7028224226046158, 0.36779181632718294, 0.341887660434886]"
"[0.23306296563490453, 0.6195609423848996, 0.34795549685936955, 0.3628169435067613]",stable,0.10503265235913697,1379,"[0.20188865544629367, 0.5524724838584482, 0.27719154172724964, 0.33933031257630375]"
"[0.2329658494037874, 0.6193519440717331, 0.347735048401014, 0.36274377643221156]",stable,0.1707728648500807,1380,"[0.07725611043639292, 0.685929037777584, 0.3300132751255034, 0.3496564579343849]"
"[0.2324822787858762, 0.6195587052323103, 0.3476800118380466, 0.36270313258594505]",stable,0.14544705620641943,1381,"[0.13422703264039176, 0.7077442505867542, 0.3789071746830676, 0.31027292511741167]"
"[0.2321780829773763, 0.6198317254965655, 0.3477766903607866, 0.36254080996220345]",stable,0.2077048990555631,1382,"[0.15524355474663215, 0.6161674912637054, 0.5022460187608865, 0.24700638466522398]"
"[0.2321780829773763, 0.6198317254965655, 0.3477766903607866, 0.36254080996220345]",stable,0.19493126716777376,1383,"[0.050153006691990715, 0.6513836720373102, 0.4064723722914533, 0.3419407586244628]"
"[0.2321780829773763, 0.6198317254965655, 0.3477766903607866, 0.36254080996220345]",stable,0.07669246816767487,1384,"[0.1738941291410695, 0.6120754628930482, 0.3631333069300997, 0.3157569439737512]"
"[0.23199819423096796, 0.6198077864144559, 0.34782408732550674, 0.36239641531409095]",stable,0.23758717070622096,1385,"[0.0661132067125352, 0.6235751880747761, 0.2486288928870544, 0.22428068599536405]"
"[0.23148777888475736, 0.6198193784195646, 0.34751887134261916, 0.3619714438392641]",stable,0.12330367410409881,1386,"[0.17226464843010977, 0.5849424190177357, 0.2983532742433663, 0.27217857869130974]"
"[0.23130611284041797, 0.6197123938815221, 0.34736805662759074, 0.36169600560261395]",stable,0.19488754920899953,1387,"[0.058856676941878246, 0.6190265102931399, 0.3018508657669043, 0.2831462519758795]"
"[0.23077874453491784, 0.6197102963781937, 0.34722886032526445, 0.3614557922887707]",stable,0.0714208964425693,1388,"[0.2575783110336334, 0.60344594171153, 0.40858140228758905, 0.3426392026355072]"
"[0.23086045053034077, 0.6196607099310393, 0.3474159107580765, 0.36139842463738886]",stable,0.345642809066104,1389,"[0.542562289624187, 0.6344791725047834, 0.34960661088916806, 0.5100137972086927]"
"[0.6240078143064131, 0.6112347127072575, 0.4160876270246852, 0.5470507996370625]",stable,0.16001644962019032,1390,"[0.5938371988350877, 0.670770033594042, 0.2710257935086773, 0.5574242337364304]"
"[0.6237258459375222, 0.6117911175753582, 0.4147319089544422, 0.5471477476192996]",stable,0.17261425409779518,1391,"[0.7007855511363313, 0.5456607241945622, 0.27972638251799314, 0.5826126803744772]"
"[0.6244393617264001, 0.6111787991181287, 0.4134818577837343, 0.547476126626292]",stable,0.1554378232745397,1392,"[0.6252259177404396, 0.7607935959482068, 0.3760055752391361, 0.566743691342563]"
"[0.6244465778366206, 0.6125514119330835, 0.41313803867782056, 0.5476528932750652]",stable,0.2659779321308484,1393,"[0.8432861840417569, 0.6144112919503223, 0.44975756601402395, 0.6943124930310225]"
"[0.8560726941253983, 0.6840578270706831, 0.41578810953245093, 0.7096921797133589]",stable,0.1779985016414574,1394,"[0.7680242799565187, 0.7811528517052446, 0.30734310394686565, 0.7620675585063147]"
"[0.8558664917502956, 0.6842852158871575, 0.4155341399643348, 0.7098148386800871]",stable,0.12070178023784559,1395,"[0.8974603751449561, 0.6630255611610646, 0.30943447284464604, 0.6762029905494784]"
"[0.8559636737208438, 0.684235543796676, 0.4152862435458309, 0.7097363063246418]",stable,0.28507673942983774,1396,"[0.8933243737861019, 0.5463496829092513, 0.17273782042547556, 0.6646732697675666]"
"[0.8560507615997839, 0.6839141315335351, 0.4147208626061564, 0.7096312642813851]",stable,0.21432425443794295,1397,"[0.9760829968829072, 0.5973971316023055, 0.30809581297939903, 0.5970565955130154]"
"[0.8563299063330004, 0.6837129292081136, 0.41447289737446624, 0.7093694627261099]",stable,0.1128790653560871,1398,"[0.8990274127562896, 0.6891115235142756, 0.3101750776907036, 0.7127497481619537]"
"[0.8564289724731937, 0.6837254549489632, 0.41423090707357585, 0.7093773056157523]",stable,0.11891379058975834,1399,"[0.8929054170566655, 0.6393638988554111, 0.31100400785600446, 0.7230234846361889]"
"[0.8565134086875074, 0.6836227661617096, 0.4139919559179796, 0.7094088939931145]",stable,0.3039117253477144,1400,"[0.8249896661631244, 0.583780369212463, 0.18136792158459442, 0.5442237103870473]"
"[0.8564406055869891, 0.6833921832588246, 0.41345471796339905, 0.7090274039616916]",stable,0.13458817762444927,1401,"[0.9210511087702439, 0.7047838480289004, 0.302421810352626, 0.6750634445261493]"
"[0.8565894777141394, 0.683441472808986, 0.4131988817707475, 0.708949145990642]",stable,0.17478942599931432,1402,"[0.8766080063622569, 0.6316466246065248, 0.2623354875688593, 0.6403333173393463]"
"[0.856635497320227, 0.6833224041924286, 0.41285206937028335, 0.7087914084535125]",stable,0.22363724440669144,1403,"[0.9356623232466551, 0.5150871184909869, 0.30488467953029175, 0.6470799083428701]"
"[0.8568167515081317, 0.682936543445407, 0.41260443774221, 0.708649868315644]",stable,0.2128606232813934,1404,"[0.9634019422117489, 0.606260060762637, 0.24538738645076424, 0.7190622084565405]"
"[0.8570606535463551, 0.6827610823866364, 0.4122217900275843, 0.708673695180955]",stable,0.18613342544629896,1405,"[0.9911661012425512, 0.6945876198802684, 0.2934341223203094, 0.6595717198830763]"
"[0.8573668303675792, 0.6827880836137908, 0.41195058530679146, 0.7085615902145215]",stable,0.29764769800165797,1406,"[1.0, 0.7430544231091102, 0.16219357197240453, 0.755883188459055]"
"[0.8576917350820039, 0.682925364569361, 0.41138166272516413, 0.7086693842879714]",stable,0.21248163972704678,1407,"[0.9742946530486851, 0.7194376303507031, 0.23825160299728693, 0.724323253103195]"
"[0.8579567417137464, 0.6830083469915913, 0.4109881853166917, 0.7087049612625516]",stable,0.1508877183977862,1408,"[0.9402077888631096, 0.6970204548377106, 0.2906349577181525, 0.7450454379579088]"
"[0.8581432520247426, 0.6830401204787707, 0.41071527550354303, 0.7087873659716113]",stable,0.1550588054255887,1409,"[0.9257391173904018, 0.67766694936369, 0.3283845556441637, 0.8213343060681004]"
"[0.8582961838468368, 0.6830279639830352, 0.4105290069065761, 0.7090419970578025]",stable,0.19912732723733634,1410,"[0.9387824808265556, 0.7201555978513637, 0.2356296056160309, 0.7437606762193997]"
"[0.8584778684901319, 0.6831117735403001, 0.41013420013165386, 0.7091203687940588]",stable,0.1855935545898931,1411,"[1.0, 0.6250421410907531, 0.30996204101449537, 0.7408994519022357]"
"[0.8587966120295686, 0.6829809860798282, 0.4099085871606693, 0.7091919433055637]",stable,0.16272693487438683,1412,"[0.9702010257433219, 0.7178519202143757, 0.5189390084484609, 0.7402643929209153]"
"[0.8590469590266782, 0.6830593477295688, 0.4101535993433385, 0.7092617690350363]",stable,0.22913675946638298,1413,"[0.7745705973301159, 0.6350000407950033, 0.604732979647943, 0.6371745535907432]"
"[0.8588575501439505, 0.6829515914359935, 0.4105898759807927, 0.7091001385071344]",stable,0.273033564022685,1414,"[0.7264358709032337, 0.5992088471894472, 0.6330857939181326, 0.6868617654264344]"
"[0.7326661992064706, 0.6643037825477343, 0.7608965887361722, 0.7778678612409223]",stable,0.15623174033733095,1415,"[0.7197321123064684, 0.6642135209275752, 0.6839516037327951, 0.6425145191301181]"
"[0.7305105180564703, 0.6642887389443745, 0.7480724245689426, 0.7553089708891215]",stable,0.08835296580090679,1416,"[0.7283419260112229, 0.6002796699459915, 0.7810444906511607, 0.7041501425347936]"
"[0.7302007191928634, 0.6551445862303197, 0.7527827197235452, 0.7480005668385034]",stable,0.1842883966963707,1417,"[0.6289965706503879, 0.5916406710302542, 0.8930227097728528, 0.7435361049510594]"
"[0.717550200625054, 0.6472065968303116, 0.7703127184797086, 0.7474425091025728]",stable,0.17615826722850852,1418,"[0.5733295101830939, 0.640116380850964, 0.7223719851339496, 0.6586531939513005]"
"[0.5313107304679742, 0.514661313916236, 0.7696538508347606, 0.5659114482170925]",stable,0.24213616466709392,1419,"[0.33905547364038935, 0.6376471651605309, 0.688820367530384, 0.568786658200152]"
"[0.3348344961234667, 0.4885594506912305, 0.5993958662666838, 0.43628849172807393]",stable,0.08340096539382306,1420,"[0.3937371385780821, 0.54153500809623, 0.6247951353149894, 0.4421763767411157]"
"[0.3353466930143764, 0.4890201077121436, 0.5996167294757995, 0.43633969072818735]",stable,0.13133484468285617,1421,"[0.37583869526918784, 0.5855844375799607, 0.5466030081509835, 0.49528131209832327]"
"[0.3356957619993317, 0.4898525588316937, 0.5991597146367924, 0.4368478081537919]",stable,0.13010719916884148,1422,"[0.2786665325759895, 0.5987700721341568, 0.5586125260394981, 0.42386893841087486]"
"[0.3352083326880211, 0.4907834777488088, 0.5988131574692942, 0.4367368776431687]",stable,0.31668662776591006,1423,"[0.24639769870447692, 0.6194697310683871, 0.3256941373547337, 0.4013965245688622]"
"[0.23090767620868158, 0.6196601294481742, 0.3473498871307107, 0.36151999940921703]",stable,0.0946421093637307,1424,"[0.28928452905409313, 0.683852596111255, 0.3466876834591444, 0.3993110119212964]"
"[0.23108457576275857, 0.6198546520744259, 0.3473478804529181, 0.3616345176289506]",stable,0.16981702249313693,1425,"[0.1916263506498063, 0.77322144665822, 0.2866706590239167, 0.3704532884116844]"
"[0.23096536662344452, 0.6203179958647094, 0.34716456558455255, 0.361661160440983]",stable,0.15373411525529798,1426,"[0.13440376132685197, 0.7327680694016536, 0.37834411824271763, 0.3353390968165851]"
"[0.23067451841471986, 0.6206567009054833, 0.34725847989978803, 0.3615818771168131]",stable,0.12272324033796868,1427,"[0.2703676588435444, 0.6768062302244027, 0.24739696455232968, 0.38056493355463655]"
"[0.23079371703462623, 0.6208253181106452, 0.3469585954693152, 0.3616388832923021]",stable,0.0569864505537945,1428,"[0.20364345716904578, 0.5790780442790542, 0.3715922593277671, 0.3489634476591387]"
"[0.2307124288314359, 0.620700326272826, 0.3470323489539213, 0.3616009328862148]",stable,0.13004999417949195,1429,"[0.3361623738984719, 0.5708556431119257, 0.40240634146262527, 0.34602728252156245]"
"[0.23102720478685987, 0.6205515361738382, 0.3471976444539473, 0.3615544443776636]",stable,0.26976557641919907,1430,"[0.32454101483107906, 0.5147210567805907, 0.5468685890503396, 0.4753966907854725]"
"[0.33511793168923343, 0.4909863385880612, 0.5983729492623538, 0.437064503178273]",stable,0.09037947004160003,1431,"[0.32433284829325953, 0.5404194581975568, 0.5448038210455389, 0.3847305202522037]"
"[0.3350273007363261, 0.4914017429545275, 0.597922788521036, 0.4366247218091464]",stable,0.19048835481573734,1432,"[0.3037566276772453, 0.47650408782633685, 0.4248374010761559, 0.3650183893267774]"
"[0.23102720478685987, 0.6205515361738382, 0.3471976444539473, 0.3615544443776636]",stable,0.17115986443487097,1433,"[0.36799470357385045, 0.5451360693159039, 0.29698563121614824, 0.4097920288383935]"
"[0.23143484615229737, 0.6203270853796181, 0.34704820393835856, 0.36169800861713003]",stable,0.1650670504005048,1434,"[0.3419949746172621, 0.5922601269352339, 0.3592840189048208, 0.48038296890073545]"
"[0.23176291775011626, 0.6202438006364597, 0.34708451199463886, 0.36205018950817935]",stable,0.17780402375738538,1435,"[0.32842033562308043, 0.6962432943607636, 0.4572127211168377, 0.4281370183293203]"
"[0.2320488864420481, 0.6204686512096085, 0.3474103350985507, 0.3622457126703721]",stable,0.13370990660489515,1436,"[0.22691179475491444, 0.7539988158791968, 0.3474187844111992, 0.36689807392133955]"
"[0.23203373277925418, 0.6208625455006692, 0.3474103600227768, 0.36225943644987346]",stable,0.03509708010459582,1437,"[0.2623493389539961, 0.6181086192003634, 0.3559774347360145, 0.3470347796420287]"
"[0.23212289632682695, 0.620854445717433, 0.3474355573013452, 0.3622146580474975]",stable,0.1171009544636059,1438,"[0.24318916733364623, 0.5302088201496461, 0.4199376641035949, 0.37303067658256334]"
"[0.23212289632682695, 0.620854445717433, 0.3474355573013452, 0.3622146580474975]",stable,0.1391728398297306,1439,"[0.31352640118956276, 0.5877774792433861, 0.4547804963764886, 0.35101077094690053]"
"[0.23236161628243615, 0.6207574458157495, 0.34775035184408754, 0.3621818020735954]",stable,0.053125996722505966,1440,"[0.2102142712230699, 0.6218220323999746, 0.3574069131992174, 0.3148797501859618]"
"[0.2322968579635491, 0.6207605586420192, 0.34777858740360545, 0.36204349198035674]",stable,0.13679895137839854,1441,"[0.2242988970751426, 0.5669776663967315, 0.38338398714113087, 0.4824164197137959]"
"[0.2322735402933205, 0.6206037572069018, 0.34788239323374404, 0.36239443346062916]",stable,0.24835245552269294,1442,"[0.14957514888394893, 0.449693249084485, 0.49891503169051127, 0.3093033931941369]"
"[0.2322735402933205, 0.6206037572069018, 0.34788239323374404, 0.36239443346062916]",stable,0.35140030444126585,1443,"[0.24706714342583105, 0.39127336536603863, 0.6106726294340776, 0.3222423923710263]"
"[0.3342942994254053, 0.49056733980795675, 0.5980290371953114, 0.4356715357304954]",stable,0.2798390364542904,1444,"[0.12349527619075026, 0.44576186162120984, 0.5588911163313832, 0.2615039428726767]"
"[0.2322735402933205, 0.6206037572069018, 0.34788239323374404, 0.36239443346062916]",stable,0.23623234386225014,1445,"[0.06469247953276008, 0.6377467778392338, 0.5030252460087126, 0.30443651392014165]"
"[0.2322735402933205, 0.6206037572069018, 0.34788239323374404, 0.36239443346062916]",stable,0.3456490676422932,1446,"[0.15269328334032184, 0.37001832462054035, 0.3853169483707995, 0.14115733050889062]"
"[0.2322735402933205, 0.6206037572069018, 0.34788239323374404, 0.36239443346062916]",stable,0.3806593101645921,1447,"[0.13415444901318885, 0.2949161664534484, 0.502143970526327, 0.28887495752560993]"
"[0.2322735402933205, 0.6206037572069018, 0.34788239323374404, 0.36239443346062916]",stable,0.27661396877439476,1448,"[0.17863006885041222, 0.4668115894391336, 0.5602339231908235, 0.29244829310353765]"
"[0.2322735402933205, 0.6206037572069018, 0.34788239323374404, 0.36239443346062916]",stable,0.28815786100457375,1449,"[0.17137314570170106, 0.4439248553884508, 0.541643576356555, 0.2595972332828473]"
"[0.2322735402933205, 0.6206037572069018, 0.34788239323374404, 0.36239443346062916]",stable,0.3981737600172955,1450,"[0.09839370831679772, 0.357089195656142, 0.5620852825588792, 0.20334811375557094]"
"[0.2322735402933205, 0.6206037572069018, 0.34788239323374404, 0.36239443346062916]",stable,0.5399283765454215,1451,"[0.10070208801189731, 0.21169630277036167, 0.6649097264452037, 0.28177205166381897]"
"[0.3014384793376313, 0.29068652083297364, 0.8288577038482849, 0.3740931235200592]",stable,0.2539808098546104,1452,"[0.10909318495855878, 0.27630572167616485, 0.7100053445506035, 0.25930266742889246]"
"[0.3003330466113148, 0.2906038725619575, 0.8281746443120914, 0.37343340825516746]",stable,0.1650254050960772,1453,"[0.15973831655046977, 0.29320346971995603, 0.8520144539164162, 0.2904188807380626]"
"[0.29952964815382427, 0.2906187274028604, 0.8283108717955446, 0.3729590395264983]",stable,0.20976016516254284,1454,"[0.14752889073047482, 0.2824529582715113, 0.7054196120989283, 0.2972876768030899]"
"[0.2986660074866462, 0.29057233098734137, 0.8276126260018138, 0.3725290886019335]",stable,0.27757046213494485,1455,"[0.205921853480795, 0.4033014083593184, 0.5936687755302367, 0.3408066471930351]"
"[0.2322735402933205, 0.6206037572069018, 0.34788239323374404, 0.36239443346062916]",stable,0.4155488728489542,1456,"[0.017766226560618617, 0.42941012399407674, 0.6055543886707235, 0.20838918852520016]"
"[0.2322735402933205, 0.6206037572069018, 0.34788239323374404, 0.36239443346062916]",stable,0.2175097048412591,1457,"[0.09196899989717025, 0.5246087172743638, 0.4804917967486661, 0.333674996625557]"
"[0.2322735402933205, 0.6206037572069018, 0.34788239323374404, 0.36239443346062916]",stable,0.14183630619847132,1458,"[0.23557154769204727, 0.6090186045545529, 0.47155256439947646, 0.29399754826046326]"
"[0.23228312752413077, 0.6205700794375635, 0.3482418995452723, 0.36219560530597755]",stable,0.1812797977900546,1459,"[0.28139174531116673, 0.4774549298197959, 0.41792961497725595, 0.29069466116112885]"
"[0.23228312752413077, 0.6205700794375635, 0.3482418995452723, 0.36219560530597755]",stable,0.19446542187075191,1460,"[0.205283127121397, 0.44648663357081025, 0.3756828784295596, 0.2845441607949371]"
"[0.23228312752413077, 0.6205700794375635, 0.3482418995452723, 0.36219560530597755]",stable,0.04556617110000138,1461,"[0.2004520392117027, 0.6276445124627182, 0.379584833171244, 0.35666110671518]"
"[0.23219086350003676, 0.6205905850405349, 0.34833274862824615, 0.3621795632810767]",stable,0.12661195686561066,1462,"[0.2728522897339692, 0.5537613431764433, 0.33684360530864743, 0.26329029158988565]"
"[0.23230838207296722, 0.6203974369426617, 0.3482995430117155, 0.36189375613746055]",stable,0.17212203493931982,1463,"[0.21966365195922924, 0.5103901260808761, 0.39426792270117095, 0.48539033640463913]"
"[0.23227194192854722, 0.6200804129920513, 0.34843201672839985, 0.36224965406330256]",stable,0.08941940848199731,1464,"[0.2119718371371425, 0.7049630716417503, 0.3289725753670657, 0.3622772437670525]"
"[0.23221360829408916, 0.6203243286778263, 0.34837609879345344, 0.36224973334406046]",stable,0.11339996804444077,1465,"[0.12048464536020852, 0.631994683019768, 0.3455976182538477, 0.3470091798887469]"
"[0.23189346799914967, 0.6203577680885481, 0.3483681375311623, 0.3622060641364521]",stable,0.17177255155848348,1466,"[0.14333033703904974, 0.5614226280797879, 0.2737984949168, 0.24982991463857085]"
"[0.2316404304821208, 0.6201893819742373, 0.348155081409407, 0.36188498942360103]",stable,0.13618842502787612,1467,"[0.23901706252673932, 0.5089811504545614, 0.30536675707420713, 0.29635056370624513]"
"[0.23166144652783197, 0.6198725494058052, 0.34803317735147193, 0.3616982816580245]",stable,0.14353903866851545,1468,"[0.10995356090910491, 0.5705204833898144, 0.2949983983921981, 0.33841025896835236]"
"[0.2313156854891424, 0.6197323446728052, 0.34788251036579215, 0.3616321225026561]",stable,0.12907614333099113,1469,"[0.25153098267331564, 0.5216486499178413, 0.3392453278433458, 0.28065693841365796]"
"[0.23137295261997576, 0.6194544871805815, 0.34785804242663504, 0.3614027310463133]",stable,0.08042702273358097,1470,"[0.2340579871454263, 0.547076908824118, 0.32465980050774246, 0.3352374047821215]"
"[0.23138053746326798, 0.6192500307445463, 0.347792510669802, 0.3613288176952845]",stable,0.11037767644830047,1471,"[0.23155360207878503, 0.5563227711382999, 0.4384716595445499, 0.3605204461446181]"
"[0.2313810249692272, 0.6190727708583316, 0.3480479448919844, 0.36132654059232483]",stable,0.13070825140617034,1472,"[0.2315683647508511, 0.7211196583309538, 0.26769222869235804, 0.34669768142081275]"
"[0.23138155120456882, 0.6193594194186479, 0.34782222658805284, 0.36128544829128123]",stable,0.13952716796686931,1473,"[0.13126197424446712, 0.5936835187007939, 0.2583453208481484, 0.3891876412467533]"
"[0.23110110421028285, 0.6192874981281218, 0.347571590997745, 0.3613636056945179]",stable,0.2654741426694884,1474,"[1.9471477462312814e-05, 0.6772652540988182, 0.36376503348861167, 0.24537157289686812]"
"[0.23045562478924142, 0.619449447167146, 0.3476168240773284, 0.3610396056029043]",stable,0.2612103404774818,1475,"[0.0, 0.515257432188703, 0.32268759758054677, 0.3006773271803132]"
"[0.23045562478924142, 0.619449447167146, 0.3476168240773284, 0.3610396056029043]",stable,0.2064478016938086,1476,"[0.10027290569234328, 0.5808940086256144, 0.19264728154182664, 0.3479600980452123]"
"[0.23009299883075426, 0.6193420504024064, 0.34718515404241057, 0.3610031724342199]",stable,0.1711130019151728,1477,"[0.07385886509797146, 0.5677873042577286, 0.35717959091220985, 0.3150382481679677]"
"[0.23009299883075426, 0.6193420504024064, 0.34718515404241057, 0.3610031724342199]",stable,0.20504605614145596,1478,"[0.07205056740905122, 0.6646351821314558, 0.45073458406996864, 0.2954858253525177]"
"[0.23009299883075426, 0.6193420504024064, 0.34718515404241057, 0.3610031724342199]",stable,0.20651253379467072,1479,"[0.06898777206708673, 0.7004666173984466, 0.439676737840695, 0.32154884339528955]"
"[0.2296454843119663, 0.6195673964218398, 0.34744207510851693, 0.3608935770757784]",stable,0.24782849710371557,1480,"[0.08246322427952812, 0.7116531540314708, 0.5197426238035273, 0.32103030484069006]"
"[0.2296454843119663, 0.6195673964218398, 0.34744207510851693, 0.3608935770757784]",stable,0.1822130854975665,1481,"[0.12375128470765953, 0.6240064955522223, 0.4899456347974089, 0.3201375113724777]"
"[0.2296454843119663, 0.6195673964218398, 0.34744207510851693, 0.3608935770757784]",stable,0.19868113944314214,1482,"[0.1652332168150048, 0.5686189437692982, 0.5145315225498326, 0.2915348956264262]"
"[0.2296454843119663, 0.6195673964218398, 0.34744207510851693, 0.3608935770757784]",stable,0.22043943186129705,1483,"[0.39357849827249863, 0.555685940959759, 0.4571477361459961, 0.43574902201816884]"
"[0.3347842514819928, 0.4911055100654097, 0.5968647289221766, 0.43567217611303816]",stable,0.2809901846915097,1484,"[0.5387656928887562, 0.5213322304026956, 0.40612323849511023, 0.442819529602321]"
"[0.623667660700731, 0.6117221466464435, 0.4130742677670686, 0.5466998626962221]",stable,0.13632099220785016,1485,"[0.5551446616213787, 0.7209243842713049, 0.456361457028589, 0.5561392513027182]"
"[0.6230503363847009, 0.6127059505890098, 0.4134642424451004, 0.5467849022332175]",stable,0.14217627104726796,1486,"[0.5555578317690792, 0.7363597717196886, 0.4040036865486089, 0.5300790867329805]"
"[0.622447724736347, 0.6138100025633909, 0.41337977319602454, 0.5466357431662512]",stable,0.14214450919478813,1487,"[0.7041974256040402, 0.6991699889242345, 0.4181289311576227, 0.6254593825734891]"
"[0.6231711734165921, 0.6145654006727789, 0.41342180114258736, 0.5473332974972887]",stable,0.22443019314826954,1488,"[0.8076829641028157, 0.6867905089831697, 0.39444532543644684, 0.6510045943622327]"
"[0.8587430656114199, 0.6829601796184256, 0.4105537584180537, 0.7089701708468549]",stable,0.22711173476039573,1489,"[0.7362679519865198, 0.595588902731244, 0.5783047151438893, 0.6805894890172292]"
"[0.719629950776328, 0.6414712974859706, 0.7489784958868397, 0.7400143957597568]",stable,0.30994477643864654,1490,"[0.5606261032926937, 0.4967994259903947, 0.6997176194583833, 0.5222370861554924]"
"[0.5314516697604007, 0.5145754394550541, 0.7693176189531434, 0.5657014753225655]",stable,0.19760463109123172,1491,"[0.6445530906691681, 0.5592068731973711, 0.6145110080295682, 0.5829817286072131]"
"[0.5319928248843661, 0.5147889869849217, 0.768576917465471, 0.5657841559602912]",stable,0.285764015703266,1492,"[0.6249777304229109, 0.511371851677225, 0.5090230932021674, 0.6408508963279624]"
"[0.6231870204078757, 0.6136601941026425, 0.4142604089676714, 0.5481536273115928]",stable,0.29344134747960565,1493,"[0.7524972102305464, 0.6556286925571657, 0.5420848011895472, 0.7746183466593364]"
"[0.8585059096842305, 0.6828991718348068, 0.41084735449566867, 0.7091167069535792]",stable,0.06240756164384303,1494,"[0.8574333855636581, 0.6652119526907885, 0.44738444535837774, 0.6617272913359281]"
"[0.8585035209890844, 0.6828597793645529, 0.4109287288628462, 0.7090111625980833]",stable,0.14020654527530158,1495,"[0.7988303329874203, 0.6153341236166847, 0.5014370360803607, 0.6511707086562819]"
"[0.8583709139046362, 0.6827097223517797, 0.4111298584344406, 0.7088826282559905]",stable,0.10927960523046776,1496,"[0.9537253540889256, 0.7203585523773299, 0.4011617168171799, 0.7453896769846006]"
"[0.8585823428185704, 0.6827932009105947, 0.411107756124868, 0.7089635751489586]",stable,0.13439172798977816,1497,"[0.9491174390239981, 0.6880672847896981, 0.42608148432688725, 0.8070069553952592]"
"[0.8587826417039806, 0.682804869237761, 0.4111408838421291, 0.7091804852822469]",stable,0.17374178926024278,1498,"[0.9623616782371003, 0.6574295999804158, 0.34514881907196593, 0.8294249679985407]"
"[0.8590112929987557, 0.6827488531908351, 0.4109952059949543, 0.7094459256414439]",stable,0.20313717651345348,1499,"[1.0, 0.59183474301261, 0.40174985347593073, 0.8236214265480559]"
"[0.8593218408115337, 0.6825486018468303, 0.4109748417823574, 0.7096974135289035]",stable,0.1607461511125996,1500,"[1.0, 0.6766509737063013, 0.3346608641004642, 0.7234950733863864]"
"[0.8596310235789809, 0.6825356400267412, 0.41080711875448506, 0.7097277380560628]",stable,0.1433608859654578,1501,"[1.0, 0.7053827311127302, 0.3955825200805945, 0.6999749893438343]"
"[0.8599388502816585, 0.6825857432966665, 0.41077373147669144, 0.7097063504492378]",stable,0.1401587319744292,1502,"[0.8635796713795344, 0.6975205991364491, 0.48777043314309565, 0.8258083426110987]"
"[0.8599468170674307, 0.6826184235063816, 0.4109422144125041, 0.7099604029484978]",stable,0.10265481108035641,1503,"[0.9224754446015385, 0.6864047417423056, 0.34450167068789217, 0.7568592187164755]"
"[0.8600833424550598, 0.6826266905767657, 0.41079714772314907, 0.7100628021095633]",stable,0.07993933411295173,1504,"[0.8816554890283684, 0.6678346662729338, 0.3352653371551169, 0.7090229752241788]"
"[0.8601303405957424, 0.6825944639442955, 0.41063259040165007, 0.7100605366915124]",stable,0.09236387874511458,1505,"[0.8753742681119503, 0.6703103198257041, 0.35295498676946896, 0.7794946969676007]"
"[0.8601634795686037, 0.6825677592831682, 0.4105072043067975, 0.7102114805181995]",stable,0.15401387246683282,1506,"[0.7195040367997894, 0.6677324970427709, 0.3796644697056189, 0.6576392940620858]"
"[0.8598583614714913, 0.6825355786709331, 0.4104403003271854, 0.7100974410681863]",stable,0.3168801969350838,1507,"[0.5899522694079966, 0.7171383802784437, 0.4129642710902562, 0.5477396991242671]"
"[0.6228980225730941, 0.6145600044172146, 0.41424913820351994, 0.5481500279360508]",stable,0.17459676273355665,1508,"[0.5127848830659038, 0.742432021384681, 0.42277682847335857, 0.5921403887011274]"
"[0.6219487713704459, 0.6156623493910721, 0.4143226527748117, 0.5485292551840256]",stable,0.11667820355479525,1509,"[0.5582672633950797, 0.6685892104503339, 0.44445528176852916, 0.4720489258496263]"
"[0.6214044849774941, 0.616114715724912, 0.4145801966123648, 0.5478755771555265]",stable,0.24826277442578704,1510,"[0.41052719790260855, 0.7078264449624443, 0.376014726568424, 0.46262982534303443]"
"[0.23014654169033374, 0.6198118813208443, 0.3475212237275195, 0.3611753949380146]",stable,0.1501712099414938,1511,"[0.352839377445596, 0.6233076110150295, 0.39335371587883866, 0.43455811011487966]"
"[0.2304854721758455, 0.6198215380327067, 0.3476478328218601, 0.3613781096208237]",stable,0.17682206925743338,1512,"[0.33695004911108234, 0.5451485893923088, 0.4519518210062324, 0.4203354401630424]"
"[0.3348020039215755, 0.4915484861254663, 0.5956769182015541, 0.43554646516262835]",stable,0.22141634837415547,1513,"[0.185929446046658, 0.3969251638961781, 0.5187465210764, 0.32604622896387353]"
"[0.2304854721758455, 0.6198215380327067, 0.3476478328218601, 0.3613781096208237]",stable,0.36229259521533863,1514,"[0.2686770164119651, 0.48953781676490044, 0.6835142036297833, 0.365533037977956]"
"[0.33426440239710714, 0.4915321392200958, 0.5963910424733283, 0.4349772503074684]",stable,0.1916663850234322,1515,"[0.3184464182307497, 0.44579543839508573, 0.7809662043322413, 0.4169229337249162]"
"[0.2987777612196637, 0.2914492976958597, 0.827349086896336, 0.37277990128624416]",stable,0.12683520031272116,1516,"[0.3343061880011563, 0.3946409084104722, 0.8108974421447327, 0.3102840310875572]"
"[0.2989773591229305, 0.29202902584594176, 0.8272566619258213, 0.3724288008918695]",stable,0.22734028753266292,1517,"[0.31132330852965473, 0.4686632068196857, 0.7927625541076619, 0.5107823570667808]"
"[0.3340793935755954, 0.49134771234589897, 0.5979746836961859, 0.4355885818135919]",stable,0.32438854279151746,1518,"[0.45627389150037906, 0.5892406167141806, 0.8780355027854931, 0.48333110224017783]"
"[0.5316322585349185, 0.515143518555061, 0.7690981488241376, 0.5653915223711478]",stable,0.236425234528124,1519,"[0.3168711619726981, 0.5941722094908769, 0.8257890703538177, 0.5476385409269491]"
"[0.5306144334327279, 0.5155180621139985, 0.7693668261773589, 0.5653073850183317]",stable,0.1913033504480423,1520,"[0.35040327716256425, 0.5110979920022882, 0.8114881448113053, 0.517066649688506]"
"[0.5297643808088119, 0.5154972127266791, 0.7695655116426133, 0.5650798343799834]",stable,0.24180104577180742,1521,"[0.37204952042416084, 0.4327377002812731, 0.8452180772680518, 0.4200925212650866]"
"[0.29938558348774186, 0.2928151078260274, 0.8273570050282918, 0.37269507865931767]",stable,0.26987430125082645,1522,"[0.4067799987195634, 0.4872179286547577, 0.810626689197011, 0.5250965807472403]"
"[0.5291869893436042, 0.5153644461347922, 0.7697582871240893, 0.5648921195741959]",stable,0.19104605134678254,1523,"[0.39205757635210814, 0.47834694887223694, 0.8973765638546232, 0.5710075237759471]"
"[0.5285461976941113, 0.5151914671756214, 0.7703546342116153, 0.5649206962293443]",stable,0.08823065235889066,1524,"[0.4511293327304028, 0.5316101704366265, 0.8020882312702826, 0.5422340914632814]"
"[0.5281861192524197, 0.5152678332373004, 0.7705022323374696, 0.564815177137409]",stable,0.0759851422433758,1525,"[0.4759383215462396, 0.5510704537112309, 0.8109722910031506, 0.5536681508345704]"
"[0.5279442313000762, 0.5154335861098649, 0.770689593720181, 0.5647635705341552]",stable,0.1459249752422873,1526,"[0.5327378379632081, 0.5634572617597778, 0.9052635610073686, 0.5939987144585531]"
"[0.5279663216533625, 0.5156548933709244, 0.7713097502514583, 0.5648982946997054]",stable,0.12251957286282066,1527,"[0.4741201272265854, 0.6007623506601381, 0.8015927335126695, 0.5020389698639453]"
"[0.5277193207614965, 0.5160452945511501, 0.7714486630187116, 0.5646099491729358]",stable,0.2770295244164196,1528,"[0.37543872137919426, 0.5648519723099054, 0.5536827470927072, 0.503357271539907]"
"[0.3344102681980242, 0.491935746425611, 0.5976203482033581, 0.4361307313314024]",stable,0.12231436623355421,1529,"[0.3425267740868904, 0.5862078559791299, 0.5232996190544551, 0.45813357429263696]"
"[0.3344746849114279, 0.4926839377712739, 0.5970305011466207, 0.43630535706919]",stable,0.176665601862183,1530,"[0.3487055322355155, 0.6072650695305002, 0.47071692768487144, 0.39243893175478856]"
"[0.2308111472724286, 0.6197869472103866, 0.34798686614104196, 0.3614636766239475]",stable,0.11821870411558263,1531,"[0.2597012938105898, 0.572205348976633, 0.446103267771808, 0.3968216273044255]"
"[0.2308905158068741, 0.6196562285339203, 0.34825641669497265, 0.36156081385109173]",stable,0.11463145746620895,1532,"[0.13399300724103186, 0.6140502338448256, 0.37968242727002666, 0.41383148017018734]"
"[0.23062504318066632, 0.6196408696443612, 0.3483425153540824, 0.36170402115607553]",stable,0.17526826447533705,1533,"[0.2679391891479377, 0.5593142272729953, 0.48776084666214886, 0.4407599770253293]"
"[0.33395078336998313, 0.4932085857201063, 0.5961701101664281, 0.4363404328168761]",stable,0.1860064426564561,1534,"[0.23897564398963142, 0.531662750648531, 0.5843530167926083, 0.28155104974024453]"
"[0.23062504318066632, 0.6196408696443612, 0.3483425153540824, 0.36170402115607553]",stable,0.5036358682764509,1535,"[0.1994683640392272, 0.3401266365727151, 0.7616436729519114, 0.3006115028079501]"
"[0.298830487824139, 0.29307794965239786, 0.8269919309612008, 0.3722946143490323]",stable,0.15706544028576475,1536,"[0.30763101516256375, 0.3916793253113884, 0.7086656966282556, 0.4017695908115563]"
"[0.29887910952214136, 0.29362270863393924, 0.8263381948599139, 0.3724574595228584]",stable,0.06073611245939741,1537,"[0.25984508323999256, 0.3076580914693149, 0.8026554215571401, 0.33494273672981417]"
"[0.29866463685026146, 0.2936998261220457, 0.8262080697318767, 0.37225133467234717]",stable,0.18751454022226374,1538,"[0.16430317766174773, 0.39757921745508623, 0.7576837760395263, 0.33197486126985243]"
"[0.29793042122628055, 0.2942674730692208, 0.8258336200395688, 0.37203124465375437]",stable,0.1086274378972935,1539,"[0.2297904492049444, 0.2292789058004816, 0.8183938593266665, 0.3183842450922393]"
"[0.29756009529138194, 0.29391427433406464, 0.8257931865574335, 0.3717396848735287]",stable,0.1381343794343901,1540,"[0.20995388345933103, 0.294337946646246, 0.7754726742162557, 0.27753817230788497]"
"[0.29708654820039787, 0.293916564454671, 0.8255211837880216, 0.371230487508309]",stable,0.1182078006865698,1541,"[0.26303939527283404, 0.18504612649278385, 0.801179997217953, 0.35203127150788643]"
"[0.2969034989911099, 0.29333123951939205, 0.8253903171935589, 0.37112726591690887]",stable,0.06923486454280278,1542,"[0.27558135504152176, 0.3577230076014955, 0.8280954297503564, 0.35751788624813075]"
"[0.2967894768309517, 0.29367558052517867, 0.8254047830361088, 0.371054488485525]",stable,0.2111200723623412,1543,"[0.2103451073458831, 0.3518917946361083, 0.6934080689447253, 0.24343475716517987]"
"[0.29632966635496727, 0.2939852412385347, 0.8247026728547716, 0.37037566012743806]",stable,0.32388152004136883,1544,"[0.22986831646801864, 0.4969788578739086, 0.5829662347992779, 0.34140646757663506]"
"[0.33313763909731153, 0.49323804097130786, 0.5960669548901222, 0.4355987612134367]",stable,0.2165883509010155,1545,"[0.17898971913057588, 0.3915578234994682, 0.6592527636643646, 0.34169658093856475]"
"[0.33194269398129034, 0.4924498222312161, 0.5965567673612404, 0.43487083733533693]",stable,0.08206666484178081,1546,"[0.2911480776816888, 0.45842669955661985, 0.5793603441278933, 0.3747256221418534]"
"[0.3316288892405242, 0.4921881059029499, 0.5964244871825223, 0.4344081818338486]",stable,0.2400338363586527,1547,"[0.17758269161247753, 0.5182434062016853, 0.41520172971071145, 0.4152915635646775]"
"[0.23062504318066632, 0.6196408696443612, 0.3483425153540824, 0.36170402115607553]",stable,0.20707414306478508,1548,"[0.15943156594053362, 0.5691246711399028, 0.535670328242377, 0.37464982092356874]"
"[0.23062504318066632, 0.6196408696443612, 0.3483425153540824, 0.36170402115607553]",stable,0.2183402416277496,1549,"[0.17163581673450526, 0.5177019738678574, 0.5273860723866395, 0.3199356301127974]"
"[0.1515851542044779, 0.49912296265030764, 0.4570016114234423, 0.3054507118853996]",stable,0.2875545215576866,1550,"[0.36734524515639244, 0.5129831455171416, 0.44593665327758614, 0.4947141474793357]"
"[0.33190153317881327, 0.49234684666336365, 0.595275725091645, 0.4348685327166386]",stable,0.3159117759718833,1551,"[0.5315917827958105, 0.6404749808835954, 0.40131517331558364, 0.45387944044797923]"
"[0.620643360382734, 0.6163211586499856, 0.4144677811606971, 0.5470789997258014]",stable,0.09535294281349461,1552,"[0.5772190600211611, 0.6046892069065183, 0.4801700003835018, 0.5995616628550446]"
"[0.6202784502956621, 0.6162234111563429, 0.4150199006499644, 0.5475200305084001]",stable,0.18048376919129022,1553,"[0.7283508715572329, 0.5315410644311032, 0.2978951178369875, 0.5498498606043026]"
"[0.6211790538061752, 0.6155177249336327, 0.4140438607931896, 0.5475394457591992]",stable,0.22495568191352477,1554,"[0.7999808976536728, 0.6126601670846472, 0.4085462015203855, 0.6839086855736599]"
"[0.8597287565714528, 0.682384333191309, 0.4104362005462183, 0.7100407554502328]",stable,0.16178438077467988,1555,"[0.7911794320458596, 0.5535841080687947, 0.34311133388096, 0.6912513886001672]"
"[0.8595807018748531, 0.6821061469599429, 0.41029079046702766, 0.7100001736643795]",stable,0.12312219428459299,1556,"[0.8886633378799119, 0.6123935707089614, 0.31358880915606024, 0.6998928232977045]"
"[0.8596433799696916, 0.6819559043387122, 0.4100823810245472, 0.7099783905816928]",stable,0.08306449147261856,1557,"[0.8143082144805769, 0.6142800237139482, 0.3963389042460482, 0.7186688762632208]"
"[0.8595458849901452, 0.681810364810487, 0.4100528251605074, 0.7099970797982121]",stable,0.18025523360198234,1558,"[0.9861409035035864, 0.5865286786108985, 0.33477655148036456, 0.6685177665893114]"
"[0.8598175481200024, 0.6816058976727195, 0.40989128809252423, 0.7099080683964764]",stable,0.0733654914567568,1559,"[0.7948388034935411, 0.6612745590831198, 0.38569225330820933, 0.6972076168248531]"
"[0.8596784073392176, 0.6815623616157824, 0.4098394700308876, 0.7098808725686999]",stable,0.05340972724248956,1560,"[0.8939583205605738, 0.6732324157322602, 0.4279252639928697, 0.6740897763016708]"
"[0.859751655017041, 0.6815445625861168, 0.4098781148897807, 0.7098043958672747]",stable,0.34089945156177703,1561,"[0.6698002388784373, 0.44285448069671746, 0.4833876392006663, 0.5765591699667626]"
"[0.621580881781979, 0.6140907559729971, 0.41461694987093733, 0.5477792781906666]",stable,0.23918363018036498,1562,"[0.6653872236570855, 0.4169169459365803, 0.5194350118234922, 0.6214371079307037]"
"[0.6219399501580045, 0.6124745772022068, 0.41547611431317133, 0.5483830308934539]",stable,0.2365696158674805,1563,"[0.7689072625406065, 0.4687063871052954, 0.45834363410559253, 0.6572814950967046]"
"[0.6231348063562371, 0.6113057301282482, 0.41582463073424797, 0.54926838426096]",stable,0.2923071459832911,1564,"[0.8636078063839856, 0.4689006661813917, 0.48966477682874476, 0.5926807608094353]"
"[0.8597598770881859, 0.6810911640863201, 0.4100482357041495, 0.7095546653021194]",stable,0.10179408899954595,1565,"[0.8087579513869482, 0.60312555222558, 0.4510406433837488, 0.708203365992989]"
"[0.8596513623526514, 0.6809252798057653, 0.4101354535928295, 0.7095517901972064]",stable,0.10269979095706272,1566,"[0.8646232703336937, 0.5977356973373212, 0.4401873633250381, 0.6576008201983166]"
"[0.8596619184205517, 0.6807486564884225, 0.41019925807209107, 0.7094414908978456]",stable,0.06147220379951281,1567,"[0.8069089812832994, 0.7106463031580176, 0.4144640909260399, 0.7002817208292321]"
"[0.859550153723227, 0.6808119989601802, 0.41020829373491724, 0.7094220846053274]",stable,0.15901312398063497,1568,"[1.0, 0.6601322197418771, 0.42739692366188015, 0.7789628065718684]"
"[0.8598470878591187, 0.6807682784967165, 0.4102446333330715, 0.7095691051591679]",stable,0.09138521296788693,1569,"[0.9284913547211824, 0.627751636353082, 0.3822825278072512, 0.7027442911300157]"
"[0.8599919069875197, 0.6806564290407172, 0.4101856415492618, 0.7095547068173342]",stable,0.14773279428245334,1570,"[0.9678857605654468, 0.6751651936793904, 0.40767648970764647, 0.8102892359414073]"
"[0.8602190519424205, 0.6806448685452197, 0.4101803591243321, 0.7097667795102269]",stable,0.17956636206867102,1571,"[0.7777086599183568, 0.6357593109549791, 0.5493841165522643, 0.7733569849853705]"
"[0.8600457107827061, 0.6805505711553242, 0.41047280399287817, 0.7099003723788722]",stable,0.4071915461419614,1572,"[0.7543173464884898, 0.4032386800089022, 0.6701779550995026, 0.6085207997291964]"
"[0.5287540149428983, 0.5155301958546101, 0.7709862396948796, 0.5648104553398594]",stable,0.2808180761250885,1573,"[0.7572574703592093, 0.36164665988432404, 0.7644206532859431, 0.5107575814681543]"
"[0.5297926670129725, 0.5148307252365634, 0.7709563961202935, 0.5645647604586244]",stable,0.16847571011272497,1574,"[0.5662387384797466, 0.3596398722473071, 0.7261230061911707, 0.5335564540141248]"
"[0.5299575813635008, 0.5141285041823134, 0.7707535301025147, 0.56442445137969]",stable,0.20943292017727805,1575,"[0.5228780506479522, 0.34871633723363704, 0.8721297690359534, 0.4858515457195116]"
"[0.5299256915855028, 0.5133834043311932, 0.77121017982744, 0.5640705193722116]",stable,0.29181332104231206,1576,"[0.34163795867791347, 0.33472192439584847, 0.8008648779883042, 0.4340573721963809]"
"[0.2965693927693744, 0.29420077924465804, 0.8245765469560074, 0.3707126004029351]",stable,0.11081159753218484,1577,"[0.3704828222680539, 0.2650013161438668, 0.8900464215486106, 0.41166503577414326]"
"[0.2969584108193674, 0.29404709785991706, 0.8249211252433368, 0.3709281395364678]",stable,0.2888037266438807,1578,"[0.46860030764193605, 0.4214008854141136, 0.766747770071037, 0.5562482013812182]"
"[0.5296506898637828, 0.5129709266678879, 0.7711901690213576, 0.5640354417130592]",stable,0.17486361989738222,1579,"[0.6880968702345328, 0.46294689754608825, 0.738835444245757, 0.5201849937717622]"
"[0.5303580388832951, 0.5127476051093084, 0.7710457282857522, 0.5638396807847499]",stable,0.21396700431566693,1580,"[0.6465719753884653, 0.5371336439736413, 0.5965188784875488, 0.5987953628095007]"
"[0.6233238157839164, 0.6107075681431304, 0.4172818424096778, 0.5496677953782869]",stable,0.21590261271174482,1581,"[0.7361014168969605, 0.5647491027600884, 0.5215162108892452, 0.6942989356982273]"
"[0.8597858694957339, 0.68030780078133, 0.4107055993951766, 0.7098676649644473]",stable,0.4058405492933348,1582,"[0.6316258221941535, 0.5605421955475339, 0.7150011139192403, 0.6343032294833678]"
"[0.5308081179202322, 0.5129600255112561, 0.7707966411107899, 0.5641528521122993]",stable,0.12185401564583585,1583,"[0.6336745678682071, 0.529845874181205, 0.7303179653876786, 0.5157458326779738]"
"[0.5312632792031878, 0.5130347416558134, 0.7706175319261744, 0.56393866176082]",stable,0.15158133088354708,1584,"[0.5598388261664461, 0.6601184794355873, 0.7847805214235231, 0.5458798191233001]"
"[0.5313891626699864, 0.5136826876372221, 0.7706799239503919, 0.5638591073879674]",stable,0.22922959782857658,1585,"[0.47257083515557263, 0.44622103437287836, 0.9730413358355549, 0.5039809211450376]"
"[0.5311311875493092, 0.5133868031930803, 0.7715674740025197, 0.5635964837640949]",stable,0.25553074643840856,1586,"[0.4416918331122956, 0.36010485342740406, 0.8984262277339929, 0.4305248311441975]"
"[0.2977161774282309, 0.294392949983307, 0.8253059687118743, 0.37124016409985905]",stable,0.21231729947068717,1587,"[0.3418946050034916, 0.4164071807375929, 0.6693524471366789, 0.43383352471612424]"
"[0.33197723826839415, 0.491771546163926, 0.5958369123798648, 0.43486069174693776]",stable,0.07339994664028814,1588,"[0.3543544905953726, 0.4776319139530345, 0.5274398466701016, 0.43190722796233927]"
"[0.3321454882858902, 0.49166523313978394, 0.5953226487279117, 0.4348384852523167]",stable,0.24496332289606718,1589,"[0.23504478434408083, 0.6306455767564239, 0.43090768261984863, 0.36979491626834177]"
"[0.2306371189761948, 0.6196709371501319, 0.3485681032427867, 0.3617261274268741]",stable,0.213321664413621,1590,"[0.13807777012629008, 0.5972205169122509, 0.5364607436142405, 0.32809230852290094]"
"[0.15137075128260194, 0.5006800666862116, 0.458262867489963, 0.3058101023082171]",stable,0.13780008656794926,1591,"[0.16102455844986585, 0.5332669035898195, 0.3891857062582648, 0.42009969816934184]"
"[0.23044743897476064, 0.6194355038161802, 0.3486787779104038, 0.36188518347794346]",stable,0.0883214210713448,1592,"[0.1937558789175176, 0.5574008243874045, 0.32694702772007067, 0.3156917594604331]"
"[0.23034773364851813, 0.6192669313177324, 0.34861972424140836, 0.3617596578692002]",stable,0.12360672783285984,1593,"[0.2046244092681477, 0.5701663952061274, 0.45762393923825617, 0.34375543017560317]"
"[0.23034773364851813, 0.6192669313177324, 0.34861972424140836, 0.3617596578692002]",stable,0.09310077282778016,1594,"[0.19150433408536802, 0.6059153322041533, 0.4242785625449483, 0.32631365387472333]"
"[0.23024246698303533, 0.6192307481223026, 0.34882476174358595, 0.36166359823777894]",stable,0.23533632535894744,1595,"[0.0, 0.6123492401400452, 0.3959523947005936, 0.3718234944369506]"
"[0.23024246698303533, 0.6192307481223026, 0.34882476174358595, 0.36166359823777894]",stable,0.04981773129928827,1596,"[0.20127727397404085, 0.6040977417767027, 0.3800700098348895, 0.3825813069176681]"
"[0.23016418267760563, 0.6191898481051523, 0.34890920836004896, 0.3617201325855624]",stable,0.11727639684399094,1597,"[0.3377500384334853, 0.6129158548211318, 0.3480946540495381, 0.31547069575081166]"
"[0.2304541715071363, 0.6191729370720417, 0.34890701279586966, 0.36159547103075174]",stable,0.12928439207501868,1598,"[0.15773138901620945, 0.7150279318179262, 0.36552368974752114, 0.40588493896992883]"
"[0.23025868015635423, 0.6194306117891005, 0.34895168128229886, 0.36171452874026566]",stable,0.053696128791054586,1599,"[0.18810923558421105, 0.6320887473046054, 0.37506287894175455, 0.37798338031206696]"
"[0.2301456789644718, 0.6194645478092493, 0.3490216844931821, 0.36175814496431874]",stable,0.09798744835967209,1600,"[0.1588285569405443, 0.6363326601192483, 0.3075015682529372, 0.3116886444998898]"
"[0.2299549914724292, 0.6195096497138215, 0.3489106681395986, 0.36162426929462776]",stable,0.13995154746802888,1601,"[0.2985353232515522, 0.650629619437864, 0.46159855287988677, 0.3964977814334352]"
"[0.23013787235717356, 0.6195926362997523, 0.34921116916557265, 0.3617172653269979]",stable,0.40409528683756174,1602,"[0.3422398541569473, 0.5206390661615743, 0.7144454456125151, 0.27489410720612784]"
"[0.33222081937448017, 0.49188145577427494, 0.5962116248240655, 0.433644870490778]",stable,0.23931396898233315,1603,"[0.3804960897976527, 0.5569771601348279, 0.7601323035633886, 0.5880250323351348]"
"[0.5304733923626207, 0.513577154096756, 0.7715175387604274, 0.5637031586486846]",stable,0.1494255574446779,1604,"[0.3968062017343674, 0.499377978548913, 0.781453183222417, 0.49919931573921594]"
"[0.529892230664237, 0.5135154185508958, 0.7715607372146099, 0.5634227071577739]",stable,0.14472430966322605,1605,"[0.42211387991899046, 0.5998772141754753, 0.7349905234140258, 0.5865141046297738]"
"[0.5294256577172879, 0.5138892791380152, 0.7714024246007546, 0.5635226699173929]",stable,0.0912315255830615,1606,"[0.5344708365618651, 0.4651960620473195, 0.7021132169966995, 0.597074327843635]"
"[0.5294474041778249, 0.5136793945815898, 0.771103764223151, 0.5636672891325922]",stable,0.12660948409201953,1607,"[0.5001914349193656, 0.5676632534575474, 0.8464016766690186, 0.6448462093456043]"
"[0.5293218420780033, 0.5139110849630317, 0.7714269312293563, 0.5640156965154808]",stable,0.2289571491439252,1608,"[0.507075317152108, 0.6977860588901151, 0.9048475438413073, 0.5462561253944981]"
"[0.5292267714586618, 0.5146968754498996, 0.771997104787527, 0.5639398009123997]",stable,0.20590344940161698,1609,"[0.4359712685359327, 0.6012801007212262, 0.874610483714577, 0.6891335755855099]"
"[0.5288299395313311, 0.5150653147063734, 0.7724337574638124, 0.5644725403790938]",stable,0.25742766864153027,1610,"[0.28292648179479285, 0.5740502416922543, 0.7286294822078682, 0.5845338941021071]"
"[0.3318556761331492, 0.4924901134477414, 0.5971924978417232, 0.4347625669619731]",stable,0.1653686053675965,1611,"[0.20429735218150222, 0.5127271367609045, 0.6895432334323187, 0.3885299577432737]"
"[0.33091774728056356, 0.49263891508974994, 0.5978715473681246, 0.4344226213059532]",stable,0.2063272384777107,1612,"[0.20783185034435347, 0.6162412571826013, 0.6762165585039005, 0.5119165666987624]"
"[0.33001931007664964, 0.49354112196634015, 0.5984434087632763, 0.4349882705423971]",stable,0.18001150587197012,1613,"[0.2613145156972214, 0.6469743246996642, 0.5489647503294122, 0.4761453857735999]"
"[0.32952144924781324, 0.4946529567687556, 0.5980848677601324, 0.43528651050784056]",stable,0.22081042417163455,1614,"[0.18459204715235214, 0.5772448253648957, 0.49880907268610486, 0.3300457789191304]"
"[0.23013787235717356, 0.6195926362997523, 0.34921116916557265, 0.3617172653269979]",stable,0.20377505528615528,1615,"[0.2960466764993439, 0.5935789625617343, 0.536683023989643, 0.398566893831222]"
"[0.3292806235445868, 0.49536465465215834, 0.5976431278768914, 0.43502234060369227]",stable,0.1749119535968953,1616,"[0.17772466441444607, 0.4666902694162819, 0.5474048757168557, 0.36960918891020805]"
"[0.23013787235717356, 0.6195926362997523, 0.34921116916557265, 0.3617172653269979]",stable,0.17214653348987588,1617,"[0.2770923832199623, 0.5472771489403472, 0.49314669636450403, 0.4002235920818913]"
"[0.32890785039941095, 0.4957354581827883, 0.5968967247946602, 0.43477377811425083]",stable,0.31946265352517494,1618,"[0.13202290858245114, 0.6189192661638044, 0.4578540081802648, 0.26511064396053025]"
"[0.23013787235717356, 0.6195926362997523, 0.34921116916557265, 0.3617172653269979]",stable,0.22121906077082398,1619,"[0.28924673700184683, 0.5656652073160742, 0.5554424812543285, 0.36383700259934054]"
"[0.32862656590722966, 0.49623141385040026, 0.5966027230674238, 0.4342706804155635]",stable,0.10223178394170661,1620,"[0.3983236247276143, 0.5610048317441163, 0.5813323011515862, 0.4001403978417265]"
"[0.3291173902651197, 0.4966875646806376, 0.5964951848849179, 0.43403032631293087]",stable,0.10321643753128042,1621,"[0.42089491425006864, 0.4890134584249763, 0.6412469729567101, 0.42103399508465494]"
"[0.32975919113214736, 0.4966338996019267, 0.5968081344518535, 0.4339394428777681]",stable,0.1675325161951516,1622,"[0.45292485685566697, 0.5457929809727479, 0.6190448632170759, 0.533870796226754]"
"[0.33061450825522737, 0.49697528211144637, 0.5969625561793898, 0.43463341060935823]",stable,0.24279377020597434,1623,"[0.45988188016144554, 0.4840318779748613, 0.8020266496089395, 0.4390996491346562]"
"[0.5285377867373908, 0.5149338170931043, 0.7725591510745968, 0.5639412993144987]",stable,0.10618428005804735,1624,"[0.45267044450142363, 0.4613733006499444, 0.7961895680404405, 0.5182015771262427]"
"[0.5282176713693065, 0.5147078233528377, 0.7726588574752965, 0.5637483047061094]",stable,0.2218947805889603,1625,"[0.5343156834178898, 0.6572082922809439, 0.6097870197723246, 0.6123948743714497]"
"[0.5282432932686704, 0.5153065648189222, 0.771974522022763, 0.5639527020576445]",stable,0.25742392895300514,1626,"[0.6830249646703173, 0.6310608345229505, 0.6021712876711196, 0.572757476031031]"
"[0.6238014249750077, 0.610870394274169, 0.4187609579717694, 0.5498525128235089]",stable,0.26591419941911665,1627,"[0.7473705683881272, 0.6453560649307978, 0.6515859895352383, 0.5431988337141832]"
"[0.7224040125375079, 0.6418597742304535, 0.7392392452516796, 0.7203328395551994]",stable,0.28394477969500387,1628,"[0.8586821452053481, 0.676012580090554, 0.49373004430295914, 0.7450659463963119]"
"[0.8597835604491013, 0.6802988149639854, 0.41087929070251505, 0.7099413015364806]",stable,0.3054700545674792,1629,"[0.6117581557870267, 0.580493140262943, 0.5418016800289555, 0.6414321185739131]"
"[0.6237058434735158, 0.6106293049566196, 0.41973747163888986, 0.5505793350913692]",stable,0.2679635645922599,1630,"[0.5735646179571476, 0.47946589468944706, 0.640036758744132, 0.6102007520546923]"
"[0.5284329222422623, 0.5151566038560373, 0.7714224811722248, 0.5641462085429877]",stable,0.14658525446261822,1631,"[0.47535700806225606, 0.4258621265693049, 0.6680106638909531, 0.5657822196985853]"
"[0.5282117725998456, 0.5147845435340093, 0.7709915986002195, 0.564153025256136]",stable,0.2541347783097411,1632,"[0.41829004227464556, 0.3669971681095773, 0.6690613534384676, 0.4217774109983621]"
"[0.33121916711053373, 0.49607888132522654, 0.5974597892639352, 0.4345447485430755]",stable,0.3488216941581568,1633,"[0.3215956912537398, 0.23919598388529328, 0.8324312130589909, 0.4149598045709984]"
"[0.2978405498960721, 0.2941054657848799, 0.8253430793595156, 0.37146787056064623]",stable,0.13643931763364459,1634,"[0.4088264696155839, 0.31742374400843987, 0.8198800466406985, 0.4471264866896135]"
"[0.2984156064749297, 0.2942262858793025, 0.8253147734905061, 0.3718598841157186]",stable,0.14310326311926058,1635,"[0.3661557197706217, 0.28688709511455174, 0.8773710910672701, 0.4864290642879308]"
"[0.2987647823166601, 0.2941884549990718, 0.8255831050244069, 0.3724504469001114]",stable,0.08144908360913299,1636,"[0.2640356569263672, 0.23202739788086574, 0.7866194061942873, 0.3656921762769635]"
"[0.29858668423773554, 0.2938696803471836, 0.8253832911842525, 0.37241578910204404]",stable,0.19456263233770904,1637,"[0.2675138927893744, 0.13195338091083625, 0.887980360217205, 0.2902341703597237]"
"[0.2984281495874888, 0.2930435767786308, 0.825702663985441, 0.37199649512886895]",stable,0.18611384185740265,1638,"[0.3468518746299739, 0.1911140020983802, 0.9235403207609164, 0.2609484888157452]"
"[0.2986739552983644, 0.2925261677701016, 0.8261993018370931, 0.37143279966535053]",stable,0.16717269786360764,1639,"[0.2642290091656805, 0.1489093937700993, 0.8993254799166192, 0.39948704893755993]"
"[0.2984999909239569, 0.2918008305276773, 0.8265686259688079, 0.37157448779298796]",stable,0.13477879166971082,1640,"[0.2756180922089465, 0.24253363818386087, 0.9498774912468118, 0.3685070951621367]"
"[0.2983850065083036, 0.2915532566968039, 0.8271882685078933, 0.37155907375966707]",stable,0.19947673501349628,1641,"[0.4030291050199699, 0.41497012161000313, 0.8336925661852855, 0.4880346163643112]"
"[0.5276923424439125, 0.5143703758081835, 0.7712517685901991, 0.5638371812358379]",stable,0.21430255844298265,1642,"[0.4666140866682737, 0.3815947297306066, 0.7758674458305753, 0.4071707950551758]"
"[0.2992261519091034, 0.2920034640619729, 0.8269316643945068, 0.3717371323661446]",stable,0.4344433971929033,1643,"[0.5714506035411677, 0.3900199997105118, 0.556584150245139, 0.5504544891920798]"
"[0.5278731617046449, 0.5138565312788542, 0.7703647123160459, 0.5637818808554917]",stable,0.3144332827463105,1644,"[0.6618180655769635, 0.45881850071125074, 0.4914337428741777, 0.5735482262679638]"
"[0.6240059397105508, 0.6094339442932702, 0.4203020092076717, 0.5507601925022085]",stable,0.18498705417815467,1645,"[0.7700144386228099, 0.597005504535071, 0.5164351500901172, 0.6099689888770131]"
"[0.6251466311083028, 0.6093368471076593, 0.4210530493708158, 0.5512227612238867]",stable,0.24351354310292664,1646,"[0.7500550728908503, 0.6465801297977529, 0.43916106061952703, 0.7561172820610218]"
"[0.8595544821869756, 0.6802284210492333, 0.41093833406351093, 0.7100377023308951]",stable,0.3589457641211717,1647,"[0.6551433912427067, 0.5961984516778194, 0.6462407177430816, 0.5530984785477471]"
"[0.5283969075052131, 0.5141953869183561, 0.7698539139844698, 0.5637379162369415]",stable,0.4534368837020751,1648,"[0.8598162139760873, 0.5767710425999367, 0.47415718330957357, 0.6301757186088746]"
"[0.8595550274615362, 0.6800128848441306, 0.4110700399994403, 0.709871323198141]",stable,0.1696603200052368,1649,"[0.8026688982152101, 0.637870479079695, 0.5531433358452815, 0.6499731702421827]"
"[0.8594367610805668, 0.6799252706949322, 0.41136541067687443, 0.709746794813617]",stable,0.12495158320584689,1650,"[0.9591062180381218, 0.6579253680847538, 0.34171755110137086, 0.7282961192521878]"
"[0.8596435441862879, 0.6798796277434589, 0.41122091304290037, 0.7097852788892157]",stable,0.14569575624352993,1651,"[0.9207561604397804, 0.7308953320493518, 0.4983297282107351, 0.7952367490711685]"
"[0.8597700713420922, 0.6799852503196615, 0.4114012625567054, 0.7099621970469424]",stable,0.14827608334376974,1652,"[0.8908331508989732, 0.5885442437487274, 0.47858695849726246, 0.800214657171245]"
"[0.859834251258532, 0.6797963226201348, 0.4115400759780702, 0.7101486690719926]",stable,0.14490219872687096,1653,"[0.9909010347588437, 0.6424593726960142, 0.4549110912695613, 0.7334521594052659]"
"[0.8601044920492543, 0.6797193392182294, 0.4116295007518671, 0.7101967175056695]",stable,0.09479766968746327,1654,"[0.9308265299073036, 0.6750958713454205, 0.4540741683256421, 0.7566947312133416]"
"[0.86025001064567, 0.6797098259098492, 0.411716835458809, 0.7102923924309938]",stable,0.14589233719450811,1655,"[0.9771268956220324, 0.6988106701782025, 0.4934560209515359, 0.7343388290385229]"
"[0.8604900042493175, 0.6797490473559854, 0.4118846777288146, 0.710341769097539]",stable,0.14581876852689996,1656,"[0.9418533810790307, 0.7204680090386084, 0.32858117746070575, 0.7880952717076336]"
"[0.860656732480526, 0.6798324878512366, 0.41171397383482256, 0.7105011000455105]",stable,0.15279760672462325,1657,"[1.0, 0.6599239001000639, 0.38681502418703123, 0.7644849203804918]"
"[0.8609416880378256, 0.6797917749928498, 0.4116630557373833, 0.7106114964061138]",stable,0.11487540089547364,1658,"[0.8887155094399615, 0.7478601317211568, 0.3651950257879681, 0.7856607707566778]"
"[0.8609983693059932, 0.679930690006581, 0.4115682230232008, 0.7107646581905027]",stable,0.15802860745578098,1659,"[0.9457735341571492, 0.7942900279180437, 0.4616807757218204, 0.7576356096780991]"
"[0.8611710274828794, 0.6801636010817572, 0.41167028524865623, 0.7108601183768318]",stable,0.14367989821129856,1660,"[0.9700241210445738, 0.6914739805833174, 0.37987789465929955, 0.7983600405950978]"
"[0.8613922736080047, 0.68018658965798, 0.41160566656859654, 0.7110379637471941]",stable,0.1715783245678915,1661,"[0.9364184512980746, 0.6646993251309266, 0.25922780524989847, 0.7297816597581595]"
"[0.8615444565242119, 0.6801551753283104, 0.4112965836855972, 0.7110759834145591]",stable,0.21099765055835057,1662,"[0.8414537362975689, 0.6002495697993505, 0.4684305369471337, 0.5254226045288588]"
"[0.8615037870500689, 0.6799934230903976, 0.41141223946143024, 0.7107001668581103]",stable,0.36926317782154255,1663,"[0.5905433361645231, 0.5583193217123096, 0.5531251453880793, 0.5432230224519994]"
"[0.6248783885118394, 0.6089413624146721, 0.42207686406862405, 0.5511607477450349]",stable,0.2173917529240063,1664,"[0.52493574424043, 0.48550277930385727, 0.5323974747015459, 0.4518485069859802]"
"[0.33254599298128645, 0.4960064422702857, 0.5970141569724119, 0.43466326743652006]",stable,0.19055422809402517,1665,"[0.3901177058432133, 0.5736604434457827, 0.4402179742954713, 0.4834610637190266]"
"[0.33293763728646963, 0.49653470078168366, 0.5959475162739293, 0.43499522523436024]",stable,0.2834217523934248,1666,"[0.3598522297368098, 0.5072718797001895, 0.31410227833757126, 0.44216943490941374]"
"[0.23048285735020452, 0.6192939108832641, 0.3491177944559237, 0.3619312338631213]",stable,0.15037913634811723,1667,"[0.25686235341393465, 0.5014983263359565, 0.37912439534611064, 0.44644047004712906]"
"[0.2305528294883046, 0.6189814557518389, 0.34919738756173324, 0.3621553962933176]",stable,0.08327910489775751,1668,"[0.2833181228726548, 0.64988902445332, 0.3982672310323003, 0.39022861814925053]"
"[0.23069242021154363, 0.6190632218066048, 0.34932720196244904, 0.36222966407600526]",stable,0.10965324462459156,1669,"[0.25500018273736497, 0.5495567655198982, 0.38015054142373683, 0.2870516020059628]"
"[0.2307565567881289, 0.6188798274628404, 0.34940853003490624, 0.36203130507318193]",stable,0.10402675328664629,1670,"[0.29565124365182505, 0.5824257322010055, 0.338699494450294, 0.29015181904474563]"
"[0.23092733227987544, 0.618783895633204, 0.34938034836231513, 0.36184214853100183]",stable,0.09829687916696246,1671,"[0.27373456646881444, 0.6171485433252254, 0.4036366680321996, 0.43172343754147907]"
"[0.23103968722525325, 0.6187796033699284, 0.3495227534008188, 0.36202556398772223]",stable,0.25958494258437687,1672,"[0.15626263614837718, 0.495591795413586, 0.5641904189679472, 0.3851619504741921]"
"[0.23103968722525325, 0.6187796033699284, 0.3495227534008188, 0.36202556398772223]",stable,0.39438455456791083,1673,"[0.2529642881070345, 0.3387877304734532, 0.6263999795884563, 0.36059675732902924]"
"[0.332397276819041, 0.4954688428741956, 0.5961532761611895, 0.4344925328836486]",stable,0.12916310900261446,1674,"[0.33304640523779144, 0.4244177753946618, 0.6061932851887473, 0.32709778725676736]"
"[0.3324016333856098, 0.49499199007231953, 0.5962206587721127, 0.43377176277877016]",stable,0.20631417021798074,1675,"[0.30314943144581663, 0.34485057671391267, 0.7202854997170575, 0.37232815651698686]"
"[0.29924567071276864, 0.2922663850204403, 0.8264010864607881, 0.37174007278480553]",stable,0.15763229015441474,1676,"[0.23837730005957503, 0.41058281008137876, 0.9101523347978618, 0.3603412870542036]"
"[0.29894434214517857, 0.2928521098969796, 0.8268156966010706, 0.37168364315247576]",stable,0.07578103186880693,1677,"[0.34805701007158424, 0.24649296671809157, 0.8313749560089456, 0.40575347786916904]"
"[0.29918627646993917, 0.2926237397335368, 0.8268381560070207, 0.37185147485058756]",stable,0.09368680100869928,1678,"[0.22624216944933373, 0.2835673477303971, 0.8691610076188552, 0.33206288440636367]"
"[0.2988287073178774, 0.29257934565509003, 0.8270456209659023, 0.37165643274056687]",stable,0.32791337005033216,1679,"[0.04692630421537988, 0.26591375635505937, 0.8982451735452597, 0.1759731998647419]"
"[0.29759991510762135, 0.29244926960972406, 0.8273929358565333, 0.37070188038507507]",stable,0.2051313708873281,1680,"[0.146801918521769, 0.23554207540269315, 0.8433313167909776, 0.24481946378736424]"
"[0.29686788599798125, 0.29217302109415594, 0.8274703066377684, 0.37009080069285316]",stable,0.19917267256849483,1681,"[0.13685531211458463, 0.27579606161187425, 0.9448007453138143, 0.3645146859621705]"
"[0.29609487839467985, 0.29209390534786467, 0.8280371203511793, 0.37006386294053106]",stable,0.28451188645156866,1682,"[0.15566908414506445, 0.09797951840712907, 0.8860676630934969, 0.22800869501887677]"
"[0.2954197543838644, 0.2911606631029573, 0.8283161133451327, 0.36938090540244617]",stable,0.07443556110059972,1683,"[0.27252414225178645, 0.2599975861072301, 0.8893288948749863, 0.38734606122162246]"
"[0.2953102060004574, 0.2910115574713988, 0.828608040529486, 0.36946686308579146]",stable,0.17262435965191386,1684,"[0.14206573963373356, 0.2322946393955523, 0.8420562813563841, 0.3176327871940825]"
"[0.2945804704463301, 0.29073195309960903, 0.8286720797715188, 0.36922003415297383]",stable,0.08914802579685308,1685,"[0.23312041571904962, 0.27741022331486853, 0.8845545431840643, 0.3397291207238524]"
"[0.29428919056610603, 0.29066881693949176, 0.8289369255696826, 0.36908026679075057]",stable,0.09988997618186878,1686,"[0.2713223668133715, 0.36446467239453945, 0.8679463625316634, 0.4189096546446275]"
"[0.2941808564918007, 0.29101691059729856, 0.829120932347805, 0.36931531107308013]",stable,0.09403208486977005,1687,"[0.2950104949850156, 0.3684352659877258, 0.8163711675648191, 0.4211340956163927]"
"[0.2941847515082007, 0.2913803770545306, 0.8290610742971807, 0.36955859175168726]",stable,0.11484394140169998,1688,"[0.32604213272700944, 0.36875546120980096, 0.8687698199390772, 0.4374596227458378]"
"[0.2943336177755783, 0.29174194286834026, 0.8292466291833578, 0.36987588628904305]",stable,0.22375867124462803,1689,"[0.4937607135953212, 0.3802355319874854, 0.8458989454572646, 0.4166558120862299]"
"[0.5282549558908283, 0.5136463711194591, 0.7701655739495222, 0.563135120728127]",stable,0.20394985376893224,1690,"[0.41098106668108625, 0.382104004762853, 0.8414089602130622, 0.4892205516026937]"
"[0.2948761640495574, 0.2921622315283147, 0.8293031981648914, 0.37043097775561823]",stable,0.3253497508576844,1691,"[0.5056464842415466, 0.5001225747887097, 0.8639820208209783, 0.500731428251885]"
"[0.5281626764147087, 0.5135911719507622, 0.770548498222467, 0.5628804117792444]",stable,0.08596921295130978,1692,"[0.5800291592874551, 0.5023048028895932, 0.8165658756971031, 0.5133264777916114]"
"[0.52837351577598, 0.5135452924017331, 0.7707355607325265, 0.5626789730231971]",stable,0.04250014420119902,1693,"[0.5217106142997342, 0.49268464822569136, 0.7752498808372643, 0.5265358901498023]"
"[0.5283465404663596, 0.5134608363524373, 0.7707538373321408, 0.5625326447524547]",stable,0.17669551711674686,1694,"[0.45439775824226153, 0.5262438595453192, 0.8670110054165875, 0.43476709662957336]"
"[0.5280483598928754, 0.5135123808007956, 0.7711419710744168, 0.5620174610906689]",stable,0.11974951326225014,1695,"[0.5847784560135367, 0.5642345258976276, 0.8554955083948196, 0.5998775569568667]"
"[0.5282761916042034, 0.5137160841947588, 0.7714807403006032, 0.5621695096684448]",stable,0.18197647821579188,1696,"[0.6109865484743668, 0.6374277834284723, 0.7041805724873844, 0.6424224745685192]"
"[0.7122751521681314, 0.6414568659757278, 0.7360520931821983, 0.7132500791018649]",stable,0.1345563394442567,1697,"[0.7048767984926426, 0.635417941280938, 0.6173370571893976, 0.650632633726881]"
"[0.711658622695174, 0.6409536222511619, 0.7261591735161316, 0.7080319586539496]",stable,0.3001609507905841,1698,"[0.6219572748468283, 0.5885549660195687, 0.4567153849867215, 0.6261497858582833]"
"[0.624855918406724, 0.6087845439808637, 0.4223433142295325, 0.5517375864997521]",stable,0.18532984522564458,1699,"[0.7770981954627084, 0.5801677171866784, 0.4335366471578409, 0.6528574516616377]"
"[0.8613332707034278, 0.6797917549976628, 0.4114569352345543, 0.7105833128880165]",stable,0.08264448976306107,1700,"[0.8085625613991706, 0.7071129603108451, 0.44397269060113126, 0.6632373381816262]"
"[0.8612268781443466, 0.6798468380728909, 0.41152249119295464, 0.7104878572938502]",stable,0.30254340741165253,1701,"[0.7271847730909258, 0.5852066921968293, 0.6590045174576346, 0.6525127168836112]"
"[0.7128529419563857, 0.6366653968623671, 0.7209934307424011, 0.703761247748539]",stable,0.34089180150348486,1702,"[0.6808488557531707, 0.34292534059980184, 0.587150601094209, 0.5989479132093759]"
"[0.5288864822607992, 0.5130329212203789, 0.7707434197437776, 0.5623166232826085]",stable,0.252114541408403,1703,"[0.6179124265934033, 0.30666451143608986, 0.6668449786558013, 0.6097857354277655]"
"[0.5292411672979809, 0.5122107363208399, 0.770329481731475, 0.5625057432513143]",stable,0.2762173257279801,1704,"[0.5122077341819632, 0.2719320487321715, 0.6477671466524035, 0.5054925912666037]"
"[0.5291735743094252, 0.5112572494653294, 0.7698431232589389, 0.5622795005847083]",stable,0.15411594674440068,1705,"[0.5150778238057879, 0.371372000419094, 0.8202832437715017, 0.5243197034222761]"
"[0.5291178598805572, 0.5107043433426169, 0.770042491324206, 0.5621294618607461]",stable,0.15692692022378443,1706,"[0.5360746737332509, 0.3543398479368692, 0.7725210728360893, 0.5731595227008233]"
"[0.5291452489114733, 0.510088735092988, 0.7700522495191348, 0.5621728872971243]",stable,0.12144644942847405,1707,"[0.5524683234948644, 0.46107211473927145, 0.8275041322044678, 0.46996699607660186]"
"[0.5292367119490553, 0.5098965130523851, 0.7702775510198615, 0.5618112955668478]",stable,0.18672986966044364,1708,"[0.5320853850030797, 0.4250071920859938, 0.9161465956003021, 0.6416608685418611]"
"[0.5292478395781726, 0.5095649141423602, 0.7708473519752539, 0.5621232079612815]",stable,0.17526150524767817,1709,"[0.5992791753731612, 0.5051274338626249, 0.9113605922257153, 0.6398956022380076]"
"[0.529520335048192, 0.5095476476821277, 0.771394096100742, 0.5624258242814243]",stable,0.21312646993261258,1710,"[0.42937462169275, 0.6469675425706032, 0.6451037699717985, 0.538756132742414]"
"[0.5291321733685197, 0.5100802829336334, 0.7709045987126454, 0.5623340812909631]",stable,0.17842794936555897,1711,"[0.3894351439588566, 0.5817997084631911, 0.7139493481287502, 0.49961489346498644]"
"[0.33278185678943145, 0.4955707081949254, 0.597005516701157, 0.43421071698334485]",stable,0.17145384047528323,1712,"[0.4251588266081643, 0.6006069400485986, 0.5038656562623787, 0.4002214354925706]"
"[0.33339362480147605, 0.49626631237938673, 0.5963886964333505, 0.43398562240393573]",stable,0.2197260621860808,1713,"[0.2867554687055688, 0.6477607686715628, 0.44628722336173915, 0.40901759696647855]"
"[0.23118554005635356, 0.6188554702948018, 0.3497760635316065, 0.3621485797808604]",stable,0.3044837485933759,1714,"[0.44403723383342497, 0.6185117523553327, 0.5596869331645964, 0.41995704180508303]"
"[0.33412154328194943, 0.497070558695018, 0.5961472374644771, 0.4338933291105222]",stable,0.14865099328952813,1715,"[0.44094796405828557, 0.5846166718203393, 0.630200127658756, 0.477036258729932]"
"[0.3348197551824484, 0.49764275551283055, 0.5963698053742437, 0.43417530904267526]",stable,0.32153942712515926,1716,"[0.44655684994020056, 0.5816634882548094, 0.8037459808863374, 0.6362596061826336]"
"[0.5288133497259394, 0.5103566659657615, 0.7710313994160187, 0.5626195080279964]",stable,0.32277282491655385,1717,"[0.34400721355323416, 0.6894387267093809, 0.9245294043790041, 0.6826068679028172]"
"[0.5281025568945059, 0.5110454431224676, 0.7716217763581841, 0.5630809978736688]",stable,0.14853840874245378,1718,"[0.47398920283587037, 0.4377902781007815, 0.8664603392173083, 0.4939815653381804]"
"[0.5278952260360437, 0.5107647719921163, 0.7719851424994066, 0.5628162490900079]",stable,0.2916271730974737,1719,"[0.290693674791541, 0.4469155720383694, 0.914013260820554, 0.49548775996804645]"
"[0.2948568006733629, 0.29287868217882423, 0.8296953743808898, 0.371009944339935]",stable,0.15222364601775243,1720,"[0.2612123159326928, 0.3236427945285991, 0.9153567596079937, 0.48829499677960847]"
"[0.29470175696488055, 0.2930204522818186, 0.8300901273082036, 0.37155042845256026]",stable,0.1346102714720519,1721,"[0.3040890459927541, 0.3528494126979928, 0.9456293804428607, 0.4047615782533753]"
"[0.294744817923724, 0.2932948970543699, 0.8306201238822157, 0.3717027731764172]",stable,0.07118980611057199,1722,"[0.29533595222776693, 0.35896262028267234, 0.8538873256909452, 0.357073128604578]"
"[0.2947475171671215, 0.29359474967185073, 0.8307263668128493, 0.3716359711464088]",stable,0.11411652581463526,1723,"[0.2668030669770392, 0.3812224387789145, 0.8931556495184176, 0.39743639614679066]"
"[0.29462049693898473, 0.2939930573496102, 0.8310101362796927, 0.37175324580550145]",stable,0.14501241652195,1724,"[0.2283797750207652, 0.24465537934765325, 0.9495928917725115, 0.3597244746964402]"
"[0.29432076516559913, 0.2937698099378366, 0.8315467098339588, 0.3716988169769536]",stable,0.15053148101680938,1725,"[0.2167298273056733, 0.3220614523293349, 0.9101882262820052, 0.273441664562107]"
"[0.29397125643650035, 0.2938972497684289, 0.8319009508990401, 0.3712562171913012]",stable,0.09421764416451113,1726,"[0.24674588827589491, 0.3116308244651656, 0.9096373107017505, 0.38826526675629847]"
"[0.2937594834851075, 0.29397677252491655, 0.8322495444407563, 0.3713324909561666]",stable,0.13782792917157463,1727,"[0.2591250754697864, 0.2715764612206316, 0.9387009909355434, 0.29411001084971405]"
"[0.29360486559218196, 0.29387677113516525, 0.8327247741126079, 0.3709877477414057]",stable,0.15506696485252158,1728,"[0.17457226608156565, 0.22693645129453965, 0.8918326842849627, 0.4146025660605272]"
"[0.2930758318165792, 0.29357925860254025, 0.8329874759355962, 0.3711815913783796]",stable,0.1281378530899073,1729,"[0.22202828764538973, 0.25381962640688993, 0.8750894427984284, 0.4607257251654744]"
"[0.2927614621521049, 0.29340333102645333, 0.8331737678243699, 0.37157780435973836]",stable,0.07605759502982642,1730,"[0.30306349048876535, 0.2237775642897971, 0.8361519959814564, 0.4002484991062699]"
"[0.29280684553684794, 0.2930966095870848, 0.8331868877721984, 0.37170410697976713]",stable,0.18837318009394954,1731,"[0.24269828126574394, 0.23938076894043497, 0.7407639371985706, 0.22491789020079073]"
"[0.2925870711321501, 0.2928610137947749, 0.832781523953893, 0.3710603077833681]",stable,0.19010702726834328,1732,"[0.1336062017252401, 0.2362578466734797, 0.8364936289093389, 0.2836070818390491]"
"[0.29189283152775314, 0.2926138383924985, 0.8327977340192008, 0.3706784159670174]",stable,0.06402072162474051,1733,"[0.24613640821652435, 0.26541523584679666, 0.8088256941056329, 0.3443995300496234]"
"[0.29169389055683476, 0.29249558359882155, 0.832693507758707, 0.3705641599412896]",stable,0.18920358194613338,1734,"[0.27065177138167895, 0.11720034517284, 0.8813874842374888, 0.3230699425908808]"
"[0.29160279913183407, 0.2917367297528216, 0.83290430419368, 0.370358557268777]",stable,0.12126389965560617,1735,"[0.2546900769535563, 0.23368737881374316, 0.9327612662327105, 0.3714740342795377]"
"[0.2914436925707208, 0.2914865170332566, 0.8333347221335035, 0.37036336535934067]",stable,0.14666900831855792,1736,"[0.40261822492890564, 0.3736384731905581, 0.8805055620638451, 0.357022101705435]"
"[0.29192083648642114, 0.29183910053607764, 0.8335371720902859, 0.3703061067170492]",stable,0.21616682427526482,1737,"[0.4337540321078003, 0.37715848163422316, 0.9665849389900338, 0.4106835195749895]"
"[0.2925269612540339, 0.2922037132758133, 0.8341057522907122, 0.3704786597634507]",stable,0.2875026442064993,1738,"[0.3785341864204553, 0.5238123407998325, 0.8722921362181039, 0.5124637694894053]"
"[0.5273251457321674, 0.5108145718730618, 0.7723679936204704, 0.5626240640533644]",stable,0.08355736587066318,1739,"[0.55166246692507, 0.4818913228823539, 0.8346245485628307, 0.6035764171350585]"
"[0.5274176830751063, 0.5107045975422986, 0.7726047105594147, 0.5627797764224963]",stable,0.21453870176999185,1740,"[0.4732393728165813, 0.42493600388723973, 0.9613252338049667, 0.5737286440828059]"
"[0.5272124622029148, 0.5103797165057263, 0.7733195610262539, 0.5628212494060582]",stable,0.2673846711808997,1741,"[0.3807299541381631, 0.4066950214784705, 0.9706022493738878, 0.543678049333629]"
"[0.2929022931386472, 0.2926909103319948, 0.8346865884485128, 0.3712156784424727]",stable,0.15470911967081477,1742,"[0.38738610440156984, 0.3756421318096029, 0.8256142809542645, 0.460906866474818]"
"[0.2933026482711172, 0.2930423985585948, 0.834648146467605, 0.37159572584938944]",stable,0.3352905556788737,1743,"[0.5403954501592572, 0.4336379878396491, 0.8162307206951549, 0.5483966949789327]"
"[0.5272622093272784, 0.5100901250767979, 0.7734814899306649, 0.562766817125201]",stable,0.15257149995740843,1744,"[0.6025105902379947, 0.5266149299833082, 0.7246123387213148, 0.6850553311093389]"
"[0.5275450979773186, 0.510152248403514, 0.773297771317096, 0.5632265483807806]",stable,0.3396006810480595,1745,"[0.7461120386403607, 0.5000545914120571, 0.5791415500227642, 0.7357331107878191]"
"[0.7152285917195267, 0.626907482187345, 0.7108611535481414, 0.7060449522513448]",stable,0.2089646680433459,1746,"[0.6120082786863801, 0.4923400361512052, 0.6789325552466521, 0.5882147076380975]"
"[0.5278614394781016, 0.5100855359980747, 0.7729443435415513, 0.5633201369922312]",stable,0.27088547275196645,1747,"[0.7090468134979072, 0.5422950674646835, 0.604112986923072, 0.6682454375370709]"
"[0.7148164731714188, 0.6212666545391676, 0.7037446091064701, 0.7035249846037265]",stable,0.23854074232230832,1748,"[0.828536555519889, 0.6061086779215469, 0.4981645852333496, 0.7419504728572534]"
"[0.8611611028473155, 0.6796984715534717, 0.41169682136205, 0.710551162355346]",stable,0.1195710287583529,1749,"[0.7851989785934418, 0.6229271870772611, 0.3423141395672016, 0.6884140594950825]"
"[0.8610085684612635, 0.6795844729902665, 0.4115574987078435, 0.7105067103415704]",stable,0.16531143177900778,1750,"[0.9112591743640217, 0.6249214747466874, 0.5539911982300323, 0.6714254623231596]"
"[0.861109271078303, 0.6794749279036061, 0.41184293698343905, 0.710428391207265]",stable,0.11105448288483624,1751,"[0.8826568533504457, 0.6017707568435028, 0.3661976976200298, 0.7716441881093956]"
"[0.8611523662428474, 0.6793195195614858, 0.41175164650471224, 0.7105508228010692]",stable,0.15253803207756214,1752,"[0.9437843131695882, 0.7303911386135877, 0.3012158015653609, 0.750717093329117]"
"[0.8613173002686493, 0.6794214589208714, 0.4115310160756916, 0.710630994997732]",stable,0.14864475326915122,1753,"[0.8961360320603421, 0.7216018512111447, 0.3042038656061316, 0.6235412948651211]"
"[0.8613866602921387, 0.6795054836067085, 0.4113172169711705, 0.7104575095393004]",stable,0.16326145460906843,1754,"[0.8157454406645377, 0.8350188423649278, 0.4023066081426766, 0.6929764967468097]"
"[0.8612959222809506, 0.6798146552941006, 0.411299303235925, 0.7104227560347429]",stable,0.1667609158655469,1755,"[0.88483139786726, 0.8152918869894403, 0.36783239891956004, 0.7941594407706545]"
"[0.8613426196531457, 0.6800834593252421, 0.41121305937815444, 0.7105889002504887]",stable,0.16829447617354318,1756,"[0.7634522383523656, 0.7162091227522958, 0.29034400614522954, 0.6574277079026231]"
"[0.8611487773139364, 0.6801549952924244, 0.41097371471828725, 0.7104836305626712]",stable,0.3701449362733793,1757,"[0.5400280773992856, 0.6389770048530058, 0.3167991727909391, 0.5577606830685432]"
"[0.6242083776356749, 0.6090150207814143, 0.42153763376053555, 0.551783564336155]",stable,0.1875585279730132,1758,"[0.48802162281086314, 0.6200023834904499, 0.3277745319560002, 0.46392499715922797]"
"[0.6231766597960929, 0.6090982583776948, 0.42082730723171335, 0.5511179691302692]",stable,0.2875373402511404,1759,"[0.363502483271034, 0.7243104810348233, 0.38453297842872336, 0.5255072383348124]"
"[0.23153101510391147, 0.6191308097484312, 0.34986681265666425, 0.36257510369353396]",stable,0.30457852049213374,1760,"[0.4520117162175014, 0.6582192154669874, 0.29260779230710515, 0.5609430363556134]"
"[0.6218897053330961, 0.6094675888821256, 0.41986325072852076, 0.5511918418161741]",stable,0.3617959652711945,1761,"[0.31529091445301355, 0.6943001071746152, 0.2693238964445338, 0.46731783768318014]"
"[0.23174913984179976, 0.6193265631271452, 0.34965706547902853, 0.36284787122996526]",stable,0.12076281733732938,1762,"[0.2995452692743719, 0.7051764717084472, 0.34015228701665534, 0.4131151097474569]"
"[0.23192523368448176, 0.6195495499026811, 0.3496323777427626, 0.36297843548585484]",stable,0.16632557946621976,1763,"[0.34209654850407706, 0.6983356141175562, 0.33724956616489804, 0.4587171519941311]"
"[0.23221065159852217, 0.619753658877331, 0.349600297920022, 0.3632264632488297]",stable,0.13899006881927511,1764,"[0.20992559555048806, 0.7516596387892556, 0.3369837956275053, 0.3987687175484755]"
"[0.23215306747436704, 0.6200945012026848, 0.3495676971389044, 0.36331830369921636]",stable,0.18120423774831484,1765,"[0.11760534823292813, 0.6979812772688077, 0.2630844475292214, 0.2847810931203627]"
"[0.23185784139384785, 0.6202952403162574, 0.3493448021656836, 0.36311588820803375]",stable,0.19221834415224162,1766,"[0.06224755293933744, 0.6963497989125188, 0.3980435113713281, 0.3581781035388437]"
"[0.23142182522815505, 0.6204907533203609, 0.3494699916495027, 0.3631031946741798]",stable,0.2582840881438446,1767,"[0.07997427861193689, 0.6719453029978122, 0.5355435206361168, 0.44374674333235903]"
"[0.23142182522815505, 0.6204907533203609, 0.3494699916495027, 0.3631031946741798]",stable,0.21734721477833013,1768,"[0.08149226011466058, 0.5506461794756894, 0.27013565792824645, 0.2465324596064255]"
"[0.23103739044581273, 0.6203116646694771, 0.3492665702809867, 0.36280429535349323]",stable,0.20670172844621715,1769,"[0.04862964407153737, 0.5994552389424113, 0.4406491228838163, 0.33697297345556865]"
"[0.23103739044581273, 0.6203116646694771, 0.3492665702809867, 0.36280429535349323]",stable,0.11185826638680546,1770,"[0.16689723228230618, 0.652280199895864, 0.3253866080991771, 0.280305373957535]"
"[0.23087334912058638, 0.6203934256291354, 0.34920549620891045, 0.3625933006696161]",stable,0.06803308012547248,1771,"[0.19767178037635194, 0.6552066564643404, 0.32048205145395436, 0.3240036841322035]"
"[0.23078865124113682, 0.62048223489147, 0.3491322221151478, 0.36249485777028595]",stable,0.1702050149263423,1772,"[0.10899731994531259, 0.5438295772128595, 0.3341697472081508, 0.2728449099580846]"
"[0.23078865124113682, 0.62048223489147, 0.3491322221151478, 0.36249485777028595]",stable,0.17221214156479933,1773,"[0.1648228231245763, 0.5059082574507969, 0.41588931179058886, 0.27462093732331755]"
"[0.23078865124113682, 0.62048223489147, 0.3491322221151478, 0.36249485777028595]",stable,0.19908977563634347,1774,"[0.052701587677653094, 0.6054799693238136, 0.31618581787760625, 0.28118555307568593]"
"[0.23078865124113682, 0.62048223489147, 0.3491322221151478, 0.36249485777028595]",stable,0.08139379594946763,1775,"[0.17948953819234878, 0.6276510099342673, 0.3227103674313445, 0.3055400925708315]"
"[0.23065811914686507, 0.6205004760493397, 0.34906499093274623, 0.36234993470362065]",stable,0.0694960969969155,1776,"[0.17178294093253843, 0.6295464163736669, 0.3166250448581971, 0.34720920320329285]"
"[0.23050868976053432, 0.6205234352887415, 0.3489826560442321, 0.3623115064510818]",stable,0.2950334772296818,1777,"[0.00878317744404275, 0.4516584790250372, 0.4314038391498702, 0.3115776420629768]"
"[0.23050868976053432, 0.6205234352887415, 0.3489826560442321, 0.3623115064510818]",stable,0.3121214463299218,1778,"[0.13166750682921166, 0.41425767120512547, 0.5158776744019189, 0.23096956634736437]"
"[0.23050868976053432, 0.6205234352887415, 0.3489826560442321, 0.3623115064510818]",stable,0.33489245512803667,1779,"[0.16629420214651283, 0.3822560720414251, 0.5474464942725842, 0.2533609460624606]"
"[0.23050868976053432, 0.6205234352887415, 0.3489826560442321, 0.3623115064510818]",stable,0.3642544558370494,1780,"[0.28221780425660864, 0.3615456094348497, 0.5946578422704026, 0.3115014221773417]"
"[0.3344781840725404, 0.4967590078110255, 0.5963586887307123, 0.43337872536173155]",stable,0.19288916453118826,1781,"[0.3559132179356519, 0.44479855165586846, 0.44954049936551427, 0.3216142435953854]"
"[0.33461647461359273, 0.49642377906163737, 0.5954114746057755, 0.4326576641890455]",stable,0.16227718667742078,1782,"[0.2704112897149676, 0.4465110610832794, 0.479481985363183, 0.35340708907418367]"
"[0.23050868976053432, 0.6205234352887415, 0.3489826560442321, 0.3623115064510818]",stable,0.2243506373355518,1783,"[0.13757249868962768, 0.4860176857702979, 0.5019423033090786, 0.3767206187483624]"
"[0.23050868976053432, 0.6205234352887415, 0.3489826560442321, 0.3623115064510818]",stable,0.04980089309842613,1784,"[0.22497093008870905, 0.5760113820817769, 0.35510527667920677, 0.3415593304909925]"
"[0.2304946701157955, 0.6204107465464455, 0.34899815634963716, 0.3622589692967524]",stable,0.0778176141087106,1785,"[0.20014389085538062, 0.6173392913350702, 0.29153702170906337, 0.3195600766581823]"
"[0.23041802673382475, 0.6204029903464168, 0.3488530524742822, 0.36215114381029134]",stable,0.09579253711960309,1786,"[0.31205769672191047, 0.5871850043122178, 0.3750866176283415, 0.335326902624631]"
"[0.23062366821994085, 0.6203193178375145, 0.3489191319834864, 0.3620835764521411]",stable,0.10255073591380816,1787,"[0.1329254506563353, 0.6514311555847949, 0.34835302985457034, 0.3602275587462583]"
"[0.23037819531148956, 0.6203974882841157, 0.3489177096163283, 0.36207891309107104]",stable,0.14814809693933112,1788,"[0.15950105441502574, 0.653150688587241, 0.37798142864350964, 0.23957659625052852]"
"[0.2302005583668869, 0.6204795765054267, 0.34899055101739895, 0.3617718897405935]",stable,0.1265080963340893,1789,"[0.12126712921773941, 0.6578519965033727, 0.39994562079211493, 0.3497431932345778]"
"[0.22992822479401404, 0.6205730075554217, 0.34911793869183577, 0.3617418179993285]",stable,0.1460220855672809,1790,"[0.15010808703558137, 0.6131708856118078, 0.3118440684568442, 0.24552193041514597]"
"[0.22972917208139948, 0.620554548398455, 0.3490249863969854, 0.3614519928432582]",stable,0.07888440193569442,1791,"[0.1738662636660548, 0.6349279026651213, 0.35439614318812845, 0.30791096470612894]"
"[0.22959020962265486, 0.6205903030110587, 0.3490383474835305, 0.3613188062061012]",stable,0.19599422487004717,1792,"[0.09227186565514148, 0.6686346405975296, 0.39410089426432426, 0.23795545226362652]"
"[0.22924946931504314, 0.6207095197296355, 0.3491501652174779, 0.36101269366530103]",stable,0.12757846024207936,1793,"[0.17116075806149267, 0.6039021632422239, 0.25098914997855204, 0.4156377153843804]"
"[0.22910568537629672, 0.6206679173620924, 0.3489071924074805, 0.3611479041151007]",stable,0.1383570208106232,1794,"[0.17010487715237965, 0.7263345202610827, 0.4027865174838501, 0.3212335307939803]"
"[0.22896000436833644, 0.6209288225544356, 0.3490402277780395, 0.3610493501069004]",stable,0.16059014384117745,1795,"[0.1057323816391201, 0.6381640750168781, 0.44933911732752096, 0.3767727760418797]"
"[0.22896000436833644, 0.6209288225544356, 0.3490402277780395, 0.3610493501069004]",stable,0.14990445393246205,1796,"[0.15753501202258152, 0.7452907590326808, 0.3808597813896718, 0.3909063516398046]"
"[0.22878408074186904, 0.6212351327428057, 0.3491186010627972, 0.3611228895195431]",stable,0.14290117384253434,1797,"[0.259332774217356, 0.6784680128443854, 0.4745357930591523, 0.33915818602638004]"
"[0.22885913895679655, 0.6213757540698366, 0.34942675141168256, 0.36106892218909303]",stable,0.16600584878430438,1798,"[0.19636728557709662, 0.7813003293021219, 0.3772736977333055, 0.37335302215136873]"
"[0.22877950206125805, 0.6217677260679549, 0.3494950037310983, 0.3610990302772359]",stable,0.21715149349957028,1799,"[0.037529600622680806, 0.6788171055655193, 0.4028716125944488, 0.2942069361702327]"
"[0.22877950206125805, 0.6217677260679549, 0.3494950037310983, 0.3610990302772359]",stable,0.12289940927900761,1800,"[0.15075852855519317, 0.6703070200681195, 0.2875545897462046, 0.30795474979814275]"
"[0.22858874173483734, 0.6218864040483955, 0.349343560176123, 0.36096909316115006]",stable,0.10827908934933328,1801,"[0.13660850753896234, 0.6772845911343116, 0.35471292664510984, 0.3480769064223366]"
"[0.22836439970021327, 0.6220215215778733, 0.34935665619190104, 0.3609376488032505]",stable,0.08394941261540478,1802,"[0.2167995039957965, 0.6665134917931292, 0.3744942399904318, 0.4265297484262544]"
"[0.22833626126784243, 0.6221297745467669, 0.34941781819627704, 0.36109724028651813]",stable,0.11636883721717999,1803,"[0.1804603366605097, 0.7116125565701243, 0.4023562721236932, 0.34012216137351614]"
"[0.2282200575673392, 0.6223469657652702, 0.3495463095893047, 0.361046329900807]",stable,0.15688661462108533,1804,"[0.1096617623687392, 0.5315131665454325, 0.3367288139943507, 0.3147616325070667]"
"[0.2282200575673392, 0.6223469657652702, 0.3495463095893047, 0.361046329900807]",stable,0.13597739965924602,1805,"[0.20239865239068372, 0.5748448156427695, 0.32546802860072255, 0.23862537429610833]"
"[0.22815753600516814, 0.6222319484526249, 0.3494880086668142, 0.36074991112210314]",stable,0.1772596408990003,1806,"[0.057297244223443525, 0.6343299556173136, 0.3465284138696933, 0.40627594768566144]"
"[0.22774482998637172, 0.6222611706921531, 0.349480859887111, 0.3608598773939958]",stable,0.16508634706641123,1807,"[0.07861557289297272, 0.6594061354223795, 0.31447619737844207, 0.31177941423046285]"
"[0.22738548237891773, 0.6223506766312621, 0.34939651130275273, 0.3607416112176981]",stable,0.19608349282613893,1808,"[0.09527592476623603, 0.5486538490792628, 0.3048468208588912, 0.24420876762239654]"
"[0.22738548237891773, 0.6223506766312621, 0.34939651130275273, 0.3607416112176981]",stable,0.14525830837376147,1809,"[0.12338689888570004, 0.5861095604173586, 0.3065958586833321, 0.27624926591983673]"
"[0.22713548578398213, 0.6222635585634403, 0.3492936251185714, 0.3605385046184244]",stable,0.11922051614193566,1810,"[0.22814702627015176, 0.6388186728446392, 0.45728064283176306, 0.4082589452234907]"
"[0.22713791154054366, 0.6223032590773041, 0.34955258679174456, 0.36065294212587057]",stable,0.2963592578104178,1811,"[0.2670623848376948, 0.5921504583887848, 0.6220807326280247, 0.4657912532192319]"
"[0.3341834355765677, 0.4970374116214268, 0.5955824313879693, 0.43287005899052106]",stable,0.15750531390227618,1812,"[0.33386904044154236, 0.5778787178093473, 0.6179251690292473, 0.566186638423379]"
"[0.3341814330597841, 0.49755232439969377, 0.5957247418188055, 0.43371920917799145]",stable,0.17399760694753563,1813,"[0.4532385981650156, 0.6199235342522628, 0.6226824972825398, 0.41374109414802007]"
"[0.3349349594212096, 0.4983268257278746, 0.5958953605242722, 0.433592765411979]",stable,0.15644688745354732,1814,"[0.33763497952656457, 0.6294137766497869, 0.6105760340993402, 0.5176702749297569]"
"[0.33495194067973383, 0.49915127196008785, 0.5959876918046185, 0.43412155478001535]",stable,0.20606794408961596,1815,"[0.2843598990801736, 0.579024707628259, 0.4137687692999374, 0.41620671557043826]"
"[0.2272748062475763, 0.6221997218728805, 0.34970621402262536, 0.36078584589009205]",stable,0.12353979877147708,1816,"[0.3409444148811015, 0.5759124071390316, 0.3637681754653324, 0.3618094125521572]"
"[0.22754609409634366, 0.6220892509546613, 0.3497397747897918, 0.3607882887699538]",stable,0.19428366106410155,1817,"[0.2786730496493503, 0.5873020267712036, 0.4704952227985084, 0.49985714287530536]"
"[0.3346001976107939, 0.4997022141776573, 0.5952033638733303, 0.43453240220561085]",stable,0.3688482406862306,1818,"[0.2720635242448494, 0.6641032737570426, 0.30331017473738164, 0.2934336889341234]"
"[0.2276520879776496, 0.622189284342286, 0.34962922812300035, 0.3606279206751066]",stable,0.14538809724911622,1819,"[0.19263205299403102, 0.5572509816287119, 0.3105672469295798, 0.4796593217312551]"
"[0.22756890499669089, 0.6220350365923726, 0.34953644431969055, 0.3609106555944798]",stable,0.13787432189541562,1820,"[0.27884655412392567, 0.5923864821042387, 0.4157454500869019, 0.46634908364699973]"
"[0.2276904160135801, 0.6219647793542491, 0.3496933376982858, 0.361160509689391]",stable,0.05118887310373903,1821,"[0.22993694587380292, 0.6153836941184545, 0.4002372803433808, 0.357006835144319]"
"[0.2276957269588761, 0.6219492212331242, 0.3498128269243972, 0.36115069012781875]",stable,0.20298495189084234,1822,"[0.20949049494817704, 0.6382868066004508, 0.5503216731123918, 0.3811693345946313]"
"[0.2276957269588761, 0.6219492212331242, 0.3498128269243972, 0.36115069012781875]",stable,0.2134521358198844,1823,"[0.263684987075626, 0.5065715898573893, 0.5248603998339954, 0.3434606692430594]"
"[0.3341597304646128, 0.49974488110734505, 0.5947664510532102, 0.43396673926795526]",stable,0.14867969510243428,1824,"[0.34861375045037396, 0.5456012405989014, 0.45835106923945496, 0.4683872410189837]"
"[0.3342489528102039, 0.5000279450548238, 0.5939243807951006, 0.4341792115009863]",stable,0.400344359190819,1825,"[0.6051718457393758, 0.562321818097926, 0.31535759793714063, 0.5076394925530763]"
"[0.6217649451868742, 0.6091157547717958, 0.4190833577972419, 0.55086682428436]",stable,0.1767047269488582,1826,"[0.5303605985485912, 0.4677425384274169, 0.472730076635353, 0.5532011764534277]"
"[0.6210878759525167, 0.6080685457618374, 0.4194807408997464, 0.5508841157819087]",stable,0.2626800771764185,1827,"[0.4507946052677297, 0.4497554299463654, 0.5224372309176192, 0.4850210500402986]"
"[0.33496395681301083, 0.49971952471673514, 0.5934858093234596, 0.4344911246208594]",stable,0.1344815841205345,1828,"[0.33329584916642846, 0.41928538443059277, 0.6831691184635577, 0.49423865195512307]"
"[0.33495378542492193, 0.49922907264181965, 0.5940326587694358, 0.43485543881192207]",stable,0.2121030153234218,1829,"[0.31741733560322816, 0.33954541375607544, 0.7251938285915004, 0.39038029235114324]"
"[0.2934043980066957, 0.29323861381259264, 0.8341863139027269, 0.3716749856236584]",stable,0.19958363925300476,1830,"[0.3771183527380919, 0.4416705006635936, 0.7578074155395581, 0.44210112914567495]"
"[0.33520932825712296, 0.4988802328116486, 0.5950252330528911, 0.434899352086672]",stable,0.39579546232115553,1831,"[0.3408316667847836, 0.24188441860683957, 0.8875130464420328, 0.36400176536086354]"
"[0.2936036722452591, 0.2930228398831567, 0.8344103758041526, 0.3716427452023862]",stable,0.25332520817670995,1832,"[0.47042782868727984, 0.3584616286706013, 0.672722252240476, 0.4214583493523982]"
"[0.3360238975368227, 0.4980343376059796, 0.5954932873853465, 0.4348183821906824]",stable,0.40182628753994026,1833,"[0.707078604342674, 0.43313996501780316, 0.5146540684870775, 0.5489959238074961]"
"[0.6217201607200914, 0.606782306197543, 0.420180544779065, 0.5508702320173908]",stable,0.11680585028513507,1834,"[0.6406177236208939, 0.5632419866904094, 0.523450596080274, 0.577815099037029]"
"[0.6218580991354257, 0.6064644936463961, 0.42093434077396435, 0.5510669098788481]",stable,0.14582207651515117,1835,"[0.7505563416681837, 0.6106022898083028, 0.4785842346798076, 0.5141859019786089]"
"[0.622790695095808, 0.6064944776765548, 0.4213520936283545, 0.5507996561984115]",stable,0.2731076221187027,1836,"[0.843750926163991, 0.6645752968854093, 0.45117030302091204, 0.6974347214941218]"
"[0.8611143942088969, 0.6801242053746239, 0.4110531546161185, 0.7104578422048282]",stable,0.0692169106036269,1837,"[0.8172118705961232, 0.6593416841394623, 0.4433003994631079, 0.673151661150897]"
"[0.8610278014601538, 0.6800832142084796, 0.4111167586493473, 0.7103842599936765]",stable,0.09230720457844159,1838,"[0.8975828159108215, 0.681921345340218, 0.4708210169090659, 0.7705205531551036]"
"[0.8610997601500172, 0.6800868325768492, 0.41123428671678774, 0.7105026385235218]",stable,0.16179319321342325,1839,"[0.9133396728360401, 0.7330378371878159, 0.26781910998932235, 0.7192380313407947]"
"[0.8612023925914437, 0.6801908620554562, 0.4109525280198772, 0.7105198003954615]",stable,0.1530101588798381,1840,"[0.9257510884833856, 0.7276860984065638, 0.2886811490159892, 0.7556804799687683]"
"[0.86132895866182, 0.68028398996987, 0.41071278021790875, 0.710608350747566]",stable,0.10730514864001961,1841,"[0.9639507634794481, 0.64899338363781, 0.40870120022751877, 0.7105006384285992]"
"[0.8615297841115609, 0.6802227559065979, 0.41070884366215454, 0.710608139960249]",stable,0.23910570033356648,1842,"[0.7071062438393811, 0.7386555815491096, 0.2824714970978348, 0.594566363106453]"
"[0.6233972817774164, 0.6074452769849905, 0.42035295264612055, 0.5511145245934334]",stable,0.20945889776459622,1843,"[0.6203066223138446, 0.7340329279491832, 0.25746247437191055, 0.5149795500146868]"
"[0.6233752056383909, 0.6083494744918777, 0.41918944922987617, 0.5508564176321565]",stable,0.2955557906096411,1844,"[0.48359057017449997, 0.7256082125342775, 0.18677028142564112, 0.5575795003334043]"
"[0.6223838252450299, 0.6091810967474975, 0.4175410863376475, 0.550904099069754]",stable,0.26363136307236423,1845,"[0.40650444981398837, 0.6849002692379318, 0.2945948448329217, 0.5056446307109492]"
"[0.22811744564485517, 0.6220976906859658, 0.3496825958345588, 0.3614914777235337]",stable,0.11185520566815751,1846,"[0.29600313467939593, 0.6448466295509666, 0.2805052967364617, 0.41248272529976304]"
"[0.2282771766778776, 0.6221512176009422, 0.34951982571903384, 0.36161145712959536]",stable,0.11013288440290986,1847,"[0.23693579989804717, 0.7253651013291608, 0.3485969446533089, 0.3990323465780324]"
"[0.22829750208449773, 0.6223935037129803, 0.34951765933155565, 0.36169929959308933]",stable,0.15779881428752132,1848,"[0.3739360895582521, 0.6691757452831364, 0.3790996390945139, 0.3867232076846072]"
"[0.2286385760598461, 0.622503063997688, 0.34958693797268664, 0.3617579035933037]",stable,0.2499134789095574,1849,"[0.3334781868818294, 0.5482062879800161, 0.48823128425495743, 0.5252300335137111]"
"[0.33600865376044553, 0.49833476844654273, 0.594850999941452, 0.4353597693243532]",stable,0.10193042864921732,1850,"[0.4104557034329445, 0.5669783021850396, 0.5866588763043273, 0.4436304081073948]"
"[0.3364517909608771, 0.49874336090927185, 0.5948022373007549, 0.4354089993171094]",stable,0.25694221183651894,1851,"[0.4414117526409029, 0.5574901161163202, 0.7817160672274965, 0.5643071979171299]"
"[0.5275388660197539, 0.5102624187597099, 0.7729770738538123, 0.5633238200553837]",stable,0.05770451756172411,1852,"[0.5024408538963427, 0.5050330626937566, 0.7444852854786053, 0.6064604977763479]"
"[0.5274455648594437, 0.5102429787743347, 0.7728711564249082, 0.5634841794521158]",stable,0.07578509159457511,1853,"[0.5302962716949541, 0.48370263826895776, 0.8276079569362047, 0.6085923447238413]"
"[0.5274561230329086, 0.5101446812169074, 0.7730738853156908, 0.5636512467309]",stable,0.15309046945009158,1854,"[0.43743448355592784, 0.5404490783039104, 0.886081876248005, 0.6041930000842164]"
"[0.5271239398614067, 0.5102565055604019, 0.7734908889722675, 0.5638008472967793]",stable,0.09781082807574105,1855,"[0.5138909130368229, 0.48895360849440134, 0.8621297120181394, 0.5966823119168355]"
"[0.5270752890274928, 0.5101781860858945, 0.7738167669981714, 0.5639217350343529]",stable,0.09379304480569456,1856,"[0.5465755818456057, 0.4468425219525901, 0.8389589892844562, 0.5766480211512212]"
"[0.5271467186715153, 0.5099461873161755, 0.7740553831970223, 0.5639683514670154]",stable,0.12109098692663275,1857,"[0.5392040150326196, 0.5230810072556071, 0.8859231946325619, 0.52118146107863]"
"[0.5271907234027602, 0.5099941246152244, 0.7744636598810936, 0.5638121949327513]",stable,0.19432949167549313,1858,"[0.57978934674264, 0.5180378870486437, 0.9603633840118148, 0.5831493770346362]"
"[0.5273819911239961, 0.5100233746604369, 0.7751396588779326, 0.5638825119585763]",stable,0.14749705531837895,1859,"[0.5180838170906286, 0.5644508708133021, 0.9094337903643278, 0.5897989005588959]"
"[0.5273483020876434, 0.5102205757334545, 0.7756262318181006, 0.5639764119172731]",stable,0.13849898013453416,1860,"[0.5512675029701957, 0.5346208996215542, 0.9098322710340209, 0.5621868422547829]"
"[0.5274346529933567, 0.5103086635453249, 0.7761107301546202, 0.5639699513769753]",stable,0.05234211870039731,1861,"[0.499458475108279, 0.5377268438264092, 0.8056242860299779, 0.5822517530019538]"
"[0.527334019259957, 0.5104072900930986, 0.7762168940246754, 0.564035713253324]",stable,0.09234209632241328,1862,"[0.5715558508368007, 0.5674634970268778, 0.8305745374470614, 0.5830443485831319]"
"[0.5274925204484046, 0.5106117926269114, 0.776411724287838, 0.5641038445627499]",stable,0.15510300986047074,1863,"[0.4325078434891224, 0.5768388714616113, 0.6768462419430786, 0.5912247509855808]"
"[0.5271532894592643, 0.5108483179084639, 0.7760561332794639, 0.5642007049428314]",stable,0.2642752324311101,1864,"[0.3567271513550749, 0.496767325978352, 0.6054761773595047, 0.45696016115449584]"
"[0.33657176350758833, 0.49873166839488775, 0.5948653967093865, 0.4355365209847863]",stable,0.21281724660467913,1865,"[0.38346973746561636, 0.6331888030195719, 0.45510595800618187, 0.3615072110264078]"
"[0.2290003311098596, 0.6225280306776455, 0.34983347773912005, 0.3617573178630072]",stable,0.1130688698308932,1866,"[0.3268034372784346, 0.5736249854030208, 0.37786021903533296, 0.35526765810327576]"
"[0.2292283103783178, 0.6224140375651173, 0.34989880813841195, 0.3617421904509799]",stable,0.11429809091591085,1867,"[0.23563607743740142, 0.6047501638521801, 0.26711654700459864, 0.28520410244660854]"
"[0.22924321216217614, 0.6223729587890406, 0.34970629125205427, 0.3615641948974813]",stable,0.0900328843652639,1868,"[0.23373212302234375, 0.6246553701144322, 0.4306583968164382, 0.4006451000770318]"
"[0.22925362726858026, 0.622378254406965, 0.3498941151628765, 0.36165486985149425]",stable,0.10888497340636119,1869,"[0.301605153032326, 0.6627827677319407, 0.34692037947347215, 0.2910869851419222]"
"[0.22942110765229262, 0.622471783372995, 0.34988723151544726, 0.3614915182665184]",stable,0.0837150252661407,1870,"[0.2291762614746091, 0.6208407364377313, 0.2662518686037514, 0.36474901150269573]"
"[0.22942054218767904, 0.6224680165209506, 0.34969407825237175, 0.3614990413455858]",stable,0.1010068518132441,1871,"[0.30840358892538666, 0.6335259723075944, 0.40850533163422165, 0.341928131026231]"
"[0.22960253077463227, 0.6224934956817494, 0.34982958805279074, 0.36145394708217715]",stable,0.20955804526199687,1872,"[0.2831850881144556, 0.7469826370024907, 0.42313941674857247, 0.21942716583028327]"
"[0.2297257090673675, 0.62277967761582, 0.34999811639462014, 0.3611274487344717]",stable,0.10407746534543982,1873,"[0.2583598562615347, 0.5566245016428563, 0.3067894138427124, 0.42251722901556543]"
"[0.2297913837168954, 0.6226279455608361, 0.3498990138658314, 0.36126825098282284]",stable,0.07645770560862353,1874,"[0.27775361295872303, 0.6685190721908207, 0.33034148893866466, 0.32875805214548437]"
"[0.22990113710188814, 0.6227329595805843, 0.34985425980421314, 0.3611938569351401]",stable,0.14968006821578098,1875,"[0.23203673443232775, 0.7217809754146112, 0.2401624237364539, 0.3847894858640172]"
"[0.22990601289488, 0.6229590966030364, 0.3496038218223233, 0.3612477282340645]",stable,0.1859091824335418,1876,"[0.3706689741667837, 0.618460122943275, 0.2368738566383779, 0.40618910151868615]"
"[0.23022665745358595, 0.6229488483714651, 0.3493470337467334, 0.36135010038277665]",stable,0.40737629142604875,1877,"[0.5745145155606068, 0.6565036774498569, 0.31593356901506015, 0.5739034522647594]"
"[0.6220467174303509, 0.6095143543580777, 0.4168255404410096, 0.5510660663457752]",stable,0.29102011860760757,1878,"[0.7382626137226662, 0.7943122307534722, 0.26249710996826503, 0.6660402169663885]"
"[0.8612890279193951, 0.6804455869121582, 0.41041936761978365, 0.7105210932356516]",stable,0.17174772670675922,1879,"[0.7674282255531335, 0.7813802330330554, 0.3291359376168845, 0.648130127322995]"
"[0.8611060633923654, 0.6806423406083003, 0.4102609203878092, 0.7103994734190577]",stable,0.13489605742309002,1880,"[0.7920703904475981, 0.7626707217097299, 0.3772321865964862, 0.6354897303452942]"
"[0.8609717527446129, 0.680801928898381, 0.41019666215086104, 0.7102537346193033]",stable,0.15835846734871406,1881,"[0.7998321966979265, 0.7543736851823306, 0.33840506621408195, 0.6064629725178851]"
"[0.8608530351600562, 0.6809447866775731, 0.41005726099370227, 0.7100521991589122]",stable,0.10246840405097811,1882,"[0.8055815027381692, 0.6263404250591704, 0.35248166530024727, 0.6761664203530278]"
"[0.8607459197871455, 0.680838964271336, 0.4099456803818932, 0.7099865290449472]",stable,0.16311960666571537,1883,"[0.9015289231316082, 0.7724887727720315, 0.3112155559990908, 0.7924330441812792]"
"[0.8608248037394559, 0.6810162366282038, 0.4097547130233192, 0.7101460000606848]",stable,0.16534113548064838,1884,"[0.9070688522985259, 0.7244356742446708, 0.26052145288272366, 0.7424471696954764]"
"[0.8609140779644735, 0.6811000579363437, 0.40946661792652267, 0.7102083575310223]",stable,0.11731402575640323,1885,"[0.9141267745471194, 0.6849536851549504, 0.3171695905858095, 0.7591715872335753]"
"[0.8610166072449795, 0.6811074830369576, 0.40928878165033633, 0.7103026990140715]",stable,0.10668130419689693,1886,"[0.9087839334991606, 0.6665068016502091, 0.31830889890300273, 0.6856315773127469]"
"[0.861108467487776, 0.6810794048035216, 0.4091138203373607, 0.7102552545492613]",stable,0.14074779701665321,1887,"[0.8547144867313524, 0.7708438363294072, 0.3150683946686327, 0.6567121493091854]"
"[0.8610961949719287, 0.6812516973784273, 0.4089333108831021, 0.7101524846735605]",stable,0.13444462059025125,1888,"[0.9462480631378027, 0.7580421900291965, 0.46856508652244677, 0.6731148426580483]"
"[0.8612593211561546, 0.6813988056018961, 0.40904754800118515, 0.710081531336366]",stable,0.13276318923369684,1889,"[0.9536600523214118, 0.7643209874812115, 0.3672463563352783, 0.7316393935520895]"
"[0.861435995594329, 0.6815573566188737, 0.40896762220450084, 0.7101227509581934]",stable,0.1474042768528415,1890,"[1.0, 0.6532038194119582, 0.4017244825484966, 0.751008584364815]"
"[0.8617004307172407, 0.6815032468150437, 0.40895379941889776, 0.7102007773578243]",stable,0.20231886495162374,1891,"[0.9913587106280445, 0.7681137305660599, 0.2820754194592895, 0.687350080013427]"
"[0.8619473988694517, 0.6816682191650457, 0.4087121263142128, 0.7101572522200255]",stable,0.1543557383657131,1892,"[0.9165606297241948, 0.8059759079873008, 0.3381840889110376, 0.7305651776843328]"
"[0.8620512263045368, 0.6819045455696509, 0.408578042592914, 0.7101960505574101]",stable,0.13449408532753865,1893,"[0.9619147292894397, 0.6053521529363384, 0.3737753578648853, 0.7425139105965919]"
"[0.8622407206176012, 0.6817592848625668, 0.4085120033429557, 0.7102573747700082]",stable,0.07969430890908391,1894,"[0.8733263971085468, 0.6532260239452626, 0.33535326732165716, 0.7023869863154534]"
"[0.8622617162170158, 0.6817052445956779, 0.40837344513079415, 0.7102424687312684]",stable,0.1008706391080955,1895,"[0.8659774676468295, 0.6588530705575311, 0.3345773166133513, 0.774995758863545]"
"[0.862268740321798, 0.6816620457789706, 0.40823394394267043, 0.7103648757069438]",stable,0.10623653892697227,1896,"[0.9073332253040447, 0.6956969166211154, 0.34814779998494455, 0.7841759324749018]"
"[0.8623537676519533, 0.681688526667352, 0.40812057385973133, 0.710504141851789]",stable,0.03533761997314902,1897,"[0.8806006447712417, 0.6973699570595314, 0.42619591589411426, 0.6919791961850511]"
"[0.8623881308856994, 0.6817180585513298, 0.40815461405188647, 0.7104692549484619]",stable,0.22538515492109662,1898,"[0.7956891035324111, 0.6087200378032236, 0.532333292477506, 0.5504672155856537]"
"[0.623260999850645, 0.6095087996968549, 0.4176332869587473, 0.5510618785782219]",stable,0.24230226981343073,1899,"[0.546197002219493, 0.5198904962388928, 0.6259455873234734, 0.5877507791875225]"
"[0.5272210606790515, 0.5108804964790348, 0.7755219320483039, 0.5642845130362288]",stable,0.17608933519789918,1900,"[0.5142409033468495, 0.4150252499304661, 0.6540063115925425, 0.4813104497367023]"
"[0.5271750317523416, 0.5105405842572314, 0.775091025592787, 0.5639902787692092]",stable,0.2742264002476896,1901,"[0.7755808189360398, 0.489216325796151, 0.6652922935741223, 0.5953622078560822]"
"[0.7186142447817077, 0.6130135089927291, 0.7013413393856983, 0.6967648110569987]",stable,0.27747735960298686,1902,"[0.78638572479245, 0.5668955343274866, 0.4485493886272455, 0.6169520700070205]"
"[0.8622452692201107, 0.681502226738879, 0.4082305440792838, 0.7102934707662412]",stable,0.210016945786424,1903,"[0.8498039554180513, 0.5458213263300028, 0.5493912071123788, 0.6353488798698324]"
"[0.8622219271679492, 0.6812476659501193, 0.4084953858485766, 0.7101528617776924]",stable,0.13094612059138386,1904,"[0.8750250418268337, 0.5914019395947108, 0.49318383093664714, 0.6684565852389102]"
"[0.862245903038097, 0.6810794155262329, 0.4086539784423745, 0.7100747788628259]",stable,0.07484614764405852,1905,"[0.8153841196646734, 0.6263131033828924, 0.3941609951292728, 0.6960560925790519]"
"[0.862158310919642, 0.6809770485876471, 0.4086268887539388, 0.7100485757108935]",stable,0.06527215881242567,1906,"[0.8272443496329319, 0.68344265933914, 0.36043019722035996, 0.7367407039914147]"
"[0.8620931729321667, 0.6809816486077059, 0.4085369695533165, 0.7100983744576855]",stable,0.11489099419209442,1907,"[0.8259886622044195, 0.5846053151973389, 0.3804190774964402, 0.6674675011824465]"
"[0.8620259392064167, 0.6808021768508896, 0.40848460848803364, 0.7100189873566144]",stable,0.05999436281444681,1908,"[0.9099596359774064, 0.7032892955922215, 0.38300077082946693, 0.7221263319161513]"
"[0.8621150352970691, 0.680843974469368, 0.40843724076004373, 0.7100414917145318]",stable,0.16036488203493057,1909,"[0.7581965977359377, 0.5778255281769001, 0.3708136124080049, 0.6562872729215475]"
"[0.8619222367116125, 0.6806528456265247, 0.40836743811003995, 0.709941762180593]",stable,0.16450481982696155,1910,"[0.7889270695052796, 0.5716963178933969, 0.3191466236341352, 0.6663337051335643]"
"[0.8617870604760453, 0.6804510742788707, 0.408202214379529, 0.7098610065193948]",stable,0.08363778590712893,1911,"[0.8960933039743655, 0.6557951226446724, 0.3590992591030153, 0.7627698405701038]"
"[0.8618504731257648, 0.6804054995069038, 0.4081114510610881, 0.7099588047339063]",stable,0.0871237437543251,1912,"[0.9351969542321088, 0.6954423596805642, 0.4466464403827066, 0.6876028688513145]"
"[0.861985798736662, 0.680433242791357, 0.40818254882736416, 0.7099175576197319]",stable,0.14719184048173306,1913,"[0.9819888528122599, 0.7647527233515677, 0.39574279658176154, 0.7103449673217143]"
"[0.8622067988362488, 0.680588527285943, 0.40815963952304446, 0.7099183447462548]",stable,0.1616061816837047,1914,"[1.0, 0.6790497084679981, 0.3238087028731012, 0.7064336360991266]"
"[0.8624600951619175, 0.6805856985748806, 0.40800458265420264, 0.7099119390318299]",stable,0.14191218875919903,1915,"[1.0, 0.6605675930664233, 0.39620698931505594, 0.7360258460320115]"
"[0.8627124619597856, 0.6805489681060578, 0.40798293569394734, 0.7099598544575183]",stable,0.11568412468154361,1916,"[0.9364414605546949, 0.7104366413450114, 0.47434693606129247, 0.7614321568456118]"
"[0.8628474967557469, 0.6806037074343342, 0.4081044814821659, 0.7100541260736137]",stable,0.12995759086162328,1917,"[0.8313211221912864, 0.7704363585386147, 0.3236568547613377, 0.7363933794072731]"
"[0.8627898617016986, 0.6807679353156949, 0.4079500982523289, 0.7101022782734925]",stable,0.08872661875098142,1918,"[0.7948357789522121, 0.7215813082376661, 0.4366068872555382, 0.6823946521136135]"
"[0.8626658579010609, 0.6808424122735817, 0.40800239166291874, 0.7100517169118868]",stable,0.36637808012215195,1919,"[0.5472321756365375, 0.7224108475692512, 0.3214692167512676, 0.5503064055133453]"
"[0.6227330219047137, 0.6102928416959688, 0.4169654809156398, 0.5510566322374936]",stable,0.2402277432976631,1920,"[0.4068635918661001, 0.6967173121838411, 0.42810556613425865, 0.4917568242537841]"
"[0.6212442672147922, 0.6108888725269196, 0.4170423090895613, 0.5506476680445025]",stable,0.44520932330687774,1921,"[0.23685447779607416, 0.635085258424097, 0.3855603732238737, 0.3295611375328831]"
"[0.23024172068163706, 0.6229764311215849, 0.34942933679099963, 0.361277852739936]",stable,0.06192694868915613,1922,"[0.2494855836275631, 0.6498840058326257, 0.29733078963268017, 0.356145161435181]"
"[0.23028535755906546, 0.6230374460302266, 0.34931119949585604, 0.36126621398414294]",stable,0.1273372637637884,1923,"[0.25100925573943056, 0.6182173120795111, 0.4258528819010131, 0.46078222249706363]"
"[0.23033224420653234, 0.6230265407497952, 0.3494843707230171, 0.3614913633246699]",stable,0.20426149074810832,1924,"[0.3885669229017579, 0.6403619918431638, 0.3922251543964488, 0.48214479513341957]"
"[0.23068943309749224, 0.6230656726935726, 0.34958085104733627, 0.3617637187012134]",stable,0.42311492247546717,1925,"[0.5987932441836692, 0.6067108366174323, 0.29150049875575834, 0.561476046562719]"
"[0.6210904930844421, 0.6108602558426081, 0.4161824336763161, 0.5507218350206546]",stable,0.13125994299910648,1926,"[0.672696402957522, 0.6937921805242855, 0.3354751469540588, 0.5849947462017051]"
"[0.6214415536958235, 0.6114244185955446, 0.4156334045149402, 0.5509549840763079]",stable,0.24756293613832725,1927,"[0.7516905008211077, 0.6452320844398728, 0.23224085200175326, 0.6486628780001904]"
"[0.8624637169956328, 0.6807775482884566, 0.40768224313894574, 0.7099398975331771]",stable,0.10801395757901013,1928,"[0.8740332273905671, 0.7358054842859211, 0.31726452774998365, 0.6917815808490428]"
"[0.8624847524690782, 0.6808775990811793, 0.407517847292784, 0.7099068824119332]",stable,0.10958038083686655,1929,"[0.8259610166120421, 0.6973131429915177, 0.3627913737308634, 0.6182374107079667]"
"[0.8624184661971054, 0.6809074276545193, 0.4074366740195319, 0.7097405131347936]",stable,0.16022694445061136,1930,"[0.7180379255988667, 0.6892401563578948, 0.3488574829191166, 0.7461544833511353]"
"[0.8621569072467462, 0.6809225231775325, 0.4073305522965239, 0.709806480472142]",stable,0.1386733952673934,1931,"[0.8086816133233565, 0.7495505575301238, 0.4011784683157914, 0.8176167223714503]"
"[0.862060206896071, 0.6810466245054758, 0.4073194273706998, 0.7100014357016163]",stable,0.1558525906657159,1932,"[0.9703810653490219, 0.6875121452985581, 0.295701166986562, 0.7025059283189234]"
"[0.8622557319113291, 0.6810582951206258, 0.4071179503663963, 0.7099879059048967]",stable,0.14863853653113618,1933,"[0.8247610066305489, 0.7143089141296515, 0.2903848676993043, 0.7871587803640553]"
"[0.8621881738477601, 0.6811182061458674, 0.4069076204877169, 0.7101269525255438]",stable,0.13053610688655173,1934,"[0.8525164796663766, 0.7529037239201956, 0.30807377674882896, 0.7551252225192641]"
"[0.8621707787143403, 0.6812473167893464, 0.4067298617759563, 0.7102078846658203]",stable,0.18746540856308952,1935,"[0.8890521413192671, 0.7627585697307915, 0.2448412941864156, 0.7498144381633285]"
"[0.8622190396884964, 0.6813936565612341, 0.40643921802803973, 0.7102789915841282]",stable,0.12316320310590985,1936,"[0.9089444296071006, 0.737943418376622, 0.3078237856555006, 0.7023396293388307]"
"[0.8623027769464151, 0.6814950002204014, 0.4062624878624975, 0.7102647633363768]",stable,0.23185484937968118,1937,"[0.7669483139632551, 0.47470385441081353, 0.4272586109621013, 0.6720445801917102]"
"[0.8621321965117404, 0.6811250697270033, 0.40630004801115516, 0.7101963909157244]",stable,0.35242580814926033,1938,"[0.5455797413073068, 0.600954413193071, 0.4805331039572243, 0.6003755705330196]"
"[0.6209289738823877, 0.6113536753157982, 0.4160719159976583, 0.5512889069577721]",stable,0.1270788649677527,1939,"[0.5191623323432787, 0.659290685370624, 0.4131459403079121, 0.49224595374056446]"
"[0.6202459762881655, 0.6116754002154949, 0.4160522785769218, 0.5508926455267842]",stable,0.27304269815791354,1940,"[0.3758292229669577, 0.6200306693346572, 0.4621683963149276, 0.4385705244820224]"
"[0.33680268973970223, 0.4994451919298275, 0.594084826118831, 0.43555436806418174]",stable,0.27016475860453,1941,"[0.26234319170572473, 0.5693184615767025, 0.34415514707797945, 0.425671976260367]"
"[0.23076072534660988, 0.6229446204162823, 0.3495686309933512, 0.3619076562182385]",stable,0.07393327920592967,1942,"[0.16312056451317297, 0.6311683046793392, 0.3772742799465951, 0.3544439808642386]"
"[0.23060872498518642, 0.6229631006056375, 0.3496308908786394, 0.3618908839140722]",stable,0.09376979906143453,1943,"[0.20004322102160302, 0.539532329395929, 0.3769802375503815, 0.3741319964229952]"
"[0.2305401924650887, 0.6227760360961987, 0.34969221228373304, 0.36191833035467513]",stable,0.1587408255467782,1944,"[0.17191964811648555, 0.5446629270475974, 0.449973866678618, 0.28705703553463946]"
"[0.2305401924650887, 0.6227760360961987, 0.34969221228373304, 0.36191833035467513]",stable,0.091212299431361,1945,"[0.2287094040658566, 0.6311903258841219, 0.3530603565354911, 0.27117590856057877]"
"[0.23053609674160047, 0.622794860010713, 0.34969974728205905, 0.3617153271739277]",stable,0.12166068703016997,1946,"[0.2465889339195286, 0.5311353596050874, 0.27336607684074055, 0.34395762660377543]"
"[0.23057192896744408, 0.6225902629115934, 0.349529359624824, 0.36167568944944073]",stable,0.16459632676801955,1947,"[0.1514056086273311, 0.5303008578647168, 0.2838937413437903, 0.27223701862808247]"
"[0.2303956119956398, 0.6223847185796404, 0.34938317784691525, 0.36147649419148675]",stable,0.13380118856649026,1948,"[0.1987152590252663, 0.665693068684985, 0.24956337964002878, 0.29034627561620474]"
"[0.23032521121126118, 0.6224809593576522, 0.34916135607312215, 0.3613184270390972]",stable,0.14232570313455067,1949,"[0.12112425664541274, 0.7012229723825558, 0.3538732810191472, 0.3153918503896158]"
"[0.230083080491603, 0.6226555536215655, 0.3491718038002752, 0.36121659427490765]",stable,0.09781682969791007,1950,"[0.2613836683613275, 0.6505206852228184, 0.2961434484134479, 0.2905063875366099]"
"[0.23015232957981036, 0.6227172021428072, 0.34905448442995035, 0.36106015576442474]",stable,0.08746655973397906,1951,"[0.2180911908333767, 0.5925832966073639, 0.3291704471206485, 0.28231054750317514]"
"[0.23012570454946504, 0.6226506813800359, 0.34901059030785475, 0.36088631556958756]",stable,0.1224555972385486,1952,"[0.16310114399686432, 0.5484880247132442, 0.2790561654373597, 0.3713438666663902]"
"[0.22997807335882053, 0.6224873275107258, 0.34885650567157617, 0.36090934982310474]",stable,0.0899173815228949,1953,"[0.2795597889648731, 0.6470789064649182, 0.36375136520585927, 0.2916259724408779]"
"[0.23008704416235035, 0.6225413749369987, 0.3488892416265966, 0.3607570786640229]",stable,0.14309737309390122,1954,"[0.26860492116815476, 0.7171933393863609, 0.27670033374669634, 0.43020489030935005]"
"[0.2301715131908718, 0.6227489450344754, 0.3487309326180881, 0.36090937649657845]",stable,0.10479668766276877,1955,"[0.21103059921368683, 0.7133860927074892, 0.2998198669870255, 0.3638396115963778]"
"[0.23012962935284734, 0.6229472757733661, 0.34862390621626954, 0.3609157883895758]",stable,0.11065885900737776,1956,"[0.22838725842540164, 0.7023958551591338, 0.27426885366546816, 0.3408759127882447]"
"[0.23012582504951232, 0.6231207442873087, 0.3484615589399578, 0.3608720332026733]",stable,0.1164939007642946,1957,"[0.19253450540442182, 0.7283300920636726, 0.3410502597496446, 0.3930245974457585]"
"[0.23004392674963195, 0.6233499585526168, 0.3484454123186281, 0.36094208236224434]",stable,0.13187773434353947,1958,"[0.1304539110396675, 0.599579261833558, 0.27551840424922774, 0.3210651334066089]"
"[0.22982742671547984, 0.6232982831249667, 0.34828687534456415, 0.36085539334277555]",stable,0.1694177575465431,1959,"[0.11588963385426329, 0.7272939065779302, 0.27828537482373, 0.3585627622178773]"
"[0.22958027315178958, 0.6235238701606564, 0.34813502827185083, 0.36085042017330726]",stable,0.12583713151629658,1960,"[0.260376782018185, 0.7009856024412647, 0.43742099519952204, 0.39108706766885326]"
"[0.22964693226189, 0.6236915362478439, 0.34832828794052545, 0.3609158674622586]",stable,0.27772485212682263,1961,"[0.2105550574930521, 0.5122352554797835, 0.5962190362275693, 0.3071174641614426]"
"[0.22964693226189, 0.6236915362478439, 0.34832828794052545, 0.3609158674622586]",stable,0.3903706977472235,1962,"[0.09079746615552671, 0.425141352178166, 0.6436258301703098, 0.2803721316376909]"
"[0.22964693226189, 0.6236915362478439, 0.34832828794052545, 0.3609158674622586]",stable,0.3529877765453212,1963,"[0.21974959560313723, 0.31244171663199466, 0.5063062214591101, 0.3092541269982375]"
"[0.22964693226189, 0.6236915362478439, 0.34832828794052545, 0.3609158674622586]",stable,0.45642612526560183,1964,"[0.32394023083062545, 0.3246426781546456, 0.677312174175613, 0.3188092796070157]"
"[0.2937306034527293, 0.2931551404616985, 0.8337530611529872, 0.3714216846768825]",stable,0.04512591617662798,1965,"[0.2793472043233147, 0.3074619360308089, 0.8454110054396302, 0.41000761573753236]"
"[0.2936706726230234, 0.2932147521099031, 0.8338016359208482, 0.3715824593896352]",stable,0.12701105481747896,1966,"[0.19951981754545037, 0.22457179164915664, 0.8084681426581153, 0.32783565799453945]"
"[0.2932800051745687, 0.2929299265478253, 0.8336965176915423, 0.3714009373921452]",stable,0.20717844519544037,1967,"[0.3155843155637347, 0.14226860595921964, 0.9737967609781317, 0.36147550535118705]"
"[0.29337217174642477, 0.29230735910737654, 0.8342754443166935, 0.37135992321015776]",stable,0.14545851729547626,1968,"[0.41869671279326715, 0.2554373813298107, 0.8963551437487347, 0.38680839634849484]"
"[0.29388791059846936, 0.29215563080376517, 0.8345309163308171, 0.37142349717369]",stable,0.17170571841036944,1969,"[0.17984529544600109, 0.19660026579223716, 0.9043138734893928, 0.3216575773919244]"
"[0.2934205228314511, 0.29176401045535727, 0.8348169120568769, 0.37121953848605976]",stable,0.1968200522392404,1970,"[0.13069577606128152, 0.25896059679246647, 0.9329061056471972, 0.33170706064799654]"
"[0.2927563401915729, 0.2916301189710189, 0.8352172761123475, 0.3710582630663126]",stable,0.09377182376119965,1971,"[0.24645180618463247, 0.22385438493677123, 0.8365590296480452, 0.41637597081361544]"
"[0.29256811037853653, 0.2913546078570586, 0.8352227303950129, 0.37124248139048865]",stable,0.11907008492356821,1972,"[0.3061733467425167, 0.29072766002262385, 0.8264132592259998, 0.2532823914391784]"
"[0.2926231923071356, 0.2913520696067167, 0.8351870645198348, 0.3707649101761109]",stable,0.2677892257847097,1973,"[0.11704038514805185, 0.23523444290262774, 0.8928021159510868, 0.1852573224655676]"
"[0.29191519711697805, 0.29112578885387763, 0.835419383275606, 0.37001689570953616]",stable,0.22426217376014526,1974,"[0.09078723414850134, 0.19456115611425845, 0.8250063626095905, 0.34982021785776446]"
"[0.2911074542938115, 0.290737979083839, 0.8353775639155016, 0.36993578455350495]",stable,0.12503168175673093,1975,"[0.2637577625646985, 0.22268799290479355, 0.9066064300528438, 0.2979596509045014]"
"[0.290998055526895, 0.29046577913912286, 0.835662479380051, 0.36964788001890897]",stable,0.14187917391621033,1976,"[0.16108029736941987, 0.2730997065835354, 0.8170772005570568, 0.3186176630729886]"
"[0.2904804548967856, 0.2903965915990607, 0.8355884344445013, 0.3694445723816742]",stable,0.15999307332839005,1977,"[0.21231741324934666, 0.19660319840433146, 0.8249515532484734, 0.26659527201981065]"
"[0.29017028409659734, 0.29002439559431975, 0.8355462245984853, 0.3690364402373811]",stable,0.08074454098087024,1978,"[0.30715869597799267, 0.22265239065482959, 0.8286724764388962, 0.32847982183013025]"
"[0.29023743196964635, 0.28975810308467753, 0.8355190556334275, 0.36887613739782676]",stable,0.12086054309897444,1979,"[0.3238696561096141, 0.2570518355738207, 0.9465346501599059, 0.35982173432424697]"
"[0.290369842300906, 0.2896293382519576, 0.8359561249032169, 0.3688404901416315]",stable,0.15164347799816916,1980,"[0.1491367947292388, 0.3416567393952991, 0.8423583539324216, 0.35148734383533203]"
"[0.2898159872123897, 0.28983336727604914, 0.8359812316837235, 0.36877243858748915]",stable,0.32665362510470036,1981,"[0.165654574302604, 0.5008860082864321, 0.6358577402766902, 0.2869561489631773]"
"[0.22964693226189, 0.6236915362478439, 0.34832828794052545, 0.3609158674622586]",stable,0.330106332621238,1982,"[0.15603088701146833, 0.4326648047701592, 0.5983112571309711, 0.42850411861593574]"
"[0.3357455446945079, 0.4990546633499464, 0.5941095420896623, 0.4355131385352446]",stable,0.30801799721639345,1983,"[0.1279883387540221, 0.48850792496556894, 0.41860117716692413, 0.2912993731014303]"
"[0.22964693226189, 0.6236915362478439, 0.34832828794052545, 0.3609158674622586]",stable,0.23199684578674665,1984,"[0.19563669565876177, 0.5256842695549636, 0.44109175894666947, 0.17529433211821066]"
"[0.22964693226189, 0.6236915362478439, 0.34832828794052545, 0.3609158674622586]",stable,0.1854796076277713,1985,"[0.07136695612625257, 0.5627903327048548, 0.39895894678213173, 0.3054387208833806]"
"[0.22964693226189, 0.6236915362478439, 0.34832828794052545, 0.3609158674622586]",stable,0.10417999157804962,1986,"[0.14791903022997616, 0.5909376390206827, 0.40388062465661534, 0.3648069825311197]"
"[0.2294704141149528, 0.6236207934892539, 0.3484482713891563, 0.36092427159847645]",stable,0.22874516157525177,1987,"[0.07814737172393486, 0.5699154829669996, 0.3781189072334032, 0.20073351413750262]"
"[0.2294704141149528, 0.6236207934892539, 0.3484482713891563, 0.36092427159847645]",stable,0.16140766318226815,1988,"[0.09155024652365475, 0.5581014731277685, 0.3315810666988775, 0.3113947130414485]"
"[0.2294704141149528, 0.6236207934892539, 0.3484482713891563, 0.36092427159847645]",stable,0.22816193103963175,1989,"[0.031071591165321863, 0.5752307228704655, 0.4383437962284608, 0.31324860162615914]"
"[0.2294704141149528, 0.6236207934892539, 0.3484482713891563, 0.36092427159847645]",stable,0.2700716224516845,1990,"[0.10302090595175852, 0.6486064780798528, 0.5851471252995205, 0.37820348633846457]"
"[0.2294704141149528, 0.6236207934892539, 0.3484482713891563, 0.36092427159847645]",stable,0.3178973267536418,1991,"[0.17049104456777625, 0.4501572985781589, 0.6057885284696598, 0.32533561689085744]"
"[0.14275338124858056, 0.5123806345697844, 0.46169801255439324, 0.3077296353000363]",stable,0.40020666909083447,1992,"[0.3064635877769024, 0.30270406129579813, 0.7606948409818708, 0.3087183079572344]"
"[0.28988101690209483, 0.2898836434245638, 0.8356871442200444, 0.36853785213971474]",stable,0.14569701409551714,1993,"[0.2264550891685089, 0.3654422757985982, 0.7777555516077668, 0.27831814664998333]"
"[0.28963422340896805, 0.29017764588516315, 0.8354617294627982, 0.3681868027020115]",stable,0.21112759300740688,1994,"[0.2214246905465434, 0.4265410332457236, 0.764340693968278, 0.4957373615151033]"
"[0.2893698453746176, 0.2907061861462506, 0.8351860665345249, 0.36868118471291494]",stable,0.10353585547949577,1995,"[0.22457852879369944, 0.35158373317529773, 0.8502913629672361, 0.41954878690712455]"
"[0.2891196858511391, 0.29094123459037824, 0.8352443881423731, 0.36887758472138676]",stable,0.07620492386364239,1996,"[0.3027118384177851, 0.35762051956497415, 0.8038870077882527, 0.38277116101664654]"
"[0.2891719633610108, 0.2911976933787421, 0.8351237828333188, 0.36893102155329166]",stable,0.10046901253616237,1997,"[0.22024443548510259, 0.34706146753204037, 0.8770590108463445, 0.3904645714174517]"
"[0.28890787321589234, 0.2914117308276053, 0.8352844542050163, 0.36901352557575967]",stable,0.22903104920162032,1998,"[0.3680334519876066, 0.47119906191417815, 0.7268907132998911, 0.41507518854829994]"
"[0.33593326508574683, 0.4988927121788082, 0.5948815256432102, 0.43539431324462285]",stable,0.09905573901320361,1999,"[0.28529580541341426, 0.5108593783025432, 0.6022753351151846, 0.3514299303625937]"
"[0.335640563006716, 0.4989618836592922, 0.5949242644262851, 0.4349089699909695]",stable,0.15963491309575023,2000,"[0.18549506052555859, 0.47392785809662863, 0.5780705942825771, 0.3898658247790344]"
"[0.1431895208330395, 0.5119882592996502, 0.46288548787815026, 0.308567759682475]",stable,0.15970101546180607,2001,"[0.18644712329765858, 0.6558947599350132, 0.4141456057375871, 0.28514689009244343]"
"[0.22937769150543277, 0.6236903494514214, 0.3485898604718038, 0.3607609582762652]",stable,0.08872476775363605,2002,"[0.23808096603185405, 0.5535703889166935, 0.3040835653297543, 0.3907395882114604]"
"[0.22939640822484444, 0.6235395538373683, 0.3484941480091327, 0.36082542844816884]",stable,0.1226886262815244,2003,"[0.2659113111462826, 0.5146430153240853, 0.36023311244139594, 0.31931757982446096]"
"[0.22947476638562006, 0.623305870278327, 0.3485193389199316, 0.36073635581163727]",stable,0.046864942575582505,2004,"[0.20625658901612143, 0.5905604614273188, 0.33595101228499136, 0.38140068369881797]"
"[0.2294250486610601, 0.6232357516298238, 0.3484924260149317, 0.36078060490775543]",stable,0.14581950507997157,2005,"[0.2009242229538815, 0.6191448383851293, 0.20873238564349675, 0.3908043711601119]"
"[0.22936414946083108, 0.6232270103622068, 0.3481937934500354, 0.36084475825444845]",stable,0.026909158747198264,2006,"[0.22241794438354512, 0.6080103662245868, 0.3649539446587182, 0.3736277208280198]"
"[0.22934933878902453, 0.6231945654919774, 0.3482295293801179, 0.3608720140381874]",stable,0.13695387957701094,2007,"[0.20134544889108968, 0.5597422475782087, 0.3980275644167552, 0.25379210770820115]"
"[0.22934933878902453, 0.6231945654919774, 0.3482295293801179, 0.3608720140381874]",stable,0.10197526085345501,2008,"[0.13434887687737607, 0.5974548775639362, 0.35676545977889995, 0.33560400223872394]"
"[0.22914721014665934, 0.6231398001985134, 0.34824769093415786, 0.3608182523109545]",stable,0.06519558906206915,2009,"[0.25541096915484424, 0.6433171652531371, 0.293340313970119, 0.3725967789714314]"
"[0.22920297184306734, 0.6231826396147654, 0.34813111476225966, 0.36084325979855636]",stable,0.13707766146887512,2010,"[0.11732767786945007, 0.5810436113603487, 0.2818769190092517, 0.3712781874450627]"
"[0.22896594791515715, 0.6230933620125315, 0.3479907457034609, 0.3608653676961125]",stable,0.10853245310091657,2011,"[0.22135807682544487, 0.6909324601600624, 0.3866864949609958, 0.4358447610353003]"
"[0.22894986362109856, 0.6232367850530126, 0.3480725548985086, 0.3610238864980981]",stable,0.10591851729976755,2012,"[0.23240523886445902, 0.6945014603051431, 0.4260611152354354, 0.3678005528386101]"
"[0.2289571534422871, 0.6233871324691563, 0.3482370877262236, 0.36103818326252957]",stable,0.07068423869846824,2013,"[0.17944795809846406, 0.585822493478293, 0.3819021481400469, 0.36022406926010836]"
"[0.2288529235573527, 0.6233080490186493, 0.3483079615376211, 0.36103646933831396]",stable,0.15255054359282325,2014,"[0.09278835317353917, 0.6760002339049236, 0.3064325470192501, 0.3459340076992496]"
"[0.2285670736195716, 0.6234187468860575, 0.3482199879777086, 0.36100474147772765]",stable,0.1258606261993152,2015,"[0.17090246620505414, 0.617339428270494, 0.2942199764449998, 0.2632155246966781]"
"[0.22844618345727702, 0.6234060019832994, 0.34810678040636117, 0.3607997326375158]",stable,0.10984318488478813,2016,"[0.19136183672945672, 0.6129306772059554, 0.24533354891339873, 0.356532772043877]"
"[0.22836860114194685, 0.6233840870779075, 0.34789177364591567, 0.3607908059417132]",stable,0.09310165033064717,2017,"[0.19554796124395366, 0.5980965142912069, 0.2781665613390555, 0.315078047084946]"
"[0.2283000820607402, 0.6233312946503778, 0.34774620952836477, 0.36069537220714787]",stable,0.10013592995329723,2018,"[0.17583356036711614, 0.5599580078528261, 0.35147858651606256, 0.30373604942780746]"
"[0.2281907768072118, 0.6231992669695496, 0.34775398531375584, 0.36057670695135763]",stable,0.15917931677001795,2019,"[0.28034621817021704, 0.5622863626325474, 0.21119801218299913, 0.37669964437426867]"
"[0.22829920807823675, 0.623072628914795, 0.34747008516171685, 0.3606102265717795]",stable,0.22174069548462116,2020,"[0.21226729283346993, 0.5608106488721623, 0.1448324143773566, 0.2975758395449499]"
"[0.22826594684328913, 0.6229434546823414, 0.3470496750563551, 0.3604794498352093]",stable,0.2232667041291788,2021,"[0.22150661584605158, 0.5679111278634067, 0.1339675446579695, 0.3234688928689136]"
"[0.22825195236917475, 0.6228295161174988, 0.3466085112253025, 0.36040282342327074]",stable,0.18081418153239917,2022,"[0.18457515460114998, 0.6286421315575332, 0.20495614945392904, 0.46378042005958586]"
"[0.22816171105147223, 0.6228415256535319, 0.3463158410563534, 0.3606164134989656]",stable,0.1568370162766177,2023,"[0.21192860821143977, 0.6046506956389162, 0.4915490992073821, 0.41456759955592803]"
"[0.22812824073633814, 0.6228040187875223, 0.34661529107315964, 0.36072765305784593]",stable,0.17972617861500984,2024,"[0.3094380181432504, 0.6567928311286709, 0.4926532883365981, 0.4173658324822847]"
"[0.22829554480507666, 0.6228739546153848, 0.34691578077946306, 0.36084419252168226]",stable,0.27479048752888635,2025,"[0.3659474662896886, 0.5957966196381862, 0.5725975422244199, 0.4308179092272527]"
"[0.33581474061179056, 0.49951840513043533, 0.594795949930872, 0.4348854581474999]",stable,0.24487611160043302,2026,"[0.3746005842561494, 0.6638974787942742, 0.7426746961096938, 0.5327188110254469]"
"[0.5266358994290334, 0.5110824814110725, 0.7749764802589245, 0.5638797788831887]",stable,0.2363460573442198,2027,"[0.3550193688669743, 0.6177628073647911, 0.6689313431603842, 0.625369308171997]"
"[0.5260316158707163, 0.5114581163616138, 0.7746030818888592, 0.564096291310262]",stable,0.19944459795897843,2028,"[0.40948380108898474, 0.6704503409692548, 0.791259984233451, 0.5388222998720685]"
"[0.5256226761697278, 0.5120159838163775, 0.7746615271602437, 0.564007610638549]",stable,0.15413862192845465,2029,"[0.46894698805806057, 0.6102636785194596, 0.6713750220977454, 0.5790365661769943]"
"[0.5254245094280786, 0.5123595072244301, 0.7743003855341511, 0.564060159434138]",stable,0.20146341006273,2030,"[0.37197528376738764, 0.5923816108265418, 0.6751781351376379, 0.5355630867833923]"
"[0.33602137228696544, 0.5000490520201273, 0.5952552767034821, 0.4354607588825622]",stable,0.229764153833782,2031,"[0.39393996024578115, 0.55270059634915, 0.8008312517341402, 0.5018184029469348]"
"[0.5249663751103703, 0.512500068510579, 0.7743928275766597, 0.5638432892024752]",stable,0.15912617049687017,2032,"[0.4822339472242486, 0.43877603802378545, 0.8453786115128227, 0.4497342906453626]"
"[0.5248179986246545, 0.512244082293611, 0.7746393059931047, 0.5634470774019297]",stable,0.20706336296615413,2033,"[0.41753876465097467, 0.39782935918712575, 0.8621772591012355, 0.46042872882761615]"
"[0.28939883081678963, 0.2918179049816493, 0.8353870984985132, 0.3693624385652706]",stable,0.04896790101263461,2034,"[0.3043241632638414, 0.2845137022004124, 0.8105723286149709, 0.3305556659825683]"
"[0.28945558113027653, 0.29179013234750006, 0.8352927457613135, 0.36921488429689536]",stable,0.039733979554042384,2035,"[0.3141485916535891, 0.2816984815164351, 0.8215464766824789, 0.34317178478065546]"
"[0.28954911526104665, 0.2917519063973824, 0.8352406765602572, 0.36911623619266715]",stable,0.09550058899302152,2036,"[0.3567634070315468, 0.34525922859906616, 0.8580013820960065, 0.4040664612867093]"
"[0.28980275409791645, 0.29195382082078497, 0.8353265660151091, 0.3692481238345314]",stable,0.0881063815697915,2037,"[0.28470491721526436, 0.20511415890529897, 0.8273201860693323, 0.3807162331384891]"
"[0.2897835892976057, 0.29162735592636585, 0.8352964668423807, 0.36929123702740346]",stable,0.11935577608845213,2038,"[0.274850575932516, 0.3430140840649606, 0.941223192500141, 0.35657355798795154]"
"[0.28972766040859793, 0.2918198155823156, 0.8356931961519602, 0.3692436052707014]",stable,0.21014992911580868,2039,"[0.4573965010686745, 0.35381990140054087, 0.7284576501988623, 0.3958270516567325]"
"[0.2903532904110609, 0.292051159186115, 0.8352930635178069, 0.3693427972348284]",stable,0.4569100276820366,2040,"[0.5870153294023429, 0.5141177970187307, 0.634422679012121, 0.5456831074539905]"
"[0.5250332143020859, 0.5122505657355664, 0.7741541273530321, 0.5633856103778883]",stable,0.2252212843456753,2041,"[0.7236444650468514, 0.5193564151180377, 0.6911934797243894, 0.6293040133432607]"
"[0.718910140091422, 0.6075042681765708, 0.7007444064644449, 0.6927965288385435]",stable,0.17999533215813804,2042,"[0.7359599855232694, 0.6511009382414188, 0.5652661331977079, 0.5839269270142111]"
"[0.7198573537265246, 0.6099263054023957, 0.6932178357274039, 0.6867482176260806]",stable,0.2330004216714982,2043,"[0.7372247574204034, 0.7229802268956738, 0.5003882056173053, 0.623320192474543]"
"[0.861909147513363, 0.6811998110790901, 0.406468062578309, 0.7100412548470794]",stable,0.12328913739998346,2044,"[0.7576379627736752, 0.7285343257836421, 0.4519726547323704, 0.7059783440197308]"
"[0.8617232808738984, 0.6812841863281178, 0.4065491759333073, 0.71003401258179]",stable,0.12392439107333629,2045,"[0.8323008090116772, 0.5815413129351336, 0.45852984674826336, 0.6671278134801184]"
"[0.8616709277211185, 0.6811067079057104, 0.4066416682301311, 0.7099576670317871]",stable,0.13591076433049626,2046,"[0.9515202130774081, 0.581107614666299, 0.389068615181756, 0.7004597230585763]"
"[0.8618305179260142, 0.6809290896228695, 0.40661045499203446, 0.709940796793824]",stable,0.12662739457528976,2047,"[0.9212713003693208, 0.591300778602167, 0.4681434158547086, 0.7360511593057167]"
"[0.861935909384247, 0.6807701741777973, 0.40671955598647186, 0.7099870917628167]",stable,0.1776965031119745,2048,"[0.8648216312287658, 0.5379351495966809, 0.3012564004132481, 0.7165748377437953]"
"[0.8619410168565382, 0.6805173688245564, 0.40653289553412986, 0.7099987514902166]",stable,0.08997961916851895,2049,"[0.8933813794099572, 0.6471768177937561, 0.38599668685560173, 0.6353361285902955]"
"[0.8619965652002721, 0.6804584632573641, 0.4064966124799275, 0.7098668387289093]",stable,0.11743288223863808,2050,"[0.8005363558684708, 0.6351782322499656, 0.41051953333766134, 0.7990107745151087]"
"[0.8618881697693519, 0.6803786039434182, 0.40650370757844206, 0.7100240590742113]",stable,0.19700028337340547,2051,"[0.7843583786522665, 0.7195447740695661, 0.2302543272365306, 0.6958674286387916]"
"[0.8617516736582302, 0.6804475584682882, 0.40619340937361476, 0.7099991354290786]",stable,0.20700622651979703,2052,"[0.7741288934818894, 0.5449756105746888, 0.3150620513519601, 0.617715587972465]"
"[0.6212718624027903, 0.6112307349512229, 0.415379010395422, 0.5513381318097554]",stable,0.24501876725777588,2053,"[0.7755632733872129, 0.6573457683155676, 0.332751403886274, 0.716487879449075]"
"[0.8616002001955395, 0.6804069577826068, 0.4060643373077319, 0.7100105391971278]",stable,0.12516752860924593,2054,"[0.8800804361102419, 0.630771245281422, 0.3089672941616929, 0.6514114662054898]"
"[0.8616326216620565, 0.6803198775852364, 0.40589399161800205, 0.7099077338059143]",stable,0.14193752081474217,2055,"[0.8716309783281744, 0.7271878884185082, 0.2736484505238312, 0.7289024462347651]"
"[0.8616501319189148, 0.6804019581646291, 0.4056623882185376, 0.7099409995019369]",stable,0.18239567324651632,2056,"[0.814917807153331, 0.5378880119157247, 0.4931718546600069, 0.6541186039178375]"
"[0.8615684320504435, 0.6801528079089492, 0.40581537679623253, 0.7098434079012654]",stable,0.21520206472262773,2057,"[0.7619224722813182, 0.5185534864482151, 0.4998870622318454, 0.6721765967101742]"
"[0.8613945298518935, 0.6798707846603266, 0.40597955076732434, 0.7097776717560803]",stable,0.18414825045741753,2058,"[0.8319512722551443, 0.6683520579576949, 0.5855161372629867, 0.7358085336944582]"
"[0.7257570336490836, 0.6130013450105692, 0.6875493252819084, 0.6893303395244162]",stable,0.12647803768937457,2059,"[0.6403524460181538, 0.5471519280634998, 0.6369057384371364, 0.6468823498361788]"
"[0.7214868042675372, 0.6097088741632157, 0.6850171459396697, 0.6872079400400044]",stable,0.15048248800865938,2060,"[0.5960587398470081, 0.563328136103529, 0.6951192540164871, 0.7554688688531911]"
"[0.715514039295131, 0.6075002675889449, 0.6854981987052324, 0.69045846045968]",stable,0.23080787557500015,2061,"[0.5155701861571664, 0.6504789108868788, 0.7431687671185454, 0.6003381365646608]"
"[0.5250005831705518, 0.5127272152016054, 0.7740472812832581, 0.5635130328819806]",stable,0.10030420016478518,2062,"[0.5766453763581193, 0.46610097773809095, 0.7022217721326419, 0.5557131532315379]"
"[0.5251780566866602, 0.5125669875814558, 0.7738004582277577, 0.5634862291718417]",stable,0.1580729252468358,2063,"[0.5698578714298559, 0.5451502774822662, 0.8412063514838428, 0.6953404616567886]"
"[0.5253310697508492, 0.5126785741907052, 0.7740313003279498, 0.5639377847625435]",stable,0.05844909980181405,2064,"[0.5032085065244271, 0.5037518764322686, 0.7921617848586178, 0.6141223347928876]"
"[0.52525556612209, 0.5126481076454545, 0.7740931791147438, 0.5641090630902921]",stable,0.11835339435484224,2065,"[0.4154067739192674, 0.503501354357051, 0.8090369564456051, 0.5388892665600628]"
"[0.5248819307744613, 0.5126169962397116, 0.774212035500223, 0.5640232814694409]",stable,0.2595974087066085,2066,"[0.3984051340801626, 0.3007743475957987, 0.8160272308384569, 0.49496811396191853]"
"[0.2907549701273029, 0.29208358739581647, 0.8352214433219728, 0.36980980584719675]",stable,0.2500596520064798,2067,"[0.4948806839865688, 0.3791338209143412, 0.7223572186181292, 0.3931859930773131]"
"[0.5247802316328074, 0.5121645108996256, 0.7740362564599448, 0.5634441720172643]",stable,0.2896705260981717,2068,"[0.3903415855885939, 0.4451369345898852, 0.647446730153762, 0.35056472260185356]"
"[0.33633000986254286, 0.49973705135291, 0.5955518190526314, 0.4349783950400582]",stable,0.08224826611238832,2069,"[0.3211755238359954, 0.44355915492648723, 0.6073546961179412, 0.37805867193946047]"
"[0.3362443912974211, 0.499419662107563, 0.5956185019739043, 0.43465681468355766]",stable,0.19211013913577357,2070,"[0.28671363536767597, 0.5803952151536123, 0.515381830702423, 0.28817116293584205]"
"[0.22829554480507666, 0.6228739546153848, 0.34691578077946306, 0.36084419252168226]",stable,0.16778468745866773,2071,"[0.24185345891440294, 0.5095069917420147, 0.4689154156614259, 0.34561576094969704]"
"[0.22829554480507666, 0.6228739546153848, 0.34691578077946306, 0.36084419252168226]",stable,0.1847608526002152,2072,"[0.18067996889604065, 0.4857556788140729, 0.45693062293710623, 0.3919028874510172]"
"[0.1465016230755596, 0.5128455837711141, 0.46276503182133766, 0.3090110036071305]",stable,0.18423510102327367,2073,"[0.2969557359329069, 0.4548245135030494, 0.37380253364745136, 0.3140470434177394]"
"[0.14796234261786395, 0.5122822724092883, 0.4619013182468339, 0.3090598971975248]",stable,0.2440005722577104,2074,"[0.25168714484398946, 0.724076574301322, 0.41618980463566374, 0.3518509695687938]"
"[0.22834357683801076, 0.62308176286936, 0.3470580272350199, 0.36082572594477696]",stable,0.10136468992958683,2075,"[0.20916491870462237, 0.688701035134412, 0.38078138208436063, 0.42763759526329187]"
"[0.22830427630904887, 0.6232162285912145, 0.3471271324703669, 0.3609626355130526]",stable,0.09500424881890826,2076,"[0.17907193136619987, 0.636065823835411, 0.42482263768453, 0.3809696312058007]"
"[0.22820359666703896, 0.6232425058821025, 0.34728601898409733, 0.3610035496146738]",stable,0.05079452876301102,2077,"[0.2736683357733751, 0.6192984735266731, 0.359239231393, 0.3798345605311414]"
"[0.22829638184888862, 0.6232344568364792, 0.3473104132951359, 0.3610419802491972]",stable,0.06379506063283538,2078,"[0.28807278611617004, 0.6253502619021502, 0.337574299536051, 0.3809749356702059]"
"[0.228418126053099, 0.6232387660117656, 0.34729058414287706, 0.3610825768997491]",stable,0.04823770171812673,2079,"[0.21384991063199663, 0.6608396819763332, 0.32743211001582617, 0.3785884356465258]"
"[0.22838851585915365, 0.6233151906377098, 0.3472502213905863, 0.3611181579134621]",stable,0.12772058418220528,2080,"[0.31168874060602225, 0.6670383460705634, 0.2722819567265306, 0.4040327842455133]"
"[0.228557481832271, 0.6234038785797643, 0.3470981559450203, 0.3612052058370565]",stable,0.10503587641194895,2081,"[0.21114495365800254, 0.629057330561483, 0.24367879879715543, 0.35985826707850416]"
"[0.2285222337995296, 0.623415322814545, 0.3468888050196198, 0.36120247924037924]",stable,0.0773697474045476,2082,"[0.21556960222772306, 0.6111542636001098, 0.40439747890230415, 0.3126151763310418]"
"[0.22849606686706128, 0.6233905529979502, 0.3470049841587767, 0.36110432307288565]",stable,0.08955760948208039,2083,"[0.25056162847934416, 0.6201073003610078, 0.2698472111181112, 0.321486464493622]"
"[0.22854055388644087, 0.6233839335369886, 0.346849424132485, 0.3610244483580081]",stable,0.06240303453599353,2084,"[0.2675242419245826, 0.6622081279479414, 0.34371088594878696, 0.39030314868188287]"
"[0.22861899189054177, 0.6234620506283588, 0.3468431091663206, 0.3610833592238509]",stable,0.1418646400018443,2085,"[0.35373297424763867, 0.6694803064123273, 0.3846466377992733, 0.33066492962763894]"
"[0.22887022478684116, 0.6235544567644712, 0.3469190198663868, 0.36102227803992276]",stable,0.030865431360002984,2086,"[0.20922414252048913, 0.6008685947513899, 0.35231985046590064, 0.36580652282688475]"
"[0.22883085388049573, 0.6235089941151463, 0.34692984317420145, 0.3610318657048265]",stable,0.1076668862553813,2087,"[0.2695128736191661, 0.5662856051930999, 0.2767899610198508, 0.3192824662173886]"
"[0.22891221791997307, 0.6233945473373023, 0.34678956340989275, 0.36094836690585164]",stable,0.07595748142013273,2088,"[0.2556743070560504, 0.6334095156277827, 0.27786252211163776, 0.3467324266706163]"
"[0.22896563526355806, 0.6234145372939698, 0.3466519844851457, 0.3609199917756416]",stable,0.10311055526000334,2089,"[0.2565487255842095, 0.5887051088391438, 0.26181858697411964, 0.39925417987796796]"
"[0.22902058165861913, 0.6233453950062111, 0.3464829936534505, 0.36099635470014824]",stable,0.223698430368194,2090,"[0.3684233487326669, 0.47406566655549887, 0.43768042807000146, 0.3635354314640562]"
"[0.3364251719571697, 0.49927722393030427, 0.5947312094238824, 0.4342572563508638]",stable,0.12110873991319332,2091,"[0.23530208044954737, 0.5626379156501647, 0.6138422432681678, 0.4421082675905657]"
"[0.33586023848506014, 0.499631194275108, 0.5948379749760851, 0.43430111674885097]",stable,0.1539829080958825,2092,"[0.23552036657758726, 0.5804932561202862, 0.6752595109908734, 0.40907514619417046]"
"[0.33530279475224084, 0.5000804279520257, 0.5952847612872785, 0.4341609724679917]",stable,0.09674918758016117,2093,"[0.2680168145134747, 0.5368525460553676, 0.6541540423066949, 0.43806241363510307]"
"[0.3349310490050653, 0.5002835888255248, 0.5956100059337947, 0.4341825273915669]",stable,0.16910129303648352,2094,"[0.23612078509857995, 0.4538878864348262, 0.5578931323794108, 0.31066469344724235]"
"[0.1488100199494093, 0.5117207879287646, 0.46282431645964717, 0.30907532793069514]",stable,0.19624270000773125,2095,"[0.261590137316016, 0.4144910037836983, 0.5730211512422481, 0.3738431371579555]"
"[0.3345280769628178, 0.4998122009956247, 0.5954858913475773, 0.43385099228039326]",stable,0.16775206903205003,2096,"[0.36014073784540857, 0.6490438894661236, 0.5655886269183501, 0.4995838227606024]"
"[0.33466803685835106, 0.5006276747031138, 0.5953225183179095, 0.43421018807536704]",stable,0.1198164794701621,2097,"[0.26108757917130093, 0.45294853264559193, 0.5737016779575468, 0.5129575288175049]"
"[0.33426814306657365, 0.500368548931062, 0.5952050137507336, 0.43463816275331346]",stable,0.23519881108927826,2098,"[0.5108109310803314, 0.5874030157943716, 0.5931865050860405, 0.5633706448187558]"
"[0.5247330380498598, 0.5124186950377835, 0.773425277570168, 0.5634439236145665]",stable,0.36258576586306296,2099,"[0.636037659958153, 0.6171379232184989, 0.44480492461461574, 0.5523865450391839]"
"[0.6213696491415676, 0.611269855403324, 0.4155738839995226, 0.5513450749437251]",stable,0.17877294387392692,2100,"[0.7223080380749587, 0.6145643675004433, 0.49718253423748704, 0.6742286844987069]"
"[0.6220337174898136, 0.6112915298250157, 0.4161107830142461, 0.5521535197434289]",stable,0.08755981180380876,2101,"[0.6866431393916196, 0.6098302641746167, 0.46942771896211904, 0.5267072569832076]"
"[0.6224560012930934, 0.6112819790691307, 0.4164592597197877, 0.5519872043005515]",stable,0.12710357522552124,2102,"[0.5470925384344348, 0.5298993945200284, 0.47403947628707765, 0.5288126300167911]"
"[0.6219666281576477, 0.6107535207279029, 0.4168331572299649, 0.5518367200519556]",stable,0.2715334003676192,2103,"[0.3683119119872859, 0.5932575684593284, 0.48751937903107384, 0.48790689773533097]"
"[0.33445216343911804, 0.5008706517393229, 0.5946229292387355, 0.43492610186132435]",stable,0.2555179850591039,2104,"[0.3514344142649892, 0.6832828432732895, 0.4252347603331066, 0.4900122567473322]"
"[0.22926394911906917, 0.6234645549431238, 0.34663955780191896, 0.3612528475471605]",stable,0.3111825038682876,2105,"[0.4417391059509682, 0.6078266398477075, 0.4391107517341824, 0.568360047680828]"
"[0.6208038699498627, 0.61073463762545, 0.4169768836461211, 0.5519433221656902]",stable,0.3844068847556877,2106,"[0.24153164955265222, 0.6555128338353595, 0.4602192673417076, 0.5451429340111149]"
"[0.2292882897945326, 0.6235281427980687, 0.34686491436846617, 0.3616177088298271]",stable,0.18959016284385385,2107,"[0.3635185547012947, 0.6726656845957929, 0.4497720724944083, 0.4317767041386166]"
"[0.2295540922992985, 0.6236254448610346, 0.34706869091921055, 0.36175663753340886]",stable,0.14707848073420107,2108,"[0.2439842520570105, 0.7385902758271717, 0.43428996542640136, 0.3372742581817927]"
"[0.22958261040158645, 0.6238526480842878, 0.3472410649795014, 0.36170825338449264]",stable,0.0869516576762296,2109,"[0.19003660527350547, 0.6473662159626817, 0.38439892164972544, 0.42545078286330495]"
"[0.2295046103914719, 0.6238990259302017, 0.3473143546376281, 0.36183397829470726]",stable,0.15635553331351768,2110,"[0.250796177741356, 0.6559439964767081, 0.3754483560086349, 0.5107477781490848]"
"[0.2295465229256252, 0.6239621065808839, 0.34736973653009073, 0.3621271156959954]",stable,0.25317958378579747,2111,"[0.3223147786888626, 0.47048844083798613, 0.5065911280110814, 0.443295673567197]"
"[0.33438690868239623, 0.5007073065194232, 0.5941496399848234, 0.43497109955866775]",stable,0.21270555943415112,2112,"[0.26354337408784945, 0.45971424204285055, 0.5712175581039272, 0.23998767229939047]"
"[0.14990271856025159, 0.5112254874917559, 0.4638566330467355, 0.3084173502580161]",stable,0.3687978861462234,2113,"[0.32673898428308723, 0.49239538366846836, 0.7808597172818518, 0.3708295904561808]"
"[0.3343460106909561, 0.500662857734124, 0.5951480895960375, 0.4346280968361945]",stable,0.15231174559493085,2114,"[0.2580546244017523, 0.49839219029746434, 0.7118372817323824, 0.4959222134560277]"
"[0.3339402054447369, 0.5006507797158439, 0.5957687767882521, 0.43495412937140643]",stable,0.08552188129385606,2115,"[0.3675157421624308, 0.42575672306358275, 0.5787289002385124, 0.45190105828188215]"
"[0.3341178537871586, 0.500254514865832, 0.5956786187112694, 0.435043795661938]",stable,0.202590676794891,2116,"[0.18863681334474508, 0.5358826063817399, 0.4937287211687286, 0.3444065699651837]"
"[0.15026813454878454, 0.5114581018209067, 0.4641384451988298, 0.3087568711986497]",stable,0.06335775451200197,2117,"[0.16427294264530848, 0.518573110052159, 0.4504165070363096, 0.36858291467401105]"
"[0.15039902060576144, 0.5115245972249371, 0.46401020278609595, 0.30931599310028857]",stable,0.20728099868483157,2118,"[0.20159428521906209, 0.5935010193687026, 0.3424506610620932, 0.4466025595418486]"
"[0.2294916069379895, 0.6239022616158305, 0.34736007233467225, 0.3622930792398969]",stable,0.08773275013511683,2119,"[0.2597645558026096, 0.6527813301539516, 0.4123122582247971, 0.40385985637953226]"
"[0.22955096566125346, 0.623958887240415, 0.3474874295619078, 0.3623745827244844]",stable,0.2752259719562473,2120,"[0.3268641123144222, 0.48230705502395654, 0.5443945973216943, 0.44864052526416537]"
"[0.33407967620046, 0.5001600545508748, 0.595408702809219, 0.43511535739668655]",stable,0.26941293268395367,2121,"[0.18082114855653966, 0.4478404633686464, 0.4521683507682452, 0.274367063696602]"
"[0.15068070697567604, 0.5109349293188604, 0.4639005560081529, 0.3089923919021063]",stable,0.14938900901804406,2122,"[0.2025096235992781, 0.5213633479220119, 0.3405224423811751, 0.3745662325727804]"
"[0.2294980471836371, 0.6237581131908684, 0.3474737994500081, 0.36239844113906033]",stable,0.16866929090178479,2123,"[0.13945484208913633, 0.6033667449523132, 0.2935469137434862, 0.23194678722476172]"
"[0.2293221815486869, 0.6237182862997774, 0.3473684735013626, 0.362143652752509]",stable,0.24937170901806202,2124,"[0.10754699768543349, 0.4501643470685447, 0.4628553902999991, 0.29970283213549437]"
"[0.2293221815486869, 0.6237182862997774, 0.3473684735013626, 0.362143652752509]",stable,0.23872024889281962,2125,"[0.14718488621295847, 0.47464033459974436, 0.40280922751159837, 0.20421041034268506]"
"[0.15025680215701276, 0.5100525186191384, 0.46333567878811005, 0.3079553778900514]",stable,0.1788966909981961,2126,"[0.12168480172506581, 0.35417655906281453, 0.4166259679849756, 0.23933646657178784]"
"[0.14999939674771592, 0.5086482306952075, 0.46291487058267644, 0.30733718949979677]",stable,0.1666032371039368,2127,"[0.24249584790871093, 0.5169124686204103, 0.33470390007891715, 0.35924763690811773]"
"[0.22934786121020742, 0.623510087824769, 0.34734378622373596, 0.3621380074974517]",stable,0.23113048944083925,2128,"[0.3995293314647608, 0.5502854412872861, 0.38510268640917744, 0.4950740331917947]"
"[0.22967895356478826, 0.623367627422945, 0.3474172471190384, 0.36239663789763527]",stable,0.381986286221239,2129,"[0.5745659774942504, 0.4930801390843602, 0.3487493225637756, 0.4623459227555351]"
"[0.6205074732033523, 0.6099804421219814, 0.41653952748533685, 0.5513689798617789]",stable,0.09726971952803312,2130,"[0.613568303913015, 0.5252970770961248, 0.3811946840937036, 0.5198615839024059]"
"[0.6204632746728406, 0.6094410576313709, 0.41631440109430734, 0.5511682958110823]",stable,0.26416403790336057,2131,"[0.7679332390285397, 0.7399832616132287, 0.4768268436341112, 0.7164929032104738]"
"[0.8612317053034206, 0.679975510229931, 0.4061029781068135, 0.7097893707655827]",stable,0.13885419435766647,2132,"[0.7971614060795634, 0.6152359342776396, 0.3032773663409488, 0.689512168824112]"
"[0.8611202786960749, 0.6798629196630575, 0.40592415095591633, 0.7097541060665541]",stable,0.39446214788472456,2133,"[0.5549886320554822, 0.8113400365665216, 0.32380043878482473, 0.5151949513887489]"
"[0.6200488782005789, 0.610718899270201, 0.4157288696872853, 0.5509406164160042]",stable,0.18821634898103687,2134,"[0.4467762824475256, 0.6643733224322668, 0.40266718196030377, 0.5994441912700214]"
"[0.6189591134474149, 0.6110563484724781, 0.4156467207078703, 0.5512456703459037]",stable,0.26918978664940957,2135,"[0.4131172709997861, 0.654290637524308, 0.40584776220678287, 0.3835344489067972]"
"[0.23003514447242904, 0.6234276721027535, 0.34753070442988837, 0.3624376821908569]",stable,0.22034099404566684,2136,"[0.3906379000171487, 0.6816500220712706, 0.4082051816666677, 0.4876801444177817]"
"[0.23034639012270952, 0.6235405061143203, 0.34764829062608366, 0.36268040014090913]",stable,0.3012511792367705,2137,"[0.5019261685443863, 0.614732646677255, 0.3397846117430354, 0.4925159927591854]"
"[0.618227657541771, 0.611079325336258, 0.4151725825268401, 0.5508786098609867]",stable,0.07733902085289898,2138,"[0.6259559640528006, 0.6560220022510339, 0.3610847158411653, 0.5196335159407652]"
"[0.6182756594455663, 0.6113584723978405, 0.41483663304432034, 0.5506845409546499]",stable,0.27110306596204553,2139,"[0.7315715673949901, 0.7287342670186461, 0.3399560997541449, 0.7538513152738046]"
"[0.8608953677389549, 0.6799477657522164, 0.4058096230892466, 0.7098306637214278]",stable,0.12504830116364837,2140,"[0.740494978645215, 0.686282418727723, 0.37484375488486166, 0.6979222168025767]"
"[0.8606867015533505, 0.6799587443535604, 0.40575595607329445, 0.7098100251652426]",stable,0.08765735849928438,2141,"[0.8038769911658215, 0.7134468209556465, 0.35259081620624605, 0.6872603925037748]"
"[0.8605884148571782, 0.680016682202353, 0.40566397486245187, 0.709771011959946]",stable,0.08743712746038589,2142,"[0.8470590730446316, 0.6850859440600492, 0.33542224670075727, 0.6597449149932652]"
"[0.8605650481182964, 0.6800254374041798, 0.40554265926977184, 0.7096846111016271]",stable,0.2792004691307574,2143,"[0.6442960740821804, 0.5572886405635136, 0.397383509739838, 0.5829970433909711]"
"[0.6184362792890022, 0.6110247080038014, 0.4147288977152803, 0.5508840008462321]",stable,0.24350114254908783,2144,"[0.46470536993199457, 0.6890409278220309, 0.5304836120516397, 0.4237072361242114]"
"[0.3347635803561224, 0.5011489596465353, 0.5950687808680799, 0.43505562901306105]",stable,0.23544792325826988,2145,"[0.4096476822077051, 0.5732759593828406, 0.3838219805183909, 0.4358179331331966]"
"[0.2306932011325451, 0.6234432826196753, 0.3477182590784865, 0.36282186538847644]",stable,0.17052230067239735,2146,"[0.3805900240452602, 0.666055121842703, 0.3497191420201778, 0.4320246480837272]"
"[0.2309825772385542, 0.6235255448575576, 0.3477221217868682, 0.3629554614940657]",stable,0.25921931203843035,2147,"[0.46604210565660753, 0.6863092677158826, 0.3694912979790014, 0.4497078501961897]"
"[0.6175013457084355, 0.6114865764682927, 0.4144513664285547, 0.550263288265557]",stable,0.389260522063609,2148,"[0.2679289880521457, 0.5060067875834638, 0.38184634251693683, 0.4193669653516142]"
"[0.2310537649279831, 0.623299111799226, 0.3477878717304714, 0.36306415417972576]",stable,0.2465257746617715,2149,"[0.38529155445042174, 0.44916168789087274, 0.41965619700470974, 0.3243761292539531]"
"[0.33502674688786355, 0.5008781926061412, 0.5941551736604582, 0.434479173285149]",stable,0.22359746588081664,2150,"[0.2428981779646589, 0.5632996356476228, 0.4209978091914433, 0.34713935352778347]"
"[0.23107654264536134, 0.6231837281912422, 0.3479286600717425, 0.36303352956308743]",stable,0.14483734775671914,2151,"[0.27129070323427273, 0.48863569026923326, 0.32496713132728544, 0.3360099790490424]"
"[0.2311537291340157, 0.6229254785983017, 0.3478845880396034, 0.36298166094405854]",stable,0.06058418275151297,2152,"[0.2588140157527769, 0.6068832714701414, 0.33471805076294575, 0.3132358909687502]"
"[0.2312067181888409, 0.6228947464007383, 0.3478593647881156, 0.36288636253414414]",stable,0.06093111029570316,2153,"[0.2885070133686009, 0.6281901579319249, 0.3672167759890731, 0.35773605938850944]"
"[0.23131627898268364, 0.6229048714705875, 0.347896377046626, 0.3628765149181869]",stable,0.058803339943040815,2154,"[0.1922200515319829, 0.6479674743597376, 0.3829485474243177, 0.35436011451579086]"
"[0.2312416678615945, 0.6229527008654141, 0.3479632705015453, 0.36286026224566326]",stable,0.18466974083819063,2155,"[0.3920544505400951, 0.651140467810356, 0.2617689588744787, 0.36712084275019685]"
"[0.2315479779238393, 0.6230063918500712, 0.3477990908603509, 0.3628683776371005]",stable,0.38022212991790516,2156,"[0.5344347589987294, 0.7495370094654846, 0.26068636126437433, 0.5338357460955296]"
"[0.6169948421309372, 0.6123283474012025, 0.41351377493365116, 0.550163120325496]",stable,0.047626727652116105,2157,"[0.6225682504938621, 0.6413160282647082, 0.3771141009676893, 0.5586496036605495]"
"[0.6170286203634398, 0.6125040303155267, 0.41329317084900896, 0.5502145535578297]",stable,0.1707698511839461,2158,"[0.7159792163632931, 0.6697072940385093, 0.47753690131132487, 0.6596295952129199]"
"[0.8603157622014774, 0.6800076475018252, 0.40566678727329175, 0.7095983093500948]",stable,0.21985818059828235,2159,"[0.6655114912838309, 0.7808843086418443, 0.4133883236001253, 0.7219754141095392]"
"[0.859980470857385, 0.6801812734246134, 0.40568007735302813, 0.7096196124563934]",stable,0.13198771295065315,2160,"[0.7684165384872679, 0.756447563505539, 0.43329516314125743, 0.6600447933133499]"
"[0.8598231445131065, 0.6803123151601478, 0.4057275259540388, 0.7095344323547731]",stable,0.1074934883348865,2161,"[0.7899287975967173, 0.6956268099436328, 0.35875626881875955, 0.7745636377642805]"
"[0.8597032571255998, 0.6803385835903081, 0.4056469577599817, 0.7096459747311188]",stable,0.09843330552454821,2162,"[0.885116094290752, 0.5902024753758608, 0.4350188767787784, 0.7171343465710592]"
"[0.859746772257732, 0.680184240939256, 0.4056972521418632, 0.7096587972856392]",stable,0.13491716579618282,2163,"[0.9502877866820953, 0.6742387770959906, 0.46159447372217954, 0.6269235665023063]"
"[0.8599015432225601, 0.680174077753199, 0.4057928029479834, 0.7095173695407103]",stable,0.06648944444800838,2164,"[0.8757302162204689, 0.6871675895980837, 0.44469506152406507, 0.7605859939972708]"
"[0.8599285546099285, 0.6801860120737534, 0.40585918905476853, 0.7096045173640151]",stable,0.13782469759439045,2165,"[0.984982779960035, 0.7167314991000237, 0.4329779552185789, 0.7454665849122648]"
"[0.8601415941761127, 0.6802482701436449, 0.4059053879749795, 0.709665611175852]",stable,0.19755049686090131,2166,"[1.0, 0.7678814888699168, 0.43354800745117583, 0.8146519421649737]"
"[0.860379448607786, 0.6803973062299141, 0.4059523992325921, 0.7098441593578063]",stable,0.12031954919971347,2167,"[0.8549466651136438, 0.7541252604958141, 0.45683428037188406, 0.7899846716759864]"
"[0.8603702248667093, 0.6805224810249326, 0.4060387861275654, 0.7099802213481597]",stable,0.0684428366541666,2168,"[0.8908204421894504, 0.6990785715295487, 0.38625464595268605, 0.7649480797473369]"
"[0.8604218354045445, 0.6805539320257878, 0.40600525368659096, 0.7100733872098532]",stable,0.20789346414110296,2169,"[0.982891468966952, 0.7493252310867998, 0.36427483220159607, 0.8575520691805816]"
"[0.8606290598268159, 0.6806702963219994, 0.4059346438363625, 0.7103229281268935]",stable,0.18294282976872206,2170,"[0.977499759675799, 0.5919622795708642, 0.39081057333019037, 0.8185424676565051]"
"[0.8608264765495338, 0.6805204516991089, 0.405909096419967, 0.710505731403126]",stable,0.030631741150859565,2171,"[0.8760690250497158, 0.6628162810254853, 0.3866716433660234, 0.7057674804695658]"
"[0.8608521806785392, 0.6804905964365902, 0.4058766555210564, 0.7104977410980103]",stable,0.1254862276271378,2172,"[0.9590259247055138, 0.739893891416633, 0.3724466531943388, 0.748738985818411]"
"[0.8610174563418842, 0.6805906019836946, 0.4058203760558599, 0.7105621202978764]",stable,0.16912833864687232,2173,"[0.7985495784601493, 0.7057524032285739, 0.4687158720608874, 0.8523831325167945]"
"[0.8609124683118309, 0.6806328907252827, 0.40592608277183473, 0.7108004749402611]",stable,0.14470696634697716,2174,"[0.9831435666272312, 0.620707593469179, 0.3667682720668209, 0.6812151859689829]"
"[0.8611175540472593, 0.6805323449245174, 0.4058603817471619, 0.710750835193665]",stable,0.11352308636068247,2175,"[0.9561374691791777, 0.7011208704559807, 0.3472760185217416, 0.7123915262341407]"
"[0.8612767163841638, 0.6805668315669486, 0.40576225048547776, 0.7107535834198634]",stable,0.12720187515815462,2176,"[0.9199159595321436, 0.6058099100013663, 0.42745430180749105, 0.6290063278435238]"
"[0.8613747753191937, 0.6804418199924243, 0.4057985248187922, 0.7106168823235819]",stable,0.11087829705388468,2177,"[0.8860881792331555, 0.6343962958434145, 0.49136267242257126, 0.7579648577315815]"
"[0.8614160330886662, 0.6803649493344125, 0.4059413698064446, 0.710695927357652]",stable,0.0969053672801703,2178,"[0.9337277625446547, 0.6241663791721566, 0.4155410651809419, 0.7408825229130218]"
"[0.8615365526377595, 0.6802712850508088, 0.4059573692987354, 0.7107462383502443]",stable,0.07723223985139367,2179,"[0.8808841441707025, 0.7179637047769042, 0.3423088684917772, 0.7216384105191047]"
"[0.8615687449697611, 0.6803340012233979, 0.40585146497126956, 0.7107643617648348]",stable,0.1530559289188106,2180,"[0.9216710459014624, 0.6056286005768833, 0.31932879649397283, 0.6286256878424568]"
"[0.8616685826789501, 0.6802099058734867, 0.4057077396083505, 0.7106279187848973]",stable,0.12216412901929781,2181,"[0.8881410568281175, 0.6858627411091691, 0.2866386263286411, 0.7143527339544415]"
"[0.8617124839627794, 0.680219280392949, 0.4055102783922979, 0.7106340959244819]",stable,0.11805477257690775,2182,"[0.9446381923423213, 0.7164579514710677, 0.32970281120123435, 0.7101412932212269]"
"[0.8618497781819507, 0.6802792781927471, 0.4053847693406571, 0.7106332800259665]",stable,0.2041790709304825,2183,"[0.9969843872099359, 0.8097638326150111, 0.4086413686708561, 0.792186178047796]"
"[0.8620731411720798, 0.6804933022496434, 0.40539015214946733, 0.7107680782045149]",stable,0.12381265796298607,2184,"[0.8126433007486067, 0.793746912176716, 0.40885223401498816, 0.7038471696505543]"
"[0.8619915737786417, 0.6806801893947376, 0.4053958651558461, 0.7107566575633367]",stable,0.27779540942773523,2185,"[0.6100487413232397, 0.752015306859002, 0.3247235376131434, 0.6649486314251718]"
"[0.6169865728993422, 0.6133444596922947, 0.4127596188415639, 0.5509057227016089]",stable,0.17427561605796899,2186,"[0.5473819492953053, 0.7230340020022519, 0.30217409842119686, 0.5864899004568085]"
"[0.6165697787460246, 0.6140012832989411, 0.41209743009653177, 0.5511188016103227]",stable,0.2231086017450414,2187,"[0.4930984925697469, 0.5129800320942408, 0.3647140523110485, 0.40251929966876754]"
"[0.6158348306140229, 0.6133999663274846, 0.41181538618114194, 0.5502342807654325]",stable,0.37095218349718273,2188,"[0.2939535791800361, 0.5131202468421585, 0.5000419888979819, 0.42312005319980034]"
"[0.3348139325474085, 0.5009416229389704, 0.5936675405787873, 0.4344203177406653]",stable,0.15843969539677435,2189,"[0.3584240129457656, 0.4668358781582756, 0.7440630649428913, 0.40678545560592555]"
"[0.33493563399276083, 0.5007658201308225, 0.594442775240458, 0.4342778699977028]",stable,0.13155593491915837,2190,"[0.3015608027309905, 0.42580637195723114, 0.6969548726238278, 0.42618863824954784]"
"[0.33476448101193124, 0.5003814127042913, 0.5949684783039625, 0.4342363867579686]",stable,0.21976059059486805,2191,"[0.3456114780169015, 0.37704825452413315, 0.776430615467029, 0.44035886208253516]"
"[0.2909581423787459, 0.2923982713481435, 0.8350036995151027, 0.37007109864806836]",stable,0.12337238476602627,2192,"[0.24220218761180995, 0.34349359948351765, 0.7339340166292613, 0.36585341661704385]"
"[0.29077823110654316, 0.29258681499439954, 0.8346307486557454, 0.37005553524573986]",stable,0.16034545317633922,2193,"[0.161042266910968, 0.3771953318529901, 0.7946170221413879, 0.3591218938580853]"
"[0.2903012606499418, 0.29289787571814435, 0.8344836393670896, 0.37001533803475584]",stable,0.2312681729829285,2194,"[0.10272763946957442, 0.18550338648040027, 0.8718949671703099, 0.2967492428371144]"
"[0.28961417778847526, 0.29250448931068007, 0.8346206771978706, 0.3697469640596729]",stable,0.14853089263096328,2195,"[0.22073590921867126, 0.22786643815359675, 0.8215539475379028, 0.2558681113117448]"
"[0.2893627972462497, 0.29226858401448635, 0.8345729884034911, 0.36933134780876803]",stable,0.1459671439036315,2196,"[0.22368548024979007, 0.201458228558875, 0.7911901296944073, 0.28648025219873274]"
"[0.2891239706389898, 0.29193836454010236, 0.8344152325536399, 0.36903007109745883]",stable,0.1789407847825618,2197,"[0.29208712493464123, 0.11581975063677791, 0.803174741616854, 0.37318816417236733]"
"[0.2891347067052784, 0.29130025362016276, 0.8343020423690863, 0.36904513665207805]",stable,0.051879782648722395,2198,"[0.30014498675018664, 0.31629182570813824, 0.8596147643936192, 0.33292072649368754]"
"[0.2891744550086896, 0.29139047590206885, 0.834393424037045, 0.3689147236190153]",stable,0.1919336025390908,2199,"[0.43734443415732077, 0.3744188024215859, 0.7511716825561365, 0.4015429905509441]"
"[0.2897074405451955, 0.2916891389471031, 0.8340940652547395, 0.3690320914856769]",stable,0.43100947852293253,2200,"[0.6321088493083403, 0.4409501436528041, 0.734359556466271, 0.5595698202550512]"
"[0.5250945727679018, 0.5121780601846354, 0.7732937431556767, 0.563430879495511]",stable,0.29782239156626344,2201,"[0.5686742425125192, 0.5379515652783884, 0.4840871891475856, 0.5134880636242946]"
"[0.6155557738796945, 0.6129535260845905, 0.41224302998567713, 0.5500168475279109]",stable,0.2078123920339153,2202,"[0.800899956024024, 0.5213567345848354, 0.41472531203885243, 0.5709307302584372]"
"[0.6166460337746612, 0.6124147214287097, 0.4122576316448135, 0.5501398703675022]",stable,0.25129447126298465,2203,"[0.7189426525452252, 0.502486259488002, 0.5237275767456785, 0.7179924773475949]"
"[0.7156698853519535, 0.6027269035843567, 0.6781449886161618, 0.6917100066818579]",stable,0.31172484203488837,2204,"[0.7753906011285474, 0.5248633712324171, 0.3844522173404561, 0.6558263101208586]"
"[0.8618489033129907, 0.6804234895295608, 0.40536136161743525, 0.7106661627570064]",stable,0.20145158831146118,2205,"[0.8536168066203456, 0.4932192075524286, 0.4747790197447862, 0.7361753878882017]"
"[0.8618353636802726, 0.6801155877499931, 0.40547553539724995, 0.7107081187193932]",stable,0.19460963508615634,2206,"[0.7895762373601083, 0.5104898097733448, 0.37457808858147806, 0.656634354675295]"
"[0.8617167115845087, 0.6798370560948591, 0.4054248006734145, 0.7106193276454292]",stable,0.16005328543363534,2207,"[0.856312872732981, 0.5477118149734411, 0.4119669394892602, 0.6206861647849536]"
"[0.861707852832293, 0.6796204573389224, 0.40543552549114537, 0.7104718962309039]",stable,0.1505419625460704,2208,"[0.8969858293692654, 0.6190286611273765, 0.3285146978878721, 0.601705323372487]"
"[0.8617655909280981, 0.6795212890963503, 0.40530963215627913, 0.7102938822000391]",stable,0.09108886167031709,2209,"[0.9305785539894578, 0.6281858129828546, 0.3768263084133662, 0.699554888026131]"
"[0.8618780304102245, 0.6794374075994328, 0.40526309077761424, 0.7102763348239378]",stable,0.25930943553230656,2210,"[0.679605061131454, 0.6992964725654129, 0.2557175554810721, 0.604164608620226]"
"[0.6170142152211922, 0.6129228018447138, 0.4113421926029202, 0.550455804509331]",stable,0.16636875997892098,2211,"[0.48465285032796734, 0.6247325307770097, 0.31124572404648954, 0.5509663587215259]"
"[0.6162446724020455, 0.6129914630594365, 0.41076023639038284, 0.5504587728477739]",stable,0.35917083450652454,2212,"[0.27497621814303785, 0.510744018765303, 0.4377287143933559, 0.513611903003755]"
"[0.33445943885443685, 0.5004342831433781, 0.5941662346105411, 0.43464136388167157]",stable,0.244978499617768,2213,"[0.34057368500127666, 0.5979561667609035, 0.38231932162415505, 0.3598921234650825]"
"[0.23175525113121087, 0.6229587678480005, 0.3478647186754912, 0.3628627193592069]",stable,0.1716776698450978,2214,"[0.3885955055979417, 0.5533708604885008, 0.34489137039436657, 0.35806279732042906]"
"[0.23205286072222933, 0.622826722482992, 0.34785907664839233, 0.36285361134774813]",stable,0.08192628188519671,2215,"[0.2262637856754967, 0.6788771872641065, 0.40671914927397235, 0.3713529949706054]"
"[0.23204189656494387, 0.6229328786662895, 0.34797055405866806, 0.3628697086652157]",stable,0.17901702342960632,2216,"[0.336335226413506, 0.7394473745978364, 0.423153348366231, 0.40693688130675787]"
"[0.23223904841720958, 0.6231531329119069, 0.3481126765431814, 0.36295301144903713]",stable,0.12618285286852177,2217,"[0.3406870072470454, 0.6216483588891932, 0.3548203354622192, 0.42709266806370616]"
"[0.23244366720745455, 0.6231502937156377, 0.348125332503406, 0.36307402966906477]",stable,0.13482025894630634,2218,"[0.3202824142308056, 0.7148281814767515, 0.3931006342804171, 0.3573082799828382]"
"[0.2326090885766134, 0.6233229451050184, 0.3482100317534569, 0.3630631713834033]",stable,0.15444312929604181,2219,"[0.19537221148803277, 0.7166697083483972, 0.4560706481879442, 0.3170353060646551]"
"[0.23253909444674764, 0.6234984089457014, 0.3484127772730706, 0.36297665283957115]",stable,0.14353380251713266,2220,"[0.3539037340095282, 0.5946282119681102, 0.3170796875876802, 0.42667379520927223]"
"[0.23276679545906057, 0.6234442434729479, 0.34835399098848263, 0.3630961596732854]",stable,0.19205769642160414,2221,"[0.20339379413163633, 0.8028618868816704, 0.3937996493425193, 0.40513646079281684]"
"[0.23271178983859725, 0.6237802315692189, 0.34843909521761, 0.36317488682893995]",stable,0.20545757524130795,2222,"[0.11152674374354407, 0.740293695235706, 0.24349634482662513, 0.30896573859922516]"
"[0.23248527573374667, 0.6239980137442965, 0.348242940543982, 0.3630735613182302]",stable,0.14635881331887252,2223,"[0.10583307744027114, 0.6422587876583159, 0.4160084774320118, 0.3843925446400698]"
"[0.23224898431902002, 0.624032082352345, 0.34836936878444474, 0.36311333554084557]",stable,0.17445048424810272,2224,"[0.11740749636121967, 0.553941661913732, 0.31842633058136316, 0.25617806762635825]"
"[0.14970839763712224, 0.5090526363310872, 0.4616247943326647, 0.3068804116259268]",stable,0.2018978699847628,2225,"[0.2098392138492562, 0.6100008116238577, 0.30307553618929634, 0.26423497232353016]"
"[0.2322072529028752, 0.624005953356575, 0.34828502272747053, 0.3629292045106457]",stable,0.09926842451510354,2226,"[0.14625916995981136, 0.5822443389841137, 0.32330914365027486, 0.3728951552154281]"
"[0.23204749810186578, 0.6239283295380389, 0.34823859916041255, 0.36294772858258767]",stable,0.12688299093153063,2227,"[0.15974982586616152, 0.7037618665980084, 0.38438996791142754, 0.30644972087477407]"
"[0.23191336512925778, 0.6240764437069813, 0.3483056703454794, 0.3628429085311817]",stable,0.2383035006064641,2228,"[0.05690675054142423, 0.6067251925773225, 0.2764499148811397, 0.2189786400602196]"
"[0.23158927880594699, 0.624044311760445, 0.3481726041316565, 0.36257649321919844]",stable,0.19576338364061102,2229,"[0.09778882824470006, 0.6321852865353048, 0.2117724110016807, 0.3207500225594744]"
"[0.23134195819492806, 0.6240593597729679, 0.3479204780815087, 0.36249917996474423]",stable,0.12301342219026708,2230,"[0.2635452119373963, 0.5638970629564067, 0.3919078943481983, 0.27008241882643086]"
"[0.23140137379223888, 0.6239483592253359, 0.34800163567609677, 0.36232866933533775]",stable,0.08477858175040454,2231,"[0.16910405345102567, 0.6138977161422636, 0.39607702361362235, 0.39223173690686625]"
"[0.23128664576214455, 0.623929849753728, 0.34809017230213274, 0.36238373944136265]",stable,0.13421390403126557,2232,"[0.20209918957630812, 0.5003147933807588, 0.31771744682565795, 0.39333983450763327]"
"[0.23123299235003825, 0.6237026161942189, 0.34803434008618334, 0.36244064402788156]",stable,0.07168648646905106,2233,"[0.1900961084670229, 0.6306078803386175, 0.33677890284203094, 0.3052362597010506]"
"[0.23115751182915195, 0.6237152864036581, 0.3480136879077537, 0.3623356818548048]",stable,0.13498848560161159,2234,"[0.24538671232486697, 0.5339337311158516, 0.2526815142245253, 0.33283195176516095]"
"[0.23118357263592068, 0.6235508513207134, 0.34783908685705184, 0.3622816457191095]",stable,0.09686904873223771,2235,"[0.2331232004110866, 0.5873609646097782, 0.2627989902505279, 0.3912354799278148]"
"[0.23118711857335242, 0.6234846906503095, 0.3476836205012812, 0.36233457777433564]",stable,0.0694663703505802,2236,"[0.20079684236148482, 0.60068162004999, 0.3874679242550897, 0.4047519900889961]"
"[0.2311316618649366, 0.6234430792076082, 0.34775621959572245, 0.36241198181140616]",stable,0.10477879997872341,2237,"[0.3071066329553588, 0.5935566616388294, 0.3987816826694336, 0.40375934999619845]"
"[0.23127004979042007, 0.6233886412885394, 0.34784916215141226, 0.36248729577895583]",stable,0.05784475653539861,2238,"[0.2522299299629049, 0.5972644727690348, 0.37868368278493447, 0.3981728592221752]"
"[0.23130815866346094, 0.6233411428003222, 0.34790522491620046, 0.36255217862157985]",stable,0.03621051110238915,2239,"[0.2505843577800494, 0.6305873682659491, 0.3309578657593784, 0.38704520816112153]"
"[0.2313431426908958, 0.6233542938447244, 0.3478744674585656, 0.36259663058081676]",stable,0.07145342913715391,2240,"[0.18924519532970108, 0.5813246050688299, 0.3779153297733123, 0.3883727283502665]"
"[0.23126687829350231, 0.6232781531041884, 0.3479288893105851, 0.3626433264101092]",stable,0.04178205473295142,2241,"[0.19346977292471296, 0.6378309084984652, 0.34068709421577037, 0.36991605888745555]"
"[0.23119852909753708, 0.6233044691175597, 0.3479157938402509, 0.3626564778250773]",stable,0.16766430951781006,2242,"[0.14421972573884287, 0.7009617387141649, 0.4499038959757657, 0.42679526448314864]"
"[0.23104152764743113, 0.6234446446944488, 0.34809988788742696, 0.36277225180821465]",stable,0.1059363297395635,2243,"[0.14969122383316405, 0.5897867952801299, 0.33902938252249853, 0.3045527608001012]"
"[0.23089495052344147, 0.6233839999207293, 0.3480835446345172, 0.3626673518244163]",stable,0.0889319560220351,2244,"[0.2309008563427198, 0.6010549151188487, 0.40487661664114877, 0.4273577816497503]"
"[0.23089496114541858, 0.6233438396962655, 0.34818569044747877, 0.36278370151834677]",stable,0.07987832198496947,2245,"[0.21262081820392692, 0.6753191098222789, 0.39928797528429394, 0.38987114884498375]"
"[0.23086215298932974, 0.6234371525690231, 0.3482774360216921, 0.36283233248302654]",stable,0.07525301095375395,2246,"[0.18239580198979646, 0.646856910345066, 0.3873541013223354, 0.32763918466858927]"
"[0.23077529572947394, 0.6234791234610949, 0.3483474658878223, 0.36276926232565304]",stable,0.10855198817215674,2247,"[0.129296143655625, 0.6581118237532759, 0.3652616012860757, 0.36270661488187766]"
"[0.23059375878479804, 0.6235410782022259, 0.34837772373289966, 0.36276915025509177]",stable,0.11831059102762535,2248,"[0.1326145812583636, 0.5574226663594968, 0.3486987583253072, 0.35769674720178457]"
"[0.23041879596778655, 0.6234230096096496, 0.3483782970089575, 0.36276009239249657]",stable,0.11966549192033063,2249,"[0.19125617729440814, 0.604928765394621, 0.45573153216663853, 0.3930811261359689]"
"[0.23034898737835094, 0.6233900430424214, 0.3485696574994347, 0.3628141405809876]",stable,0.09178459405278694,2250,"[0.16016687809538907, 0.6537386309646455, 0.29832271844647634, 0.3701005367385277]"
"[0.23022410818033856, 0.6234440440885464, 0.3484802501345718, 0.36282710569870563]",stable,0.18810352675673775,2251,"[0.25104029821013146, 0.6637847277870197, 0.5230560929917805, 0.3094836211818387]"
"[0.23026108187488528, 0.6235156971679398, 0.3487903315606059, 0.362732357058356]",stable,0.36929414926465787,2252,"[0.2374300679654004, 0.7398595858714204, 0.6690387304019969, 0.5049710188926789]"
"[0.3339669039768276, 0.5016496400100179, 0.5945462980409546, 0.4349983672066005]",stable,0.10554103851895903,2253,"[0.2894151385771596, 0.5538467659453611, 0.6590062716331011, 0.3873074575903745]"
"[0.3337418950606676, 0.5019132618581762, 0.5948718534631372, 0.43475750402672064]",stable,0.16026305185690323,2254,"[0.2785328800880245, 0.39340184214966684, 0.6977921544936414, 0.41835951985569975]"
"[0.33346446282462416, 0.501367978342053, 0.5953890409055015, 0.43467510209621296]",stable,0.14616255359641672,2255,"[0.36616329702977835, 0.44793031350035, 0.7267125030682468, 0.4207883250293388]"
"[0.3336279569956499, 0.5011007900178446, 0.5960456582163152, 0.4346056682108786]",stable,0.28763701023984073,2256,"[0.2822055706713386, 0.2938210775574511, 0.7786207103396834, 0.37302434808120366]"
"[0.28968055212270855, 0.29169678030412943, 0.8338952360256533, 0.3690464006491017]",stable,0.14596075825352944,2257,"[0.2363539187194128, 0.31409047398053513, 0.9232803881412383, 0.26919836519212936]"
"[0.28949009986055396, 0.29177675778154516, 0.8342144687117804, 0.3686898005224697]",stable,0.06408187033576772,2258,"[0.2672264941619871, 0.3155042272351787, 0.7858073408179009, 0.34214596640941486]"
"[0.2894108699470359, 0.2918611971746186, 0.8340422013527274, 0.3685953384793627]",stable,0.2600002437522796,2259,"[0.1324323504855473, 0.47691460689518406, 0.741434978249594, 0.35689025587209927]"
"[0.2888542085305058, 0.2925174149395851, 0.8337138069445603, 0.3685538310942306]",stable,0.34403358643033516,2260,"[0.09091260882601118, 0.41224634957056333, 0.5830541288723765, 0.3236880345513782]"
"[0.23026108187488528, 0.6235156971679398, 0.3487903315606059, 0.362732357058356]",stable,0.30902821351405335,2261,"[0.23417765280140967, 0.44028179458669897, 0.5952017682727152, 0.3282383282680367]"
"[0.3331331793628427, 0.5007982079510229, 0.5960414597588843, 0.4340764774648943]",stable,0.25449775782790196,2262,"[0.2142781902977218, 0.5201759148002536, 0.4536135432173734, 0.2609251177224161]"
"[0.23026108187488528, 0.6235156971679398, 0.3487903315606059, 0.362732357058356]",stable,0.09976539311254873,2263,"[0.19920918387358513, 0.5480639624679111, 0.39965035412625494, 0.38936330012833387]"
"[0.23020602531814538, 0.6233819174964857, 0.3488805089055805, 0.3627795750425226]",stable,0.14669804690918514,2264,"[0.22523576152122934, 0.5833822965989576, 0.4829489236511211, 0.40661225623396113]"
"[0.23019722839107118, 0.6233111217072866, 0.34911779813521865, 0.3628571550092331]",stable,0.09998610625401183,2265,"[0.15300277274854007, 0.5659517498392782, 0.36680518275635304, 0.341993398251079]"
"[0.23006084242703848, 0.6232097800608767, 0.3491490479313691, 0.3628202932481763]",stable,0.17279864881867307,2266,"[0.1458671940800737, 0.5064040888007844, 0.4130623058249368, 0.2918109377640639]"
"[0.23006084242703848, 0.6232097800608767, 0.3491490479313691, 0.3628202932481763]",stable,0.1084808021419138,2267,"[0.15740265318858027, 0.5813498145534852, 0.3620335957366751, 0.2952140532587032]"
"[0.22993269747247327, 0.6231359529612164, 0.34917177200157246, 0.36270105825701315]",stable,0.1518587261449326,2268,"[0.2451426023469979, 0.5918828572081668, 0.4773183644747631, 0.4363992695204506]"
"[0.2299594754740129, 0.6230809299053132, 0.34939738219958866, 0.36283080862895584]",stable,0.35689778553756984,2269,"[0.31218087199260103, 0.4920743198364546, 0.6557445027652048, 0.46083275307689114]"
"[0.3330294550689306, 0.5007550203860993, 0.5963370193777275, 0.4342089342748547]",stable,0.1902320442723577,2270,"[0.23687787432919968, 0.45863531938845464, 0.7494964628957763, 0.39284204125154554]"
"[0.3325558019618383, 0.5005475341742882, 0.5970914993950579, 0.4340051564767103]",stable,0.25177902898876775,2271,"[0.29683402309943635, 0.27453684914511356, 0.7018615991886539, 0.426322032417087]"
"[0.288882405755131, 0.29245387937140677, 0.8332478980832321, 0.36875795901409936]",stable,0.12933398213861677,2272,"[0.3534630998795605, 0.21541739770091098, 0.7918172359272792, 0.43879718807460216]"
"[0.28910980256542834, 0.29218262415425716, 0.8331020154700068, 0.36900457601783354]",stable,0.09662052235662655,2273,"[0.2989371993834933, 0.21089763276690535, 0.8264848693056073, 0.4198760922528031]"
"[0.2891442846595268, 0.2918974136581612, 0.8330787974132897, 0.3691830725660264]",stable,0.18890333683442845,2274,"[0.44076805707867955, 0.35711191033666356, 0.8827968526192701, 0.4464481145583219]"
"[0.28967443770994344, 0.29212543637382027, 0.8332526367671567, 0.36945323005550995]",stable,0.10512059789289652,2275,"[0.3212473155608335, 0.3910962723294412, 0.8488217698997718, 0.36546961243865883]"
"[0.28978444773729845, 0.2924702824921325, 0.833306884617793, 0.3694393498547544]",stable,0.30242376150314537,2276,"[0.22875918061945846, 0.47635535555334035, 0.6095656303157545, 0.4315857843746238]"
"[0.3320469949944737, 0.5004289450634012, 0.5971526470956496, 0.4339932968095432]",stable,0.16808332409702617,2277,"[0.21516285380138242, 0.5395057441567099, 0.6570636465857239, 0.33665996598304293]"
"[0.33147682845206844, 0.5006195635955637, 0.59744489587365, 0.43351850007380416]",stable,0.1461671670801969,2278,"[0.24987133199871364, 0.5539154349021704, 0.512003250577525, 0.365956239664516]"
"[0.2299594754740129, 0.6230809299053132, 0.34939738219958866, 0.36283080862895584]",stable,0.19012631264076058,2279,"[0.16063603083307995, 0.5025834341641763, 0.4754068408590167, 0.39355937237606786]"
"[0.2299594754740129, 0.6230809299053132, 0.34939738219958866, 0.36283080862895584]",stable,0.2064796385069003,2280,"[0.1573969388344576, 0.5497046992214945, 0.5112192561825769, 0.28668536053360144]"
"[0.2299594754740129, 0.6230809299053132, 0.34939738219958866, 0.36283080862895584]",stable,0.09443322154561974,2281,"[0.15191970899727075, 0.666776769265732, 0.34983072588547454, 0.3325337128015003]"
"[0.2298223229845986, 0.6231577239990924, 0.34939814378778883, 0.3627775624148479]",stable,0.10231386432427977,2282,"[0.2674636713843149, 0.6333772476788615, 0.4218203993805506, 0.4236202608611991]"
"[0.22988836043793143, 0.6231756529880044, 0.34952520037654805, 0.3628843039910695]",stable,0.13257102217342573,2283,"[0.30010624330352165, 0.5357330338363768, 0.42021786660389426, 0.3638117432363219]"
"[0.2300113339630901, 0.6230225135499105, 0.3496490053962107, 0.36288592822792637]",stable,0.0905184362402079,2284,"[0.16631104868002616, 0.6156348896186481, 0.2918280250150068, 0.3900524185171693]"
"[0.22989996982797986, 0.6230095981234572, 0.3495479197661736, 0.3629334220920684]",stable,0.10913497726432769,2285,"[0.1448872025814881, 0.5941123067645792, 0.33295873597002085, 0.4227081508716849]"
"[0.22975160548723553, 0.6229591665504051, 0.34951896831103196, 0.3630377409904621]",stable,0.22393173194238333,2286,"[0.36063883308283473, 0.6910693395864188, 0.20806809690974368, 0.2715685684137207]"
"[0.22997963201614774, 0.6230778253884469, 0.3492725382214827, 0.3628783870312692]",stable,0.10244293369481852,2287,"[0.3244733323465268, 0.6441487125526149, 0.3372927563002286, 0.3941513434170604]"
"[0.23014396888628752, 0.6231144704096021, 0.34925170381814136, 0.3629327747815054]",stable,0.12680745708850788,2288,"[0.2718348144898882, 0.7292394641745262, 0.300384767867899, 0.38922940641637876]"
"[0.23021634882657155, 0.6232987151904441, 0.3491668653876722, 0.3629784286558715]",stable,0.12944124235759485,2289,"[0.19575478366144644, 0.6366532268705536, 0.35770607497015666, 0.48673696236946906]"
"[0.23015662341034082, 0.6233218599247251, 0.34918166471103873, 0.3631929148494826]",stable,0.16307919239215088,2290,"[0.306154269673424, 0.4955529260838215, 0.41394840521452736, 0.38050041679112634]"
"[0.23028810722740498, 0.6231008064059692, 0.34929371789530084, 0.3632228586244681]",stable,0.099431792399085,2291,"[0.13339029796518762, 0.6183645651386482, 0.36968580987443944, 0.35552698289458795]"
"[0.23012075349810923, 0.6230926263692381, 0.3493289373978555, 0.3632095669565409]",stable,0.1550345031254146,2292,"[0.18752976574935298, 0.6470959847640048, 0.423994838441548, 0.48997922787363646]"
"[0.2300473207606114, 0.6231340114699188, 0.3494576717099998, 0.36342813533743246]",stable,0.07003619460054018,2293,"[0.28009297903724917, 0.6386351582026089, 0.3607335229801334, 0.3183385548349686]"
"[0.23013345786607894, 0.623160691584777, 0.34947707937139416, 0.3633505284863095]",stable,0.09869992726288142,2294,"[0.2559322200028239, 0.6650302572725636, 0.274928529907699, 0.3213320473632981]"
"[0.23017778563607333, 0.6232326324192922, 0.34934898908021944, 0.36327833178334895]",stable,0.02164106777124345,2295,"[0.22789305480530492, 0.6019708343084035, 0.3524319117038995, 0.36452225641880737]"
"[0.23017386671526582, 0.6231961627827384, 0.349354277112164, 0.3632804654448163]",stable,0.11394983671875526,2296,"[0.12733593575093474, 0.6625941802816008, 0.3258057728882372, 0.34589686946522985]"
"[0.22999777436772412, 0.6232636251414694, 0.3493139543309586, 0.3632506990133444]",stable,0.1299846462559486,2297,"[0.14583364193162576, 0.565675943619386, 0.3556969399620658, 0.28290567113415843]"
"[0.22999777436772412, 0.6232636251414694, 0.3493139543309586, 0.3632506990133444]",stable,0.16969186580795703,2298,"[0.23577837036742846, 0.6689516755685945, 0.5121411663277082, 0.3759713559463776]"
"[0.2300076557284074, 0.6233417243729689, 0.3495922914454829, 0.36327244372605044]",stable,0.24751566463446487,2299,"[0.31768630004161447, 0.446408792647307, 0.4985355737313021, 0.35393992510951167]"
"[0.3314098841393963, 0.5003564045132906, 0.5969647535331531, 0.4331321963118416]",stable,0.16365632460769453,2300,"[0.3111395408091359, 0.4893772792535123, 0.7564743456906481, 0.4046953437495031]"
"[0.33131195977548206, 0.5003033652608279, 0.5977353312730445, 0.4329948202125066]",stable,0.17738278753207382,2301,"[0.2408117287216157, 0.3805644429987641, 0.6837469764455101, 0.39376538124008487]"
"[0.33087686251079995, 0.4997276973653371, 0.5981488487979121, 0.43280621714052386]",stable,0.3512978857393159,2302,"[0.37207580360583414, 0.2941478927589234, 0.8719843852667628, 0.3659938329414337]"
"[0.290070181611842, 0.29247610752778114, 0.8334411814950464, 0.3694273862543609]",stable,0.043479083021714396,2303,"[0.27665571571921915, 0.32678758184115164, 0.8217186370945739, 0.34953297878777223]"
"[0.2900237647748433, 0.29259483235239486, 0.8334006190576745, 0.3693585474741997]",stable,0.12107473072008733,2304,"[0.21390942643144845, 0.358829102302843, 0.7673482891469406, 0.3585970831229319]"
"[0.2897613015391764, 0.29282322638670677, 0.8331728524028099, 0.3693214389764367]",stable,0.09861023922693006,2305,"[0.2435828654269812, 0.2237530533036056, 0.8266516291458023, 0.3166117040489398]"
"[0.2896026127552857, 0.29258587184002943, 0.8331504427008958, 0.3691403058667202]",stable,0.07203967489063942,2306,"[0.28946285018321743, 0.3201173799790346, 0.8174755410812504, 0.4338396779160593]"
"[0.2896021341163403, 0.2926801578268069, 0.8330967615309655, 0.36936187905867]",stable,0.20431910908598017,2307,"[0.22058751899784484, 0.34212137470188647, 1.0, 0.45110633636431574]"
"[0.2893665893548437, 0.29284889918132934, 0.8336663971571396, 0.36964087038053234]",stable,0.21259442013413424,2308,"[0.40220741883232947, 0.2981479365046075, 1.0, 0.4386943818318833]"
"[0.2897504017000052, 0.2928669231178031, 0.8342321577110269, 0.3698757462698226]",stable,0.02204652112555217,2309,"[0.27780475279181277, 0.2989012937157368, 0.8273696660615552, 0.35375609535085595]"
"[0.2897099079748927, 0.29288737861135544, 0.8342088950274693, 0.36982110338535157]",stable,0.14692847569192738,2310,"[0.2313026409029265, 0.4165449618507173, 0.7936657780834627, 0.4050578157490526]"
"[0.2895125861266766, 0.29330514071689384, 0.8340719250377936, 0.3699401463325262]",stable,0.12914375892857205,2311,"[0.3357718322307965, 0.35510909410643704, 0.8493199101735931, 0.4723411371226607]"
"[0.28966834116406415, 0.2935132348360506, 0.8341232650550858, 0.37028493081330105]",stable,0.27068075292597377,2312,"[0.36552233449956983, 0.4868546703346887, 0.728225185233054, 0.5078310238474605]"
"[0.3310426303193587, 0.4996661039345685, 0.5987712236133912, 0.4331651875075427]",stable,0.2718092575163819,2313,"[0.35004472941817877, 0.5717865928308197, 0.8191280495820534, 0.5737379339124836]"
"[0.5245071571861913, 0.5123780888176762, 0.7734475495530806, 0.5634654669264405]",stable,0.3129450033416343,2314,"[0.27530353020786663, 0.5149847033117906, 0.9265885906716415, 0.452230784819888]"
"[0.2896201371004527, 0.29425642768328464, 0.8344335513826582, 0.3705599169005715]",stable,0.32274841270319415,2315,"[0.34227219550600385, 0.5923822944438542, 0.9060006511307734, 0.4565448949490203]"
"[0.5238976757090001, 0.5126456614117437, 0.7738908709630393, 0.5631078730402284]",stable,0.22414143307744763,2316,"[0.3804065622354279, 0.5871035457616302, 0.9291321417727011, 0.5655273092693011]"
"[0.5234193719974216, 0.5128938543595768, 0.7744083418657381, 0.5631159378276586]",stable,0.0859024804424911,2317,"[0.5671481415808174, 0.46680843734508715, 0.8319234517025573, 0.5571848893576105]"
"[0.5235646503016853, 0.5127407466618543, 0.7745994219648638, 0.5630962333476917]",stable,0.22539121215333846,2318,"[0.44280727686103794, 0.3736425444610644, 0.8911789504512784, 0.45660515938694857]"
"[0.29013246867155834, 0.2945219330905682, 0.8346233353260315, 0.37084769363129516]",stable,0.2941105350905142,2319,"[0.46118604074546776, 0.3871305160581385, 1.0, 0.5168473219665649]"
"[0.5233580986144131, 0.5123248187459479, 0.7753457814947814, 0.5629430912570257]",stable,0.23414418177094473,2320,"[0.4771750507443612, 0.39741637581704786, 0.9573134549438698, 0.48310300414660634]"
"[0.5232056793145119, 0.511945582960704, 0.7759463348725012, 0.5626795926196976]",stable,0.20160574563813846,2321,"[0.4461031852991558, 0.3531536695121167, 0.8588902089735363, 0.5116352583271461]"
"[0.5229520526894614, 0.5114232411401495, 0.776219176563623, 0.5625116836253142]",stable,0.18810797255808684,2322,"[0.4197017652123253, 0.4284876197806361, 0.8638539975594214, 0.4616860503044741]"
"[0.5226135271567495, 0.5111513210701183, 0.7765065038455765, 0.5621811077783606]",stable,0.1898215717279799,2323,"[0.4153040591139278, 0.4376555838962499, 0.9095756031413685, 0.5246591329965935]"
"[0.5222628426206618, 0.5109111389224913, 0.7769413701831445, 0.5620584869457405]",stable,0.1954523505459781,2324,"[0.419042121137262, 0.4849161290646955, 0.9274030722368607, 0.4969997468104893]"
"[0.5219266187721817, 0.5108264646232803, 0.7774314734471631, 0.5618465692254303]",stable,0.08191542256253254,2325,"[0.47544123303001096, 0.4551920681088169, 0.81532546589534, 0.5575916160166599]"
"[0.5217756921950968, 0.5106458334657659, 0.7775545058901767, 0.561832754442285]",stable,0.13105140389183279,2326,"[0.5177441869320887, 0.5225723148894169, 0.9068133576175966, 0.5442792443005837]"
"[0.5217626452524979, 0.5106844304930269, 0.7779728193261878, 0.5617759469660982]",stable,0.1542661425389,2327,"[0.5955940345028705, 0.5864123081317755, 0.802493761568484, 0.6713705665195822]"
"[0.5220008110242733, 0.510928713969281, 0.7780519191398726, 0.5621294779969159]",stable,0.1966360180363376,2328,"[0.6014827668611965, 0.6176063599598437, 0.8368866930542348, 0.6944423326629775]"
"[0.7107052280262686, 0.6033738364702473, 0.6850468018525998, 0.6918288034636457]",stable,0.07326853188290486,2329,"[0.7206133615559033, 0.6431302242484109, 0.6252632921379879, 0.6810831880196442]"
"[0.7111180669233366, 0.6050303526276708, 0.6825558222811576, 0.6913810694868124]",stable,0.08655553746966332,2330,"[0.7680143854273576, 0.6530124951489745, 0.6538088123132151, 0.724936894976876]"
"[0.7133939196634974, 0.606949638328523, 0.68140594188244, 0.6927233025064149]",stable,0.10994243538862475,2331,"[0.6293880145309101, 0.6120198625734847, 0.7245030812698159, 0.6366227106666886]"
"[0.7101629233122441, 0.6071446469533293, 0.6830635241665698, 0.6905655874356562]",stable,0.060258901566794455,2332,"[0.6574061072332388, 0.6105867317378991, 0.6543354245497918, 0.693836966347819]"
"[0.7082089671611698, 0.6072721315749801, 0.6819995204770595, 0.6906867496175882]",stable,0.20065447303476258,2333,"[0.7943887754883356, 0.5624935088784513, 0.5181177825564088, 0.6276557325620122]"
"[0.861767933746404, 0.6792466345183219, 0.4054471930480527, 0.71014155406984]",stable,0.10021198197537116,2334,"[0.7827873214814647, 0.6380950819077936, 0.42745286906673624, 0.6698078937054361]"
"[0.8616393008274058, 0.6791796124456664, 0.40548303291127535, 0.7100758640692465]",stable,0.17526763948983548,2335,"[0.726901913834897, 0.6161037397760005, 0.4965973508605803, 0.7269340178935213]"
"[0.8614202156453041, 0.6790770500510815, 0.4056311862737945, 0.7101032757014811]",stable,0.0723392023144954,2336,"[0.8772363696786879, 0.6715636250079897, 0.4756228798845517, 0.7048572550467842]"
"[0.8614458912200338, 0.6790648529325052, 0.4057448091530328, 0.7100947594341844]",stable,0.09867598915928566,2337,"[0.8874406743808058, 0.6461254566824238, 0.48261825855226836, 0.7555556331293874]"
"[0.8614880221489816, 0.6790114665528454, 0.40586940145351774, 0.7101684399426046]",stable,0.11205824627927334,2338,"[0.9262996936462012, 0.6030468682131828, 0.3684846739081402, 0.6756972963240012]"
"[0.8615928954038315, 0.6788885464908071, 0.4058089083668747, 0.71011266139306]",stable,0.07583237269326551,2339,"[0.8089010393715229, 0.6587255650506202, 0.3744551203975752, 0.6703067420395308]"
"[0.8615077712422284, 0.6788559730151364, 0.40575825604382254, 0.7100483545766568]",stable,0.11298016071247859,2340,"[0.9228741542176608, 0.6032900987808866, 0.45202793458346713, 0.743924588933231]"
"[0.8616067492792856, 0.6787340925728231, 0.4058328845575962, 0.7101029936643287]",stable,0.11910240628597737,2341,"[0.7495367860215386, 0.7121456024608703, 0.3841945372014166, 0.703687430617214]"
"[0.861426282349724, 0.6787878953262659, 0.40579804019792437, 0.7100926626449292]",stable,0.1227691996894281,2342,"[0.7814138796509209, 0.6638767965391876, 0.3908293785539234, 0.6194069961463218]"
"[0.8612976450463498, 0.6787639224986339, 0.40577397482550637, 0.7099468657534523]",stable,0.13228072429999457,2343,"[0.9607420717383168, 0.7256532462668062, 0.33420059336833036, 0.6929869599581286]"
"[0.8614572669190494, 0.6788391862607016, 0.405659089783039, 0.7099196427906991]",stable,0.2107841152686052,2344,"[0.9653667059310835, 0.6900141997114588, 0.23191953626347633, 0.7675604126586617]"
"[0.8616237884559277, 0.6788570949361035, 0.40538066101137304, 0.7100120158193336]",stable,0.21496551706694514,2345,"[0.9222313535814203, 0.6213770437184917, 0.22737657928361493, 0.6231357407052578]"
"[0.8617207605601285, 0.6787651268541552, 0.40509585448060864, 0.7098730137791511]",stable,0.2314819580103119,2346,"[0.7302773096351364, 0.5653484898732136, 0.5192581686179911, 0.6078428781331181]"
"[0.6169038205941444, 0.6127160701508456, 0.41138739206799907, 0.5507904728783249]",stable,0.23596447499225154,2347,"[0.6981523473913982, 0.40994152281310137, 0.48226899218295305, 0.6049771139327537]"
"[0.6173707661504504, 0.6115506991891344, 0.4117947575859011, 0.5511018903556492]",stable,0.12230147795468646,2348,"[0.5490275839058651, 0.588974717535764, 0.5106524260576646, 0.5490168514357116]"
"[0.6169802336804814, 0.6114216935796866, 0.41235965854859685, 0.5510899758475353]",stable,0.14986688124785225,2349,"[0.6338606999157832, 0.5585861671866941, 0.5046834232612881, 0.6553006354495534]"
"[0.6170761454204547, 0.6111214917251808, 0.41288422539355535, 0.5516820818680013]",stable,0.06336850331097608,2350,"[0.6387141332280744, 0.6134435005911715, 0.3938863843841883, 0.6080829241251836]"
"[0.6171983939391419, 0.611134610419339, 0.41277689295847414, 0.552000730694313]",stable,0.15592769217966296,2351,"[0.762466785935497, 0.650543471782213, 0.4265363238717147, 0.5903172960713738]"
"[0.6180145085009192, 0.6113560085168832, 0.41285419313214405, 0.5522159922975549]",stable,0.33894678172603954,2352,"[0.8864049060199748, 0.6716914616649251, 0.3486251324333191, 0.7395279679349122]"
"[0.8617601921023965, 0.6787538270695079, 0.40500564565944686, 0.7099203859103903]",stable,0.09103348220087741,2353,"[0.8870416621671695, 0.6384287823565189, 0.48157250608293684, 0.7225437296340909]"
"[0.8618005134262637, 0.678689512803618, 0.40512776186426896, 0.7099405188349895]",stable,0.08004336399868488,2354,"[0.8970485032321782, 0.7196323946343023, 0.3461544366799783, 0.7067238934333234]"
"[0.8618566407985662, 0.6787547084753229, 0.4050338552955042, 0.7099353968200187]",stable,0.1476583249610491,2355,"[0.8744572565342497, 0.7024592200778318, 0.418631010258113, 0.8544947926405386]"
"[0.8618766735739807, 0.6787923945033079, 0.4050554723940139, 0.7101652209787159]",stable,0.12774395279035616,2356,"[0.9657582800559178, 0.6470707068907535, 0.3737221397047499, 0.7696554395598585]"
"[0.8620415650128408, 0.6787420426182086, 0.4050057369453008, 0.7102596498970987]",stable,0.08354925873498607,2357,"[0.8929812413328599, 0.6587927022612978, 0.333426772021377, 0.6878611976264191]"
"[0.8620905977803844, 0.6787104271818267, 0.404892299599938, 0.7102241531423116]",stable,0.1406831373589432,2358,"[0.9461268933633611, 0.7428173049358111, 0.33614468658195706, 0.7726238333563279]"
"[0.8622235666025094, 0.6788118621149818, 0.4047835217312386, 0.7103228868135363]",stable,0.08094632242102187,2359,"[0.8899195809063093, 0.6387809054022138, 0.3502382736141806, 0.7450730856285188]"
"[0.8622673201796086, 0.6787486220569837, 0.40469735230293363, 0.710377784441996]",stable,0.18263415380719275,2360,"[0.7100844210444689, 0.6563979442685329, 0.3317486733549603, 0.6442375032977825]"
"[0.6185288655542351, 0.61160763944287, 0.41240108966970174, 0.5527300789511875]",stable,0.14544556330398276,2361,"[0.49860674324610377, 0.6116004698066547, 0.4490596199445506, 0.4790466440922537]"
"[0.6178626315414122, 0.6116075996115578, 0.41260474817122866, 0.5523207265353045]",stable,0.2519428291441888,2362,"[0.4463399600552293, 0.6522681965639815, 0.2721650468917793, 0.4397215769673239]"
"[0.23037682348323132, 0.6233910869534995, 0.34946016304180766, 0.3634029029977932]",stable,0.15515712310756608,2363,"[0.35804518490886705, 0.546481722842934, 0.3063432212057403, 0.3640364491470965]"
"[0.2305943164328491, 0.6232600658902788, 0.349386709989276, 0.3634039822927665]",stable,0.09761693402804217,2364,"[0.24045556422533673, 0.6148859998472306, 0.2527561225991265, 0.3683259940310337]"
"[0.23061108726242815, 0.6232458242813621, 0.34922237225561925, 0.36341235306102887]",stable,0.13345882255873462,2365,"[0.27396787404738804, 0.675765321768532, 0.31509301329281586, 0.25382980153511026]"
"[0.23068469810586612, 0.6233349915096935, 0.34916442767333944, 0.3632263045864518]",stable,0.20667230840710613,2366,"[0.3790322981987566, 0.5585287056123807, 0.3606455916610653, 0.49119020883559744]"
"[0.23093613471619306, 0.6232251503471558, 0.3491838872733186, 0.36344319255975543]",stable,0.3950164026355177,2367,"[0.5661183897315047, 0.6611427900981474, 0.4827645169766248, 0.5196778949716658]"
"[0.6175767517524071, 0.6118812746971191, 0.4129923712033027, 0.5521403793995938]",stable,0.073487687367415,2368,"[0.5703455519225687, 0.5768576214574155, 0.38746121139150513, 0.5880730602020925]"
"[0.6173172396654301, 0.6116888370419559, 0.4128520901054357, 0.5523378117116955]",stable,0.15251907055199124,2369,"[0.7421961300862476, 0.6902704748866374, 0.43904232570229507, 0.580733715682815]"
"[0.6179996379737406, 0.6121182448990307, 0.41299520614694857, 0.5524929805858546]",stable,0.20496983672483926,2370,"[0.8199196334479087, 0.6060498953295604, 0.3862235688251888, 0.5745702078423294]"
"[0.8622005257210412, 0.678633955295584, 0.4046682138431895, 0.7101635769079271]",stable,0.18939734621762125,2371,"[0.8765695974886528, 0.6900690786455888, 0.2890575273744658, 0.5612733768979353]"
"[0.8622231541805178, 0.6786519633638517, 0.4044861497700104, 0.7099291041520058]",stable,0.14383304906345343,2372,"[0.8456765588634289, 0.5985526517314638, 0.338873430063604, 0.6114749144237447]"
"[0.8621971375212141, 0.6785260210499643, 0.40438298511638393, 0.7097743019668985]",stable,0.13744304087326786,2373,"[0.8230203730315647, 0.6504927336008113, 0.28560638636135904, 0.6601555052100815]"
"[0.862135635536144, 0.6784820127494161, 0.4041965226379616, 0.7096964074664953]",stable,0.13005174908267625,2374,"[0.9504353944213499, 0.6234194206454127, 0.3384521219951708, 0.7516772930596581]"
"[0.8622740364121396, 0.6783957077461183, 0.4040934749880512, 0.7097622082276132]",stable,0.14544935965725128,2375,"[0.8999556667506203, 0.5648904166860299, 0.3213283758641056, 0.7083136820433151]"
"[0.8623330060996803, 0.678218078182644, 0.4039639521412218, 0.709759941363475]",stable,0.1280570415494119,2376,"[0.8890446146901256, 0.6097009551753961, 0.30845873171218346, 0.6665250875703937]"
"[0.8623747429881028, 0.6781110201779452, 0.40381472523430145, 0.7096923869044233]",stable,0.10919798283246955,2377,"[0.8516336330665701, 0.629358768701495, 0.31524194514294496, 0.7495284084828769]"
"[0.8623579861863533, 0.6780349636233797, 0.4036765461701963, 0.7097545335839528]",stable,0.13347704394640122,2378,"[0.9227965010534798, 0.6803674741643061, 0.3124488673629229, 0.7861441742123723]"
"[0.8624521271752428, 0.6780385968173687, 0.40353444698202307, 0.7098735205631248]",stable,0.12496963986024275,2379,"[0.866128820379725, 0.6748980838134061, 0.28300077134085094, 0.7425180151736949]"
"[0.8624578452051097, 0.6780337126602863, 0.40334699180995276, 0.709924289606065]",stable,0.18465642504496277,2380,"[0.7142734026123707, 0.6837233402902294, 0.4736592423305435, 0.6252887069707014]"
"[0.6185228649554723, 0.6125074030261567, 0.41332490199577243, 0.5528886095335984]",stable,0.21455742050872922,2381,"[0.7267174974929346, 0.6531075034694221, 0.5509042773149431, 0.6701590470540012]"
"[0.7088699861015899, 0.6089091091426386, 0.6773175475069839, 0.6899536173831743]",stable,0.07285056777378328,2382,"[0.6753315316969997, 0.5469014910129053, 0.672570279717632, 0.6722083069173875]"
"[0.7077134876738455, 0.6067709154140272, 0.6771538486176959, 0.6893417101257334]",stable,0.22776131988840742,2383,"[0.6737992743277147, 0.47571235799967426, 0.8540985095468048, 0.6420206105233992]"
"[0.5224889089770175, 0.510815478097996, 0.7782964419386088, 0.562386362667419]",stable,0.2023705969575854,2384,"[0.6457213436336002, 0.6267808165485629, 0.8370524446120836, 0.6565532251481274]"
"[0.705647082872504, 0.6074379121185117, 0.6824838018175089, 0.6882487606264799]",stable,0.19153451941382807,2385,"[0.6264930590371885, 0.686343293576978, 0.8377456401168752, 0.6976197254946107]"
"[0.7030937272649131, 0.6099832470042688, 0.6874922482142626, 0.6885510498157744]",stable,0.2633882751627024,2386,"[0.5719161369727117, 0.6302245959660531, 0.864814286796591, 0.5460273474939175]"
"[0.5226473295795677, 0.5111981996296243, 0.77857374272341, 0.5623339299264783]",stable,0.16743210654266083,2387,"[0.5074228172273698, 0.6049251163424848, 0.8803941392445758, 0.6553371366492778]"
"[0.5225986889650239, 0.5114976466478762, 0.7788990475046278, 0.5626310647722381]",stable,0.13028467232250607,2388,"[0.5909970417860747, 0.5820786605002817, 0.695111793610013, 0.579771010568994]"
"[0.5228165181141355, 0.5117224269467693, 0.7786322091164284, 0.5626856505868775]",stable,0.12190877576901012,2389,"[0.5095910205129798, 0.6239893410185232, 0.7695150588381358, 0.5179659301236517]"
"[0.5227745324074652, 0.5120788298485843, 0.7786032657822116, 0.5625436832203276]",stable,0.08125354272234928,2390,"[0.5523202350628351, 0.5499265087182678, 0.7133224877697708, 0.556613853054054]"
"[0.5228680314665012, 0.512198600984248, 0.7783966810416659, 0.5625249179349913]",stable,0.22703069611102866,2391,"[0.5548744990381019, 0.7276636751045054, 0.8314052028566671, 0.5983497900155283]"
"[0.522968998241175, 0.5128783015335232, 0.7785639003533852, 0.5626379301497564]",stable,0.24146389990842954,2392,"[0.4803224664261201, 0.6151104627314836, 0.6205410792115961, 0.41750536489192064]"
"[0.3317534866817718, 0.5002158389764586, 0.5988748895924302, 0.4330906169236588]",stable,0.11432962467718086,2393,"[0.3863463944857042, 0.5950047433146589, 0.5725144166987697, 0.41281583999461513]"
"[0.33201222084198, 0.5006650754899098, 0.5987499584412753, 0.43299452793347376]",stable,0.18965116596161113,2394,"[0.38749116430380615, 0.5785461440014756, 0.578527933504386, 0.27046680581227167]"
"[0.33227391397151695, 0.5010324390206248, 0.5986545715311957, 0.4322278877347889]",stable,0.12094949254297847,2395,"[0.33616918417970465, 0.5221513097429434, 0.4822109468088342, 0.4568953192456097]"
"[0.33229220162507656, 0.5011315886484291, 0.5981078878470532, 0.43234369727239835]",stable,0.12371622696100881,2396,"[0.3552738696872135, 0.5564786026401116, 0.5023727456102093, 0.4828316991109082]"
"[0.3323995925973295, 0.5013902195549323, 0.5976605273693109, 0.43257962251463433]",stable,0.2885788055713965,2397,"[0.29334800667239047, 0.6280328788087066, 0.34425408434553795, 0.39385608764328356]"
"[0.2310417385604506, 0.62323328525149, 0.3491755458132039, 0.3634946526191184]",stable,0.1076534727178014,2398,"[0.3245035103449929, 0.5825897247367551, 0.3344673683827758, 0.3320950043972567]"
"[0.2311996131749515, 0.6231646305884584, 0.3491507009188958, 0.3634416126727977]",stable,0.13430772476977654,2399,"[0.2350449458970213, 0.5501002373186438, 0.46149392321420846, 0.3714649031144091]"
"[0.2311996131749515, 0.6231646305884584, 0.3491507009188958, 0.3634416126727977]",stable,0.07518523684336083,2400,"[0.2114033094693668, 0.6546399223519809, 0.34467755169169906, 0.42863534813243276]"
"[0.231166229863475, 0.6232177086521405, 0.34914315766556153, 0.3635515515184295]",stable,0.1436750615942723,2401,"[0.2076191494537783, 0.5696325978528919, 0.3363868965763396, 0.23296069413571277]"
"[0.23112658831396374, 0.6231274980278994, 0.34912168247854264, 0.3633317015901758]",stable,0.1339324788771662,2402,"[0.174753207521571, 0.606456422338607, 0.32493090623790627, 0.2454468746765488]"
"[0.2310318431361614, 0.6230994794132955, 0.34908102571175165, 0.36313357583065714]",stable,0.1435001724389898,2403,"[0.2200754561964255, 0.5867378962620746, 0.234943439307925, 0.2848858684144494]"
"[0.23101345993659805, 0.6230384700455921, 0.34888951969429555, 0.3630022877309655]",stable,0.13378171165897412,2404,"[0.10852440496677788, 0.6145447870426711, 0.2986175456988054, 0.3458394276357507]"
"[0.23080828564016617, 0.6230242427708803, 0.3488053120326616, 0.3629735392215933]",stable,0.1702925970181204,2405,"[0.16139455057152358, 0.7111210822287921, 0.24518754586385605, 0.2875838357156774]"
"[0.23069220916011826, 0.6231715619004086, 0.348632038176192, 0.3628474694832891]",stable,0.09329356137289728,2406,"[0.16652430536350854, 0.6656837607270971, 0.2988048559981311, 0.34563893720705985]"
"[0.23058508411204381, 0.6232425338517052, 0.34854885423265597, 0.3628187407148814]",stable,0.08026139379527358,2407,"[0.1887158528223683, 0.6192477344940942, 0.4166752952963591, 0.36844798677966234]"
"[0.23051530205989432, 0.6232358758527758, 0.34866239830109547, 0.36282812279165605]",stable,0.12256786026193306,2408,"[0.31380842368627887, 0.6578388698476463, 0.39841742509809086, 0.4292525638803268]"
"[0.230653892944464, 0.6232934515499388, 0.3487451853673134, 0.36293864598814307]",stable,0.3242086625326272,2409,"[0.41542174695246303, 0.7035232870012725, 0.6007719335863222, 0.3948414463680153]"
"[0.33278574215246964, 0.5023303733570084, 0.5976749990261342, 0.4324040961139524]",stable,0.2946581911866919,2410,"[0.19103140100714378, 0.7042341242382566, 0.43751421727885786, 0.4500833429885178]"
"[0.23058807485154487, 0.6234279044946037, 0.34889264223095384, 0.36308340462103406]",stable,0.1879795028163089,2411,"[0.24332024655272402, 0.593373070634849, 0.5254048755582839, 0.3072772783417524]"
"[0.23058807485154487, 0.6234279044946037, 0.34889264223095384, 0.36308340462103406]",stable,0.14272013205190634,2412,"[0.23220832945563466, 0.5754040331511601, 0.47615919131075146, 0.319916934595801]"
"[0.23058807485154487, 0.6234279044946037, 0.34889264223095384, 0.36308340462103406]",stable,0.13231730184429025,2413,"[0.2510666661809942, 0.5558025292056119, 0.43507864004534547, 0.4344085619098555]"
"[0.23062203603119572, 0.6233157562768774, 0.34903557091721316, 0.36320168846396744]",stable,0.1672293238029513,2414,"[0.12565169612430943, 0.7390218712535462, 0.3200343291628305, 0.31106823075075957]"
"[0.2304482440777075, 0.6235073226924017, 0.3489875556162953, 0.3631153747922568]",stable,0.10422891112923621,2415,"[0.17448910430679754, 0.5419841316300092, 0.36602509358721974, 0.3349031042317375]"
"[0.23035574963180516, 0.6233725736162655, 0.34901571683608196, 0.36306874294009067]",stable,0.07658633866086584,2416,"[0.18198514500443405, 0.6058580167553109, 0.3658459897120014, 0.3088863279851825]"
"[0.23027593015222203, 0.623343671707254, 0.3490434895636, 0.36297933301442253]",stable,0.1844497667887138,2417,"[0.20827090858388012, 0.7373497534344615, 0.20811664680127856, 0.33690762780665096]"
"[0.23023967805738127, 0.6235314906227848, 0.34881132013565547, 0.36293638127602423]",stable,0.08419978900621272,2418,"[0.1722252820590538, 0.6237579363108268, 0.2882861816305153, 0.3707203813353736]"
"[0.23014425964291033, 0.6235318630663507, 0.34871177221048255, 0.36294918390770076]",stable,0.1934389224867228,2419,"[0.11032203220429561, 0.6264895236483858, 0.26263337384772417, 0.48802121165034584]"
"[0.22994750721690277, 0.6235367196518713, 0.34857042837080643, 0.3631545566954555]",stable,0.12525130709398571,2420,"[0.1630750684939179, 0.6158842519112421, 0.24822819110330746, 0.3961521630574951]"
"[0.22983788026817656, 0.6235241746227883, 0.3484059328998761, 0.3632086511321146]",stable,0.06561170675865066,2421,"[0.22526936514330198, 0.5768817206421896, 0.3613458994804708, 0.31915114910467574]"
"[0.22983040315667924, 0.6234478367275663, 0.3484271112412519, 0.363136543927487]",stable,0.13465820751873064,2422,"[0.18737161931410865, 0.5552842413043174, 0.25130619696130024, 0.3156882900589903]"
"[0.22976102605889728, 0.6233364583036721, 0.34826841693687294, 0.3630590141009045]",stable,0.14685586390361058,2423,"[0.13180406865877065, 0.6687740292943196, 0.25005085360455764, 0.34694018488417566]"
"[0.2296012267809199, 0.6234105815842441, 0.3481081925268692, 0.3630327191103389]",stable,0.06886670967226136,2424,"[0.20098197778780608, 0.6314346739463447, 0.2914440566900291, 0.3884954750448858]"
"[0.22955461562620802, 0.6234236501385798, 0.3480159056606854, 0.36307418939687724]",stable,0.13104506747032105,2425,"[0.12381639565914551, 0.6579586302720679, 0.3035677072078171, 0.30993351431674565]"
"[0.2293826835612209, 0.6234798045778212, 0.3479436321672661, 0.362987781795121]",stable,0.0999505573125933,2426,"[0.17466783739499125, 0.6467479709273272, 0.29029318729114206, 0.30702870606633037]"
"[0.229293860759003, 0.6235175775751417, 0.34785004378272694, 0.36289693913971705]",stable,0.16686692026918537,2427,"[0.3141448602884125, 0.6166513889130365, 0.46782613019677133, 0.44165905630913393]"
"[0.22943138263830512, 0.6235064492304706, 0.3480444944900431, 0.3630245924900727]",stable,0.23546185381486495,2428,"[0.3428116820825646, 0.6122652794996041, 0.5406030430511188, 0.4363869382745184]"
"[0.33283215854103493, 0.5028393312558167, 0.5974107770077313, 0.43242253519802915]",stable,0.0759971372780634,2429,"[0.34473218729307015, 0.500045995429766, 0.6372213854866757, 0.4959934949018172]"
"[0.3328869973832102, 0.5028264587404894, 0.5975942360329799, 0.43271548892938294]",stable,0.16186907026425354,2430,"[0.34627413691826414, 0.43540439217233784, 0.7305403654100772, 0.37105535572639103]"
"[0.33294840628016004, 0.5025171832057731, 0.59820408066315, 0.43243264428166284]",stable,0.07780898330425766,2431,"[0.3215537049223804, 0.5031433723423615, 0.672439224514591, 0.45275873510922576]"
"[0.3328963756803528, 0.5025200425168991, 0.5985430539227456, 0.4325254574817887]",stable,0.22102394429785968,2432,"[0.21076409800410326, 0.42454215501322035, 0.7613638153141007, 0.4691879645291514]"
"[0.28986790743600016, 0.2949553338303103, 0.8343791369259917, 0.37117549453428805]",stable,0.0942210417900786,2433,"[0.3653310102661381, 0.27033624974929643, 0.8784745855763858, 0.34602759333780264]"
"[0.2901186154188245, 0.294873542853297, 0.8345256334331359, 0.37109194668978146]",stable,0.12062923178830508,2434,"[0.2989112900590246, 0.34922140973206844, 0.8343366639248019, 0.47842495228806176]"
"[0.29014773023551393, 0.2950535026773988, 0.8345250077062871, 0.37144735399308704]",stable,0.11880214437974658,2435,"[0.18049974075389585, 0.25366774684445187, 0.8530569867000733, 0.37736790131362125]"
"[0.2897858556827693, 0.29491691602448483, 0.8345861693531312, 0.3714668937532208]",stable,0.17856408341653718,2436,"[0.24490570414052754, 0.1441593092707922, 0.8836749808736628, 0.3026676461313597]"
"[0.2896382236053277, 0.294421002844374, 0.8347476457068171, 0.3712405804386752]",stable,0.11136562878048718,2437,"[0.18277637872911784, 0.26769960047898883, 0.8454191356221432, 0.35879327784171]"
"[0.28928785690081554, 0.2943333916890777, 0.8347826341983429, 0.37119976961048845]",stable,0.2046685004604983,2438,"[0.1301837293722495, 0.17268386589329196, 0.8744946115917012, 0.35707803426058715]"
"[0.2887679087716372, 0.2939358442191568, 0.8349124119022427, 0.3711536201485607]",stable,0.21359914628092488,2439,"[0.15702611400546204, 0.16768412116136838, 0.8292743427618162, 0.26025993500357963]"
"[0.2883387824043207, 0.29352460082157444, 0.8348940468561827, 0.37079240293310467]",stable,0.1881919706460158,2440,"[0.17432901156014474, 0.2933446711341861, 0.956004073156002, 0.28275650614858816]"
"[0.28796862081067076, 0.29352401663427774, 0.835287261227286, 0.3705065720993887]",stable,0.2929444471853376,2441,"[0.037619916204119835, 0.20712153765132904, 0.8725177172921162, 0.25096377639278494]"
"[0.2871584308281253, 0.29324439696119375, 0.8354077481401172, 0.37011970221037055]",stable,0.1443996923022116,2442,"[0.22165713971803078, 0.26326470184533607, 0.8516661797593673, 0.24603209895393552]"
"[0.2869471363406734, 0.2931476882672716, 0.8354601946937277, 0.3697194196192208]",stable,0.2422012870105083,2443,"[0.21039401182422326, 0.1045992410160823, 0.7987819619508454, 0.24360331105913263]"
"[0.2867009848148971, 0.29254142316357, 0.83534225825404, 0.3693139015852655]",stable,0.2581386345401228,2444,"[0.48262163009186126, 0.30757949903354975, 0.6758590867638731, 0.4202023057856708]"
"[0.3335769450185869, 0.5016339491374293, 0.5988944904356598, 0.43246944315589725]",stable,0.3079665874211192,2445,"[0.604099603885928, 0.40216354384904673, 0.6460010126067536, 0.5301808756899832]"
"[0.5232241259318818, 0.5125301419181632, 0.7781470359265089, 0.5625358639407634]",stable,0.25689949223540803,2446,"[0.6927081383908597, 0.5396772419465907, 0.5947140527361559, 0.6162749955819588]"
"[0.7027691776125989, 0.6077861843462163, 0.6845929296055717, 0.6862924231209676]",stable,0.290214412951923,2447,"[0.812408295114826, 0.508093743866944, 0.4515095222777118, 0.597201391372066]"
"[0.8623801285124228, 0.6777698307211661, 0.4034217783479462, 0.709749254049801]",stable,0.17919701569845883,2448,"[0.8683111456769612, 0.575354677587015, 0.47444469524053223, 0.581128590254263]"
"[0.8623893238878718, 0.6776110475380124, 0.4035318913973921, 0.7095498421679475]",stable,0.14434627668170652,2449,"[0.9010098321779573, 0.5806339824442267, 0.41724771044909725, 0.6107995050301749]"
"[0.8624491079564323, 0.6774609282422016, 0.40355312331542875, 0.7093969778689726]",stable,0.15454417917420415,2450,"[1.0, 0.6811275769438608, 0.45485837060570206, 0.7575424106994064]"
"[0.8626617059348614, 0.6774665953963, 0.40363242045188974, 0.7094713912118326]",stable,0.17972593395523023,2451,"[0.9703591033219566, 0.6974826428670531, 0.5054766275413622, 0.8091197592772006]"
"[0.862827905622187, 0.6774974843584463, 0.403789587438139, 0.7096251695576125]",stable,0.1673417011038381,2452,"[1.0, 0.5970556839476007, 0.44708647087391984, 0.738634790095302]"
"[0.8630392647814749, 0.6773735370542693, 0.40385630066377187, 0.7096698685106752]",stable,0.15469976123616636,2453,"[0.9554312595935904, 0.7792831492098212, 0.37763123168772245, 0.6439248144862748]"
"[0.8631814063119552, 0.6775303210729702, 0.4038159544038087, 0.7095687222737146]",stable,0.23768532966513867,2454,"[0.7700357490430949, 0.49727031032634944, 0.5136501155288468, 0.6524636608030795]"
"[0.7048075585650383, 0.6044372184668264, 0.6794128443305194, 0.6852673091113346]",stable,0.1293689044408335,2455,"[0.6645698351702866, 0.5362445524396433, 0.7653731425279082, 0.6297891468657265]"
"[0.7036240961122514, 0.6024315518189681, 0.6819410883951486, 0.683635598457052]",stable,0.2461999409945787,2456,"[0.5761764543485521, 0.4238704675529227, 0.752784138527724, 0.5972138940752624]"
"[0.5233901206918087, 0.512252211904479, 0.7780675284111522, 0.5626445724991787]",stable,0.23109147251757914,2457,"[0.5147559565896275, 0.3341939339930893, 0.7161158719897909, 0.429280552559468]"
"[0.5233631389289893, 0.5116957797860059, 0.7778739294848355, 0.5622278099368672]",stable,0.22607165093756426,2458,"[0.4232368913941408, 0.40160520602231997, 0.8853818858278086, 0.4302989245342915]"
"[0.28713859990008694, 0.29289098657016854, 0.8355026416757508, 0.36950936640240983]",stable,0.08096478560989578,2459,"[0.32629079925377624, 0.32723163332340477, 0.803843234203111, 0.3162101760363624]"
"[0.28726368679898057, 0.29300070109653675, 0.8354014934090651, 0.36933908144916366]",stable,0.2621867282413603,2460,"[0.5350290899834963, 0.3280493018952138, 0.9099404054027769, 0.3932081332018402]"
"[0.2880527485925618, 0.2931123208443033, 0.8356388784791088, 0.369415097537548]",stable,0.29431354858101777,2461,"[0.4730225204060301, 0.342912248708741, 0.775636556033255, 0.5846506356798937]"
"[0.52320631457222, 0.5111699743932419, 0.7778669594740828, 0.562297662976565]",stable,0.22734822396286197,2462,"[0.6340680904084847, 0.4676835906109105, 0.6047467776998238, 0.47549202557045667]"
"[0.5235506058015251, 0.5110349235119303, 0.7773293191580137, 0.5620280802517014]",stable,0.33537090154053356,2463,"[0.723815919466156, 0.5082279254325754, 0.5611187497991914, 0.7220673135735142]"
"[0.7042010053509344, 0.5997400196364998, 0.6784890215781213, 0.6847336474603795]",stable,0.18814469529079944,2464,"[0.7349100018698725, 0.5254783949677552, 0.5236648593516503, 0.755232397742193]"
"[0.7050540330320161, 0.5976771967290346, 0.6741883504051638, 0.6866919460793188]",stable,0.2885588096083437,2465,"[0.522668200957267, 0.5752028135065628, 0.4777052937530638, 0.5823324452736763]"
"[0.6180047316365631, 0.612305756596321, 0.41367290411337937, 0.5530477654024637]",stable,0.12225439951610996,2466,"[0.6431950846281597, 0.5662040540265015, 0.3828849532356213, 0.4470368253155272]"
"[0.6181401636418943, 0.6120578979803543, 0.413507377495757, 0.5524778141116736]",stable,0.1255906834738452,2467,"[0.5352740717722296, 0.5831687373306325, 0.3350192763404608, 0.5087597976005551]"
"[0.6176970294607731, 0.6119034104902489, 0.4130876550296859, 0.5522440279271222]",stable,0.30337116341371073,2468,"[0.32776088149521826, 0.6847156187958572, 0.3961735958906541, 0.5034240543611083]"
"[0.22959049185975644, 0.6236054931941686, 0.3481223732948984, 0.36325177608533327]",stable,0.11407660532846456,2469,"[0.3308032305933123, 0.6021521487022123, 0.385472012172842, 0.393487713099355]"
"[0.22975400193848594, 0.6235708351255225, 0.3481827119683685, 0.36330062251023476]",stable,0.2804444892517787,2470,"[0.422667690525089, 0.6258698121661607, 0.5374889008320407, 0.43807563083574685]"
"[0.3339800705638652, 0.5021961023638036, 0.5986166370890371, 0.4324948105209644]",stable,0.02882956012535263,2471,"[0.35452835841541985, 0.5215014334684966, 0.5950017935885693, 0.4373060994123397]"
"[0.3340726304190524, 0.5022830633147257, 0.5986003540102062, 0.4325164829934481]",stable,0.16045088031745794,2472,"[0.41122941012529485, 0.5638086190188095, 0.5483922056258178, 0.5486416920185538]"
"[0.3344186249468831, 0.5025589626676589, 0.5983752053627426, 0.4330372238410943]",stable,0.2696208852663193,2473,"[0.44443317718710845, 0.6491675817815741, 0.6618117530939773, 0.6203175946241268]"
"[0.5233056602020997, 0.5114625788006908, 0.7769716796345957, 0.5622085431444953]",stable,0.12725947890743688,2474,"[0.4817729454527252, 0.5362109023774319, 0.7239168716334473, 0.457124213173554]"
"[0.5231774728108979, 0.5115389625154338, 0.7768079302271848, 0.5618842087927332]",stable,0.1140625999992035,2475,"[0.45786648589296436, 0.47519462684800423, 0.7055293575425177, 0.5134775352103267]"
"[0.5229765159280735, 0.5114271337903032, 0.7765886115420012, 0.5617352651817102]",stable,0.3126006099497517,2476,"[0.4553773871006476, 0.550134366844574, 0.5498785715674337, 0.361101751015352]"
"[0.33495861942078387, 0.5027713528648773, 0.5981587025332992, 0.4327160833374079]",stable,0.148676343727853,2477,"[0.28479030874080574, 0.5769131038671247, 0.47954083562576033, 0.42817755974200455]"
"[0.3347356491510951, 0.5031008717582206, 0.5976315120137101, 0.4326959121214284]",stable,0.14684216765020258,2478,"[0.33390722003614787, 0.5757623712727512, 0.47024465262909665, 0.42529115352736935]"
"[0.33473198353554223, 0.5034223828180194, 0.5970678533438667, 0.4326631477028706]",stable,0.11063633654028503,2479,"[0.3092105012814398, 0.5397330393912759, 0.496930090087028, 0.41707412926856596]"
"[0.3346195540982995, 0.5035823416575492, 0.5966267178229115, 0.43259447361285164]",stable,0.1958047597461722,2480,"[0.28208464128404415, 0.6144775023415704, 0.4503265175026455, 0.3892574040537552]"
"[0.22983840619549492, 0.6235561684597419, 0.34834746004181083, 0.36334248828691784]",stable,0.11711819155323393,2481,"[0.3379215922090077, 0.6172986430889901, 0.39288039589953977, 0.35982727933236186]"
"[0.23001245319390637, 0.6235460919293542, 0.34841917169375564, 0.36333682772499426]",stable,0.12664050875840935,2482,"[0.24220871162689572, 0.6611379410541081, 0.46844848587483956, 0.35503704728061636]"
"[0.23003206132643528, 0.6236065289858249, 0.3486121448676802, 0.3633234840265306]",stable,0.13784056396835767,2483,"[0.26707258830519104, 0.5877131181498457, 0.44480816804409684, 0.27914505080368607]"
"[0.2300915164259196, 0.6235489151642583, 0.34876655260953643, 0.36318836615618894]",stable,0.23774435921786433,2484,"[0.3279603553813251, 0.5098102966361955, 0.47565331053992405, 0.49700670577627554]"
"[0.33459034708638297, 0.5036096572495609, 0.5960961327032492, 0.4328769834030421]",stable,0.17592848589737434,2485,"[0.44932018563271525, 0.6090215318969548, 0.6600565287914232, 0.4837228358675369]"
"[0.3350913507481573, 0.50406997111265, 0.5963754357429356, 0.4330990176932801]",stable,0.17648394869211848,2486,"[0.4173146161690515, 0.5931053216896749, 0.6479649914030027, 0.5505602575297069]"
"[0.33544884320650903, 0.5044570813325501, 0.5965997381588489, 0.43360971873604714]",stable,0.20358020498504953,2487,"[0.4376396589652612, 0.5414034713936511, 0.7324921868177767, 0.5392986192660896]"
"[0.5227147464281876, 0.5115190857461418, 0.7764533464354852, 0.5616664411144844]",stable,0.16719639934593594,2488,"[0.3669329660215074, 0.45475239605342227, 0.7573360784039528, 0.5716035358564895]"
"[0.52223834954621, 0.5113454873067146, 0.7763948838421166, 0.5616968297834203]",stable,0.16222336853892738,2489,"[0.4190128485885837, 0.4853086787774569, 0.8695688574981765, 0.48231413338858625]"
"[0.5219236376530465, 0.5112661067929059, 0.7766789508349705, 0.5614548093675824]",stable,0.24271013608639766,2490,"[0.428677160586302, 0.5013702341121239, 1.0, 0.5458636138574552]"
"[0.5216402137105943, 0.5112360281525388, 0.7773577382184509, 0.561407419715576]",stable,0.2127131803720007,2491,"[0.33446861344631257, 0.43087132676292583, 0.8309910405713139, 0.5317650040285243]"
"[0.5210730270431269, 0.5109924987543885, 0.7775202633770959, 0.561317594213494]",stable,0.15670504758776088,2492,"[0.4641954349302117, 0.4612396777212958, 0.7190575017764227, 0.43710739430949597]"
"[0.5209011914174081, 0.5108421881168262, 0.7773436387196921, 0.5609423368119714]",stable,0.2414173302060104,2493,"[0.6648640449819445, 0.4905357864253284, 0.5949594161556301, 0.6232373568970464]"
"[0.7039678171387709, 0.5947814829370426, 0.6720470278578791, 0.6849769571825006]",stable,0.16059207518678784,2494,"[0.6657124889163006, 0.5109623483874245, 0.5922237617351268, 0.5804353705088745]"
"[0.7029610979750217, 0.5925757162383685, 0.6699464155914908, 0.6822258627963526]",stable,0.2199352739440403,2495,"[0.8139770456407263, 0.5470554579451377, 0.48857234411513145, 0.715063895163284]"
"[0.8631058235766691, 0.6773298988561839, 0.4039461485508307, 0.7095771633995049]",stable,0.39380950523270297,2496,"[0.5283893042918477, 0.5548969051907513, 0.4578095004985346, 0.5509591331868018]"
"[0.617221988369449, 0.6116001843982303, 0.41332553718643517, 0.5522371933806313]",stable,0.08155468500737605,2497,"[0.5688552566353354, 0.5740261268778578, 0.3914473385568424, 0.5030298714235033]"
"[0.6169660797359352, 0.6114013798610854, 0.4132097795217283, 0.5519768371798]",stable,0.24287059526418467,2498,"[0.42198345128525044, 0.6406162908962421, 0.48257536410805923, 0.4282723291995082]"
"[0.33582345189949064, 0.5050465151401851, 0.596106126149971, 0.4335866131536379]",stable,0.19113622073187572,2499,"[0.3861813302835041, 0.6305998100796248, 0.4671958382689024, 0.39339150438907217]"
"[0.3360405117201114, 0.5055876931356137, 0.5955504783573803, 0.43341335837448025]",stable,0.1469360423263615,2500,"[0.41779833068946315, 0.5841604933081539, 0.5120099200507782, 0.47528398964242613]"
"[0.33639140364701847, 0.5059249154539507, 0.5951919351886824, 0.4335930606546002]",stable,0.32929466732331003,2501,"[0.5466959899238801, 0.5726439885893921, 0.3507536447610322, 0.43592680683677487]"
"[0.6165962371579771, 0.6111973935912344, 0.41288106302298777, 0.5513660475464156]",stable,0.18414359901196672,2502,"[0.7251961856873088, 0.7510064222807269, 0.417612131629763, 0.6018236408624383]"
"[0.6171648232759317, 0.6119293780346349, 0.41290583301569345, 0.5516302234276513]",stable,0.29682780872138953,2503,"[0.4300109232206193, 0.6103887759350596, 0.6421808080818769, 0.5742306233798569]"
"[0.5206274255493454, 0.5111420272367607, 0.7769365217599397, 0.5609823617715132]",stable,0.16439106727755126,2504,"[0.4548178098937847, 0.4882520499906863, 0.6314441011061882, 0.5293355299884454]"
"[0.3368974994002098, 0.5058493903878684, 0.5953468589746547, 0.4340022165064542]",stable,0.2761544571734742,2505,"[0.46909994829139945, 0.5753601640412588, 0.6664362630668564, 0.6551319198388454]"
"[0.5204726883804025, 0.5113348744944319, 0.7766046891512518, 0.5612650931771208]",stable,0.1668115869814289,2506,"[0.48522558147746225, 0.5573715206565595, 0.620485339077528, 0.5517192695386567]"
"[0.5203671581202141, 0.5114727087643784, 0.7761372659474383, 0.5612365128668261]",stable,0.23115496088894547,2507,"[0.6352120976025795, 0.576537989082578, 0.5950642566282007, 0.6180020870474082]"
"[0.701223944119318, 0.592164492465143, 0.6680263602334577, 0.6805790993156103]",stable,0.19148859193834422,2508,"[0.6238744347808511, 0.6477161038259476, 0.5244494361758851, 0.5970050626713732]"
"[0.6171997691691865, 0.6121157672314647, 0.41348678928215277, 0.551866550715379]",stable,0.2167951340017017,2509,"[0.8114826031598239, 0.6369775912632891, 0.3935536276425721, 0.6426347682600856]"
"[0.8630266468582383, 0.6772680088138635, 0.4039302091015849, 0.7094744910143218]",stable,0.13022022906857814,2510,"[0.8466503763231031, 0.5700075642787799, 0.44003709581409667, 0.6471799038329373]"
"[0.8630015683428705, 0.677103750858986, 0.40398550295566227, 0.7093790934841818]",stable,0.11061495605421919,2511,"[0.7844823101117631, 0.6959561357908775, 0.33780118767933387, 0.7459115254248133]"
"[0.8628815083149942, 0.6771325771356403, 0.40388430369683, 0.7094349534718586]",stable,0.08907752453479215,2512,"[0.9298723252066954, 0.6490498070889252, 0.45516534513139123, 0.7147873964018855]"
"[0.8629837843713174, 0.6770897026775538, 0.4039625953631423, 0.709443125140454]",stable,0.1709946826847988,2513,"[0.9784535144706271, 0.7881226562650238, 0.44935667996725653, 0.7483915941458572]"
"[0.8631598053013468, 0.6772589602287542, 0.40403179366284364, 0.7095024978066208]",stable,0.12582733676762195,2514,"[0.9162537047486863, 0.6875721433446187, 0.48858358328223905, 0.7853852339571082]"
"[0.8632406179336868, 0.6772746576155363, 0.40416048740655663, 0.7096179966439884]",stable,0.1718022018567015,2515,"[0.948228708515388, 0.7348771169013864, 0.30787164625898245, 0.8081240207073246]"
"[0.8633697791655739, 0.6773621993469737, 0.4040141517817123, 0.7097677018477321]",stable,0.03774623307844046,2516,"[0.8963245828238421, 0.6594916242084269, 0.3997437625358503, 0.7108472144059377]"
"[0.8634197864548884, 0.6773350816305268, 0.40400767167663515, 0.7097693399548007]",stable,0.08430099349511273,2517,"[0.9425669515147208, 0.7021110307849282, 0.390780117613881, 0.717088351108646]"
"[0.8635397064019489, 0.6773726209474273, 0.4039876299280552, 0.7097804293656399]",stable,0.34242237753978133,2518,"[0.8111972133178721, 0.4366216323088765, 0.5495322902685001, 0.5217137885872052]"
"[0.7039732758492818, 0.5882759209612364, 0.6650640084843339, 0.6766074665474002]",stable,0.2120409883820909,2519,"[0.6545019876296665, 0.46505598521246827, 0.6951067088739532, 0.5140397699305299]"
"[0.5207675605963616, 0.5113341513806414, 0.7758953836875173, 0.5610956270670162]",stable,0.287060212507391,2520,"[0.6379259010498147, 0.25365953219155163, 0.7334906862943453, 0.5830756437124226]"
"[0.5211162461334256, 0.5105672626330549, 0.77576917923099, 0.5611610437832228]",stable,0.14539985063280847,2521,"[0.522853594176435, 0.3881642179750284, 0.8517987788600739, 0.5805283570844231]"
"[0.5211214014688648, 0.5102040488506868, 0.7759947863515511, 0.56121851355563]",stable,0.22223596729170142,2522,"[0.5329905950251004, 0.324967324433149, 0.8046196704860823, 0.4424080790906866]"
"[0.5211565174261317, 0.5096560112044811, 0.7760794753578663, 0.5608670033944911]",stable,0.27330348124296955,2523,"[0.47424751390978703, 0.29443535064207826, 0.8518769046144647, 0.41793640753131117]"
"[0.28864384308563235, 0.2931165209388994, 0.8356904277684274, 0.3695691334422901]",stable,0.12766765542661468,2524,"[0.3687800248331297, 0.2752904152808853, 0.9030903962660579, 0.4403977775112585]"
"[0.2888974385974915, 0.29306010921213355, 0.8359037188079769, 0.3697932747209894]",stable,0.14919705050987517,2525,"[0.1962702713625497, 0.3245501508764147, 0.933903159981589, 0.425331140871193]"
"[0.28860523933176613, 0.29315944688299883, 0.8362128653101017, 0.36996847303692065]",stable,0.04578159833244076,2526,"[0.32246026049241067, 0.26612366701664464, 0.8474425259320535, 0.3795993409842594]"
"[0.28871170166245996, 0.2930744287073185, 0.8362481787082842, 0.36999875878518274]",stable,0.1248754289376817,2527,"[0.2887425393540549, 0.2792564255597061, 0.9346240137666165, 0.44566334539606123]"
"[0.28871179833233956, 0.2930311120830313, 0.8365565669059591, 0.37023595184665886]",stable,0.169616293595228,2528,"[0.17386835065439155, 0.33750245872338563, 0.9495362108429193, 0.39919400706962155]"
"[0.288352912558346, 0.29317008504128245, 0.836909628293262, 0.3703264457692306]",stable,0.2664206117464429,2529,"[0.3891397967094633, 0.4879257799861436, 0.6930550156145509, 0.41720944955589423]"
"[0.3371198070483342, 0.5057731197053078, 0.5957626383646117, 0.4339307579236859]",stable,0.34501622903307433,2530,"[0.5336796348774545, 0.3831115541772242, 0.6751951844437679, 0.6769226165230467]"
"[0.5211934587755456, 0.5092827237206249, 0.7757818815793587, 0.5612093503358734]",stable,0.2341124151390001,2531,"[0.706401872720443, 0.440291688115358, 0.6503837871456261, 0.5565166704264254]"
"[0.7040325099193101, 0.5846665494284101, 0.664705954305341, 0.6736784227395716]",stable,0.2096479923880975,2532,"[0.7266748241262596, 0.5611574327851786, 0.47921878216540187, 0.5815837066810642]"
"[0.6177669974332128, 0.6118517344104994, 0.41382736955615923, 0.5520205256167556]",stable,0.1614828918855949,2533,"[0.7427747084102083, 0.5891565607670903, 0.49040718373210673, 0.6158190970905711]"
"[0.6184113670774242, 0.6117347489793479, 0.41422211086634453, 0.5523493842326]",stable,0.24691636330477126,2534,"[0.8389656100698688, 0.5878543264690808, 0.4809973666092474, 0.6377560994655636]"
"[0.8635025292516734, 0.6772371923627399, 0.4041041348246985, 0.70967146668803]",stable,0.1975864778283042,2535,"[0.8974668275850353, 0.5356572382290443, 0.5307203412875803, 0.6671238990987203]"
"[0.8635538348382797, 0.677023325362538, 0.4042953979764551, 0.7096071954378952]",stable,0.107255203170997,2536,"[0.9403531597415008, 0.6246009930184915, 0.43532574634458754, 0.6660806649831942]"
"[0.8636696709241065, 0.6769442569879617, 0.4043422009151702, 0.7095415445623979]",stable,0.08575846930611533,2537,"[0.9019436222737427, 0.7061922634780466, 0.42469498721000154, 0.7775116697072473]"
"[0.8637273124171029, 0.676988305190507, 0.40437285270175877, 0.7096439092087005]",stable,0.08929466073293367,2538,"[0.9346419715201761, 0.7090501433614683, 0.36062463066655687, 0.7113109909590646]"
"[0.8638339510022203, 0.6770365184809897, 0.40430706590170584, 0.7096464160985507]",stable,0.13517843709246316,2539,"[0.9654162375064489, 0.716883591952264, 0.409812218374765, 0.6300464603488327]"
"[0.8639864769579324, 0.6770963489216372, 0.40431533189641017, 0.709526896645473]",stable,0.1982108590334618,2540,"[1.0, 0.8148559035959866, 0.36296826310368296, 0.7195564124185413]"
"[0.8641903952833327, 0.6773028849856167, 0.40425334228802534, 0.709541933400755]",stable,0.16166502140709865,2541,"[0.9324486183192664, 0.6189785909159848, 0.2776479628515224, 0.664311979238136]"
"[0.8642925782519495, 0.6772155731681472, 0.40406381327689284, 0.7094742238885355]",stable,0.11129676296325537,2542,"[0.8654000456218568, 0.6149126241777372, 0.3536216014681816, 0.6322753328533197]"
"[0.8642942336590794, 0.6771224446943199, 0.4039884138571489, 0.7093588294325787]",stable,0.13422883653110543,2543,"[0.8588736062804314, 0.6012341096469362, 0.3077247700112493, 0.6549321004057309]"
"[0.8642861431704546, 0.6770091785226074, 0.4038447367767819, 0.7092775955086581]",stable,0.11882818998945335,2544,"[0.9126682449815096, 0.592491832730366, 0.364652723360266, 0.653598916419543]"
"[0.8643582476440925, 0.6768832212263448, 0.4037863284110345, 0.7091946168512973]",stable,0.33748134137488434,2545,"[0.5962986214060654, 0.6011180680956763, 0.3286421411144948, 0.5341212458208938]"
"[0.6182979683816736, 0.6116803044619956, 0.4137832392265915, 0.5522559065997196]",stable,0.17376427768007416,2546,"[0.5132859272578956, 0.5249624728219554, 0.3328409830317272, 0.4808775887823987]"
"[0.6177621926616543, 0.6112378665454647, 0.4133702685317197, 0.5518917315088149]",stable,0.21894779187210747,2547,"[0.47763747883959673, 0.5374992422124795, 0.2982838207366148, 0.45380541769622623]"
"[0.6170508996980906, 0.6108635588077339, 0.41278607336524714, 0.5513938314387002]",stable,0.30016722847039196,2548,"[0.41250341882063735, 0.5944678555748113, 0.33242756762870757, 0.3475939673917072]"
"[0.23038384319257782, 0.6235023109020956, 0.34874036833873384, 0.3631633751325279]",stable,0.12718083445041928,2549,"[0.3061036742885371, 0.5918094648022842, 0.25655932763559236, 0.3938177560801804]"
"[0.2305049949223314, 0.623451602348336, 0.34859287867360883, 0.36321242214204413]",stable,0.10491338234010697,2550,"[0.21508597235000035, 0.5354558931896491, 0.403344751378806, 0.36850951019956246]"
"[0.23048036389585802, 0.6233110341228428, 0.3486803417290484, 0.36322088394405294]",stable,0.1592964331677623,2551,"[0.3005958498440677, 0.5772849519979103, 0.42678931100212314, 0.47385433699304985]"
"[0.23059219082719487, 0.6232376272932975, 0.3488049174376179, 0.3633973328324884]",stable,0.21400616575286774,2552,"[0.2846709574000355, 0.5941650713644723, 0.459575732864531, 0.5359045469646115]"
"[0.336897566159994, 0.5061476618733551, 0.595185575205713, 0.4343628502501305]",stable,0.09810903740069271,2553,"[0.3727109058826536, 0.5215359927023069, 0.6687107709229053, 0.4863246899658988]"
"[0.3370486772980643, 0.5062125915393001, 0.5954958080990345, 0.4345820985189734]",stable,0.1629059394493665,2554,"[0.4745092367716193, 0.5602358987839412, 0.647829391289563, 0.47914237277630983]"
"[0.33762624267400365, 0.506439580225202, 0.5957156971040368, 0.43476932656207146]",stable,0.27501937486148365,2555,"[0.5492428406570145, 0.5673048610315641, 0.7171702449711274, 0.546116901309173]"
"[0.5212759569575499, 0.5094533770656571, 0.7756094944128639, 0.5611649607799125]",stable,0.1808363114069002,2556,"[0.39166855275618706, 0.6286059384857655, 0.7730665659683742, 0.519935203063047]"
"[0.520895876593323, 0.5098027980668891, 0.7756020371446981, 0.5610440523995112]",stable,0.11709790925804756,2557,"[0.4543171821245642, 0.5981607884036081, 0.7464529353291631, 0.5360962428274175]"
"[0.5207012020480927, 0.5100611547637801, 0.7755168058528398, 0.5609711055878969]",stable,0.16520140482249704,2558,"[0.4112483920812809, 0.5076832277136925, 0.8572813739904057, 0.46812452565132984]"
"[0.5203820976458571, 0.5100542220318557, 0.7757551865179639, 0.5607004158504724]",stable,0.1009319348800147,2559,"[0.4893301529626276, 0.4417281948816619, 0.8403908143918144, 0.5412885165812796]"
"[0.5202918303648012, 0.5098555998599074, 0.775943080785039, 0.5606439859107364]",stable,0.1574339138242357,2560,"[0.40405132834496266, 0.524311004520456, 0.8729209745126372, 0.5199019644040506]"
"[0.5199549013734394, 0.5098974995835611, 0.7762241761291769, 0.5605258930947751]",stable,0.10958484629030801,2561,"[0.4524491477810487, 0.42900351316499996, 0.8040663434878706, 0.5490025061587217]"
"[0.5197597980393572, 0.5096637019349526, 0.7763046448209652, 0.5604925885082548]",stable,0.19504001280887817,2562,"[0.3950216264724734, 0.6130916781459406, 0.8844608084039729, 0.551224731876703]"
"[0.5194003220406054, 0.5099617652669727, 0.7766163340531927, 0.5604658799877028]",stable,0.13223276856023936,2563,"[0.5465592588548775, 0.6256755717317023, 0.7559889496422331, 0.6146205034101752]"
"[0.5194783649624855, 0.5102942762050897, 0.7765570599600579, 0.5606214967216755]",stable,0.17759713240072,2564,"[0.6278307865695282, 0.6043234270548792, 0.814730425348732, 0.6580987101318815]"
"[0.7022181831728866, 0.5851345703242784, 0.6682779655206598, 0.6733074772012932]",stable,0.14593413425643223,2565,"[0.6057962792685593, 0.6079056445830338, 0.7114128263892856, 0.5752235848255031]"
"[0.6999758133146464, 0.5856641301907611, 0.6692811018199302, 0.671026456448368]",stable,0.17248664697525373,2566,"[0.5564686005090581, 0.6136968799403018, 0.7159907501830775, 0.5923518293516467]"
"[0.5195843541760858, 0.5105905587372823, 0.7763835175251669, 0.5607124145802141]",stable,0.30880140071497647,2567,"[0.711134658393615, 0.6608646259016442, 0.6050471635862127, 0.6427389017321687]"
"[0.7002294234300775, 0.5873732323660085, 0.6678212395873456, 0.6703835574775453]",stable,0.23498236506379647,2568,"[0.7204140292304114, 0.6467281208164041, 0.4444359898360196, 0.6331636570177208]"
"[0.6175729357058296, 0.6110446929592929, 0.41294592142823083, 0.551806810355766]",stable,0.21713892197016266,2569,"[0.762999449460779, 0.6871420129843392, 0.47969694485465936, 0.6773215078536127]"
"[0.8642074160991771, 0.6768984872855085, 0.4038992906378851, 0.7091471866295745]",stable,0.23906182176329446,2570,"[0.7380894123991375, 0.5801186290496211, 0.5210353858741011, 0.574397054903644]"
"[0.6181785461414744, 0.6108892856029629, 0.4134890845661498, 0.5519203291725894]",stable,0.23838576236914588,2571,"[0.7944238992185219, 0.6288533435503708, 0.438370165789195, 0.7094753089044282]"
"[0.8641037258809293, 0.6768270977703003, 0.4039505103632214, 0.7091476741812459]",stable,0.07577315301886237,2572,"[0.8066710815591444, 0.6771067888607063, 0.4029533992923464, 0.7585641656292793]"
"[0.8640185142424697, 0.6768275127422445, 0.40394903096994117, 0.7092209924178157]",stable,0.133226688848642,2573,"[0.9224060008445465, 0.5574647742398848, 0.40561710867673156, 0.7187081523641105]"
"[0.864105014222621, 0.6766506790555743, 0.40395150219617343, 0.709235047469588]",stable,0.1305933847063122,2574,"[0.9287627813682892, 0.7137624320575056, 0.4890781970950073, 0.7744283667708163]"
"[0.8642006618071559, 0.6767055780984765, 0.40407742925963325, 0.7093314872910395]",stable,0.07855912817847414,2575,"[0.8031997211920529, 0.7247395711981576, 0.4115727964463058, 0.7186576248555054]"
"[0.8641105570204276, 0.6767765293438232, 0.4040885007030405, 0.7093452629742957]",stable,0.1465963679587724,2576,"[0.9264914449129229, 0.7151416085543371, 0.33829965298643144, 0.8179687785578909]"
"[0.8642025642297085, 0.6768331150063756, 0.4039914670043434, 0.7095054746491977]",stable,0.1260385139503305,2577,"[0.8614388197938966, 0.7476315305289206, 0.3817538278269721, 0.811344271179868]"
"[0.8641984939138974, 0.6769373836595752, 0.40395871643118086, 0.7096554581492428]",stable,0.11166330255332163,2578,"[0.9296550013583001, 0.6981331981440148, 0.31605507214698453, 0.7068580414491091]"
"[0.8642947534836686, 0.6769685539749936, 0.40382944636605705, 0.7096513443011544]",stable,0.1561815110955346,2579,"[0.9577612187896871, 0.7675498817280758, 0.34579747226892493, 0.7735575045375659]"
"[0.8644320023314013, 0.6771015662037059, 0.40374423054506275, 0.7097451859461418]",stable,0.10877916046296757,2580,"[0.9328213813633064, 0.72679374031449, 0.3553115704774725, 0.758126627197713]"
"[0.8645322800132662, 0.6771744286290883, 0.40367321491446506, 0.7098161264758361]",stable,0.08626180132332158,2581,"[0.9263540640312289, 0.7153199415020399, 0.4125224876992606, 0.7554864188683788]"
"[0.8646227950703935, 0.6772302785747295, 0.4036861713899919, 0.7098829936682117]",stable,0.16124392092094925,2582,"[0.9131871549872269, 0.6502158482172996, 0.28389510934617046, 0.80241097314851]"
"[0.8646937955965878, 0.6771907837935052, 0.4035110382583489, 0.7100182684920132]",stable,0.14655049107374626,2583,"[0.8717854082375612, 0.7398014310632192, 0.2947606421861142, 0.7853841338868065]"
"[0.8647041483157716, 0.6772821861982784, 0.4033522785560537, 0.7101282916531735]",stable,0.15793314687575102,2584,"[0.9581880670758607, 0.6228055263439356, 0.2888663693658494, 0.7214819669762191]"
"[0.8648404222498243, 0.6772027741576744, 0.4031853894756015, 0.7101448422002917]",stable,0.1677445637777952,2585,"[0.7452538452545109, 0.6204616299844697, 0.4912842645721044, 0.6567002910823978]"
"[0.8646663515409518, 0.6771201815169564, 0.40331362655725583, 0.7100670480938611]",stable,0.3172573358133818,2586,"[0.6634960014628365, 0.49211565573750315, 0.4873454762801961, 0.5726091234401177]"
"[0.6184051334180812, 0.6102954174536356, 0.41385836652472, 0.552023773143927]",stable,0.1594824179437986,2587,"[0.5976185200172639, 0.5402226370111247, 0.5519365275349992, 0.5840672628040826]"
"[0.6183017174310125, 0.6099467966554142, 0.4145453225496468, 0.552183193490495]",stable,0.3598805905198131,2588,"[0.5493255153917205, 0.4557391299049447, 0.7321434763769895, 0.5418038300242758]"
"[0.5196693289224162, 0.5104338403691899, 0.7762571174076005, 0.5606583900529115]",stable,0.239552700019679,2589,"[0.5156211394693525, 0.33502680296622483, 0.7641148824050475, 0.39801139313157885]"
"[0.5196577956191312, 0.5099341052198937, 0.7762225241454851, 0.5601950082953009]",stable,0.22208430650915284,2590,"[0.4330094886980599, 0.39748584491140293, 0.8969012976938866, 0.4393416571882227]"
"[0.28880355609772207, 0.2934950562558311, 0.8370965182290895, 0.37054144642785675]",stable,0.1371491573155671,2591,"[0.3897297025100361, 0.3656450395696974, 0.7789104567544245, 0.37624815130945394]"
"[0.2891169913350274, 0.29371912452699217, 0.8369158161748204, 0.37055916911382447]",stable,0.38087778879063056,2592,"[0.2762794143803214, 0.4537770150307425, 0.524156344092716, 0.22404612900344706]"
"[0.23059219082719487, 0.6232376272932975, 0.3488049174376179, 0.3633973328324884]",stable,0.4221552880032946,2593,"[0.2756809410819925, 0.4046274159927797, 0.7010994143233304, 0.4288209888659961]"
"[0.3373670573116939, 0.5060135879062378, 0.5961566331593476, 0.43474443811982844]",stable,0.13582308014685976,2594,"[0.3450583613252212, 0.5066269301810855, 0.690553359152663, 0.5320975832983413]"
"[0.33739910441175025, 0.5060161434990497, 0.5965499528509864, 0.4351500762247389]",stable,0.2611826212614372,2595,"[0.2969686798075241, 0.4039637617027353, 0.8204513974570099, 0.5128366058701828]"
"[0.28914129996806914, 0.294060439193171, 0.8368648427422576, 0.37099965653412276]",stable,0.17955158241343114,2596,"[0.3295123197261766, 0.447343674425431, 0.7903002521848658, 0.44131992540314624]"
"[0.28926590188090284, 0.29453353559820883, 0.8367211248701668, 0.37121669440100247]",stable,0.28711944718566396,2597,"[0.38404094702085273, 0.48951888379438957, 0.876979555406761, 0.5551059016168315]"
"[0.5192725204810679, 0.509876107431753, 0.7765087657115682, 0.5601805506058735]",stable,0.14464870972083582,2598,"[0.3931969031841838, 0.4545094583874571, 0.7328594760594036, 0.5526002053908154]"
"[0.5189153657578472, 0.5097192614004662, 0.7763851133329501, 0.5601590765401083]",stable,0.14709962093244475,2599,"[0.43375583023758885, 0.44398042807223037, 0.8451493662151687, 0.48711090540191]"
"[0.5186748020981856, 0.5095335584814599, 0.7765793626348775, 0.5599527257741812]",stable,0.15780118595659526,2600,"[0.6083044505975671, 0.4930082912294259, 0.6482829505098722, 0.5715581804091759]"
"[0.5189272799812825, 0.5094870084328625, 0.7762179642908634, 0.5599854171956882]",stable,0.22705514352979433,2601,"[0.64311027127, 0.674581932736927, 0.7052253979583127, 0.621923647493909]"
"[0.6989601089376314, 0.5893112034853623, 0.6686524431067004, 0.66930667058902]",stable,0.10035565614075333,2602,"[0.7422344115365225, 0.5741015055676799, 0.6018503176499653, 0.610105880241794]"
"[0.6999008546463029, 0.588980557878456, 0.6672002229880757, 0.6680196968858195]",stable,0.17772641759454263,2603,"[0.7916679723741084, 0.5628659535414214, 0.5176117554708276, 0.6576856056784511]"
"[0.7018533465128519, 0.5884249279989446, 0.6640174896366449, 0.6677998226048116]",stable,0.21050335297004064,2604,"[0.8191359753513734, 0.645257595275544, 0.498863662103742, 0.660678884056092]"
"[0.8646001736685833, 0.6770738696183497, 0.40345250742287575, 0.7099952629717131]",stable,0.07449244929398045,2605,"[0.8626924619850471, 0.6229195087994085, 0.37210796991908374, 0.6696181554612184]"
"[0.8645974048562705, 0.6769952711265951, 0.40340701462533757, 0.7099366604934685]",stable,0.10453966726737199,2606,"[0.9442951460908379, 0.6295472251196069, 0.418130974527552, 0.6640160767711605]"
"[0.8647129088290743, 0.6769265058425269, 0.4034283536976596, 0.7098701089228564]",stable,0.06282619862430824,2607,"[0.9095856099055387, 0.6710792792619634, 0.4113193234918695, 0.7527316822573213]"
"[0.8647778476150026, 0.6769180438648416, 0.4034397733355673, 0.7099321372489555]",stable,0.1603514889842029,2608,"[0.9578072700500767, 0.6344817287050921, 0.27991938808312977, 0.7099193466541546]"
"[0.8649122831965562, 0.6768567197099864, 0.4032612756690176, 0.7099321187654369]",stable,0.14427544575424667,2609,"[0.9602702644941029, 0.637564088089018, 0.3609071040291209, 0.801498886183755]"
"[0.8650498849011703, 0.676800020385858, 0.4032001585382241, 0.7100642497429526]",stable,0.08671351736765755,2610,"[0.8123327319056628, 0.6377476930911525, 0.3500935868633778, 0.6901960930058286]"
"[0.8649739235856149, 0.67674374902088, 0.4031236361006522, 0.7100356212750316]",stable,0.3351185492641731,2611,"[0.5558980385895845, 0.6494419151117872, 0.283890796207934, 0.6674365704503665]"
"[0.6179927883278371, 0.610142317043812, 0.41389851796379673, 0.5527537547625736]",stable,0.19822833552780286,2612,"[0.4720080119202893, 0.6528779833803958, 0.2918393044606469, 0.5882238729625757]"
"[0.6172736514982433, 0.6103528375676376, 0.4132972410499881, 0.552928484408879]",stable,0.43715377196694855,2613,"[0.2736743537835031, 0.8112236718724615, 0.2755780019206926, 0.43576508545596343]"
"[0.23066079299750744, 0.6235369681286146, 0.34868831406896034, 0.36351256810736654]",stable,0.231040693872439,2614,"[0.4423172471166028, 0.6465019801596846, 0.30718200396574163, 0.4430812937401024]"
"[0.23099728974491457, 0.6235734784816053, 0.3486223262945514, 0.3636390684660831]",stable,0.15488616321988427,2615,"[0.3370908874814307, 0.582343418884669, 0.24697805027894001, 0.39014181200697384]"
"[0.23116569228100428, 0.6235080339425625, 0.3484609861738917, 0.36368113631297344]",stable,0.17866628296141127,2616,"[0.35125057362709927, 0.6087109865554379, 0.44575792321078755, 0.45208710540557984]"
"[0.23135600112624374, 0.6234845837882247, 0.34861518100279326, 0.3638212408598714]",stable,0.18926892086497016,2617,"[0.36338802139769505, 0.6539860685067778, 0.47198565003263626, 0.41114625358834117]"
"[0.2315649125507239, 0.6235328456311338, 0.3488103874411317, 0.36389612220912526]",stable,0.10579753220493611,2618,"[0.256571574306013, 0.6168167178078177, 0.44600423941679246, 0.33109317335227284]"
"[0.23160441754559796, 0.6235222356345724, 0.34896393223098265, 0.363844300804928]",stable,0.053607655988747456,2619,"[0.25316556440825994, 0.6189613716599552, 0.3001239244096786, 0.36550257774036793]"
"[0.23163842566367784, 0.6235150418428144, 0.3488868975183308, 0.36384691638369054]",stable,0.058497917622070926,2620,"[0.17949774094201595, 0.6356921153309635, 0.327713527794346, 0.37417951812141903]"
"[0.23155631434915558, 0.6235342183364965, 0.34885355362900167, 0.3638631881974507]",stable,0.15941328689997245,2621,"[0.169454572183931, 0.742506546994546, 0.3681442661991661, 0.4477048430148101]"
"[0.23145867010046808, 0.6237212817463362, 0.34888388493807426, 0.3639950146987359]",stable,0.13402432592314836,2622,"[0.3104055257434161, 0.7084238615960127, 0.40493135560745663, 0.4015991091781903]"
"[0.2315826055096407, 0.6238542528293027, 0.3489718715482303, 0.36405404781408823]",stable,0.3266492781014311,2623,"[0.3491040200500859, 0.6315122112910893, 0.5924970852806888, 0.5471531847791674]"
"[0.3374476725264322, 0.5065368740708008, 0.5965331359731013, 0.4356148194137614]",stable,0.17151417404886932,2624,"[0.38959112911514115, 0.5529694685196135, 0.6539239528962267, 0.5813834036158989]"
"[0.33766314135531117, 0.506728744295796, 0.5967702881091473, 0.43621716893525786]",stable,0.11598869160697456,2625,"[0.25521736457285554, 0.5540128485452314, 0.5305254704031491, 0.44186589302685075]"
"[0.3373238583232846, 0.5069233290869458, 0.5964976756906042, 0.43624041471341257]",stable,0.15238389226165722,2626,"[0.2041557976434678, 0.5777671228538467, 0.5764340133534669, 0.42813334533396724]"
"[0.33677808758279354, 0.5072136725040233, 0.5964154475662716, 0.4362071890192345]",stable,0.12657973236853773,2627,"[0.29482431492299244, 0.5547627530667815, 0.6408277456639291, 0.3360625819681231]"
"[0.3366068476943862, 0.5074077503838712, 0.5965967222523845, 0.43579843552106673]",stable,0.12893402971831935,2628,"[0.2440615110789299, 0.4428810501380954, 0.6076682153591816, 0.37437310128579954]"
"[0.3362306471390388, 0.5071454467243355, 0.5966417283219243, 0.4355487390404355]",stable,0.1635398061522462,2629,"[0.27408985585313334, 0.4430627452642535, 0.6173214481438868, 0.3000882399407388]"
"[0.3359790649880837, 0.5068860025888696, 0.5967254518839565, 0.4350003159671574]",stable,0.20976055659670953,2630,"[0.3457805027342511, 0.4295472257326459, 0.5247414758223614, 0.25405711021845756]"
"[0.33601858691447956, 0.5065741526821913, 0.5964351939159662, 0.4342707062665578]",stable,0.2088491934712562,2631,"[0.18365426150352487, 0.5296192050004049, 0.4627419874770814, 0.38957003433201715]"
"[0.2315826055096407, 0.6238542528293027, 0.3489718715482303, 0.36405404781408823]",stable,0.11320747191377917,2632,"[0.20592769077518774, 0.6602763123756216, 0.4318542452547471, 0.30111198910725256]"
"[0.23154239404453966, 0.6239113406969302, 0.3491017812248863, 0.3639553925496575]",stable,0.141902553222834,2633,"[0.17991454645516036, 0.5871345673918386, 0.4709618765289015, 0.32833958029990973]"
"[0.23154239404453966, 0.6239113406969302, 0.3491017812248863, 0.3639553925496575]",stable,0.17278511663315704,2634,"[0.15950144725880386, 0.6439016621156932, 0.4925231280109731, 0.424746040282578]"
"[0.23142965390872475, 0.623942624455019, 0.3493262277769772, 0.3640505265836683]",stable,0.18748422602132853,2635,"[0.10319342394762668, 0.5114530830683511, 0.42530207231170786, 0.34732992677287977]"
"[0.23142965390872475, 0.623942624455019, 0.3493262277769772, 0.3640505265836683]",stable,0.2527196441276861,2636,"[0.385930439166011, 0.5933091138495652, 0.42555919366474504, 0.5463877110054044]"
"[0.33621903612030907, 0.5069224858595703, 0.5957489449189735, 0.4347209753618945]",stable,0.24934576084593196,2637,"[0.3343105675597686, 0.6081150453962595, 0.38862068417387363, 0.33970720954496836]"
"[0.23159040533630454, 0.6239178938627397, 0.3493876253650973, 0.36401249015079534]",stable,0.16350660338876918,2638,"[0.3133821075655255, 0.5703234468248108, 0.4537022906451429, 0.44332587270625956]"
"[0.3361276884060899, 0.5071760897034313, 0.5951807583018781, 0.43475539495127197]",stable,0.210002753900777,2639,"[0.3678067686976466, 0.37452474965034743, 0.46107009046599967, 0.34806316189359143]"
"[0.3362538998813551, 0.5066475983087976, 0.5946464528523328, 0.43441000756857207]",stable,0.15542352154659753,2640,"[0.34301091728875777, 0.3800448049123032, 0.6828981994056965, 0.41725845661283845]"
"[0.33628071344249555, 0.5061452062715099, 0.5949966581957984, 0.4343419458584303]",stable,0.18416777504498916,2641,"[0.4992878074861343, 0.47012129540952746, 0.5173013097821568, 0.4308537747673254]"
"[0.3369250102568973, 0.5060028192720555, 0.5946895619570094, 0.434328158620916]",stable,0.28245437808116824,2642,"[0.5667782985710289, 0.550821769484573, 0.5267699228722659, 0.576897881482561]"
"[0.617026125258404, 0.6100610186064461, 0.4138534796863718, 0.5530459814533578]",stable,0.048642049081865965,2643,"[0.6408638948143235, 0.5940907690676477, 0.37702450210281396, 0.5393936109156148]"
"[0.6171424070611158, 0.6099831149501593, 0.41367382613718373, 0.5529793845239054]",stable,0.26043874522122334,2644,"[0.49002184544153937, 0.43312432918171667, 0.5497856165285194, 0.5098139673603247]"
"[0.3375277537025061, 0.5057158960827234, 0.594512774770283, 0.43462534684429954]",stable,0.22962031038236255,2645,"[0.5308529709152182, 0.5920993404187145, 0.5141598918918452, 0.4724692642885202]"
"[0.616723526303126, 0.6098963005106863, 0.41416162257288597, 0.55258855869752]",stable,0.15334090958245672,2646,"[0.46945651692615376, 0.58135770091956, 0.38507335694648887, 0.5397322903056627]"
"[0.616012091475218, 0.6097584328798112, 0.41402109955053623, 0.5525264511207477]",stable,0.30076532787482557,2647,"[0.38487935465068523, 0.6352717501958041, 0.49807620076829695, 0.38129195979829805]"
"[0.3377134462552441, 0.5062239582557159, 0.594134592127138, 0.4344161963068643]",stable,0.30027169211574956,2648,"[0.3899049718877265, 0.5280578620569032, 0.31679405090476587, 0.5346391406733696]"
"[0.23183738593934886, 0.6237683462312174, 0.34933677735501883, 0.36427867837313943]",stable,0.08741139957372478,2649,"[0.2753618640588966, 0.5624262936183236, 0.31900313724897644, 0.3968884229138815]"
"[0.23190518107660674, 0.6236727978626615, 0.34928952869441754, 0.3643294723677512]",stable,0.046891008548979915,2650,"[0.2690121235874005, 0.5981188380648162, 0.34331048649149265, 0.37586583631948683]"
"[0.23196289016293767, 0.6236330560900365, 0.3492802300284721, 0.36434741383579433]",stable,0.16203145687453058,2651,"[0.32611308859885, 0.5937479681627934, 0.30464762655857835, 0.4847830621233399]"
"[0.23210908612324188, 0.6235866506740004, 0.34921092474358095, 0.3645344257120172]",stable,0.36534329447440234,2652,"[0.5109375195131691, 0.6174726273143076, 0.37498647807145336, 0.5991163242458297]"
"[0.615506925263862, 0.6097955203530541, 0.4138334331011176, 0.5527504408953875]",stable,0.15467268634905226,2653,"[0.6527952297019352, 0.6858056258565386, 0.30158551980869264, 0.6172182008798268]"
"[0.615685338203757, 0.6101592050683817, 0.41329636174565143, 0.5530588990771312]",stable,0.1602337100931691,2654,"[0.5867369883948971, 0.7407158642571714, 0.32554491486457676, 0.5434945274142465]"
"[0.615547488918953, 0.6107809034454712, 0.41287849771288443, 0.5530133544501651]",stable,0.15704180189406633,2655,"[0.7340455629287196, 0.6623057241769589, 0.427273780512919, 0.6410945821880102]"
"[0.8647855374551733, 0.6767229748844139, 0.4031583845098785, 0.7099364255353381]",stable,0.18836503032482074,2656,"[0.8714871523238575, 0.6507709316557246, 0.24310044027636274, 0.6143099702657869]"
"[0.8647951662121686, 0.6766856874659819, 0.4029284161991981, 0.7097990312030542]",stable,0.11198158245969883,2657,"[0.8271095918069539, 0.7554870852282654, 0.3328944569412426, 0.7075063137558377]"
"[0.8647410979562069, 0.6767987454254686, 0.4028279370610949, 0.7097957417949521]",stable,0.17409966297065785,2658,"[0.8042335568846825, 0.8159168538578576, 0.48812742224247097, 0.7142319399375827]"
"[0.8646544109346145, 0.6769980550364032, 0.40295014262725737, 0.7098020973796837]",stable,0.1692475542458487,2659,"[0.8132915307070099, 0.7984954434153289, 0.29798313924600706, 0.7248653630012988]"
"[0.8645809304192674, 0.6771718710426677, 0.40279997524044586, 0.7098236471159092]",stable,0.1361234471678643,2660,"[0.875049062777253, 0.7638970187487916, 0.31953934977771664, 0.6468440625134035]"
"[0.8645958848940646, 0.6772957641108194, 0.4026810314897848, 0.7097336762807628]",stable,0.10121491279797887,2661,"[0.9383657614092845, 0.6114862010324947, 0.38900502202294596, 0.6928655980222707]"
"[0.8647011200959408, 0.6772018845629187, 0.40266152220381213, 0.7097096134016494]",stable,0.11171648715593474,2662,"[0.8475117522670652, 0.6620269067009107, 0.29707476774823494, 0.7381042689996834]"
"[0.8646766338169823, 0.6771802677853376, 0.4025111137216817, 0.709750061628997]",stable,0.15933368303345594,2663,"[1.0, 0.6935325971530719, 0.32475448131445706, 0.7373420270327081]"
"[0.8648691279367305, 0.6772035285667996, 0.40240050684770273, 0.7097893105129283]",stable,0.10102127026416786,2664,"[0.8182769583523648, 0.6165689774384763, 0.4567816154984988, 0.7472140751826601]"
"[0.8648029458776619, 0.6771173999430378, 0.4024777527406726, 0.709842470690016]",stable,0.22412396846046104,2665,"[0.6714801957156035, 0.7321538544875879, 0.4180742201766918, 0.6119363606512298]"
"[0.6158125728374205, 0.611356130701595, 0.4129031219899641, 0.5532926104037246]",stable,0.13789219774031639,2666,"[0.5189499767824124, 0.6556511557041524, 0.39212474964704425, 0.4682155530619204]"
"[0.6153556737994252, 0.6115650694987769, 0.41280511079966725, 0.5528913035294708]",stable,0.0775013757095701,2667,"[0.6607511390084664, 0.6639148327125044, 0.3902364581695197, 0.5792707118863136]"
"[0.6155687980492329, 0.6118108430349916, 0.4126991546840328, 0.5530151505170616]",stable,0.1652619725007394,2668,"[0.7154936369479858, 0.6924084498662788, 0.3869027130218631, 0.6538373479565786]"
"[0.8645911596238609, 0.677139089375553, 0.40245566048575226, 0.709763030799614]",stable,0.1781984574707039,2669,"[0.7729597501778236, 0.8131633118255359, 0.35085030654370125, 0.6629370401612502]"
"[0.8644613700920677, 0.6773317582458788, 0.40238256508356807, 0.7096967050338373]",stable,0.1844434187607201,2670,"[0.7383693797378748, 0.74434863063658, 0.29138299109779314, 0.6735301724020599]"
"[0.8642830221566303, 0.6774265487301655, 0.402225564271707, 0.7096455501079083]",stable,0.10410445678226977,2671,"[0.7765045729666318, 0.6864001346025619, 0.44800741899140467, 0.6787234170193657]"
"[0.8641590412961924, 0.6774392232864824, 0.4022902279083167, 0.7096018747786872]",stable,0.05435555575998579,2672,"[0.8938096456413391, 0.6339213358431272, 0.40356344984334325, 0.6961876851901911]"
"[0.8642008616126171, 0.6773778440376201, 0.402292023707943, 0.7095829549062069]",stable,0.1479428913093668,2673,"[0.9256115661200514, 0.6198103625978432, 0.2824626146187081, 0.6885419887002212]"
"[0.8642873555626277, 0.6772967630778458, 0.4021232498923243, 0.7095533197425365]",stable,0.07812207918450911,2674,"[0.9319477980783406, 0.6781228673110242, 0.36308589832104377, 0.7102789289932967]"
"[0.8643825179290351, 0.6772979249684691, 0.40206834503779365, 0.7095543402900061]",stable,0.1438951586343204,2675,"[0.9176651199747989, 0.6895376872259422, 0.2724933875269248, 0.6791027458561171]"
"[0.864457353044268, 0.6773151156457969, 0.40188635773791886, 0.7095115711967002]",stable,0.17803718354522166,2676,"[0.9292163570914407, 0.660722702662989, 0.2368830922637155, 0.7109690806446068]"
"[0.8645481791369009, 0.6772918443793414, 0.40165493660822155, 0.7095136153894742]",stable,0.19044606111661375,2677,"[0.9126246657489054, 0.6011298203452957, 0.24237980250315636, 0.6567013878211386]"
"[0.8646155131517635, 0.6771851748778932, 0.4014318621907074, 0.7094396486841965]",stable,0.18030872511384416,2678,"[0.9912743605522013, 0.5940180639934968, 0.3286792417644112, 0.7747011274877159]"
"[0.8647926583928831, 0.6770688572402926, 0.40133011027402726, 0.7095309234797259]",stable,0.12801009868954205,2679,"[0.976506248315958, 0.6315552751329625, 0.3672255014356406, 0.7354548254380598]"
"[0.8649486829598149, 0.6770052907848354, 0.40128247813877815, 0.7095671300467068]",stable,0.2222001162450753,2680,"[1.0, 0.6521058163928443, 0.2804911207635735, 0.835755471756607]"
"[0.8651370390505264, 0.6769705634844282, 0.4011140104158002, 0.7097431249444891]",stable,0.10107073014007312,2681,"[0.9288418412384024, 0.6089461118950513, 0.4099978690069461, 0.6716545215079214]"
"[0.865225764401763, 0.6768758219083985, 0.40112638347790486, 0.7096900767502878]",stable,0.28501974569778044,2682,"[0.7104909107294813, 0.5377526826247605, 0.3485725346442335, 0.5221368160874081]"
"[0.6160123593234396, 0.6114647768648502, 0.4123994975810431, 0.55287085923468]",stable,0.1542008237638418,2683,"[0.6610782151857345, 0.5645214822335275, 0.3377112244128328, 0.4346974627989599]"
"[0.6162219679553573, 0.6112464359595882, 0.41205211026398164, 0.5523212155303279]",stable,0.11031946265626748,2684,"[0.6026977766135763, 0.6497540667373819, 0.31876204028960564, 0.5098758941700692]"
"[0.6161593559584047, 0.611424712028004, 0.41162021179187797, 0.5521247094129192]",stable,0.157587020443348,2685,"[0.5381989035071059, 0.6359113300594821, 0.30574470792805364, 0.46877832325993257]"
"[0.6158000912005644, 0.6115375535857527, 0.41113230624411845, 0.5517406246841036]",stable,0.21263278344862535,2686,"[0.5051824925356507, 0.561577623473836, 0.5248105584441802, 0.41923512358067905]"
"[0.3383676222172769, 0.5064401835104742, 0.593863795120564, 0.4343568952415276]",stable,0.28820241746924485,2687,"[0.516471166877642, 0.7304156221109511, 0.5750596427034445, 0.46301291677501893]"
"[0.6153444539330282, 0.6120828658266939, 0.4118842665031062, 0.5513336168496582]",stable,0.30534235459498826,2688,"[0.5373551989412969, 0.6763175857080255, 0.6890968116048902, 0.6299385480906721]"
"[0.6984263017717779, 0.5902560250345505, 0.6645399755109833, 0.6670110460524338]",stable,0.3568024163574673,2689,"[0.41956480466519935, 0.4679468183626267, 0.7280675121773666, 0.49222849601270274]"
"[0.5186481719045519, 0.509370322505699, 0.7760827102118928, 0.5597950887653989]",stable,0.14823831481878355,2690,"[0.44925241049633285, 0.4029411833179884, 0.8524418843251433, 0.560765212155243]"
"[0.5184537860182544, 0.5090722016676382, 0.7762966014559075, 0.5597978061978633]",stable,0.22416323927727863,2691,"[0.314580749523786, 0.46952144371605287, 0.8176304016589725, 0.4862301683396595]"
"[0.28934379371980407, 0.2950719599308791, 0.8366623841833631, 0.37157058201312143]",stable,0.24098496306782088,2692,"[0.24102130700645444, 0.5219050122024278, 0.8839524392204731, 0.41683764282335195]"
"[0.2891955652329533, 0.29576776683968753, 0.8368074457018819, 0.3717094380278767]",stable,0.1695180830726259,2693,"[0.3690785838118817, 0.3872677717665445, 0.8318836465001921, 0.4898559112344133]"
"[0.28943985580964726, 0.29604758336851583, 0.8367923882119686, 0.37207074222728503]",stable,0.07520846809645097,2694,"[0.3418352345816914, 0.31158571439165184, 0.7915362875091294, 0.39700043918154526]"
"[0.28959959781809863, 0.29609495571919614, 0.8366544122951916, 0.372146747400926]",stable,0.09677481773313641,2695,"[0.2879180634301267, 0.2329727776194789, 0.9079374039352104, 0.3549170194814137]"
"[0.2895944867713267, 0.2959030949954888, 0.8368710779232766, 0.3720943774072497]",stable,0.15387333554191485,2696,"[0.37575790809834064, 0.36273069941145314, 0.7388412615638907, 0.4187537238298761]"
"[0.28985558804807526, 0.2961056028876584, 0.8365740178737028, 0.3722357693661062]",stable,0.32327273954308755,2697,"[0.296026507366515, 0.49425602626493975, 0.5841674346417508, 0.4108946666995024]"
"[0.3382028707976241, 0.5063927743383125, 0.5938260660914636, 0.43426560252346524]",stable,0.1267209057684886,2698,"[0.26156446938186534, 0.4801150029163383, 0.6094977512847763, 0.3380958546839322]"
"[0.3379058227301212, 0.5062909225110955, 0.5938868090573292, 0.4338928515628469]",stable,0.1925044839036145,2699,"[0.19415030846496223, 0.4454152168814595, 0.4893119037074513, 0.392053084874747]"
"[0.23210908612324188, 0.6235866506740004, 0.34921092474358095, 0.3645344257120172]",stable,0.04257390006228435,2700,"[0.23038296873487832, 0.6465627024198267, 0.3820047153994562, 0.35017386075562684]"
"[0.23210640997225218, 0.6236222724596528, 0.3492617678298692, 0.3645121612702244]",stable,0.15397328844914068,2701,"[0.2608537097991204, 0.7103873903764172, 0.4722071430711837, 0.3799269375634036]"
"[0.23215091043638045, 0.6237565837876974, 0.34945208574819936, 0.36453602315303113]",stable,0.27844515924902785,2702,"[0.2578351193130716, 0.7299368426182017, 0.60100927974482, 0.41266874494214945]"
"[0.33759666943507466, 0.5071544202721269, 0.5939143089441534, 0.433810905205238]",stable,0.20139288055079962,2703,"[0.3463655694088452, 0.7073629022085369, 0.6127134326536835, 0.44054554983362143]"
"[0.33763039597343536, 0.5079244528949591, 0.5939866132661132, 0.43383680768457794]",stable,0.16019919030662239,2704,"[0.22663873819148878, 0.6138950857903958, 0.6154050251822984, 0.39314148765337664]"
"[0.33720514057963474, 0.5083304706455164, 0.5940686761470181, 0.4336808869181749]",stable,0.17076708644367258,2705,"[0.219411615750879, 0.5326709232411655, 0.47823164866004175, 0.39796802157109734]"
"[0.23215091043638045, 0.6237565837876974, 0.34945208574819936, 0.36453602315303113]",stable,0.14818699884889658,2706,"[0.16339154717471982, 0.5367419785462039, 0.4205724042503718, 0.2966987519629953]"
"[0.23215091043638045, 0.6237565837876974, 0.34945208574819936, 0.36453602315303113]",stable,0.2084495812478733,2707,"[0.28491708922475506, 0.566432593692498, 0.5301611433234039, 0.4332757857968889]"
"[0.3370055678645398, 0.50855223447394, 0.5938247542660119, 0.4336793407306891]",stable,0.11501482455623445,2708,"[0.37917967892673904, 0.610240107020135, 0.6268821987728543, 0.43774580891825937]"
"[0.3371659257012781, 0.5089388803771575, 0.5939504479713611, 0.4336948025869156]",stable,0.14049967490939666,2709,"[0.4106078257373831, 0.6100274789534809, 0.6364100412759381, 0.4819101958033749]"
"[0.33744411471656643, 0.509321791735401, 0.5941112797641815, 0.43387743665212947]",stable,0.10402052854247833,2710,"[0.41700707067004333, 0.5534296522992218, 0.6110455728664388, 0.4813930420024881]"
"[0.3377443522862022, 0.5094882364922457, 0.5941751827570202, 0.43405674082326295]",stable,0.2764015346832721,2711,"[0.5299678764530473, 0.5679493533136704, 0.5601685444908184, 0.6208019455969594]"
"[0.6149546065472747, 0.6118813429385066, 0.41256136366286744, 0.5516508238302396]",stable,0.19216292153918732,2712,"[0.5934085140344757, 0.6793793556210983, 0.5480565694955271, 0.6680442162207514]"
"[0.6962830816138739, 0.5920748685159086, 0.6621627631433209, 0.6670321311579096]",stable,0.19175580157237518,2713,"[0.8021493362339424, 0.6474495658733491, 0.5383893206155245, 0.7517457746090863]"
"[0.8651380364070929, 0.6768348952657905, 0.401317291596316, 0.7097485686805505]",stable,0.2509832694915962,2714,"[0.6764444613730872, 0.6109275973420228, 0.5511670332367796, 0.6854870906494965]"
"[0.6958863092090581, 0.592451923092431, 0.6599428485451901, 0.6674012303477412]",stable,0.10604547384633489,2715,"[0.737588734751164, 0.6485975278233715, 0.7185695545973304, 0.6133907625283292]"
"[0.6967040038275308, 0.5935528173028416, 0.6610923918011145, 0.6663422015669686]",stable,0.15402550190484599,2716,"[0.5780233307149433, 0.6640686031166952, 0.7067041335056665, 0.6154909868684504]"
"[0.6944216831907503, 0.5949088901069541, 0.6619695406800481, 0.6653642935919971]",stable,0.09424917330924933,2717,"[0.6256026297291987, 0.638918504226075, 0.6172800323818959, 0.6507750419563415]"
"[0.6931232104839286, 0.5957392601846734, 0.6611263424102717, 0.6650890246932112]",stable,0.2018834627932279,2718,"[0.5855049707129056, 0.4861463189556836, 0.6778837659676287, 0.5351512587955716]"
"[0.5186410798302507, 0.5090081628891132, 0.7760217052673928, 0.5597289610933877]",stable,0.06401047477002357,2719,"[0.5510983580473346, 0.4587615411599763, 0.7681026366279687, 0.5810932145958095]"
"[0.5187314900759806, 0.5088682001544916, 0.7759996465803749, 0.559788471548826]",stable,0.03742180592949214,2720,"[0.5065447470613591, 0.4833651350676675, 0.766346477364371, 0.537243298030209]"
"[0.518697638012051, 0.5087973583070282, 0.7759728322214415, 0.5597258460668298]",stable,0.3040939054900457,2721,"[0.26241796364903414, 0.40999854975941374, 0.7991949535833037, 0.43129936759139376]"
"[0.2897726949230026, 0.29644969034044316, 0.8364610901870249, 0.3724142092398986]",stable,0.2724798415300226,2722,"[0.30466134321088384, 0.4930758082944173, 0.6928484956099423, 0.4938110156623675]"
"[0.3376199800716333, 0.5094265356343591, 0.5945461350609786, 0.4342813809542371]",stable,0.23804583855326966,2723,"[0.3333281431053541, 0.3544208054762575, 0.7658774925680368, 0.37713078217411417]"
"[0.2899038860319856, 0.29662430213302093, 0.8362484889893773, 0.3724284157848812]",stable,0.17264946932879016,2724,"[0.3878053122851624, 0.4064703455786164, 0.8165221737129786, 0.46056393202022816]"
"[0.29019788430902216, 0.296954170131356, 0.8361892508053642, 0.37269308700480713]",stable,0.2917260181838607,2725,"[0.46859021964780145, 0.4740641071495945, 0.8252693783675003, 0.5203178510964835]"
"[0.5185588362991307, 0.5087011443149023, 0.7761093877509321, 0.5596166826458594]",stable,0.1363363077522598,2726,"[0.3996197405519048, 0.5323037513995548, 0.755353417608472, 0.5008528591095718]"
"[0.518230275261155, 0.5087663448869594, 0.7760520508168369, 0.5594543516416156]",stable,0.11130784782409392,2727,"[0.550793016122839, 0.5167317797005471, 0.8811344870599698, 0.5743988602064652]"
"[0.5183199797814351, 0.5087882882335533, 0.7763415341122726, 0.5594955210866979]",stable,0.14279998759365567,2728,"[0.5712650906227381, 0.49843769046256126, 0.8889102305755007, 0.628848281645331]"
"[0.5184654333826474, 0.5087598525253912, 0.7766507887728858, 0.5596860506486722]",stable,0.11902953348315483,2729,"[0.4730078187836312, 0.5656277614345053, 0.828248977559534, 0.6384597960618928]"
"[0.518340891972787, 0.5089156550155532, 0.7767921536736713, 0.5599018691292562]",stable,0.1799037543943563,2730,"[0.5509545575758903, 0.5572584182127748, 0.9456719350730268, 0.5809804445573319]"
"[0.5184300003487518, 0.5090477390680047, 0.7772535738414291, 0.5599594608653985]",stable,0.18339014649611093,2731,"[0.5855969063979454, 0.5494135460590935, 0.9335149920173768, 0.6153988275577013]"
"[0.5186130164415288, 0.5091577276429123, 0.7776793542724262, 0.5601105218100642]",stable,0.2042108541569111,2732,"[0.6062377125183073, 0.4868291131918331, 0.8369789951847308, 0.7333414981316049]"
"[0.518851127028694, 0.5090970520601649, 0.7778404946009922, 0.5605812581587639]",stable,0.14462417957623175,2733,"[0.5994083252729646, 0.5364442003789758, 0.8947103400453974, 0.5650827949809187]"
"[0.5190694392190579, 0.509171163573224, 0.778157215049351, 0.5605934574455448]",stable,0.26688454254327165,2734,"[0.7580390803549759, 0.6030649908286969, 0.7616960761941415, 0.631543085878757]"
"[0.6943253562222813, 0.5958749218632664, 0.6629887448877508, 0.6644678036040546]",stable,0.11870857891996373,2735,"[0.7509025996564895, 0.5320857517450487, 0.7044886644611864, 0.7358781717981134]"
"[0.6953540333756305, 0.594715118770208, 0.6637432888799951, 0.6657661739348556]",stable,0.1348505207484683,2736,"[0.81657017996624, 0.5846053321125425, 0.71480949215334, 0.6378136454474567]"
"[0.6975186074218914, 0.5945345868656069, 0.6646551853670192, 0.6652670216404378]",stable,0.22518536677016712,2737,"[0.823548940604302, 0.7427130422749205, 0.5721374518376288, 0.7309055687026638]"
"[0.8650802737740334, 0.6769263926921921, 0.4015545418188734, 0.7097779534028035]",stable,0.06784733434512871,2738,"[0.892688373733661, 0.6508499809788653, 0.4420290776689113, 0.7488021291691148]"
"[0.8651185651748096, 0.6768902256856549, 0.40161067848440746, 0.7098320784732144]",stable,0.12188393229424274,2739,"[0.9073021394999399, 0.6894066390080207, 0.5150655142849871, 0.7029343513351666]"
"[0.86517699117803, 0.676907561438179, 0.40176781814618107, 0.709822524834519]",stable,0.09338409519097374,2740,"[0.8535939245855375, 0.5958731046446767, 0.4002018275554004, 0.7547378483733996]"
"[0.8651609703390363, 0.676795480585076, 0.4017656521840915, 0.709884648380216]",stable,0.11240549224358166,2741,"[0.9210003891438735, 0.7565370802428847, 0.435711655096996, 0.7546719251930647]"
"[0.8652380966081037, 0.6769056209160951, 0.4018125389284463, 0.7099465092597919]",stable,0.22037514244825224,2742,"[0.9506226029254671, 0.8041802845108138, 0.4378790628425012, 0.8641381281942712]"
"[0.8653558683409552, 0.6770811721762258, 0.40186228585798295, 0.7101591873548739]",stable,0.145447771630157,2743,"[0.9987384890099009, 0.7138192152171543, 0.3578579767055434, 0.7189947827056052]"
"[0.8655395909589566, 0.6771317755412959, 0.40180167386190524, 0.7101713575964039]",stable,0.14138428313819118,2744,"[0.953670113887477, 0.688088035442739, 0.4821562539729128, 0.7853087535520893]"
"[0.8656608158873315, 0.6771468460501012, 0.40191220285793133, 0.7102747102730966]",stable,0.14582031162113962,2745,"[0.9548832880905839, 0.6640453705057165, 0.5149062779368209, 0.6912063052309259]"
"[0.86578337422827, 0.6771288495177601, 0.4020674144995232, 0.7102485174090277]",stable,0.12976773411514372,2746,"[0.945387041959269, 0.7579982730005537, 0.4543371893265684, 0.7453330992968303]"
"[0.8658925699316048, 0.6772397815115637, 0.4021391151508635, 0.7102966444075022]",stable,0.10526724098960245,2747,"[0.8413731794620205, 0.7770325937314152, 0.3848358298794357, 0.7251957203732173]"
"[0.865858981725482, 0.6773764839940567, 0.4021154120203546, 0.710317054100606]",stable,0.16485760244367467,2748,"[0.7566072934733526, 0.6943131388868387, 0.4793886117242656, 0.8051015466407812]"
"[0.8657095266115942, 0.6773996531525968, 0.4022211209118785, 0.7104467182490877]",stable,0.06386473768672753,2749,"[0.8747673314738682, 0.6522373073219077, 0.34868767589959915, 0.7327556292105296]"
"[0.8657219006619524, 0.6773652783632106, 0.40214798779027705, 0.7104771949034066]",stable,0.07115102092670225,2750,"[0.8069575510301391, 0.709717795190565, 0.3899094104041453, 0.7307934659628662]"
"[0.8656417310171614, 0.6774094154939436, 0.40213129123176933, 0.7105049115078533]",stable,0.10577619490096454,2751,"[0.8667685486706139, 0.578672186047651, 0.3764222245335325, 0.7383856772878402]"
"[0.8656432661910762, 0.677274896107777, 0.4020962652553412, 0.7105428962023764]",stable,0.06233192369521701,2752,"[0.8912035006186634, 0.6613826291234021, 0.35027105235984857, 0.6934102873529526]"
"[0.8656780420202294, 0.6772532739758255, 0.40202575476160585, 0.7105195865304725]",stable,0.1084374759735077,2753,"[0.8828132153047273, 0.6151426739940766, 0.32823485272593855, 0.6640196061145087]"
"[0.8657013235056702, 0.6771688845736763, 0.40192549538384, 0.7104564072092552]",stable,0.12889984164062895,2754,"[0.8331275474342934, 0.6458803479703122, 0.3487783342825816, 0.6020565685030659]"
"[0.8656571257091012, 0.6771264306569824, 0.40185338254652486, 0.7103093246601286]",stable,0.119698517812806,2755,"[0.849520358477644, 0.5811985502839787, 0.3534688387278755, 0.660068727564709]"
"[0.8656352601708472, 0.6769964470792412, 0.40178782083403347, 0.7102412479702975]",stable,0.14579397560525018,2756,"[0.9187916015591517, 0.7320101901958462, 0.3030360943121892, 0.7854201763362259]"
"[0.8657071902674485, 0.6770708905746629, 0.4016541919754112, 0.7103429785905491]",stable,0.16285068905668457,2757,"[0.9702776840174971, 0.6582506502195026, 0.2971667797375807, 0.6446654481868892]"
"[0.865848501745489, 0.6770454578174262, 0.40151299276968444, 0.7102542251710846]",stable,0.09663922647753294,2758,"[0.9561458551536848, 0.6671600709538726, 0.3693687903326135, 0.7176405258618079]"
"[0.8659703605220183, 0.6770321172143714, 0.40146961327921604, 0.7102641931882111]",stable,0.21048441453420377,2759,"[0.7531913973585291, 0.5282314762361559, 0.3622307117948781, 0.6213638440080784]"
"[0.6155829555964168, 0.6115011162716778, 0.41233258797255845, 0.5519677011946842]",stable,0.3193165752361426,2760,"[0.6312525263659469, 0.3686678259761926, 0.6189976580958094, 0.5582192360188813]"
"[0.5193726367518874, 0.5087914248229618, 0.7777270540846116, 0.5605870406308782]",stable,0.1620485294082919,2761,"[0.43960062968706315, 0.4191695742453893, 0.7525316203427075, 0.45461880581568337]"
"[0.5191576178649201, 0.508549856492564, 0.7776591418642831, 0.560301411965608]",stable,0.09750670070541749,2762,"[0.4617606595206751, 0.4334674717810617, 0.7536995854300379, 0.5589895366693055]"
"[0.5190033249661452, 0.5083480221250599, 0.7775947344545135, 0.5602978854191126]",stable,0.1509954217908073,2763,"[0.4622424723793232, 0.38885492593707927, 0.7897583267645921, 0.4885255369767977]"
"[0.5188511510986202, 0.5080276652988187, 0.7776273446215647, 0.560105466254388]",stable,0.23433786409663784,2764,"[0.4275782209901908, 0.34860577138046017, 0.8110520052605074, 0.41850412946885046]"
"[0.29060920268231905, 0.2971088156440779, 0.8361139895911581, 0.37283024581457974]",stable,0.214960894621194,2765,"[0.42401344313571704, 0.18702428974193316, 0.8611669681533582, 0.4979911033837815]"
"[0.29100742429561277, 0.29678020511899683, 0.8361887746017916, 0.3732038603147863]",stable,0.12458161005773481,2766,"[0.39698832509708604, 0.291322856471264, 0.7874173316989688, 0.4165650172735155]"
"[0.2913228436432362, 0.29676396300992625, 0.8360436214979142, 0.37333291137716346]",stable,0.15516107399019166,2767,"[0.41454959321902984, 0.21746686498127013, 0.8870224197202142, 0.37152751756469526]"
"[0.29168850165384685, 0.2965286600484169, 0.8361948938961999, 0.37332755412549445]",stable,0.1949202787321751,2768,"[0.39142569562045015, 0.338797923523757, 0.9788094203093648, 0.4502743761644713]"
"[0.29198358210936937, 0.29665371704094745, 0.8366168303648779, 0.3735552074451364]",stable,0.11894054569343993,2769,"[0.30652037388958214, 0.26596591902046884, 0.8946578318549275, 0.47166247676437884]"
"[0.2920264635010514, 0.29656319256301095, 0.8367880427586539, 0.37384460941952946]",stable,0.16458853124234432,2770,"[0.34003205003715575, 0.2011636382712218, 0.9423012307783213, 0.44130378576115886]"
"[0.29216765640262815, 0.2962826056386233, 0.837098375664594, 0.37404301876171075]",stable,0.18282198210049763,2771,"[0.4353311877472933, 0.20948778298955928, 0.9105190448947666, 0.37200720855669034]"
"[0.2925874908053984, 0.29602807536692516, 0.8373136855450345, 0.3740370486438075]",stable,0.07872066490324395,2772,"[0.30517736567599835, 0.300744386308924, 0.9128493917465834, 0.3916595238752591]"
"[0.29262430330502004, 0.2960418657497965, 0.8375345501830508, 0.3740885763491626]",stable,0.16638342291756394,2773,"[0.2872296553414378, 0.34648444837678827, 0.7350886091008297, 0.49497991685298515]"
"[0.29260857546839153, 0.29618892867290725, 0.8372358739699831, 0.37444102923692885]",stable,0.33678562277472424,2774,"[0.42455324372115083, 0.5199135800518028, 0.6464386370849771, 0.4722104262375582]"
"[0.3379455728193843, 0.5094658129542746, 0.5947404890011434, 0.4344234373036128]",stable,0.27970717747688756,2775,"[0.5578193725675225, 0.41877021892852173, 0.600227503989509, 0.5815146308103486]"
"[0.5189553442041521, 0.5077890090251014, 0.77715301349688, 0.5601627100098852]",stable,0.2761901282741587,2776,"[0.7065194936813943, 0.5260628989279549, 0.5753408225888178, 0.5663740975908675]"
"[0.6976765177071459, 0.5933333291824902, 0.6630882667217876, 0.6635320580606208]",stable,0.2057955330598641,2777,"[0.8938956244763667, 0.5423146086245587, 0.6497960561749915, 0.6308170636774013]"
"[0.701059605754891, 0.5924536960694223, 0.6628590906778773, 0.6629680064333239]",stable,0.22767267294823298,2778,"[0.800807174035995, 0.5628609795404128, 0.46066555798872794, 0.6516846072772571]"
"[0.8658825395159724, 0.6768782477565898, 0.4015493921804417, 0.7101852449592206]",stable,0.13250064065615894,2779,"[0.7867140375448884, 0.6899078449490891, 0.4776706154246271, 0.6372156825461354]"
"[0.8657759870234137, 0.6768957842265662, 0.4016518433557368, 0.7100870355885436]",stable,0.14593235005244218,2780,"[0.9131676767243252, 0.5638631015662188, 0.3504179680335592, 0.649680237881681]"
"[0.8658396855310763, 0.676743858577829, 0.40158298062008874, 0.7100058436561418]",stable,0.08266368871063727,2781,"[0.8162383351418796, 0.7378566545567657, 0.3868270726862139, 0.689500214685024]"
"[0.8657731065372652, 0.6768258891764585, 0.40156317403225805, 0.7099783193219524]",stable,0.17307395585045032,2782,"[0.7536431980667674, 0.616075177224772, 0.32570087476064163, 0.6208955467634587]"
"[0.865622798348967, 0.6767444539057458, 0.4014614819420816, 0.7098589054177186]",stable,0.06839829461260671,2783,"[0.8692524548016585, 0.618020976417572, 0.3889867245281245, 0.6772845916243744]"
"[0.8656276573268153, 0.676665841486083, 0.40144478213295987, 0.7098152985719443]",stable,0.09468840927024251,2784,"[0.8601010411994808, 0.6713377426670937, 0.3124252096540471, 0.6784707864054308]"
"[0.865620268802581, 0.6766587183593197, 0.40132577200932495, 0.7097733941439143]",stable,0.1780637926341306,2785,"[0.8519598057846988, 0.6980549321160529, 0.22568162559702656, 0.6952323534191588]"
"[0.8656020305341993, 0.6766872847328267, 0.4010912671409507, 0.7097539802043619]",stable,0.13061535692449247,2786,"[0.9202831673149736, 0.6335577659053819, 0.30085459265571823, 0.66324808338762]"
"[0.8656749387165737, 0.6766297787077235, 0.40095761824163706, 0.7096919723419396]",stable,0.07673368278765785,2787,"[0.9084922856653704, 0.7018717821255595, 0.3430758047137386, 0.7178937892503336]"
"[0.8657319524941354, 0.6766633898973611, 0.4008805452542497, 0.7097028935362251]",stable,0.0909658582595516,2788,"[0.9091645211804027, 0.7111147000433697, 0.43735255066979356, 0.7719226604628342]"
"[0.865789708569516, 0.6767092028097893, 0.40092904526145123, 0.7097856325879891]",stable,0.055170995809333344,2789,"[0.8689340861076295, 0.6983298547270265, 0.434813996488315, 0.6721251870314371]"
"[0.8657938843696994, 0.6767379154949383, 0.40097404519667945, 0.7097356187160679]",stable,0.0980656794696051,2790,"[0.8438457388704144, 0.6531110421467945, 0.3954277915159696, 0.8021810962954364]"
"[0.8657647754234139, 0.6767065801191451, 0.4009666894225671, 0.709858225450258]",stable,0.07301421953822033,2791,"[0.8189335238018528, 0.6947446107876372, 0.3698115142353869, 0.7527755254001863]"
"[0.8657027472755708, 0.676730471550494, 0.40092542428986877, 0.709915069556152]",stable,0.15137631625402778,2792,"[0.7850216009739084, 0.7137765870885686, 0.5187969500535256, 0.6761625808808499]"
"[0.8655960261825792, 0.6767794743488248, 0.40108133900648735, 0.7098704234071106]",stable,0.07149126364715971,2793,"[0.8801470804845918, 0.7185802283423851, 0.3899191760869907, 0.6548488759816151]"
"[0.8656152481829781, 0.6768346933105072, 0.40106659374503495, 0.7097977397249106]",stable,0.05852020107030082,2794,"[0.8889008178807337, 0.6597079595569201, 0.37162801357234265, 0.6682954365899144]"
"[0.8656459679319198, 0.6768120986749484, 0.4010277565680261, 0.7097429873461045]",stable,0.08780726714717678,2795,"[0.9374238930627959, 0.7251312860220344, 0.4062236346237813, 0.7237538621620803]"
"[0.8657405370032385, 0.676875760318357, 0.4010346022571641, 0.7097614469967184]",stable,0.05805427498512575,2796,"[0.8994011375292689, 0.7182110721095051, 0.4002714592187046, 0.732741273543214]"
"[0.8657848272670885, 0.6769301488865032, 0.4010335981215871, 0.7097916836105954]",stable,0.14601239247472883,2797,"[0.9648392994634997, 0.7767582430781153, 0.40123679912025195, 0.7490617818216951]"
"[0.8659149908310786, 0.6770613290365579, 0.4010338651399822, 0.7098432868933958]",stable,0.15110491325647626,2798,"[0.8140935621529576, 0.6642753966413424, 0.541993425785238, 0.7205276930765702]"
"[0.8658469837068291, 0.677044549597719, 0.40121885144004155, 0.7098573084238199]",stable,0.2661999814481972,2799,"[0.7327165140043096, 0.6685130659955041, 0.6312361565478627, 0.7224255739480557]"
"[0.7015961635218303, 0.5937428379325763, 0.6623231087434703, 0.6639757618149295]",stable,0.09056139687040239,2800,"[0.7332976814643737, 0.6767682918676539, 0.6586328302571371, 0.6809915252954423]"
"[0.702124522154206, 0.5951265954981609, 0.6622616041020315, 0.664259357872938]",stable,0.30081789502397893,2801,"[0.6680997402112078, 0.8535589927691236, 0.7444499747054342, 0.7899235451290139]"
"[0.701566738843665, 0.5993631921747341, 0.6636089544397922, 0.6663194265164802]",stable,0.18696029702237824,2802,"[0.6919445175672911, 0.7422208805698544, 0.762919088633649, 0.7340744531433311]"
"[0.7014115417263043, 0.6016673484391715, 0.6652107307977576, 0.6674122495265907]",stable,0.12181440784780372,2803,"[0.6153272825237585, 0.6662893078828155, 0.7172113555967337, 0.6908256571179713]"
"[0.7000451249135654, 0.6026930938271657, 0.6660361375405985, 0.66778389091693]",stable,0.19031971248907767,2804,"[0.6792675431015318, 0.7463458772782682, 0.7717450665491913, 0.6047015226150312]"
"[0.6997204751977524, 0.6049376685685892, 0.6676878395563578, 0.6667982289122129]",stable,0.2974370937740919,2805,"[0.4889762548189084, 0.6537642146497153, 0.8715306039401645, 0.6558531781655644]"
"[0.5188753999657915, 0.5081782762401004, 0.7774046870713955, 0.5604178845916337]",stable,0.2798112216744647,2806,"[0.5358272128841146, 0.6679315086574767, 0.8391709551688544, 0.7810324549881765]"
"[0.6971990403929272, 0.6059068045699567, 0.6703260413350116, 0.6685556785441508]",stable,0.2044182217901848,2807,"[0.5427433570156857, 0.598171587373791, 0.8037574920900076, 0.6767083245364475]"
"[0.5189388785749667, 0.50841762015269, 0.7774747743187855, 0.5607271676765933]",stable,0.18621028546545093,2808,"[0.583248580281871, 0.6096208562382576, 0.873197605162251, 0.6662429358850268]"
"[0.5191094613381149, 0.5086860637497339, 0.7777286810318982, 0.5610070503508863]",stable,0.21785839143756527,2809,"[0.42885250584421536, 0.5763379626938356, 0.963323402020378, 0.5438670149016512]"
"[0.5188706863235807, 0.5088650370273637, 0.7782196723572645, 0.5609617063417613]",stable,0.29579652885576013,2810,"[0.4263747460581313, 0.5863160860126615, 1.0, 0.7150879818410573]"
"[0.5186266337107431, 0.5090693933571403, 0.778804844725715, 0.5613683719763242]",stable,0.19159565740536008,2811,"[0.6225662787942358, 0.6027376763061993, 0.8579306457922361, 0.6656315317762556]"
"[0.5189001590925418, 0.5093158888385851, 0.7790130705179953, 0.5616427487126397]",stable,0.14180052439237026,2812,"[0.5185934334618584, 0.6137827922532882, 0.8106445595401057, 0.6521602035516147]"
"[0.518899354038393, 0.5095900801861303, 0.7790960927988932, 0.5618803273342643]",stable,0.15245166938095409,2813,"[0.5269806315917177, 0.5538048686575671, 0.9032794950385926, 0.6380363483617904]"
"[0.5189205092152342, 0.509705825705689, 0.7794211802393113, 0.5620796886458547]",stable,0.13097763050480304,2814,"[0.538769318106487, 0.5388217473151772, 0.8391391788692442, 0.6731975910140902]"
"[0.51897233378153, 0.5097818463887425, 0.7795771019067523, 0.5623698137173122]",stable,0.24291859299771104,2815,"[0.5192799247820453, 0.713325426439771, 0.7032643889420447, 0.6707936536776302]"
"[0.6945032962170048, 0.6075343594467721, 0.6708251072078454, 0.6685895872582943]",stable,0.05583260244402241,2816,"[0.7102531618570355, 0.6439620858082392, 0.6839625891693659, 0.6315808241360548]"
"[0.6947383688384977, 0.6080780568551524, 0.6710211890281667, 0.6680372176594549]",stable,0.1530624823444369,2817,"[0.7323134534502851, 0.4829248660917471, 0.5920737731783328, 0.6570726889313167]"
"[0.6952909436122006, 0.6062375687556906, 0.6698601976186103, 0.6678759745899234]",stable,0.109654221074457,2818,"[0.7604415545624713, 0.6591471069063867, 0.602499017323775, 0.6889116170621438]"
"[0.6962351553651029, 0.6070043736564252, 0.66888394862883, 0.6681808389735788]",stable,0.16067084580127086,2819,"[0.7379001562338948, 0.5760587226777658, 0.5271760138612995, 0.723320446358177]"
"[0.6968303696632285, 0.6065622929281587, 0.6668595495607225, 0.6689685476505017]",stable,0.3283821443384875,2820,"[0.996506458306567, 0.5952461146257749, 0.539033125263188, 0.7084834053082049]"
"[0.8660182281034212, 0.6769373432609274, 0.40139947303089757, 0.7098555077644285]",stable,0.11073605199696258,2821,"[0.9563797801348375, 0.7058892364515159, 0.3693925077600172, 0.7571271184962098]"
"[0.8661365023861848, 0.6769752384090827, 0.40135757909729697, 0.7099173816004649]",stable,0.16547430443026603,2822,"[0.9608033044808089, 0.6956542244223071, 0.3151965125164886, 0.8131031756567831]"
"[0.8662602498399032, 0.6769996553842634, 0.4012449502520933, 0.7100522649913883]",stable,0.14653829077630576,2823,"[1.0, 0.7057887596254135, 0.4126385282178291, 0.7613213955563484]"
"[0.8664348448140027, 0.6770372390712623, 0.401259824374764, 0.7101191959712381]",stable,0.16004518116771632,2824,"[0.9601103269519214, 0.7369979718817654, 0.352183317477675, 0.8142132450463079]"
"[0.8665569771244823, 0.677115414733336, 0.4011958393592528, 0.7102549118109709]",stable,0.18177390709435992,2825,"[0.8602774451843073, 0.5648123702067172, 0.27247380119594833, 0.6484408045206577]"
"[0.866548800650602, 0.6769691868107753, 0.4010282325387276, 0.7101744246921032]",stable,0.06169007259738626,2826,"[0.909227726655279, 0.648101512636639, 0.368954830588749, 0.7212256059542628]"
"[0.8666042999041842, 0.6769316475725775, 0.4009865246038122, 0.7101887955389982]",stable,0.12855437424453392,2827,"[0.9070461156917948, 0.6173250142453185, 0.29789128409712656, 0.7368178646452023]"
"[0.8666568217428694, 0.6768542363604643, 0.40085263468107624, 0.7102233787456296]",stable,0.22892447900191967,2828,"[1.0, 0.5083050770508497, 0.32296071483810385, 0.722472608018755]"
"[0.8668297700933975, 0.6766356252588954, 0.4007516075476872, 0.7102392662025337]",stable,0.13160989305941062,2829,"[0.9424943588877593, 0.714999869587307, 0.324394237177816, 0.7757661362712154]"
"[0.8669277812187787, 0.6766853198759012, 0.4006526990368454, 0.7103241455679076]",stable,0.09760782499143396,2830,"[0.884820085615715, 0.6059555064688307, 0.34441672648410177, 0.742603579103424]"
"[0.866950927796265, 0.6765938194704586, 0.4005799487489376, 0.7103659042141373]",stable,0.1037498983983819,2831,"[0.9577548433354957, 0.6941908072580499, 0.357208402100001, 0.7284751643453883]"
"[0.8670682455165999, 0.6766165545967991, 0.4005239131589519, 0.7103893011910509]",stable,0.13895715240017995,2832,"[0.9735130567066759, 0.6148044559939565, 0.3370944758281108, 0.6987891580849823]"
"[0.867205593660071, 0.6765367970502149, 0.4004420687236863, 0.7103743332644624]",stable,0.09897815325177606,2833,"[0.8667953746397213, 0.6899996002681371, 0.3066039443198987, 0.681919704829317]"
"[0.8672050650273129, 0.6765541460234338, 0.40032114330564017, 0.7103376649288501]",stable,0.07338491903111831,2834,"[0.8549557704878631, 0.6220468526102725, 0.3633115720795303, 0.6804286741916046]"
"[0.8671893001694758, 0.6764839950666601, 0.4002735119398408, 0.7102991720192784]",stable,0.14995008205211605,2835,"[1.0, 0.6609931166422235, 0.33447500864005686, 0.7269405291487432]"
"[0.8673600080098749, 0.676464083911873, 0.4001889380281444, 0.7103205619384678]",stable,0.21851682039646492,2836,"[0.8984262365872873, 0.5606028207598679, 0.27872421518237217, 0.5739131609553157]"
"[0.8673998876357766, 0.6763153531504454, 0.4000330141220523, 0.710145456160569]",stable,0.06320638766585407,2837,"[0.9187279147365928, 0.6687972252297569, 0.3841592344544924, 0.6777111849750154]"
"[0.8674656927987263, 0.6763057145249062, 0.4000126631224785, 0.7101038737616132]",stable,0.06478043957878679,2838,"[0.8190558368873803, 0.661418577946655, 0.36302435702122976, 0.693879522343933]"
"[0.8674037083481356, 0.6762866528903629, 0.39996530293540905, 0.7100830999441768]",stable,0.0985380701448135,2839,"[0.9612358442758999, 0.651976719846229, 0.38274716504971945, 0.7143073653521327]"
"[0.8675236982917772, 0.6762555660194625, 0.3999432848562713, 0.7100885018181001]",stable,0.19874815713390245,2840,"[1.0, 0.6601263740727061, 0.25505375904773786, 0.6836738481584868]"
"[0.8676928889708426, 0.676234966796031, 0.3997582407620075, 0.7100547666282412]",stable,0.09643703015876916,2841,"[0.8547760099391111, 0.588519711343946, 0.36212842253871275, 0.714880299073498]"
"[0.8676764133598327, 0.6761230850926482, 0.39971024354488593, 0.7100609216441152]",stable,0.1644679351244539,2842,"[0.9790078517975718, 0.691764019119405, 0.2907608659276835, 0.6596584733000083]"
"[0.8678182368482884, 0.6761430098493703, 0.39957145452881304, 0.7099967147035494]",stable,0.14248198169289808,2843,"[0.7897173591532525, 0.5674330721525926, 0.35306905560041796, 0.7248642750369569]"
"[0.8677188718639435, 0.6760047020405956, 0.3995122911713978, 0.7100156301747115]",stable,0.1519819977638242,2844,"[0.8646011051961279, 0.6479596591153884, 0.2522241947341548, 0.7346834105877283]"
"[0.8677149102798675, 0.6759690666620375, 0.39932513984174434, 0.71004697424131]",stable,0.16346833884401982,2845,"[0.9027638920059293, 0.5910042069510741, 0.5232316389337655, 0.6559949735249189]"
"[0.8677593886830732, 0.6758612432360084, 0.3994823815918611, 0.7099783803317714]",stable,0.1445711162505997,2846,"[0.8341068381481767, 0.6118502803330559, 0.4881429247303654, 0.7983538193126495]"
"[0.8677167365277692, 0.6757801140054598, 0.39959475236896946, 0.7100903897601376]",stable,0.3458110597780183,2847,"[0.6218811024595949, 0.6369158625484557, 0.636207712767921, 0.6694209046757916]"
"[0.6957747461814873, 0.6069898079932333, 0.6664278335495563, 0.66897491887621]",stable,0.16374812587290855,2848,"[0.6654938362795295, 0.4632313431363132, 0.7242806764172074, 0.6255805923286998]"
"[0.6953541779884046, 0.6049931626479983, 0.6672313452560514, 0.6683722198963835]",stable,0.3359375305021102,2849,"[0.529305036220166, 0.35812388987649013, 0.7944483215024998, 0.5780776462284993]"
"[0.5189992418607973, 0.5093869037936585, 0.7796158290411163, 0.5624107195311434]",stable,0.17833427807046429,2850,"[0.42548055833021425, 0.535761383407429, 0.692729241492299, 0.4407041942547851]"
"[0.3382721958996486, 0.5095639307544729, 0.5951061186746178, 0.4344468729638784]",stable,0.11074353591386686,2851,"[0.42639563422827875, 0.5603559793505459, 0.551529987628975, 0.4300107748638414]"
"[0.3385997923246621, 0.5097527487789936, 0.5949441256224035, 0.4344303818928746]",stable,0.11147845058044319,2852,"[0.25287334763943786, 0.5155279192124589, 0.5239531193141113, 0.43674253570435506]"
"[0.33828228697397605, 0.5097741382991174, 0.5946811959694098, 0.43443894542550965]",stable,0.30073909137903587,2853,"[0.4610607783998426, 0.5649786266730963, 0.34054068055881725, 0.5223849857961944]"
"[0.6148837602244867, 0.6112906072689693, 0.4120077377127677, 0.551833842753967]",stable,0.169920659751423,2854,"[0.5083452213704952, 0.5320982724793399, 0.5174783995535713, 0.5405606909921247]"
"[0.6144038568963155, 0.6109338850401873, 0.4124828307841227, 0.5517830627910758]",stable,0.10247406025069891,2855,"[0.6510330670324798, 0.6922618927989884, 0.4265798441769348, 0.5033448200850088]"
"[0.6145681134440113, 0.6112985846265496, 0.4125460460908169, 0.5515658509403759]",stable,0.20587137422075175,2856,"[0.7380954266555244, 0.7337578434136325, 0.43561736650757216, 0.6592481137594272]"
"[0.8675526589203358, 0.6758535035363561, 0.3996403506147146, 0.7100260324487443]",stable,0.06690638265166193,2857,"[0.8785489010831333, 0.6768439847738786, 0.42450745677761803, 0.7711504357245942]"
"[0.8675665606171283, 0.6758547557250256, 0.3996717881699142, 0.7101033072948579]",stable,0.14512223051989312,2858,"[0.7578540078253421, 0.7389138091210218, 0.3623358823035464, 0.77054504344561]"
"[0.8674280346666337, 0.6759343757419398, 0.3996246468746284, 0.7101796226182806]",stable,0.12255917096076835,2859,"[0.8909538510379177, 0.7483758421795517, 0.30502844322876665, 0.6937151594683787]"
"[0.8674577015220829, 0.6760257268975989, 0.3995053578410271, 0.7101588603696679]",stable,0.04232268308468152,2860,"[0.8680228861144332, 0.6907371045745618, 0.42484845763852175, 0.7406906917815393]"
"[0.8674584133414688, 0.676044255081071, 0.39953727610273676, 0.710197313557844]",stable,0.08221847246437425,2861,"[0.9037701733891431, 0.7015503388807497, 0.3476653435249222, 0.7560238953249976]"
"[0.8675040885113401, 0.6760763382053474, 0.3994720283888024, 0.7102549570569222]",stable,0.09627087012202372,2862,"[0.8718365294427384, 0.6849001522170297, 0.3040235779058872, 0.7024418913125922]"
"[0.8675095312763292, 0.6760874233988294, 0.39935211827513034, 0.7102451416476957]",stable,0.14194826799330093,2863,"[0.919904251799671, 0.598490357113069, 0.2964645580148097, 0.7384754320305642]"
"[0.8675752712017036, 0.6759900619605788, 0.3992230247239882, 0.7102805623382639]",stable,0.16393178571003653,2864,"[0.9269252849359997, 0.7080098755731832, 0.35483964988454136, 0.8529552055300218]"
"[0.8676496446524985, 0.6760301870402938, 0.39916740645977833, 0.7104593526179528]",stable,0.1346279841198949,2865,"[0.7694374119443994, 0.7201277513530083, 0.37341150014507934, 0.6338363171372873]"
"[0.867526725712939, 0.6760853779843649, 0.39913517128291387, 0.7103634539502673]",stable,0.2727334185717359,2866,"[0.6599779507496119, 0.7651030010439832, 0.3078156781959286, 0.5877109505750829]"
"[0.6147708359319827, 0.6119852114855561, 0.4120784998055718, 0.5517272129923165]",stable,0.2190820798354748,2867,"[0.5708905860297102, 0.7698833698030012, 0.2694781456688873, 0.5800960686901175]"
"[0.6145758125990838, 0.6126869810780781, 0.4114447204538532, 0.5518532967954178]",stable,0.2758897718229547,2868,"[0.819053230214058, 0.7329323256823878, 0.286716527375956, 0.6173367820000636]"
"[0.8674661338435654, 0.6761564366689875, 0.3989946479780302, 0.7102471706103296]",stable,0.1501117928722017,2869,"[0.7605036451742334, 0.6291514481128275, 0.3162083652629676, 0.6651967674819801]"
"[0.867332597652967, 0.6760977537868949, 0.39889129431671305, 0.7101909279097949]",stable,0.2719737606858603,2870,"[0.6848926185153948, 0.7398603716732529, 0.21185251503571007, 0.6697409078944426]"
"[0.8671051163822219, 0.676177258297975, 0.3986580788812006, 0.7101404914758606]",stable,0.3256166795931916,2871,"[0.6605619538257694, 0.6658851631522406, 0.4903608757289699, 0.4759379853870444]"
"[0.6147792911000869, 0.612922371264247, 0.4117939069816192, 0.5515173883378587]",stable,0.09461442955758993,2872,"[0.5866218293498363, 0.5565207943222581, 0.4253236914448152, 0.48227249914647]"
"[0.6146552494183677, 0.6126739061675862, 0.411853509556347, 0.551212344773139]",stable,0.17366894325774535,2873,"[0.4612578045128685, 0.5381403071084131, 0.40519732345506343, 0.5191099531706769]"
"[0.6139824536073786, 0.6123470044173268, 0.41182431575765716, 0.5510715448099703]",stable,0.2571837822888975,2874,"[0.3947727599250296, 0.602326834334177, 0.4904225405365796, 0.4423861119257954]"
"[0.33849073890368475, 0.5101156611627155, 0.5942964776836798, 0.4344682707631491]",stable,0.15489310803046075,2875,"[0.36986739252288103, 0.5870178371286573, 0.519564179084073, 0.3271905032587892]"
"[0.33860609424787297, 0.5103983897508255, 0.5940217265858871, 0.43407386720614777]",stable,0.23298322849557587,2876,"[0.47771537499591943, 0.5747599128377149, 0.4354623346435883, 0.5092157752389305]"
"[0.6133874008623503, 0.6121828686462368, 0.41192753854755204, 0.5508887685236339]",stable,0.14286189968798665,2877,"[0.5685486813697794, 0.5856593953811771, 0.5446717720849937, 0.5422582734485119]"
"[0.6131924499080348, 0.6120675491972583, 0.4125046873890192, 0.5508512446320029]",stable,0.093849538581383,2878,"[0.6971140614567526, 0.6270668623375337, 0.4146521805835133, 0.5900342496890958]"
"[0.6135557469277262, 0.6121324812887746, 0.4125139838963547, 0.5510208680305184]",stable,0.24771970060379125,2879,"[0.8393061578164388, 0.6875972034737655, 0.44645906992298384, 0.61064140887842]"
"[0.8670704975048049, 0.676191479898443, 0.39871760688996993, 0.7100165822820904]",stable,0.047499651861089835,2880,"[0.8310108846216927, 0.6934660065615207, 0.38610447204412685, 0.7323419222251242]"
"[0.867025647240025, 0.6762129656281234, 0.3987019189113059, 0.7100443501178405]",stable,0.12160828878566658,2881,"[0.8847336922233144, 0.6065627167829744, 0.34581193453017955, 0.6274217537399676]"
"[0.8670476448114328, 0.6761264435798685, 0.3986362170673542, 0.7099417133521538]",stable,0.1399529391216241,2882,"[0.9024312476148258, 0.6148059689816254, 0.2840875993025541, 0.7480630903557812]"
"[0.8670915450630499, 0.6760503635865704, 0.3984940971941969, 0.7099890103459549]",stable,0.12868858651870702,2883,"[0.8412126154840257, 0.6619522923998549, 0.2766179234200257, 0.6810325609950938]"
"[0.867059476996657, 0.6760328938577146, 0.39834307343487324, 0.7099531287482461]",stable,0.184723432240475,2884,"[0.9563281242261519, 0.7026759261417459, 0.38933534836191724, 0.8692103570307936]"
"[0.8671699579957034, 0.6760658679075711, 0.39833192526027794, 0.7101502292782987]",stable,0.18880863732092762,2885,"[0.7519295606304394, 0.6840796614247651, 0.27092283551055146, 0.6322332522791135]"
"[0.8670275100385151, 0.6760757737091992, 0.39817443565613736, 0.7100539165749623]",stable,0.2383513207947012,2886,"[0.6544125303878076, 0.6770674629712585, 0.3143599123972804, 0.6423755241885749]"
"[0.6137318537529852, 0.612412373451199, 0.4120909060019621, 0.5514146381001652]",stable,0.20523299645315807,2887,"[0.4288670129238012, 0.6269140566401515, 0.32568806125823035, 0.5349883462721142]"
"[0.6129384424189543, 0.6124746124348426, 0.41172007834211777, 0.551344138993607]",stable,0.26278357861293195,2888,"[0.3882369216069071, 0.689755496972769, 0.3752903541891965, 0.4452075486180452]"
"[0.23239215620325915, 0.623858591381492, 0.3494920212481082, 0.3646607086637962]",stable,0.1409568466619933,2889,"[0.2923198285315297, 0.5123302962657121, 0.28886168548481306, 0.3518971478751397]"
"[0.2324846371790744, 0.6236864798149554, 0.3493984559151401, 0.3646410118107273]",stable,0.13354022444365493,2890,"[0.2976557067089785, 0.6037383712954881, 0.3614532487879176, 0.47884468152444587]"
"[0.23258505485169365, 0.6236557431300256, 0.34941703032634625, 0.3648169804851706]",stable,0.055230786740226974,2891,"[0.20610663167187215, 0.6034060314641261, 0.3163927309748018, 0.3356849064147883]"
"[0.23254431881603238, 0.6236245897274627, 0.34936622371195925, 0.3647721619096777]",stable,0.13578335697538854,2892,"[0.13206961820694252, 0.6015629278132597, 0.4193511746514428, 0.3103906918614982]"
"[0.23254431881603238, 0.6236245897274627, 0.34936622371195925, 0.3647721619096777]",stable,0.19741161955703923,2893,"[0.10627113593827318, 0.5716822447752139, 0.3076712463769887, 0.22842718588213545]"
"[0.23254431881603238, 0.6236245897274627, 0.34936622371195925, 0.3647721619096777]",stable,0.1222738062209431,2894,"[0.17367790298339042, 0.5229595472002906, 0.38528470327695336, 0.3568955628011188]"
"[0.23254431881603238, 0.6236245897274627, 0.34936622371195925, 0.3647721619096777]",stable,0.11681734079837758,2895,"[0.18070831254013786, 0.5243610320445149, 0.3168356439685877, 0.3716878731712874]"
"[0.2324646936143797, 0.6234721111442324, 0.34931625354338264, 0.3647827851220611]",stable,0.2571788174538793,2896,"[0.05234787041636187, 0.5261918141649671, 0.4759084543158752, 0.274174658161878]"
"[0.2324646936143797, 0.6234721111442324, 0.34931625354338264, 0.3647827851220611]",stable,0.20505838305461033,2897,"[0.11208286334197258, 0.4679332383947745, 0.33462741944774654, 0.3086663649050204]"
"[0.2324646936143797, 0.6234721111442324, 0.34931625354338264, 0.3647827851220611]",stable,0.30867286467700944,2898,"[0.22165467210123466, 0.4640734036648026, 0.6122537912537496, 0.38964207190775274]"
"[0.33817770076015635, 0.5102287011571038, 0.5940885107055496, 0.43391111337721594]",stable,0.20281359231125332,2899,"[0.2101524687058703, 0.6250443899295387, 0.6908192989921851, 0.4808515585476545]"
"[0.33771045538769545, 0.5106477365175872, 0.5944415427795884, 0.4340824288705387]",stable,0.1645187127730396,2900,"[0.33119992115835156, 0.6661893608532541, 0.6402335037210785, 0.4611733721671789]"
"[0.3376867807177706, 0.5112133424242623, 0.5946080590011938, 0.4341809413916174]",stable,0.22941099688691025,2901,"[0.39377804214134987, 0.4817708005744647, 0.8044842792655694, 0.5017700291315762]"
"[0.5186739919913962, 0.5093151736554268, 0.7796804224183226, 0.5622532112443912]",stable,0.2098849223995439,2902,"[0.3104673412286045, 0.49170614683727104, 0.7975995121650384, 0.5706496167830767]"
"[0.5181345965230989, 0.5092695544149652, 0.7797268449306198, 0.5622749635903463]",stable,0.20863477810055864,2903,"[0.3388010920957898, 0.43197228820558164, 0.7144532324952619, 0.5286230248782301]"
"[0.3376908180778359, 0.510926237155354, 0.5950422806442882, 0.4345231228535254]",stable,0.32111291558395033,2904,"[0.5027565250442227, 0.4796104509046761, 0.8154899868701629, 0.5966617897092893]"
"[0.5180948599042905, 0.5091929159046028, 0.7798192561501018, 0.5623638184381988]",stable,0.26932116490828695,2905,"[0.6598165110504113, 0.7215370130018487, 0.7104768101597037, 0.6128660270631497]"
"[0.6948673606330895, 0.606589653748736, 0.6678237488848686, 0.6676118610904488]",stable,0.13599944643865863,2906,"[0.6794888625733284, 0.570736200625577, 0.5456347234159719, 0.6224043043863507]"
"[0.6946595430917414, 0.6061051476254501, 0.6661725458379916, 0.667000948162015]",stable,0.1037142420798329,2907,"[0.7292199070854868, 0.6347312990268292, 0.5756955079638695, 0.6905948949341005]"
"[0.6951203479449913, 0.6064868296441351, 0.6649661853330032, 0.6673155341189762]",stable,0.27255796017319517,2908,"[0.7968480754033584, 0.64937306014253, 0.4183187052939562, 0.6317472484707238]"
"[0.8669408687611877, 0.676042807396154, 0.39819930512482604, 0.7099572416760681]",stable,0.08501736039575034,2909,"[0.8996505619788405, 0.6771297588903221, 0.4394808089167682, 0.7766856727934945]"
"[0.8669812013052293, 0.676044147656936, 0.3982502071023747, 0.7100395208759663]",stable,0.07806903253669989,2910,"[0.8868266087797805, 0.6181415776036793, 0.4064892746745688, 0.7577924662317645]"
"[0.8670056414622176, 0.6759728390731266, 0.39826035373731583, 0.710098329921971]",stable,0.10275854925749953,2911,"[0.9276199900547124, 0.6205944778020983, 0.43368157762070714, 0.7607322532516086]"
"[0.8670801978565503, 0.6759047230076025, 0.3983039222783778, 0.71016061027047]",stable,0.13944241604248997,2912,"[0.9551742073758551, 0.750491310436408, 0.4335950417130485, 0.7799818874240172]"
"[0.8671884214554684, 0.6759963527218885, 0.3983472774619584, 0.7102463857952286]",stable,0.049395638961989854,2913,"[0.8504838409874567, 0.7147244070357792, 0.3738009706709018, 0.7178950962637083]"
"[0.8671679250377162, 0.6760438718069361, 0.39831715929411665, 0.7102557707160488]",stable,0.14064564719276038,2914,"[0.8691218010289775, 0.8135556192930077, 0.4001355842953847, 0.7396597343387113]"
"[0.8671703194935878, 0.6762123911053259, 0.3983193877561281, 0.7102918049851943]",stable,0.13346427288044674,2915,"[0.932137390019211, 0.6606324423238341, 0.5044180558977351, 0.7560337955121518]"
"[0.8672498385517587, 0.6761933214005751, 0.3984492514870236, 0.7103477927336973]",stable,0.21049504209188324,2916,"[1.0, 0.8092480977009351, 0.4706777380777427, 0.6489879556315256]"
"[0.8674121248126979, 0.6763559800513089, 0.39853755037038635, 0.7102727807079]",stable,0.1760888062310718,2917,"[1.0, 0.7651381709737262, 0.374259280740166, 0.7806717241089066]"
"[0.8675740147701916, 0.6764643832148284, 0.39850790657352403, 0.7103587379037497]",stable,0.2120374571186656,2918,"[1.0, 0.8065203851612857, 0.46716480061353843, 0.7864830370187225]"
"[0.8677355098741304, 0.6766229880952509, 0.39859163449308505, 0.7104515724148655]",stable,0.15050185983515071,2919,"[1.0, 0.7096839390237566, 0.3448115858411274, 0.7446801329495871]"
"[0.8678966115673409, 0.6766632572194026, 0.398526128952705, 0.7104932637188055]",stable,0.1466527572645052,2920,"[0.9805983923748727, 0.7584500245881418, 0.35822593248303897, 0.7326779130054404]"
"[0.8680337183566444, 0.6767627545033061, 0.3984771019497006, 0.7105202523432418]",stable,0.16582285340379818,2921,"[0.9751240114755049, 0.7846770958578607, 0.42542117110008026, 0.7709966931969026]"
"[0.8681638402194863, 0.6768938776398244, 0.39850984079435475, 0.7105937352604395]",stable,0.1564653849746412,2922,"[0.9641584681239653, 0.7798797299117397, 0.3365213533660966, 0.7391907590029065]"
"[0.8682803385543219, 0.6770188604702515, 0.39843461204747577, 0.7106284403863405]",stable,0.18621597423300001,2923,"[0.8000690210897626, 0.6698304421193219, 0.33617356587444985, 0.5490874424930912]"
"[0.8681976581695162, 0.6770101472358867, 0.3983591441127206, 0.7104326331161669]",stable,0.23131725822770605,2924,"[0.6629644442880132, 0.5801055492801399, 0.43881064163297356, 0.6914543002795738]"
"[0.6131522287517281, 0.6123362831051217, 0.41183584998011286, 0.5519429003666239]",stable,0.14927315104814706,2925,"[0.6447958238279946, 0.6055949121007855, 0.5463207082909711, 0.608063603467908]"
"[0.6944581831539782, 0.6064750938869858, 0.6634050606350818, 0.6665359034525147]",stable,0.0916783406346484,2926,"[0.6621116377486509, 0.5276051165053747, 0.629792770332497, 0.6694272267313325]"
"[0.6940380981487142, 0.6054508084664455, 0.6629685373843989, 0.6665734531054863]",stable,0.18997403778730665,2927,"[0.5997906424161156, 0.580077155251349, 0.8160903572941892, 0.7224074759874052]"
"[0.6928297974341938, 0.6051255052200981, 0.6649316376396526, 0.6672892739116647]",stable,0.1924877261399694,2928,"[0.6600450053858743, 0.6537387623766212, 0.840893529862165, 0.6158029083476538]"
"[0.6924148000664936, 0.6057408629056237, 0.6671590033639881, 0.6666375477652848]",stable,0.13499126966756952,2929,"[0.6402807787431267, 0.6871106558317258, 0.7514417249149185, 0.62444671517989]"
"[0.6917631247999515, 0.6067579853171999, 0.6682125373833748, 0.6661101623579675]",stable,0.2839489885907296,2930,"[0.5686150019822763, 0.5655338645346978, 0.9185470043586453, 0.6330224837132221]"
"[0.5182250664560379, 0.5093381245350928, 0.7801768018929073, 0.5625459284002479]",stable,0.10882050255715459,2931,"[0.5810740596705037, 0.5908170252198243, 0.7709949733505932, 0.5967334787153395]"
"[0.5183866319912936, 0.5095475818633312, 0.780153198220562, 0.5626338141337057]",stable,0.04715546132958984,2932,"[0.4878278757344061, 0.5188571443875774, 0.7502101959750965, 0.580142343808518]"
"[0.5183082762060196, 0.5095714525364703, 0.7800764212917275, 0.5626787077995385]",stable,0.30339948985857484,2933,"[0.5408734544902386, 0.7742347827891196, 0.6341929049663573, 0.5480710228506016]"
"[0.6899002893640291, 0.6088256001008039, 0.6677925419214363, 0.6646528890307161]",stable,0.3229280257691547,2934,"[0.42825066714474924, 0.7113614198403313, 0.5711212620660383, 0.5383079075667323]"
"[0.33801774894089337, 0.5116498298726283, 0.5949559231764967, 0.43489779716656946]",stable,0.2837598458011867,2935,"[0.3301292253406376, 0.7742265502516126, 0.5225157385641197, 0.5140388538493235]"
"[0.33798937295671977, 0.5125943504495312, 0.5946953469728551, 0.4351824772265794]",stable,0.1864428595811149,2936,"[0.25262888355924584, 0.6752832734146335, 0.5736009936836143, 0.41147869393422776]"
"[0.33768342138181845, 0.5131774648687609, 0.5946197399718184, 0.4350975174298326]",stable,0.17592294153574886,2937,"[0.21620232470436432, 0.5676008902813149, 0.4882578732150631, 0.39132002806582306]"
"[0.2324646936143797, 0.6234721111442324, 0.34931625354338264, 0.3647827851220611]",stable,0.1291001529790767,2938,"[0.19677904713407202, 0.699119038969607, 0.4355319339557442, 0.317477575090611]"
"[0.23240996102775346, 0.6235881340396701, 0.34944848618205193, 0.36471023111894535]",stable,0.209770462102703,2939,"[0.4229232857244552, 0.6147132078433639, 0.26775032358809314, 0.3956127520124233]"
"[0.2327017119078403, 0.6235745430347752, 0.34932337414132614, 0.36475755504068114]",stable,0.3729918739150918,2940,"[0.5432386055028098, 0.7120219099701305, 0.45322418242424767, 0.5199073569852422]"
"[0.6128547239719455, 0.6127604772619941, 0.4120119705437049, 0.5518065789054265]",stable,0.15278301755746074,2941,"[0.6702967078958133, 0.6851280237481894, 0.3883095688740625, 0.6711556606258686]"
"[0.6130981222089109, 0.613067119408122, 0.4119115366383251, 0.5523122953533944]",stable,0.20393968091309808,2942,"[0.6942724083943607, 0.5258485940499383, 0.3365464862225628, 0.6996729642016066]"
"[0.6134406297455585, 0.6126991087526023, 0.41159354064500964, 0.5529340703274375]",stable,0.2736880337584482,2943,"[0.7858370681891667, 0.7649438874435915, 0.43485569826933257, 0.6994434803273332]"
"[0.868097948012155, 0.6771166045484868, 0.39840332880298285, 0.7104193290571006]",stable,0.1785197616928259,2944,"[0.7835354825517694, 0.559048355377717, 0.3511384335937173, 0.6179833351546676]"
"[0.8679956959378378, 0.6769738376208317, 0.3983461765717745, 0.7103075563921641]",stable,0.14224307132968259,2945,"[0.8743513254353407, 0.5940450053975299, 0.2897260135110469, 0.7492583750964229]"
"[0.8680033718188734, 0.6768736820263592, 0.39821499279996203, 0.7103545984437394]",stable,0.122598931412279,2946,"[0.9002020619220461, 0.7607427806092237, 0.32659372965779804, 0.6675747982117234]"
"[0.8680422122170679, 0.6769748510234435, 0.39812859803139494, 0.7103029943421326]",stable,0.07881240141634994,2947,"[0.826667808508656, 0.632099428463366, 0.366568827432946, 0.7489000235621774]"
"[0.8679923635379011, 0.6769207842492747, 0.3980905742113968, 0.7103494967869761]",stable,0.08038460364654045,2948,"[0.8979358203726052, 0.6844094364782987, 0.45200830478185183, 0.7613580481693097]"
"[0.8680283965786167, 0.6769297958644721, 0.39815545716033834, 0.7104108789186034]",stable,0.13462530800921332,2949,"[0.9554826227286685, 0.7385850464428533, 0.41597575629144173, 0.6306813429857624]"
"[0.868133509831201, 0.6770039007329557, 0.3981768757891017, 0.7103150501494534]",stable,0.1434277445284808,2950,"[0.940254523850838, 0.7198772865106605, 0.3866709805983, 0.8260715376787529]"
"[0.8682200896799641, 0.677055369383349, 0.398163063189833, 0.7104540135198367]",stable,0.17697472889897584,2951,"[0.754469102091898, 0.5870361908688755, 0.49304058345059587, 0.6747388747079336]"
"[0.8680836976085156, 0.6769474327184635, 0.39827682520453417, 0.7104111896123885]",stable,0.3284193948617588,2952,"[0.7172431919111971, 0.6534715388354227, 0.6578639773931758, 0.5793774779679254]"
"[0.6902337393950921, 0.6093700627682993, 0.6676714618662137, 0.663612944993365]",stable,0.1330101529770016,2953,"[0.5761443344410304, 0.5514936330417383, 0.6984639517976402, 0.6441848746279651]"
"[0.6888591682510673, 0.6086727563860516, 0.6680424557208092, 0.6633788718564325]",stable,0.1632077402204919,2954,"[0.6229458837623018, 0.5848881733590642, 0.7878735972264082, 0.5775476623142147]"
"[0.5185758915706137, 0.5097640784209271, 0.7800963629181589, 0.5627167358162001]",stable,0.2238942489803912,2955,"[0.5864979859354513, 0.5355975410864665, 0.8859886334925362, 0.7461143450233502]"
"[0.5187491622195035, 0.5098299801114005, 0.7803664962614609, 0.5631845868600959]",stable,0.29678861962618114,2956,"[0.6976163530022307, 0.5670206499485663, 0.9777140042180494, 0.680969140974844]"
"[0.5192042950204774, 0.5099755034443194, 0.7808686527702563, 0.5634842931046626]",stable,0.24104487733782437,2957,"[0.6675372154678104, 0.46526852619901254, 0.9340279348126593, 0.6666516237486956]"
"[0.5195807745139985, 0.5098620339589253, 0.7812573819124959, 0.5637461391215256]",stable,0.10707370301688085,2958,"[0.45555050501258243, 0.5466532453977305, 0.734858356650451, 0.5016297992348222]"
"[0.5194186725658937, 0.5099551762663652, 0.7811399160257566, 0.5635888825648504]",stable,0.22492201305577034,2959,"[0.4526931080186333, 0.5318470472572745, 0.5881365212563132, 0.47189348145390436]"
"[0.3380941702626642, 0.5132441419487199, 0.594596585619263, 0.43522893158706144]",stable,0.08914269479709044,2960,"[0.3121685814843832, 0.4891114927569754, 0.6482563857120944, 0.4969745790382968]"
"[0.33800190838089095, 0.5131582606348702, 0.5947875457619421, 0.43544866698724377]",stable,0.16357296943139518,2961,"[0.3158632548384308, 0.4502340501106086, 0.7347187027865838, 0.4876579704835991]"
"[0.3379234025172652, 0.5129351251365573, 0.5952837555386252, 0.4356338063613443]",stable,0.2276781046107261,2962,"[0.3553570039818855, 0.37087793240394384, 0.766156204775249, 0.38920376281288244]"
"[0.29279098369081447, 0.2964060478697998, 0.8370292470246495, 0.37448394416011477]",stable,0.20943408194305368,2963,"[0.3806394879942252, 0.44454716751338297, 0.7355157322304319, 0.4368897928912479]"
"[0.33807434274863263, 0.5126934715760513, 0.5957792748908931, 0.43563824447629096]",stable,0.358829540318497,2964,"[0.5173441736280651, 0.4208066596698329, 0.8863473860877519, 0.4968587744874299]"
"[0.5194134339322123, 0.5097300537497074, 0.7814055914552062, 0.5634203721909176]",stable,0.21562055061081725,2965,"[0.46586599883643437, 0.44813120283617325, 0.9795198742442933, 0.5393121461783454]"
"[0.5192785537430541, 0.509574892916172, 0.7819046198753299, 0.5633596461808102]",stable,0.1051532962778073,2966,"[0.5334441689051945, 0.5350455368877156, 0.6840807305134171, 0.5886239298823043]"
"[0.5193141457409489, 0.5096388895090653, 0.7816588312085915, 0.5634231242805627]",stable,0.11514324069220273,2967,"[0.569734586600884, 0.5247638477584282, 0.680105070383757, 0.5502392583498252]"
"[0.519440512760648, 0.5096767966725976, 0.7814043105047699, 0.5633900820100597]",stable,0.3176289787121123,2968,"[0.7213052756718024, 0.537396046809272, 0.5386642774381237, 0.5845491257310534]"
"[0.6892454314346474, 0.6078242241291851, 0.666502239312682, 0.6624404224977971]",stable,0.19595487695318914,2969,"[0.7205769200566823, 0.5896107526124263, 0.4739828540631772, 0.6670455697188697]"
"[0.6138907822258574, 0.6126020988528535, 0.4118556806173549, 0.5534135304089142]",stable,0.3016313088870227,2970,"[0.8328345251313906, 0.48554965181878945, 0.4766025760449756, 0.7041138926465523]"
"[0.8680414830306986, 0.6767182138191825, 0.3983706284989539, 0.7104036479393755]",stable,0.09291518375858833,2971,"[0.8133616833283079, 0.6585330184920657, 0.45494261959589255, 0.6644443249282478]"
"[0.8679760765717244, 0.6766964611931932, 0.3984382983447636, 0.7103486726726157]",stable,0.1114788929341619,2972,"[0.9198364400911523, 0.5956828020534367, 0.45474516612040766, 0.7124391127082567]"
"[0.8680380363847703, 0.6765996706804814, 0.39850557058822317, 0.7103511702114874]",stable,0.08071738592560698,2973,"[0.869033327055921, 0.6938856343724118, 0.45496214129200085, 0.6553224788700253]"
"[0.8680392240824686, 0.6766202983221187, 0.3985729411976549, 0.710285503515376]",stable,0.06505713455549766,2974,"[0.8907659367869415, 0.693030893249126, 0.455438847897243, 0.6956948107423819]"
"[0.8680663119402807, 0.6766398580300174, 0.3986407193939595, 0.7102681129399612]",stable,0.13437205341900374,2975,"[0.8620239965083302, 0.7760552418438375, 0.36175297369271564, 0.7925798061705807]"
"[0.8680591187076236, 0.6767582096774148, 0.39859680541098186, 0.7103661030509499]",stable,0.23904955971088718,2976,"[0.99208356584801, 0.7006002298985797, 0.5408526895871998, 0.8551329846175104]"
"[0.8682065912963757, 0.6767865592852877, 0.39876595628396194, 0.7105382396520993]",stable,0.17977156516380047,2977,"[0.9234656913559887, 0.7257033903706305, 0.5255097548210523, 0.8144968885034658]"
"[0.8682722196812446, 0.6768446552842015, 0.39891648336060925, 0.7106617059809013]",stable,0.1530078830067589,2978,"[0.945613617053335, 0.6831269048777209, 0.5114946440486158, 0.7793378415076804]"
"[0.8683639651111047, 0.6768521075375745, 0.39905002803520956, 0.7107431723338393]",stable,0.16900281313107246,2979,"[1.0, 0.6417144714143724, 0.40503282153771825, 0.8105602944849288]"
"[0.8685199319770869, 0.6768104752672863, 0.3990571166531035, 0.7108614390662459]",stable,0.2377323528927343,2980,"[1.0, 0.812017796702845, 0.42828416361397276, 0.8526162389171658]"
"[0.8686755296907235, 0.6769704839317072, 0.39909170487435897, 0.7110291962258328]",stable,0.14565038370905373,2981,"[0.9743575513651631, 0.7521845846230852, 0.3453325989734969, 0.6723233548149424]"
"[0.8688004493380928, 0.6770593894880801, 0.3990281598319229, 0.7109834446402407]",stable,0.18357151632735,2982,"[0.9595436174943278, 0.8314188165795495, 0.4195095170342861, 0.7458813000877363]"
"[0.8689075841293044, 0.6772416320230169, 0.3990523408911937, 0.7110246463585966]",stable,0.15558434423325226,2983,"[0.9537724776849998, 0.6494268378641179, 0.5058240062790889, 0.7805270686794412]"
"[0.8690076606547238, 0.6772088315582069, 0.39917825087396247, 0.7111066067622769]",stable,0.16951201974711605,2984,"[0.968100934463764, 0.6308824828106445, 0.5269032547843663, 0.7324382900610653]"
"[0.8691243782917192, 0.6771542657764076, 0.39932869257468145, 0.7111317324198726]",stable,0.11599712815359561,2985,"[0.9585356677998433, 0.6824224611111729, 0.3648755792159408, 0.7762944836369645]"
"[0.8692295680440817, 0.677160463653272, 0.39928815950014174, 0.7112083944801281]",stable,0.18147350441899399,2986,"[0.963103670511713, 0.7856169920760178, 0.4761432909918996, 0.7915249923779352]"
"[0.869339878387757, 0.6772879096326172, 0.39937847105301105, 0.7113027735610892]",stable,0.15677059063598575,2987,"[1.0, 0.757962957041818, 0.4295323334148454, 0.7019629652752395]"
"[0.869493235338006, 0.677382598655398, 0.3994138629102432, 0.7112918113447911]",stable,0.21014625387069932,2988,"[1.0, 0.7771648813458601, 0.36156250661950806, 0.8367517781923073]"
"[0.8696462327174457, 0.6774995767124794, 0.3993694885183432, 0.7114388921968984]",stable,0.1799789053700389,2989,"[1.0, 0.7639015995034834, 0.4855204697003611, 0.7340884094641938]"
"[0.8697988717892051, 0.6776007500412744, 0.3994703678874088, 0.7114654138798812]",stable,0.19538464841031392,2990,"[1.0, 0.7149241336910667, 0.4806478932931725, 0.8265306190853869]"
"[0.8699511538105043, 0.6776444031215666, 0.39956531236156756, 0.7115999930672561]",stable,0.21056252168615955,2991,"[1.0, 0.734693864792618, 0.30808155688813676, 0.8372978631810175]"
"[0.8701030800326883, 0.6777110496889392, 0.39945843881545373, 0.7117468363734637]",stable,0.1283032752053706,2992,"[0.9735773114320612, 0.7427553876168669, 0.3756083778117238, 0.7426535113542835]"
"[0.8702238200926643, 0.6777869473994735, 0.39943060910599776, 0.7117829001715744]",stable,0.17781518283088613,2993,"[1.0, 0.7461240542367136, 0.3603877436850246, 0.8044223996449401]"
"[0.8703750743816006, 0.6778665943771394, 0.39938510460084514, 0.711890871616182]",stable,0.22652929378532613,2994,"[1.0, 0.7937919563352299, 0.408153411406795, 0.8567954155475075]"
"[0.8705259765068839, 0.6780015482327366, 0.3993953121757065, 0.7120595614228541]",stable,0.20311007450385496,2995,"[1.0, 0.8081482866093167, 0.40859752724100173, 0.7984732486101024]"
"[0.8706765276969922, 0.6781528816494536, 0.39940601242578244, 0.7121600424544672]",stable,0.16002533722027978,2996,"[0.9799152575373389, 0.6674249280751718, 0.41708229880916037, 0.8272576895508909]"
"[0.8708034019476778, 0.6781404217730608, 0.3994265423751243, 0.7122937214870996]",stable,0.1750406220732936,2997,"[1.0, 0.6489656179874761, 0.4313409808960636, 0.8221925743722781]"
"[0.870953281991822, 0.6781065762930312, 0.3994635660857054, 0.7124212143558758]",stable,0.10341138242274527,2998,"[0.938024469769063, 0.7458770528632436, 0.3837663446591404, 0.6755955503474016]"
"[0.8710310006335106, 0.6781851052345956, 0.3994453769531138, 0.7123785426710457]",stable,0.19352200494382424,2999,"[1.0, 0.7935541560888622, 0.4257623758185008, 0.7949325327356627]"
"[0.8711802703087033, 0.6783186342286399, 0.3994758364425413, 0.7124740912706575]",stable,0.16481156337827232,3000,"[0.972886433968317, 0.7767843052240383, 0.35790301924768825, 0.7859242117793636]"
"[0.8712978496886566, 0.6784324673742994, 0.3994277753822005, 0.7125590047047716]",stable,0.12838879700552822,3001,"[0.9579229055462235, 0.7658607806439733, 0.42419079068488946, 0.7394451722661535]"
"[0.8713978786215175, 0.678533423856135, 0.39945637008809276, 0.712590051087637]",stable,0.22358115393449327,3002,"[1.0, 0.8588011854396604, 0.4219298104813285, 0.7337679967432136]"
"[0.8715462086346415, 0.6787413451497722, 0.39948229101126836, 0.712614477783895]",stable,0.08230615743675007,3003,"[0.928161488185291, 0.6316334304355113, 0.3861177137627368, 0.7468379510098382]"
"[0.8716114336110824, 0.6786870733586268, 0.3994668940328715, 0.712653905748441]",stable,0.14695856066359766,3004,"[0.9487310341528098, 0.7625791793462025, 0.3179080732227861, 0.7569219423622153]"
"[0.8717001788361016, 0.6787836120306493, 0.3993730403840682, 0.7127048471024269]",stable,0.15076500217041736,3005,"[0.9666971850395447, 0.7610463556301678, 0.404772644083695, 0.6295824073692489]"
"[0.871809370797255, 0.6788781669083499, 0.39937924682510223, 0.7126093040682508]",stable,0.09845865091261516,3006,"[0.8984905746779861, 0.7360671436330936, 0.41696323905137184, 0.7861106200943622]"
"[0.8718400036375314, 0.6789438258942566, 0.3993994351054998, 0.7126936913426781]",stable,0.20607195564044778,3007,"[0.9418906516165556, 0.6005629120053244, 0.5132476497712024, 0.8485376237598656]"
"[0.8719203369494339, 0.678853939525118, 0.39952999498470354, 0.7128494756688446]",stable,0.06773781598856972,3008,"[0.848855275203341, 0.6277487718239315, 0.40991397643110283, 0.6762865244052404]"
"[0.8718939164892437, 0.67879539981412, 0.3995418895797166, 0.7128075937086342]",stable,0.1291030916461795,3009,"[0.8043348546564673, 0.6360666224260474, 0.3528941178634583, 0.6227986029704569]"
"[0.8718166177914946, 0.6787465110528064, 0.39948851684319914, 0.7127046085933731]",stable,0.126392763707759,3010,"[0.8384385029301741, 0.7012925422433001, 0.2911878691523363, 0.7639264628480444]"
"[0.8717784713745101, 0.6787722779455956, 0.3993647446744096, 0.7127631478553785]",stable,0.07934906842531654,3011,"[0.8635539372906796, 0.706156619202804, 0.46346925157961016, 0.6757585299351876]"
"[0.8717690826369716, 0.6788035386091312, 0.3994379233352603, 0.7127209051408577]",stable,0.2291916345973747,3012,"[0.7434954799787512, 0.6105191475798912, 0.5750970872210444, 0.6891457420404544]"
"[0.6898836672998722, 0.6078559291109581, 0.6654268845821921, 0.6627546027277107]",stable,0.287439692102602,3013,"[0.8524605897772303, 0.7273620633538249, 0.4732098630266887, 0.5923186646244472]"
"[0.8717470661114759, 0.678858907508498, 0.39952204185258233, 0.7125836163831424]",stable,0.05985340949631821,3014,"[0.8783856077830909, 0.6859691664098413, 0.4298594361373585, 0.7632535988103555]"
"[0.8717546270928787, 0.6788670057532603, 0.39955659469345334, 0.7126413270692781]",stable,0.11393067254946726,3015,"[0.9180723843957098, 0.6582482530369473, 0.315471877594629, 0.6548529987248435]"
"[0.8718073207871936, 0.6788435486967002, 0.3994609351745696, 0.7125755838060877]",stable,0.10796794736032644,3016,"[0.8957585332571903, 0.6388022445171312, 0.4623703649464178, 0.7868892076162574]"
"[0.8718345380740914, 0.678798047214678, 0.3995324231629467, 0.712660031105872]",stable,0.3361769525764996,3017,"[0.6612475713183319, 0.47739609147104023, 0.49522633576867436, 0.5750082959585232]"
"[0.6140889277869137, 0.6120363833407958, 0.41220451181045664, 0.5535038850764857]",stable,0.21044621273434216,3018,"[0.572232104987725, 0.43770352722182493, 0.5210196974714341, 0.5360991303711035]"
"[0.6139145243585838, 0.6113099964403, 0.4126579084173774, 0.5534313652652133]",stable,0.252683290380584,3019,"[0.5939499348005548, 0.4539066013864873, 0.6091882671586917, 0.5463426615838872]"
"[0.5196267863157477, 0.5095373711843822, 0.7809737703964046, 0.5633474634589942]",stable,0.21361965876179875,3020,"[0.5924557055873636, 0.6018883324994833, 0.6097805292390283, 0.513412693474094]"
"[0.6887507840241452, 0.6077865384526852, 0.6647798339386669, 0.6610180688991804]",stable,0.3181148350933142,3021,"[0.48482693956401934, 0.43365852568769736, 0.8108603105682672, 0.5718438378386667]"
"[0.5195400036555189, 0.5093481471307746, 0.7810483004217709, 0.5633686514250283]",stable,0.06978854705667063,3022,"[0.5781386180427115, 0.5314195949078316, 0.7818643530568815, 0.594171718533737]"
"[0.5196857713529995, 0.5094030512297225, 0.7810503304034503, 0.5634452759700749]",stable,0.10520641816618016,3023,"[0.5406782366274737, 0.5487423509811608, 0.7044476910342904, 0.6201212140902514]"
"[0.5197378618375516, 0.509500667358138, 0.7808602494124599, 0.563585911052259]",stable,0.14390999526977655,3024,"[0.6139254112944189, 0.5927386666088286, 0.8070579523214624, 0.6285775113471506]"
"[0.5199709993362072, 0.5097067020097487, 0.7809250952117397, 0.5637467813500185]",stable,0.23463047434167808,3025,"[0.6586240156693232, 0.6364307472237483, 0.6420985878624992, 0.5414977864661823]"
"[0.6884044993304117, 0.608115782231663, 0.6645191299607799, 0.6596442725493759]",stable,0.10914818426029185,3026,"[0.6661203224817679, 0.5680414937968913, 0.5718140271647337, 0.6247650966485861]"
"[0.6881512700480408, 0.6076603925903586, 0.6634656628835521, 0.6592479182777761]",stable,0.2383033047692938,3027,"[0.8350920784704496, 0.45885583400864155, 0.5613493544649896, 0.7104956185618004]"
"[0.6898022903673937, 0.6059884312579799, 0.6623182886316581, 0.6598237351349]",stable,0.19886075289606406,3028,"[0.8361501175325281, 0.6238486459791388, 0.5507762895571389, 0.5865618234822039]"
"[0.6914283773358951, 0.6061868780882149, 0.6610789330863857, 0.6590097138943145]",stable,0.22446518188268574,3029,"[0.8745595515582761, 0.605656247631155, 0.5441624438139482, 0.7153820818868442]"
"[0.8718376311654469, 0.6787150258757636, 0.399696588907159, 0.7126631208343408]",stable,0.15218480926079145,3030,"[0.7956486625338548, 0.6186441949465874, 0.5105769930526015, 0.6745515940134509]"
"[0.8717512491148441, 0.6786469183577033, 0.39982230365108806, 0.7126199104864713]",stable,0.15375320717274027,3031,"[0.9439313736211972, 0.6489429782921183, 0.5083900965038941, 0.6367200511861979]"
"[0.8718329933102081, 0.6786132785614796, 0.3999452569838772, 0.7125339536809218]",stable,0.07938355920655901,3032,"[0.9063764715037337, 0.6653632813106221, 0.38363916252544994, 0.6442181689532338]"
"[0.8718720696430061, 0.6785982898768066, 0.3999268111756663, 0.712456673381456]",stable,0.16588201177740375,3033,"[0.9851866773898003, 0.6786911879757327, 0.38468438876013034, 0.8326411209250483]"
"[0.8720001087478048, 0.6785983948464099, 0.39990958809949056, 0.7125924750170984]",stable,0.21263729214463606,3034,"[0.9739607142017426, 0.6429451030845779, 0.288187256765069, 0.5674524859933385]"
"[0.8721151884379335, 0.678558154110787, 0.3997834906600612, 0.7124286601310672]",stable,0.04926638130235406,3035,"[0.86568522940587, 0.6610907801164152, 0.3550118674711416, 0.7036979925595084]"
"[0.8721079393296673, 0.6785384614681779, 0.39973301532388433, 0.71241881721385]",stable,0.15279013981653367,3036,"[0.9699645703423145, 0.5631749768351181, 0.42103012675039597, 0.7098485934463451]"
"[0.8722181382384654, 0.6784085476341316, 0.3997569985574727, 0.7124159228177155]",stable,0.1322548730182263,3037,"[0.9966292568490223, 0.7186595539277334, 0.4117885262515011, 0.72817421704131]"
"[0.8723580832537754, 0.6784538243566217, 0.39977053233440635, 0.7124336486829839]",stable,0.2048224976632965,3038,"[1.0, 0.7648576420271337, 0.38835125312900015, 0.8468351999864225]"
"[0.8725015011377599, 0.6785509072978244, 0.39975770168361374, 0.7125846616619765]",stable,0.0651025309740111,3039,"[0.928044369209106, 0.7023677032843493, 0.3920359645117129, 0.7355294726138116]"
"[0.872563838812363, 0.6785776377085838, 0.3997490353119281, 0.7126104134138866]",stable,0.15862788579891154,3040,"[1.0, 0.7404464948818711, 0.37603130420409625, 0.7799345897397734]"
"[0.8727067044639186, 0.678646997413935, 0.39972244592727807, 0.7126858889478843]",stable,0.13041010165292763,3041,"[1.0, 0.6850746071129042, 0.4250765609232018, 0.7235976354177193]"
"[0.8728492501476097, 0.6786541951851545, 0.39975083799334293, 0.7126981081488584]",stable,0.17995892456932758,3042,"[1.0, 0.6122988996805991, 0.3577229294033262, 0.812940469464702]"
"[0.8729914769371537, 0.6785799722595341, 0.3997038269099089, 0.7128102360697933]",stable,0.15579655078399704,3043,"[0.9835095496332222, 0.6230270299905407, 0.3202300983201874, 0.764347774942369]"
"[0.8731149608172611, 0.6785179019329767, 0.3996150294477975, 0.7128678199121091]",stable,0.2929211307592428,3044,"[0.6630896579713255, 0.5595575396467002, 0.4970151956170224, 0.5785033869520745]"
"[0.614118570556147, 0.6110952559556794, 0.4130079386547203, 0.5535353985502209]",stable,0.24027261980889275,3045,"[0.6667389623332582, 0.46754394043080066, 0.5961223001443384, 0.5822438751099103]"
"[0.6911570650831189, 0.6046633293227488, 0.6603651239331763, 0.6581661332483321]",stable,0.3094925258677385,3046,"[0.5543041914990886, 0.4929449066666371, 0.4946513560495947, 0.46551397070442746]"
"[0.6138714037005393, 0.6106070313718404, 0.4133453081480876, 0.5531716736417672]",stable,0.18054550418690288,3047,"[0.4735002596935646, 0.588592263258247, 0.42026856479732455, 0.44199595905198086]"
"[0.613293744671704, 0.6105164356182865, 0.41337379891619147, 0.5527141604130027]",stable,0.22680053290529514,3048,"[0.4061923033170266, 0.562250302425681, 0.3467503217671026, 0.5105339826734595]"
"[0.6124449682727094, 0.6103186235970053, 0.4131007518786952, 0.5525412908321029]",stable,0.2582228382490307,3049,"[0.38029811008516456, 0.5749368549642911, 0.33974765845202504, 0.4740917875819466]"
"[0.23292739447386068, 0.6235001734811506, 0.3493087323742171, 0.3649247327662794]",stable,0.22474727958783383,3050,"[0.4086502151495206, 0.5231024933812917, 0.44264578814406563, 0.39393041887615077]"
"[0.33832284934159346, 0.512730123061281, 0.5952400724727704, 0.4354913859354454]",stable,0.0875049908817564,3051,"[0.4001514820774248, 0.4986126916641969, 0.5688149526440112, 0.48968321904725565]"
"[0.33853979191259637, 0.5126805882142735, 0.595147352754073, 0.43568153271829385]",stable,0.157047058636499,3052,"[0.3411734930531075, 0.5654548673815851, 0.6383966728364483, 0.5771071810832964]"
"[0.33854900065784294, 0.5128651136659075, 0.5952985741529625, 0.4361760279922973]",stable,0.2454319086875323,3053,"[0.4389066976276379, 0.47702715927093053, 0.7858038617296342, 0.5483746504929197]"
"[0.5197708405665564, 0.5096260117807639, 0.7809371415488209, 0.563708825471359]",stable,0.18800011586140952,3054,"[0.37511037779207523, 0.6189795152091291, 0.7379420635911444, 0.5389979243722043]"
"[0.5194145340079986, 0.5098953553852673, 0.7808312423420286, 0.5636479611829375]",stable,0.2032381789649029,3055,"[0.46080206463560874, 0.6270387294120529, 0.6981168368109355, 0.4320953372550999]"
"[0.338974969521877, 0.5132629311423749, 0.5956568259392271, 0.4361618095576729]",stable,0.35526514937022907,3056,"[0.3626729736704561, 0.483116410075189, 0.8995726252875637, 0.6161009801971766]"
"[0.5190294196091348, 0.5098295594508445, 0.7811229902116738, 0.5637768383795326]",stable,0.16006301512263948,3057,"[0.4197102047579625, 0.5795880294204913, 0.824940875832645, 0.469068807364743]"
"[0.5187859901609703, 0.510000536092927, 0.7812303869901565, 0.5635447108525355]",stable,0.15668787977686954,3058,"[0.3826321866179198, 0.5408142948276677, 0.8513036062935587, 0.5759338052030367]"
"[0.5184530957757795, 0.510075875356337, 0.7814017151547125, 0.5635750020367666]",stable,0.2545628026196025,3059,"[0.31732041293535307, 0.5221367106637722, 0.8483084042282658, 0.42312609467234125]"
"[0.2928620834857262, 0.29706033964601425, 0.8370619402339353, 0.3746249359007299]",stable,0.13580887610857628,3060,"[0.2983679408489873, 0.4066833044374577, 0.8869665473015054, 0.43712351307121783]"
"[0.29287799636827894, 0.2973771690240242, 0.8372061732023387, 0.3748055676266562]",stable,0.1713857811479285,3061,"[0.2627511164847644, 0.44719515720467207, 0.8420925118754526, 0.45224038666851113]"
"[0.2927911753887875, 0.297808921151346, 0.8372202548699846, 0.3750287227247595]",stable,0.1432735443431876,3062,"[0.23462677854021613, 0.3277983130840526, 0.9422759188012185, 0.44719627287976615]"
"[0.2926240363173836, 0.29789509756494575, 0.837522138961741, 0.37523610074244634]",stable,0.12952161613143628,3063,"[0.27503717391231897, 0.38662925573123236, 0.8737007074072558, 0.46058193646861456]"
"[0.29257364416149517, 0.29814935016714145, 0.8376258024816422, 0.37548064468435516]",stable,0.12980916561169045,3064,"[0.33251538613403814, 0.29568929540959665, 0.9610243717556115, 0.37080967511376745]"
"[0.29268776342427383, 0.2981423214392628, 0.837978369822425, 0.37546729905701065]",stable,0.0941983286694199,3065,"[0.2872603681194547, 0.2970317832132482, 0.9158972889081548, 0.3228243768577507]"
"[0.2926723007595877, 0.29813915751269293, 0.8382003610448914, 0.3753173192216851]",stable,0.1792991477538442,3066,"[0.24215532740851906, 0.1978876083127329, 0.780554224154805, 0.24794868268442882]"
"[0.2925287866307495, 0.297854351975193, 0.8380365936105445, 0.3749554765042497]",stable,0.13974753480704835,3067,"[0.22519017637336583, 0.17686098497985503, 0.8537868934397711, 0.36459119883176805]"
"[0.29233802569517614, 0.2975115945616085, 0.8380812120236584, 0.374926115944271]",stable,0.12903238662525854,3068,"[0.24554219086162105, 0.18776275311172436, 0.8851225300628378, 0.36072003140327946]"
"[0.2922058340713526, 0.2972015695857614, 0.8382140971028652, 0.3748859857619518]",stable,0.15646432984075925,3069,"[0.1593854315191579, 0.29007127662073945, 0.9010318650139754, 0.32156700100708496]"
"[0.29183169209233234, 0.2971814842534656, 0.8383910485617697, 0.3747357914386987]",stable,0.08880059570689516,3070,"[0.28092792246887205, 0.2095260738401235, 0.8424661019000631, 0.38289523820037197]"
"[0.2918010635259743, 0.2969352611905068, 0.8384024953408099, 0.37475871123297305]",stable,0.23510500446128377,3071,"[0.1543937300666644, 0.15159104663340384, 0.9219612902327432, 0.2837280849288059]"
"[0.29141616903449163, 0.2965281345390863, 0.8386365535898068, 0.3745037234842219]",stable,0.16087461968072247,3072,"[0.19192329959447849, 0.21752739780440458, 0.9370133222082518, 0.36658493698753913]"
"[0.2911382559913631, 0.2963074620901067, 0.8389113490328751, 0.37448160396886804]",stable,0.2002164431132491,3073,"[0.17603666541244706, 0.17923278852316654, 0.9409509151692022, 0.32233090223793215]"
"[0.2908176387474107, 0.2959813487932629, 0.8391955818076281, 0.3743363373902303]",stable,0.27669391783085606,3074,"[0.13415876905416407, 0.12532198072433925, 0.8595601536569419, 0.22440906497212518]"
"[0.290382475220485, 0.29550729499307143, 0.8392521500627652, 0.37391987274462446]",stable,0.30706549103740766,3075,"[0.20359654819810405, 0.03742893186598001, 0.9013132437252241, 0.24624294532243557]"
"[0.2901420709905061, 0.294792396480254, 0.8394240644496418, 0.37356619704539396]",stable,0.08017552887979065,3076,"[0.367313112114694, 0.2839880903812934, 0.8572921043452179, 0.36750435219641314]"
"[0.2903552506621199, 0.2947625503308094, 0.8394734236758726, 0.37354945161763436]",stable,0.12254522931117443,3077,"[0.3679840484833375, 0.38689553515362324, 0.8615244575806693, 0.3695037147095408]"
"[0.2905691040996439, 0.29501636020635436, 0.8395341703257482, 0.37353830633689583]",stable,0.14724801205320265,3078,"[0.30977375381301436, 0.38167135247682293, 0.8914099427146879, 0.47895640268027895]"
"[0.290621864126329, 0.2952544233719326, 0.8396766861839595, 0.3738279164916853]",stable,0.3813043344286521,3079,"[0.5435321673654527, 0.5048314414695099, 0.9214531046847585, 0.5493826510677763]"
"[0.5185142642430713, 0.510063084054174, 0.7817433039096638, 0.5635403865465983]",stable,0.15732040790889737,3080,"[0.4784287643561468, 0.6274924631381668, 0.8784379533167896, 0.5653704541459449]"
"[0.5184167326131762, 0.5103488003049866, 0.7819785706965425, 0.5635448392658181]",stable,0.14241985646134347,3081,"[0.535626702992987, 0.5771215444604133, 0.885059218821846, 0.6335663577727529]"
"[0.5184585043859428, 0.5105108700723543, 0.7822287664444194, 0.5637147944078252]",stable,0.17206777749582536,3082,"[0.49657815823047696, 0.5718803222246012, 0.9112601924967738, 0.6570595957515463]"
"[0.5184055253395615, 0.510659464387493, 0.7825411912048368, 0.5639408108759698]",stable,0.1532889501774765,3083,"[0.4620050272783106, 0.577973050295215, 0.8806228070014144, 0.6424606418738266]"
"[0.5182692922524571, 0.5108220575901686, 0.7827781033202875, 0.5641304723035009]",stable,0.27501437296345066,3084,"[0.5630786112556487, 0.6549829672430334, 0.9804129980268689, 0.681531966286019]"
"[0.5183772665151154, 0.5111694332760791, 0.783254331982231, 0.5644133674697238]",stable,0.3160179510187263,3085,"[0.5057905872967063, 0.65790077242444, 0.9903478803620078, 0.7522726158540627]"
"[0.5183470100746865, 0.5115221528413396, 0.78375215301199, 0.5648649522014169]",stable,0.13075192301625857,3086,"[0.4995700834664273, 0.5746591423413102, 0.8571483711547702, 0.6507148684437504]"
"[0.5183019814737075, 0.5116735604900207, 0.7839281631274403, 0.5650708273003193]",stable,0.07514645450194321,3087,"[0.5113993144241102, 0.46778164743728556, 0.8384059233624356, 0.5916229726028092]"
"[0.5182854679161726, 0.5115685559133394, 0.7840584926973805, 0.5651343491790335]",stable,0.22568967402630838,3088,"[0.465102232558756, 0.3144180399174725, 0.740357956428602, 0.4795229620193595]"
"[0.5181585389535057, 0.5110980296221798, 0.783954195474782, 0.5649300260593206]",stable,0.21638426474320527,3089,"[0.4027432402454181, 0.400493818873735, 0.7737280708390459, 0.41945290142376684]"
"[0.29092904597871005, 0.29554275048289647, 0.8394960050460283, 0.37395291645040335]",stable,0.07794782767827714,3090,"[0.3333731717540479, 0.2784315446801294, 0.8384889395786884, 0.31086129670538865]"
"[0.2910450135354733, 0.2954959985544736, 0.8394932535010355, 0.37378053497569014]",stable,0.15088346940031908,3091,"[0.34196606746592306, 0.3522111552419287, 0.7168845843969816, 0.4176368100949848]"
"[0.29118376300122384, 0.2956505357661561, 0.8391591699339945, 0.37390003436293623]",stable,0.014718615335519564,3092,"[0.3015062674825263, 0.30285960109690885, 0.8439284152374386, 0.3679530002348184]"
"[0.2912118132851404, 0.29567012561759837, 0.8391721298397105, 0.3738838739441098]",stable,0.12258508299827571,3093,"[0.36482861280183454, 0.3416643081693606, 0.8855016478621619, 0.44699871740161523]"
"[0.2914113168068658, 0.29579477109876845, 0.8392976840890938, 0.37408201715131173]",stable,0.21869265835148485,3094,"[0.44244194652257585, 0.40897299287466626, 0.9387948295490297, 0.42211571225678335]"
"[0.29181950769798937, 0.29610065818464926, 0.8395665952930395, 0.37421183794889407]",stable,0.2519869426474095,3095,"[0.43120619105349167, 0.40101816493158843, 0.8772641750174459, 0.5520881461770271]"
"[0.5179515095537438, 0.5108359347062498, 0.7841763620927408, 0.564899450154839]",stable,0.2573777008359157,3096,"[0.29702266565156754, 0.43424174338751587, 0.8233785827177713, 0.4647483514393202]"
"[0.29183353238250037, 0.2964730061232015, 0.8395229618359633, 0.3744558716779787]",stable,0.15393360037829582,3097,"[0.20073632118851661, 0.4092404558480425, 0.8849901930906632, 0.3992164169605588]"
"[0.29158864740617246, 0.2967761444289134, 0.8396451855758954, 0.3745224322835771]",stable,0.2579621256097787,3098,"[0.374246833574683, 0.46393558440614785, 0.9613173403096567, 0.5047748445352822]"
"[0.5176101682806344, 0.510724532449005, 0.7845971245113083, 0.5647566363647688]",stable,0.2559211050096676,3099,"[0.3051705521125717, 0.4514582364038501, 0.9144133347241467, 0.5652850214513172]"
"[0.5171067568679139, 0.5105840909891823, 0.7849047458625236, 0.5647578884621303]",stable,0.23818913155595112,3100,"[0.3681985757119568, 0.3337896172377891, 0.8415612419776762, 0.5744620873020387]"
"[0.2917940359539091, 0.2968753762595002, 0.8396503224563291, 0.3750584635302754]",stable,0.09974748988257208,3101,"[0.3345239146567285, 0.3360259527474437, 0.9095146866849383, 0.4164096687788541]"
"[0.2919082869664835, 0.2969800569452969, 0.8398371255692398, 0.3751690282501913]",stable,0.12503373131683926,3102,"[0.2968261209783884, 0.4079815011832814, 0.8098867613776733, 0.424065898676805]"
"[0.2919214011905153, 0.2972760607965982, 0.8397572579313957, 0.37529941990466237]",stable,0.16958984794627635,3103,"[0.28842544750237153, 0.45238082309320604, 0.7820988502134191, 0.3383330085750263]"
"[0.2919121034413447, 0.2976885734622806, 0.8396039111023584, 0.37520110498091336]",stable,0.19955376161477253,3104,"[0.23437234834074094, 0.4646713013704344, 0.7467187873817697, 0.3751488619870784]"
"[0.29175947809625025, 0.29813149846999454, 0.8393575314638424, 0.37520096640533285]",stable,0.389694150477355,3105,"[0.17269435452355905, 0.526767027482826, 0.5471116588207331, 0.37341993833777937]"
"[0.23292739447386068, 0.6235001734811506, 0.3493087323742171, 0.3649247327662794]",stable,0.3223177187529216,3106,"[0.12490898145054834, 0.49732664452689535, 0.6227597451533162, 0.32586684660577064]"
"[0.23292739447386068, 0.6235001734811506, 0.3493087323742171, 0.3649247327662794]",stable,0.2972298376576942,3107,"[0.3526794361149021, 0.6141493144536666, 0.5992399560705182, 0.4719386093147867]"
"[0.339022554475325, 0.5136132310844279, 0.595669267363294, 0.43628603455682957]",stable,0.2982838876222206,3108,"[0.4857334802599557, 0.6649393932754799, 0.4260201428071984, 0.5618597143003168]"
"[0.6119277785257187, 0.6105415655140604, 0.41315348408656666, 0.5525793252136058]",stable,0.31866036562194344,3109,"[0.38572951864577215, 0.5930283402135614, 0.5736529060437237, 0.3966562725992239]"
"[0.33918417026830233, 0.5138880238495805, 0.5955930861822574, 0.436148907352824]",stable,0.15872695458288227,3110,"[0.4256074576622855, 0.5853973028756224, 0.6765873781876927, 0.5139409968149752]"
"[0.3394821816041436, 0.51413460757036, 0.5958723768443451, 0.4364171559371763]",stable,0.16925296194390135,3111,"[0.35126387589877506, 0.6808205433643651, 0.5894145113283253, 0.46252944399826673]"
"[0.33952266852611834, 0.5147074114734322, 0.5958501848666268, 0.4365068888858398]",stable,0.18881667758838916,3112,"[0.2504733310123531, 0.6731534106975632, 0.5514259906495834, 0.4111433417776311]"
"[0.3392177050414822, 0.5152500347584463, 0.5956980472151986, 0.43642002742314046]",stable,0.20590160579021205,3113,"[0.224937821419017, 0.6316403598291884, 0.49861078776961015, 0.35665201535379226]"
"[0.2329151966524029, 0.6235126012465674, 0.34953667444352304, 0.3649121026633596]",stable,0.15885620016737234,3114,"[0.2005046111576428, 0.6394067732111057, 0.49535453267793395, 0.41657808564049886]"
"[0.23286579027207552, 0.6235368301672449, 0.3497589577640023, 0.3649908617837516]",stable,0.1412913246984734,3115,"[0.2584665465190052, 0.6487017891263303, 0.47993552577195253, 0.40656760644821255]"
"[0.23290475641552594, 0.6235751329967109, 0.3499570956148515, 0.3650541445001359]",stable,0.09707867253284765,3116,"[0.25433538367770936, 0.7121143360528769, 0.32035070323598763, 0.38084236569116875]"
"[0.23293732575786968, 0.6237096910560667, 0.3499121010975584, 0.36507813875726514]",stable,0.14131642704251013,3117,"[0.22055010272970693, 0.7634542953272079, 0.3632608482660512, 0.3755731749099154]"
"[0.23291852875782693, 0.6239217466012429, 0.3499323571630644, 0.3650940644570415]",stable,0.1693514822012315,3118,"[0.07529816511616735, 0.5819912650034047, 0.3228872570854218, 0.3284042461965393]"
"[0.23267971002503657, 0.623858215568519, 0.3498913797387044, 0.36503847382331345]",stable,0.11778087667784137,3119,"[0.12413903945232452, 0.6405086915028539, 0.3746924850329464, 0.39966396399992943]"
"[0.23251550326168904, 0.6238834053959537, 0.34992890032160034, 0.3650908573182856]",stable,0.09256260106685442,3120,"[0.1763539377140781, 0.5958204030907865, 0.32540838561262386, 0.30164855336004265]"
"[0.2324306670599555, 0.6238410141538008, 0.3498918602691699, 0.3649950230222762]",stable,0.1250312005915404,3121,"[0.2247524147261442, 0.5286599786608311, 0.38681620866839506, 0.2932244960614197]"
"[0.2324306670599555, 0.6238410141538008, 0.3498918602691699, 0.3649950230222762]",stable,0.1303056728645892,3122,"[0.19579348816909886, 0.5137833148170194, 0.3033417100843397, 0.32814842429081803]"
"[0.23237540736328754, 0.6236750146072898, 0.34982164888125916, 0.36493944745857865]",stable,0.16599450098540566,3123,"[0.09994933193877217, 0.7037446667823696, 0.3776084307116924, 0.3117017309305001]"
"[0.23217597050270847, 0.6237956014328547, 0.3498634964442568, 0.3648592701746508]",stable,0.15861217437111655,3124,"[0.15769315863431918, 0.6967249201206756, 0.23882625642219918, 0.3205627872564118]"
"[0.23206396627433495, 0.6239052695812575, 0.34969652315099053, 0.3647926589221422]",stable,0.27097784427927346,3125,"[0.05442120703521065, 0.5049950775878592, 0.33311842330046326, 0.19908938488812736]"
"[0.23206396627433495, 0.6239052695812575, 0.34969652315099053, 0.3647926589221422]",stable,0.35229110879471326,3126,"[0.06789618979586504, 0.46828534258492993, 0.6197314205299334, 0.360149489624653]"
"[0.23206396627433495, 0.6239052695812575, 0.34969652315099053, 0.3647926589221422]",stable,0.41974174258250924,3127,"[0.18737433951063814, 0.3868134192471025, 0.68453515935379, 0.44132049658203504]"
"[0.29148332693597084, 0.29836610672601865, 0.8389479484688422, 0.37537588579733466]",stable,0.18298491072008066,3128,"[0.247224129348657, 0.26360233337322425, 0.6661231816093331, 0.3542174122608323]"
"[0.29136654805051615, 0.29827438173036486, 0.8384919464454663, 0.3753200586903782]",stable,0.16807570694759855,3129,"[0.20576171750256134, 0.27329118290328597, 0.7725377481918901, 0.24903807358606658]"
"[0.2911412721806531, 0.2982086364702936, 0.8383183827658516, 0.37498773767694576]",stable,0.12212034597717372,3130,"[0.1769480852749784, 0.27862660140189865, 0.8590247786511288, 0.34241345275873797]"
"[0.29084155252998206, 0.29815724005279126, 0.8383727302616135, 0.3749022408661368]",stable,0.3015565507635223,3131,"[0.3012888092828456, 0.4626471538556585, 0.5877625412014833, 0.40596362414350595]"
"[0.33908825488530936, 0.5150705027417133, 0.5956709635769265, 0.436316080654268]",stable,0.27395916384957114,3132,"[0.5706216317770981, 0.5304002096686182, 0.6711622368891085, 0.5608632066005608]"
"[0.517233269574555, 0.5106309376054458, 0.7846358510422554, 0.5647486811764055]",stable,0.2774621639609199,3133,"[0.6203016330700063, 0.5948228852968112, 0.5571272584316105, 0.47806695814032435]"
"[0.6119618185848418, 0.6104776684400065, 0.4137387433318717, 0.5522764294124949]",stable,0.25679673196682007,3134,"[0.676416312734772, 0.4569621711063919, 0.5934700182552703, 0.6292169299667421]"
"[0.6909968395141152, 0.6030578819508319, 0.6596380032192859, 0.6578514679952714]",stable,0.2269615183107838,3135,"[0.794522125638015, 0.565494427807348, 0.46617140911753074, 0.6136506783374155]"
"[0.8730272455994271, 0.6783917596627472, 0.399689311121536, 0.712757086495173]",stable,0.1534576828357466,3136,"[0.8308944218599879, 0.5383678937235247, 0.4151940417769475, 0.6688594113882187]"
"[0.8729802747814344, 0.6782356572480992, 0.399706596217027, 0.7127081481728688]",stable,0.13264325188034645,3137,"[0.8430669931805912, 0.7108713219651933, 0.5202151612631939, 0.679361079452382]"
"[0.8729469637774245, 0.6782719998591428, 0.39984079283734564, 0.7126710133524673]",stable,0.13825812316869204,3138,"[0.8337355569304199, 0.7650853344517055, 0.30318278076494176, 0.6862428496943793]"
"[0.8729033470846025, 0.6783685664159754, 0.39973327558253763, 0.7126416160625251]",stable,0.056242864101935,3139,"[0.8505672402939596, 0.65990885506966, 0.42906849289084625, 0.7508913504186059]"
"[0.8728785291881684, 0.6783480556255906, 0.39976587026843574, 0.7126841157673651]",stable,0.23287240480956728,3140,"[0.7193886891550573, 0.7121426912794285, 0.5508819169511852, 0.6308777042557827]"
"[0.6913021282199318, 0.604230836889849, 0.6584685829368332, 0.6575614275249543]",stable,0.11892177401588803,3141,"[0.8009024537878715, 0.6148672434229566, 0.6171335636760342, 0.6399989672969737]"
"[0.692468089130229, 0.6043439901508395, 0.6580288486893779, 0.6573745928416779]",stable,0.10619069930296432,3142,"[0.6209465738506417, 0.6491774871261812, 0.6593915485886105, 0.5929600132147719]"
"[0.6917152310746544, 0.6048159216979484, 0.6580431928988436, 0.6566965446350789]",stable,0.1452540144337849,3143,"[0.5911445035486929, 0.5770286729098058, 0.7582621119907373, 0.6437237062846128]"
"[0.5174075885226072, 0.5107875360377674, 0.7845736488275113, 0.5649349430280758]",stable,0.24155160480772198,3144,"[0.6469981177343268, 0.6431087144014676, 0.748165529071025, 0.7156632651711008]"
"[0.6912494278106927, 0.6052148049552768, 0.6589819672339705, 0.6573107813073291]",stable,0.23674506120111902,3145,"[0.5875453965838522, 0.5074317922104514, 0.7993683916729017, 0.5307255050615443]"
"[0.5175726186592219, 0.5107796401699384, 0.7846084599871475, 0.5648544502328605]",stable,0.06762343854341406,3146,"[0.5398347090754533, 0.5447227529133138, 0.8296557807291555, 0.5349223142918423]"
"[0.517624877087429, 0.5108593188383501, 0.7847142048715184, 0.5647841870029521]",stable,0.19981649132659832,3147,"[0.4231645490510855, 0.40459392389119625, 0.8060176642069943, 0.42601205330743647]"
"[0.2911879478088331, 0.29843587011519546, 0.8382880311358161, 0.37503603618666376]",stable,0.35847631543355923,3148,"[0.4339872964198184, 0.47220263370659127, 0.7302970134213471, 0.6324397399810423]"
"[0.5174290045331723, 0.5107687879598214, 0.784586764142127, 0.5649426309209336]",stable,0.12231958934867983,3149,"[0.5069044849714809, 0.5779425982922392, 0.8809891400636801, 0.5972780224993445]"
"[0.5174044145341964, 0.5109257361148036, 0.7848120033382053, 0.565018180901257]",stable,0.09530967299573119,3150,"[0.5459716280034009, 0.4490224450048527, 0.8482592398824215, 0.5852735210814927]"
"[0.5174710047753833, 0.5107814393989296, 0.7849598989944855, 0.5650653961464324]",stable,0.13012449424414513,3151,"[0.4638322010843914, 0.45859467379283303, 0.8912579591925456, 0.5593621834905943]"
"[0.5173462633714508, 0.5106600748277527, 0.7852071037856438, 0.5650521328611863]",stable,0.12793833824167347,3152,"[0.5497469367011799, 0.5583484391079186, 0.8757536108754608, 0.634662223551667]"
"[0.5174214389476219, 0.5107707206845512, 0.7854171884888684, 0.5652136411922547]",stable,0.1286815233001021,3153,"[0.5152618254603528, 0.5740616780147654, 0.8835236832908994, 0.6192843440386614]"
"[0.5174164398423273, 0.5109172275302231, 0.7856442868564657, 0.565338804856251]",stable,0.07977429154484234,3154,"[0.5743311282337553, 0.4866736871456862, 0.8169094471257584, 0.6048279975518092]"
"[0.517547882540691, 0.5108612378295659, 0.7857164927693278, 0.5654300039155941]",stable,0.10634836222045707,3155,"[0.4263424646779479, 0.4705973900038233, 0.7755848884620055, 0.5298249614092122]"
"[0.5173377318082883, 0.5107684639866495, 0.7856931480589422, 0.5653479646471462]",stable,0.0580530736220621,3156,"[0.49874969915052086, 0.5545354109670735, 0.803357931523898, 0.5935801125645703]"
"[0.5172950006987302, 0.5108690776578689, 0.7857337567565629, 0.5654128661366116]",stable,0.1559857853748285,3157,"[0.5009337248327573, 0.6340134142711039, 0.8733218602492959, 0.6004509936218547]"
"[0.5172574748366523, 0.5111515187968901, 0.7859346469021884, 0.56549322881433]",stable,0.12979092414167695,3158,"[0.40098641810964025, 0.5428924260999275, 0.8230635240201563, 0.5961638441435554]"
"[0.5169914083452861, 0.5112241524520459, 0.7860196100077215, 0.5655634132887676]",stable,0.18733184401995936,3159,"[0.486581877901366, 0.6293930153991611, 0.8629905303318106, 0.6850626915139824]"
"[0.5169219801935877, 0.5114939443765827, 0.7861953427025252, 0.5658362426911083]",stable,0.17521488370379776,3160,"[0.5718439568608259, 0.6729243318858463, 0.7459312450110133, 0.5641437959427356]"
"[0.5170470872019413, 0.5118616673549636, 0.7861036249401301, 0.5658323874593352]",stable,0.22434259856705557,3161,"[0.6610452722226577, 0.6202202649607331, 0.6660653930102847, 0.6245125497173428]"
"[0.6909380447633933, 0.6053695004192506, 0.6590549922419737, 0.6569726552084633]",stable,0.12457787038358821,3162,"[0.7076538200310213, 0.6093072536747133, 0.5365476850822648, 0.6716927923779358]"
"[0.6911086138987773, 0.6054096815749187, 0.6578049176791196, 0.6571228606897845]",stable,0.1329449412804159,3163,"[0.7790057905345555, 0.6621340113791593, 0.642712556868702, 0.7377641330318052]"
"[0.6919964641678256, 0.6059826546032443, 0.6576524695901255, 0.6579374189962696]",stable,0.21095604189628647,3164,"[0.8773240103290207, 0.6773178140100866, 0.5881483491812697, 0.6733200236199839]"
"[0.8728834631295013, 0.6783469121831761, 0.3999749518210582, 0.7126404264309086]",stable,0.11794991119560294,3165,"[0.8193025251184866, 0.6388677197398351, 0.4745295379581692, 0.6499964188734721]"
"[0.8728240607592007, 0.6783031436771413, 0.40005760657287315, 0.7125709763116653]",stable,0.12912412565201875,3166,"[0.915751997971402, 0.7584228434279432, 0.37006750062505966, 0.6259011471368948]"
"[0.8728716000030681, 0.6783918698119705, 0.4000243949383795, 0.7124749964343954]",stable,0.21150381007490868,3167,"[0.7202082477031895, 0.705901029924674, 0.5224219045230947, 0.7879061458232215]"
"[0.8727027246133559, 0.6784223002988209, 0.4001597904135838, 0.7125584379713299]",stable,0.10533303861115871,3168,"[0.8898582885791932, 0.6736197672252381, 0.48977090528738343, 0.7649752235960298]"
"[0.8727216810376275, 0.6784169936324412, 0.4002588082200742, 0.7126163570714676]",stable,0.12920827972335241,3169,"[0.9319147799153248, 0.586788758316681, 0.33116892827623673, 0.7079460705075589]"
"[0.8727870155838501, 0.6783158587148741, 0.40018255007444076, 0.7126112022297856]",stable,0.16986771286601818,3170,"[0.9786191222697731, 0.6098674020689074, 0.2922558190783746, 0.7489599929667469]"
"[0.8729036992736912, 0.6782403918387484, 0.40006355698624224, 0.712651278074038]",stable,0.1555335562912711,3171,"[0.9405024601837291, 0.6708664547962556, 0.30023229733786594, 0.8106331095814627]"
"[0.8729781472482617, 0.6782322707627104, 0.3999536106650436, 0.7127591875801035]",stable,0.15191427246760694,3172,"[1.0, 0.6037156877680409, 0.4143378785378187, 0.7471650998546067]"
"[0.8731178852600898, 0.6781502943237724, 0.39996943494213133, 0.7127970378686342]",stable,0.1073238729909587,3173,"[0.8963982204641948, 0.6481725572400747, 0.31554670326049605, 0.7671162551063233]"
"[0.8731434680460285, 0.6781173517555485, 0.39987666270951416, 0.7128567293161482]",stable,0.06633666489990217,3174,"[0.8872604884433567, 0.7416764656756784, 0.39435072907680163, 0.7243007644575723]"
"[0.8731589642264865, 0.6781871202669867, 0.3998705969206747, 0.7128692913744812]",stable,0.04915757459287334,3175,"[0.8672975106875723, 0.7242403431538681, 0.40759958153960557, 0.6986751390307655]"
"[0.8731525371940974, 0.6782376172219065, 0.3998790716845113, 0.7128537276109465]",stable,0.08816760875028685,3176,"[0.8498103100167077, 0.7323536883657248, 0.45524338078755533, 0.7479950392632252]"
"[0.8731269706802118, 0.6782968900271024, 0.399939711672576, 0.7128922175470387]",stable,0.08583358169211837,3177,"[0.8395420830026138, 0.7552514732825628, 0.3863550086921724, 0.7244207485329579]"
"[0.8730902257265164, 0.6783810854135963, 0.3999248487590307, 0.7129048308194521]",stable,0.15070439670408167,3178,"[0.9243552675692265, 0.7869742743214321, 0.3775351755322276, 0.8011654252341198]"
"[0.8731462530946505, 0.6784997664943698, 0.3999003791708047, 0.7130012904854791]",stable,0.16279870349741188,3179,"[0.9818220811808815, 0.753432035310402, 0.35670811753212606, 0.7979281170765393]"
"[0.8732648948283691, 0.678581570281287, 0.39985322604674506, 0.7130940053616702]",stable,0.10307218148080166,3180,"[0.8726908303277133, 0.6918179919061647, 0.30155204072716374, 0.7411157674849593]"
"[0.8732642688038319, 0.6785960047650654, 0.3997460273713693, 0.7131245634446837]",stable,0.1898130530289893,3181,"[0.9837434888245141, 0.6875838127687732, 0.2464702527099639, 0.7289072518418533]"
"[0.8733846165380593, 0.6786057954055924, 0.39957906029657475, 0.7131417559157046]",stable,0.1713971131463984,3182,"[0.9278171574310844, 0.5686634168649513, 0.2912915408725007, 0.7641373971476335]"
"[0.8734438467240146, 0.6784861627847648, 0.3994612283929577, 0.713197246276131]",stable,0.14567781481721787,3183,"[0.788804974410942, 0.7220308297309895, 0.295448427308068, 0.6765436487104278]"
"[0.8733518479497613, 0.678533493944489, 0.39934817100047415, 0.7131574054092118]",stable,0.18530683183430155,3184,"[0.8385904704586952, 0.708959354906554, 0.22106680028144365, 0.7336583419402687]"
"[0.8733141048688807, 0.6785665296241438, 0.3991545973080539, 0.7131796648408415]",stable,0.15971427635672808,3185,"[0.9404762165567245, 0.6591000315163118, 0.2555690561659001, 0.7146454929738538]"
"[0.8733869488078045, 0.6785454162856321, 0.39899886461701034, 0.7131812546761268]",stable,0.2051304548747625,3186,"[0.8587717452354071, 0.7287098874065747, 0.20849856442768594, 0.657881518631569]"
"[0.8733711143510632, 0.6785997656584609, 0.39879247209242824, 0.713121341635992]",stable,0.1835498784524894,3187,"[0.9803647953533261, 0.7748160082585671, 0.2956522288308692, 0.7615716768812054]"
"[0.8734869083781219, 0.678703895791145, 0.39868084845253476, 0.7131737770637464]",stable,0.13728493490877242,3188,"[0.8171267355681544, 0.5682645841506768, 0.36971143931868367, 0.6618452659558682]"
"[0.8734259784615707, 0.6785845019407228, 0.3986495301723901, 0.7131182867814677]",stable,0.35988534838530667,3189,"[0.5918526983044148, 0.5591539037273647, 0.538504110148088, 0.5850129373452561]"
"[0.6118804051424109, 0.6102698799189027, 0.4142438662744474, 0.5524089658818583]",stable,0.33643726313902483,3190,"[0.6188682287354044, 0.42822479837701327, 0.6944125791364272, 0.59121982737164]"
"[0.5172784988872446, 0.511671583561832, 0.7858952361996672, 0.5658900861864086]",stable,0.22982058003123645,3191,"[0.4647397407174042, 0.32405662180854183, 0.7313458778268733, 0.45688471235881706]"
"[0.29164108564932545, 0.29850276502823286, 0.8380088088034168, 0.3752497403019958]",stable,0.2100999002045898,3192,"[0.4553572688948259, 0.3525215873669425, 0.8224072660871058, 0.4943192078724622]"
"[0.5171380879348808, 0.5113106992167188, 0.7859780299182327, 0.5657277939453339]",stable,0.15997889381221644,3193,"[0.4569982228554574, 0.4179598799869395, 0.8999503854229395, 0.5492241633312239]"
"[0.5170020248917147, 0.5110994982682351, 0.7862358859261619, 0.5656904554145328]",stable,0.36682753446678085,3194,"[0.3124522743496739, 0.28385249513072736, 0.9444104526057491, 0.4389566966250431]"
"[0.2916952814532326, 0.2984646132837081, 0.8382858964174852, 0.37541564383408704]",stable,0.1445507087525698,3195,"[0.38909375013465414, 0.3198037155490655, 0.8401901190821763, 0.4800553224934575]"
"[0.29194826448876876, 0.29852003952335837, 0.8382908424503805, 0.3756874352072283]",stable,0.13027760821887616,3196,"[0.3495347619290264, 0.23258152063237497, 0.9326754432470108, 0.3956801682549724]"
"[0.2920974523059715, 0.2983492143448843, 0.8385353621415637, 0.37573922985242975]",stable,0.056555689000385705,3197,"[0.30154131884677127, 0.2736577406083711, 0.8624973126324895, 0.33185853482081695]"
"[0.2921218550618909, 0.29828541208716725, 0.8385972793262948, 0.3756258430435625]",stable,0.1653796856982714,3198,"[0.2682350655689771, 0.40844443405359476, 0.7185461020279722, 0.39087597215997033]"
"[0.2920602911714453, 0.2985693270922353, 0.8382878690755259, 0.37566514750004804]",stable,0.3208797253709906,3199,"[0.3166545310948571, 0.44871410176641335, 0.5597335753927025, 0.4228135687424997]"
"[0.33901194970234866, 0.5148448006975798, 0.5955487275626944, 0.43627015374300354]",stable,0.11148902608564816,3200,"[0.29074327963919944, 0.5875209701806904, 0.6037194601458415, 0.36734010263190936]"
"[0.3388483270919651, 0.5150911605941327, 0.5955764249612814, 0.4360364925527965]",stable,0.14022066988981258,3201,"[0.22632221505030561, 0.48640662214906083, 0.6023951620154749, 0.35773954208654496]"
"[0.3384681713080406, 0.5149942533696561, 0.5955994612351131, 0.4357719758282483]",stable,0.23746302443502967,3202,"[0.24976631686862572, 0.34543255798277395, 0.7096910743879581, 0.35359774471807537]"
"[0.2919515663017722, 0.2986897981228023, 0.8379572860557635, 0.3756084189581921]",stable,0.10308046923598319,3203,"[0.25145350735317396, 0.25048496376396256, 0.7575038768879642, 0.3618594823803389]"
"[0.291847725124981, 0.29856619598342066, 0.8377509952630254, 0.37557316527465917]",stable,0.12392995399249213,3204,"[0.2526651462877959, 0.4114126120993659, 0.866911037178845, 0.36012203788849184]"
"[0.29174751392590886, 0.29885480574330797, 0.8378255733753421, 0.3755336483248224]",stable,0.2055027552008944,3205,"[0.1965410295053722, 0.40914764532952197, 0.7903704027806312, 0.23860080332670885]"
"[0.29150464024116257, 0.2991361650279667, 0.8377045142666821, 0.37518432984268435]",stable,0.22521722886463122,3206,"[0.3466016423246838, 0.4927198452312797, 0.7396580720633639, 0.3996664553444649]"
"[0.338495556732339, 0.5149192553624562, 0.5960845070628177, 0.43565040841921193]",stable,0.10944404407857915,3207,"[0.398399854396951, 0.5625408077488661, 0.6302595123197434, 0.5060331525372204]"
"[0.3386965778654417, 0.5150790592295247, 0.5961991882885121, 0.4358865921243059]",stable,0.3290537977765084,3208,"[0.6165368146613471, 0.6025246961716094, 0.5708838721098375, 0.5868620868077323]"
"[0.6912418676727607, 0.605948075018928, 0.6567847836153226, 0.6572266656743841]",stable,0.26573033588246486,3209,"[0.5085691010171732, 0.49970234201166946, 0.5856874409436613, 0.5126573611406084]"
"[0.33926471339437725, 0.5150276320816389, 0.5961640319428773, 0.4361433505491096]",stable,0.18689543243522258,3210,"[0.4927308579258485, 0.5824181144866679, 0.6771897648591721, 0.452617531390328]"
"[0.5169472367044328, 0.5112604883725657, 0.7859897321540017, 0.5654352117937107]",stable,0.26668630953024647,3211,"[0.4874812019174085, 0.49438895543986866, 0.5267344055864436, 0.5129436171556925]"
"[0.3397587683561207, 0.5149588364928329, 0.5959325998550224, 0.4363993514377982]",stable,0.3607850283072829,3212,"[0.6820474844581099, 0.6007678040033214, 0.5757858261269363, 0.5087540339612668]"
"[0.691150834175586, 0.6058967852068923, 0.6559828137391999, 0.6557566396178186]",stable,0.15722130650528635,3213,"[0.6286259941172461, 0.528019653998033, 0.5345647663139598, 0.6543446236729827]"
"[0.690537845547563, 0.6051332839205309, 0.654792440725227, 0.6557427963242418]",stable,0.22066793336458704,3214,"[0.7069773455981591, 0.5437135949316498, 0.48245116184644554, 0.5334718469845909]"
"[0.6122638605474744, 0.6100015078020187, 0.41451889569207645, 0.552332606531466]",stable,0.2308157571599581,3215,"[0.6764255239042739, 0.4743136710199717, 0.5660650476020179, 0.6405469449312465]"
"[0.6904008327160748, 0.6038631905913993, 0.6539310097240308, 0.6555952637864457]",stable,0.23859024152961328,3216,"[0.5612976369626117, 0.4729953046394899, 0.5766998019096286, 0.5245738717719779]"
"[0.6120591769186196, 0.6094512820865066, 0.4151702246327092, 0.5522211256689782]",stable,0.39317096986021305,3217,"[0.5519334412965292, 0.40779640615194745, 0.7472663694000783, 0.5561921581784472]"
"[0.517026034462523, 0.511027461160357, 0.7859025173730243, 0.5654143941053881]",stable,0.2541894784073733,3218,"[0.3998074864284382, 0.4007184479572824, 0.8158716703177102, 0.37097706639351224]"
"[0.29178022000245335, 0.29939464411938993, 0.8376489599563794, 0.3751736243377246]",stable,0.35477589673917603,3219,"[0.5902315751437541, 0.41981809861583386, 0.7976474889253613, 0.5190165923407006]"
"[0.5171905412955146, 0.5108224963007064, 0.7859289105675239, 0.5653101293823214]",stable,0.20251068031285582,3220,"[0.6378212035188474, 0.5667807902091827, 0.6438791062631275, 0.5091911360532253]"
"[0.6898952593584091, 0.6035066290492626, 0.6538343568061376, 0.6541875317890109]",stable,0.19898067722246957,3221,"[0.7753225711830886, 0.5023865480169235, 0.5221427843275723, 0.5854303994138341]"
"[0.6907088528043585, 0.6025435806584784, 0.6525801513539607, 0.6535327019568664]",stable,0.11340725118333948,3222,"[0.7543618194282127, 0.5608763270557439, 0.5755644265614069, 0.6197403570718695]"
"[0.6913093524894891, 0.6021504933603394, 0.6518535879125216, 0.6532139062504042]",stable,0.16150324460759988,3223,"[0.715421435584823, 0.5234352634170778, 0.5140988704541961, 0.6350629872504658]"
"[0.6915346990604736, 0.6014148370057295, 0.6505661606465559, 0.6530442714933955]",stable,0.38057176294944545,3224,"[0.9962331739866317, 0.5834843790394345, 0.4281199476818167, 0.6998405015433379]"
"[0.8735585996230448, 0.6784818020239828, 0.3986813556772599, 0.7131039479205193]",stable,0.13647504652172113,3225,"[0.913033702383919, 0.5795448600574623, 0.48262389685304313, 0.6978630201144551]"
"[0.8736011833369184, 0.6783750739312465, 0.3987719085803621, 0.7130875067902]",stable,0.15688935553597821,3226,"[0.9506691008855248, 0.5628869844666616, 0.47180507786035025, 0.7112265011597922]"
"[0.8736842306618631, 0.6782506255589786, 0.39885060811622414, 0.7130855013962017]",stable,0.1681590400183791,3227,"[0.8111316658872656, 0.5955661943309887, 0.28825937545585034, 0.6403015507533197]"
"[0.873616897438209, 0.6781616218655148, 0.3987315648087318, 0.7130071548400737]",stable,0.15831544184023658,3228,"[0.9809165338270971, 0.5844197246655486, 0.44948811457828214, 0.6662439586199278]"
"[0.8737322733913153, 0.67806082412659, 0.39878614174396787, 0.7129568718333854]",stable,0.10986759372058498,3229,"[0.899351643702046, 0.6880629603433948, 0.30029216836670025, 0.6727893414849591]"
"[0.8737597915119499, 0.6780715675596908, 0.3986803480024241, 0.7129137273324742]",stable,0.06425663543702449,3230,"[0.9132111577414163, 0.6669054036074897, 0.3788025313449584, 0.7582203944780493]"
"[0.8738021213040417, 0.6780595866970811, 0.39865901987296326, 0.7129623396362784]",stable,0.08844657917721252,3231,"[0.9130531734357481, 0.6677357585877008, 0.4641694497707775, 0.7563668834361679]"
"[0.8738441910276554, 0.6780485215008224, 0.39872923469600485, 0.7130088611194508]",stable,0.11319260586219469,3232,"[0.7775232327852196, 0.6736255778800001, 0.3500312704210253, 0.6791889724393719]"
"[0.8737410636633702, 0.678043786015147, 0.3986770955479589, 0.71297265138853]",stable,0.2587964134783734,3233,"[0.6276725270186894, 0.6819150322383533, 0.35035280208940844, 0.6491319510694877]"
"[0.6121216303190198, 0.6097411370871139, 0.414910954942536, 0.5526087689705802]",stable,0.019689417939425385,3234,"[0.6028324633578865, 0.5926054241301911, 0.4140860867940612, 0.5499495416472513]"
"[0.6120846216857085, 0.6096728673143772, 0.4149076686152512, 0.5525981744394115]",stable,0.22673644142713378,3235,"[0.5239420918538961, 0.47854537343846654, 0.577427147446597, 0.5583694529891694]"
"[0.5172056793012508, 0.5107501260700736, 0.7854614178251004, 0.5652945673276283]",stable,0.22324074289897708,3236,"[0.3661415592709708, 0.4083962823451842, 0.6990879312036259, 0.4700088264575736]"
"[0.33984641882427635, 0.5146048080737378, 0.5962753085970444, 0.436511010823246]",stable,0.19257029065692904,3237,"[0.3273255643933495, 0.3723940108855153, 0.720446633369875, 0.40067644210442155]"
"[0.29187043661258255, 0.2995799217000146, 0.8373514921224036, 0.37523835230159946]",stable,0.19928634580064516,3238,"[0.3389269462471838, 0.3890643106668261, 0.6656160958108797, 0.37571825702464395]"
"[0.3398433742130939, 0.5141891110624567, 0.5965049138527193, 0.436309710313979]",stable,0.4147554008265673,3239,"[0.4084860825845387, 0.1848267271901664, 0.8324175662957315, 0.37995492693666544]"
"[0.2921656660960559, 0.2992894072835339, 0.8373390011709436, 0.3752502929968782]",stable,0.08501060125945542,3240,"[0.3110119295452326, 0.3781850148081778, 0.8268267088428686, 0.39841482415606205]"
"[0.2922132576704225, 0.2994886386156669, 0.837312454978196, 0.37530878928768413]",stable,0.15594061477829585,3241,"[0.2586848489004188, 0.3913124923035967, 0.8076736444383674, 0.49313595910206187]"
"[0.29212880324027135, 0.2997199329574501, 0.8372377980246951, 0.37560558316630976]",stable,0.2291152472882605,3242,"[0.18607799018023286, 0.46264412101927804, 0.7191672746921909, 0.40321141685501066]"
"[0.339335897698134, 0.5140189955837663, 0.5969097401261169, 0.4362004750220353]",stable,0.25609141885997055,3243,"[0.21206885970202322, 0.35612784722276725, 0.6528791082017348, 0.2901740015322246]"
"[0.2919276476032406, 0.2998616613852524, 0.8367745852361951, 0.3753909309511488]",stable,0.38948741404387655,3244,"[0.24940632980007305, 0.5114891129343786, 0.5128596860091289, 0.38900500603577925]"
"[0.33904007675110087, 0.5140106736013671, 0.5966332596849426, 0.436045226768791]",stable,0.12230286202169031,3245,"[0.27322236695235286, 0.5590831819971007, 0.5862812965368207, 0.3439185477803413]"
"[0.33882428098126893, 0.5141584523174186, 0.5965993188221619, 0.43574317208358293]",stable,0.20458841968879413,3246,"[0.17103617253020267, 0.43727502420376846, 0.5096055106233969, 0.4207569133863275]"
"[0.23206396627433495, 0.6239052695812575, 0.34969652315099053, 0.3647926589221422]",stable,0.43807559404718166,3247,"[0.23951188693345107, 0.3811641002659976, 0.7136694134041044, 0.38612841430838707]"
"[0.29179627978201306, 0.30006542689623167, 0.8364660509709517, 0.3754178419370065]",stable,0.2076076017832148,3248,"[0.331721282690066, 0.2978397105142426, 0.636015992899643, 0.4117734586525257]"
"[0.2918960922892832, 0.3000598626052767, 0.8359649258257734, 0.37550873097879534]",stable,0.19266491484547685,3249,"[0.1532729391959596, 0.3289112796479129, 0.7970609327090054, 0.2507791599337454]"
"[0.2915503986406714, 0.3001318112762059, 0.8358679083865795, 0.3751976846669623]",stable,0.07765562708850955,3250,"[0.290498286538074, 0.28040376075558593, 0.87324137089377, 0.3100569308985822]"
"[0.2915477814463863, 0.30008273652366707, 0.8359608771987864, 0.37503564299092157]",stable,0.07741918623378759,3251,"[0.2897621613816111, 0.26415766067290153, 0.7715010396340243, 0.35169340178902797]"
"[0.291543350627367, 0.29999359241485624, 0.8358009272296432, 0.37497772179687217]",stable,0.05187395833923524,3252,"[0.3332345664118528, 0.2832908148585457, 0.8129327626789141, 0.3872583712983174]"
"[0.2916465467060415, 0.2999522489060535, 0.8357443228619433, 0.37500811944415297]",stable,0.12047783457226892,3253,"[0.37516981312618647, 0.27744212845169297, 0.8253144761312066, 0.2918018374455202]"
"[0.29185277699349865, 0.29989666836172174, 0.8357185701539662, 0.3748026718342798]",stable,0.09140640401278705,3254,"[0.2609138997054712, 0.33564789958420066, 0.849871734960975, 0.4517406595823859]"
"[0.29177657286224734, 0.29998472558148154, 0.8357534301658062, 0.3749921742671569]",stable,0.114268883398909,3255,"[0.18554829834381592, 0.2611429622885103, 0.8506691734588336, 0.3685292467277571]"
"[0.29151556973075243, 0.29988929127363645, 0.8357900781837251, 0.37497629483831313]",stable,0.11568043457943789,3256,"[0.19610867670391158, 0.28897384391796127, 0.8414347142067709, 0.31072305522624866]"
"[0.29128172930666707, 0.2998625377261961, 0.8358039130759385, 0.3748188114078914]",stable,0.17425942020816346,3257,"[0.18195835907799943, 0.35606065290728217, 0.9343562294858396, 0.3003610446305628]"
"[0.29101443500292945, 0.29999994143079534, 0.8360448722847647, 0.3746367630783625]",stable,0.11367475969159636,3258,"[0.28233403966987425, 0.28330392700104134, 0.9295792253455127, 0.43643619371872383]"
"[0.29099326330699515, 0.2999592194443813, 0.8362730048532054, 0.3747874933969975]",stable,0.2088775694362169,3259,"[0.21141102447445495, 0.4178797119408958, 0.6858556977145732, 0.3471126413012049]"
"[0.3384078977900702, 0.5138438159109594, 0.5968910063348821, 0.4354535298261242]",stable,0.31279746870780983,3260,"[0.36590290353450966, 0.3217858143710983, 0.6372569963033496, 0.19343991040046704]"
"[0.29117552520535894, 0.30001232551476265, 0.8357887809881206, 0.37434625840187213]",stable,0.40881290197429543,3261,"[0.22104460662403136, 0.4390936809135099, 0.4748240884602785, 0.26222797082882776]"
"[0.23206396627433495, 0.6239052695812575, 0.34969652315099053, 0.3647926589221422]",stable,0.18907871914283542,3262,"[0.2561222469082334, 0.45161879646368636, 0.38528508288396546, 0.2998096860563464]"
"[0.23206396627433495, 0.6239052695812575, 0.34969652315099053, 0.3647926589221422]",stable,0.1817262444025027,3263,"[0.22675483135723956, 0.4437700785789875, 0.34307404672723313, 0.3872358485275152]"
"[0.23206396627433495, 0.6239052695812575, 0.34969652315099053, 0.3647926589221422]",stable,0.19548305719535347,3264,"[0.14293192054900622, 0.4604303271052104, 0.298083454910665, 0.33510868269704136]"
"[0.23206396627433495, 0.6239052695812575, 0.34969652315099053, 0.3647926589221422]",stable,0.12416205366101245,3265,"[0.2904300383113942, 0.5386086436182276, 0.4058895200088321, 0.3250881263377819]"
"[0.23215160301913534, 0.623777196569301, 0.3497808970201465, 0.3647330425068504]",stable,0.1845334727825143,3266,"[0.16116859533506894, 0.4624912107940477, 0.3136104084285342, 0.3235925302975018]"
"[0.23215160301913534, 0.623777196569301, 0.3497808970201465, 0.3647330425068504]",stable,0.10723186463177664,3267,"[0.17495451529745554, 0.5876105928753073, 0.2689118300834249, 0.34525647354330397]"
"[0.23206585026393042, 0.6237229737751571, 0.34965965404123084, 0.36470384225353175]",stable,0.13724314708892488,3268,"[0.12213262559180499, 0.609202445504278, 0.408772902751715, 0.3095210041452276]"
"[0.23206585026393042, 0.6237229737751571, 0.34965965404123084, 0.36470384225353175]",stable,0.19963173336894374,3269,"[0.17302358352217512, 0.4883309158590998, 0.4653606516547004, 0.29651946346786434]"
"[0.23206585026393042, 0.6237229737751571, 0.34965965404123084, 0.36470384225353175]",stable,0.19970582447874016,3270,"[0.17387332903498845, 0.5257663814464076, 0.36809040321430314, 0.20172881254649044]"
"[0.23206585026393042, 0.6237229737751571, 0.34965965404123084, 0.36470384225353175]",stable,0.08340582299064345,3271,"[0.24216888573088516, 0.6964653180647755, 0.3311924279693926, 0.3297471134082546]"
"[0.23208097456852167, 0.6238318695001416, 0.3496320084932191, 0.3646515118211286]",stable,0.12579959752523545,3272,"[0.1257007708139113, 0.6200943035888967, 0.3552893392191513, 0.2978471991103812]"
"[0.23192196081104094, 0.6238262827050575, 0.3496404648919126, 0.36455165485145635]",stable,0.11327391701123547,3273,"[0.19141575813402645, 0.5196083427751589, 0.3389497366007206, 0.37919942413994673]"
"[0.23186150379212, 0.623670733540983, 0.3496245085810302, 0.364573517193678]",stable,0.13377923966358835,3274,"[0.11813381821157518, 0.6888282419267081, 0.364090269445695, 0.38711546389379786]"
"[0.23169201394773764, 0.6237678386205445, 0.34964606709200585, 0.3646071117491178]",stable,0.22800122370233752,3275,"[0.20955325279347162, 0.803951681858197, 0.2589905471517026, 0.2606369592784203]"
"[0.23165906936268668, 0.6240359693396482, 0.34951116304447566, 0.3644523942603221]",stable,0.07881472336291312,3276,"[0.26834948080163734, 0.693016954691732, 0.3507877818293814, 0.35417775404537183]"
"[0.23171358706170445, 0.624138467089057, 0.34951305995203125, 0.3644371273357828]",stable,0.16192891405507415,3277,"[0.11162939707716998, 0.7290872940971206, 0.37182255469128767, 0.3814309696595318]"
"[0.23153542060772145, 0.6242941775148849, 0.3495461600925939, 0.3644623407516934]",stable,0.09750844460295739,3278,"[0.17936134144510968, 0.6626330370478551, 0.4010143320335146, 0.41610458469202327]"
"[0.2314581256756287, 0.6243509758253041, 0.34962240923621013, 0.36453884777975315]",stable,0.22391401185890283,3279,"[0.1991316474601852, 0.6784725919634914, 0.5622006083649981, 0.39574531240949645]"
"[0.2314581256756287, 0.6243509758253041, 0.34962240923621013, 0.36453884777975315]",stable,0.3284264631745055,3280,"[0.20053810401522937, 0.6267877383646491, 0.6757174957342156, 0.34079120107485966]"
"[0.3379588105139306, 0.5142117114238378, 0.5971477701440004, 0.4351451834784002]",stable,0.13323355986800864,3281,"[0.3335559972308554, 0.6189033929232153, 0.6793205483607819, 0.4395135991254243]"
"[0.33794451566560896, 0.514551619480654, 0.5974145648784706, 0.4351593666460854]",stable,0.1399969510448324,3282,"[0.39871423254502425, 0.6399861843766209, 0.5900953360097544, 0.4460582945920679]"
"[0.3381411814160278, 0.5149575565838772, 0.5973908780536528, 0.43519463825756105]",stable,0.2145581604211432,3283,"[0.5273735851298957, 0.6046776621433991, 0.585864003993124, 0.48040233031054763]"
"[0.6117484667787411, 0.6096530450716352, 0.4155860667715126, 0.5523116829944557]",stable,0.12474749196503221,3284,"[0.6707508346052786, 0.5893591578103254, 0.45368967449407016, 0.45123284959804943]"
"[0.6119816777187669, 0.6095728320785074, 0.415736673916661, 0.5519121619138374]",stable,0.1684604810496715,3285,"[0.6167870608439752, 0.6338766816628686, 0.5806595340870255, 0.5281294989613032]"
"[0.6908425912992097, 0.6017154096414438, 0.6499188770673009, 0.6518876532292095]",stable,0.17343490480042945,3286,"[0.5641346478695356, 0.5357149408910754, 0.6066624330256403, 0.5635837379787583]"
"[0.6896801331026072, 0.6011099007538256, 0.6495220289568269, 0.6510775255663613]",stable,0.09102074773308506,3287,"[0.7114989109233777, 0.6323987920893194, 0.6560018546690713, 0.7334652345406517]"
"[0.6898784856282506, 0.6013943452205119, 0.6495809364633018, 0.6518265047388548]",stable,0.1941553045808855,3288,"[0.7680805754507416, 0.5745397847687406, 0.7650081128962696, 0.784250501687845]"
"[0.6905830089599847, 0.601152412243469, 0.6506208209356709, 0.6530195137203773]",stable,0.3192949973172759,3289,"[0.5248859374216676, 0.5210133069316976, 0.9078113064853819, 0.6091497777056972]"
"[0.5172228610867551, 0.5107730862062294, 0.7857351312225506, 0.5653926774179596]",stable,0.17240710094936848,3290,"[0.4534170189390279, 0.4075845968798668, 0.855514806976954, 0.464715194892131]"
"[0.5170804373319611, 0.5105427547568402, 0.7858908894273595, 0.5651679508944645]",stable,0.31288003903355127,3291,"[0.3906127428575235, 0.29093741692408387, 0.8916543381527486, 0.41520985811841643]"
"[0.2914168776753885, 0.2999902990376008, 0.8359243770006561, 0.3744454418963298]",stable,0.11645508655218983,3292,"[0.32655005259369235, 0.3698903438654218, 0.8466111859295145, 0.4600446419628291]"
"[0.29150194589552963, 0.3001595485408159, 0.8359502530513314, 0.374652703881963]",stable,0.13207518015608727,3293,"[0.36001774895867555, 0.31364285378472995, 0.9479802499632396, 0.3787658797221618]"
"[0.2916674430043778, 0.30019211691097025, 0.8362208569086065, 0.3746626390893064]",stable,0.23604440248722605,3294,"[0.4278607426661793, 0.4433213115395109, 0.7714192008390705, 0.48639054110314184]"
"[0.5168817297714583, 0.5103930410748416, 0.7858586584950916, 0.5649925000931475]",stable,0.18522895622217803,3295,"[0.4351354096749912, 0.4267654673682939, 0.6516143696267107, 0.5138827632906349]"
"[0.33845406602331474, 0.5146730659735043, 0.5975657925425981, 0.43544847091895805]",stable,0.11079195680477412,3296,"[0.3134933119237208, 0.5595761497864843, 0.4997663831109036, 0.4270337798190536]"
"[0.3383738063638305, 0.5148174488796554, 0.5972513249881554, 0.4354214140343925]",stable,0.1304593970723525,3297,"[0.32843088422532424, 0.5473862247549697, 0.5496072711683149, 0.3188447801945658]"
"[0.338341938023643, 0.5149218359818198, 0.5970986196874508, 0.4350477709772135]",stable,0.1990316539845376,3298,"[0.2162301165220335, 0.5423980113773105, 0.45205161863994825, 0.38111513141505415]"
"[0.2314581256756287, 0.6243509758253041, 0.34962240923621013, 0.36453884777975315]",stable,0.16833717842841497,3299,"[0.3109220940131959, 0.5669445010012613, 0.4765483643048346, 0.3133804471452514]"
"[0.2314581256756287, 0.6243509758253041, 0.34962240923621013, 0.36453884777975315]",stable,0.1567330369458755,3300,"[0.21023079418763088, 0.6098134640555913, 0.4988678474953907, 0.4049010228765739]"
"[0.15676230417320508, 0.5126788407004262, 0.45893714231426613, 0.31179130035107055]",stable,0.09273584700831702,3301,"[0.2452876647639308, 0.5330434212120936, 0.446179963217001, 0.32541980337583765]"
"[0.15733714417704098, 0.5128110782362163, 0.4588543034889593, 0.31187979712395864]",stable,0.08132577501142671,3302,"[0.23655198620314202, 0.5125550242928345, 0.47083361382322225, 0.3258555276695348]"
"[0.15784820767398355, 0.5128094262752912, 0.4589315893620835, 0.3119699631274785]",stable,0.11425175466385622,3303,"[0.2178246037528803, 0.5846441685703772, 0.3968613180467074, 0.290914166410387]"
"[0.23143795774379033, 0.6242922379447494, 0.3496922892788292, 0.36442993552920677]",stable,0.08234498041046324,3304,"[0.25250277513180264, 0.5761013264762698, 0.3985225547624594, 0.40480580074401823]"
"[0.2314690726882335, 0.6242210549145153, 0.3497644167019956, 0.36448957491652556]",stable,0.09512463307344941,3305,"[0.20285114589838257, 0.7130642089162956, 0.351949529639793, 0.3827057587120995]"
"[0.23142686335668505, 0.6243520920148129, 0.34976763958243484, 0.36451644244424763]",stable,0.10755553654303893,3306,"[0.1317844649713954, 0.6018148127628768, 0.3245035509566102, 0.38672866329032557]"
"[0.23128011461090406, 0.624318900145517, 0.34973043179358976, 0.3645491555824598]",stable,0.1041925905021161,3307,"[0.1961877648922597, 0.5336015866200389, 0.3346496483521841, 0.3303795506055284]"
"[0.231228508214259, 0.624185492331509, 0.3497082541708818, 0.3644989061633761]",stable,0.20054089198883648,3308,"[0.07805107794145455, 0.6060972667246003, 0.27968223418025484, 0.2571560124378751]"
"[0.23100357806701555, 0.6241589310604269, 0.3496054259476944, 0.36434128076877187]",stable,0.1120171358176893,3309,"[0.21505526065657643, 0.7121950275135758, 0.28827737591746067, 0.33637691255928887]"
"[0.2309801934373815, 0.6242880162458421, 0.3495155021206706, 0.36430027729632397]",stable,0.20868598231790977,3310,"[0.033732560056240826, 0.6540835972874286, 0.38962829070915295, 0.3179710437220455]"
"[0.15705259454822879, 0.5137150299356255, 0.45848733744764164, 0.31200843159282826]",stable,0.12415155042807599,3311,"[0.20265091973413124, 0.5580021578623298, 0.36082697753438764, 0.26916564205300947]"
"[0.23093871573064176, 0.6241909652086773, 0.3495320635780846, 0.3641609879328638]",stable,0.1904372995126705,3312,"[0.1173424541188798, 0.5647527967625788, 0.2897601302972846, 0.23665932317055757]"
"[0.23077263932477657, 0.6241040673015925, 0.349444677710715, 0.3639745819902288]",stable,0.17446646368217042,3313,"[0.12249041445173654, 0.5265165857485702, 0.3397398071310343, 0.26860160018994816]"
"[0.15683245327372883, 0.5137965685076824, 0.45773098375135757, 0.31173195495968886]",stable,0.16852720210550415,3314,"[0.11869152747110798, 0.6494458971408683, 0.3669011636216775, 0.3289334387620914]"
"[0.23060901726367633, 0.6241410626736207, 0.34947016163175293, 0.36392342703661107]",stable,0.22064791702840145,3315,"[0.3784693460547454, 0.5861035398017234, 0.48492219638181994, 0.44776088641251177]"
"[0.338470140605212, 0.515149253565909, 0.5967402285586788, 0.4350883879594349]",stable,0.3490775548743935,3316,"[0.5085277961397028, 0.588622310999572, 0.33409479104583945, 0.5713037215171389]"
"[0.6115743789723926, 0.609490349712055, 0.4154152491809492, 0.5519885066366851]",stable,0.16096496665422666,3317,"[0.5564472481484554, 0.7061346782085535, 0.29909445110927574, 0.5517322986222487]"
"[0.6113581941456321, 0.6098693470787078, 0.4149590891885112, 0.5519875018993735]",stable,0.19517519306243433,3318,"[0.44020184175183985, 0.6367432028165418, 0.46177706683334485, 0.4752754958687627]"
"[0.6106896146440939, 0.6099743230776837, 0.41514197191368635, 0.5516878456258165]",stable,0.23429856176631464,3319,"[0.42748460354433415, 0.571231923886292, 0.3128657819321089, 0.4548872907645576]"
"[0.23089600791423123, 0.6240639356491494, 0.3494168024776718, 0.36405602742105414]",stable,0.21749493904306205,3320,"[0.27675590594246846, 0.7491099894405834, 0.39019233140792753, 0.5310942234536761]"
"[0.23096276176871194, 0.6242459531946973, 0.34947615550377115, 0.36429916889999536]",stable,0.16608504563537138,3321,"[0.2820419334088753, 0.6665015413771205, 0.4168068520099657, 0.5008868813180833]"
"[0.23103700475074704, 0.6243073712007764, 0.34957401988822784, 0.3644976975517658]",stable,0.16959269953289605,3322,"[0.27809519752564266, 0.4837585824786864, 0.40937811285982667, 0.307781573916475]"
"[0.23103700475074704, 0.6243073712007764, 0.34957401988822784, 0.3644976975517658]",stable,0.08525037862627168,3323,"[0.22381664834592813, 0.6437713778900789, 0.43161367320218996, 0.35419521061735226]"
"[0.23102652527846138, 0.6243356208476404, 0.3496930905026167, 0.3644827447405402]",stable,0.19752448769493194,3324,"[0.31675648260204925, 0.5193098075976631, 0.4899597104592253, 0.3954851887340441]"
"[0.33840098882813185, 0.5151625037379847, 0.596400163214413, 0.4349622631211375]",stable,0.18304475905120882,3325,"[0.20862415779316168, 0.535467384815428, 0.539051151380649, 0.3211107783317086]"
"[0.23102652527846138, 0.6243356208476404, 0.3496930905026167, 0.3644827447405402]",stable,0.31366226827243193,3326,"[0.23630399515587325, 0.49400974926688435, 0.6326866150406336, 0.4003435745659527]"
"[0.3380768713879025, 0.5150953521364892, 0.5965153582995756, 0.43485236252254966]",stable,0.21409461756094356,3327,"[0.2533059860110607, 0.35531264425814396, 0.6977973912359109, 0.38135621005959663]"
"[0.2915750057586108, 0.3003249374587948, 0.8358873063889132, 0.37467876817598184]",stable,0.15848752285078718,3328,"[0.24086514706613074, 0.3503790879403302, 0.6948252714040599, 0.38663240512342756]"
"[0.2914531070598308, 0.30044525993591387, 0.8355482149586612, 0.37470750288018245]",stable,0.2595829203374244,3329,"[0.15500384219340327, 0.3777405492579726, 0.6507374526073378, 0.28178112871192457]"
"[0.23102652527846138, 0.6243356208476404, 0.3496930905026167, 0.3644827447405402]",stable,0.32800486416337327,3330,"[0.16785622339247175, 0.4199339779725895, 0.5911638582721712, 0.3052498098374989]"
"[0.23102652527846138, 0.6243356208476404, 0.3496930905026167, 0.3644827447405402]",stable,0.2608168148398389,3331,"[0.20396950622812748, 0.4431483795667169, 0.5353006505268937, 0.3682703405679074]"
"[0.15824842031548295, 0.5118895687024541, 0.46042836836179024, 0.31188957135825096]",stable,0.14652339256680466,3332,"[0.1491259816687531, 0.46538661248305524, 0.32812991257849644, 0.35336823265095824]"
"[0.15819245443421467, 0.5116042744925191, 0.4596167213937945, 0.31214404167293014]",stable,0.1299799836147323,3333,"[0.19477947138862123, 0.6326483776706515, 0.48966603619732624, 0.3133890703890351]"
"[0.15841554600100982, 0.5123423482923857, 0.4597999489230843, 0.31215163331144297]",stable,0.11758805108983197,3334,"[0.09361222862891558, 0.6039625238501474, 0.4673067582371213, 0.2778460789307865]"
"[0.15802279862299712, 0.5128976220836449, 0.45984544473710876, 0.31194372086065114]",stable,0.1803702730333376,3335,"[0.2777249768594311, 0.6240993233769112, 0.39105545620169146, 0.3452144741787543]"
"[0.2310942041937961, 0.6243352783875379, 0.3497530359601516, 0.36445481971074056]",stable,0.21403654175061287,3336,"[0.09953199584684952, 0.49220526105504475, 0.3387461583816621, 0.25993910938390175]"
"[0.15767044438940586, 0.5127729693063642, 0.4591159309638832, 0.3116304400686225]",stable,0.13264202372145434,3337,"[0.21458374298474048, 0.42877983152258226, 0.3865940248066419, 0.35680243175015064]"
"[0.15801124258458749, 0.5122700163855032, 0.458681668052762, 0.3119009310367754]",stable,0.19934696438238927,3338,"[0.2955902403358449, 0.6094026975000011, 0.35335644323352094, 0.2950762211575924]"
"[0.23118754143857476, 0.6243136682849509, 0.3497582507318931, 0.36435441652904277]",stable,0.07632466574662024,3339,"[0.1767238912983615, 0.638203916415943, 0.3847036408628144, 0.32634065415020247]"
"[0.23110883674184035, 0.624333740897857, 0.3498087498505794, 0.36429948334641443]",stable,0.12423410790097716,3340,"[0.15508921656173036, 0.579711078504075, 0.2966112094802086, 0.29477272149849887]"
"[0.230999140320224, 0.6242693503316322, 0.3497319857230608, 0.36419915612874065]",stable,0.1182881918871228,3341,"[0.18327787531779327, 0.582736135255845, 0.308291587431755, 0.2732460767887925]"
"[0.23093037769053754, 0.6242095042003991, 0.3496722733335921, 0.36406809981845256]",stable,0.10669284228206698,3342,"[0.15952620555173988, 0.6116977339852999, 0.4128968037739282, 0.31790619829693223]"
"[0.23082763787451047, 0.624191501653327, 0.34976324388098823, 0.3640016798162633]",stable,0.15009936089242407,3343,"[0.15655927138441667, 0.6265888581059518, 0.22361657628941045, 0.3970969788296628]"
"[0.23072093045139255, 0.6241949461309888, 0.34958199866893136, 0.36404923053323657]",stable,0.16355937173501534,3344,"[0.12238270405265463, 0.7033368577052782, 0.30131671913761704, 0.4441836014814145]"
"[0.23056549540634413, 0.6243084926325301, 0.34951275149600264, 0.3641642009363186]",stable,0.11982606151813216,3345,"[0.2762516254691234, 0.7254044848570407, 0.37412304154699005, 0.4021773107615088]"
"[0.2306309483147435, 0.6244533292976082, 0.34954800979120465, 0.36421866097904815]",stable,0.12599545326622155,3346,"[0.26716465188470606, 0.7320708405249976, 0.29523983611421556, 0.3672577885373182]"
"[0.23068321398508682, 0.6246072885411381, 0.3494703156943849, 0.36422300880101993]",stable,0.1084764360901762,3347,"[0.24697553590675467, 0.6982424922782436, 0.3991753143931703, 0.42429768989193817]"
"[0.23070648873068922, 0.624712481689334, 0.3495413228353832, 0.36430882977400697]",stable,0.09392486431849538,3348,"[0.22735990111166104, 0.5978860975543039, 0.26433508377436393, 0.39313455487975535]"
"[0.23070171471126122, 0.6246742129530501, 0.3494197732789481, 0.3643499506372106]",stable,0.07490837195689551,3349,"[0.2360518874443963, 0.6655822615745771, 0.37457042075388175, 0.3071082147225074]"
"[0.2307093360399409, 0.6247324865265851, 0.3494556004121033, 0.3642684097028592]",stable,0.18224096906935047,3350,"[0.34479905972228225, 0.7300858986951635, 0.3810130059780387, 0.45426893445581634]"
"[0.23087162583180768, 0.6248823491327993, 0.3495004900359524, 0.3643964332089089]",stable,0.25177941171332396,3351,"[0.3004202059706824, 0.7862363491537692, 0.4767176684903861, 0.4922109212245468]"
"[0.23097041642859584, 0.6251115451555563, 0.3496811962553479, 0.36457798787938567]",stable,0.057449731846320615,3352,"[0.2115924319999529, 0.6430506232092799, 0.35598809006793247, 0.41520780101074745]"
"[0.23094292992586019, 0.6251369906563418, 0.34969014220401823, 0.3646498032171607]",stable,0.09061402470892257,3353,"[0.26469878047087586, 0.6911457844616589, 0.3044787264230471, 0.33876136851401417]"
"[0.23099074274532902, 0.6252304875314201, 0.34962610337146727, 0.36461313404619305]",stable,0.0904133288830021,3354,"[0.2462123563332056, 0.5603788635265898, 0.40700966776935515, 0.3856907506196307]"
"[0.23101227260896112, 0.6251387596332519, 0.34970726824331716, 0.3646429467994794]",stable,0.2686200110629845,3355,"[0.3876787469139588, 0.6403549948445643, 0.5189555707932287, 0.5015217415132225]"
"[0.338233839348428, 0.5154917434108818, 0.5962699159340491, 0.4350633415699885]",stable,0.3306653679252691,3356,"[0.5283532871898097, 0.6594857787769072, 0.387085907493793, 0.5283475818762505]"
"[0.6103692398290967, 0.61016697465628, 0.4150328043478502, 0.5515970274789311]",stable,0.17168831993145608,3357,"[0.5585502711600562, 0.5214592824041488, 0.5413469848485035, 0.4971236686077124]"
"[0.6101683911133252, 0.6098231463917368, 0.41552239419475195, 0.5513858904290426]",stable,0.3190473063747453,3358,"[0.3841070041075194, 0.5937446336482737, 0.6392463440669758, 0.5319820585517847]"
"[0.3383785496473526, 0.5157385979542174, 0.5964054882625441, 0.4353690788475336]",stable,0.1768579759079251,3359,"[0.42471274693040856, 0.511196117744953, 0.7182303114594215, 0.5300434066684196]"
"[0.5166769098095892, 0.5103948256896641, 0.7857083732794569, 0.5649148354410926]",stable,0.2446704561991187,3360,"[0.4291018094571789, 0.3167735544388218, 0.7173183589066844, 0.46477571627056136]"
"[0.2917831998713352, 0.3004844165174556, 0.8352646901240042, 0.37492349379958384]",stable,0.05702814306835976,3361,"[0.3037947720688802, 0.24703256617043937, 0.8208078529008133, 0.36845582133177796]"
"[0.29181193568998964, 0.300356541277391, 0.8352301043890206, 0.37490802089894315]",stable,0.15998097266746253,3362,"[0.38515746183355803, 0.28550979257904946, 0.9578143588519705, 0.4153208774604238]"
"[0.2920347173752965, 0.3003211075096145, 0.835522668242154, 0.37500447163059347]",stable,0.1265398936227214,3363,"[0.3302026656459081, 0.21689065070081495, 0.8528942654920959, 0.2896045952341817]"
"[0.2921255934426075, 0.30012246356483163, 0.8355640291879872, 0.3748011385915544]",stable,0.13559577377335563,3364,"[0.26054817868806657, 0.3179799520515392, 0.7572036646026042, 0.27025524383902144]"
"[0.2920505877068485, 0.3001648804020922, 0.8353779000559555, 0.3745528110505745]",stable,0.11912387623352153,3365,"[0.21862398372159286, 0.23642886240219227, 0.888649820005148, 0.4181286560858121]"
"[0.2918765910149403, 0.30001384718408297, 0.8355041368330862, 0.3746560713468665]",stable,0.07418726705651006,3366,"[0.24200240854559685, 0.25595761105788234, 0.8481991189997045, 0.4048918449025452]"
"[0.29175868514621844, 0.2999096953256286, 0.835534148611258, 0.3747275507169745]",stable,0.12373281598440725,3367,"[0.18647177175606364, 0.32589849813449173, 0.8686889452003642, 0.3252319225069776]"
"[0.2915103669542605, 0.2999709896718759, 0.8356123438862322, 0.3746108157447811]",stable,0.04176085921974128,3368,"[0.26457953543875673, 0.2759695945946877, 0.8565004651242284, 0.3720970333058868]"
"[0.2914470002918711, 0.29991451580110606, 0.8356614924067922, 0.374604900962572]",stable,0.16113846590303468,3369,"[0.38683766389383056, 0.42546813410821943, 0.815313478753039, 0.40084368449953556]"
"[0.2916709220374156, 0.3002092426046439, 0.835613727116525, 0.3746664943511564]",stable,0.4481110286913763,3370,"[0.6453821209508086, 0.40162077545747077, 0.6654322002890458, 0.5655744059975877]"
"[0.5169622872178846, 0.5101536415428078, 0.785441685534467, 0.5649162979035238]",stable,0.2277275070120196,3371,"[0.651153360415252, 0.5363723272040819, 0.6099526978026837, 0.6135862992505295]"
"[0.6902309585265496, 0.6005740186270458, 0.650257712693412, 0.6526674314483251]",stable,0.0872860517420835,3372,"[0.7027496638135398, 0.5224191321917105, 0.613509814625653, 0.6545496005535324]"
"[0.6903417435290893, 0.5998823824639014, 0.6499325100556443, 0.652684087812088]",stable,0.11256554954561232,3373,"[0.722440160837804, 0.5553769698944931, 0.5535332938144498, 0.671845348493251]"
"[0.6906233085932009, 0.5994919841080294, 0.6490869028956339, 0.6528521690461333]",stable,0.2884555454680711,3374,"[0.8797566370774862, 0.6463073575874612, 0.43849231917067744, 0.6827424330033404]"
"[0.8737474974317275, 0.6780098433109463, 0.39871967867482805, 0.7129403196041608]",stable,0.025001186777913423,3375,"[0.8773459046103534, 0.6538544559747895, 0.4029794612563147, 0.7097026783208146]"
"[0.8737513418838414, 0.6779840362731939, 0.39872422972459465, 0.7129368605856957]",stable,0.1336652573827566,3376,"[0.756300622540591, 0.6965769931703131, 0.45970909203600613, 0.7103142512683055]"
"[0.8736259942644783, 0.6780038793435217, 0.39878931495651715, 0.7129340616429877]",stable,0.36875267207043,3377,"[0.5752696486590225, 0.7019144308232377, 0.3877883415868463, 0.4978310902341865]"
"[0.610033646933965, 0.6101787111964917, 0.4154153129105515, 0.5511791151387151]",stable,0.21846196747575744,3378,"[0.46982331076623807, 0.7769239708488009, 0.42572679323587126, 0.5636844988631922]"
"[0.609494376410243, 0.6108200391182314, 0.4154549724502643, 0.5512272127684246]",stable,0.3923121211125685,3379,"[0.2672948091065285, 0.7235289896295127, 0.34753212828650015, 0.41161547893367934]"
"[0.23106351912943787, 0.625277728884659, 0.34970419601173974, 0.3647092921838498]",stable,0.10298926722467897,3380,"[0.26643427920315116, 0.6902990412486132, 0.2837556116130913, 0.3368038868012435]"
"[0.2311134073664953, 0.6253694373647211, 0.3496111796726726, 0.3646699333610252]",stable,0.19448831006476924,3381,"[0.4003919743795785, 0.695193158752113, 0.38963084462202335, 0.4165692960816261]"
"[0.23135182788341513, 0.6254677806342808, 0.34966754539795336, 0.3647430310549979]",stable,0.08923277015179376,3382,"[0.26374743891128194, 0.7037798424472036, 0.35783283993909004, 0.33803047605253794]"
"[0.2313973913307117, 0.6255779241811343, 0.3496790296378143, 0.36470546065415055]",stable,0.10462555726266833,3383,"[0.24498484074752508, 0.727187277708841, 0.36935961405189704, 0.37178376014422043]"
"[0.2314164748270836, 0.6257206339473249, 0.34970667090805874, 0.36471540208601866]",stable,0.09335039977373664,3384,"[0.1797251222495007, 0.5492729532064464, 0.36343041773003504, 0.3615989795980561]"
"[0.23134397643637172, 0.6256134141987403, 0.3497259187998147, 0.3647110312269893]",stable,0.30547306920638034,3385,"[0.24432623655331165, 0.44971280659095486, 0.5933341369246039, 0.31123889607325556]"
"[0.3380827876564908, 0.5155309696794902, 0.5963958299250035, 0.4349787323608221]",stable,0.3022821964172996,3386,"[0.18213550075992657, 0.3000311374149864, 0.5341746225576662, 0.3055827755917286]"
"[0.1581548393594407, 0.5110066897249644, 0.459131030877196, 0.3118633229686501]",stable,0.3548716618479086,3387,"[0.16576806295666902, 0.3044548148204498, 0.7467220461456083, 0.2894208159904068]"
"[0.29137606756650053, 0.3002191853967184, 0.8354055498777174, 0.3744668557601476]",stable,0.16206698545754314,3388,"[0.2313282636475113, 0.2926243209717, 0.6934128003114657, 0.3250669961977619]"
"[0.29123576895921316, 0.3002014403863795, 0.8350737911170486, 0.3743514355275252]",stable,0.2376253073207582,3389,"[0.17220357152893512, 0.3682934061090256, 0.697155098116077, 0.2378265624122799]"
"[0.29095830462953887, 0.3003601629172016, 0.8347523023221746, 0.3740331957300538]",stable,0.28396493467978284,3390,"[0.27788160244308835, 0.4777793681588112, 0.6176127600883117, 0.33116212392721345]"
"[0.33789406920754594, 0.5154126261010554, 0.5964623406778666, 0.43465328844723705]",stable,0.18298157564714268,3391,"[0.2953506890859975, 0.3964334078326561, 0.5277890786521495, 0.32151511391214815]"
"[0.3377611211446661, 0.5150408160439667, 0.5962477367340362, 0.4342997316518149]",stable,0.21323631710467353,3392,"[0.2857696294837848, 0.5463239206941235, 0.45722964167614377, 0.2844266242003327]"
"[0.15890995646076816, 0.5112156674230068, 0.4591197800535211, 0.3117009756386601]",stable,0.057182205156163055,3393,"[0.20715753591949065, 0.5268777634436611, 0.4361476238177138, 0.2987027277177576]"
"[0.15919376575170183, 0.5113077973995989, 0.4589846497227223, 0.31162451535677244]",stable,0.07369581163615199,3394,"[0.18673246056941092, 0.5450925638395233, 0.445327217912682, 0.3694583899753913]"
"[0.1593548107506358, 0.5115053691331657, 0.4589047817004413, 0.3119627251498638]",stable,0.11979553935995561,3395,"[0.1759099096591188, 0.5880278998885337, 0.3979826966803113, 0.3791170384459346]"
"[0.23126633768738394, 0.6255607734223955, 0.3497935053234569, 0.3647312077076881]",stable,0.05536306944483116,3396,"[0.2468916156642766, 0.6301750542337996, 0.33674297626384686, 0.31345438789253366]"
"[0.23128819122301597, 0.6255672269619919, 0.3497752528352616, 0.3646594918757788]",stable,0.08671712044686605,3397,"[0.15320816025252168, 0.611624449166494, 0.3824769371031337, 0.3520275270391942]"
"[0.23117914090043148, 0.6255477538086461, 0.34982092557865246, 0.3646418494667891]",stable,0.17921642307492522,3398,"[0.17129963424076552, 0.486391052940112, 0.26133974033298035, 0.32804316857700894]"
"[0.23109562694414185, 0.6253536719385366, 0.34969752085724987, 0.36459080528144766]",stable,0.1825655662636211,3399,"[0.2073784727217769, 0.49324857204656936, 0.4720761292578304, 0.383013654388464]"
"[0.15963401808767733, 0.5113992249640575, 0.45898135930251915, 0.31237581194776265]",stable,0.1368022227337717,3400,"[0.15376879637823265, 0.47535928875280986, 0.5812244695038135, 0.36175386704719886]"
"[0.1596001150720158, 0.5111909016333567, 0.459687966875937, 0.3126612342315744]",stable,0.18760143337092036,3401,"[0.23120344613954058, 0.48082043881031844, 0.6301158118316185, 0.32262343451740305]"
"[0.3374291657708184, 0.5149342105074133, 0.596353244756147, 0.43395183041463603]",stable,0.17177469422478694,3402,"[0.2671096187530243, 0.5117934338080499, 0.7445054864888083, 0.38293462082274304]"
"[0.33721078208442773, 0.5149244565425084, 0.5968133448857516, 0.43379339187553073]",stable,0.32999715186513123,3403,"[0.3166011857508124, 0.4143513649842292, 0.8543158152196554, 0.25476575209772745]"
"[0.29101793923679764, 0.30062525873596213, 0.8347977988637966, 0.37375582958207165]",stable,0.10082821730205832,3404,"[0.2188750894160872, 0.29187417770427443, 0.7772342461209448, 0.4133991720301457]"
"[0.2908505544344294, 0.300604954603638, 0.834664240736783, 0.3738478094949442]",stable,0.10543939894474111,3405,"[0.23950477432538603, 0.22040358438839575, 0.8795197244024274, 0.3799143996031348]"
"[0.2907316984619548, 0.3004193032836953, 0.8347680728748978, 0.37386185252760207]",stable,0.07154554646601531,3406,"[0.2641501597025188, 0.2776267799160601, 0.8959814466861304, 0.38592878094719024]"
"[0.29067030922694453, 0.30036666466159917, 0.8349094432532148, 0.37388972072256643]",stable,0.14085132232707145,3407,"[0.28133258909534936, 0.3178757187329151, 0.9646544557847343, 0.4249932111390944]"
"[0.29064879374277036, 0.3004070081041598, 0.8352083948949924, 0.3740074707004847]",stable,0.18960143692520764,3408,"[0.2058214246662361, 0.26648581678410416, 1.0, 0.39512859770640824]"
"[0.2904537882966174, 0.3003290283539988, 0.8355872261710959, 0.3740560250154409]",stable,0.1026713123033296,3409,"[0.23123614938222486, 0.2990439973300589, 0.9176382325601191, 0.35671674425445044]"
"[0.29031796802387794, 0.3003260810351365, 0.8357754165527221, 0.37401625602286975]",stable,0.20804735488582352,3410,"[0.15009149728402893, 0.2772220670307859, 0.890344165227122, 0.23221112570724606]"
"[0.28999708365147553, 0.3002732114378725, 0.8359002878311533, 0.3736917591571589]",stable,0.11703369947549316,3411,"[0.23698113339542892, 0.21760862606492357, 0.8843516485368593, 0.33239735515065405]"
"[0.2898760426691558, 0.3000844795077973, 0.8360109073761435, 0.37359747969595686]",stable,0.12965917257830345,3412,"[0.2083220540379608, 0.28269968966997, 0.9312790359390501, 0.4015653314985044]"
"[0.2896902704854857, 0.3000448786197841, 0.8362279190585191, 0.3736611877866233]",stable,0.13501375405689833,3413,"[0.26450852366560257, 0.17810894508125444, 0.888426806328955, 0.37243738573908836]"
"[0.2896330392427132, 0.2997677514981056, 0.8363465528932246, 0.3736584064183334]",stable,0.15677097795285982,3414,"[0.19134560364867775, 0.1849100628845685, 0.8162198196081358, 0.33733561045944493]"
"[0.2894101652390986, 0.2995073032246055, 0.8363009140422379, 0.3735760418016466]",stable,0.10581182930381872,3415,"[0.26146494418610916, 0.24520824971835536, 0.827162467005124, 0.2876498559500957]"
"[0.28934694075707834, 0.29938445468726105, 0.836280238822697, 0.3733816386662358]",stable,0.08533063662512272,3416,"[0.2406058092903561, 0.2644045922241704, 0.8687547321969364, 0.42464016139506766]"
"[0.28923691562961396, 0.29930549337244594, 0.8363535446768149, 0.37349734639248605]",stable,0.14698670982512482,3417,"[0.29613699933993876, 0.187977936952466, 0.8358633752997409, 0.2777716099077563]"
"[0.2892524563586913, 0.29905475563276135, 0.8363524406917314, 0.3732817478868898]",stable,0.2126370216629232,3418,"[0.27048493610002816, 0.17212245870631376, 0.6678671164440801, 0.3542247104686789]"
"[0.2892102821558628, 0.2987695145160727, 0.8359738219855569, 0.37323892308370277]",stable,0.29380166563403914,3419,"[0.2574365057297703, 0.5159455861217747, 0.6432064762571302, 0.3418518205781724]"
"[0.3369638029006672, 0.5149276179343947, 0.5969569768714214, 0.43350874304798476]",stable,0.14687462263914308,3420,"[0.27979991485735867, 0.40984727717088265, 0.5456705208766588, 0.36544799007180734]"
"[0.3367873711474471, 0.5146032958950011, 0.5967986853405733, 0.4332986789955891]",stable,0.26996436793276085,3421,"[0.12475202865435442, 0.4972235005917403, 0.47352992613607797, 0.32183330676469024]"
"[0.1593998387132936, 0.5111106292135773, 0.4597675183659378, 0.31271394729210955]",stable,0.07883042846295803,3422,"[0.17907796607904028, 0.5479072401307932, 0.5214513627560412, 0.3385619747080563]"
"[0.1595122851553836, 0.5113208955616757, 0.46011999747673843, 0.31286165030591495]",stable,0.08379902082196213,3423,"[0.1242470726644428, 0.5328701451480534, 0.4467270732643323, 0.24120343303815717]"
"[0.1593119146298669, 0.5114433344797802, 0.46004390131644063, 0.31245450134416636]",stable,0.1292802110841977,3424,"[0.16877537276847804, 0.48249203857634027, 0.3405126631905672, 0.2737515103016038]"
"[0.1593653804950568, 0.5112797678362578, 0.4593685835869159, 0.3122358403778242]",stable,0.20013876985994286,3425,"[0.20720521449251753, 0.5218268785552438, 0.2787592543230937, 0.3831999589343192]"
"[0.2310623533891953, 0.6252094842040196, 0.34959872104313544, 0.3646167233227469]",stable,0.18094105007002761,3426,"[0.11306315967236175, 0.4959971604452724, 0.34497260028091536, 0.3188059355301374]"
"[0.15910525565897424, 0.5111939104913646, 0.45872590952339903, 0.3122727510247473]",stable,0.09163766103816243,3427,"[0.17265170603773156, 0.5882687046934447, 0.41368243199440213, 0.29663574896288225]"
"[0.1591809341527103, 0.5116244959338343, 0.4584742699841309, 0.312185393471329]",stable,0.10586948527444064,3428,"[0.0924626389015733, 0.5510759094004926, 0.38635969743668075, 0.3124877059560855]"
"[0.15881027695687067, 0.5118436704530935, 0.45807363346997837, 0.3121870729851332]",stable,0.2982368013478501,3429,"[0.10559312424685768, 0.5946855097266648, 0.18113997556423453, 0.26160937908404325]"
"[0.2308878482026274, 0.6251670308320066, 0.3493644251523442, 0.3644734585880617]",stable,0.14810572629436894,3430,"[0.20300260416884952, 0.4941955421964331, 0.32619714838529673, 0.305588267086802]"
"[0.15905443346080425, 0.5117461669820622, 0.4573450341048696, 0.3121506154939822]",stable,0.1675244926678719,3431,"[0.2544961895125146, 0.5817018975574482, 0.3687058551355916, 0.3909200166387795]"
"[0.23092063756555778, 0.6251066625913475, 0.3493912882495432, 0.3645101899186877]",stable,0.2928857625545514,3432,"[0.30013997125830555, 0.4297650654414149, 0.5260048065765082, 0.4723993891806034]"
"[0.336674609917019, 0.5143422551859131, 0.5965808580212993, 0.43341898887308145]",stable,0.17051821120329608,3433,"[0.2645596110914515, 0.40130237222355336, 0.6423440270721983, 0.3385316635096003]"
"[0.3364533982641798, 0.5139955070786666, 0.5967212358404739, 0.43312792345785606]",stable,0.15793751848601617,3434,"[0.2785003213929715, 0.4360946867672495, 0.7108099304779567, 0.3831185985533543]"
"[0.33627617172940544, 0.5137572782703749, 0.5970701309311083, 0.4329749897425517]",stable,0.14965611369761622,3435,"[0.33508786696419507, 0.3853514966024724, 0.6651669124876228, 0.39733338659737716]"
"[0.3362725488490237, 0.5133657972287045, 0.5972777430700001, 0.43286632631832866]",stable,0.369215166916847,3436,"[0.16553664325428596, 0.2692153121061121, 0.814566720842866, 0.4514440219506137]"
"[0.28893298700137493, 0.29870324948824767, 0.8359258240009321, 0.37341427083900974]",stable,0.06451089369198693,3437,"[0.2959735021776214, 0.33323431578702145, 0.8899585326712599, 0.37381227210665985]"
"[0.28894873759461037, 0.2987805001958512, 0.8360467025438187, 0.37341516122215884]",stable,0.09717666352967132,3438,"[0.3131564937884903, 0.2145019637337109, 0.8518673283904875, 0.33463211641600643]"
"[0.289002772764686, 0.2985923784626768, 0.8360820164407979, 0.3733285919257165]",stable,0.12173844095243072,3439,"[0.32880293748465433, 0.1891948254170565, 0.850639471806895, 0.3408255032311533]"
"[0.2890914145569354, 0.29834873135121653, 0.8361144383903883, 0.37325620197316733]",stable,0.11479575919936362,3440,"[0.22111463920195237, 0.21349686018434705, 0.8680786071602273, 0.35493473323207875]"
"[0.2889403550561465, 0.29816017163751235, 0.8361854698765435, 0.3732154875981872]",stable,0.12971984140570966,3441,"[0.3568588329182605, 0.3688215805666446, 0.8789185923360464, 0.2997637132681747]"
"[0.28909095035074095, 0.2983168488191734, 0.8362802218110436, 0.373052623353553]",stable,0.1314778989502206,3442,"[0.30730610169542, 0.28463913226487164, 0.8396874180859891, 0.24360781945143017]"
"[0.28913124935814066, 0.2982865883843188, 0.8362877598558996, 0.372766241044035]",stable,0.09802110406784054,3443,"[0.31222196991185763, 0.33507117821480314, 0.9237412164393471, 0.38135357762755545]"
"[0.2891822222511953, 0.29836779056937507, 0.8364808138439425, 0.3727851976369346]",stable,0.18624759545389538,3444,"[0.4144682131163901, 0.2881666582342396, 0.9737465001233797, 0.3660283067394614]"
"[0.2894581825834974, 0.2983453211148924, 0.8367831611705492, 0.3727703146173366]",stable,0.06537183731806356,3445,"[0.2877265209982763, 0.25421691593745244, 0.8839257494911474, 0.38280718093227367]"
"[0.28945437673385954, 0.29824833560900793, 0.8368867712547702, 0.3727923736641826]",stable,0.19705093333143922,3446,"[0.28465283518411577, 0.24995740102792544, 0.9992541656668634, 0.4733449986654761]"
"[0.28944384703747855, 0.298142434436681, 0.8372428401021651, 0.3730128838067293]",stable,0.13631304208524062,3447,"[0.41550765045499877, 0.2675352267317328, 0.8759793667580533, 0.38888245373112296]"
"[0.289719697810821, 0.29807546024039006, 0.83732760274255, 0.37304760934266895]",stable,0.1221002579570549,3448,"[0.32169579389390396, 0.1867516281522393, 0.8372493816110401, 0.33440824388296453]"
"[0.28978951461449587, 0.29783239510482645, 0.8373274319540532, 0.372963243915901]",stable,0.1710375829614769,3449,"[0.2322711299374728, 0.19196242362744922, 0.899739145943762, 0.26883919623383956]"
"[0.28966420222957856, 0.297601741572196, 0.8374634051871463, 0.37273639413881593]",stable,0.17759604028375414,3450,"[0.22034564917413674, 0.20601870086346818, 0.9655809163780223, 0.3287620640408146]"
"[0.2895135097229363, 0.29740264800543786, 0.8377419215158222, 0.37264079776903763]",stable,0.11248598374973685,3451,"[0.3688491979532174, 0.2911221887511477, 0.7990923980888175, 0.30317342928861857]"
"[0.2896856044913317, 0.29738902444957177, 0.8376580830702105, 0.37249010933415605]",stable,0.14808752277384585,3452,"[0.31337401595730574, 0.2058495816349512, 0.7425700965318515, 0.309660348959134]"
"[0.2897368781092234, 0.2971908871274622, 0.83745226491753, 0.3723541141818292]",stable,0.14159691249426698,3453,"[0.2909481084777235, 0.3520696148923511, 0.7442633882813736, 0.280962774006176]"
"[0.28973949415753547, 0.2973094156971488, 0.8372509930457456, 0.37215672467821004]",stable,0.3319493867269061,3454,"[0.233728409252414, 0.41562287018406896, 0.5479018282938407, 0.2755537171636049]"
"[0.15946473003108783, 0.5112180169996556, 0.45784259890810575, 0.3119495336350241]",stable,0.24399628473050697,3455,"[0.20590596195807448, 0.3788852093893439, 0.6265294944397225, 0.4187678759048426]"
"[0.3358762978250391, 0.5129570416425666, 0.5973666541683883, 0.43282347388546094]",stable,0.11337091104260587,3456,"[0.34983376022217694, 0.4908626938919232, 0.5103607072105234, 0.3650004858541026]"
"[0.3359185931656365, 0.5128900890736252, 0.5971029997836675, 0.4326179496793053]",stable,0.26478100505844204,3457,"[0.12583334182143768, 0.5125706875555267, 0.5306968818213893, 0.28577349698444265]"
"[0.15928095195343947, 0.5112254086420374, 0.4582407097436974, 0.31180649518338155]",stable,0.12935951757666894,3458,"[0.22029737686309434, 0.6132642095649447, 0.4185599132707027, 0.34381271608490366]"
"[0.23090590350078322, 0.625090237552476, 0.34948722254222164, 0.3644814832975591]",stable,0.18668283024035426,3459,"[0.36675034553465224, 0.502730668308154, 0.38070458679286345, 0.38570360992620933]"
"[0.23109405369750605, 0.62492076446488, 0.3495304598888292, 0.3645108768247456]",stable,0.07346772760966523,3460,"[0.20503369114332717, 0.568417943832535, 0.34791933847496903, 0.32548268122141844]"
"[0.2310580089360203, 0.6248426139522487, 0.3495282315051309, 0.3644568959179637]",stable,0.20274295438598525,3461,"[0.07191349744460138, 0.5597516602914834, 0.4113611237133757, 0.27660707401711404]"
"[0.15880612883110884, 0.511489138270567, 0.45798592938483695, 0.311615193981391]",stable,0.09549917130855208,3462,"[0.19886248470539766, 0.5153510691652674, 0.37166390212450595, 0.30460283531089116]"
"[0.15902264967367258, 0.5115100135727004, 0.45751932383207844, 0.3115772893399288]",stable,0.11760574744753816,3463,"[0.12094378807622916, 0.5068817796823207, 0.3463598086709789, 0.3133811109336829]"
"[0.15881792461132072, 0.5114851305947951, 0.45692169203013705, 0.3115869873054866]",stable,0.20788562533618477,3464,"[0.17652230009002312, 0.6410397875353092, 0.2978069518351261, 0.33989031975990913]"
"[0.2309826833713159, 0.6248649857389657, 0.3494567932735425, 0.36442296418293874]",stable,0.13894528478536394,3465,"[0.16650393219039192, 0.6770009546236853, 0.33180526996633397, 0.25433869063026]"
"[0.23089374716279046, 0.624936897420186, 0.34943244634484294, 0.3642711238056247]",stable,0.09095673382104975,3466,"[0.22617535005623382, 0.5529862370452265, 0.40429700987996886, 0.3722615115212181]"
"[0.2308872479932222, 0.624837791827383, 0.349508017368996, 0.36428212984931013]",stable,0.09764387026607256,3467,"[0.19779309292517236, 0.5958515854713844, 0.4105634210687176, 0.42650061440993703]"
"[0.23084172645942844, 0.624797920842024, 0.3495920000425857, 0.3643677123590221]",stable,0.15244916337451472,3468,"[0.3108661532240243, 0.7130347121963144, 0.4442805308267365, 0.3551379060758077]"
"[0.2309516501225666, 0.6249191252257524, 0.3497220667057508, 0.364355034053688]",stable,0.16822804357448537,3469,"[0.1843394228611796, 0.7327160034062247, 0.38615042340297423, 0.4791626243842757]"
"[0.23088771016747553, 0.6250669947431468, 0.34977203701672094, 0.3645125204601772]",stable,0.14748576087776652,3470,"[0.14961897874869579, 0.5311386176830877, 0.35861161066889, 0.2854760423264242]"
"[0.15876873238745642, 0.5115902294562298, 0.45639596966991647, 0.31144735658367345]",stable,0.255743668527548,3471,"[0.34782610719160856, 0.5445169198475392, 0.28873630389471233, 0.3330853453098089]"
"[0.2310478997524401, 0.6249566521747967, 0.34968842642340314, 0.3644694695353137]",stable,0.14902268609438177,3472,"[0.23680769710713184, 0.5142819504391802, 0.2751718289903049, 0.2983410126657976]"
"[0.23105577909218664, 0.6248052503940366, 0.3495864885336178, 0.3643790065300202]",stable,0.11166048597929679,3473,"[0.2567693083174729, 0.5960427184840326, 0.34625197429979193, 0.25964851280033563]"
"[0.23109090686435232, 0.6247659573176568, 0.3495819331863038, 0.3642359320850343]",stable,0.10222176160017167,3474,"[0.24096133482962237, 0.5328070868101696, 0.3318286604174955, 0.32448356564719516]"
"[0.23110437265966646, 0.6246405018326535, 0.34955771316888384, 0.3641816996615174]",stable,0.24294460454891853,3475,"[0.23337431324502544, 0.41040077423993765, 0.30477531000319047, 0.25876441579936543]"
"[0.15916557058350733, 0.5110519876731644, 0.4555894767993488, 0.3111671281752463]",stable,0.08962329320420256,3476,"[0.20025470834433814, 0.47982794815491564, 0.40319437633302724, 0.3623904651040802]"
"[0.15938297342880273, 0.5108867811148669, 0.4553122540455588, 0.31143815112195966]",stable,0.21657934257528508,3477,"[0.27127740038809917, 0.674995514027686, 0.38528514138653436, 0.361943359964045]"
"[0.23115910430507305, 0.6247091053915024, 0.34960638813920764, 0.36417865015239287]",stable,0.07488155720854396,3478,"[0.2448969338428974, 0.6341406943973308, 0.3411402733215107, 0.436689957396745]"
"[0.23117779522961432, 0.6247219374853878, 0.3495948696156462, 0.36427730499218114]",stable,0.22596060187901704,3479,"[0.22489762841908478, 0.5825540399472607, 0.46128718485661024, 0.556020488025338]"
"[0.3355831823960094, 0.5131005541820048, 0.5966926801011085, 0.4329907670156981]",stable,0.30971424421619775,3480,"[0.3236054472325983, 0.6769890428743558, 0.3343209012093069, 0.42398744284878764]"
"[0.23130337627853145, 0.6247929525742315, 0.349574116941181, 0.3643584328968776]",stable,0.07639310368422317,3481,"[0.2678953638403018, 0.5808677959936653, 0.39566349157661884, 0.34330414825277916]"
"[0.23135302619381198, 0.6247333526331452, 0.34963665340608663, 0.3643298653464786]",stable,0.16950106526534828,3482,"[0.3199293258100481, 0.5069261868454957, 0.30865104404730476, 0.4373127522923457]"
"[0.23147304828001286, 0.6245737223271999, 0.3495811173500449, 0.36442875814721826]",stable,0.11946230808063307,3483,"[0.23409678131720785, 0.5238601519998446, 0.28627492741891863, 0.3537768970317767]"
"[0.23147659866301315, 0.6244374387408299, 0.34949545268166715, 0.36441434426208236]",stable,0.04728235536695842,3484,"[0.20204299867734493, 0.6253908176737684, 0.3645686642979529, 0.33063308198383246]"
"[0.23143682352789738, 0.6244387270907392, 0.34951582188655406, 0.36436869390765225]",stable,0.2712504082353461,3485,"[0.47519337979384013, 0.7290680608984466, 0.32297968361806595, 0.4144492402101959]"
"[0.6089798132048161, 0.6112730966729448, 0.41510066099879994, 0.5507031592337187]",stable,0.09245465128433328,3486,"[0.556575908129267, 0.6229984524828266, 0.3770464198860582, 0.48577177975194963]"
"[0.6087797982999475, 0.6113178499393946, 0.41495541580371315, 0.5504553295410402]",stable,0.21347204522763658,3487,"[0.6288461048916453, 0.6907672259259474, 0.22936282107562875, 0.6168695062722359]"
"[0.6088560960436422, 0.6116199388214728, 0.4142497405385873, 0.5507078549278508]",stable,0.1501333165921982,3488,"[0.6942927696606719, 0.6640196225665124, 0.3532705233760387, 0.6443902746761309]"
"[0.6091797198073431, 0.6118184224720222, 0.41401875865539584, 0.5510627125784124]",stable,0.3551799832494428,3489,"[0.9348527241257929, 0.714761311785722, 0.3296026181861289, 0.5997103387002467]"
"[0.8736912679636908, 0.6780430663717117, 0.3987155551518579, 0.7128133540492321]",stable,0.12821849269387733,3490,"[0.8080092631001, 0.7078509344823157, 0.37316450354029324, 0.815694308875833]"
"[0.8736213190767221, 0.6780748106402, 0.39868834423427374, 0.712922918431369]",stable,0.09231378189536364,3491,"[0.8078379236153286, 0.7177448464061997, 0.34825025621959915, 0.7216788734988028]"
"[0.873551336741125, 0.6781170128059085, 0.39863468669383256, 0.7129322332771855]",stable,0.296899172115686,3492,"[0.6201333009923973, 0.5699413739601052, 0.4148105145080255, 0.6035485447534196]"
"[0.6092210540759659, 0.611660395873864, 0.4140217464133302, 0.5512607723224691]",stable,0.18816562522354935,3493,"[0.5943583605317894, 0.5203921232765719, 0.5760215887447959, 0.575990437869495]"
"[0.689786222088319, 0.5988041592312341, 0.6484515523378005, 0.6521838061663364]",stable,0.2832495243434626,3494,"[0.4641827332491503, 0.4674786175307981, 0.6677289029761169, 0.5439463601790655]"
"[0.516845518293175, 0.5100592277728697, 0.7851812590243822, 0.5648699042359918]",stable,0.21058613334672519,3495,"[0.4095595963786505, 0.3516416981204357, 0.8350022437180998, 0.4923577928349037]"
"[0.28999772713646027, 0.2974265111334059, 0.8372461466032292, 0.3724157787044098]",stable,0.21690329913690315,3496,"[0.46263251506009484, 0.2981047621159687, 0.7614442694919001, 0.4796439773139091]"
"[0.2903689847448982, 0.29742796973766944, 0.8370831318137425, 0.3726463769809894]",stable,0.11830459059176336,3497,"[0.39940428419287816, 0.3343300208582092, 0.8239201208901596, 0.396568195387975]"
"[0.29060296607418573, 0.29750715868857186, 0.8370548850091853, 0.3726977113552533]",stable,0.11760096500445318,3498,"[0.39722793064614376, 0.2776198721053287, 0.8787440507556474, 0.3545976231862061]"
"[0.2908312850561386, 0.2974645734924622, 0.8371441551713833, 0.3726589531364759]",stable,0.06423548594403947,3499,"[0.30579733292634, 0.31719425811161606, 0.8560514902060273, 0.4288324993333307]"
"[0.29086326379090394, 0.2975067309382296, 0.8371845554599189, 0.37277898208134097]",stable,0.1153064405752589,3500,"[0.2762877589289812, 0.3519212465936935, 0.7557212779745566, 0.31373726120974105]"
"[0.29083218595537746, 0.2976227533596698, 0.8370108597723168, 0.3726530935506979]",stable,0.25400807615698634,3501,"[0.23435154792013008, 0.32522841726694646, 0.5969087581264151, 0.3186258005816411]"
"[0.33527826783433506, 0.5125346742515378, 0.596693330938534, 0.43264629422523404]",stable,0.17403476362834347,3502,"[0.20735383101004423, 0.5148783838894754, 0.5221228045876568, 0.34122867535858686]"
"[0.15963545162659873, 0.5109077895505227, 0.4556638885220961, 0.311594943354784]",stable,0.12491102084785788,3503,"[0.16527117355237578, 0.5327156608505288, 0.3816834435080799, 0.21350155788705838]"
"[0.1596649580241159, 0.5110219668871719, 0.45527655634924785, 0.311081365420398]",stable,0.06007656648849707,3504,"[0.2084418590047905, 0.5160904346226708, 0.4782629834092242, 0.3370802611200016]"
"[0.15991900438339024, 0.5110483651566277, 0.45539627732351856, 0.3112167763355001]",stable,0.08679986844767079,3505,"[0.0948187725725807, 0.525166611897359, 0.40345608325232996, 0.2912400816757995]"
"[0.1595816974828161, 0.5111215166941444, 0.455127157146984, 0.3111132701455535]",stable,0.16579565249367745,3506,"[0.2145131817054433, 0.44755712810658843, 0.31249770773921204, 0.3017784379548005]"
"[0.1598648494633451, 0.5107938652065797, 0.45439195379952124, 0.3110651524538486]",stable,0.09042147118920432,3507,"[0.13905279828347009, 0.5177764118090886, 0.4515533515348008, 0.3987354858502312]"
"[0.15975812099575598, 0.5108296731378745, 0.4543773968648303, 0.3115147439071634]",stable,0.26892597330988854,3508,"[0.09522313525784448, 0.5389305152225036, 0.1990106942160898, 0.26509702542679275]"
"[0.23125299938718205, 0.6243233313932112, 0.34931271105299067, 0.3642347240446551]",stable,0.23571703947974462,3509,"[0.018411621263599715, 0.6105093099520803, 0.2678456557139596, 0.3056398252431301]"
"[0.23096615116868663, 0.624304714113641, 0.3492029171778707, 0.36415575517834575]",stable,0.1755524114372559,3510,"[0.16123542521046993, 0.643402088318306, 0.20629318175448957, 0.29226435904166015]"
"[0.23087230093186534, 0.6243304171744817, 0.34901057567662797, 0.364058996906291]",stable,0.13082190171557975,3511,"[0.1066329989565677, 0.6040579265570621, 0.31578535476714203, 0.37686823704199424]"
"[0.23070531262275876, 0.6243031692032217, 0.34896591812164207, 0.36407621362690357]",stable,0.11754846671699799,3512,"[0.2197851775550729, 0.7076100603330214, 0.3069990555335577, 0.43476664446744395]"
"[0.23069065472333905, 0.6244149905335973, 0.3489095867624634, 0.3641711001112533]",stable,0.11125602901587861,3513,"[0.21653267556365358, 0.7253503290782958, 0.3449393961297713, 0.4085980135501039]"
"[0.2306716761989963, 0.6245502925959897, 0.34890426479110587, 0.3642306536145225]",stable,0.18047152261264973,3514,"[0.15053956322924755, 0.6596668529272849, 0.20851595930178313, 0.29207273085155305]"
"[0.23056440429408367, 0.624597302716915, 0.3487163286391791, 0.36413405666303256]",stable,0.1625485782099812,3515,"[0.16138239932377446, 0.735900547211216, 0.2724831575585405, 0.3055168078500216]"
"[0.23047191498262604, 0.6247461038459181, 0.3486144126350606, 0.36405569135713284]",stable,0.1578938391137457,3516,"[0.2114373976645023, 0.5994902822442059, 0.49205182504922496, 0.3061246653374354]"
"[0.16002179077467815, 0.5112820231843354, 0.4545696133351589, 0.3114872435062974]",stable,0.2039011457489685,3517,"[0.16989690615685896, 0.5967594362364026, 0.6389895109452325, 0.29879580712789766]"
"[0.1600719182639278, 0.5117159186820616, 0.4555057549473928, 0.31142281997138166]",stable,0.2516922861196293,3518,"[0.14705011242215213, 0.3314018237919082, 0.610847344614201, 0.3922637574256084]"
"[0.16000615156775724, 0.5108052414351416, 0.4562903084305585, 0.31183110753428184]",stable,0.1710973520868612,3519,"[0.2180221789916304, 0.41972370017391303, 0.5632490456908164, 0.3903958949282409]"
"[0.33492614744742, 0.512255962617671, 0.5965928976495019, 0.4325194161492671]",stable,0.3178160673460655,3520,"[0.12528896069340872, 0.3720170661120349, 0.720444322918503, 0.28401628837445847]"
"[0.29047996632716055, 0.2977810391314833, 0.8367628458641173, 0.37246450460351443]",stable,0.19304204773713568,3521,"[0.14694836807769446, 0.4033010687060494, 0.8621818833483113, 0.3025838320934401]"
"[0.2901752283266309, 0.2980050731645503, 0.8368168140965677, 0.3723161379952128]",stable,0.141094497302284,3522,"[0.16109620269394118, 0.3441070796326207, 0.8110616686188985, 0.3937063177920669]"
"[0.28990175581469724, 0.2981027469070674, 0.8367622481103862, 0.3723614561727485]",stable,0.14948709649905684,3523,"[0.22643968506597462, 0.3948468353316119, 0.8772574144869287, 0.28680632511071047]"
"[0.28976758653193035, 0.2983072798635675, 0.836847861569956, 0.37218057851722625]",stable,0.12269531248770647,3524,"[0.1965348137216898, 0.2554165402868087, 0.7697269142850555, 0.3680632159261657]"
"[0.28957089291840665, 0.2982167930712114, 0.8367062561959373, 0.37217189209825774]",stable,0.17088854915631177,3525,"[0.1631635128719554, 0.23101992556211923, 0.8728289082656652, 0.2861265232109311]"
"[0.28930477211830885, 0.2980753259817186, 0.8367823038845051, 0.3719907439532318]",stable,0.16867175364674808,3526,"[0.1796744296260072, 0.39311929508359583, 0.7852954816846076, 0.4408899425001485]"
"[0.2890744562727368, 0.2982749981857142, 0.8366741382916482, 0.3721354901686665]",stable,0.22409135491094362,3527,"[0.4698267289874851, 0.36038331738186813, 0.8068233155512498, 0.4852594766729694]"
"[0.5167417240562971, 0.5097288173746556, 0.7852290339836027, 0.5646941637777954]",stable,0.23308873034901273,3528,"[0.3036323743908119, 0.5266464871097335, 0.7322943154306155, 0.48836285091525133]"
"[0.3348324535161128, 0.5122990480203419, 0.5969991893195052, 0.43268661206174014]",stable,0.2053111857405889,3529,"[0.3648053936030419, 0.49956046384680497, 0.7843135974853817, 0.3551924392519532]"
"[0.3349219249790588, 0.5122610223959432, 0.5975583368065676, 0.4324552861727557]",stable,0.28034848755266506,3530,"[0.37937589702558705, 0.46027014435159946, 0.8651209640570002, 0.48068710079109106]"
"[0.5164391561553485, 0.5096198775662347, 0.7854050073978612, 0.5645091261941242]",stable,0.19643634155385564,3531,"[0.41968551401289744, 0.47153410598923073, 0.945596588585139, 0.5185297793595113]"
"[0.5162265107880025, 0.5095361725737578, 0.7857570768070641, 0.5644080726845976]",stable,0.2073405904927999,3532,"[0.4697303014416013, 0.5029932386528843, 0.9760778226849389, 0.49685493296100636]"
"[0.5161245454166289, 0.5095218240344577, 0.7861744468638138, 0.5642599298343266]",stable,0.16287629285908883,3533,"[0.4679216128854455, 0.5614551911275503, 0.9171706630300701, 0.630199908628768]"
"[0.516019068540193, 0.5096354637873965, 0.7864610906628646, 0.5644042186281875]",stable,0.23797980381445652,3534,"[0.33257673572163726, 0.5675823319616037, 0.8419085445903082, 0.4357533815713749]"
"[0.5156185394292354, 0.5097619853336285, 0.7865821549727499, 0.564123321604046]",stable,0.1460132107736961,3535,"[0.4117178395993033, 0.5010413747037187, 0.7017839436494513, 0.5070469113989109]"
"[0.5153921762487781, 0.5097429861819294, 0.7863974094143112, 0.5639989721264749]",stable,0.2333116555985057,3536,"[0.3606487136383587, 0.5958232311975631, 0.6845164972051613, 0.4513079761998552]"
"[0.3349984928024496, 0.512509719445948, 0.597817140855373, 0.4325113953692649]",stable,0.10909792866128554,3537,"[0.30863690019449075, 0.5774587956823908, 0.6103077407539215, 0.5151735202122792]"
"[0.3349202684920402, 0.5127024466751363, 0.5978542049500274, 0.4327566835735468]",stable,0.2763123119194435,3538,"[0.18179435229218038, 0.6687575672098492, 0.431352218309903, 0.4040367374383362]"
"[0.2304069249122783, 0.6248048641441343, 0.3487248769951071, 0.3641090705908861]",stable,0.09612565436646736,3539,"[0.1608604083580098, 0.6332215251715664, 0.40283327195834834, 0.3266275434848622]"
"[0.2303141962235393, 0.6248160863588376, 0.34879702152172476, 0.3640590952214114]",stable,0.06895556927209567,3540,"[0.18587356638706115, 0.5781708376079956, 0.332232653222727, 0.38221793398392995]"
"[0.23025502095078768, 0.6247539755083038, 0.3487749651058805, 0.36408327476703395]",stable,0.14818593508704594,3541,"[0.12268057301157331, 0.641531360135878, 0.4373834378623995, 0.4115581884479573]"
"[0.23011196982320892, 0.6247762858602022, 0.3488927955217802, 0.3641464063011841]",stable,0.24006655982934444,3542,"[0.24571604318442397, 0.6208649067281137, 0.584887819243397, 0.4051283039482263]"
"[0.33465635066568633, 0.5130224539533995, 0.597815842862138, 0.43267494280542457]",stable,0.1914974787612297,3543,"[0.2533465705122185, 0.6518340647976488, 0.695142723508285, 0.3963593948704467]"
"[0.33441649880682656, 0.5134319277317011, 0.5981029428050469, 0.4325678172952919]",stable,0.19123005327574902,3544,"[0.42071056045918254, 0.6564467174360372, 0.6510633905232674, 0.5091460720592609]"
"[0.3346703048705099, 0.5138525594661256, 0.5982587088277476, 0.4327930474563624]",stable,0.21243480412681823,3545,"[0.39291369164727796, 0.5759702596008021, 0.755424345992164, 0.5475824534390263]"
"[0.5151259186735574, 0.5098869585154486, 0.7863300766677414, 0.5639632840423717]",stable,0.11753229386071264,3546,"[0.44525262503131674, 0.5057065674428624, 0.6938990744451327, 0.5832141825759589]"
"[0.5149743497068714, 0.5098778904220157, 0.7861295755783214, 0.5640050430413599]",stable,0.17488925632821228,3547,"[0.6009935494626636, 0.6045549361276018, 0.671713393935339, 0.5976523853897635]"
"[0.6890207680139598, 0.5988537348941337, 0.6486520854550206, 0.6517137077113659]",stable,0.20257185478895398,3548,"[0.6156255505912358, 0.5792632921513352, 0.46871476896498043, 0.5979803372642]"
"[0.6092451311305346, 0.611538602250847, 0.41422735928006577, 0.551436409784656]",stable,0.09474105601663523,3549,"[0.6835282203849798, 0.6272251605190036, 0.4414527424591276, 0.6011415478129959]"
"[0.609523344947967, 0.6115973534054093, 0.4143293270073282, 0.5516225713503052]",stable,0.12182341825302194,3550,"[0.5839192515671795, 0.5454450035793759, 0.512745637583971, 0.540510773027148]"
"[0.6094278072860984, 0.6113505162791928, 0.41469655204679334, 0.5515811094162636]",stable,0.4380548942061968,3551,"[0.32917133364250184, 0.35095792346045795, 0.611877882987277, 0.46995011253067837]"
"[0.3346541788551785, 0.5133748625863436, 0.5982986477549016, 0.43290201245658033]",stable,0.18842781610752615,3552,"[0.43507524256094293, 0.41033315710218304, 0.7182788741731697, 0.4530961711860533]"
"[0.5148014079165122, 0.5096624256312802, 0.7859827125882669, 0.5637649805481667]",stable,0.30299013631499816,3553,"[0.4012893848052609, 0.29168700914063406, 0.706514237731718, 0.40536825513038754]"
"[0.28930970769523684, 0.29826118688792574, 0.8364012663827175, 0.37220516053546254]",stable,0.19174693852781896,3554,"[0.38672523456866437, 0.32611260490058513, 0.7418411199265471, 0.5047184835472843]"
"[0.28951350586861224, 0.2983194534528058, 0.8362034418085414, 0.3724823850605919]",stable,0.12244409790467356,3555,"[0.27029532927305056, 0.18218240934900834, 0.8218429218354582, 0.40296485958229644]"
"[0.28947338441434173, 0.2980769961582258, 0.8361734615998294, 0.37254602279445764]",stable,0.15953231109768495,3556,"[0.31982623011867645, 0.24950864497556155, 0.9729747171293441, 0.43133203125534225]"
"[0.2895366195095591, 0.2979758120932619, 0.8364584642155158, 0.3726684936454178]",stable,0.13811097442668313,3557,"[0.20662560336802618, 0.2949037828657863, 0.8798997329223422, 0.2711607428623706]"
"[0.2893642473346287, 0.2979694253381112, 0.8365487787034718, 0.37245745882050507]",stable,0.264030148127014,3558,"[0.533642387050769, 0.3139518330911883, 0.7479421338312284, 0.41642943516559633]"
"[0.5148421011759815, 0.5092397245674787, 0.7859005515110379, 0.5634467612276859]",stable,0.2850007634091095,3559,"[0.44674564217253054, 0.33134219582366814, 0.6884339439781917, 0.3751888607351706]"
"[0.28969076475130484, 0.2980386634511518, 0.8362414865152451, 0.3724631256294566]",stable,0.1969057575826177,3560,"[0.4447596336707646, 0.33675289973914735, 0.7516222548539987, 0.4503496893161515]"
"[0.29001181831014433, 0.29811881714947064, 0.8360662914186379, 0.3726243814548949]",stable,0.15160790810900387,3561,"[0.33100978791997065, 0.2577296245929722, 0.7107418073412628, 0.4356054191125405]"
"[0.290096524858925, 0.29803536840451916, 0.8358073565341805, 0.3727545075657578]",stable,0.1344529088665231,3562,"[0.2925733839094094, 0.22802056078218141, 0.7325287070342876, 0.3227255445243462]"
"[0.29010163178480225, 0.29789100797643187, 0.8355944108651087, 0.3726513550646415]",stable,0.19497455941641478,3563,"[0.39656401164988747, 0.3036498619856781, 0.6866461259309836, 0.4394501911979922]"
"[0.2903206901795864, 0.29790285747027806, 0.8352879329125692, 0.37278880122952496]",stable,0.49149025656008277,3564,"[0.5177769592645592, 0.6322855560623152, 0.6160653553668467, 0.5458667903672456]"
"[0.6875571457169565, 0.5991394769554003, 0.6483735663944379, 0.6508090332041512]",stable,0.11725815949834263,3565,"[0.6208354010179853, 0.6915191460515653, 0.6208346360604089, 0.6531087738427072]"
"[0.6869917072025584, 0.5999223555070626, 0.6481401856288953, 0.6508285225315965]",stable,0.16157721958800442,3566,"[0.7524164551519823, 0.6594113356191523, 0.5131516494776822, 0.6427071557426514]"
"[0.6875414950004528, 0.6004222629029625, 0.6470058281822464, 0.6507602757518576]",stable,0.2663440580656616,3567,"[0.8644368763291901, 0.7261056825169013, 0.5103068075534493, 0.7226229025109694]"
"[0.8735416508108252, 0.6781680103295121, 0.3987533605735984, 0.7129425315441713]",stable,0.1194661440745991,3568,"[0.8553967480241842, 0.5993490327038361, 0.45581602419551387, 0.779833063529883]"
"[0.8735223887059562, 0.6780843383787417, 0.39881393664963016, 0.713013540601481]",stable,0.1406261084024761,3569,"[0.902276089709581, 0.5598525826069802, 0.4400116110898823, 0.6558040082588665]"
"[0.8735528804355466, 0.6779589600587291, 0.398857624533448, 0.7129528730168123]",stable,0.16383649792066776,3570,"[1.0, 0.7134994867660761, 0.39350802090812925, 0.6151685352771818]"
"[0.8736868286554241, 0.6779966089217666, 0.3988519575804551, 0.7128492879132746]",stable,0.1607063261792182,3571,"[0.9900940809984156, 0.598874228288129, 0.3258202271542647, 0.6867362622402813]"
"[0.8738100109330358, 0.6779128815348526, 0.3987746753260359, 0.7128216550818746]",stable,0.04350916078143519,3572,"[0.8901369423011906, 0.6702767211484633, 0.39232229795481577, 0.673750767392739]"
"[0.8738272698456871, 0.6779048094837042, 0.3987678546311403, 0.7127803539320976]",stable,0.08193246100892008,3573,"[0.8555529785447827, 0.606787256594621, 0.3624723915365112, 0.7108026091955968]"
"[0.8738079728115785, 0.6778297117509808, 0.3987295278485694, 0.7127782655004856]",stable,0.14205347823569708,3574,"[0.7727077459165236, 0.600557541004593, 0.4099856102371466, 0.6506473791553615]"
"[0.8737013270026174, 0.6777482010223453, 0.3987414013531987, 0.7127127265908388]",stable,0.2887374595931769,3575,"[0.6862051581062001, 0.6785438860483403, 0.6059461764804687, 0.6400487377704851]"
"[0.6875303588596674, 0.6010732764291741, 0.646663664418065, 0.6506710129353461]",stable,0.12028029353695541,3576,"[0.7361552933993194, 0.6828623571938491, 0.6571494264918278, 0.723496556639136]"
"[0.687932217822805, 0.6017492192454111, 0.6467503236087572, 0.651272876932898]",stable,0.201160898069555,3577,"[0.5842594286542941, 0.4836492912422751, 0.7714311035015489, 0.6362805512577161]"
"[0.5149917074852021, 0.5091845727715192, 0.7858693673558449, 0.5636037306027506]",stable,0.0808007328237929,3578,"[0.46809998180709866, 0.44772909870248384, 0.770804188497118, 0.5816644498768037]"
"[0.514890865064389, 0.5090524104616934, 0.7858369691217401, 0.563642570859254]",stable,0.17309698679940905,3579,"[0.38769411758245914, 0.4482669962093358, 0.7477997510079533, 0.47068097813738596]"
"[0.514617910670651, 0.5089219696585767, 0.7857553441901655, 0.5634430824628552]",stable,0.16416222241554673,3580,"[0.45397441219911233, 0.46321835796107785, 0.7116597041108492, 0.43817290500395406]"
"[0.5144880530722108, 0.5088241032523723, 0.7855966811493104, 0.5631748379715086]",stable,0.36443545610505934,3581,"[0.3733728747541358, 0.5108348598793111, 0.4779680614741223, 0.42804417035942943]"
"[0.3347673914162866, 0.5133674356778435, 0.5979468039353671, 0.432887808239922]",stable,0.14648217270863567,3582,"[0.24557363818346323, 0.5220905045071851, 0.4899389383227065, 0.39093890668480624]"
"[0.1604361389376854, 0.5108619512998253, 0.4564593970229814, 0.312228634163179]",stable,0.20697313853913826,3583,"[0.31353355373502234, 0.5691075291293056, 0.5227852436999606, 0.4199662616895231]"
"[0.3347054851839797, 0.5135299432389265, 0.5977276740221444, 0.43285013609254475]",stable,0.10227268171755964,3584,"[0.2718607089568079, 0.49350220306536546, 0.5220753671772568, 0.4132069790335266]"
"[0.33452279688099373, 0.5134717230640035, 0.5975077545255023, 0.4327930338917918]",stable,0.1341657693638419,3585,"[0.305442514230635, 0.4744936281845287, 0.624763999332439, 0.31075780918778323]"
"[0.3344385062066449, 0.5133587430788455, 0.5975867581336383, 0.43243930860279467]",stable,0.19753595039722976,3586,"[0.28246227420678266, 0.48144047514068644, 0.462265110973325, 0.3021005231700583]"
"[0.16104626961403087, 0.5107148439190295, 0.45648842559273306, 0.3121779936082134]",stable,0.10912887726606581,3587,"[0.21185840067762493, 0.459976374813422, 0.3747201150480171, 0.30400545828492476]"
"[0.16129906628598908, 0.5104624137244743, 0.45608161807758524, 0.3121373342284956]",stable,0.10648040892224304,3588,"[0.19332927138282738, 0.48598120789965776, 0.38982438419785337, 0.23917986054915244]"
"[0.16145763165775562, 0.5103412196362326, 0.4557536119692697, 0.3117761586162216]",stable,0.12275997836136374,3589,"[0.21649133933720024, 0.4090061626281562, 0.4437142966817289, 0.3521192424709919]"
"[0.16172873366602875, 0.5098420321632864, 0.4556943049974099, 0.31197489301944703]",stable,0.21987458574534227,3590,"[0.2895848793462378, 0.4331487241245901, 0.609811770711399, 0.3605915849314444]"
"[0.3343088714469327, 0.5131269222148159, 0.5976220905399324, 0.4322316562222417]",stable,0.13163219996433123,3591,"[0.38229316318880907, 0.5155832104476795, 0.6443223578626578, 0.5455347695668593]"
"[0.33444715470843667, 0.5131340008552564, 0.5977566734428797, 0.43255817816271613]",stable,0.2597678056782576,3592,"[0.3583517927940841, 0.4019735819026179, 0.8165593679796532, 0.5142687849810018]"
"[0.29046038443546834, 0.2981165550563814, 0.8352494759003867, 0.37307931454318305]",stable,0.2154232232237826,3593,"[0.33555606577140923, 0.4786060450104007, 0.8326631277095765, 0.4816629203414102]"
"[0.5141057197660125, 0.5087595347518552, 0.7856972504795673, 0.5630006672073417]",stable,0.1706645363512304,3594,"[0.3999766396465686, 0.5768735498988616, 0.8128799651031796, 0.4594510751979347]"
"[0.5138623741794038, 0.5089047671935333, 0.7857552093593618, 0.5627798791646778]",stable,0.17774856568318634,3595,"[0.3551069471782163, 0.43783375005876135, 0.8004203270616742, 0.5292371922373177]"
"[0.513524596675146, 0.5087535522634593, 0.7857864117374519, 0.5627085117456833]",stable,0.12120718977363958,3596,"[0.4068844631870966, 0.5427871426016313, 0.8149633243181061, 0.5265216732069491]"
"[0.5132981845021353, 0.5088258104170436, 0.7858483584732919, 0.5626316819398686]",stable,0.18278330773702153,3597,"[0.4607509880519649, 0.4238088363644984, 0.736886317310862, 0.4176373290130346]"
"[0.5131868556960968, 0.5086456897093051, 0.7857446253352359, 0.5623244905141761]",stable,0.2596276077576229,3598,"[0.3262365064451114, 0.3971170189796361, 0.8439131987578308, 0.43335226755072587]"
"[0.2905336961608979, 0.29831942485950286, 0.8352672294308323, 0.37320282469278865]",stable,0.35686635368476255,3599,"[0.2168269877256449, 0.5109155750272032, 0.5603505626765961, 0.3393706092981169]"
"[0.16199882314671316, 0.5098472946283056, 0.4562073258683863, 0.31210918574630325]",stable,0.26000760272289175,3600,"[0.17620852478003482, 0.5055285386777487, 0.6626017032330012, 0.469540908065884]"
"[0.3339924460017459, 0.5131121460788842, 0.5979430097353802, 0.4326644503750815]",stable,0.13434350259768002,3601,"[0.22437663477306136, 0.46383095055797136, 0.5446113230251363, 0.4051027817107896]"
"[0.3336783605827525, 0.5129709392149274, 0.5977901968794769, 0.4325854771124331]",stable,0.16479589078877593,3602,"[0.2523052764284264, 0.48587389548743226, 0.4629692046671941, 0.39227224012748085]"
"[0.16243934243101418, 0.5097303512178623, 0.4562403106430146, 0.3125002250359675]",stable,0.1572769715405555,3603,"[0.19148808166262682, 0.5131069215740328, 0.604263126846202, 0.3568855962964371]"
"[0.16258035572825502, 0.5097467423360961, 0.45695886800322427, 0.31271568800325134]",stable,0.23085960880093936,3604,"[0.3189786281436585, 0.6584828606750319, 0.375846208707276, 0.32429338054561385]"
"[0.23022998663372746, 0.6248210489077649, 0.34892859022720585, 0.3640934806361701]",stable,0.14353011966717769,3605,"[0.1987704044802051, 0.4951507633107408, 0.33787645438393166, 0.41581056938726035]"
"[0.23018826304996945, 0.624649072401668, 0.34891393222210865, 0.36416207093955344]",stable,0.05267150256165689,3606,"[0.19935571826083529, 0.6396714464680795, 0.3869508527916565, 0.37645687939366856]"
"[0.23014742524230175, 0.6246689695858619, 0.3489643122493531, 0.36417835545406224]",stable,0.14357972656312826,3607,"[0.14168719833673757, 0.5319439382695981, 0.28579605967354804, 0.37838281143364705]"
"[0.23003041436015154, 0.6245463174280362, 0.34888075635970256, 0.3641971444169982]",stable,0.12402517074363419,3608,"[0.12577099486575583, 0.6602537288703004, 0.3051379394861341, 0.4005807006579369]"
"[0.2298926872538181, 0.6245934870600605, 0.34882297192525924, 0.36424520723898096]",stable,0.1304378700134555,3609,"[0.23575896662825974, 0.551770741197136, 0.43241246629581587, 0.4327234433129827]"
"[0.22990042640866565, 0.6244974148359669, 0.34893324830305683, 0.36433554791981737]",stable,0.2842089997676204,3610,"[0.35000010927656433, 0.5626802474741892, 0.5953928895842245, 0.4066097098022902]"
"[0.3337249941504491, 0.5131129658099538, 0.5977833474300619, 0.43251126063440415]",stable,0.17732610640579569,3611,"[0.4045877282157018, 0.6001104557240053, 0.7072858306183448, 0.5153584926828628]"
"[0.512957259232079, 0.5088390613076449, 0.7855787505049676, 0.5622251966498393]",stable,0.08836200746038181,3612,"[0.542706592030188, 0.5815416232248415, 0.8245382839517647, 0.5731482825132767]"
"[0.5130200215375602, 0.5089924422399597, 0.7856609436135051, 0.5622482411347833]",stable,0.05427110779299506,3613,"[0.4807402425947661, 0.5374610645794038, 0.7768898194237004, 0.5303738951018941]"
"[0.5129520641082069, 0.5090523761817269, 0.785642478088895, 0.5621811372483982]",stable,0.23775614593240854,3614,"[0.6441176138637784, 0.6681633418680516, 0.6673486735628146, 0.5584582492481838]"
"[0.6875730817247803, 0.602293597299695, 0.6469191625428068, 0.6505121012961382]",stable,0.3535298992763842,3615,"[0.4019217743917938, 0.4878178278258497, 0.7457806143990947, 0.5073044484225437]"
"[0.512718807197038, 0.5090077657860212, 0.7855587346777819, 0.5620658500869994]",stable,0.15625715562294654,3616,"[0.4672563937980013, 0.38642875241767954, 0.8241996093445453, 0.4857065943419346]"
"[0.5126234981542728, 0.508750786722356, 0.7856397428007731, 0.5619057677898399]",stable,0.2439200929468011,3617,"[0.3354718361673834, 0.36983231485181095, 0.8026080202267382, 0.46955840110942476]"
"[0.290625594197721, 0.29846566798832147, 0.8352004416819486, 0.3733998708613298]",stable,0.2876706058731191,3618,"[0.47419106397527455, 0.49920144155743784, 0.8243355416525083, 0.4663794328398217]"
"[0.5125430955723083, 0.508730809012806, 0.7857206963548562, 0.561705921900823]",stable,0.2033846622102402,3619,"[0.628339740555571, 0.558358849258102, 0.6862275833245801, 0.6865844064926442]"
"[0.6870915098453558, 0.6019364042261861, 0.6472387431995692, 0.6508053720700935]",stable,0.12997398639329813,3620,"[0.6871683112818394, 0.5743858347206903, 0.5901402494614616, 0.5373419005329211]"
"[0.6870921292117791, 0.601714222214045, 0.6467782714758747, 0.649890344073826]",stable,0.1181698736967335,3621,"[0.7431892270218275, 0.5781614260340615, 0.5714830641463589, 0.7176629949892297]"
"[0.6875409059942594, 0.6015257998446051, 0.6461759098172387, 0.6504325252811491]",stable,0.2583491849120576,3622,"[0.7710874138737791, 0.6438647385676404, 0.4274730838567181, 0.7511339182732581]"
"[0.873593198537782, 0.6777124966361971, 0.398771677098724, 0.7127532125673219]",stable,0.07723359558404992,3623,"[0.8512308186692519, 0.7505214582373142, 0.39508061419503754, 0.7004982781054724]"
"[0.873569659190552, 0.677789137648409, 0.39876779176935173, 0.7127403126363094]",stable,0.13669021911332285,3624,"[0.9168344955400936, 0.7931272917228304, 0.38236898586157086, 0.6558144018715306]"
"[0.8736151532350835, 0.6779104185675198, 0.39875054801971155, 0.7126804536344538]",stable,0.08463875765360014,3625,"[0.9289044137550192, 0.680625944008959, 0.335475490718703, 0.7028973041704766]"
"[0.8736732301894112, 0.6779132710102104, 0.39868408262338695, 0.7126701772169496]",stable,0.12374158166119925,3626,"[0.8408863945986385, 0.6686710378465989, 0.39194261862047874, 0.5939009209542037]"
"[0.8736388263745206, 0.6779035729691153, 0.3986770086842443, 0.7125455505052363]",stable,0.12790981624206357,3627,"[0.974004927434579, 0.7327690452531954, 0.3710936573483256, 0.6623807667500488]"
"[0.8737440319311874, 0.6779610839463523, 0.39864809531806417, 0.7124929668744656]",stable,0.13383945359602628,3628,"[0.7983475645529868, 0.6589141308066273, 0.5071379049795787, 0.7027181614302492]"
"[0.8736650827506867, 0.6779411394928028, 0.39876169721299765, 0.7124827314760948]",stable,0.13548178866681362,3629,"[0.9802762298808982, 0.7068330301621535, 0.39877344548757954, 0.7909342253016929]"
"[0.8737766006870153, 0.6779713611357623, 0.3987617095019878, 0.7125647937081299]",stable,0.15271256307116646,3630,"[1.0, 0.6747592632297427, 0.45269285858287267, 0.779422059367872]"
"[0.8739084955661303, 0.6779680047116181, 0.3988180638897421, 0.7126346550097598]",stable,0.07229117809539144,3631,"[0.9052214055126308, 0.6825464778177182, 0.4533518432731782, 0.7479987694660472]"
"[0.8739411812758866, 0.6779727839111025, 0.3988749885028772, 0.7126715695342444]",stable,0.06011772897077313,3632,"[0.9092852702569143, 0.706558562000816, 0.40375001014068845, 0.7517103216370083]"
"[0.8739780364260231, 0.6780025918131773, 0.39888007194566955, 0.7127122773049458]",stable,0.2178910907317198,3633,"[1.0, 0.7768874964606187, 0.4439752490649876, 0.8533650154605237]"
"[0.8741093093047461, 0.6781055969221851, 0.39892704608850216, 0.7128587905738579]",stable,0.17517115019666266,3634,"[1.0, 0.6728158951117926, 0.4776204377865133, 0.8056803129450956]"
"[0.8742403089828888, 0.6781000925498537, 0.3990089330725792, 0.7129553790466688]",stable,0.14032516251816787,3635,"[0.9997364713860913, 0.6363177025063945, 0.352908591871006, 0.704537844896217]"
"[0.8743707623741604, 0.6780566597119707, 0.39896101171997883, 0.7129466290111693]",stable,0.14703435553462355,3636,"[0.9836382323114138, 0.7080843901596786, 0.3071072010295266, 0.731411043077039]"
"[0.8744842280750298, 0.6780878411558416, 0.39886562873899184, 0.7129658028575514]",stable,0.17685001430851338,3637,"[0.9574576506423825, 0.745081166849129, 0.2591304300815911, 0.7323902018729852]"
"[0.8745703000901411, 0.6781573363069757, 0.3987206752134136, 0.7129859526490612]",stable,0.14757225924400583,3638,"[0.9135051265213265, 0.6804801397428567, 0.2901305444225101, 0.8049883388581496]"
"[0.874610647060536, 0.6781597433571683, 0.3986081465804696, 0.7130812919093814]",stable,0.2520948204545859,3639,"[1.0, 0.6676368193552977, 0.2231832513455516, 0.843253035662476]"
"[0.8747404497033305, 0.6781488500611002, 0.3984265473100401, 0.7132160452673039]",stable,0.1828840074668942,3640,"[0.890640067438402, 0.6426715984303972, 0.22490782412449287, 0.6704798818477966]"
"[0.8747568919140184, 0.6781121621069836, 0.3982471070585556, 0.7131718506825887]",stable,0.07060268020480598,3641,"[0.9203387257710679, 0.6888055026845789, 0.41861363863855294, 0.6644082194291334]"
"[0.8748039805853584, 0.6781232089464232, 0.3982681468639068, 0.7131214750304674]",stable,0.1793398304194192,3642,"[0.9010427386402484, 0.7916220461530751, 0.2619158094377946, 0.7137184522298121]"
"[0.8748310587670456, 0.6782403388093816, 0.39812743237739895, 0.7131220911060085]",stable,0.14683171967323227,3643,"[0.9500382927516013, 0.6597861797228978, 0.2734321696550164, 0.7168585768342943]"
"[0.8749085919979575, 0.6782213139031068, 0.39799888056015936, 0.713125943153151]",stable,0.1679789455644797,3644,"[0.893791045879364, 0.6000034282453902, 0.2894105617500838, 0.8128802336353591]"
"[0.8749280383974234, 0.6781407599528929, 0.3978870491298709, 0.7132286767169844]",stable,0.15170353302124123,3645,"[0.9422404801669763, 0.6331513829633154, 0.27139758177167395, 0.6917958113071356]"
"[0.8749972898807253, 0.6780944745856197, 0.39775691593300033, 0.713206626443929]",stable,0.21163383168008237,3646,"[0.9857925130439954, 0.6715991189233896, 0.25647414226672993, 0.601357239070635]"
"[0.8751111595859291, 0.6780877989888445, 0.3976117126712672, 0.7130916733222709]",stable,0.17276579786838245,3647,"[0.9421655132673588, 0.5821361083380583, 0.2724253423646254, 0.7348489782143914]"
"[0.8751800038915569, 0.677989285959429, 0.3974831845703364, 0.7131140114176426]",stable,0.12877884733478,3648,"[0.9293305865915507, 0.56341797947756, 0.3761062420764307, 0.7213691900817065]"
"[0.8752355429507364, 0.6778717769271398, 0.3974612595011119, 0.7131224782675546]",stable,0.29197352145386973,3649,"[0.7363858714389967, 0.571537037904732, 0.5077511834842786, 0.506971170010539]"
"[0.6098997703498638, 0.611202510783377, 0.41504248004470223, 0.5514152732102944]",stable,0.25823911178454,3650,"[0.6998519119695414, 0.41156585881203567, 0.5451905220872602, 0.5089565236353982]"
"[0.6876386123908887, 0.6000181812649815, 0.6453744384860484, 0.6493096998712623]",stable,0.21340394378198144,3651,"[0.5673556787130054, 0.4510113538862953, 0.643871931300253, 0.5551398163933687]"
"[0.5126575268523514, 0.5086103091064876, 0.7854245611459738, 0.5616922139561311]",stable,0.19847594215411146,3652,"[0.3721017366477732, 0.48305258480497026, 0.7169232008016085, 0.4421466752964729]"
"[0.33383432959915943, 0.5130273236988284, 0.5981227772117472, 0.4325387119582277]",stable,0.11532608121611568,3653,"[0.3840176819266741, 0.4283612650724071, 0.6168045707635949, 0.48967351102317735]"
"[0.33397689594099894, 0.5127867951231851, 0.5981758504888832, 0.4327010267282985]",stable,0.2740214542084909,3654,"[0.40192308119930464, 0.29397074273316764, 0.7453999172670854, 0.46296127545689714]"
"[0.2908527319262956, 0.29845649467147417, 0.8350171753055917, 0.3735826492380555]",stable,0.09365273410952014,3655,"[0.33557769892526446, 0.3787754205350004, 0.8322677412994233, 0.3559241472091538]"
"[0.2909438214721184, 0.29862007700520843, 0.8350115756436647, 0.37354668487547116]",stable,0.26192105727201814,3656,"[0.5051885023745439, 0.3902510417114488, 0.7784512382591825, 0.47893430981059787]"
"[0.5126419663846894, 0.5083637272994147, 0.7854100333899597, 0.5615198016558279]",stable,0.08502538787225279,3657,"[0.465873724024353, 0.49565354961635444, 0.8473349749783542, 0.5291809537806973]"
"[0.512544735111591, 0.5083373028135871, 0.7855387754722641, 0.561452569123863]",stable,0.28737243772976984,3658,"[0.35702987207568937, 0.28290661227679303, 0.791607641032407, 0.4746066251967441]"
"[0.29107814271318255, 0.2985881390687686, 0.8349233562643735, 0.373752091258238]",stable,0.11579517928054157,3659,"[0.24091569374674027, 0.30884259969834604, 0.7625751853541329, 0.29923470763910587]"
"[0.29097639332379827, 0.2986089391917495, 0.8347766054106002, 0.37360094037868596]",stable,0.13304597545115668,3660,"[0.2954425624170832, 0.2555989744085411, 0.9032598029905459, 0.479154147321693]"
"[0.29098543415192235, 0.2985218744857106, 0.8349152353652154, 0.37381461083808476]",stable,0.08998684812555784,3661,"[0.2644097017485139, 0.2157448616049181, 0.8267565263463786, 0.3520714535587543]"
"[0.2909317458036326, 0.29835464819706253, 0.8348987531247734, 0.3737706852678235]",stable,0.12393354084153699,3662,"[0.2747658053331333, 0.2040892660574102, 0.8380285179241569, 0.29501519519512415]"
"[0.29089915318171633, 0.29816459702339393, 0.8349050631344496, 0.3736119040378382]",stable,0.1740808782108332,3663,"[0.19310853725494098, 0.3583124125792433, 0.9276312737403889, 0.28127969001781505]"
"[0.2907023913790468, 0.2982856187850757, 0.8350916349867754, 0.37342612493518224]",stable,0.16176065476796891,3664,"[0.2301656364233165, 0.40235606603454943, 0.7333674849959153, 0.40980400349239604]"
"[0.2905808316301397, 0.29849459558678143, 0.834887369625348, 0.3734991728840923]",stable,0.2017694099523659,3665,"[0.2076522790425845, 0.454495989075296, 0.7374340149661303, 0.3731006085036678]"
"[0.29041464214599627, 0.29880722362984463, 0.8346920723214218, 0.373498374157879]",stable,0.4043231446181198,3666,"[0.20971497328047287, 0.47754348865495755, 0.4822303342469662, 0.4015846604429386]"
"[0.16280805919469082, 0.5095911710622741, 0.4570809523812134, 0.31314500671068946]",stable,0.17479376231866844,3667,"[0.3145703107915232, 0.5409055992349713, 0.512714384541785, 0.3718425888587386]"
"[0.3339219197791024, 0.5128664517920571, 0.5979337500187781, 0.43252862322158586]",stable,0.1583498150204191,3668,"[0.247518633449697, 0.5083304632458745, 0.4907892764144015, 0.3543709453362388]"
"[0.1632153215709168, 0.5095851099670029, 0.45724301163137293, 0.3133432083386969]",stable,0.1548252960547696,3669,"[0.2406896866979418, 0.568035255310105, 0.5311283291319717, 0.40870114148438447]"
"[0.33365855188904264, 0.5130222958697918, 0.5977450341405668, 0.4324613139511418]",stable,0.19658362854620998,3670,"[0.17461900687582155, 0.5086009572423333, 0.49190401681009877, 0.3863128909057679]"
"[0.1632698846585001, 0.5095804011022915, 0.45740885376141466, 0.31369234557585995]",stable,0.1085634005047151,3671,"[0.19010637243536474, 0.5889977214629599, 0.4531988410252305, 0.382547119356924]"
"[0.16339767745743755, 0.5099585788182948, 0.4573888060817185, 0.3140202254510079]",stable,0.19581524273110223,3672,"[0.16910816346517837, 0.6853198981811679, 0.42523233282472245, 0.3947999786963626]"
"[0.22982033120057146, 0.6245775498601371, 0.34903377410611575, 0.3643756855097733]",stable,0.1033289324611111,3673,"[0.27014557126572425, 0.7124513468870707, 0.3727716778530882, 0.3367089000259225]"
"[0.22987339072697296, 0.6246931732772779, 0.34906500818999336, 0.36433928184466297]",stable,0.13602424537165714,3674,"[0.10641768151167694, 0.6037423818942833, 0.3998656003573437, 0.34879427084595843]"
"[0.16312763008328704, 0.5104030518186549, 0.4571161842536409, 0.3141850313533536]",stable,0.18605107287083172,3675,"[0.16113563835495964, 0.6660239703087011, 0.3665676850469559, 0.2673434610864084]"
"[0.2297830651653803, 0.6247474844428909, 0.34908800776536386, 0.3642118234731015]",stable,0.1319376094912647,3676,"[0.2375555117147301, 0.7344196108657234, 0.36358399555456267, 0.435689182803288]"
"[0.22979326522646867, 0.6248914111179864, 0.34910703137138643, 0.36430562578193376]",stable,0.07802539789988173,3677,"[0.16844153250992575, 0.6101432341370436, 0.33038923447325147, 0.40621103074515663]"
"[0.2297128566645859, 0.624872081921419, 0.34908249952748327, 0.3643605476757257]",stable,0.13080989145065644,3678,"[0.21857621208705824, 0.5620459725833413, 0.3333047615469734, 0.25126259977858373]"
"[0.2296982799046677, 0.6247898487940131, 0.34906184803798, 0.3642125137125095]",stable,0.04195842109764424,3679,"[0.20038963035114138, 0.6510970007537757, 0.345015117921, 0.3781074729957209]"
"[0.229659967944467, 0.6248242372279474, 0.3490565581946898, 0.3642306770579778]",stable,0.31618009916373085,3680,"[0.24798725318720316, 0.6479107920742484, 0.6238610535403332, 0.5177997691500165]"
"[0.3334172242870656, 0.5134022634647338, 0.5978186003923971, 0.4327017039657865]",stable,0.11508900798920058,3681,"[0.3385635565013073, 0.6139968517665721, 0.5957353036123606, 0.48833787658386724]"
"[0.3334316802764315, 0.5136848325329975, 0.5978127484351499, 0.43285798534954517]",stable,0.2719174404511573,3682,"[0.5228206599111087, 0.6779640314047888, 0.5043112407640976, 0.4812389908757542]"
"[0.6095772551260165, 0.6114497756745674, 0.41537310508440367, 0.5511553610534998]",stable,0.17270595099868502,3683,"[0.7229543034601735, 0.6545653265499586, 0.5215009442699389, 0.6132111540458961]"
"[0.6879166886985209, 0.6004476863459656, 0.6443990566418271, 0.6490254593529524]",stable,0.22465463835028832,3684,"[0.7825071320215681, 0.6505267413968027, 0.4486191967212413, 0.6751920269333452]"
"[0.875140534332981, 0.677843759472703, 0.39751367542039484, 0.7130836151002039]",stable,0.16942843344211092,3685,"[0.7670695873608873, 0.6313692457790394, 0.37282005410952646, 0.5936808968619007]"
"[0.8750299192388438, 0.6777961908814096, 0.3974884004753479, 0.7129614014684349]",stable,0.21704443812844396,3686,"[0.7090730120389769, 0.6466864854777311, 0.26695532297020874, 0.7524569073125227]"
"[0.8748602291496823, 0.6777643813666819, 0.3973549310709459, 0.7130017854212408]",stable,0.11132710576267112,3687,"[0.7951037524220826, 0.6240765880666634, 0.3436363534120875, 0.6967363569800192]"
"[0.8747787618598686, 0.677709541945538, 0.39730006020510433, 0.7129851710918831]",stable,0.2898301820039877,3688,"[0.6384906692453437, 0.5664214658546486, 0.42895417455932067, 0.5914020602026936]"
"[0.6096839466910324, 0.6112836195497707, 0.4154232197319126, 0.5513038728584784]",stable,0.29143535640438845,3689,"[0.5262778269651757, 0.411412414315202, 0.6055938769177023, 0.5944849869992078]"
"[0.5125732270034035, 0.5081362138333, 0.7851654458072131, 0.5615211011111563]",stable,0.1718304876894636,3690,"[0.5753041972966366, 0.519322212709968, 0.6341827518932144, 0.5098525281361713]"
"[0.5127031047886896, 0.5081593732512641, 0.7848528522380329, 0.5614141268399865]",stable,0.20495188042211593,3691,"[0.4251060952309054, 0.4664201393966219, 0.6905308904048034, 0.4074880371792241]"
"[0.33368847135473534, 0.5135524384345763, 0.5980724631185382, 0.43278692106895605]",stable,0.1441751274441806,3692,"[0.46703331760257827, 0.5358206837385345, 0.638464328142499, 0.46242206648202466]"
"[0.33406094299229916, 0.5136146402371013, 0.5981852895571527, 0.43286970080474674]",stable,0.08198151710750404,3693,"[0.3404412499363846, 0.5856533727926982, 0.5964618636937152, 0.47144056604813545]"
"[0.33407871543504036, 0.5138153052302924, 0.5981804889280066, 0.4329771405408007]",stable,0.1634950688945797,3694,"[0.34786219240288097, 0.5597150286566882, 0.4720337756946711, 0.3406685523957783]"
"[0.33411700287106216, 0.5139428044620324, 0.5978300813912474, 0.43272072779595344]",stable,0.1762826340902136,3695,"[0.2360879661091816, 0.5609360379832599, 0.4843605947327334, 0.5126093166806917]"
"[0.3338454542927744, 0.5140729796241411, 0.597515761483606, 0.432942025826105]",stable,0.25177540295326245,3696,"[0.17024518088327825, 0.5761272542009311, 0.42997812936985663, 0.36434018251936773]"
"[0.16316120343611717, 0.5107130716412127, 0.4569881745607929, 0.3144216122550801]",stable,0.19653347532690524,3697,"[0.26893088894005024, 0.5872204271641819, 0.3104781361377094, 0.3034848053801753]"
"[0.22971123546534897, 0.624775146092094, 0.34900619471941957, 0.36415137435343753]",stable,0.14540911723966513,3698,"[0.1490884157417924, 0.6149794401824341, 0.35837761559180015, 0.24390166361446844]"
"[0.22960612096766508, 0.6247623746371922, 0.3490184129995661, 0.3639945950695536]",stable,0.09451412554855855,3699,"[0.17717682161338333, 0.5998663046716667, 0.41872141579387917, 0.3374283458206393]"
"[0.2295378536507975, 0.6247299578794245, 0.34910917211778786, 0.3639600035991774]",stable,0.26044340801185006,3700,"[0.19371258857405552, 0.42254394627841024, 0.48473775638225386, 0.2786779832062521]"
"[0.16330463716915916, 0.5102991320855188, 0.45711845428765424, 0.3142538017900621]",stable,0.20527082885040052,3701,"[0.14717738586143997, 0.4680028153707984, 0.6550779077755852, 0.34423881987102833]"
"[0.1632292761817399, 0.5101014857457304, 0.4580434984628315, 0.3143939186969825]",stable,0.4111929392743454,3702,"[0.18008361553338492, 0.26267549910346033, 0.7796907514867403, 0.37857327916721384]"
"[0.2901939800927711, 0.2987349601807919, 0.8345820696797525, 0.3735085239678977]",stable,0.11629441447015601,3703,"[0.34747161271017046, 0.2838805385757578, 0.7479393817414397, 0.32334823664508916]"
"[0.29030830670478186, 0.29870531063667, 0.8344091301828696, 0.3734084036339201]",stable,0.2320569215708855,3704,"[0.05877792774232207, 0.28564135404442903, 0.8298007044029262, 0.3806329393589794]"
"[0.2898470908104343, 0.29867928681875716, 0.8343999500518339, 0.37342279513934845]",stable,0.13114992190852562,3705,"[0.2168494017215924, 0.3245124065632804, 0.9392082159997875, 0.35860669857010063]"
"[0.28970196618003896, 0.2987306449097006, 0.8346083163857264, 0.3733933396789722]",stable,0.10188750148458968,3706,"[0.21790502848431506, 0.30393466495034555, 0.8760992795839699, 0.3144214748230329]"
"[0.28955951193857926, 0.29874097034628916, 0.8346906397254055, 0.3732763320106073]",stable,0.15729093717873896,3707,"[0.41609452749797154, 0.21216907332075427, 0.8527347165647418, 0.40342673320804856]"
"[0.28981007632582556, 0.29856954084722864, 0.8347263705706318, 0.3733360357753547]",stable,0.16061073354050168,3708,"[0.37426032052291375, 0.33562657794658435, 0.9268832520147596, 0.4671328864014826]"
"[0.2899769740416301, 0.29864277609841317, 0.8349084987948296, 0.3735214050453668]",stable,0.2985172984648449,3709,"[0.45557632747165494, 0.52159498518561, 0.9089015823019301, 0.45418594299456194]"
"[0.5125850742570428, 0.5081871327800541, 0.7851091512670907, 0.5611925810055951]",stable,0.1717568818831639,3710,"[0.4923596818179568, 0.3991376037673001, 0.9159493452991493, 0.5522257631384883]"
"[0.5125433724169622, 0.5079622883903371, 0.7853789248630331, 0.561174092721333]",stable,0.03067908128814396,3711,"[0.5100597176701468, 0.477600635625535, 0.7818710522870103, 0.5602241668488883]"
"[0.5125382620162486, 0.507899815853784, 0.7853717070182265, 0.5611721381413486]",stable,0.12294039704562201,3712,"[0.45466939498504744, 0.5813382582576122, 0.8328702940237552, 0.6253298723909163]"
"[0.5124194347738847, 0.5080506134767897, 0.785469240051092, 0.5613038788687604]",stable,0.29240972981934893,3713,"[0.32469218252038345, 0.33795760733431457, 0.8818345454201432, 0.45155860089781363]"
"[0.2900454458532252, 0.2987203201442433, 0.8350010550998106, 0.3736753245638134]",stable,0.2375445753329381,3714,"[0.4376157577739992, 0.43508473946523396, 0.7281199831850902, 0.441731256849844]"
"[0.5122661485505243, 0.5079010932431595, 0.7853517210821042, 0.5610588530039676]",stable,0.3282306709717012,3715,"[0.2975329687619955, 0.3519457841266971, 0.82088524559543, 0.3712159046005832]"
"[0.29006018507154957, 0.29882509467964186, 0.8349732680732271, 0.37367048318593304]",stable,0.11456550536636036,3716,"[0.2611670291934388, 0.3917506369716191, 0.8773629428004821, 0.41677964264784095]"
"[0.29000342052169087, 0.2990076595957361, 0.8350565483772099, 0.37375517701591715]",stable,0.21881351221050652,3717,"[0.4066257605016419, 0.43929459509200863, 0.7743325113459824, 0.4782097125765762]"
"[0.5120501150371319, 0.5077607936559383, 0.7853291869108646, 0.5608894273589218]",stable,0.1318421162232896,3718,"[0.48554231312546703, 0.4508224023564579, 0.6706426056797574, 0.5777621191949994]"
"[0.5119960174822101, 0.507644592857368, 0.7850951326634542, 0.5609238614238934]",stable,0.23175037890047354,3719,"[0.6525099542303161, 0.5266079137844326, 0.6413524508043782, 0.6746889947971723]"
"[0.687640073585488, 0.5998708131228286, 0.644375255033722, 0.6492259557236103]",stable,0.10738544267311594,3720,"[0.7416252706735472, 0.6468087512469928, 0.5730162611723754, 0.6128672462688881]"
"[0.6880585634853954, 0.6002346731082873, 0.6438220845386727, 0.6489441052627211]",stable,0.17293227356126822,3721,"[0.7592641348892002, 0.6808151637890226, 0.5290526871879985, 0.720847566886915]"
"[0.6886062986500401, 0.6008545230366006, 0.6429392430205906, 0.6494972088136763]",stable,0.2095915763954988,3722,"[0.773890211356703, 0.7451532579099316, 0.5196162944768151, 0.6245050379232165]"
"[0.8746758143593553, 0.677778362063869, 0.3974248726890551, 0.712894885241711]",stable,0.06928051398836804,3723,"[0.8369451357847932, 0.687674778988676, 0.4164612228521777, 0.6588961462072398]"
"[0.8746373529133058, 0.6777884501545162, 0.39744427773509294, 0.7128398406555392]",stable,0.1416963072579758,3724,"[0.9749635285998297, 0.7709093301114687, 0.41843825037013826, 0.6828355610990287]"
"[0.8747395180616627, 0.6778832779345131, 0.3974656565259636, 0.7128092863993717]",stable,0.11486970215262265,3725,"[0.8543969047504727, 0.682857474829562, 0.44792533109078014, 0.6117632317294058]"
"[0.8747188236432383, 0.6778883381551591, 0.3975169888500377, 0.7127064928544379]",stable,0.3777717399877409,3726,"[0.5601578181499156, 0.7870797903903985, 0.4544531073975228, 0.5435959771556758]"
"[0.6095018653361018, 0.6119299290013906, 0.4155667119659774, 0.5512755350066298]",stable,0.12083338918244857,3727,"[0.5247938403674373, 0.697964315857196, 0.413095248002467, 0.5471240784612866]"
"[0.6091915795303557, 0.6122450732755879, 0.4155576589844261, 0.5512603282060974]",stable,0.2428251019269067,3728,"[0.44346610637385503, 0.6342393487875193, 0.28456654607735504, 0.43354593717025675]"
"[0.22981604383639317, 0.6247423237973804, 0.3490252415247574, 0.3640504924594779]",stable,0.26379718663752544,3729,"[0.4087067411070206, 0.5941699843960806, 0.24794886716598413, 0.5266419212554603]"
"[0.6084598830397596, 0.6121791057979253, 0.4149459480653807, 0.5511704800055476]",stable,0.295595560825379,3730,"[0.38378898043391757, 0.7082290878694498, 0.2762460499854229, 0.45932027413416293]"
"[0.2300160086891172, 0.624850748166305, 0.3489307230941869, 0.3641742194486658]",stable,0.19634561562954184,3731,"[0.36611870787703993, 0.5353634659592736, 0.34827611406961123, 0.4738065771763443]"
"[0.23019253618482138, 0.6247346816524179, 0.3489298740552445, 0.36431641446517377]",stable,0.10686850174172068,3732,"[0.28308293232960624, 0.6534333971078821, 0.4261851829357986, 0.40711225119194383]"
"[0.23026104706065662, 0.6247718561543032, 0.34902994569887213, 0.3643718494868406]",stable,0.06508245405858906,3733,"[0.26097091116587845, 0.625242126219453, 0.3365681966510906, 0.4203817926189587]"
"[0.23030077521603207, 0.6247724645243745, 0.34901382441937956, 0.36444430736928835]",stable,0.14510434150637674,3734,"[0.3639583822375156, 0.6223612130647476, 0.3421033636086081, 0.3084322960942848]"
"[0.23047345946282985, 0.6247693492124111, 0.349004896175438, 0.3643719404296566]",stable,0.07063531061093642,3735,"[0.2463206598376023, 0.6866018258096768, 0.33002467865239904, 0.38792421263452037]"
"[0.23049390746331344, 0.6248491330531818, 0.3489804055721825, 0.364402330458308]",stable,0.025472038323638514,3736,"[0.24035164122228744, 0.639856361246958, 0.3541311203535835, 0.347084621005881]"
"[0.23050661072846673, 0.6248684722647717, 0.3489870430912307, 0.3643800138224157]",stable,0.10649849314367736,3737,"[0.2009693527864052, 0.5779180017929476, 0.34452694525659644, 0.27357670834889297]"
"[0.23046859623948082, 0.6248080469488492, 0.34898130293957735, 0.36426314985140734]",stable,0.17054650822646572,3738,"[0.09786338864841819, 0.6763864977519415, 0.25964904172727243, 0.393612441281025]"
"[0.23029815252792418, 0.6248743431581076, 0.34886647998172093, 0.36430087387638116]",stable,0.15073375619378465,3739,"[0.21982088786571857, 0.6915000660667163, 0.22268370421114766, 0.31686868725986583]"
"[0.2302847028942115, 0.6249598704018928, 0.3487044995250193, 0.3642399853184652]",stable,0.2439173300484731,3740,"[0.3809077915341007, 0.7121951417691877, 0.22583728631627298, 0.482991845995874]"
"[0.23047780941810878, 0.6250717104933894, 0.34854697745680296, 0.36439223129369264]",stable,0.33880285199315496,3741,"[0.4893037266412027, 0.7668260662157256, 0.28428162427204834, 0.5179245865355241]"
"[0.6080265879255831, 0.6127414583812628, 0.4144708050697686, 0.5510495858474748]",stable,0.15295372203458008,3742,"[0.5845458468852989, 0.6728842950959151, 0.2761873739156266, 0.5408501866209003]"
"[0.6079415127768864, 0.612959367209939, 0.41396977814529706, 0.551012631502451]",stable,0.21415697232252398,3743,"[0.6369820427312678, 0.8153461803204995, 0.35916003453913503, 0.5185268453938033]"
"[0.6080463522352054, 0.6136900055244175, 0.4137719090348055, 0.5508953542962826]",stable,0.16311311232271763,3744,"[0.7283501536629218, 0.699119207212791, 0.34481550618173024, 0.5598255714322599]"
"[0.6084790997223555, 0.6139973048110664, 0.4135238644202261, 0.5509274773795055]",stable,0.2776157757381013,3745,"[0.8139612312672435, 0.711264688871149, 0.3476145225490592, 0.6959882481159632]"
"[0.874657078122531, 0.6779222572107647, 0.3974662749615205, 0.7126895027683215]",stable,0.1411585505195064,3746,"[0.9095150646301189, 0.767188799260759, 0.30319808865289294, 0.669612238673171]"
"[0.8746924669413205, 0.67801288314178, 0.39737057121907515, 0.7126457695052808]",stable,0.18714214695297032,3747,"[0.7904593120532264, 0.7617084121518873, 0.26793977653323514, 0.7772188799652524]"
"[0.874607037778148, 0.6780977670454413, 0.39723930266462704, 0.7127112594753213]",stable,0.14564069953335923,3748,"[0.8056651276134674, 0.764970289606962, 0.4752932861216237, 0.6596173156238394]"
"[0.874537187818508, 0.6781857837856252, 0.39731838471473546, 0.7126574662191394]",stable,0.1717183400652463,3749,"[0.9422374848185514, 0.7616265022246658, 0.2637017495364404, 0.722043594860738]"
"[0.8746057103863217, 0.6782702379540858, 0.3971831452054457, 0.7126669663493436]",stable,0.18241048136348773,3750,"[0.7745650720563871, 0.6176383295729261, 0.5320901499019581, 0.6753933005291919]"
"[0.6892624724928367, 0.6009826436971832, 0.6420930667372423, 0.6496948889031078]",stable,0.186780448597961,3751,"[0.7191301717677719, 0.5343645317005833, 0.47738128914529426, 0.6004311700525511]"
"[0.608875698546891, 0.6137118826852224, 0.4137527440787389, 0.5511049099697315]",stable,0.08459148302954346,3752,"[0.5353608920432069, 0.599443074645403, 0.3774772933141875, 0.5358804226281225]"
"[0.6086131456665207, 0.6136609226565087, 0.41362318889743693, 0.5510505368006543]",stable,0.28534178539795224,3753,"[0.34643952440438597, 0.6131163419616188, 0.3673312180421665, 0.4483778350996114]"
"[0.23062628792641388, 0.6250564027231823, 0.3485710289812401, 0.3644997672780792]",stable,0.08941472734435554,3754,"[0.23986417169974467, 0.5688868869728404, 0.41631847511058656, 0.3516574928385858]"
"[0.23063810107701915, 0.6249845746979261, 0.3486576625440653, 0.36448334493224865]",stable,0.14968430923578796,3755,"[0.3516975681028341, 0.5703021045282178, 0.41503452964451365, 0.3832965542514745]"
"[0.2307927108688784, 0.6249147375712726, 0.34874243504355507, 0.36450737201950184]",stable,0.15770771663384223,3756,"[0.3419722557851086, 0.6198097142900831, 0.4542201050472482, 0.4013751431207057]"
"[0.2309345215129042, 0.6249082260619854, 0.3488769728879475, 0.3645543972377432]",stable,0.10170852673267511,3757,"[0.2225039957048472, 0.6590798290988295, 0.42730251247772966, 0.41891694804870894]"
"[0.23092378198958183, 0.624951756766491, 0.34897687803392174, 0.36462364889482723]",stable,0.1863612500067413,3758,"[0.34612930876257186, 0.5715560706097383, 0.47148961543287227, 0.4246047457495729]"
"[0.3338793875924147, 0.5142317726931621, 0.5971676229586039, 0.43291899466567263]",stable,0.17747226205919397,3759,"[0.4113909587144009, 0.6373759763396268, 0.529822723651312, 0.5090013828259902]"
"[0.33409291809137337, 0.5145710129235932, 0.5969820998200164, 0.43312858802148624]",stable,0.13253078306069255,3760,"[0.3999534096381325, 0.5633952339513235, 0.5520860993677632, 0.5270825591793157]"
"[0.3342738535077106, 0.5147051453989441, 0.5968587591594332, 0.4333867033268649]",stable,0.02927814561920214,3761,"[0.33890203972824934, 0.49514837988597327, 0.610590385868037, 0.41711510064570734]"
"[0.3342865334699587, 0.5146515652194564, 0.5968963800545253, 0.43334212359349183]",stable,0.28166652570556877,3762,"[0.5084572480247239, 0.4864625480720152, 0.8138924515448288, 0.39989547705658657]"
"[0.5119888102124392, 0.5076014522366239, 0.785153783007408, 0.5605959013742654]",stable,0.352155059974821,3763,"[0.2917364911266608, 0.3004660566882533, 0.8184063942064008, 0.3831380360578053]"
"[0.2900068186993477, 0.2990105191978783, 0.8350239010160907, 0.37377357477874434]",stable,0.1703980532830803,3764,"[0.21602319242671159, 0.4278337986982795, 0.8007478137893861, 0.4498763481145646]"
"[0.2898620366518474, 0.2992626195491511, 0.8349568245244533, 0.3739225038850767]",stable,0.22710369191204574,3765,"[0.1907592648355495, 0.4361224992620383, 0.9611795861347691, 0.2897089938356337]"
"[0.2896684765506437, 0.29952992400171535, 0.8352033533557235, 0.3737580243732614]",stable,0.14038152083226513,3766,"[0.2458996983582291, 0.20604363019253705, 0.8578592894275243, 0.4661608753966869]"
"[0.28958315729490797, 0.29934768951085927, 0.8352475169737972, 0.37393814688987626]",stable,0.07320867275213533,3767,"[0.35105610427693046, 0.30692963674075197, 0.8139151117927099, 0.3412574320741361]"
"[0.28970275446802474, 0.29936244038095633, 0.8352060142399819, 0.3738745657326472]",stable,0.1040250603881493,3768,"[0.2749234119305517, 0.20499566908858188, 0.8279145625677093, 0.3333217430037451]"
"[0.2896740567155248, 0.29917920393184494, 0.8351918560813949, 0.37379582238754255]",stable,0.08644250672725905,3769,"[0.293379768886637, 0.23943805772987728, 0.890215590662578, 0.34443668837763464]"
"[0.28968123832825954, 0.29906342651672485, 0.8352984912259321, 0.37373892484101173]",stable,0.15762250571446823,3770,"[0.19589607859413807, 0.19233987043298953, 0.9033093298410547, 0.37955326307183823]"
"[0.28949983569821286, 0.29885699797497683, 0.8354300402367931, 0.37375017114319903]",stable,0.11044817124212074,3771,"[0.30438062234298874, 0.22538138280620382, 0.9102150455530275, 0.34235116359546497]"
"[0.28952856308555797, 0.2987151531580487, 0.8355744128339286, 0.3736895552985123]",stable,0.06872901514876036,3772,"[0.32794271956971505, 0.25521515768427333, 0.8693346826532281, 0.35899177722021614]"
"[0.28960257880132706, 0.29863133813786796, 0.8356394615233685, 0.37366123588024963]",stable,0.12162553786509514,3773,"[0.2705095247379408, 0.18548938041594865, 0.8718040079689726, 0.35579367502988535]"
"[0.2895658613896667, 0.2984137574499412, 0.8357090087280716, 0.3736268751863066]",stable,0.11157412346114198,3774,"[0.2657511534898999, 0.37042013970853094, 0.9107165702653381, 0.4063467673015623]"
"[0.289520151777575, 0.29855196547730894, 0.8358529771763198, 0.37368967728249713]",stable,0.11951175809957251,3775,"[0.26235825251856815, 0.29755934917246857, 0.952027616734548, 0.3806004940997343]"
"[0.2894681174878068, 0.2985500639135066, 0.8360755339570827, 0.3737029163951738]",stable,0.18363633361135298,3776,"[0.3284607785788594, 0.17399850978312492, 0.9639918102096184, 0.35564157545243097]"
"[0.2895426732451511, 0.29831191562645043, 0.8363201157472404, 0.37366838228247257]",stable,0.046750756308802495,3777,"[0.31471165076939833, 0.3135722472434239, 0.8164863542351983, 0.34323977782790693]"
"[0.2895907056450065, 0.29834103839671183, 0.836282265057332, 0.3736103124266433]",stable,0.23847786420572598,3778,"[0.15378554215218018, 0.30749769263124416, 0.6438078720842627, 0.4096438109757586]"
"[0.2893320291431154, 0.2983584796428728, 0.8359156471659548, 0.3736789476619749]",stable,0.32101360984800725,3779,"[0.15587756367929825, 0.38037132983514044, 0.5571737286330916, 0.4022530375228043]"
"[0.16319508217010065, 0.5094980896717277, 0.4585045693008327, 0.3148025657612886]",stable,0.1476017913626056,3780,"[0.26109139885051835, 0.4856721257339214, 0.5134934282122929, 0.40759884172055005]"
"[0.3340865467633482, 0.5145723864230478, 0.5966685031369235, 0.43327178675777345]",stable,0.118629734104085,3781,"[0.22426716123527835, 0.5004244504798533, 0.5544216307313894, 0.4280035748845805]"
"[0.33378731138043793, 0.51453383618887, 0.5965533890431756, 0.43325743195702904]",stable,0.15707749076944724,3782,"[0.2201591652918177, 0.5743092017905826, 0.5330108759799155, 0.3688273363209369]"
"[0.16345880477714564, 0.5097981411167224, 0.45884950590582846, 0.3150526804398055]",stable,0.1304022376442678,3783,"[0.2529550154731721, 0.460665018259097, 0.4263544447561678, 0.38938422887532403]"
"[0.1638712297112287, 0.5095717211957195, 0.458699759080254, 0.3153952221376651]",stable,0.19193475466721516,3784,"[0.23737787976950162, 0.49926458984981487, 0.5663600172123076, 0.455889899292113]"
"[0.33352532922932127, 0.5144923436716443, 0.5964713418371135, 0.4333189332269613]",stable,0.12142248488490617,3785,"[0.4249645503918393, 0.54659858542551, 0.5809017282997853, 0.3618412091196706]"
"[0.33377313199669933, 0.5145793524568851, 0.5964291477624866, 0.4331252266575648]",stable,0.07026670004102267,3786,"[0.3084740869600851, 0.48999672988324866, 0.656701182846934, 0.44089336086544856]"
"[0.3337047561993031, 0.5145129129364159, 0.5965920451546067, 0.4331462216148835]",stable,0.21329587973591546,3787,"[0.5037396798980067, 0.5440294432568693, 0.6625159491453911, 0.5397579956154588]"
"[0.5119720436874099, 0.5076754928687789, 0.7849045191174446, 0.560553547907276]",stable,0.22146639429755038,3788,"[0.6388685166696698, 0.6328753934500084, 0.6543625149531939, 0.5454400112248307]"
"[0.6888807001002369, 0.601224255437735, 0.6421860171025147, 0.6489050792237269]",stable,0.08682681851925089,3789,"[0.661357560838657, 0.6377863822084608, 0.5736901237731727, 0.6763440424399162]"
"[0.6886737592035334, 0.6014991586465374, 0.6416710103857527, 0.6491113872178336]",stable,0.2547275997871632,3790,"[0.6807056831400912, 0.6872146410948416, 0.4050861606841643, 0.6103412335231723]"
"[0.6088697027393805, 0.6139226796616273, 0.4135928080141157, 0.551261535721375]",stable,0.2630282328249367,3791,"[0.7577668978720742, 0.7218564614193673, 0.5690428029762626, 0.6570872148657427]"
"[0.6891893796413583, 0.6023973474732003, 0.6411290088379206, 0.6491709083196836]",stable,0.28543641909715706,3792,"[0.8905431466818948, 0.7437271995658463, 0.5149810568694919, 0.7201862374200619]"
"[0.8746218250842951, 0.6783364229506598, 0.3973022533062182, 0.7126745692523473]",stable,0.1592746684200833,3793,"[0.898158182037201, 0.7813197068079819, 0.5132709724955099, 0.7402455561275084]"
"[0.8746455991822273, 0.6784404464697076, 0.3974193934266114, 0.7127024187340394]",stable,0.14697576017075445,3794,"[0.8817334025151937, 0.7268783854394769, 0.44958044446145057, 0.8410948949348905]"
"[0.8746527513551162, 0.678489324309233, 0.3974720281905214, 0.7128319772367648]",stable,0.20733080894380604,3795,"[0.9986346256206742, 0.6239676740673062, 0.3146821496356246, 0.8462028318289688]"
"[0.8747777330832065, 0.6784343629682634, 0.3973885706516556, 0.712966423662765]",stable,0.1607612652656183,3796,"[1.0, 0.7274561222006916, 0.44835172315366295, 0.784821781756903]"
"[0.8749038380851368, 0.6784837302988096, 0.39743989306102323, 0.7130387855540985]",stable,0.14912122155060437,3797,"[0.9730626259166262, 0.6983099526173427, 0.4259960088060998, 0.8197789384972481]"
"[0.8750025893807419, 0.6785036761965144, 0.3974686215476883, 0.7131461700137999]",stable,0.2130982133179256,3798,"[0.9065099986029881, 0.7778793178533341, 0.4833555196573417, 0.8779674497740039]"
"[0.8750342551186538, 0.678603551213255, 0.39755494003825076, 0.7133118195411972]",stable,0.0605851217118663,3799,"[0.9120732986395979, 0.7150929608350263, 0.4278317901255117, 0.7062053744282464]"
"[0.8750714429133536, 0.6786401871666905, 0.3975853384821135, 0.7133046845561439]",stable,0.12341265081176266,3800,"[0.9247122961967693, 0.7680260860984152, 0.39685711918321936, 0.7824140097916046]"
"[0.8751212331373088, 0.6787298420302128, 0.397584608071583, 0.7133740018332106]",stable,0.08974843884086504,3801,"[0.8165700797918038, 0.7073042309461686, 0.33702813978597823, 0.7253307222505283]"
"[0.8750625646469827, 0.6787584736824332, 0.39752393024764954, 0.7133859825149915]",stable,0.13758586013986435,3802,"[0.9006029175861654, 0.6542698624194085, 0.2934936310065561, 0.7961843160754281]"
"[0.8750881305658408, 0.6787339605580458, 0.3974197958139748, 0.7134688637297668]",stable,0.09218648792139761,3803,"[0.928152743508062, 0.7374014057102655, 0.38231490463494, 0.7583294093166748]"
"[0.875141195178783, 0.678792628003198, 0.39740469092279573, 0.7135137242753538]",stable,0.15272671295948168,3804,"[0.8038985195508519, 0.6287712352653884, 0.4782236508786398, 0.6175132763544884]"
"[0.8750700236746591, 0.6787426565818815, 0.39748542914452983, 0.7134178197319763]",stable,0.3370924606899189,3805,"[0.6049864138413508, 0.6754590579529803, 0.5018634428358673, 0.5408471994303472]"
"[0.6088559322113732, 0.6141408937690435, 0.4139058244496538, 0.5512246054508394]",stable,0.18954156561556934,3806,"[0.4640187149092588, 0.6510087024107963, 0.4013531651860667, 0.4353307703622178]"
"[0.6083441399240865, 0.6142711687112404, 0.41386146876321006, 0.5508150865989362]",stable,0.26731207927633804,3807,"[0.4448105545643897, 0.7207367577375745, 0.2594567851460767, 0.4531586161691143]"
"[0.23119590256537673, 0.6250736206354109, 0.3488629847859729, 0.36473628880230086]",stable,0.19101601249983502,3808,"[0.39591278367000915, 0.6351891799035807, 0.2747883152875199, 0.42610472458069276]"
"[0.2314051997459417, 0.6250864739508725, 0.34876886195306506, 0.3648142664843573]",stable,0.219820622994431,3809,"[0.4387698147130284, 0.6548136699470031, 0.3433063081777846, 0.43120309896144987]"
"[0.23166835281062076, 0.6251241988188878, 0.34876192977822335, 0.3648985162717648]",stable,0.15335668490214485,3810,"[0.31137785759349734, 0.7010766671659426, 0.32934708520606715, 0.4698697219125164]"
"[0.23176937879893872, 0.625220463037325, 0.3487373228776249, 0.3650315596249216]",stable,0.054587922302353355,3811,"[0.2748121574100278, 0.6340124547541967, 0.3184614124536363, 0.376574115683855]"
"[0.23182386332882618, 0.6252315921407641, 0.3486989989403793, 0.36504617045537596]",stable,0.1471260098610363,3812,"[0.22301711403407726, 0.5900300513063437, 0.443752718428961, 0.4713200895454229]"
"[0.23181272963818803, 0.6251870895606952, 0.3488191679915659, 0.36518052433538867]",stable,0.0510466802093845,3813,"[0.22516003326455328, 0.6327816805617716, 0.39885627328185125, 0.36552033759979125]"
"[0.23180432976902943, 0.6251966786907471, 0.3488823461548113, 0.3651809533925407]",stable,0.07539570660978283,3814,"[0.23686770179606806, 0.6617207872395616, 0.3215492498441387, 0.30536652219328775]"
"[0.23181071485355279, 0.6252427368351972, 0.3488478781897284, 0.36510552535824153]",stable,0.09928585591868491,3815,"[0.18886629846576042, 0.7125453807300627, 0.3548506921716221, 0.34624623375216973]"
"[0.23175662868681754, 0.6253526897872058, 0.3488554384088492, 0.3650817731018107]",stable,0.1867888218032482,3816,"[0.21635687784869811, 0.5811458585685647, 0.187878979123622, 0.2827091608185547]"
"[0.23173725793104633, 0.6252970837102012, 0.34865295229654075, 0.3649781597530268]",stable,0.13707941539807247,3817,"[0.16576073915890283, 0.613177599654788, 0.26660774133553095, 0.2780323918216301]"
"[0.231654372857212, 0.6252818582277195, 0.3485498804234741, 0.3648689314013542]",stable,0.13933634283586505,3818,"[0.30537573729586065, 0.5250080296251157, 0.3987181038694435, 0.40239339693823545]"
"[0.23174687143241732, 0.6251560441391341, 0.34861282675151173, 0.3649160135413001]",stable,0.11590063670699247,3819,"[0.1369999221272822, 0.5651549650361403, 0.3200908826859494, 0.3714231173251368]"
"[0.23162814091950362, 0.6250808548169499, 0.34857708496696843, 0.3649241678066934]",stable,0.21116911089392354,3820,"[0.20475172563683283, 0.4520591365210016, 0.2595939709284573, 0.2873642418706119]"
"[0.2315945033534427, 0.6248643069842892, 0.34846571686429195, 0.36482709656021517]",stable,0.13620613059058623,3821,"[0.20009274228814372, 0.5198380845595129, 0.26832965498305505, 0.3544611306335578]"
"[0.23155512615211107, 0.6247330242062582, 0.3483655467869404, 0.36481413910280686]",stable,0.18117839826041576,3822,"[0.170888939132361, 0.5765652773001418, 0.22711321607243873, 0.25470979675890126]"
"[0.2314793880909129, 0.6246728896907698, 0.34821417059378873, 0.36467668049813284]",stable,0.12113042714458587,3823,"[0.18123099119798305, 0.5974941548499432, 0.31761526967892645, 0.2623404570717483]"
"[0.23141673422945042, 0.6246390009939607, 0.34817601735075276, 0.36454907922204005]",stable,0.06738316497482517,3824,"[0.22065064506254253, 0.596674077325814, 0.31440179552891084, 0.31453061032665663]"
"[0.2314033268954941, 0.6246041754352208, 0.34813395729867075, 0.36448678972154763]",stable,0.13221195178035855,3825,"[0.18496046178120873, 0.6069152803544784, 0.22604201054719425, 0.37467109150445177]"
"[0.23134556213788926, 0.6245821743219363, 0.34798210164350724, 0.3644994567635662]",stable,0.03401237656668884,3826,"[0.24590174751974622, 0.6029953113404762, 0.3667873269645077, 0.3533043652458818]"
"[0.23136364435575493, 0.6245553583430773, 0.3480054621718563, 0.3644855498175815]",stable,0.23630158039415053,3827,"[0.27761097550349767, 0.5759972159538876, 0.5523138862320965, 0.4624640981035019]"
"[0.3335535600249209, 0.51467863882056, 0.5964726970173493, 0.43322524554072883]",stable,0.11194313964822508,3828,"[0.32740986685939866, 0.4271579020144287, 0.6651905231675819, 0.4437847221701954]"
"[0.33353704472071255, 0.514443368022694, 0.5966574223564628, 0.43325363123059296]",stable,0.16902820824463335,3829,"[0.48378556928625527, 0.4869882531760043, 0.5841320707562674, 0.5045645580533121]"
"[0.333939855778529, 0.5143697618166707, 0.596623842325363, 0.43344481334003726]",stable,0.1612639835624431,3830,"[0.41806777355012337, 0.43422332654082935, 0.7079907098935583, 0.4435707980559654]"
"[0.33416479673513755, 0.5141554665351845, 0.59692161469854, 0.43347188816548093]",stable,0.2396285549006241,3831,"[0.5423674096725389, 0.4731388517257507, 0.6228580264705142, 0.5417237063662352]"
"[0.5120336975737895, 0.5076054388299492, 0.7845758244061932, 0.5605153535025273]",stable,0.2736691467730149,3832,"[0.6803329266414442, 0.4915776643865647, 0.5830537557505802, 0.4850028533329698]"
"[0.6891237762858033, 0.6015764609318178, 0.6406988217780143, 0.6479548486531154]",stable,0.10117112647392254,3833,"[0.6809072311051991, 0.5736482159942329, 0.5752018176010406, 0.5765528823227315]"
"[0.6890633605124165, 0.6013711061896297, 0.640217226159066, 0.6474298341948037]",stable,0.209290401950519,3834,"[0.8304588866933924, 0.6867883904394706, 0.5140454943167402, 0.6718093165499499]"
"[0.8750255015818634, 0.67875068625639, 0.3976017565548814, 0.7133762942796988]",stable,0.09517407106152895,3835,"[0.8741585860137919, 0.6255480630142878, 0.40653399923084954, 0.6349731809438157]"
"[0.8750246372592632, 0.6786976427636262, 0.39761066208097906, 0.7132981256721854]",stable,0.0719657243215565,3836,"[0.9345893826566738, 0.6793731925950497, 0.4183389725509406, 0.6786428611319447]"
"[0.875083964694918, 0.678698315622024, 0.3976313078085388, 0.7132636084764282]",stable,0.10358024589125069,3837,"[0.9723940337928129, 0.6672378118533283, 0.4150571063730466, 0.6845474773161937]"
"[0.8751807906343189, 0.678686912135687, 0.3976486469115881, 0.7132350352115921]",stable,0.045167668314582056,3838,"[0.896335925733058, 0.6485763994328827, 0.4100771807342551, 0.7362886052545005]"
"[0.8752018195956497, 0.6786569812085469, 0.3976610013189665, 0.7132579512851934]",stable,0.05589831676198553,3839,"[0.9052089754904609, 0.7091529570268885, 0.36407066959922285, 0.7261372946602448]"
"[0.875231618161583, 0.67868726519645, 0.397627644485084, 0.7132707410998658]",stable,0.09938099246992613,3840,"[0.9611356063240503, 0.6438149805891672, 0.42055451054809434, 0.7407547193578919]"
"[0.8753168403720617, 0.6786526696760061, 0.39765038939189246, 0.7132980069513123]",stable,0.12740651510076792,3841,"[0.9066670566555717, 0.6652782805491293, 0.44214824059187907, 0.8277123897148708]"
"[0.8753479109531157, 0.6786394145827189, 0.397694490334608, 0.7134114007895319]",stable,0.15571744329155032,3842,"[1.0, 0.672029830065509, 0.44491926843050184, 0.7936355403474497]"
"[0.8754713288630631, 0.6786328704396326, 0.3977412475406436, 0.7134908306306783]",stable,0.060984156918323436,3843,"[0.9068336963160855, 0.7099926994939292, 0.378091705526042, 0.7504492657041768]"
"[0.8755023499980314, 0.6786638890638208, 0.39772181179186555, 0.7135273869462802]",stable,0.1766145703080309,3844,"[0.9057665211981876, 0.7647664814057742, 0.48686036935558613, 0.8356643900784706]"
"[0.8755322553055415, 0.6787489706768068, 0.3978098933704859, 0.7136480756845531]",stable,0.14670815696745987,3845,"[0.8315657530345347, 0.7470504421005956, 0.27705645206076757, 0.7321884481740201]"
"[0.8754888530328159, 0.6788163956239182, 0.3976906895784723, 0.7136663781253128]",stable,0.19792446179942358,3846,"[0.6977356285604637, 0.6326306421597547, 0.4714767998464071, 0.7130582031926332]"
"[0.6891266617390446, 0.6015992779850321, 0.6389855442151781, 0.6479088733845688]",stable,0.1330515185640745,3847,"[0.7249828091898782, 0.5340581907750395, 0.5863510975858299, 0.5525943422326778]"
"[0.6893864888944854, 0.6011098498168438, 0.6386041351816321, 0.6472181883762218]",stable,0.10986849918694726,3848,"[0.7177411353576246, 0.6334870688522096, 0.7381938857267649, 0.6298775306194708]"
"[0.6895904791568102, 0.6013427794501917, 0.6393206082071365, 0.64709343544272]",stable,0.054482522157264235,3849,"[0.6625557540212597, 0.6195877295585127, 0.635524293460252, 0.6905696202724574]"
"[0.6893973739772704, 0.601473100522394, 0.6392934916732302, 0.6474039796200753]",stable,0.18963343392795173,3850,"[0.8657636303156436, 0.6649125812847569, 0.6609309149005147, 0.666457511712032]"
"[0.6906481984903086, 0.6019230259178717, 0.6394469485755514, 0.6475391110533516]",stable,0.15416804328761652,3851,"[0.7110087084407231, 0.6798088798890743, 0.6013619295782203, 0.773382506926321]"
"[0.6907915823631988, 0.6024715178472465, 0.6391787442164153, 0.6484253321510486]",stable,0.2666725757060431,3852,"[0.8455301042936695, 0.6316877021588305, 0.4312010737326444, 0.7037602724589958]"
"[0.8754593079157161, 0.6787699176224733, 0.39772373729460075, 0.7136566087903361]",stable,0.12002926109350608,3853,"[0.7898744445915717, 0.6539753651145775, 0.40953463090504405, 0.6341079592323671]"
"[0.8753749878533278, 0.6787454894919237, 0.3977353736429854, 0.7135782357365844]",stable,0.16720257452200454,3854,"[0.9246109428127184, 0.793722828107714, 0.5082690439316668, 0.7233271332827844]"
"[0.8754234484389177, 0.6788586561637895, 0.397844166625553, 0.7135878311081849]",stable,0.11729653065799789,3855,"[0.9261591021961678, 0.6567569485721017, 0.2959583944509376, 0.7313409573720564]"
"[0.8754733360040674, 0.678836923904604, 0.39774398395871463, 0.7136052874761927]",stable,0.1090037187379654,3856,"[0.8421349143480558, 0.6143851356648606, 0.41356700298424875, 0.6338183248707124]"
"[0.8754405870633444, 0.6787736117354098, 0.3977595271994077, 0.7135269112850281]",stable,0.19525729147157225,3857,"[0.7870389587677065, 0.6927408266064461, 0.5432882541082811, 0.618991899038119]"
"[0.6914646409394541, 0.6031027717546534, 0.6385081813485262, 0.6482195039474616]",stable,0.14505730671125594,3858,"[0.6103657086398574, 0.5046426686573626, 0.5761066807692089, 0.6186180473328096]"
"[0.6909014539095959, 0.6024190210387, 0.6380748375945031, 0.6480139382765266]",stable,0.1878000993435947,3859,"[0.6168392751331755, 0.4967062201237077, 0.7079001667390973, 0.5308264896273225]"
"[0.5122458546133833, 0.5075833756341877, 0.784420610524276, 0.5604552545878002]",stable,0.17391035418308712,3860,"[0.49192229677496097, 0.38313273443303036, 0.6730764328853841, 0.5163386330102724]"
"[0.5122047969207805, 0.5073319601974176, 0.7841956727916722, 0.5603661300997648]",stable,0.15532107841168719,3861,"[0.4416424709677715, 0.37447053670503655, 0.8076979358701459, 0.5296890811406619]"
"[0.512062534166843, 0.5070640944242474, 0.7842430563865885, 0.5603042812107343]",stable,0.4047544689343811,3862,"[0.3277868659525438, 0.2212935842241238, 0.8523080808518513, 0.3515675423001375]"
"[0.28940513719788613, 0.2982119684348524, 0.8359468114885515, 0.373636910769652]",stable,0.07971469864580388,3863,"[0.3659338124285615, 0.2929650803065755, 0.8539784508996031, 0.38568370257279616]"
"[0.28955035290041115, 0.2982020122903965, 0.8359810271231076, 0.37365976995713424]",stable,0.15368467673562627,3864,"[0.34362647267769036, 0.17937927746087956, 0.9156194804819919, 0.3889446503101631]"
"[0.28965276979392873, 0.2979769692320072, 0.8361318575271964, 0.37368871859416647]",stable,0.08350088193408128,3865,"[0.3094232778417151, 0.24036589140102937, 0.8578280416197963, 0.3208515763334913]"
"[0.2896901431550777, 0.29786806360283713, 0.8361728711077117, 0.3735888374178703]",stable,0.10141313655118589,3866,"[0.36033204339674973, 0.2348773945598459, 0.8196541634357286, 0.34112879882024927]"
"[0.2898234297593072, 0.2977492132838881, 0.8361417037347456, 0.37352759206202574]",stable,0.22267524133037978,3867,"[0.15528941726057188, 0.15289219981939306, 0.8872692303992455, 0.4623379757446276]"
"[0.2895700700370874, 0.2974764128818834, 0.8362379890956957, 0.37369484325540164]",stable,0.17467763247881077,3868,"[0.16154889483829127, 0.2412054454149143, 0.9406760763495103, 0.3666864097487232]"
"[0.28932942873032275, 0.2973706403866448, 0.8364343012897818, 0.37368166950820864]",stable,0.15976255565440742,3869,"[0.37417376291359417, 0.29180806852884755, 0.9710601875893242, 0.3606263380832884]"
"[0.2894886113460512, 0.2973602040416958, 0.8366868826899686, 0.37365717545300237]",stable,0.22855979936032764,3870,"[0.18834255904752192, 0.30083735995516897, 0.9966571681683236, 0.5017449388763029]"
"[0.28929919926309516, 0.2973667155696237, 0.8369864525129618, 0.37389704017851416]",stable,0.1664448959464588,3871,"[0.2070102875852307, 0.21295968224490364, 0.9511888185677054, 0.3462255618241137]"
"[0.28914538821323005, 0.29720894541387655, 0.8371999148794191, 0.3738453177890667]",stable,0.12916790928992813,3872,"[0.3858277058958066, 0.227259964261469, 0.8829230362258791, 0.35504599737758696]"
"[0.289325765671593, 0.29707844358336827, 0.8372852192102894, 0.37381024443009003]",stable,0.1297904513748813,3873,"[0.3253453545627447, 0.23942646002753815, 0.9236400504969979, 0.44285546432060996]"
"[0.2893928412561203, 0.29697108420989377, 0.8374460289519778, 0.373938820258564]",stable,0.12739964647739505,3874,"[0.33424150684695586, 0.3970293909683556, 0.8358375931800123, 0.43878490958]"
"[0.28947620308807354, 0.2971570661927162, 0.8374430392944092, 0.374059352023102]",stable,0.3192116980447377,3875,"[0.5344027429937265, 0.4194501888364829, 0.7309367658169797, 0.49899094963730456]"
"[0.512107484285207, 0.5068878088999259, 0.7841358002687422, 0.5601809143464014]",stable,0.3204725028646224,3876,"[0.609652670507019, 0.5494230124356774, 0.48217981537217236, 0.5743548828302848]"
"[0.6083487474261392, 0.6140428301328054, 0.4141020263216923, 0.5508979732053846]",stable,0.19921537556135166,3877,"[0.6869779347806092, 0.6095513868326405, 0.57084161221231, 0.6453264959511372]"
"[0.6908743951569822, 0.6024682097683134, 0.6376111601780742, 0.6479954041915239]",stable,0.17338095446519913,3878,"[0.739042313567123, 0.6514324501354788, 0.5000470462891363, 0.5678740915305642]"
"[0.6088073213424233, 0.6141740217819375, 0.4144035877952623, 0.5509575385328414]",stable,0.15699655269525026,3879,"[0.7233118982121867, 0.557136523134836, 0.414304535958699, 0.6419703583489778]"
"[0.6092076869958141, 0.6139745899684861, 0.4144032414601694, 0.5512757651755551]",stable,0.35989778519647636,3880,"[0.9129547790509871, 0.5404477399392721, 0.42050000002655874, 0.7296594856130432]"
"[0.8754774017757955, 0.6786378650506246, 0.3977818436594932, 0.7135427430557132]",stable,0.08342040443800268,3881,"[0.8594895155506354, 0.610509272123932, 0.4316927446645108, 0.6833451108719114]"
"[0.8754617273775356, 0.6785710723124612, 0.3978150896408707, 0.7135131375339643]",stable,0.13140083098154295,3882,"[0.9679935237574662, 0.5875256247385812, 0.3921615654756368, 0.7330786475433678]"
"[0.8755523559734023, 0.6784818994940734, 0.3978095523987892, 0.713532300619184]",stable,0.14340580104434764,3883,"[0.9673512369980561, 0.6275841092741818, 0.34662839911160853, 0.6302971294791035]"
"[0.8756421787532699, 0.6784320973510011, 0.39775947299244163, 0.7134508572031958]",stable,0.10782923996045979,3884,"[0.9531417581629146, 0.6270181116199235, 0.40403037477466464, 0.7676563739322231]"
"[0.8757179359178933, 0.678381839300433, 0.3977656029062072, 0.7135038440230678]",stable,0.20977212222995956,3885,"[0.9492184393749191, 0.6760060531595735, 0.21485783134186076, 0.641802226203087]"
"[0.8757897137533005, 0.6783795191967799, 0.39758698203553894, 0.7134338229119155]",stable,0.07320085225108923,3886,"[0.9267668936235047, 0.708704937303251, 0.3824024940694259, 0.7535523005081718]"
"[0.8758394475873202, 0.6784091049705422, 0.39757216790093786, 0.7134729628900582]",stable,0.18395603188510623,3887,"[0.9944639260176961, 0.6975802215454359, 0.25898489917036444, 0.7274046540690637]"
"[0.8759550659873498, 0.6784277902693482, 0.39743709259028426, 0.7134865415364315]",stable,0.07296653421740674,3888,"[0.9348479918261745, 0.7125214320461423, 0.41261510246826233, 0.6919693389212603]"
"[0.8760124106084197, 0.6784609875836392, 0.39745187156777007, 0.7134655900246348]",stable,0.09111397915378497,3889,"[0.9433795616418496, 0.6649244163304202, 0.4010110162671353, 0.7731942923928508]"
"[0.8760779428565068, 0.6784478197127702, 0.39745533377078507, 0.7135236918751876]",stable,0.09192388582296276,3890,"[0.8978506223266857, 0.7168980776779226, 0.340305147495965, 0.6566784186798853]"
"[0.8760991019230473, 0.6784851863385867, 0.39739979423115934, 0.7134684486553672]",stable,0.16843544771405827,3891,"[0.7444083676536056, 0.6309944431277292, 0.4904246528658755, 0.7025571911897022]"
"[0.6912410662014797, 0.6026635949283095, 0.6366030334156618, 0.6483691150613744]",stable,0.15254992811195878,3892,"[0.6594593390598481, 0.7368470264129718, 0.5730350465325595, 0.6336953239530985]"
"[0.6910248639760265, 0.6035764073873888, 0.6361705981307427, 0.6482692933531549]",stable,0.09870633924769207,3893,"[0.601608239656251, 0.6303808842198438, 0.6389958386913979, 0.6163139066327689]"
"[0.6904206975954874, 0.6037575187173378, 0.6361896875939904, 0.6480533785780171]",stable,0.22867065881286183,3894,"[0.5270665113285348, 0.7597065621663797, 0.6406564842875835, 0.6124777744988595]"
"[0.6893243607749039, 0.6048041565928348, 0.6362196660952898, 0.6478146161345328]",stable,0.23595162040564438,3895,"[0.5278665185303411, 0.5314308681205194, 0.7539919211700986, 0.5460767725209997]"
"[0.5121391289322856, 0.5069370921513728, 0.7840752703910341, 0.5601525927764709]",stable,0.2165597222908098,3896,"[0.34954049809358245, 0.43542414159559906, 0.7754807463766766, 0.4365733444059379]"
"[0.2895876396279724, 0.2974135913789924, 0.8373280814225766, 0.3741753334560943]",stable,0.21457383076661604,3897,"[0.380570938242939, 0.47794207489309803, 0.8333171883950166, 0.4459900088380729]"
"[0.5118754652234894, 0.5068789859043622, 0.7841739515894389, 0.5599238100431274]",stable,0.30307780734627304,3898,"[0.2676102347915851, 0.4530139138157155, 0.8851806243840674, 0.42176860540820593]"
"[0.28954694073012727, 0.2977017401242456, 0.8374166972428757, 0.37426346914489445]",stable,0.08335711453020431,3899,"[0.3067014037078459, 0.36713628618493294, 0.807961226051405, 0.4053335829680269]"
"[0.28957864953415263, 0.2978300849413633, 0.8373622509005625, 0.3743209000392071]",stable,0.07567315014572555,3900,"[0.3070642083684833, 0.3500892341508319, 0.7917350491685241, 0.3989749194120205]"
"[0.28961091071281375, 0.29792650403584575, 0.8372780678715367, 0.3743663871598211]",stable,0.146874791559888,3901,"[0.3617678618361676, 0.4021318248507942, 0.7637843613966334, 0.36409482336568993]"
"[0.2897437964423227, 0.29811841070401324, 0.8371427203458002, 0.37434747083607506]",stable,0.21906535314322656,3902,"[0.377105770128865, 0.40352096524642056, 0.8718884288983126, 0.5418006037851996]"
"[0.5116059258333001, 0.5066722698630464, 0.7843493805440567, 0.5598875636306115]",stable,0.1800529964733921,3903,"[0.4286652678035717, 0.43432568600979793, 0.918549225216847, 0.5119678153089975]"
"[0.5114403756176719, 0.5065278655040578, 0.7846172445054794, 0.5597919154303688]",stable,0.21004410560021464,3904,"[0.3960364033942114, 0.5310295101993271, 0.9185728657090699, 0.6704987826411604]"
"[0.5112104872267884, 0.5065766735612197, 0.7848840883724187, 0.5600124470383585]",stable,0.10217376075366127,3905,"[0.5385345473149828, 0.5453794420405861, 0.8523824670754524, 0.6202717795740056]"
"[0.5112648094138426, 0.5066538162420933, 0.7850182799801784, 0.5601322469042345]",stable,0.1652951382834998,3906,"[0.5268049424378467, 0.4373412016661018, 0.9341197609958158, 0.5668773803603737]"
"[0.5112956430111123, 0.5065162912131727, 0.7853141162520347, 0.5601456301055364]",stable,0.21664004308729717,3907,"[0.4927197768492824, 0.5260545784158595, 1.0, 0.5709193071818286]"
"[0.5112588591177226, 0.5065549808908018, 0.7857392368139119, 0.5601669641195489]",stable,0.19100148477812592,3908,"[0.5198938986884762, 0.5712310830762583, 0.9481999666948419, 0.6365247818706613]"
"[0.5112759244133169, 0.5066827992745675, 0.7860603054500402, 0.5603178688977132]",stable,0.025776495599282884,3909,"[0.5005817093237759, 0.4858439190949755, 0.7944788979923421, 0.5536148948215445]"
"[0.5112548312869076, 0.5066416969467971, 0.7860769101690587, 0.5603046480415471]",stable,0.13731643688524012,3910,"[0.5420788391959838, 0.4527970249480282, 0.8888845922925295, 0.4936937167387668]"
"[0.511315508467831, 0.5065357034979806, 0.7862792874960733, 0.5601735241610298]",stable,0.14461526087605234,3911,"[0.5816094815828036, 0.382904538418657, 0.8118046631227075, 0.5541634291361187]"
"[0.5114536105761119, 0.5062928131933061, 0.7863294355817838, 0.5601617165087216]",stable,0.11348494972126151,3912,"[0.45929858849349847, 0.5930118671041711, 0.7350221995567325, 0.5626235664378456]"
"[0.5113513458269303, 0.5064628505539156, 0.7862288331582054, 0.5601665436654453]",stable,0.35554404270330503,3913,"[0.3978014877283702, 0.6400274470169093, 0.47702500191704783, 0.5686214443197335]"
"[0.6084710800297255, 0.6140653664738812, 0.4146214357474755, 0.5513362030819808]",stable,0.3900840026889406,3914,"[0.31332613710359347, 0.5312635843813389, 0.5535033765020898, 0.35407834333112925]"
"[0.33410922697612006, 0.5142010881827743, 0.5968058327300161, 0.43326017204592265]",stable,0.2133022265094203,3915,"[0.4234217832421481, 0.6632380272051255, 0.5499740153854912, 0.5477847494001337]"
"[0.3343467603704446, 0.5145974630205997, 0.5966812800243125, 0.4335647586878222]",stable,0.20948044009417421,3916,"[0.48403559923843376, 0.6258043085141884, 0.6633262809895024, 0.5018786493844953]"
"[0.5112978903541544, 0.5066963954814309, 0.7859883193574838, 0.5600524773361283]",stable,0.11550474965706396,3917,"[0.43462001689264596, 0.48880476087600283, 0.7776409528222329, 0.4759569257425158]"
"[0.5111481288825499, 0.5066614508825922, 0.7859720159072197, 0.5598882282119221]",stable,0.12342557502573659,3918,"[0.5362803388437993, 0.6037804755681488, 0.7151559530070476, 0.5474293007965096]"
"[0.5111971195452425, 0.5068507667201859, 0.785833972899617, 0.5598639418037049]",stable,0.07164472914030738,3919,"[0.4446196816002666, 0.5089138408915304, 0.7923839025552292, 0.5343051054307212]"
"[0.5110675914558553, 0.5068547804831651, 0.7858467159534217, 0.5598142164411116]",stable,0.11176496540935252,3920,"[0.4971216805461047, 0.4965432340500483, 0.6828029466868174, 0.5201585398318347]"
"[0.5110405120171957, 0.5068347580629066, 0.7856466309645546, 0.5597372151273071]",stable,0.08875632399507773,3921,"[0.551677013209409, 0.5315481706516517, 0.844612908938277, 0.6059820539757517]"
"[0.511119264926483, 0.5068826522733499, 0.7857609066970618, 0.5598268369080213]",stable,0.08902879398556812,3922,"[0.5911714417580386, 0.5068526836950509, 0.7755367664932377, 0.522233736450212]"
"[0.5112741047269308, 0.5068825943070476, 0.7857411307972478, 0.5597541229806368]",stable,0.117810287183917,3923,"[0.4390713787718215, 0.557865956884626, 0.7648186687779711, 0.6347806346571334]"
"[0.511134717225087, 0.5069810177869271, 0.7857007399439289, 0.5598989618062671]",stable,0.19190786042910002,3924,"[0.5662351371555269, 0.5649129943334414, 0.6194252924314203, 0.6127093042203552]"
"[0.6885037659507748, 0.6045382155111055, 0.6361077036041972, 0.6475805807217716]",stable,0.11300961045744075,3925,"[0.7937957033584846, 0.6448173505444151, 0.6395953703494257, 0.6404948602703244]"
"[0.6892010635495013, 0.6048049647497368, 0.6361308007349603, 0.6475336554207687]",stable,0.1335732964574377,3926,"[0.8043584406268827, 0.6019379352902581, 0.5993197769608789, 0.7042551919121829]"
"[0.6899586778723789, 0.604786102713819, 0.6358886229469729, 0.6479068234240016]",stable,0.21822371168295457,3927,"[0.7823910649552258, 0.6557898908119795, 0.44797707765869793, 0.6820492736269756]"
"[0.8760081232463796, 0.6784631520710852, 0.3974488983898269, 0.7134379446019415]",stable,0.15084080231607935,3928,"[0.7543911373185481, 0.6551055053501049, 0.4367477602446814, 0.6368071663613474]"
"[0.8758901630272449, 0.678440496739639, 0.3974870156176201, 0.7133636179499138]",stable,0.16508385619633847,3929,"[0.8957426661830193, 0.5556485394477051, 0.49106740287932665, 0.6583781285961922]"
"[0.8759093999489074, 0.6783215122848988, 0.3975776942874473, 0.713310337436974]",stable,0.10070140000266986,3930,"[0.9481722491566454, 0.628369081146144, 0.3682100440173612, 0.7528217070388911]"
"[0.8759793543043843, 0.6782731556235835, 0.39754926480993513, 0.713348586584701]",stable,0.08477969347728363,3931,"[0.925746957247655, 0.6882375585313125, 0.35929817621846166, 0.7694587195344884]"
"[0.87602748544843, 0.6782827923768792, 0.3975122714940827, 0.713402851703608]",stable,0.1560318532857425,3932,"[1.0, 0.7227657848983471, 0.4559852811757741, 0.7732269721789153]"
"[0.8761472656557263, 0.6783257711136148, 0.3975687671556109, 0.7134606527861928]",stable,0.15199302228792735,3933,"[0.9252463441837832, 0.6897020409619482, 0.25417712968958744, 0.7142209823624183]"
"[0.8761946585886684, 0.678336752069067, 0.3974303582391379, 0.7134613866950502]",stable,0.1316422864634844,3934,"[0.8105938182965106, 0.722985846615858, 0.302987707186383, 0.7594316527001124]"
"[0.8761313983762362, 0.6783798080908092, 0.39733928528730306, 0.7135057167490569]",stable,0.055711324419716005,3935,"[0.8847185539913076, 0.6504284788061024, 0.42800711454679047, 0.7496750389264245]"
"[0.8761396711658461, 0.6783528800279146, 0.3973688304021966, 0.7135405619534667]",stable,0.16521277771420612,3936,"[0.9665942964164324, 0.6478544213190434, 0.33711169094099436, 0.5929082949136892]"
"[0.8762267304779257, 0.6783235263621697, 0.3973108350802898, 0.7134244577503486]",stable,0.12781793337780928,3937,"[0.896254422772369, 0.6370841097266005, 0.3565390761374887, 0.6012937758537275]"
"[0.8762459878743626, 0.6782838730769433, 0.3972716314659217, 0.7133166397869865]",stable,0.07823627497829287,3938,"[0.8126998129754262, 0.6837027904334437, 0.3534099544761856, 0.724700268581194]"
"[0.8761849444786863, 0.6782890785691206, 0.3972294972901391, 0.7133275750692095]",stable,0.1924363207276683,3939,"[0.7447369144328868, 0.5522988177056147, 0.4511295903729586, 0.6821124014273771]"
"[0.8760587947377595, 0.6781681666105184, 0.3972812248266869, 0.7132976180887471]",stable,0.17457302095094962,3940,"[0.7269414455698141, 0.6822343348875882, 0.477067725875061, 0.6702007928336765]"
"[0.8759158250837155, 0.6781720651419442, 0.39735772195137375, 0.7132562980261824]",stable,0.3152355322079173,3941,"[0.6659710195405382, 0.5654137532396604, 0.5741666479907697, 0.6068571149391444]"
"[0.6898018957917785, 0.6045287670963408, 0.6354852113459519, 0.6476385246757346]",stable,0.10569739468277939,3942,"[0.6233792993914711, 0.5551935450708706, 0.6684184111217649, 0.5907050709741274]"
"[0.6893705802307376, 0.6042084085117598, 0.6356990632925481, 0.6472688269244253]",stable,0.21499549643469332,3943,"[0.4994333345954246, 0.6386533647302516, 0.7117225118411116, 0.5908694787937855]"
"[0.5111121712084595, 0.5072347217309412, 0.7855582000053878, 0.5599586352494029]",stable,0.20740260431819688,3944,"[0.4382324190273538, 0.5578461498730586, 0.5989131632563964, 0.5424516195592829]"
"[0.33462231914672286, 0.5147121810228609, 0.5966872001389865, 0.4338535832524679]",stable,0.15657966716337846,3945,"[0.35456922339656294, 0.6519914274762233, 0.5703877761516397, 0.5015445130065557]"
"[0.33467508873468543, 0.5150753536325258, 0.5966176249432528, 0.4340326597862089]",stable,0.17240281279220956,3946,"[0.49389325831943887, 0.574698760606992, 0.5922975239058708, 0.4622937708848606]"
"[0.33509518944599087, 0.5152326713290283, 0.5966062262597769, 0.4341072273616671]",stable,0.22636861715056375,3947,"[0.49343651362906377, 0.6298409598453995, 0.5205776053473627, 0.5192856570966309]"
"[0.6080716544519453, 0.6141201428397546, 0.41498933911414176, 0.5512249164639761]",stable,0.13970897624854028,3948,"[0.7311770792143997, 0.6503595571796563, 0.4249735265495412, 0.6055450166850418]"
"[0.6084976247798431, 0.6142455387371245, 0.4150238864755099, 0.5514128752882704]",stable,0.15334900154199674,3949,"[0.6646928006285803, 0.7060027881556346, 0.38876548552895696, 0.65747475366187]"
"[0.6086914012482871, 0.6145619430454642, 0.41493334026534945, 0.5517786059033517]",stable,0.24023996724737315,3950,"[0.8047384048026315, 0.6616948788633196, 0.3428833703002502, 0.6607194267631196]"
"[0.8758476474780822, 0.6781562823964664, 0.3973055434536236, 0.7132059753525587]",stable,0.1327040155401391,3951,"[0.7762532563112231, 0.6573154583144272, 0.31236193714602023, 0.7196524307832988]"
"[0.8757523418406019, 0.6781363390241392, 0.39722425770596087, 0.7132121442094302]",stable,0.12383202273268808,3952,"[0.8317757732993617, 0.7276658774514674, 0.3593536313806884, 0.6156771671072954]"
"[0.8757102992320539, 0.6781836903993087, 0.39718805251826944, 0.7131188985334244]",stable,0.0890749074907804,3953,"[0.8054494124772484, 0.7225122223068156, 0.39978132266427957, 0.7451501823945881]"
"[0.8756431923679137, 0.6782260290162213, 0.39719052937609756, 0.7131494919277521]",stable,0.2214346190663838,3954,"[0.7077576662655313, 0.7256365450576854, 0.3185505815847911, 0.8245754414478861]"
"[0.8754829962552205, 0.6782712680582457, 0.3971154912579761, 0.7132558143986683]",stable,0.21458873028029646,3955,"[0.9932944346136796, 0.8558178126384781, 0.3926440707095134, 0.7382761873199325]"
"[0.8755953045854001, 0.6784405211989323, 0.3971112287026392, 0.7132796660411099]",stable,0.1711488983826761,3956,"[1.0, 0.688131034488104, 0.3272255973231424, 0.8072876957794557]"
"[0.8757137852476997, 0.6784497502592077, 0.39704467095846824, 0.7133691974980035]",stable,0.15583585024863278,3957,"[0.9545529765019124, 0.6981705369201927, 0.26965993281776485, 0.6752455407034053]"
"[0.8757887987503202, 0.6784685140904742, 0.3969234675920166, 0.7133329237998164]",stable,0.12320833121879746,3958,"[0.917850650864726, 0.7324944472814493, 0.3291141078317099, 0.7901065048688818]"
"[0.8758287814994784, 0.6785198695402753, 0.39685901002570445, 0.7134059024890455]",stable,0.1904229446167101,3959,"[0.7724174871244297, 0.5423863419487467, 0.45702174960109965, 0.6549669645756528]"
"[0.8757305751420472, 0.6783905879376243, 0.3969161446311892, 0.7133504049221762]",stable,0.31011247161768507,3960,"[0.7472431834421788, 0.5003440611583505, 0.5707864995691851, 0.5801991030037693]"
"[0.6897439518643599, 0.6035383159481894, 0.635280272558849, 0.6468361190281631]",stable,0.28112931697643856,3961,"[0.49728407330813573, 0.44706412974424514, 0.6616883140773122, 0.5171775967292612]"
"[0.5110855787124974, 0.5071190090540437, 0.7853199886862953, 0.5598763640214796]",stable,0.16601082215624285,3962,"[0.5513559468520405, 0.3862529734333326, 0.6847871513680341, 0.5249129463256879]"
"[0.511162873085126, 0.5068870205019886, 0.7851270273862603, 0.5598092557341555]",stable,0.1307972844512458,3963,"[0.4304661114591143, 0.47707315148624296, 0.7958703513631851, 0.4618721509825163]"
"[0.5110082815877581, 0.5068299058103876, 0.7851476084666758, 0.5596216367595356]",stable,0.17356487358056194,3964,"[0.42027524674495126, 0.415963811792511, 0.7769536095904973, 0.4431377620403194]"
"[0.5108347958614813, 0.506656165668862, 0.7851319411648093, 0.559398914245732]",stable,0.20120187118546545,3965,"[0.4308068012456163, 0.34276813296357084, 0.8294222242347787, 0.4868951446343033]"
"[0.29000310343644636, 0.2982004873993433, 0.8371285282573608, 0.3745543599423218]",stable,0.1998310459764895,3966,"[0.4772401880378189, 0.34953528335754547, 0.853094691232064, 0.4191025523841178]"
"[0.29034665772011864, 0.29829467968550516, 0.837157823969241, 0.3746360997449673]",stable,0.08535491338835267,3967,"[0.2735331782632721, 0.22956983257931168, 0.8203759693317737, 0.41933546096237884]"
"[0.2903158638016995, 0.29816881000216044, 0.8371270879717364, 0.37471796670690394]",stable,0.13597745015107165,3968,"[0.2832603920193003, 0.21288599829444155, 0.9413975980797483, 0.3918815915150759]"
"[0.29030296531580846, 0.29801289992591234, 0.8373177104765043, 0.3747493444487836]",stable,0.19233452325830863,3969,"[0.35046045808092485, 0.166045988172798, 0.9502097692501161, 0.31805929091717255]"
"[0.2904127417624601, 0.29777208439351616, 0.8375237178830255, 0.3746458954459887]",stable,0.1388800213598721,3970,"[0.26938964534101245, 0.19055970966662092, 0.9218475524558258, 0.35913179288954544]"
"[0.2903744483263555, 0.2975767977364544, 0.8376773132101162, 0.374617636607088]",stable,0.10820315618135239,3971,"[0.3111110699647622, 0.2068197189516261, 0.8724598926179373, 0.33182464242796117]"
"[0.290412151274789, 0.29741178486593656, 0.837740554263585, 0.374539831163126]",stable,0.13350010030234705,3972,"[0.33806010800235925, 0.20044974119164338, 0.8887306547909781, 0.3149552632353889]"
"[0.2904986266953472, 0.2972358101950213, 0.8378330952808761, 0.3744316922013697]",stable,0.09054949049166222,3973,"[0.2708788215322097, 0.25805946571704963, 0.7699588806858704, 0.333534522371239]"
"[0.2904630835700517, 0.2971648385564743, 0.8377101347471896, 0.37435760312559047]",stable,0.29313333320519247,3974,"[0.2537191826549637, 0.3517334918824516, 0.5520623462791289, 0.3765116223975397]"
"[0.3348810420596987, 0.5148024103304847, 0.5964890055229857, 0.43395565998018254]",stable,0.14140947862362035,3975,"[0.2852666803201977, 0.5434373915897667, 0.4795084262129186, 0.37890443232495435]"
"[0.33475082063781025, 0.5148775677616114, 0.596181969881752, 0.433811168569014]",stable,0.27603257566581235,3976,"[0.24358682823484357, 0.48818143296754013, 0.45890804226520715, 0.21397874488761381]"
"[0.16423689759436455, 0.5094736006075168, 0.4587007145077079, 0.3149300089392703]",stable,0.19586960500600106,3977,"[0.3094396500085126, 0.4810213183908059, 0.5770384132033447, 0.2652538621418]"
"[0.33468456102883304, 0.514788938836557, 0.5961318558590336, 0.43336991907574907]",stable,0.08357835030166035,3978,"[0.3483533472901367, 0.4494964814938248, 0.6368771307052036, 0.4037857592406715]"
"[0.3347202497658077, 0.5146184624466282, 0.5962382403886581, 0.4332926758385817]",stable,0.18837052913158944,3979,"[0.3221312540924055, 0.4576397805310508, 0.7050208749381953, 0.29100865825095756]"
"[0.3346874659229082, 0.5144700804624731, 0.5965215284994642, 0.4329221445427806]",stable,0.2831763756260647,3980,"[0.1842628875825293, 0.393429692228497, 0.7987375531051157, 0.3879865266802415]"
"[0.2902710398160055, 0.2973389160495521, 0.8376396599160104, 0.3743822485569732]",stable,0.26341176730795796,3981,"[0.42600655290624245, 0.4638654151826605, 0.687634868444494, 0.4013844200342748]"
"[0.33492465835663116, 0.5143386397734346, 0.5967581865252953, 0.432840228375226]",stable,0.3370015357524628,3982,"[0.5882681590154368, 0.446231824092647, 0.5946214705580688, 0.6443680087638993]"
"[0.6890934660127643, 0.6025299410003975, 0.6350196392126901, 0.6468202978085204]",stable,0.4062533844050573,3983,"[0.33861974805562617, 0.5332649737238169, 0.47405931709811056, 0.5395630165880425]"
"[0.33493423112787213, 0.514387671726674, 0.5964403138065721, 0.4331167122825131]",stable,0.09762799311257621,3984,"[0.3996950854148968, 0.4542738157367826, 0.6115694994812659, 0.4717779182912659]"
"[0.3351015718366241, 0.5142323387654598, 0.5964794073096076, 0.4332166120396416]",stable,0.0976458458865079,3985,"[0.3990599204078613, 0.5587096254039579, 0.6301464484755352, 0.4815109406853572]"
"[0.33526641294118914, 0.5143469709475178, 0.596566178034262, 0.4333410819588316]",stable,0.20570567707349818,3986,"[0.46327535173347906, 0.6028865631339089, 0.5643325367485363, 0.5639177650016659]"
"[0.3355954847632773, 0.5145745791536526, 0.5964833152031933, 0.43367675466588257]",stable,0.39925873784598276,3987,"[0.6345399643305023, 0.6958322522313576, 0.5247967714543843, 0.6126919307780047]"
"[0.6087802279255456, 0.6148412224584742, 0.41531087782957293, 0.5519879300438144]",stable,0.11678671285850684,3988,"[0.7016408156634506, 0.5735892262957513, 0.46884259547908297, 0.5731698932047212]"
"[0.6090982436369767, 0.6146999484990128, 0.4154942056297425, 0.5520604710135436]",stable,0.13764378129004096,3989,"[0.7278656625144985, 0.6170010599836325, 0.4644922279836471, 0.601396152141238]"
"[0.6095035931894597, 0.6147078021218272, 0.41566143437497766, 0.5522288521778019]",stable,0.21787576683920418,3990,"[0.7454291208013314, 0.5547652482402827, 0.5345539518673381, 0.6583681956734749]"
"[0.6894522918394431, 0.6022257072885496, 0.6343797303760955, 0.6468938512981061]",stable,0.1857250717137162,3991,"[0.6239189855001065, 0.43440141385010084, 0.5914612347450259, 0.6607573749465501]"
"[0.6890375240778018, 0.6011635282161544, 0.6341080943277976, 0.6469815951186658]",stable,0.21145982556184797,3992,"[0.5400871132786783, 0.5006119372949723, 0.6788451325542657, 0.544917850706841]"
"[0.5108906208947203, 0.5066446308818889, 0.7849291037437969, 0.5593712786282914]",stable,0.2529001140718367,3993,"[0.4612702096815507, 0.4395256861942336, 0.5485913235974362, 0.5930726647732251]"
"[0.3359177276476831, 0.5143821460947823, 0.596360515224717, 0.4340854621276963]",stable,0.11006359509887537,3994,"[0.40884623221462224, 0.47530288020586625, 0.6575678983545353, 0.4730969401271537]"
"[0.3361042455621765, 0.5142821991231994, 0.5965170558465324, 0.4341852357287179]",stable,0.23040595219516977,3995,"[0.45941784159273796, 0.3993013760022964, 0.7504165594079042, 0.40296003822770476]"
"[0.5107925775055735, 0.5064401675392611, 0.7848633655641094, 0.5590733524560998]",stable,0.27632379204065455,3996,"[0.37709116285017585, 0.3121706479058481, 0.7770092542268382, 0.415280319094337]"
"[0.29042775483953287, 0.29736568812871506, 0.8375302187505065, 0.3744560717889901]",stable,0.18408015167271227,3997,"[0.4689997287871401, 0.31082650895284797, 0.8368722003711883, 0.4170697512224409]"
"[0.290749506143943, 0.29738994185992973, 0.837529033131805, 0.3745328531933747]",stable,0.024649364758494254,3998,"[0.31388790054910953, 0.2927923360644453, 0.8383867319684037, 0.38162737650387857]"
"[0.2907911219612185, 0.297381672784758, 0.8375305757556119, 0.3745456131273864]",stable,0.1268707838473298,3999,"[0.35142507433449943, 0.324845436012068, 0.9272537841601104, 0.4346722062175304]"
"[0.29089998004447387, 0.2974309793614677, 0.8376916587150454, 0.3746535603322161]",stable,0.18190814913064335,4000,"[0.4429375634793897, 0.30998387461401333, 0.8916837599990755, 0.45773439905644325]"
"[0.2911724488319916, 0.29745347558951885, 0.8377884187531888, 0.374802450724195]",stable,0.19165631826639956,4001,"[0.3489420056699179, 0.2909930063133968, 0.9773794407905938, 0.49256250990160044]"
"[0.2912757932986069, 0.29744191839940054, 0.8380381343561178, 0.3750131127263013]",stable,0.06996851974793611,4002,"[0.3083991632038476, 0.3039012269164522, 0.8936148640042613, 0.3366479147741944]"
"[0.2913063707448663, 0.29745345287889524, 0.8381373785162038, 0.37494460344424396]",stable,0.11031075424673628,4003,"[0.2816858442873345, 0.22687064617525696, 0.9159768240827518, 0.40711595848087595]"
"[0.2912892218563502, 0.2973276368241651, 0.8382761297560729, 0.37500194988815955]",stable,0.15754394399290136,4004,"[0.2612410060152732, 0.2761088256796193, 0.9896999470202561, 0.3518116796792583]"
"[0.2912357552801205, 0.2972898809324488, 0.8385455671533402, 0.37496068606216504]",stable,0.09543528072164766,4005,"[0.37189246051686337, 0.28560342394254723, 0.8877922982789865, 0.38133052932823897]"
"[0.29137901763400464, 0.2972691234599978, 0.8386330391446825, 0.37497200017098575]",stable,0.13406736178324868,4006,"[0.26882663109808874, 0.25900175377870926, 0.9629397338634285, 0.35154335482322374]"
"[0.2913390311330544, 0.29720127351375436, 0.8388534410856732, 0.3749304600196599]",stable,0.1772366722064129,4007,"[0.2946710298466647, 0.22450625331824425, 1.0, 0.3627256925814115]"
"[0.29134492847591037, 0.297072609761196, 0.839138656234194, 0.37490885866136214]",stable,0.14816414873846204,4008,"[0.27439740574473226, 0.2495237510563003, 0.9778245675336131, 0.3879748636965988]"
"[0.291314985856244, 0.2969886011769117, 0.8393836843460305, 0.374931943475912]",stable,0.032108663530153514,4009,"[0.29264287525019284, 0.2881100174050615, 0.8561842493593701, 0.4007798592311298]"
"[0.2913173278128471, 0.2969729422990072, 0.8394133149721563, 0.3749775306289195]",stable,0.17359195957756224,4010,"[0.28497804830091794, 0.20941527556582634, 0.9739479343147596, 0.3091894377865995]"
"[0.29130616710948104, 0.2968187914772939, 0.839650171696351, 0.37486170652180273]",stable,0.1644043738488098,4011,"[0.30478735447236327, 0.1736237270423937, 0.9255080511565199, 0.3092990924693568]"
"[0.2913298598816477, 0.2966022799405015, 0.8398010642788821, 0.3747464822440304]",stable,0.26754715590001565,4012,"[0.32431551892772037, 0.06787978323670049, 0.9117843279320693, 0.2607383413816384]"
"[0.29138772945892155, 0.2962010124024246, 0.8399273507063438, 0.3745464679618157]",stable,0.13740823912155478,4013,"[0.21415638042488283, 0.20900074584896847, 0.9111064348149666, 0.39023067668692135]"
"[0.2912524731558847, 0.296048297399704, 0.8400520075962012, 0.37457393592805927]",stable,0.19788345818814299,4014,"[0.21860694483793627, 0.14344640459112584, 0.8750463760616293, 0.27778268256883387]"
"[0.2911254704840002, 0.2957815108738148, 0.8401131865620499, 0.37440472045015855]",stable,0.17939067040975723,4015,"[0.31717537925236666, 0.1914923292457663, 0.9658470023866615, 0.44381069308044796]"
"[0.29117093280296774, 0.29559950532123536, 0.8403326173051994, 0.37452584780204384]",stable,0.202744276566682,4016,"[0.3820058270315718, 0.44566829672128644, 0.9231567969187142, 0.43346460237067835]"
"[0.2913291817476169, 0.2958609492086919, 0.8404769103010417, 0.3746285285591321]",stable,0.2544783368901145,4017,"[0.4012117121410002, 0.49601868059654763, 0.768771443414904, 0.4611170367264823]"
"[0.510584248864196, 0.5064203548264423, 0.7848327725562212, 0.5588871237189712]",stable,0.21952639295573537,4018,"[0.3926485427006881, 0.49834681304009737, 0.682295756673113, 0.40492613933434846]"
"[0.33624849121814215, 0.5142415476280894, 0.5967358790629267, 0.4341105951766915]",stable,0.09249247704960394,4019,"[0.26424280980448184, 0.48202692595333774, 0.5863934466790987, 0.3869375902091835]"
"[0.33606527065474856, 0.514159576580571, 0.5967095624410849, 0.4339905620851711]",stable,0.13450412103354925,4020,"[0.3399739086368287, 0.6312571577132806, 0.6021984429009757, 0.36815660573817477]"
"[0.3360751910557183, 0.5144567785631414, 0.5967234936097647, 0.4338234708254071]",stable,0.1454119358073682,4021,"[0.272329008009987, 0.6141114552221827, 0.5126172346749681, 0.42509777026206175]"
"[0.33591380831383044, 0.5147090688837972, 0.5965105663719551, 0.43380138044423405]",stable,0.2575221310396267,4022,"[0.20263281908164515, 0.6068788886357829, 0.3998037612813379, 0.3968557035332726]"
"[0.23132799817055133, 0.6245334272392221, 0.34806972805164477, 0.3645257112986184]",stable,0.20682906398042655,4023,"[0.3824251914448096, 0.6042322923293214, 0.4055394151797621, 0.49193449778694165]"
"[0.23151523137163468, 0.6245082709382185, 0.3481409420381728, 0.3646835908357786]",stable,0.3427544789202269,4024,"[0.48451140127029785, 0.6025885467784167, 0.4737106998608368, 0.5576222661955902]"
"[0.6090784496795305, 0.6146665801648767, 0.4158588808562221, 0.5522471971234406]",stable,0.11175355795259057,4025,"[0.5750420008767919, 0.5343199317202583, 0.3527220085309966, 0.5224389884441751]"
"[0.6089630718869788, 0.6143942186447254, 0.41564485756020436, 0.5521461523482567]",stable,0.18570287152625897,4026,"[0.7489162147083331, 0.6412338259846938, 0.40950096971465455, 0.6710602491892178]"
"[0.8756102579120342, 0.6783553348427923, 0.3969280846929382, 0.7133102814347635]",stable,0.06798549580023742,4027,"[0.8688575846877432, 0.7416417799036493, 0.38114868265823976, 0.7312620330628505]"
"[0.8756038572739069, 0.6784153219945087, 0.3969131279137584, 0.713327297313084]",stable,0.10871653790236713,4028,"[0.8995727848016443, 0.6215923579743461, 0.36479463360178543, 0.7968995966098125]"
"[0.8756265551219445, 0.6783615123694897, 0.3968827126729327, 0.713406437748024]",stable,0.13754589957232508,4029,"[0.8677037477821596, 0.6456085214159383, 0.26514684227247315, 0.6926939862647569]"
"[0.8756190595615473, 0.6783305256230815, 0.39675808081824915, 0.7133868422404713]",stable,0.10025893002588745,4030,"[0.9583938993913808, 0.6937235715737777, 0.42353126109480194, 0.7607833599956838]"
"[0.8756972966502333, 0.6783450748158515, 0.39678338628164855, 0.713431640461412]",stable,0.10327135608378608,4031,"[0.813360945378997, 0.7575004708342795, 0.4193377414833575, 0.7156399520730602]"
"[0.8756384332401567, 0.6784198202322995, 0.39680468406748587, 0.7134337257414985]",stable,0.13998015170644804,4032,"[0.9391155553378671, 0.6577914395132851, 0.5187526666555468, 0.6970551637299554]"
"[0.8756983173176073, 0.6784003594957722, 0.3969197293340783, 0.7134182742679027]",stable,0.13027866328364746,4033,"[0.8527413140215127, 0.7280744375232009, 0.5101202545985885, 0.7475303419068046]"
"[0.8756766801797222, 0.6784471776654494, 0.3970264216293323, 0.7134504251327839]",stable,0.10954457089231913,4034,"[0.9719967758915233, 0.7072037727621231, 0.43964709877880226, 0.7223379608890224]"
"[0.8757673770683396, 0.6784742554386102, 0.3970665540936915, 0.7134587938105205]",stable,0.09223013991429183,4035,"[0.899622462091287, 0.7370531682198062, 0.38590609545947985, 0.7796500981306869]"
"[0.8757898183524628, 0.6785293626002106, 0.39705605507333946, 0.7135210622059298]",stable,0.15411400284887453,4036,"[0.962940802305248, 0.5963964118319278, 0.4939489080896065, 0.7181885350368302]"
"[0.8758717271719674, 0.6784521699773081, 0.3971471197848209, 0.7135254489285152]",stable,0.12884207726864744,4037,"[0.881586213277181, 0.8036127022974414, 0.40748747230332066, 0.7417308346303177]"
"[0.8758770928866201, 0.6785696916038997, 0.397156829036012, 0.7135519328587516]",stable,0.13272889615949968,4038,"[0.8631670073296492, 0.7683819407188982, 0.30045904325894585, 0.7073300572917064]"
"[0.8758651697294372, 0.6786539432447205, 0.3970661181675533, 0.7135460962024974]",stable,0.09559304398390178,4039,"[0.8540853522118768, 0.7462746449739162, 0.4579750737851298, 0.6940215109255397]"
"[0.875844757529327, 0.6787173178480281, 0.3971232024745988, 0.7135277976221066]",stable,0.14556374513818357,4040,"[0.9652827262105678, 0.6969377368028739, 0.29180294446030214, 0.7555434285436974]"
"[0.8759285009456952, 0.6787343781654016, 0.39702458800080265, 0.7135671381004975]",stable,0.11300102485102537,4041,"[0.9784192035434147, 0.7023220794553348, 0.4109576597196186, 0.7524821398188976]"
"[0.8760243762521478, 0.6787564433677308, 0.39703762174422524, 0.7136035412826476]",stable,0.052014565348004735,4042,"[0.9126878985223175, 0.6635260985958281, 0.43055214992874374, 0.7111308622123435]"
"[0.876058641226232, 0.6787422094006543, 0.3970689437331828, 0.7136012303676287]",stable,0.0563378746848728,4043,"[0.8318718977018442, 0.7046690550731547, 0.4180825651872503, 0.7032226848251208]"
"[0.8760173837626238, 0.6787664174731777, 0.3970885642947646, 0.7135915398489149]",stable,0.21459627265869194,4044,"[0.7482481565204326, 0.7418820830287739, 0.5569103037834532, 0.7277339992255876]"
"[0.6894099179925354, 0.6020485505734664, 0.6336225736325501, 0.6474894718740553]",stable,0.2028873076912676,4045,"[0.5085784997199672, 0.5695874110645249, 0.6386678995493733, 0.7334201235410631]"
"[0.6882797216283318, 0.6018456684515355, 0.6336541069195303, 0.6480265384469741]",stable,0.2294041926220551,4046,"[0.5686201121171333, 0.5561178488500205, 0.7480294031483588, 0.49592420588345465]"
"[0.5106943738419055, 0.5065146574716484, 0.7847629369406465, 0.5587676494915794]",stable,0.12122388209623132,4047,"[0.49196901293697193, 0.41893041149930493, 0.8638227219808507, 0.5793380334528406]"
"[0.510658909143222, 0.5063487782179129, 0.7849126713820105, 0.5588066085521121]",stable,0.158698325145849,4048,"[0.4264234724275406, 0.44138358262923305, 0.7404681337352543, 0.449748110300455]"
"[0.5104996739131356, 0.5062259706648151, 0.7848286552427917, 0.5586004488200673]",stable,0.1718264819803463,4049,"[0.4419059754036763, 0.35216673086742634, 0.7719717178771746, 0.5282739879457261]"
"[0.5103702518404762, 0.5059352928538767, 0.7848043968704037, 0.5585432290825686]",stable,0.326297120070942,4050,"[0.3819527839442817, 0.2709864396848851, 0.8992939949084826, 0.4113361204180229]"
"[0.29148678801230676, 0.29581768919212875, 0.8405792008829677, 0.3746923678493215]",stable,0.15853248527417166,4051,"[0.4186187734360972, 0.3231483874461859, 0.7540988770391054, 0.34741245417246086]"
"[0.2917075032647786, 0.29586513832104205, 0.8404290614318498, 0.3746450068880769]",stable,0.41524950326810944,4052,"[0.6396284329784294, 0.3063075191703327, 0.6407172890784705, 0.4813658637871425]"
"[0.510613675910416, 0.5055593460107816, 0.7845330463849198, 0.5583978856451006]",stable,0.1674192952449249,4053,"[0.6111385226516568, 0.46891081660023454, 0.6566225443994675, 0.5732223378046662]"
"[0.5108026323892528, 0.5054904577976038, 0.784292613110511, 0.5584257511566788]",stable,0.32265018342695073,4054,"[0.6818887541664306, 0.4623789189092259, 0.5234484401435014, 0.628670981916655]"
"[0.688240026178258, 0.6009794153487882, 0.6329695996724741, 0.6479063175989597]",stable,0.24285179971530832,4055,"[0.7279962796863231, 0.5126603810850183, 0.47048446513470205, 0.4956080373298646]"
"[0.6093652111025172, 0.6140505232475644, 0.4158301265047128, 0.5519551452029243]",stable,0.3088615450668215,4056,"[0.844682564170694, 0.42873706409169804, 0.42443920282314934, 0.6268283916043034]"
"[0.8759881535204672, 0.6785331811360681, 0.3971140779501082, 0.7135106040762986]",stable,0.21718021911367108,4057,"[0.8705368928901523, 0.4829360016723411, 0.48869421378592387, 0.7356996427650451]"
"[0.8759830731284539, 0.6783508911272482, 0.39719942756412113, 0.7135312835158967]",stable,0.14570288987500457,4058,"[0.966921447622675, 0.578633596029734, 0.4085698233969186, 0.6598030849669292]"
"[0.8760677457304038, 0.6782580444837681, 0.3972100145248593, 0.7134812572602646]",stable,0.17835666398368194,4059,"[0.9661441891237637, 0.5418733911933941, 0.45250593752035184, 0.6683268424159564]"
"[0.8761515377707697, 0.6781311750388468, 0.3972614525927621, 0.7134392531534326]",stable,0.22000821719226654,4060,"[1.0, 0.6252597188986577, 0.4237813551614588, 0.5414901969509127]"
"[0.876266638572098, 0.6780820379978243, 0.39728609934236125, 0.713279449197854]",stable,0.18289776598888677,4061,"[0.9285494545363577, 0.5054973471472844, 0.38832402406117317, 0.7424737234524202]"
"[0.8763151834337175, 0.6779217922310179, 0.3972777780096953, 0.7133065562305881]",stable,0.20624897472979753,4062,"[0.8245302787845271, 0.5149370035441156, 0.3093289766336272, 0.6387550289439815]"
"[0.8762671454887739, 0.6777706004047778, 0.3971961928507194, 0.7132373989696543]",stable,0.2697429681147035,4063,"[0.7423357171495683, 0.5617696457908439, 0.505300873921887, 0.5409562397864537]"
"[0.6098129232440898, 0.6138744933571377, 0.4161313748125147, 0.5519181118513536]",stable,0.24059908976931674,4064,"[0.7110662033216503, 0.6423193596837362, 0.6312087885186591, 0.5757569659449708]"
"[0.6883809285063036, 0.6012346001903619, 0.6329587304678209, 0.6474609512307252]",stable,0.12097992586888813,4065,"[0.6881609773799493, 0.5280571339058487, 0.7151432073754309, 0.597193026384506]"
"[0.6883795791128904, 0.6007856586794139, 0.6334629297126528, 0.6471525590537545]",stable,0.2785216297836361,4066,"[0.425876723317515, 0.559381141192576, 0.5637793250606558, 0.6013659875399194]"
"[0.33614098739212256, 0.5148218771472032, 0.5964279117221791, 0.43422452339144535]",stable,0.13834707969181884,4067,"[0.44223759838145915, 0.5220617658615873, 0.5816220679821531, 0.5214701226981217]"
"[0.33640823326363223, 0.5148401136427054, 0.5963906174054536, 0.4344442856063237]",stable,0.19435945275088615,4068,"[0.4330509738082899, 0.5262051676470663, 0.502134131337776, 0.5738082980173245]"
"[0.3366510542197746, 0.5148686690547768, 0.596153792063575, 0.4347944464415272]",stable,0.12593227246831765,4069,"[0.3458894286440374, 0.5423111848488348, 0.4794780229299906, 0.3972809433924769]"
"[0.3366742080403868, 0.5149374472898497, 0.595861371589556, 0.434700427636893]",stable,0.17065587944565785,4070,"[0.2990659254974101, 0.6207201602438684, 0.469269907956161, 0.45691900654691925]"
"[0.23159883371584974, 0.6245035826824087, 0.348290854124705, 0.3647977435779953]",stable,0.14225595241444283,4071,"[0.34023512921419596, 0.5923068267777063, 0.4030980788806958, 0.43108837882533285]"
"[0.2317331183827204, 0.6244637844674461, 0.34835860100326616, 0.36487968503071144]",stable,0.0814630933262734,4072,"[0.2773009979268169, 0.6235290816980869, 0.38559721563514987, 0.30855725753356916]"
"[0.23178937502413288, 0.6244626305134099, 0.3484045746015771, 0.36481015116960386]",stable,0.050828920704477185,4073,"[0.2576222656694151, 0.6562548186293305, 0.34014895826293035, 0.3937470223647055]"
"[0.23182122815686443, 0.624501831731802, 0.34839439504998815, 0.36484583165196527]",stable,0.14732169784543664,4074,"[0.14258624632669242, 0.6527943267107194, 0.2640184326014974, 0.28855014132420287]"
"[0.23171133285904402, 0.6245366747059139, 0.34829048376618466, 0.36475187144220206]",stable,0.08124879622883498,4075,"[0.23363671669857744, 0.6649289610758607, 0.3326432559546529, 0.29604024761240566]"
"[0.2317137011048491, 0.6245863577149791, 0.34827123748351363, 0.36466735529972993]",stable,0.18436276294186107,4076,"[0.18818554943315896, 0.6356316769724301, 0.2363953626761432, 0.22518001562264753]"
"[0.23166022671704606, 0.6245999269032559, 0.34813379783387316, 0.36449599493157625]",stable,0.19488691024147609,4077,"[0.10912033873528168, 0.7158841701180404, 0.23193480069010225, 0.3981094392711822]"
"[0.2315098710262709, 0.6247119321096545, 0.34799122237725505, 0.36453723842156355]",stable,0.08281773901130685,4078,"[0.18618982702896097, 0.6543581286597288, 0.29367788309799464, 0.3957788087002346]"
"[0.23145433175666635, 0.6247482632328777, 0.347924661912452, 0.36457552465965015]",stable,0.12172473170260643,4079,"[0.17630827296312923, 0.6130470665567398, 0.3576107491255584, 0.2571274710781278]"
"[0.23138683352068895, 0.6247339410827234, 0.3479365175883555, 0.3644440092941893]",stable,0.11859864534434442,4080,"[0.16429300146869338, 0.6188674318618284, 0.38351841085293614, 0.27353983271598503]"
"[0.2313048117211144, 0.6247267693110597, 0.3479800162353782, 0.3643328794939715]",stable,0.19468277078883756,4081,"[0.11256950855469702, 0.567606717726764, 0.2770526089119812, 0.23979408384624434]"
"[0.23115983577097224, 0.6246570256583317, 0.34789341378443384, 0.36418081747242353]",stable,0.12462792505740276,4082,"[0.13318034434475068, 0.6201622887722492, 0.3374012368687042, 0.28801093807205624]"
"[0.2310403485863061, 0.6246515442718853, 0.34788061844673174, 0.36408792737559376]",stable,0.19225315119937808,4083,"[0.0860033227974001, 0.6005508990995931, 0.30120390009908893, 0.249344831012574]"
"[0.23086368960239756, 0.6246221890402504, 0.34782376495300743, 0.3639481672095]",stable,0.11379509710485466,4084,"[0.23253505031493288, 0.71473374163829, 0.2789715174062732, 0.354684972587456]"
"[0.23086572288793594, 0.624731813800102, 0.34774000309467806, 0.3639368981162858]",stable,0.20297805701082827,4085,"[0.10396646483142397, 0.7590686104176934, 0.31792468687508063, 0.28544268224118363]"
"[0.23071153180888793, 0.6248950419855426, 0.34770377549295317, 0.36384152239833306]",stable,0.25690397435434364,4086,"[0.037888293861519456, 0.7600778876624917, 0.2768102177682967, 0.2895545608615147]"
"[0.2304775230249712, 0.6250590988370923, 0.3476177396219281, 0.3637513683187981]",stable,0.23198376808602317,4087,"[0.07657013142823216, 0.6667126051818129, 0.182254829498644, 0.33136191275025273]"
"[0.23029096861091458, 0.6251095879356919, 0.34741729973086954, 0.36371210837265444]",stable,0.13775414730207763,4088,"[0.12276362587603891, 0.6920200468289653, 0.2941774651465158, 0.37384059134994696]"
"[0.23016079022987962, 0.6251905933338678, 0.34735284472531947, 0.36372437045858336]",stable,0.09943752328502273,4089,"[0.19023616560344958, 0.6459193976492233, 0.2588641834669315, 0.3695483627192292]"
"[0.23011251377930353, 0.6252156583934994, 0.34724584513492235, 0.3637314127708695]",stable,0.10450618924005828,4090,"[0.1305722146378493, 0.654335110122759, 0.33612618456746535, 0.3701876590611325]"
"[0.22999229602671722, 0.6252508268134623, 0.34723241559317425, 0.3637392101697708]",stable,0.16605391387536778,4091,"[0.2061304571704876, 0.7894851794277618, 0.3528349844803013, 0.3632879863291494]"
"[0.22996351214389907, 0.6254489382158921, 0.3472391738186111, 0.36373866587080744]",stable,0.2013339655413226,4092,"[0.25371899486480565, 0.47325753808359505, 0.4462744247356309, 0.44740968548252946]"
"[0.16464549164582776, 0.5093082304590058, 0.45864397345852037, 0.3155349389691482]",stable,0.26952222005200865,4093,"[0.3304982858205713, 0.4208312220984114, 0.6198931115546729, 0.42186279148673084]"
"[0.3366587682348372, 0.5147021817268711, 0.5959214509394688, 0.43466833354651757]",stable,0.2332333392525806,4094,"[0.21649883070254358, 0.5397954103787458, 0.7852499493065297, 0.375639276862176]"
"[0.33635911751779907, 0.5147647583569257, 0.5963935918331522, 0.43452112891638206]",stable,0.23442248522576795,4095,"[0.18424876207591823, 0.3581712301085112, 0.6389052213995582, 0.3604429971291147]"
"[0.3359807335490382, 0.5143752222170043, 0.5964993421554567, 0.43433685495671226]",stable,0.34533070968382673,4096,"[0.06291372983356572, 0.36995848008595456, 0.746461221515808, 0.39769057460583673]"
"[0.29131098026056507, 0.2959935496585896, 0.8402662055567787, 0.37468494721341095]",stable,0.1857428540310531,4097,"[0.24560050095438915, 0.3584373484621706, 0.678917389693646, 0.42446738905532505]"
"[0.2912318963863329, 0.296101583912575, 0.8399870553563235, 0.374771076005525]",stable,0.09208200361012293,4098,"[0.22445882892065475, 0.27358026336447083, 0.7956288949489666, 0.335456999949697]"
"[0.29111657157205717, 0.29606268698589433, 0.8399104436803176, 0.37470317604687936]",stable,0.25684313226068195,4099,"[0.1983971246901774, 0.3862444007616307, 0.6209141047073224, 0.338935022945376]"
"[0.1647989081596657, 0.5087488494149267, 0.45938156496419674, 0.315641302987222]",stable,0.18246212428109765,4100,"[0.2478733022088598, 0.3810342375406413, 0.5550262851063569, 0.34617222621693206]"
"[0.1651748103951824, 0.5081709552435498, 0.4598143465033015, 0.31577945196111207]",stable,0.19754292165236376,4101,"[0.16643482211157978, 0.4724302495439708, 0.6539556446236261, 0.3084735238422626]"
"[0.16518048612363465, 0.5080099610737319, 0.46068885685519484, 0.31574654237499117]",stable,0.1768599253331859,4102,"[0.08472513831756359, 0.5512933301696368, 0.6107153085414618, 0.33636168128793775]"
"[0.16481969981060296, 0.5082040568992741, 0.4613616212125323, 0.3158389869441075]",stable,0.09177469643178808,4103,"[0.21252744763188586, 0.5372912099532889, 0.5229128855556948, 0.2769552488529957]"
"[0.16503268082766226, 0.5083339102611223, 0.46163640364263575, 0.31566539882762934]",stable,0.06721996305406874,4104,"[0.19458992400340858, 0.4865472380659933, 0.40714487478111216, 0.30149123197959554]"
"[0.16516404635288778, 0.5082370806069217, 0.46139421906991784, 0.315602402530527]",stable,0.13377338044206838,4105,"[0.24076386476211029, 0.48065129574428983, 0.4044095062122907, 0.4060001444571776]"
"[0.16549855882372505, 0.5081150196119544, 0.4611420743227602, 0.316002392539052]",stable,0.13144558181669488,4106,"[0.17688128100171938, 0.477773140464179, 0.35176148833228493, 0.250705896514303]"
"[0.16554870297428892, 0.5079813549461052, 0.4606602215210401, 0.3157147427768284]",stable,0.1880870131004064,4107,"[0.1898181753826685, 0.4805195362253069, 0.28484079347357116, 0.37158149889939435]"
"[0.22991514426828313, 0.625274324478554, 0.347163995047111, 0.36374811506722743]",stable,0.1692101046878777,4108,"[0.10033588957862813, 0.5635376285233218, 0.42973606938443115, 0.32893850152844567]"
"[0.16526268186290444, 0.5082250228126719, 0.46052458927482687, 0.3157727417187215]",stable,0.14043898911738933,4109,"[0.12161388054510988, 0.6191264147684217, 0.44768303204326276, 0.2426026147680354]"
"[0.16507207574361277, 0.5087093083670639, 0.4604685126056934, 0.31545322151369665]",stable,0.14869161103765713,4110,"[0.1538306346606371, 0.6212364922570587, 0.4070909085811362, 0.3958975467935868]"
"[0.22982358649498874, 0.6252694654746773, 0.3472361092631568, 0.3637868027107008]",stable,0.27026443779144915,4111,"[0.14453078208664716, 0.40882994363387054, 0.48291566913462464, 0.3411374259136194]"
"[0.16498276577119117, 0.5082750502595282, 0.46056610893842787, 0.31556489196760934]",stable,0.32562350667137496,4112,"[0.1314127027457262, 0.3132220197326045, 0.7185227536605525, 0.3333526318857612]"
"[0.29084122007408075, 0.29609227204235417, 0.8397011545595939, 0.37463188200522224]",stable,0.19198774925139164,4113,"[0.1723747352687732, 0.4212317330288341, 0.7915545743496565, 0.3050114111752257]"
"[0.29063731906753115, 0.2963076583779591, 0.8396182860910743, 0.3745120533118832]",stable,0.25757233337454216,4114,"[0.15510474186226877, 0.4101324204861085, 0.6595622271674384, 0.3235398391946091]"
"[0.16494000376292745, 0.5078501903903793, 0.46142756399569634, 0.3155994155486786]",stable,0.41072386340551287,4115,"[0.18896798718217472, 0.32525920714102885, 0.8225848270242548, 0.38149867336931603]"
"[0.290462629493845, 0.29635740330710525, 0.8395890189792756, 0.3745240578137001]",stable,0.06603245509722377,4116,"[0.28100017492289603, 0.272098743451709, 0.7875367127873691, 0.34333396448610964]"
"[0.29044639886850887, 0.29631579325589535, 0.8394997354352072, 0.3744705585112514]",stable,0.16559460032500806,4117,"[0.23561857833635869, 0.24662349872898992, 0.7371718479524989, 0.2673483803198471]"
"[0.29035251561417297, 0.29623070371047255, 0.8393245164497914, 0.37428713012393733]",stable,0.08639869186502334,4118,"[0.24821903453040114, 0.36705696506562613, 0.833637257327868, 0.3489731119940104]"
"[0.29028049256958527, 0.29635177424270354, 0.8393147946393266, 0.3742438582980742]",stable,0.23704091296114135,4119,"[0.30549482020403634, 0.5074519873061711, 0.7682155765292823, 0.29462903630629994]"
"[0.3359050861213831, 0.5143580429740494, 0.5969254370298335, 0.4339901854315252]",stable,0.16081795898342138,4120,"[0.20642360146744784, 0.45712009371235623, 0.5983520815963088, 0.35770950037296717]"
"[0.1651188123737228, 0.5076315261805602, 0.46201775588190586, 0.3157809245349902]",stable,0.08676510330186785,4121,"[0.1267931555749337, 0.5403834066801111, 0.4969740145533318, 0.2544237612582812]"
"[0.1649543245763031, 0.5077720921912878, 0.4621677827431566, 0.31551758907028327]",stable,0.15577709463226347,4122,"[0.2927590315100917, 0.47023609150157897, 0.4581292524635737, 0.39618480064376366]"
"[0.16550049853755863, 0.5076116819319301, 0.46215052406674817, 0.3158623207436742]",stable,0.06899698478899895,4123,"[0.2163544030188627, 0.47378410211917343, 0.4379280168562646, 0.3369200817222162]"
"[0.16571689813109608, 0.5074677347837907, 0.4620474495679801, 0.3159519282371999]",stable,0.13794670684938506,4124,"[0.2869715113729455, 0.5331936602195055, 0.4016644022240072, 0.3116302327260318]"
"[0.22989227390469782, 0.6251587974395149, 0.34730152788450397, 0.3637241145256231]",stable,0.15305961654117226,4125,"[0.15094225696564123, 0.6127877555561146, 0.35471321814844786, 0.23339313121312028]"
"[0.22979749597319835, 0.6251439462487786, 0.34731042547185564, 0.3635676547617425]",stable,0.08723943810088149,4126,"[0.15474139689045732, 0.5937741327064884, 0.31618150828308794, 0.35864557556529675]"
"[0.22970750065055714, 0.625106332563476, 0.3472731006311017, 0.36356175298812565]",stable,0.15601547996329615,4127,"[0.1373888154038589, 0.5559246935310906, 0.3255043624370325, 0.2608090732141678]"
"[0.2295969393508605, 0.6250234803011617, 0.3472470302859591, 0.36343869588659994]",stable,0.18651990836661125,4128,"[0.13391328866005608, 0.5299169085378486, 0.2839950660320753, 0.2512413508510584]"
"[0.22948248522323994, 0.6249097164593397, 0.34717137004163623, 0.36330448853607894]",stable,0.17946406718602154,4129,"[0.10350507339134955, 0.6026594764382746, 0.3340211335248376, 0.23812844762710791]"
"[0.22933197457589, 0.6248831331379285, 0.347155658886897, 0.3631549353211339]",stable,0.18430089509434655,4130,"[0.09024345679709771, 0.64177441331089, 0.24974429891330036, 0.2935351410318025]"
"[0.229165997824364, 0.6249032897968462, 0.34703941621389744, 0.36307185680766213]",stable,0.19715818003902666,4131,"[0.1632096864513791, 0.5737740983792913, 0.2242126252879561, 0.2333779935673637]"
"[0.22908738481915186, 0.6248423491634523, 0.3468930195620191, 0.3629172753258501]",stable,0.09464906639123757,4132,"[0.15255017560315756, 0.6465175966816538, 0.2956479251192898, 0.36076662083466193]"
"[0.22899626909389473, 0.6248681530295453, 0.3468320134972063, 0.36291471502288447]",stable,0.18236448042169018,4133,"[0.08064874706881428, 0.5719926205370952, 0.2892267934491399, 0.2912513832879938]"
"[0.22881987489410271, 0.6248052808149289, 0.3467635173972681, 0.36282950297563726]",stable,0.16413328208334968,4134,"[0.1837833800918757, 0.6991575690415147, 0.20755438416823235, 0.36483022396385845]"
"[0.22876638737058463, 0.6248935851952455, 0.3465981858851196, 0.3628318791288299]",stable,0.19558598862062326,4135,"[0.09128540854981809, 0.6449558998722812, 0.268671376174011, 0.2493515933288779]"
"[0.22860330198645562, 0.6249173839077924, 0.3465057460159486, 0.3626972643176793]",stable,0.13824014577077884,4136,"[0.14697280244467978, 0.5511935961783611, 0.39732791178097415, 0.296148710335911]"
"[0.16563747399683162, 0.5076530138574965, 0.4617732142383742, 0.3158680162969402]",stable,0.2889078381418007,4137,"[0.1673098615264984, 0.7521070687334079, 0.32154085289401657, 0.37944507148377576]"
"[0.22853067942666894, 0.6250680825864956, 0.34647616675869514, 0.36271710769109883]",stable,0.06839012682929765,4138,"[0.1619691555348363, 0.6172116059606527, 0.33316793914136716, 0.3655348794415046]"
"[0.22845190839247742, 0.6250587849810213, 0.34646041737689953, 0.36272044233222356]",stable,0.07966749449519253,4139,"[0.172860565507909, 0.6061838741240524, 0.3922441388135716, 0.33436376997839184]"
"[0.22838619758528525, 0.6250364742116868, 0.3465145352509381, 0.36268692380698264]",stable,0.05116212223081085,4140,"[0.18861263850352547, 0.6294660786487769, 0.3206175749872485, 0.34410325348161397]"
"[0.22833923942816392, 0.6250417039689915, 0.3464839603273682, 0.36266498322808605]",stable,0.24870194238443158,4141,"[0.2605687110608179, 0.48152481083800414, 0.5329577564296308, 0.4364507681551952]"
"[0.3357186099454906, 0.5142767725974751, 0.5967671011867637, 0.43399627598282137]",stable,0.13786785596845316,4142,"[0.38627501404412834, 0.5594486420554748, 0.6921004257686548, 0.3610397468179371]"
"[0.3358434405728946, 0.5143883080776183, 0.5970024921116572, 0.43381613640463645]",stable,0.24431823844494863,4143,"[0.20504745057541618, 0.49219402480497393, 0.7751940108007148, 0.33213522819309876]"
"[0.2901350436924621, 0.2966859760354719, 0.8392053735064962, 0.37417200056751965]",stable,0.17081592973882156,4144,"[0.21879499363400368, 0.4211965629618867, 0.7903236906632892, 0.4528890504096632]"
"[0.2900135103874222, 0.2968980894714624, 0.8391220997708178, 0.3743061011635028]",stable,0.15616523051705086,4145,"[0.2902799813167032, 0.4297225412216705, 0.8391736058955439, 0.2921771137104528]"
"[0.29001396356927467, 0.29712398139620766, 0.839122187366268, 0.3741664260147732]",stable,0.2870487615290539,4146,"[0.42242551912350346, 0.5355615856455244, 0.8456261225508576, 0.46343780529186246]"
"[0.5106368216701801, 0.5055468764239601, 0.7844076853608681, 0.5582475373745684]",stable,0.1987505027540167,4147,"[0.4159529914168739, 0.5050405852936776, 0.9339587117839164, 0.46785412611776495]"
"[0.5104595111266346, 0.5055459283132293, 0.784687743462784, 0.5580782613235257]",stable,0.19806774014245468,4148,"[0.38269098163835874, 0.4729831447053548, 0.9168714747954108, 0.49194839778039384]"
"[0.5102206914453481, 0.5054850632971398, 0.7849348158577983, 0.5579546541019498]",stable,0.17466360586082103,4149,"[0.3627894169110144, 0.5260339064362871, 0.7561945566275962, 0.47121863478754006]"
"[0.3359098099727422, 0.514416991817418, 0.5973945907927309, 0.4339082607848899]",stable,0.17845260549164454,4150,"[0.2167984500148963, 0.6441258242469132, 0.6102597954230602, 0.40806408087246376]"
"[0.3356171530686689, 0.5147356867373921, 0.5974262006321175, 0.4338447615713459]",stable,0.23434463946847417,4151,"[0.2796207814867753, 0.7021810725120379, 0.6755744426072452, 0.5365038870559454]"
"[0.3354799070598898, 0.5151951117025261, 0.5976177404408801, 0.4340963770749846]",stable,0.2851056529421007,4152,"[0.18781240745746225, 0.6299342335591424, 0.4267065107374509, 0.3033147714205851]"
"[0.22829144835272677, 0.6250474734614327, 0.34657856239153106, 0.36259499477076584]",stable,0.11660472588918283,4153,"[0.18552809185397803, 0.5861139854550842, 0.3252359373910274, 0.2636170512156496]"
"[0.2282410792638001, 0.625001615407244, 0.34655342384618304, 0.36247841297623684]",stable,0.13939448619330475,4154,"[0.1540458220662111, 0.6884725926903018, 0.4381656876015579, 0.3236903379682111]"
"[0.2281537907259206, 0.625076287145224, 0.34666120298001285, 0.36243277994681566]",stable,0.21157854414166843,4155,"[0.12840438404622428, 0.5242051761724231, 0.4634076389393353, 0.25750030227633836]"
"[0.16548037235147042, 0.5077228542048169, 0.46178011054512924, 0.3156217390225917]",stable,0.13068948619673249,4156,"[0.11859032034701388, 0.5812599317118124, 0.37179400472213653, 0.3527143773208926]"
"[0.22802504399222034, 0.6250247990659838, 0.3466907362370541, 0.36242135996723174]",stable,0.17849833690135952,4157,"[0.19098274545453417, 0.6557504183905845, 0.512008515243566, 0.3153523398258481]"
"[0.16558752517963454, 0.5083448187602193, 0.4619911542623496, 0.3156206070931936]",stable,0.18352596365520144,4158,"[0.19772022716534632, 0.548797288387235, 0.3059670098908713, 0.39728659066586125]"
"[0.22798947495838598, 0.6249353301567365, 0.3466429384361783, 0.3624622815995071]",stable,0.07523473506273308,4159,"[0.19977604465890855, 0.5676926139994286, 0.30719426670353434, 0.3568639375443296]"
"[0.2279563994246234, 0.6248682226348639, 0.3465966914587661, 0.3624557184763475]",stable,0.2021663718930938,4160,"[0.14037143829802212, 0.5732811008610181, 0.18857493685308271, 0.2878366160474115]"
"[0.22785384092213323, 0.6248078161690864, 0.34641165427538706, 0.36236834247818717]",stable,0.2749739085320886,4161,"[0.12323213219859085, 0.5842605745830854, 0.15799653905859395, 0.19647496107076412]"
"[0.22773147635052673, 0.6247603924947169, 0.34619128571957797, 0.36217431513151177]",stable,0.26550479562841767,4162,"[0.10990062963461725, 0.49006595719307955, 0.22120451030158428, 0.21103066447663074]"
"[0.22759382349221374, 0.6246030391824487, 0.3460452731314728, 0.3619977454461673]",stable,0.13110065466517126,4163,"[0.2613080273098464, 0.5552068004226576, 0.2667926083761705, 0.2916137182115927]"
"[0.22763316328663338, 0.6245220634079331, 0.34595279627644915, 0.3619156170596626]",stable,0.12353896971701801,4164,"[0.2602371238788204, 0.53763552617551, 0.2648326135099022, 0.35360271214464156]"
"[0.22767116324070355, 0.6244207970475225, 0.3458582506088891, 0.3619059283592954]",stable,0.11185272830364448,4165,"[0.2851627028793416, 0.6287987326634185, 0.3724857769601725, 0.2698322392885158]"
"[0.22773809169197087, 0.6244258935965515, 0.3458892488933492, 0.36179874129402095]",stable,0.17947946353153735,4166,"[0.11531226350812546, 0.6772878078732351, 0.21920737857907302, 0.3347685222896107]"
"[0.22760736398478035, 0.6244873609387337, 0.3457419443929838, 0.3617673108068065]",stable,0.21525678439315618,4167,"[0.20205789381718012, 0.7010507392716369, 0.1493023862048346, 0.326663794194733]"
"[0.227577689803401, 0.6245762847230925, 0.3455137915960173, 0.36172654017194933]",stable,0.08159259825801503,4168,"[0.2095100639730778, 0.6074178689885841, 0.33974399961661517, 0.2842461474435598]"
"[0.227556729680628, 0.624556379368412, 0.34550709810184166, 0.3616366557256287]",stable,0.1985492758627937,4169,"[0.1369777284480342, 0.687859035602465, 0.22455702638043, 0.24947109351670377]"
"[0.22745177139414763, 0.6246297312296335, 0.3453669473814229, 0.3615066840428837]",stable,0.2827624122723631,4170,"[0.0, 0.6618563094179648, 0.19509185758742686, 0.29630045161419083]"
"[0.2271885170291081, 0.6246728175469811, 0.3451930178793465, 0.3614312138664616]",stable,0.18179231700508655,4171,"[0.07352860981530619, 0.6844845394901233, 0.2934599392779546, 0.3050102431752184]"
"[0.22701087551787827, 0.6247419640463373, 0.34513321085206167, 0.3613659873107492]",stable,0.21126858967867357,4172,"[0.1748386674126286, 0.5078144579544003, 0.24112103395742976, 0.22937393049293126]"
"[0.2269506304738768, 0.6246069438314505, 0.3450131044122295, 0.36121357154075173]",stable,0.1717072278593826,4173,"[0.13783978075317774, 0.6232587891426817, 0.2298518853429784, 0.2702261841586094]"
"[0.22684784979369146, 0.6246053888664116, 0.3448802771699351, 0.361108626457266]",stable,0.31901141053473236,4174,"[0.15282939244529117, 0.5171571903820256, 0.12371710481721399, 0.17181709505540116]"
"[0.226762575073244, 0.6244816006193098, 0.3446254808884227, 0.3608905486561118]",stable,0.21337113943103997,4175,"[0.15053843509018755, 0.6146162503804283, 0.1920254984864621, 0.23308975107828278]"
"[0.22667486029765935, 0.6244702480873894, 0.34444987676598093, 0.3607434821456655]",stable,0.1635071792803844,4176,"[0.08583461271848025, 0.6137810548796261, 0.2714564105844504, 0.32258175548876256]"
"[0.22651297495561432, 0.6244579616584148, 0.3443659762301401, 0.36069961809203693]",stable,0.22554418588024908,4177,"[0.13192605818135375, 0.5140296646794065, 0.18395082333012844, 0.2974851821940139]"
"[0.22640437918434653, 0.6243311783094148, 0.3441818026906452, 0.36062704124255585]",stable,0.0801210801852563,4178,"[0.2007321133724575, 0.6411799817350378, 0.3539232204525509, 0.2872680277455852]"
"[0.2263749385125439, 0.6243505003316919, 0.34419297404128957, 0.3605429139334997]",stable,0.13449082229851766,4179,"[0.10910837540111137, 0.6602792892372464, 0.2991404035845146, 0.32867251259336433]"
"[0.2262406125525079, 0.624391655874539, 0.3441413674313734, 0.3605064071736599]",stable,0.1088904899526613,4180,"[0.15145372676081065, 0.6693973265640041, 0.31486952213257324, 0.30235394209861083]"
"[0.22615504403329545, 0.6244431497769296, 0.3441078756175304, 0.3604398711724298]",stable,0.13694196754545615,4181,"[0.13250583601997712, 0.5482890489607899, 0.2794345556486295, 0.35952176073006203]"
"[0.2260480163669945, 0.624356116518854, 0.34403396325185165, 0.3604388219033528]",stable,0.18213924079541746,4182,"[0.05799948739979682, 0.5600943269260279, 0.366429740996363, 0.3778527958047283]"
"[0.16513736602574403, 0.5085613438989884, 0.4615913157131195, 0.31588099282002013]",stable,0.3054611383207802,4183,"[0.020049350099268504, 0.6930947335347253, 0.266174561293742, 0.3198426667702098]"
"[0.22581285807216836, 0.6244345852597397, 0.34394508265600904, 0.36039247926050677]",stable,0.23105343263900507,4184,"[0.02585074573175799, 0.6606192441511081, 0.2460132690529918, 0.31038375294231746]"
"[0.22558485110256699, 0.6244758448479854, 0.3438334158217981, 0.3603354567675556]",stable,0.2992432433915702,4185,"[0.014422783039383005, 0.6622008693718858, 0.1861839337530043, 0.22365860044250702]"
"[0.22534434760818978, 0.6245188118463041, 0.34365386060304093, 0.3601797883662742]",stable,0.14070091497653567,4186,"[0.1478702134607742, 0.6193555839382543, 0.31425703035584074, 0.24658545108518695]"
"[0.2252562086614919, 0.6245129378668866, 0.34362041711015445, 0.36005055703830935]",stable,0.07614837407291054,4187,"[0.15863842173941833, 0.6460945233882619, 0.32462459090588414, 0.3831598428938662]"
"[0.22518050663089867, 0.6245374623958881, 0.3435988309440133, 0.36007681759041793]",stable,0.15051764132273873,4188,"[0.22666583318614308, 0.683373415214292, 0.478367215940921, 0.32799618144241227]"
"[0.22518219258612593, 0.6246042455432416, 0.3437518030041687, 0.36004040370148715]",stable,0.11286111017420135,4189,"[0.14874097213183546, 0.5527513955589606, 0.3070992071540464, 0.3403395110365394]"
"[0.22509552453572423, 0.6245227797269329, 0.3437102467730461, 0.3600180670884883]",stable,0.07340042020486064,4190,"[0.18674928417410225, 0.5800466487593735, 0.370031551458962, 0.3953203365646355]"
"[0.22505209730994666, 0.6244724103826887, 0.3437400557251253, 0.3600580470086199]",stable,0.13801504268616868,4191,"[0.24534595012285682, 0.6772467873913722, 0.3382544484668694, 0.23427615327972734]"
"[0.2250750541570201, 0.6245321099041917, 0.34373385028705034, 0.3599157597985193]",stable,0.16456646451628346,4192,"[0.30691971628161896, 0.6438168636247049, 0.23802968543253394, 0.2659035247891983]"
"[0.2251675340012287, 0.6245539005863618, 0.34361441055275144, 0.35980953128438453]",stable,0.09463932093895944,4193,"[0.20779135446488145, 0.591887887242393, 0.28761026174277754, 0.2930926942731027]"
"[0.22514792206044273, 0.6245170314968087, 0.3435512004525144, 0.3597342301139429]",stable,0.06312655822647509,4194,"[0.20666914264382008, 0.588095208759622, 0.328105665755248, 0.40532351998786875]"
"[0.22512708916369345, 0.6244759696898896, 0.343533787222867, 0.3597856272840375]",stable,0.11277858113967426,4195,"[0.30612794070760957, 0.5732010977349272, 0.3178307063350905, 0.4133403614530835]"
"[0.2252183063388555, 0.6244182277169674, 0.3435048423119573, 0.35984593666936304]",stable,0.20597657567480193,4196,"[0.34974382374341423, 0.5888126599655293, 0.44932503713171607, 0.4800710386874125]"
"[0.33551478216180547, 0.5153751057080591, 0.5972551665941584, 0.43420878456058953]",stable,0.17975929613825725,4197,"[0.41069339969668406, 0.6143422261836772, 0.6182385894701068, 0.5623758046665425]"
"[0.3356981446435979, 0.5156164889287314, 0.5973063456743437, 0.43452138704865284]",stable,0.2836486919779465,4198,"[0.5633287093529284, 0.6141633609532295, 0.5675660729158574, 0.5688528303571696]"
"[0.6096569359491529, 0.613875462711487, 0.41663954494037825, 0.5519749397658027]",stable,0.24654064839015757,4199,"[0.758109446506215, 0.6503497261479201, 0.5633152941335084, 0.6780701265230629]"
"[0.6888047612311423, 0.6010878786030024, 0.6330352002274141, 0.6473410808066161]",stable,0.1866514658294172,4200,"[0.8379655450564563, 0.6834446118993421, 0.5661953070465536, 0.6839420019045173]"
"[0.876231648176047, 0.6777758589881832, 0.3973528185357943, 0.713210248462643]",stable,0.09666993151034442,4201,"[0.8379305872494213, 0.7515226657709855, 0.41590137180277914, 0.7589864873989234]"
"[0.8761961842307446, 0.6778441430685376, 0.3973699931221526, 0.7132526338690656]",stable,0.12911779180114413,4202,"[0.8309223542280801, 0.6381433469819107, 0.37159616040892923, 0.6019816097259748]"
"[0.8761543027968846, 0.6778074170777082, 0.39734615053869915, 0.7131497004517269]",stable,0.12834342718870267,4203,"[0.8577743497071882, 0.5707650395164755, 0.3610218504013427, 0.6552127756754484]"
"[0.8761373157792416, 0.6777084869690564, 0.3973125790967977, 0.7130961543105288]",stable,0.15411352891684524,4204,"[0.7862816582307726, 0.59031774708218, 0.4675097969289311, 0.7688827995976213]"
"[0.876054346566362, 0.6776277937650981, 0.39737739647245063, 0.7131476655250136]",stable,0.1873501382322145,4205,"[0.7204261340902993, 0.6577481515266226, 0.4445808058058773, 0.62228198581641]"
"[0.6100274014947755, 0.6140221941122065, 0.41673299397337316, 0.5522100803880455]",stable,0.12056732441922276,4206,"[0.6707298665113304, 0.617321405590152, 0.32394876348855095, 0.5994529871094489]"
"[0.6102297430448307, 0.6140331914837996, 0.41642371320509036, 0.5523675567437836]",stable,0.139823262422312,4207,"[0.5485740531132002, 0.7295391164122763, 0.3831658104438896, 0.5162924431082455]"
"[0.6100249068656558, 0.6144169320981799, 0.4163132218337907, 0.552247705867918]",stable,0.18395035177952596,4208,"[0.448431070111858, 0.6572400444455471, 0.38274331691195806, 0.4832230264016418]"
"[0.6094898279360075, 0.6145587304834361, 0.41620206320822173, 0.552019147326639]",stable,0.25194444837155155,4209,"[0.41972345535791944, 0.6967849949127747, 0.3275348088555739, 0.43869797389749116]"
"[0.22543709728263395, 0.6244996301547578, 0.3434868782698241, 0.35993463412406285]",stable,0.09331999716623648,4210,"[0.29200997016733976, 0.6581121544350047, 0.3482843004049308, 0.41582611307524636]"
"[0.2255118982634033, 0.6245373970359717, 0.3434922686317737, 0.35999743353861474]",stable,0.09385949899012384,4211,"[0.29630874566268717, 0.6766966772273391, 0.3727503501056769, 0.3748563065572672]"
"[0.22559135600459215, 0.6245959371933133, 0.3435251059847186, 0.36001411016377594]",stable,0.19081818144748067,4212,"[0.28480215865625624, 0.46445521994439765, 0.3180784933291586, 0.441334954992332]"
"[0.22565773582819265, 0.6244164072412405, 0.3434965783920554, 0.36010527703017564]",stable,0.1784202949429152,4213,"[0.2487765921103767, 0.7231214165444865, 0.33967438858010246, 0.5068773184250138]"
"[0.2256836248049924, 0.6245269391665521, 0.34349229822429284, 0.36026963541919566]",stable,0.04800647494426619,4214,"[0.21145331907047776, 0.6655660782577512, 0.3418334019031196, 0.3398942296336533]"
"[0.2256677072370567, 0.6245728442438352, 0.34349044263556666, 0.36024684413755637]",stable,0.10104740798388524,4215,"[0.19860084873295927, 0.6101040518369055, 0.43808493940433807, 0.34234435664757346]"
"[0.2256374649370521, 0.6245566779953358, 0.3435961348107273, 0.36022684135823796]",stable,0.20564786600882323,4216,"[0.32706012997012324, 0.6612397895243657, 0.4873373233473512, 0.4602133797431619]"
"[0.33567712757626583, 0.5159708035287207, 0.5970387811431345, 0.43458389797978303]",stable,0.10619340910328887,4217,"[0.36617466487636025, 0.5243114633623653, 0.5450094843082613, 0.5215915184507275]"
"[0.33575115072505246, 0.5159910478487053, 0.5969124964420789, 0.4347950815246154]",stable,0.10602883242883109,4218,"[0.36757206258077774, 0.5450723659119423, 0.6620592966706507, 0.5064868818547418]"
"[0.3358281989377782, 0.5160614626624178, 0.5970702368784677, 0.43496866941887724]",stable,0.36202489750430783,4219,"[0.6187611362094976, 0.59715001767564, 0.4225658589459562, 0.5532219896600304]"
"[0.6095204263131476, 0.6145012759857206, 0.41622306583441887, 0.5520231171033169]",stable,0.2837607644282498,4220,"[0.5135332719128353, 0.42430119350677226, 0.5840321348884806, 0.4685325033359855]"
"[0.3362574382444813, 0.5158398195002061, 0.5970387438784919, 0.4350497414814789]",stable,0.16947619006519626,4221,"[0.2790283556996847, 0.39626669551019833, 0.6568356190674005, 0.5220762480585426]"
"[0.3361195368407589, 0.5155516914905917, 0.5971828327343688, 0.4352594439069658]",stable,0.25001413691735885,4222,"[0.25360019654270977, 0.3963813962336529, 0.8007893372046854, 0.4416201986624664]"
"[0.28995214053527374, 0.29729249992734086, 0.8390571061266048, 0.3742809485489798]",stable,0.12968843968609683,4223,"[0.3354209045313689, 0.2532307401899753, 0.7700123813056171, 0.4639641141494566]"
"[0.290029206236962, 0.2972178189786335, 0.8389400811692811, 0.37443295391440434]",stable,0.13678574132300514,4224,"[0.24894268797898775, 0.3954389260935106, 0.8017026372551299, 0.2970493385000965]"
"[0.2899596859015001, 0.2973840137453253, 0.8388770736499678, 0.3743020171708945]",stable,0.13471277856260142,4225,"[0.3727716736959438, 0.3532929385069091, 0.8164536091132982, 0.4618296571240298]"
"[0.2900995710160178, 0.2974784544966118, 0.8388391961760883, 0.3744498679140586]",stable,0.15166149602251455,4226,"[0.28924229632158105, 0.3554300163850135, 0.736274977669046, 0.27893718806148654]"
"[0.29009812535886026, 0.29757618057062263, 0.8386662379661269, 0.3742888010003106]",stable,0.22980735923275486,4227,"[0.38971847599817855, 0.3920202786235749, 0.6544813183106098, 0.3808793859885163]"
"[0.33624838044450267, 0.515254740978892, 0.5973205694785425, 0.4351287226138926]",stable,0.2225293638634734,4228,"[0.313192306034158, 0.4950353228097482, 0.39559141605348935, 0.3463353726287758]"
"[0.22573518239363372, 0.6244121229114233, 0.34365416525854287, 0.36021133748688816]",stable,0.15817892587881074,4229,"[0.1400521374895444, 0.5360305139449583, 0.4405668093880976, 0.38202002870060514]"
"[0.16503284424017653, 0.50867579877418, 0.46150371360343195, 0.31615657213618925]",stable,0.19605632423681152,4230,"[0.31356826821118167, 0.6357994126698009, 0.46644689162508624, 0.32995736487308913]"
"[0.22583310110691973, 0.6244248177718006, 0.34379105793007747, 0.3601776095352563]",stable,0.09363365425261083,4231,"[0.13692283577660205, 0.6404942913213196, 0.3252309184950851, 0.3762872082759117]"
"[0.2257340919027657, 0.6244427125084927, 0.343770389623357, 0.36019554895478934]",stable,0.07920460153058954,4232,"[0.2592298378243315, 0.6190700243226538, 0.40924987963085346, 0.38909147459826526]"
"[0.22577135079700547, 0.6244367362146265, 0.3438432255410517, 0.36022769125250176]",stable,0.20861600775560882,4233,"[0.1934238254517208, 0.5702932940430239, 0.541660004396873, 0.38050787786016904]"
"[0.16515064914146926, 0.5089314730284076, 0.4618363123204172, 0.31642359000226383]",stable,0.2030588004350973,4234,"[0.31988599742593254, 0.6253314847771748, 0.4209817529622555, 0.36194051729271043]"
"[0.22587592262659317, 0.6244377303796959, 0.3439289350159641, 0.3602295943925465]",stable,0.16842625907092434,4235,"[0.11517135966465886, 0.6025350934258694, 0.4568129964287796, 0.3064767557935495]"
"[0.16494412315189566, 0.5093182648482318, 0.46181555481673275, 0.3163824873815667]",stable,0.16143753914116304,4236,"[0.07463842675685212, 0.5973953420540626, 0.42949661293383984, 0.411801954520139]"
"[0.16457249477166913, 0.5096807219560747, 0.46168255505589784, 0.31677516008584067]",stable,0.10231725315998315,4237,"[0.16719515119426465, 0.595998911489928, 0.449463568032323, 0.37027103356416224]"
"[0.164583243363565, 0.5100344850279348, 0.46163247724022743, 0.3169944054689486]",stable,0.13397723038844625,4238,"[0.15412623741188622, 0.6310114323475899, 0.5092829086907598, 0.3475650431607087]"
"[0.16454056170661938, 0.5105282684863824, 0.46182696879716845, 0.31711918358197616]",stable,0.17266091623830057,4239,"[0.11490880213804902, 0.672137728831996, 0.4268658391488109, 0.3200487191914838]"
"[0.22575276267044606, 0.6244906715544487, 0.3440209848540694, 0.36018499852661856]",stable,0.05782144912678182,4240,"[0.1794541265078378, 0.6169173916360848, 0.35687055347992513, 0.32892335611917345]"
"[0.22570143380552077, 0.6244822754569782, 0.3440352304955615, 0.36015034038647725]",stable,0.12929932997485932,4241,"[0.25049659338007485, 0.6483588823131399, 0.29858861076669746, 0.2440985019957121]"
"[0.22572889245399755, 0.6245087168820681, 0.3439849020130267, 0.36002182229302127]",stable,0.11988878787033364,4242,"[0.20454718614536818, 0.5761059548079014, 0.27130152038334066, 0.2806558633853268]"
"[0.2257054613629482, 0.6244551740036675, 0.34390450004219747, 0.35993402809068975]",stable,0.11933445358630294,4243,"[0.1688690496708079, 0.5333684586129511, 0.2963608012508073, 0.3386469168900774]"
"[0.225642658698095, 0.6243545256993683, 0.3438519655683948, 0.3599105064208548]",stable,0.181347179471095,4244,"[0.14326362238160323, 0.6283762657342132, 0.24902096120637085, 0.22917642480297837]"
"[0.22555173260944542, 0.6243589647060293, 0.34374729558565525, 0.3597662083175238]",stable,0.11360095699706867,4245,"[0.19296524567811227, 0.5658597687869328, 0.2539429749178094, 0.34088959934425256]"
"[0.22551580483995115, 0.6242944672463611, 0.34364828310421336, 0.35974539617973633]",stable,0.12946259086237466,4246,"[0.21849197666951337, 0.5390048808455805, 0.26952497994012026, 0.29695486623884065]"
"[0.22550806934637138, 0.6242005359838051, 0.3435666495104203, 0.35967624361372214]",stable,0.12488220120211016,4247,"[0.15772659268430417, 0.5374401253964236, 0.3596294203134526, 0.3029677420691371]"
"[0.16451286264555307, 0.5106376662786997, 0.46141153160821025, 0.3170616573969647]",stable,0.31863139076815317,4248,"[0.13256800719679823, 0.7634239817077062, 0.35057656472886245, 0.47301093838885117]"
"[0.22540582505357756, 0.624353697090212, 0.34357436118832835, 0.359800924246038]",stable,0.1599142487878887,4249,"[0.1396744119221011, 0.6850902661883563, 0.2574011361461717, 0.44410950167381247]"
"[0.22531161470947703, 0.6244204405727375, 0.3434796653366337, 0.35989357103442016]",stable,0.12391347607908798,4250,"[0.14066831324631773, 0.5751100502817452, 0.32898701363889843, 0.2854052529735484]"
"[0.22521870219414974, 0.6243663128117155, 0.3434637568276351, 0.35981180559198234]",stable,0.13956112446043534,4251,"[0.2698480411158634, 0.5091241570075903, 0.2830308693846711, 0.3363034834698974]"
"[0.225267637872792, 0.6242399507987724, 0.3433974926966669, 0.35978602892298883]",stable,0.05995053248856096,4252,"[0.20987635957831188, 0.5986587868163836, 0.3605879663508047, 0.3107221260719477]"
"[0.22525077995571152, 0.6242119319992298, 0.34341632125488614, 0.3597322897084751]",stable,0.14526329573433097,4253,"[0.16902309316415132, 0.5553326647945479, 0.3565388238863136, 0.2456125333132561]"
"[0.16453112268813846, 0.5108186176896949, 0.46098694574698795, 0.3167723896881237]",stable,0.18671313785519913,4254,"[0.14464449417551195, 0.6045924913908063, 0.30417201841317976, 0.28388079455325904]"
"[0.22516258927105046, 0.6241904665281046, 0.3433733843808799, 0.3596493012017407]",stable,0.0990258249661534,4255,"[0.1484295426399172, 0.5629419496153346, 0.3380715624415937, 0.347873757688093]"
"[0.22507872801790169, 0.6241235282582547, 0.34336759003996264, 0.3596364317552777]",stable,0.10963597020325416,4256,"[0.16977039971676117, 0.5924734489584366, 0.42874547287659737, 0.33375353420513487]"
"[0.16455224880518937, 0.511147871041585, 0.46085693980799447, 0.31684086204504713]",stable,0.25206579812507757,4257,"[0.140740139116292, 0.7511821468686884, 0.38778588027802857, 0.3206246040978949]"
"[0.22498665532259426, 0.6242622385405805, 0.343416081623192, 0.359593842423774]",stable,0.12647362986321037,4258,"[0.13562525295724384, 0.6026289234952723, 0.4022518698089342, 0.2957152973026834]"
"[0.16443607613110126, 0.5115152648265395, 0.4606215780810906, 0.31675602041957573]",stable,0.12737062835826043,4259,"[0.1390549904476077, 0.5551190867185951, 0.34431747412232216, 0.3044621367102211]"
"[0.22489294576438817, 0.6241868370664017, 0.3434170646030165, 0.3595337206072925]",stable,0.06958787903279508,4260,"[0.16571978600294374, 0.617492748059873, 0.32038489932564784, 0.3318620996367361]"
"[0.2248284869846916, 0.6241795450304467, 0.34339197509835706, 0.35950357722932896]",stable,0.10786414828141523,4261,"[0.1847791510594162, 0.5844532508239816, 0.3260714118348865, 0.26921213348587636]"
"[0.22478490772906018, 0.6241363172891993, 0.3433731279130867, 0.35940532756257876]",stable,0.14168284094983216,4262,"[0.13093739099275986, 0.5662881115823364, 0.3317306438275618, 0.27117433140555897]"
"[0.22468289955869464, 0.6240734388047353, 0.3433604730390807, 0.35930942430588636]",stable,0.11005742265867693,4263,"[0.14066471865837332, 0.5567029739468161, 0.36527962488657023, 0.35344829748708206]"
"[0.22459167460657703, 0.6240002895486464, 0.34338427233533203, 0.35930306043311894]",stable,0.09423970195650828,4264,"[0.20417576941422014, 0.6641936208569316, 0.4087905618390952, 0.30859975036641274]"
"[0.22456953154237705, 0.624043883183471, 0.34345521191180034, 0.35924806768901185]",stable,0.2061024728324142,4265,"[0.1417378603912982, 0.6089227938761345, 0.3282634357854971, 0.17174418464057095]"
"[0.22447978975348096, 0.6240275006381759, 0.3434387527827361, 0.3590449215535314]",stable,0.09152758499532464,4266,"[0.17525415482800824, 0.6266058726370471, 0.3975925098313514, 0.4139526466622576]"
"[0.22442651525680837, 0.6240302910840622, 0.3434973607449099, 0.35910434549845427]",stable,0.16567687932926345,4267,"[0.27781017291858223, 0.5335579346789069, 0.4252331825584471, 0.45776042284748586]"
"[0.2244842273191454, 0.6239324831311917, 0.3435857237955191, 0.35921100071721]",stable,0.25231218089927604,4268,"[0.3233149495004195, 0.566051938643511, 0.5455549744778072, 0.4579641744987219]"
"[0.33621736502257443, 0.5153765568006297, 0.5971964313610347, 0.4351834838893958]",stable,0.13441645440117228,4269,"[0.43132331023822806, 0.4743574518517439, 0.5304443391690794, 0.4888885452487175]"
"[0.3364448912073009, 0.5152784249706084, 0.5970367373605755, 0.4353119648974325]",stable,0.3674387716222422,4270,"[0.6402907119094389, 0.5636450217561647, 0.4765868830255175, 0.5960647970315919]"
"[0.6096216443578722, 0.6143339856757549, 0.4164216310225475, 0.5521679910504493]",stable,0.20773677517954617,4271,"[0.7022269173440209, 0.46261269013843476, 0.48633921622936843, 0.4704917341792981]"
"[0.6099252682037285, 0.6138365388051408, 0.4166508690068321, 0.5519002000443144]",stable,0.2451126014351239,4272,"[0.756556633800963, 0.4911010668672653, 0.5304337342742965, 0.6547053239686454]"
"[0.6892153786406564, 0.60042129186521, 0.6324133731610316, 0.6473857125833556]",stable,0.1347460445398034,4273,"[0.758162199374094, 0.5379516463188481, 0.5409007235855041, 0.6138326086605811]"
"[0.6896307209342314, 0.600044968699268, 0.6318620921394923, 0.6471835854512907]",stable,0.34164022513376263,4274,"[0.9110497993091252, 0.7460647962368815, 0.4259243541118384, 0.7101080892872342]"
"[0.8760866301943536, 0.6776909275312158, 0.3974037313042213, 0.7131448614878939]",stable,0.13965008902899828,4275,"[0.9296773073675795, 0.7492832217692189, 0.4490018243010908, 0.619111001146271]"
"[0.8761360225235455, 0.6777569112125412, 0.39745128715030137, 0.7130581943355053]",stable,0.15267780897615887,4276,"[0.9640993030599649, 0.7189808626724222, 0.3169984045404664, 0.7990866439137299]"
"[0.8762170200194354, 0.6777948706521912, 0.39737720530627757, 0.7131374102190948]",stable,0.0985245224884747,4277,"[0.9499021492531962, 0.6979445010936219, 0.35505286287021437, 0.7587469014661429]"
"[0.876284807626826, 0.6778134075707206, 0.3973382684687099, 0.7131793692726799]",stable,0.17671890300586118,4278,"[0.9193624503044935, 0.8300076061808823, 0.4344366366432981, 0.782710113329705]"
"[0.8763244010484047, 0.6779532919444432, 0.3973723662335762, 0.7132432762065558]",stable,0.20499445551840156,4279,"[0.9639698936893089, 0.8059623011665311, 0.2843977853567737, 0.7852948691570892]"
"[0.8764048835944478, 0.6780708392440044, 0.39726862465334034, 0.713309439285482]",stable,0.17174392706786246,4280,"[0.884050948720903, 0.5767732697011813, 0.5284078195297865, 0.6688254180570943]"
"[0.8764118983330959, 0.6779779056939651, 0.39738893584130036, 0.713268628256832]",stable,0.2982293534579939,4281,"[0.7200701828475423, 0.554207921656962, 0.6090742470410475, 0.6471752448001388]"
"[0.6898129931612572, 0.5997704953636853, 0.6317256379772263, 0.6471835355072719]",stable,0.1812482538547246,4282,"[0.6062514767859163, 0.4423941193870316, 0.6395229322436269, 0.6149301481965039]"
"[0.6893156031828326, 0.5988337312209671, 0.6317720504430977, 0.6469915510589935]",stable,0.3265743948486221,4283,"[0.5205006542868973, 0.3465356683984589, 0.5983657242982213, 0.5313107260726616]"
"[0.5102398704805002, 0.5051885159185976, 0.7845867391944409, 0.5579049452809995]",stable,0.3508280464959923,4284,"[0.3376510595178469, 0.22748820979665502, 0.7119028773966883, 0.453535329239566]"
"[0.2901781808035723, 0.29745818735383145, 0.838452831635202, 0.37442221266401304]",stable,0.17710726722940281,4285,"[0.4537866191445036, 0.27627338896849757, 0.8771127436652838, 0.42595742905346745]"
"[0.2904531529688512, 0.2974225826506628, 0.8385178062772694, 0.37450882647307093]",stable,0.20729784291235892,4286,"[0.4300807942120159, 0.24085809668300145, 0.7448967362481909, 0.48180314902003407]"
"[0.29068742753469545, 0.2973276757950124, 0.8383607239450058, 0.37468885050419004]",stable,0.0456696144229184,4287,"[0.29597625110748793, 0.27999210235498034, 0.8278065397925943, 0.334120030985548]"
"[0.2906962865356549, 0.29729863798355505, 0.838343045244583, 0.37462089603263454]",stable,0.07166194801834828,4288,"[0.2831038162342072, 0.22922132077534185, 0.8366640895132132, 0.3956077771227467]"
"[0.2906835900970237, 0.29718479631598277, 0.8383402376263032, 0.3746559911515143]",stable,0.1719826138860359,4289,"[0.29953875930682494, 0.20693908983022768, 0.9566320505004069, 0.4604602155532538]"
"[0.2906983733511302, 0.2970341357041535, 0.8385377197846907, 0.3747992369351566]",stable,0.1702290571136914,4290,"[0.42578904084108127, 0.21715912982974828, 0.9041612159904594, 0.38127871416955417]"
"[0.2909235244636134, 0.2969010106943628, 0.8386470922783671, 0.3748100360638806]",stable,0.053022505952359765,4291,"[0.33620606202002384, 0.27294246705489283, 0.8331773182824542, 0.3622821595866178]"
"[0.29099886978400674, 0.2968611462290725, 0.8386379911569097, 0.37478919101150576]",stable,0.11942371743668098,4292,"[0.33212824825003234, 0.1904070380072302, 0.8034685977562304, 0.37580660140814237]"
"[0.2910671910106945, 0.2966843121622588, 0.8385795702376395, 0.3747908810619985]",stable,0.12994337383785515,4293,"[0.31677465086453616, 0.17040443928140636, 0.8241682688941906, 0.3831643517290367]"
"[0.29110982361410054, 0.2964748928042475, 0.8385556708987615, 0.37480476741468016]",stable,0.10747064576929227,4294,"[0.243837410671291, 0.23390439665030013, 0.9040270273055772, 0.341432725554258]"
"[0.29103155802975816, 0.2963712992675688, 0.8386640671842033, 0.3747495156897457]",stable,0.1518578753680864,4295,"[0.23222001194880068, 0.18360389257052623, 0.8477693558822668, 0.2922715061149178]"
"[0.2909343488626822, 0.29618490685980503, 0.8386791172481671, 0.3746131884011923]",stable,0.04952513341795127,4296,"[0.27622991153759313, 0.2739213527204115, 0.8769058086925746, 0.39133361247819337]"
"[0.290910084114621, 0.2961481683216212, 0.8387421975970852, 0.3746407798600652]",stable,0.1589009146059609,4297,"[0.2024221539009347, 0.2266974112090516, 0.7289407361842467, 0.3514110946016625]"
"[0.29076430498741557, 0.29603375191781134, 0.8385613055683986, 0.37460251019736607]",stable,0.2639617176457616,4298,"[0.15891662765294098, 0.30439347190243604, 0.6124009431348332, 0.34183691986692877]"
"[0.16441399833718862, 0.510686777654843, 0.4612286955413056, 0.3168563440173652]",stable,0.2803293789829801,4299,"[0.19422510238173799, 0.24533589593651847, 0.5327040690959788, 0.3635043808801957]"
"[0.16453276767601152, 0.50962960282728, 0.4615134579857465, 0.3170421927698068]",stable,0.270828333129487,4300,"[0.28957876035524005, 0.2915106228993208, 0.5515552839303584, 0.27200813991744344]"
"[0.16502898193267512, 0.5087640513196293, 0.46187076681886, 0.31686348621086885]",stable,0.2625697587403782,4301,"[0.14277020274878607, 0.33677073858576784, 0.6588960630199068, 0.3100255050800688]"
"[0.2905208936350494, 0.29610075354062043, 0.8382658035247332, 0.3744962980178968]",stable,0.13053818238352724,4302,"[0.2733442703476125, 0.40236083785378635, 0.765007632267049, 0.38383522184107816]"
"[0.29049268899910946, 0.2962752364376864, 0.8381455109610917, 0.3745116328681812]",stable,0.1854313106914209,4303,"[0.36516984953656206, 0.44577728893901636, 0.7686859048798935, 0.4149169802832964]"
"[0.290615110573761, 0.29652032176965576, 0.8380316427544012, 0.3745778711426322]",stable,0.32393922557233673,4304,"[0.4795439207075397, 0.5124594809331778, 0.8334157185764589, 0.5248825595245135]"
"[0.5101827085628597, 0.5052020558906918, 0.7846776683925453, 0.5578434510803356]",stable,0.09376700920245283,4305,"[0.4574291051912105, 0.5281965846619807, 0.8253080200550387, 0.49595859415678706]"
"[0.5100846535380054, 0.5052447966504897, 0.7847531894922898, 0.557728423465236]",stable,0.14681635497576231,4306,"[0.43423228751159726, 0.5858686497222673, 0.8539729936222504, 0.6248840165951843]"
"[0.5099439255861938, 0.5053943770829049, 0.7848816121344604, 0.5578530164023973]",stable,0.2846292969394642,4307,"[0.6312255026285261, 0.6915849997476977, 0.6070512713527226, 0.5615997050105267]"
"[0.6889718747771858, 0.5993825552950898, 0.6316257736437463, 0.6464862738634405]",stable,0.10651566334144144,4308,"[0.6874963024093073, 0.6438636762669271, 0.564415627491582, 0.5768613117122986]"
"[0.6889631949397277, 0.5996442089478653, 0.6312304198428512, 0.6460767152625514]",stable,0.14381556241461974,4309,"[0.6402124877093887, 0.6720314218753249, 0.7455308364628006, 0.6447385440194833]"
"[0.6886781030845796, 0.6000675259825288, 0.6318988433318569, 0.6460688896997265]",stable,0.07420264519359326,4310,"[0.7038965589423963, 0.6360269107004243, 0.5943785275915104, 0.6967993510862058]"
"[0.6887665824791017, 0.6002765921727491, 0.6316807019612735, 0.6463638342426712]",stable,0.18391930126291023,4311,"[0.8198122673984681, 0.6689301377284994, 0.5800316680064923, 0.7426571663857311]"
"[0.6895240719873061, 0.6006734334765396, 0.6313821526320551, 0.6469204430989894]",stable,0.14238613668746763,4312,"[0.6636871871807658, 0.6035101187744878, 0.49893831544371764, 0.6015679292587915]"
"[0.610100960749405, 0.6138027923344523, 0.4169197822304821, 0.5520625128848846]",stable,0.20785970247068844,4313,"[0.664461907406016, 0.6034964386332508, 0.6042662293435331, 0.623095119603931]"
"[0.6893800365586781, 0.6006896576441069, 0.6312263139924659, 0.6467835159524661]",stable,0.11457516939274764,4314,"[0.6923931088211608, 0.5352252982215185, 0.6176749316969729, 0.5537826099343555]"
"[0.6893972541144637, 0.6003155755902635, 0.6311488775222058, 0.6462520822037912]",stable,0.25119810028721845,4315,"[0.5827013369040375, 0.4604860293278417, 0.7610946741109442, 0.522646844533631]"
"[0.5100786615330788, 0.5053112134759511, 0.7848375622492317, 0.5577878197878255]",stable,0.13325441353199652,4316,"[0.4970784062576589, 0.5576439397425502, 0.6634865914962329, 0.5466990981599604]"
"[0.510054631486359, 0.505407946796222, 0.7846132536156771, 0.5577673230750199]",stable,0.2459829392692209,4317,"[0.49788865972853635, 0.563210120168888, 0.5755041634704746, 0.442476852025783]"
"[0.33683019853074064, 0.5153928204245422, 0.5969853469694296, 0.4353290648667126]",stable,0.21014200656837081,4318,"[0.3736782793028582, 0.626013266688497, 0.4600153733017919, 0.5439763154064423]"
"[0.33691793205638854, 0.5156562024394563, 0.5966592279845067, 0.4355877487965691]",stable,0.1125196726909171,4319,"[0.2790948176822766, 0.4406792140437156, 0.6354358603008289, 0.38876907534399036]"
"[0.33678058499136687, 0.5154781098304403, 0.5967513339995097, 0.43547654054608786]",stable,0.20338530884118147,4320,"[0.28253448569071193, 0.4315227951319142, 0.7693064077160882, 0.39548658891291]"
"[0.29060188532845327, 0.2967412750812143, 0.8379191628279883, 0.37461209162998127]",stable,0.24916517671603713,4321,"[0.30819088996328575, 0.26902231385893677, 0.591700517381876, 0.3941556334617319]"
"[0.29063062553210495, 0.29669598266091646, 0.8375168447798738, 0.3746440255218632]",stable,0.10762176844309101,4322,"[0.20048393466791167, 0.3111401896751801, 0.8077629694323094, 0.3260426782711483]"
"[0.29048356730883546, 0.296719545804496, 0.8374683066471699, 0.3745647411054673]",stable,0.08661549144260308,4323,"[0.2161654906817371, 0.2535855640194648, 0.8296506693758006, 0.36698773594813233]"
"[0.29036252809608776, 0.2966492950198298, 0.8374555743389104, 0.3745524007061882]",stable,0.2603558602676304,4324,"[0.34507683651386545, 0.39747810580310683, 0.606494826401831, 0.4103602526165894]"
"[0.3368002443551643, 0.5151984889678163, 0.596774422844065, 0.43541702327611276]",stable,0.2370401134263454,4325,"[0.5334866218963588, 0.48635329232037644, 0.7021249492744992, 0.5100608808539357]"
"[0.51009786394099, 0.5053727906071522, 0.7844610611722432, 0.5576793038089293]",stable,0.21082454194896383,4326,"[0.5810884902482493, 0.5841887975150021, 0.602572763263553, 0.5682624320550953]"
"[0.6887818634106785, 0.6002239461693812, 0.6309865132366453, 0.6458089591915827]",stable,0.13908185945464294,4327,"[0.7254354491403134, 0.6609964320264872, 0.561389665107988, 0.7430882579957261]"
"[0.6889889458159306, 0.600567293547105, 0.6305933107048449, 0.6463585597497982]",stable,0.2054579639654927,4328,"[0.7893582287997327, 0.5717078232419647, 0.45387235359146944, 0.637651305256999]"
"[0.8763321057854027, 0.6778804995688945, 0.39744070799322534, 0.7131993181532574]",stable,0.07978084644306023,4329,"[0.8465722305945531, 0.6087187599150143, 0.3894918316135396, 0.6880437537559797]"
"[0.876304853152444, 0.6778171646424715, 0.3974334288024015, 0.7131762819221245]",stable,0.08359734570714121,4330,"[0.861511614416139, 0.7572448719918204, 0.39272184740605803, 0.7341218447682688]"
"[0.8762913186247804, 0.6778898340910986, 0.3974291181149392, 0.7131954452916086]",stable,0.17507668974490792,4331,"[0.9005788751352003, 0.7294560208876061, 0.23189112723796218, 0.7134481238808815]"
"[0.8763135193162891, 0.6779369695452088, 0.3972778036808652, 0.7131956762592405]",stable,0.29231640457170505,4332,"[0.624861376260406, 0.5882491104527119, 0.42138142617283375, 0.5965946323166516]"
"[0.6101490402787568, 0.6137195555856518, 0.4169343152726396, 0.5522075686485061]",stable,0.17037317929454118,4333,"[0.5535343906163279, 0.6400149320321489, 0.5754565271321672, 0.5532386802963695]"
"[0.6099652264811516, 0.6138049301845042, 0.417448997778677, 0.5522109164135965]",stable,0.30924592541059276,4334,"[0.5601133375994717, 0.45639725626702804, 0.6721320371405695, 0.4929892547410231]"
"[0.5101899734689063, 0.5052825962529347, 0.7842541937246711, 0.5575601692802591]",stable,0.20465075388396556,4335,"[0.48034077334973657, 0.3659572477807778, 0.6848996066230487, 0.44935633564900834]"
"[0.5101351036157461, 0.505026483480008, 0.7840715566160283, 0.5573612651743192]",stable,0.1465895949663569,4336,"[0.6088299048081363, 0.49689146817774416, 0.6768585582193154, 0.5710375245610636]"
"[0.5103161949940808, 0.505011556846426, 0.7838748355180527, 0.5573863592282398]",stable,0.29443788791356545,4337,"[0.7272163523248789, 0.6327312024618903, 0.644226874962801, 0.6193067179602061]"
"[0.6892037065266551, 0.6007479896646037, 0.6306699037624739, 0.6462065831105308]",stable,0.1649613428919981,4338,"[0.8203052021416556, 0.5321229369126934, 0.5612889280183283, 0.6238118329259635]"
"[0.689936117116683, 0.6003646094816322, 0.6302823005460262, 0.6460814727743042]",stable,0.15613018146018967,4339,"[0.8426376402219474, 0.6156896203158232, 0.6018727372663327, 0.6501947635874087]"
"[0.6907844589117123, 0.600449748430711, 0.6301244696389168, 0.6461043243899325]",stable,0.14120692506225588,4340,"[0.7715061614294068, 0.5089492541284705, 0.7004138830598458, 0.6566143354065663]"
"[0.6912304351687161, 0.5999442208378809, 0.630512808939585, 0.6461623907491405]",stable,0.24343362436293928,4341,"[0.5681811872766018, 0.4474024159927755, 0.7735435625846387, 0.6263630637406951]"
"[0.510422174833426, 0.5049060455994412, 0.7838559137727534, 0.5575126901888853]",stable,0.09913200011178391,4342,"[0.5253364508300044, 0.4850395143283295, 0.7957020121625581, 0.4622776719138116]"
"[0.5104494404202571, 0.5048697265294757, 0.7838775702597549, 0.5573385859507224]",stable,0.22533633526584326,4343,"[0.3681825232929431, 0.3577900875081522, 0.7562393010766173, 0.46711500730274313]"
"[0.2904890646736436, 0.29674871094257504, 0.837323515357996, 0.37470290900959724]",stable,0.14155341992506792,4344,"[0.37466122741283675, 0.291448083872515, 0.7523580249411433, 0.45023559400872376]"
"[0.2906257077949735, 0.2967401060285003, 0.8371855843670595, 0.37482552700472566]",stable,0.07749175581835374,4345,"[0.2780807499417832, 0.325011605856999, 0.9036682844196041, 0.39989281930851506]"
"[0.2906053756104464, 0.29678592693583983, 0.837293335906853, 0.37486615470700085]",stable,0.1396720056835756,4346,"[0.16291332916139342, 0.31419301070206535, 0.8829755790054153, 0.40338170389626127]"
"[0.29039875417606287, 0.29681409373805057, 0.8373672553940675, 0.3749122963723556]",stable,0.050268765706578886,4347,"[0.3009267964796385, 0.291615445983275, 0.8862403816535241, 0.37561991354712093]"
"[0.2904157623219491, 0.29680569527641115, 0.8374462103637921, 0.3749134395341889]",stable,0.07008681697700629,4348,"[0.2867261586516708, 0.23649724925074084, 0.8306761012773363, 0.3400479021132492]"
"[0.29040981134828736, 0.29670842358927296, 0.8374352908330076, 0.37485720479641316]",stable,0.07590348422596394,4349,"[0.32455731553546413, 0.35191983348872413, 0.8561272839567917, 0.3402508977787163]"
"[0.2904647992777353, 0.29679733085159093, 0.8374653906609042, 0.3748014780540336]",stable,0.24337248030942266,4350,"[0.30875104657979613, 0.36829261001689656, 0.6222465194946293, 0.4612019403361161]"
"[0.33673393419493886, 0.5148511937457101, 0.5968346405666433, 0.4354779805268456]",stable,0.18795461610624792,4351,"[0.30245808493858134, 0.4241896820005744, 0.7288404450361186, 0.343244246200105]"
"[0.2904840810874794, 0.29700214170552824, 0.8372907524846585, 0.37475074295459]",stable,0.24850097791618242,4352,"[0.34767562906372196, 0.46087407239603123, 0.7488724146548785, 0.5290558003330377]"
"[0.5101524079177816, 0.5047894424890863, 0.7838136922385781, 0.5572869750280623]",stable,0.20743185200814102,4353,"[0.38416457973376, 0.4511799047871548, 0.8520316023545822, 0.4171892427702176]"
"[0.2906344510692551, 0.2972496180507636, 0.8373144135598911, 0.3748188625369585]",stable,0.3249594389741431,4354,"[0.4627849213684548, 0.5002231183304022, 0.7734507238159742, 0.5499931753533029]"
"[0.5100661283430105, 0.5047811249587425, 0.7837948161576627, 0.5572736894184545]",stable,0.12918824209460703,4355,"[0.432566105953534, 0.5044679836851272, 0.8653541195378482, 0.49378093077774765]"
"[0.5099252192113932, 0.5047805556109723, 0.7839431058001721, 0.5571582480391076]",stable,0.08882756824211303,4356,"[0.5310624143879967, 0.45297012301078393, 0.8516369208914704, 0.5704541997553209]"
"[0.5099635807271402, 0.5046865257877415, 0.784065962088904, 0.5571823786229846]",stable,0.1719795477803151,4357,"[0.5232396941914295, 0.4417150114748635, 0.6252782924335129, 0.542290299635873]"
"[0.5099876316573292, 0.5045724469574645, 0.7837783032670645, 0.5571554002190223]",stable,0.21819787064822452,4358,"[0.6421867133478955, 0.596100661878964, 0.6479302000188757, 0.6146148839683871]"
"[0.6909609641697005, 0.5999231023820627, 0.6306085088905701, 0.6459890527997957]",stable,0.08457233422644023,4359,"[0.7080414705500458, 0.6351974664529392, 0.6254935680452309, 0.7207573123612141]"
"[0.6910543002701396, 0.6001158584698817, 0.6305805583941475, 0.646397622524175]",stable,0.16784111420671827,4360,"[0.8037231696305234, 0.7042517849100549, 0.5750212258046615, 0.6857070982503041]"
"[0.6916666310818809, 0.6006818145918392, 0.6302786054996394, 0.6466112609792083]",stable,0.17281612935536125,4361,"[0.7546994454156694, 0.6149408271061054, 0.47580415195214526, 0.6893500331404692]"
"[0.8762024562351013, 0.67787943882152, 0.3973495172409303, 0.7131738994162097]",stable,0.1438829550759171,4362,"[0.9049068079722995, 0.6999683779035335, 0.4774572273391916, 0.8270738489586463]"
"[0.8762286463370513, 0.6778995929630183, 0.3974226082172973, 0.713277822727836]",stable,0.07849040553718778,4363,"[0.8231437982928068, 0.7019566954762986, 0.4318653324490275, 0.7529980598327952]"
"[0.8761802554090256, 0.6779215228650358, 0.3974540054134976, 0.7133140307835378]",stable,0.1541546148960929,4364,"[0.9390058395563255, 0.7451162456082912, 0.5211290058297552, 0.7108737894411766]"
"[0.876237473609524, 0.6779827202445835, 0.3975666420258986, 0.7133118083415138]",stable,0.10504035014786242,4365,"[0.909404225693684, 0.5850081204674763, 0.4318539046779937, 0.7239677518232703]"
"[0.876267652637808, 0.6778981209727207, 0.3975978406270379, 0.7133215043774389]",stable,0.1783059258704529,4366,"[1.0, 0.7678616470625681, 0.4516486039528037, 0.7872700565887211]"
"[0.8763801365899555, 0.6779799059964388, 0.3976469776846067, 0.7133887303339946]",stable,0.13729539036002733,4367,"[0.9811895526198464, 0.7017566576003784, 0.35897834747030866, 0.7895754328883116]"
"[0.8764753313365767, 0.6780015015928094, 0.3976118563129316, 0.7134579280656516]",stable,0.08344707587741051,4368,"[0.9251289982338073, 0.6410316662528601, 0.4006906953642954, 0.6567129970587636]"
"[0.8765194816695143, 0.6779679536478548, 0.39761465017776954, 0.7134064353877869]",stable,0.18402682867116457,4369,"[1.0, 0.7485076580290398, 0.3586966277838249, 0.823533511542383]"
"[0.8766314313688167, 0.678031906235689, 0.3975793663859346, 0.7135062786118618]",stable,0.14171755071988826,4370,"[0.8784729350468848, 0.6077832314106909, 0.2874971816814499, 0.6584834711383499]"
"[0.8766330993975106, 0.6779682751896519, 0.3974796542621081, 0.7134564391123386]",stable,0.20262139144187385,4371,"[1.0, 0.6645284728440494, 0.2900203688477824, 0.8322331615655625]"
"[0.8767447436514494, 0.677956112472597, 0.3973824060400136, 0.7135639293589027]",stable,0.11480809265763788,4372,"[0.9354197490307185, 0.6082055837657915, 0.35640060870703705, 0.7700749717834363]"
"[0.8767977951933837, 0.6778930468951043, 0.3973453519737089, 0.71361502433397]",stable,0.1291383506610619,4373,"[1.0, 0.6960545033818707, 0.3703167215044662, 0.7345326000894056]"
"[0.8769090889646634, 0.6779094529081909, 0.39732093586669065, 0.7136339200663597]",stable,0.14605897195472714,4374,"[0.8650618240253992, 0.6266056430867265, 0.5285703113404626, 0.6771046696295044]"
"[0.8768983964872814, 0.6778631498307347, 0.39743939198173917, 0.7136009514287814]",stable,0.33275305566685004,4375,"[0.7440626608763617, 0.5955621995741867, 0.6894250678916547, 0.6811944389562762]"
"[0.6919498528645537, 0.6006541409971492, 0.6305983161071638, 0.6467981970763816]",stable,0.1097052817253467,4376,"[0.7358195687254964, 0.6979123951748466, 0.6393070276665609, 0.6228047145029937]"
"[0.6921857115519782, 0.6011770348368143, 0.630645137137053, 0.6466691998582451]",stable,0.17187806373210682,4377,"[0.5835092637768116, 0.4816163336314544, 0.6690745543086659, 0.6023982487231898]"
"[0.510120582167491, 0.5045309349984664, 0.7835708823828722, 0.5572372136882885]",stable,0.1444333612995928,4378,"[0.6187919170699938, 0.544148062669784, 0.803246906427793, 0.6414682893056936]"
"[0.5103167398117193, 0.5046024460592449, 0.783606398671762, 0.5573892553410275]",stable,0.2115186054548295,4379,"[0.629855237522058, 0.6354218854077667, 0.8121925124140751, 0.6692810620489413]"
"[0.6918523935090374, 0.6013601623799745, 0.6316159787160744, 0.6467901189073931]",stable,0.18101915981150946,4380,"[0.6023123971100532, 0.6148187867096003, 0.6722541093008496, 0.4954034185752191]"
"[0.691376116932447, 0.6014317508072597, 0.6318321389851423, 0.6459848705013709]",stable,0.12981780610573426,4381,"[0.6173182599319363, 0.695104199232042, 0.6163488085475485, 0.6945012129363144]"
"[0.6909842764192169, 0.6019273722274968, 0.6317502166018747, 0.6462415707258944]",stable,0.19303168232411652,4382,"[0.7922528926942755, 0.6968673920708114, 0.5919052679351816, 0.7743222891674819]"
"[0.6915172691364541, 0.6024270565424616, 0.6315405063457342, 0.6469156797703238]",stable,0.18625042889104254,4383,"[0.8564303761859071, 0.6847035179124761, 0.6047200836827833, 0.6448814187246066]"
"[0.6923806885450898, 0.6028578233559173, 0.6314000852846716, 0.6469050291889327]",stable,0.2617450265404036,4384,"[0.8308051126001715, 0.6633607036685981, 0.42865235351532194, 0.7145947365299219]"
"[0.8768568335622253, 0.6778500727827976, 0.39746753712288757, 0.7136018475379798]",stable,0.21140143199246605,4385,"[0.9921033377067461, 0.7062985899442782, 0.5719949535733777, 0.7017835773869661]"
"[0.8769606592416349, 0.6778757020775377, 0.3976247690295997, 0.7135912004477538]",stable,0.06660586144672738,4386,"[0.9064899101516579, 0.6874062043146744, 0.34183104230498734, 0.7325805054650724]"
"[0.8769872382253523, 0.6778842803873821, 0.39757454965360994, 0.7136082925314778]",stable,0.12276955041347412,4387,"[0.9063487934469662, 0.6309798093082741, 0.41267428713810805, 0.8221542740525966]"
"[0.8770136425016306, 0.6778421001076348, 0.3975881285542255, 0.7137059058242127]",stable,0.13299361674864582,4388,"[0.9980503131447661, 0.7085030160746006, 0.4053061841593291, 0.758847530797778]"
"[0.8771223906333855, 0.6778696481004173, 0.3975950630156856, 0.7137464643372168]",stable,0.1704727381374487,4389,"[1.0, 0.7913568041377083, 0.3791916504008126, 0.7410233296834979]"
"[0.8772326936938581, 0.6779715216695711, 0.39757854289664174, 0.7137709498536856]",stable,0.22383232002318432,4390,"[0.9979373069384468, 0.7221646503667446, 0.39184914885501954, 0.8969251069135414]"
"[0.8773409489523735, 0.6780111567625731, 0.39757340442664924, 0.7139352136716764]",stable,0.1655660341119811,4391,"[0.9373380658232616, 0.8294452518478154, 0.38031948549068123, 0.7380697272531743]"
"[0.8773947098097846, 0.678146850396162, 0.3975579439258106, 0.7139568395799036]",stable,0.15311633335963898,4392,"[0.7722807881394831, 0.7163546710214076, 0.35060922669984507, 0.620513512335551]"
"[0.8773006060303125, 0.6781810561442598, 0.3975159128450354, 0.7138731839601684]",stable,0.23930645964003233,4393,"[0.7600640863817266, 0.5333035549968506, 0.44746585537621086, 0.5723150934511909]"
"[0.6104509833093088, 0.613544407934706, 0.4175461397126496, 0.5522759784752068]",stable,0.3517158492238521,4394,"[0.5715832214806538, 0.41002361583631947, 0.7002512690567083, 0.5231137989974868]"
"[0.5104271298687805, 0.5044320337525369, 0.7834562092490321, 0.5573274977620302]",stable,0.10338485895124074,4395,"[0.4828018509750045, 0.46661648306725134, 0.7562027468376157, 0.46927918182488604]"
"[0.5103774441153744, 0.5043640201721676, 0.7834071922303066, 0.5571691374815676]",stable,0.19248720698032454,4396,"[0.42895716132943484, 0.3395887574808615, 0.7844416220991701, 0.4999843041601232]"
"[0.5102312676651304, 0.5040681938477667, 0.783409049375493, 0.5570664717125883]",stable,0.06420215765141511,4397,"[0.4642498589350333, 0.4892564591811141, 0.8196383093920006, 0.5788765687576242]"
"[0.5101488637068328, 0.5040416495204071, 0.78347397636477, 0.5571055579080095]",stable,0.11351987212061747,4398,"[0.4939245978176175, 0.4618647715463842, 0.8272227602820776, 0.46260323289556077]"
"[0.5101198399753673, 0.5039661989336915, 0.7835522389478063, 0.5569365018704201]",stable,0.1667014735265908,4399,"[0.4104533158686671, 0.4374017712723643, 0.7578302649076087, 0.44396074221366655]"
"[0.5099418640394624, 0.5038473338842964, 0.7835063068513061, 0.5567347594424615]",stable,0.20417054475352048,4400,"[0.37375110488396057, 0.3972157898898476, 0.8199942300516022, 0.45457785193500694]"
"[0.2907676508349838, 0.2974098202492237, 0.8372866568555509, 0.3749466814302246]",stable,0.27198307974900776,4401,"[0.4762326512000786, 0.4212627292678359, 0.8889370659832427, 0.5218147224531098]"
"[0.509881776316041, 0.5037001242503989, 0.783694240468297, 0.556672513387222]",stable,0.30116822026095924,4402,"[0.3543413655592326, 0.3302495079358732, 0.9400560280729034, 0.44724055921495953]"
"[0.2908693687785426, 0.29746236374952234, 0.8374510878494988, 0.37506235163468016]",stable,0.12844043575525868,4403,"[0.3735050090952894, 0.28687667628337765, 0.903422907603108, 0.44720082060726374]"
"[0.29100137459374503, 0.2974454537056467, 0.837556474143035, 0.37517758880556284]",stable,0.06726186460269284,4404,"[0.23418972193361584, 0.3204829355240669, 0.8148355860355405, 0.39097727952812106]"
"[0.2909107658973174, 0.2974821961008914, 0.8375202366819385, 0.3752027876743389]",stable,0.05226070448489253,4405,"[0.30671073111820557, 0.3301512413600767, 0.8210349264268715, 0.40900382848558425]"
"[0.29093592507760546, 0.2975342168735971, 0.8374939861879017, 0.3752566109877326]",stable,0.120788907002252,4406,"[0.18545702601197678, 0.35089652184757014, 0.812981235265998, 0.3712878130832033]"
"[0.29076823207432145, 0.2976190536064651, 0.8374550152007444, 0.3752503012931308]",stable,0.25191948346833765,4407,"[0.355950357212733, 0.45270094681016787, 0.6523695359172988, 0.3451224325970694]"
"[0.33677925594733926, 0.5147046129746357, 0.5969656190934137, 0.43526487781946405]",stable,0.07617294184929353,4408,"[0.31040015194740067, 0.5078948595937429, 0.5619674816336371, 0.37333574432500705]"
"[0.3367171874673394, 0.514688590025504, 0.5968832705346848, 0.4351191622112418]",stable,0.19498394540566155,4409,"[0.22388326857393245, 0.5539167448649757, 0.5269384605537334, 0.29780156997436524]"
"[0.16526160757157338, 0.5089425204640773, 0.462127951379077, 0.3167881426684321]",stable,0.2488915525344357,4410,"[0.38735083193140674, 0.5158316567555724, 0.3764961558161305, 0.3891975117864704]"
"[0.22466010918157767, 0.6238157435778703, 0.3436212642188675, 0.35924338355853747]",stable,0.4298964450226987,4411,"[0.6052632750106743, 0.5516944710537491, 0.2956119101303079, 0.5393705818755159]"
"[0.6104342487664101, 0.6133448920092835, 0.4171528034881904, 0.552234348163595]",stable,0.19487740592004002,4412,"[0.7958055220395865, 0.5910571187015318, 0.3924670224346558, 0.6023198925647951]"
"[0.8772277123952582, 0.678103127756565, 0.3975113968428794, 0.713773404629761]",stable,0.1547114687569013,4413,"[0.8260539678660958, 0.6981838794395373, 0.28371392881903745, 0.6245333568989853]"
"[0.8771819807200757, 0.6781210730216972, 0.39740970116099933, 0.7136936548105199]",stable,0.11260391604908765,4414,"[0.8876543167346996, 0.6636348794810152, 0.29821888477865705, 0.7639062451648638]"
"[0.8771913310200888, 0.6781081389203216, 0.3973211379320865, 0.7137384874804792]",stable,0.1367240293114538,4415,"[0.9233687588451995, 0.6230437633242611, 0.2864994913623614, 0.7490596219810426]"
"[0.8772325240868374, 0.678059018157078, 0.39722227830089135, 0.7137699960750381]",stable,0.24174486160425981,4416,"[0.7181844452243614, 0.6199716166590011, 0.4875918761602964, 0.5667887853977921]"
"[0.6107807124206156, 0.6133661998055849, 0.4173792956832776, 0.5522811469971454]",stable,0.18040946451492662,4417,"[0.6399933538699935, 0.5538103706660202, 0.57660159065761, 0.6051542069116077]"
"[0.692107837843657, 0.6026023678731575, 0.631114676458489, 0.6466875769895716]",stable,0.3299275521007372,4418,"[0.43917133082266724, 0.44687289273089675, 0.5153398761503669, 0.5617179398434952]"
"[0.3369576901512721, 0.5145293982478172, 0.5966918541159423, 0.4354163424404255]",stable,0.4216396488381368,4419,"[0.7522749710748298, 0.547007966068319, 0.5473146461950771, 0.4778260536971498]"
"[0.6924195846479636, 0.6023143139777957, 0.630680479410492, 0.645812646817072]",stable,0.24280128307903806,4420,"[0.8329911846853497, 0.6039402183775578, 0.4384946701926991, 0.5983357103326981]"
"[0.8771930933030572, 0.6779929586207327, 0.39725906296389657, 0.7136671134674245]",stable,0.1911507377229496,4421,"[0.7412915773847986, 0.571990650667791, 0.4652088073621686, 0.6665956205231129]"
"[0.6926715021362978, 0.6021580064349605, 0.6298275326473564, 0.6459197755475155]",stable,0.24520134738591762,4422,"[0.8483445142639877, 0.6539784584475038, 0.44992248123254786, 0.6748753843929943]"
"[0.8771674044526216, 0.6779715743819319, 0.39730595826066295, 0.7136325705207864]",stable,0.20005025439192672,4423,"[0.8892966125202643, 0.5699712214124734, 0.2798902608488634, 0.5935390055237412]"
"[0.8771781955630021, 0.6778754886586494, 0.3972014958964175, 0.7135257257120703]",stable,0.21090463410980526,4424,"[0.7333842243242896, 0.5389768275077571, 0.39673731239647725, 0.6463617101340904]"
"[0.6111736723946658, 0.6131277723302714, 0.4173131354804353, 0.55258268726361]",stable,0.25877493874651764,4425,"[0.8142862886219827, 0.6761929570749448, 0.3692429595893606, 0.691944714787179]"
"[0.8771222916457212, 0.6778739930750194, 0.3971766438641446, 0.7135065425912481]",stable,0.17086247933334323,4426,"[0.8998859184184724, 0.594053873516933, 0.5440474799692536, 0.7223918787774779]"
"[0.8771425080105283, 0.6777995524715043, 0.397307079775428, 0.7135144336535805]",stable,0.08254967671259666,4427,"[0.9315252108971656, 0.6356415743498938, 0.3950890266974564, 0.7590639218322535]"
"[0.8771907624052813, 0.6777621452149633, 0.3973051116715434, 0.7135548502358153]",stable,0.10806451315328952,4428,"[0.8327231048075587, 0.5808705868829597, 0.40014024451167635, 0.7310063366081545]"
"[0.8771513407230137, 0.6776762484433924, 0.3973076250871818, 0.7135703214116774]",stable,0.07403550830900357,4429,"[0.876934973585939, 0.6730910671869123, 0.32440324077679156, 0.7256175840469269]"
"[0.8771511490780739, 0.6776721871668144, 0.3972430507875269, 0.7135809921491755]",stable,0.12109842671407628,4430,"[0.9704203345787762, 0.7537169057390509, 0.4035298456275903, 0.7016074806939511]"
"[0.8772336881802869, 0.6777394833779402, 0.39724861432278363, 0.713570396121339]",stable,0.06417004216168937,4431,"[0.8303586954484188, 0.7095692416685726, 0.374718037941267, 0.7335646198496277]"
"[0.877192242563371, 0.6777676264003015, 0.39722869338875927, 0.7135880744800731]",stable,0.19542640915228185,4432,"[0.7306757419371156, 0.7875135415554759, 0.37743125787650844, 0.648103022046078]"
"[0.8770628110257154, 0.6778645750886011, 0.3972112044881301, 0.7135302254938239]",stable,0.412232236907572,4433,"[0.544111184173204, 0.7327151824359605, 0.2727696837686563, 0.512074646974049]"
"[0.6109594152437986, 0.613509840733165, 0.4168513353152219, 0.5524532686045379]",stable,0.17336994582634352,4434,"[0.4997023625343038, 0.6024238370236311, 0.39147655181733104, 0.4224062493291491]"
"[0.610605093419883, 0.6134745349888671, 0.4167705239028083, 0.5520391061227692]",stable,0.28892001241027043,4435,"[0.34381343549099286, 0.6906355145326203, 0.3466703486956118, 0.5142352240142642]"
"[0.22478864567166332, 0.6238878253156855, 0.3436245534146353, 0.35941058079743254]",stable,0.12192372827799411,4436,"[0.33308595803672086, 0.6735519338091359, 0.3181873912852372, 0.35456137858832676]"
"[0.2249053453617119, 0.6239413426739758, 0.3435971426795821, 0.3594053553640175]",stable,0.15566988070849694,4437,"[0.3650046884154867, 0.5927757462672077, 0.30274258969597634, 0.4037325133692244]"
"[0.22505615197425632, 0.6239077952074454, 0.3435531657657138, 0.3594530702811383]",stable,0.06878586909184484,4438,"[0.24245856679155364, 0.6479528342673093, 0.3019794245980769, 0.4055194559347044]"
"[0.2250748642482534, 0.623933650088155, 0.3435084628182217, 0.3595026040291529]",stable,0.17973230093425258,4439,"[0.29871355458530297, 0.6546915915933719, 0.20798815350350358, 0.44650397230672445]"
"[0.2251539605858872, 0.62396668761931, 0.34336289857620805, 0.35959605340431683]",stable,0.15917512003121498,4440,"[0.24233368828107524, 0.6980542459993226, 0.3585600423224265, 0.4985984142062682]"
"[0.2251723937701095, 0.6240461807077005, 0.34337920452443366, 0.3597451975682674]",stable,0.15144985374872053,4441,"[0.25990671954057587, 0.5901644224378669, 0.47795814465357855, 0.3100348350264336]"
"[0.16563422612263243, 0.5092622917316907, 0.4621902749746459, 0.31676155484306984]",stable,0.2134579545164762,4442,"[0.24388852746254305, 0.6010263381959317, 0.5771640879195354, 0.4501817361560281]"
"[0.33673972958291437, 0.5147319671938315, 0.5966461216424144, 0.4354509218168086]",stable,0.24422569099201522,4443,"[0.46103177867567385, 0.6287997250693, 0.6222270366856989, 0.6101845421411816]"
"[0.5097948546120545, 0.5039227214048809, 0.783406932276513, 0.5567677305202362]",stable,0.24191675791492256,4444,"[0.45112146994586055, 0.7266569796417989, 0.7738402452874185, 0.6301099448281143]"
"[0.5096906390087398, 0.5043183417569892, 0.7833899399372785, 0.5568980008831276]",stable,0.16337001906018203,4445,"[0.5152527254045053, 0.6541539938282942, 0.7197883955101707, 0.56966307971186]"
"[0.5097005008640514, 0.504584007806761, 0.7832771712414857, 0.5569206340016183]",stable,0.11849304491285763,4446,"[0.4189384778996622, 0.4430436593476814, 0.7878304631396568, 0.5122562194800185]"
"[0.5095398601154418, 0.504475086836037, 0.7832852301651991, 0.5568415819405181]",stable,0.19597471447130982,4447,"[0.3536585586738542, 0.4534374589948218, 0.8536610882215959, 0.4759125530315055]"
"[0.509264451455651, 0.504384914348685, 0.7834095691370303, 0.5566985977905021]",stable,0.18044244327772804,4448,"[0.34443934824019323, 0.5045047560072421, 0.8108714590836895, 0.4885958010448159]"
"[0.5089737546245833, 0.5043851257096348, 0.7834580028053665, 0.5565784870378642]",stable,0.28303647956207256,4449,"[0.30252012643693543, 0.35676986962312635, 0.9018351669167615, 0.51555250309468]"
"[0.29078688587489704, 0.2977129437906185, 0.837557205917754, 0.37547300320075233]",stable,0.11372138873545568,4450,"[0.3847293007770462, 0.2836885363644389, 0.8741323719996521, 0.32474874706328716]"
"[0.290935764503902, 0.2976907181053156, 0.8376151697308789, 0.3753926161070321]",stable,0.09513762591558071,4451,"[0.25727592355549317, 0.24396905186219198, 0.9008266426285164, 0.3431982805438548]"
"[0.290882505261895, 0.297605715468855, 0.837715187884198, 0.37534167570266]",stable,0.06587674556134852,4452,"[0.32664066010079407, 0.31334959067029466, 0.7979237116448907, 0.4104111607375178]"
"[0.29093899523794386, 0.29763058730961556, 0.8376523261523824, 0.37539707773273084]",stable,0.2057423628708792,4453,"[0.17532773753669412, 0.34451526343504846, 1.0, 0.3551729111662545]"
"[0.2907566430964592, 0.2977045379028734, 0.8379083950385773, 0.37536517841637995]",stable,0.12315942217431551,4454,"[0.2278604783713171, 0.2742725408130299, 0.9408385176334064, 0.38365053345850547]"
"[0.29065759401815194, 0.29766763712005473, 0.8380704897198291, 0.3753782262195959]",stable,0.3062306976431921,4455,"[0.5160505855240861, 0.4089240194093385, 0.8919703046820214, 0.5417875616127289]"
"[0.5089862138339134, 0.5042170603816413, 0.7836490455903606, 0.5565524466762003]",stable,0.177279509733124,4456,"[0.549731528603043, 0.3958247122639216, 0.6718518428772752, 0.48225353530707116]"
"[0.509057822471469, 0.5040265641635082, 0.783452565444995, 0.5564218686245849]",stable,0.21405683801281403,4457,"[0.5766080651705151, 0.5367580980884666, 0.6367928611373671, 0.6930852230055693]"
"[0.6920763050236528, 0.6018226222895939, 0.6298632522806384, 0.6461616496370439]",stable,0.14120583153487762,4458,"[0.6273470859559456, 0.5519272726118155, 0.5170698465717831, 0.6693417438445917]"
"[0.6917460539059603, 0.6015680541789931, 0.6292877757208994, 0.6462799154238172]",stable,0.2346645693231416,4459,"[0.9020247184849097, 0.682085387068835, 0.620550845505327, 0.7117853997226438]"
"[0.8770848427180888, 0.6778683004301547, 0.39740832685442945, 0.7135286854887302]",stable,0.2251256843196979,4460,"[0.672733731598155, 0.5997053659951659, 0.4222266780949692, 0.6666586284514964]"
"[0.6108023271918775, 0.613430823341268, 0.4167878450272278, 0.5524029776222255]",stable,0.06396472483149267,4461,"[0.5672946698950962, 0.6372557514887038, 0.3764812373713937, 0.5498890250843715]"
"[0.6106646447320776, 0.6135062186835067, 0.41666029247135494, 0.5523950220762196]",stable,0.05559631978520911,4462,"[0.5831727870953712, 0.5997136173458254, 0.3833202042861813, 0.5202492415523788]"
"[0.6105779196291227, 0.6134627089001071, 0.41655511869159095, 0.5522936158285104]",stable,0.3355030330533229,4463,"[0.32301134184736513, 0.6571116827787494, 0.29229802233819957, 0.4403887919108926]"
"[0.2252772586662266, 0.624081620688484, 0.34332445513302284, 0.35983163228889187]",stable,0.24862543687156438,4464,"[0.33299182515346126, 0.7029107100115044, 0.4081223890774667, 0.5593294579890186]"
"[0.2253925847545427, 0.6241660201417206, 0.34339383193596124, 0.36004522739135447]",stable,0.12586153073797618,4465,"[0.3466816218856793, 0.6104735500822681, 0.34264841018410075, 0.39073814190905937]"
"[0.22552230564987014, 0.6241513757887159, 0.34339303469344584, 0.3600780540378975]",stable,0.15900009221693365,4466,"[0.32756807198135374, 0.7334620070459916, 0.3451367792049508, 0.414076536868697]"
"[0.2256313289044978, 0.6242681606511703, 0.3433948976683513, 0.36013574472468257]",stable,0.2972220861277478,4467,"[0.3894120735105532, 0.6604284913037602, 0.4751675646614128, 0.567126640415888]"
"[0.6098824295469888, 0.6136104000397412, 0.4167394345594206, 0.5523402605599174]",stable,0.2991060389158785,4468,"[0.432619875206745, 0.7044107265535331, 0.6342933629308873, 0.5026613082777824]"
"[0.3369637486147457, 0.5151751418652327, 0.5967340824865464, 0.4356079554300352]",stable,0.1878453516121493,4469,"[0.4947634823761324, 0.5665388030916828, 0.5478892364967476, 0.5088273208518606]"
"[0.6095215551044469, 0.6134628401747002, 0.41715056246518023, 0.5522038563602055]",stable,0.23089918338209298,4470,"[0.5704594253268926, 0.6379453509136039, 0.6432999353239022, 0.5454473241664592]"
"[0.6911303857405844, 0.601752710507595, 0.6293589034346203, 0.6457680748590591]",stable,0.24126516242944887,4471,"[0.48618777739241653, 0.48399530060908785, 0.6686175495563111, 0.674040977155156]"
"[0.5090176995853655, 0.5039914215958688, 0.7832511005048394, 0.5566282179377964]",stable,0.08703736067901878,4472,"[0.5874335108325073, 0.47265961197062184, 0.7755948399575169, 0.536977210827192]"
"[0.5091550302530488, 0.5039365497751591, 0.7832376919924973, 0.5565938028640476]",stable,0.07163032102856255,4473,"[0.5040876351583566, 0.4661044657332014, 0.723310156813007, 0.5656849162151412]"
"[0.5091461711707155, 0.5038704097680927, 0.7831329235743513, 0.5566096964188572]",stable,0.14136831487936058,4474,"[0.5657525289175592, 0.6309705894816052, 0.7924538032182308, 0.5798343865981367]"
"[0.5092449606257711, 0.5040922250904549, 0.7831491903800124, 0.5566502281643707]",stable,0.1481568579294391,4475,"[0.4925917128765234, 0.497525332066001, 0.8874040633868409, 0.6603850885598117]"
"[0.5092159479990302, 0.504080784510273, 0.7833308190786307, 0.5568309509176729]",stable,0.18797800470129875,4476,"[0.5566629429501131, 0.5013697610836207, 0.9543599117235034, 0.6186873389681006]"
"[0.5092984645119887, 0.5040760696869223, 0.7836282609788826, 0.556938527244717]",stable,0.06447652267004364,4477,"[0.5247741348735688, 0.46892946983348127, 0.828771195466996, 0.5823266659520813]"
"[0.5093253319952553, 0.504015051284399, 0.7837066341290355, 0.5569826038744173]",stable,0.13673873315284846,4478,"[0.41219876674514766, 0.4547683805453141, 0.8487336190195063, 0.5058927993716291]"
"[0.5091570017261909, 0.5039297017683868, 0.7838193325430572, 0.5568940600191266]",stable,0.20910284374049987,4479,"[0.4757917015539552, 0.3560149322966509, 0.9264829988395856, 0.5763634024768605]"
"[0.5090992762933669, 0.5036737938627264, 0.7840661554951273, 0.5569277440026175]",stable,0.15990483113069334,4480,"[0.6442727136627411, 0.5572170811254408, 0.7595224633197706, 0.6188019746013669]"
"[0.6908937308311003, 0.601527783086473, 0.6300162951512119, 0.6456318824335152]",stable,0.19428584998336684,4481,"[0.60009235937284, 0.6954359535434471, 0.7606120027475809, 0.7058657526718285]"
"[0.690437442532315, 0.6019996834405282, 0.6306725549883796, 0.6459345651985319]",stable,0.20195751727240008,4482,"[0.7886599360860996, 0.6904416827855137, 0.6236458015669476, 0.7984724884541096]"
"[0.690928555000084, 0.6024418934372532, 0.6306374212212724, 0.6466972548148098]",stable,0.22574434917569683,4483,"[0.7954844003173196, 0.6997186086195133, 0.5990319707624097, 0.8186476039839785]"
"[0.6914487333349956, 0.6029258571943789, 0.6304801801742135, 0.6475527291887858]",stable,0.22108292721897943,4484,"[0.7844589664411205, 0.768388019412229, 0.5297138519640925, 0.6994678254373807]"
"[0.8770031620511779, 0.6779481238155004, 0.39752499839332683, 0.7135162861412423]",stable,0.08295934904492601,4485,"[0.7967011191719766, 0.6959946760226224, 0.40234501737069034, 0.7043008168705942]"
"[0.8769324113526059, 0.6779640238614979, 0.3975292451060822, 0.7135081667850567]",stable,0.13798720904084483,4486,"[0.8114737951691574, 0.7294140563492104, 0.47837688758303093, 0.7881552852101009]"
"[0.8768747893313177, 0.678009314383054, 0.3976004138054457, 0.713573877276628]",stable,0.09598667534227218,4487,"[0.9618968475807015, 0.6986420151297521, 0.36590827898954725, 0.7371236480825036]"
"[0.876949566867157, 0.6780274609976069, 0.39757254033595063, 0.7135945894761055]",stable,0.09418047807671082,4488,"[0.9418452759776395, 0.6605375615599913, 0.46350081785009517, 0.7111298315801889]"
"[0.877006592973581, 0.6780120920174333, 0.3976304737959806, 0.7135924236080071]",stable,0.14962093797330506,4489,"[0.7911266708900353, 0.6564855776414228, 0.3835512083599107, 0.5938032441027787]"
"[0.8769311935687666, 0.6779931925315895, 0.39761811272009295, 0.7134872531255618]",stable,0.12527125967448774,4490,"[0.8175145008398848, 0.7556004853959312, 0.32327432105626264, 0.6887354075194685]"
"[0.8768790736628641, 0.6780612691042776, 0.39755289886775624, 0.7134655409802934]",stable,0.15586492325722817,4491,"[0.8024146113889743, 0.7902692553145848, 0.43460065187105096, 0.6442864257194255]"
"[0.8768138112068835, 0.6781596108976258, 0.3975853684146478, 0.7134049107302838]",stable,0.10224002774121053,4492,"[0.9020927738105168, 0.7155688795086728, 0.34450278786218913, 0.6385932566509501]"
"[0.8768359469009323, 0.6781923685759191, 0.3975388862950748, 0.7133394014009674]",stable,0.18314436434893774,4493,"[0.888976633271433, 0.852938174292022, 0.35796050394613343, 0.6773961549908192]"
"[0.8768465686737849, 0.678345252045487, 0.3975042595388639, 0.7133079549911597]",stable,0.1648704398170668,4494,"[1.0, 0.7814753475965344, 0.3617447234832534, 0.7233545091651836]"
"[0.8769542202745945, 0.6784354007304092, 0.397473001203151, 0.7133167369441091]",stable,0.05732052696092525,4495,"[0.9025898228152788, 0.7293970045084811, 0.4000205369562848, 0.7083283809616705]"
"[0.876976609447119, 0.678479908681307, 0.39747522612520614, 0.7133123803013297]",stable,0.1606865655135746,4496,"[0.8840062984950329, 0.7607404835274615, 0.2908949597246012, 0.8007457860933623]"
"[0.8769827435562357, 0.67855168928763, 0.39738222414754415, 0.7133886747217416]",stable,0.07575079015385494,4497,"[0.9261105731196211, 0.6566899586328353, 0.4048123054187661, 0.7662232959128183]"
"[0.8770255751426032, 0.6785326293655247, 0.3973887019864903, 0.7134347380357704]",stable,0.19768264613079212,4498,"[0.8137963984260439, 0.7695871483221508, 0.5250136709786922, 0.8159112800360497]"
"[0.8769704974625365, 0.6786119451485879, 0.39749987356226746, 0.7135240033162585]",stable,0.10153228741823668,4499,"[0.9207324224848114, 0.707061103032319, 0.47629602668077775, 0.750611885112811]"
"[0.8770085844294837, 0.6786367050771203, 0.3975684515893506, 0.7135562817164296]",stable,0.10672835857606959,4500,"[0.9145120900152054, 0.7722200306238112, 0.36835182685097356, 0.7328689617904833]"
"[0.8770411961734713, 0.6787180818819435, 0.39754304582870853, 0.7135730753512767]",stable,0.17088111854015872,4501,"[1.0, 0.7792264866426921, 0.3417963100596284, 0.7431002028550976]"
"[0.8771480239787072, 0.6788054045620135, 0.39749461252221935, 0.7135987288069706]",stable,0.23196265553060783,4502,"[1.0, 0.7553645693113417, 0.3997282008455174, 0.8948382689867073]"
"[0.8772546663190034, 0.6788718621703029, 0.3974965514009722, 0.71375605479671]",stable,0.20499161735402122,4503,"[0.7120079148752139, 0.7840488514404629, 0.40281692702715743, 0.6535516624822547]"
"[0.8771113473671874, 0.6789630824558799, 0.39750116577705735, 0.713703839365388]",stable,0.35530140430978946,4504,"[0.5770794514941993, 0.811548628597671, 0.40468245316488466, 0.5773607008174387]"
"[0.6094201735306649, 0.614081858263522, 0.4171115996236169, 0.5522824714991345]",stable,0.1397644505374623,4505,"[0.512300774562438, 0.6695145658147396, 0.4229902609726114, 0.4686488643045733]"
"[0.6091176208859042, 0.6142545458259869, 0.4171299132103739, 0.5520219306667526]",stable,0.22776093945902384,4506,"[0.4337389903438555, 0.7297804493189973, 0.40745027383963345, 0.46440086187488744]"
"[0.608572966753786, 0.6146133219237914, 0.4170998522185393, 0.551749815546281]",stable,0.4170973878532893,4507,"[0.25255471482038333, 0.7024524545944069, 0.24509468418565009, 0.45215190298796964]"
"[0.2256600625073963, 0.6243516017332869, 0.3432899881555629, 0.36023394766840006]",stable,0.18822862527212353,4508,"[0.3572121189282248, 0.6397849102444255, 0.2302701667084532, 0.43173502998012536]"
"[0.2258003099023012, 0.6243680551538744, 0.34316949794080054, 0.3603101748350437]",stable,0.09161976809323684,4509,"[0.20556118008904656, 0.6413408815659161, 0.29293252999110597, 0.28838848308165965]"
"[0.22577875598343725, 0.6243861305813634, 0.3431159974424516, 0.36023358091411356]",stable,0.10596009513101481,4510,"[0.21823659841709392, 0.7076821360072573, 0.3058342306984088, 0.41354870979842184]"
"[0.22577073241155815, 0.624474743353093, 0.34307633598846854, 0.3602902991363309]",stable,0.0917050868993092,4511,"[0.1486788089137643, 0.6736267696857586, 0.35018464016959655, 0.3607470416038806]"
"[0.22568880688180493, 0.624526977174913, 0.34308388997803396, 0.3602907845162114]",stable,0.07145637905077473,4512,"[0.2769225019313649, 0.6617274407093432, 0.31318315667759344, 0.34603616212429417]"
"[0.22574319509311017, 0.6245664681128477, 0.343052148222938, 0.36027565222067853]",stable,0.061479125669712135,4513,"[0.2507743484272521, 0.6790884876041716, 0.3301110189808224, 0.3566699871777935]"
"[0.22576973926419622, 0.6246242857369106, 0.3430384248621298, 0.36027182860981655]",stable,0.13716949831353975,4514,"[0.3263740353185428, 0.6567652965121807, 0.31240153663745324, 0.44226319028438693]"
"[0.2258763116117114, 0.6246583334178166, 0.3430059705313833, 0.36035868386582776]",stable,0.07768211886460129,4515,"[0.2123636362607707, 0.6579494126289559, 0.30279809525062373, 0.4162778219718345]"
"[0.22586201248435592, 0.6246935620730665, 0.3429634225152132, 0.3604178575569452]",stable,0.06341548051660849,4516,"[0.18389150084991532, 0.6500491767095828, 0.30298689414202234, 0.3647732344553982]"
"[0.22581764619298758, 0.6247203650483693, 0.3429211640285608, 0.3604224615494383]",stable,0.07405414798940232,4517,"[0.2681682474823416, 0.6466149546538255, 0.29236351821043594, 0.3348295953519184]"
"[0.22586236699688342, 0.6247434849951543, 0.34286777686296616, 0.3603954363475402]",stable,0.43244157027147356,4518,"[0.5711576611726961, 0.5975830979755299, 0.5016252278584264, 0.5649321241306005]"
"[0.6084571298944018, 0.6145605967722487, 0.4173615406880126, 0.5517906276471612]",stable,0.10151062799384906,4519,"[0.6395177114678642, 0.6853040149491533, 0.3536684723704725, 0.5351110083179115]"
"[0.6085529958869126, 0.6147789406555108, 0.41716495714382273, 0.5517391473405894]",stable,0.06282625744722482,4520,"[0.604611826948972, 0.6605564845597863, 0.37488250759872344, 0.5447953193771502]"
"[0.6085408692132575, 0.6149197946367546, 0.4170348572990686, 0.5517177817160865]",stable,0.13977880847311733,4521,"[0.5939972810287699, 0.7302978751165615, 0.48560945908918646, 0.5879396242286702]"
"[0.6084962569795627, 0.615273715129024, 0.417245208838302, 0.5518288916624442]",stable,0.28121488524169025,4522,"[0.4802694266223494, 0.5895829347619085, 0.6611583630070194, 0.6016891833346318]"
"[0.5090494838068884, 0.503822168890186, 0.7838538795150096, 0.5570050521879923]",stable,0.2543849844945629,4523,"[0.545124923167131, 0.6362048012482404, 0.5802459768880616, 0.4904547430296426]"
"[0.6083024608516959, 0.6153377245666974, 0.4177436821350903, 0.5516412031345151]",stable,0.19344249547096248,4524,"[0.47456401590824127, 0.6682987290771856, 0.545800518325099, 0.569823780080185]"
"[0.6078947216902829, 0.6154991910438635, 0.4181340993185964, 0.5516966378203251]",stable,0.22623511790062703,4525,"[0.49755946231277803, 0.6932956093395938, 0.5937169050435757, 0.5055788024015926]"
"[0.6075593561602601, 0.6157356543213581, 0.418667785658186, 0.5515564620287788]",stable,0.34014523303576155,4526,"[0.30057159293792485, 0.7003104349133321, 0.37682205963521487, 0.4395147979473764]"
"[0.22594117419724316, 0.624823196967642, 0.34290359361694533, 0.36047889558973406]",stable,0.23387335077919874,4527,"[0.33427692596716835, 0.7775314398852489, 0.47950752397980534, 0.39177854171507165]"
"[0.22605533199678998, 0.624984111870611, 0.3430475387490453, 0.3605118773032487]",stable,0.20737025300614814,4528,"[0.3593659894988662, 0.7262873995622343, 0.3773590564636513, 0.4779471960246048]"
"[0.2261956590046869, 0.6250907469102863, 0.3430836561361133, 0.36063549342821855]",stable,0.36083280696107645,4529,"[0.527559653728831, 0.669102348584901, 0.34399578341411874, 0.5541353750953124]"
"[0.6073169328195589, 0.6158973715767022, 0.41844150686350706, 0.5515642769168592]",stable,0.1806583600131849,4530,"[0.5175255939614194, 0.5691509493266076, 0.5665694136050832, 0.5304017213081649]"
"[0.6070456598924949, 0.6157561437149194, 0.4188890231980738, 0.5515003417035398]",stable,0.2987967171076215,4531,"[0.5268151064849822, 0.6923696379750003, 0.6744542149575922, 0.6594787734035668]"
"[0.6906337153802925, 0.6033686481883423, 0.6306978734157154, 0.6476117690116313]",stable,0.20221389932503717,4532,"[0.5286859677594884, 0.5691076529834026, 0.7224944446321238, 0.5764572762422877]"
"[0.5090833398137032, 0.503934730069657, 0.7837480873859012, 0.5570385905053273]",stable,0.05415200095548609,4533,"[0.5596408655088071, 0.5163809954847384, 0.7984060765082898, 0.5596095115809671]"
"[0.5091703579302181, 0.5039561522132286, 0.7837733162828416, 0.5570430154985728]",stable,0.16178888390888643,4534,"[0.3938887151898567, 0.546001961316079, 0.7885455844038524, 0.45170944441397204]"
"[0.5089722795062657, 0.504028395871481, 0.7837815160562454, 0.5568620299812452]",stable,0.15905732675367196,4535,"[0.3892540613608871, 0.440026445546178, 0.8254675733010786, 0.48521843693861616]"
"[0.5087669309331175, 0.5039186155107171, 0.7838530187273343, 0.5567391421715666]",stable,0.22719214850538413,4536,"[0.3629163164121737, 0.3870447000546662, 0.789894161280179, 0.4277125438711246]"
"[0.29077120836153875, 0.29780816709322233, 0.8379947407757415, 0.37546051288257004]",stable,0.18175228622895684,4537,"[0.3505304189036645, 0.2936497195621808, 1.0, 0.4320267006863008]"
"[0.2908650218788733, 0.2978016389181344, 0.8382490661434405, 0.37554931380533885]",stable,0.13140119068532607,4538,"[0.35603608691094496, 0.2816191925377522, 0.9489833329371264, 0.39779916285915845]"
"[0.2909671708836257, 0.297776274582115, 0.8384226308249353, 0.3755841881768966]",stable,0.17141787418116236,4539,"[0.3032771400316253, 0.24800061431248183, 0.9878175781483198, 0.4421881340609756]"
"[0.2909864353110874, 0.29769837840015934, 0.8386564257346746, 0.3756884197041017]",stable,0.09160382779991805,4540,"[0.21383432323633234, 0.28238666441752625, 0.8855977312282759, 0.37475133727875043]"
"[0.2908658851359706, 0.2976744538470614, 0.8387297715245083, 0.3756869555128121]",stable,0.1341048888377856,4541,"[0.2837118581611162, 0.30391646979039966, 0.9398980218827866, 0.46320245965148305]"
"[0.29085472440746074, 0.29768419178145045, 0.8388876003082185, 0.3758234851604544]",stable,0.0610370352034007,4542,"[0.2441714579738217, 0.282169624864915, 0.8142995002618029, 0.40229830057070504]"
"[0.29078200903918405, 0.29766002578936857, 0.8388493010869623, 0.3758647231906884]",stable,0.25314885608318344,4543,"[0.24256662891703187, 0.4231937246248112, 0.6388860935638172, 0.45342519346807053]"
"[0.3367437087086904, 0.5149607329672364, 0.5968323389226239, 0.4356494874534339]",stable,0.19447468922254404,4544,"[0.2515887462956676, 0.5315912016166447, 0.7640144908677654, 0.484049825346205]"
"[0.3365456739123811, 0.5149994084757235, 0.5972211346248217, 0.4357620463787659]",stable,0.29156678641779377,4545,"[0.3543980465194177, 0.49931789171202245, 0.8695445955887152, 0.5371844619235331]"
"[0.5085026006515871, 0.5039107375590071, 0.7839997508794941, 0.556705658130046]",stable,0.1417887402959924,4546,"[0.6225816475912535, 0.45282738258923855, 0.7551581629969633, 0.6171098928947433]"
"[0.5086976075694327, 0.5038234155846998, 0.7839504490198659, 0.5568089132322079]",stable,0.10425665646207888,4547,"[0.5278401844956517, 0.5143026420755162, 0.6841248373322046, 0.536119659291716]"
"[0.5087302740829587, 0.5038412982237627, 0.7837800981466788, 0.5567736073381115]",stable,0.29673845112194397,4548,"[0.722008533444138, 0.6078896426885056, 0.6073383542119246, 0.5321089470014135]"
"[0.6907882711343015, 0.6033909190972102, 0.630582801892544, 0.6470427895928617]",stable,0.2256860821924035,4549,"[0.7296567722398998, 0.654456337320078, 0.4149689505236071, 0.6289752087714566]"
"[0.6074149704718547, 0.6158727105631278, 0.41887721575025916, 0.5517336997368769]",stable,0.22044672496368728,4550,"[0.7910979912012991, 0.6751319192866869, 0.4630693822723215, 0.6486496687124077]"
"[0.8770368123965065, 0.6789597625571198, 0.397557983988925, 0.713647466600524]",stable,0.05988360804808316,4551,"[0.8502559558077138, 0.693812129314773, 0.3989992183948954, 0.7650883285519938]"
"[0.8770136255076851, 0.6789726217491178, 0.3975592318109215, 0.7136920041433391]",stable,0.1127759078491938,4552,"[0.8399991387420683, 0.7120493512628393, 0.4443208485609565, 0.6238721047652682]"
"[0.8769816060554657, 0.6790012348369324, 0.3975996830364838, 0.7136143052684446]",stable,0.07748353466388955,4553,"[0.9293345636576485, 0.6983801423577314, 0.4395212985098916, 0.7472283212991762]"
"[0.8770268549384409, 0.679017984108774, 0.3976359160662793, 0.7136433580048583]",stable,0.11410348980349962,4554,"[0.9674515543198301, 0.6681691129798661, 0.438054092785137, 0.7692459938513204]"
"[0.877104941898183, 0.6790086154808561, 0.3976708195004061, 0.71369137409799]",stable,0.09789783321456814,4555,"[0.7840583126857721, 0.6487341751066904, 0.3979272262649823, 0.710576401238126]"
"[0.8770246600783276, 0.678982494307108, 0.3976710407314368, 0.7136886864596294]",stable,0.03795001205634203,4556,"[0.8597714315427321, 0.6650491003289944, 0.36952801335076285, 0.7261930881756782]"
"[0.877009786605452, 0.6789704827605751, 0.3976467795009362, 0.7136994661162812]",stable,0.16232295611907244,4557,"[0.7815866517818749, 0.6793927303648404, 0.48756141623425986, 0.6180002120348054]"
"[0.8769275961361811, 0.6789708464536021, 0.39772422535514235, 0.713617037818192]",stable,0.11124734910914802,4558,"[0.9107625572085396, 0.6724453183658303, 0.502926415176856, 0.7026131824512547]"
"[0.8769567140028526, 0.678965230680721, 0.3978147608024932, 0.713607568063143]",stable,0.14257323068878977,4559,"[0.9380834988156052, 0.673593707435271, 0.5212344024866797, 0.7500682464998492]"
"[0.8770092735770681, 0.6789606120020921, 0.3979208825924194, 0.7136389186035013]",stable,0.10074648619519162,4560,"[0.8594583253186187, 0.6670516468987986, 0.39062308136536494, 0.6154211129706828]"
"[0.8769941954428255, 0.6789503809324158, 0.39791461300373643, 0.7135545390453976]",stable,0.1627680809524732,4561,"[0.9284453571385848, 0.6783735126040902, 0.24351712863056796, 0.7162582733660504]"
"[0.877038359530118, 0.6789498857664688, 0.39778208297423157, 0.7135568598473895]",stable,0.11321850341978675,4562,"[0.948221733409834, 0.6002300601706203, 0.37450299010159577, 0.6817350168318878]"
"[0.8770994087358468, 0.6788823730515495, 0.3977621180575312, 0.7135295683868274]",stable,0.2515715546527381,4563,"[0.7785147774828942, 0.5737972434384909, 0.3541703881762937, 0.5119701622275442]"
"[0.607928783706122, 0.6157463578089997, 0.41868290095273974, 0.5516142897143264]",stable,0.2886821908977443,4564,"[0.7062277395575645, 0.7657805168584653, 0.5835641734406788, 0.7064646682127836]"
"[0.6908639548030431, 0.6041869465372164, 0.6303523184197408, 0.6473340733115868]",stable,0.09383997285834286,4565,"[0.6821913450309177, 0.6302698701448448, 0.6450582363018035, 0.5588233766635566]"
"[0.6908216493895205, 0.6043141803109121, 0.6304240546045313, 0.6469023138157427]",stable,0.13781139722877456,4566,"[0.6097965958503404, 0.6890758011260666, 0.666288813344882, 0.7097999180817599]"
"[0.6904283238869031, 0.6047256444896264, 0.6305981553751155, 0.6472076419917914]",stable,0.13155151786496186,4567,"[0.5834927101247662, 0.6376162836360197, 0.6659347514213247, 0.587708842018185]"
"[0.68991172671897, 0.604884536466179, 0.6307688635685755, 0.6469202081754937]",stable,0.2974578299714564,4568,"[0.5649486642726962, 0.6047979643321473, 0.8803950383390892, 0.5441965058956247]"
"[0.5088260464682904, 0.5040132857299098, 0.7839446891861889, 0.5567521812709182]",stable,0.15041584987399154,4569,"[0.45555791591590133, 0.5659368630968303, 0.9072583011709996, 0.5294271409944366]"
"[0.5087354544095278, 0.5041185979363162, 0.7841544062133738, 0.5567057101139854]",stable,0.18928255190236046,4570,"[0.5804390630622686, 0.4967604319266334, 0.614302586856909, 0.5144837511930973]"
"[0.5088571922849995, 0.504106105294534, 0.783866033005638, 0.5566340259732029]",stable,0.29342742074997213,4571,"[0.5795073200115287, 0.6280424685201078, 0.5302346446220274, 0.594305067865179]"
"[0.6078436895034435, 0.6157831725117275, 0.41901688820923466, 0.5517421064153768]",stable,0.14486822484517145,4572,"[0.7274818425000842, 0.5901177627404901, 0.48082321927107996, 0.5985905759665968]"
"[0.6082008183183588, 0.6157065593482313, 0.419201384719867, 0.5518819525931417]",stable,0.18332836005442074,4573,"[0.513341160226211, 0.4947827632766807, 0.516705864386987, 0.5738192463044085]"
"[0.6079184979073703, 0.6153466670980183, 0.4194915766236382, 0.5519472421577585]",stable,0.27721271522837043,4574,"[0.6686687081925424, 0.5725198427544695, 0.6850168395971764, 0.5805566684727539]"
"[0.6898095968222084, 0.6047289369771804, 0.6310296711456361, 0.6466011526961536]",stable,0.18399211811731966,4575,"[0.5581332842056413, 0.5759121799887762, 0.6008014952197325, 0.5250680291377356]"
"[0.6891795666183014, 0.6045910577571402, 0.6308850387249381, 0.6460196544973095]",stable,0.3028167104867756,4576,"[0.4531505176540776, 0.554011103879133, 0.525990141265408, 0.4962632624877225]"
"[0.3368162187934523, 0.5150899228502094, 0.5970558654986979, 0.43590242043006283]",stable,0.3697227627337726,4577,"[0.6518747490246688, 0.5664849769043657, 0.41547695261609485, 0.4785719719531517]"
"[0.6080489318869469, 0.6152016769194022, 0.4194796637927553, 0.551729511385638]",stable,0.21854213548504967,4578,"[0.7598823525820493, 0.6171649960756833, 0.5104763052665703, 0.6798818970862811]"
"[0.689516246551462, 0.6046509336538952, 0.6303116638037077, 0.6461809032715428]",stable,0.21978555244205036,4579,"[0.7825406740831855, 0.7173862207105529, 0.4925133578100614, 0.7353690575420893]"
"[0.8770183815424856, 0.6789153669227227, 0.39784331020813324, 0.7135482826020418]",stable,0.10129912304538263,4580,"[0.8026718882746757, 0.6219653918856609, 0.41094823615320497, 0.6772292445118707]"
"[0.8769547287229069, 0.6788666083824513, 0.39785453017897665, 0.7135171875351838]",stable,0.1572901585629967,4581,"[0.8754300459552669, 0.7164977510738757, 0.2954112210984404, 0.6002602458159316]"
"[0.8769534244604881, 0.6788987992658486, 0.39776689689490435, 0.7134203039237901]",stable,0.19244394431423414,4582,"[0.8425571963364028, 0.6378425161262147, 0.23139894812152176, 0.6328743019761373]"
"[0.8769240259749119, 0.6788637084255583, 0.39762470206689293, 0.7133514611870827]",stable,0.0613139784064711,4583,"[0.8682272431955057, 0.6192282623702436, 0.3996692674752581, 0.7022517655429852]"
"[0.8769165991749295, 0.6788127814861431, 0.39762644806638764, 0.7133419823692825]",stable,0.11497108876667685,4584,"[0.8449788147935067, 0.6852748619413023, 0.2963451569912018, 0.6697682428541185]"
"[0.8768893485056619, 0.6788182952066679, 0.3975400305825351, 0.7133048034106518]",stable,0.1626785216290699,4585,"[0.7549184615675626, 0.647820617670265, 0.36295897639301733, 0.6161930182481703]"
"[0.8767853665048622, 0.6787918692241134, 0.39751054971792343, 0.713222014164989]",stable,0.3894095639655623,4586,"[0.6506808701131137, 0.6088948317046502, 0.6056614110920746, 0.4845209248049144]"
"[0.6893321926346927, 0.6046710469147992, 0.6301948379614726, 0.6454147422361559]",stable,0.15308276898067733,4587,"[0.6943207640642407, 0.5851146651353984, 0.47975406531180803, 0.6255509518084962]"
"[0.6083041739939802, 0.6151126620916388, 0.41965799042446844, 0.5519479180141079]",stable,0.19421499900352646,4588,"[0.7604273722827842, 0.5133898186227015, 0.477842267840939, 0.5810176851002451]"
"[0.6087529149918822, 0.6148125947067747, 0.4198296254610952, 0.5520336695394358]",stable,0.2862744445038499,4589,"[0.8779445176657941, 0.6086815373750155, 0.42332492069698185, 0.6491888632917375]"
"[0.876786353856788, 0.6787321500317377, 0.3975325381088766, 0.7131674714470391]",stable,0.19711697708600048,4590,"[0.7551938518561377, 0.6741045211217751, 0.4501085650393566, 0.5672746595760568]"
"[0.6091836236297182, 0.6149869827256423, 0.41991868116573716, 0.5520784959807199]",stable,0.3492015358079617,4591,"[0.8476018953183382, 0.7474567094162426, 0.421846608529866, 0.7701300837810541]"
"[0.8767615160197341, 0.6787906390184479, 0.3975532309347668, 0.7132159502660468]",stable,0.08991615847197937,4592,"[0.8554546977639435, 0.7391580924337636, 0.4168323752615718, 0.6530909121176287]"
"[0.8767433979769995, 0.6788419718869984, 0.39756962476497665, 0.7131648235329273]",stable,0.09611713471264867,4593,"[0.8934377472628184, 0.7432300450925516, 0.46462151096768345, 0.7309980193437767]"
"[0.876757581791176, 0.6788966771318629, 0.39762659323243854, 0.7131799749312374]",stable,0.11611669396166893,4594,"[0.822295518966828, 0.7487046818891632, 0.47164041622445596, 0.700304929012263]"
"[0.8767113491402218, 0.6789559368982103, 0.39768942330289014, 0.7131690453506611]",stable,0.15751122215427582,4595,"[0.9513323552225286, 0.8090058276992348, 0.39553429106843924, 0.7613755995055849]"
"[0.8767746409180693, 0.6790662421491018, 0.3976875953705454, 0.7132099330132182]",stable,0.1822016238500739,4596,"[0.9538163734048484, 0.7953782135831243, 0.43130375718123587, 0.8254751642973874]"
"[0.8768399305218717, 0.6791648116164188, 0.39771608364326627, 0.7133050730397302]",stable,0.26166948603245516,4597,"[0.8701749319110466, 0.8596777357985907, 0.5077035781814525, 0.8673970357192317]"
"[0.8768342870006094, 0.6793176591390118, 0.39780921445997935, 0.7134355488760381]",stable,0.20686993588013575,4598,"[0.9450607461734557, 0.8456783639969856, 0.4617070288262379, 0.7933198767392723]"
"[0.8768920082012633, 0.6794584042361843, 0.39786327352458706, 0.7135031329097634]",stable,0.13844873017083853,4599,"[0.798082511614563, 0.7683182719631193, 0.38218655154867054, 0.7828953401762134]"
"[0.8768253898609535, 0.6795335182410254, 0.397850021857659, 0.7135617907350098]",stable,0.1827556392069383,4600,"[0.8724498709326174, 0.816921708331342, 0.33556038324986043, 0.8166392598631429]"
"[0.876821694321318, 0.6796495555637367, 0.39779741236559163, 0.7136488494082599]",stable,0.12513521979858766,4601,"[0.850618507861481, 0.6968116524750907, 0.2998364267766701, 0.6423654433066694]"
"[0.876799581927681, 0.6796640383459404, 0.3977147448672043, 0.7135886946351784]",stable,0.18070963913404367,4602,"[0.736480251515955, 0.6167233648623334, 0.3044221338592924, 0.7309501329833552]"
"[0.8766812688328989, 0.6796109686381127, 0.3976360833064894, 0.713603333284713]",stable,0.15779853585452044,4603,"[0.7699375237429205, 0.6315792077640028, 0.35471235831736464, 0.6168735313497024]"
"[0.876591341499209, 0.679570503801656, 0.39759992178585835, 0.7135218422974048]",stable,0.08139006193577432,4604,"[0.8154104073615791, 0.6901630055977644, 0.3556307757862182, 0.6817787301356066]"
"[0.8765398423963995, 0.6795794200489591, 0.39756459422188556, 0.7134951225060228]",stable,0.11407109519197156,4605,"[0.7709520573216457, 0.6794186545907397, 0.4110605966038451, 0.7544983720781852]"
"[0.8764510385401549, 0.6795792848383131, 0.39757594493877535, 0.7135296079976731]",stable,0.4823057132139818,4606,"[0.6133980522713978, 0.45100361167929237, 0.7132383024109591, 0.6061407578830519]"
"[0.5090343801832816, 0.5040161010680675, 0.7837463249876809, 0.5567179356883043]",stable,0.30560932269293506,4607,"[0.5423436564677891, 0.5009477751877824, 0.49671225414011955, 0.45727157939906493]"
"[0.6089876119958123, 0.6146525568970855, 0.4201438822595036, 0.5518004698323866]",stable,0.2213429210248042,4608,"[0.47473056054369084, 0.4880627414799553, 0.5228939004361681, 0.48557973878442]"
"[0.3371354649549112, 0.5150273599303709, 0.5968841942832753, 0.43601741422254975]",stable,0.13833191586871368,4609,"[0.4230347726038715, 0.5363373967017472, 0.4906085059534315, 0.433121158681574]"
"[0.33733384672777256, 0.5150765747958936, 0.5966387538945228, 0.43601072541067687]",stable,0.23311315784741332,4610,"[0.32268562693868413, 0.62481117423044, 0.391496253547243, 0.43744119974094675]"
"[0.22629712059031676, 0.625090452932705, 0.34313456317860663, 0.36071625652633915]",stable,0.1795172000556088,4611,"[0.3565036349495426, 0.5717901910352656, 0.37832895014428997, 0.46651382711281475]"
"[0.22643389213901344, 0.6250344652626447, 0.34317153207247814, 0.3608273884282157]",stable,0.15868311216369332,4612,"[0.33416433638482135, 0.5539536089131617, 0.41119108549873606, 0.4232399967767918]"
"[0.2265469356272042, 0.6249598788446494, 0.34324290621038606, 0.3608928790980463]",stable,0.15692255531641852,4613,"[0.27175813571950674, 0.5724233533174418, 0.48031162945058614, 0.39302875232530904]"
"[0.16605039831713, 0.5095099821692819, 0.4622613391098456, 0.31706064189201977]",stable,0.10206623947638285,4614,"[0.23016014110377697, 0.5350212286029432, 0.406838423204447, 0.2662183876282244]"
"[0.16630082699989032, 0.5096096354756634, 0.4620448433445902, 0.31686203933630186]",stable,0.15212457327697226,4615,"[0.19625403231163788, 0.5347087299192749, 0.3401151268798684, 0.2347166134916669]"
"[0.166417376436901, 0.5097072973217476, 0.4615704086501749, 0.3165424073291243]",stable,0.15958115037013781,4616,"[0.17470443070572828, 0.45169781404242826, 0.31391223884581676, 0.30139536059731037]"
"[0.16644949680228407, 0.5094824543633006, 0.4609980901625611, 0.31648369784566766]",stable,0.09908540072750241,4617,"[0.16063254528785065, 0.5494092761279067, 0.3731900918880083, 0.29458200715289296]"
"[0.16642703753002758, 0.5096366119762913, 0.460659063142196, 0.31639913533334035]",stable,0.21843233055885902,4618,"[0.1358829846236243, 0.5813884090434067, 0.258680109817527, 0.2874867522261637]"
"[0.22645190003915014, 0.6249142064444384, 0.3431542659625948, 0.36081593347239443]",stable,0.14555307247830987,4619,"[0.15226534815564946, 0.5628048636968033, 0.3082139888176905, 0.257841863901425]"
"[0.226374217785869, 0.6248491704834461, 0.3431176792849562, 0.3607081072215348]",stable,0.1606320762216033,4620,"[0.20517362827258095, 0.49912923022063227, 0.2685050181257843, 0.2976157437326532]"
"[0.2263520414370057, 0.6247176642697821, 0.3430396325682625, 0.3606421110254167]",stable,0.04701296842002272,4621,"[0.22226122355325476, 0.6360974761251111, 0.3013430522328969, 0.3786803891909667]"
"[0.22634776681016797, 0.6247295554002474, 0.3429960624738681, 0.36066095980092927]",stable,0.2226720181988903,4622,"[0.3213145615329801, 0.7422710570235936, 0.31760381165762197, 0.5222263168037717]"
"[0.22644689707605814, 0.6248522500783511, 0.3429695569928491, 0.3608296083990533]",stable,0.33564343169510974,4623,"[0.5406046300778647, 0.6561377773403335, 0.3835390717829544, 0.46730384137995135]"
"[0.6087876617562861, 0.614773858711247, 0.4200368506499231, 0.5515534036673211]",stable,0.060770134964441086,4624,"[0.5852380487006017, 0.5971344579496711, 0.41446698011192457, 0.6044330132676801]"
"[0.6087190039922753, 0.6147224318868693, 0.42002061196030793, 0.5517075716253396]",stable,0.20897986285845666,4625,"[0.5888497779853954, 0.7263794457737818, 0.3336564377776989, 0.704520325038923]"
"[0.6086612446143483, 0.6150470162295637, 0.4197695533144282, 0.5521517947457278]",stable,0.20981836169025522,4626,"[0.7260693767317286, 0.7179792458716262, 0.2804373765228863, 0.5369670647008842]"
"[0.6090015580407755, 0.6153453705183812, 0.4193656919324238, 0.5521077810354529]",stable,0.18010704960775215,4627,"[0.7036477757398444, 0.5672805246092618, 0.3226591862474471, 0.6608196255585035]"
"[0.6092751020225647, 0.6152064547787595, 0.4190861933610799, 0.5524219771178894]",stable,0.10358003136177193,4628,"[0.6936806637449068, 0.6583549829340454, 0.41289334235425146, 0.5937060801320193]"
"[0.6095183457162892, 0.6153308021221464, 0.4190683465282072, 0.5525409514781607]",stable,0.26737556280966945,4629,"[0.8388021533601854, 0.6498555136344717, 0.43424563920228054, 0.6848146118273797]"
"[0.8764194008215163, 0.6795543068793183, 0.3976067598079044, 0.7135054777487905]",stable,0.07228923392690868,4630,"[0.889266641822623, 0.7474906692660305, 0.40766890397844796, 0.6949559316424482]"
"[0.8764301877577052, 0.6796113483254869, 0.3976152082916748, 0.7134899029829581]",stable,0.1656898474239121,4631,"[0.9378348707255849, 0.8132792508123035, 0.4043350097781741, 0.6375272374048573]"
"[0.8764817017534836, 0.6797234858275731, 0.3976208457090292, 0.7134261759145201]",stable,0.18923870299726034,4632,"[0.8278419456856582, 0.808629343256017, 0.26961361589791455, 0.6923812269131582]"
"[0.8764409307928231, 0.6798315376778904, 0.3975135471090199, 0.7134085355549213]",stable,0.2182782448873217,4633,"[0.7578563597256994, 0.5712706757686836, 0.5404336749194683, 0.6763751988960256]"
"[0.6896554198379522, 0.6045134979942987, 0.6297714362490102, 0.6455607821260609]",stable,0.22872819754138468,4634,"[0.5519987434801794, 0.5385834258722833, 0.5414096404532303, 0.4999151627673146]"
"[0.6093530595029669, 0.6151102636846468, 0.4194199019705204, 0.5523897279473825]",stable,0.3018027778531051,4635,"[0.7390211289198009, 0.5531127192117998, 0.5877852449295269, 0.7575251082775326]"
"[0.6898871837303553, 0.6042721797840522, 0.6295743179799047, 0.6460864362394481]",stable,0.1394941848619508,4636,"[0.7300347495339329, 0.6158921964718198, 0.512925568904679, 0.7101555014871052]"
"[0.6900747891780356, 0.6043264789274531, 0.6290292303674037, 0.646385824394811]",stable,0.22877935897257648,4637,"[0.7998847963443736, 0.6255191747602018, 0.44883964618456373, 0.7322015619572629]"
"[0.8763768134272886, 0.6797860499367533, 0.3975565337916628, 0.7134242751080221]",stable,0.07283380790702636,4638,"[0.8445755735586575, 0.6536411925120098, 0.40164276384086856, 0.653481019680241]"
"[0.8763502015110805, 0.6797641713949752, 0.3975599532310345, 0.7133741133879989]",stable,0.1626819851750476,4639,"[0.8765157893353532, 0.5363446694041857, 0.3324040715584651, 0.7540061009513818]"
"[0.8763503399624385, 0.6796442554234111, 0.39750547506910094, 0.7134080866217476]",stable,0.12938426812310566,4640,"[0.8601987245286624, 0.6102922885071476, 0.2917441525515721, 0.7354140290196508]"
"[0.8763368465493776, 0.6795863172722697, 0.3974171197453603, 0.7134264708676941]",stable,0.14099610201339538,4641,"[0.8678950296025025, 0.5547184183633471, 0.33250335620088717, 0.7117389774097601]"
"[0.8763297999576023, 0.6794820869726795, 0.3973629346338875, 0.7134250622754921]",stable,0.1956481389992132,4642,"[0.9254285810995199, 0.768872399426841, 0.2645196137343818, 0.6122839325805363]"
"[0.8763707497333671, 0.6795566410281042, 0.39725213953722405, 0.7133407077052711]",stable,0.10031015626279458,4643,"[0.8904089393339318, 0.7403533902592084, 0.32054132169016514, 0.696480624954275]"
"[0.8763824482247009, 0.6796073049857967, 0.3971882138556848, 0.713326657636312]",stable,0.21835931025115854,4644,"[0.7956875561218983, 0.6481928330828807, 0.5975867748259456, 0.7085653050986036]"
"[0.6905660113498674, 0.6045305084816643, 0.628882986388141, 0.6466750312818054]",stable,0.22848843646839476,4645,"[0.7230911021138908, 0.46515594179043235, 0.4884963710997087, 0.5370601943387494]"
"[0.6096789564731988, 0.6146805951405374, 0.4196178288161628, 0.5523458037823148]",stable,0.33995494038388613,4646,"[0.6116544043284352, 0.45726682244722267, 0.7068974768306409, 0.6432125584306341]"
"[0.5092080181259976, 0.5039369990737851, 0.7836162930957062, 0.5568642886878684]",stable,0.16586324917966136,4647,"[0.46702577143807084, 0.5352577869360721, 0.6274332707410684, 0.5379659483202692]"
"[0.5091367643309166, 0.503989905810039, 0.7833524704228099, 0.5568323658156259]",stable,0.22709743632448176,4648,"[0.3218131437885197, 0.5087467492936778, 0.7492726936334528, 0.4331430452333706]"
"[0.33729808473943323, 0.515061989944506, 0.596990444999912, 0.4360041178526647]",stable,0.2416007607809932,4649,"[0.2712653656740549, 0.4021949061338576, 0.7996502478240424, 0.42183960818405225]"
"[0.29075165656116675, 0.2978225994757519, 0.8387883383291662, 0.3759362237894339]",stable,0.18505819940036344,4650,"[0.293621237058289, 0.36757963601002586, 0.6674365252947535, 0.379224794428913]"
"[0.3371976781930398, 0.5147229500504038, 0.5971523900120841, 0.4358735906723802]",stable,0.06464484664963707,4651,"[0.32186678050551754, 0.5320775814788189, 0.5876584752802267, 0.37626988168126196]"
"[0.3371625155836648, 0.5147627542509277, 0.5971306149782954, 0.4357368849178134]",stable,0.06827822595686928,4652,"[0.3937014218346264, 0.5277251908234257, 0.5763296112991438, 0.40633345478107336]"
"[0.33729189523183634, 0.5147924165771804, 0.5970830154275422, 0.4356696001806584]",stable,0.1388976423692973,4653,"[0.34500221950841287, 0.5909410821224189, 0.4824714253341036, 0.41838752544316604]"
"[0.33730949871191984, 0.5149662719779686, 0.5968213451305252, 0.4356301433890203]",stable,0.14814863943848258,4654,"[0.34000232900855865, 0.6366730311590085, 0.676974495717368, 0.4621575867848375]"
"[0.3373156327217072, 0.5152435083314562, 0.5970039263391513, 0.43569057036714287]",stable,0.18801213645545584,4655,"[0.46210169897135694, 0.5800874593355504, 0.4982370732631435, 0.5119622681070246]"
"[0.6092573071660508, 0.614581757609666, 0.4198424552288684, 0.552230422251814]",stable,0.22172161933608528,4656,"[0.4541997585402634, 0.5840174709591711, 0.5648230537063275, 0.49598023521353235]"
"[0.3375812784622039, 0.5153998127919737, 0.5969307879922585, 0.4358275923327028]",stable,0.19499844596685748,4657,"[0.48632776029924013, 0.6066208134817456, 0.5124918753974481, 0.4569859746800445]"
"[0.6089070805368005, 0.6145590768571649, 0.4201064136908872, 0.5519590705493302]",stable,0.2761413551166571,4658,"[0.33496342927617995, 0.6395275358180462, 0.4391180184611985, 0.5369904740606982]"
"[0.3375753422962492, 0.51568128155167, 0.5965729359071541, 0.43605698662233544]",stable,0.05438059018792714,4659,"[0.3050211044205235, 0.556212230308029, 0.5866903401665489, 0.4235251599456248]"
"[0.3375016901743584, 0.5157729805307568, 0.5965505770932614, 0.4360286340732931]",stable,0.1406206608806226,4660,"[0.2726776504487595, 0.6218116975460755, 0.5422844045565396, 0.39884009884915506]"
"[0.3373553605135783, 0.5160123455804527, 0.5964280800897925, 0.43594468704118444]",stable,0.2545872373182422,4661,"[0.542365017495003, 0.576631139564212, 0.48195108807517434, 0.5134436035815667]"
"[0.6087180405849772, 0.6144513270353099, 0.42028210878856975, 0.551849651609081]",stable,0.10255282016359415,4662,"[0.6438936720548752, 0.6836118456227952, 0.4869860982087446, 0.5587166988889319]"
"[0.6088176882661951, 0.6146472491842829, 0.42047107193140315, 0.5518691050008085]",stable,0.055849471014502015,4663,"[0.6330179571135726, 0.6385390376463377, 0.4617972951249389, 0.5359055176546996]"
"[0.6088860506075718, 0.6147147401121419, 0.4205878126748877, 0.5518240101212998]",stable,0.18528594091010447,4664,"[0.7324269276137721, 0.6436583011679916, 0.3659319558754591, 0.6752887386813556]"
"[0.8762625851767316, 0.6795773724264146, 0.3971621886616963, 0.7132949857637433]",stable,0.17704372122237352,4665,"[0.8270122905222259, 0.6357292827363306, 0.2487043174595068, 0.783697352267678]"
"[0.8762216115538909, 0.6795408931504661, 0.3970386796174349, 0.7133535567841293]",stable,0.10399432638770338,4666,"[0.9110539332701639, 0.5886369282667815, 0.43092351838164683, 0.6995761784037757]"
"[0.8762505661022834, 0.6794653287573791, 0.397066846565701, 0.7133421042667724]",stable,0.04808002622554223,4667,"[0.8937719276834531, 0.7012269917736779, 0.4278053259542475, 0.6891291590135469]"
"[0.8762651187281814, 0.6794834032283228, 0.3970923768641965, 0.7133219938471268]",stable,0.13392959137392133,4668,"[0.833624162284907, 0.6990404360827579, 0.35674433156024976, 0.8321009565689385]"
"[0.8762297320423363, 0.6794996331311066, 0.39705889300917246, 0.713420565600423]",stable,0.077785054153914,4669,"[0.8893045319313976, 0.7296566008246479, 0.3472303554530381, 0.6837396004140565]"
"[0.8762405735016142, 0.6795412226565574, 0.39701757581385233, 0.7133959545181788]",stable,0.14050086898966854,4670,"[0.7839502998835585, 0.7493408327172421, 0.3174313548309402, 0.7175248099760322]"
"[0.8761641109716903, 0.6795990516624072, 0.3969516385967994, 0.713399375276636]",stable,0.16429716595256436,4671,"[0.8407133747032342, 0.7927949700591216, 0.41230230449751065, 0.826039710648997]"
"[0.8761347643357066, 0.6796927568928681, 0.3969643461016841, 0.7134926205873747]",stable,0.13949582505518404,4672,"[0.946967777669593, 0.7659882054584374, 0.45877696554569314, 0.7698314621108325]"
"[0.8761933524360656, 0.679764134435106, 0.3970154731649132, 0.713539220125442]",stable,0.24162347483774518,4673,"[0.6872632061692948, 0.5818692016657583, 0.4817422482173357, 0.636563515181712]"
"[0.609106831327464, 0.614622217468631, 0.4207600786905002, 0.5520627129524558]",stable,0.24083982945832047,4674,"[0.6489763451349809, 0.4898518936800575, 0.601134804915043, 0.4608949019477988]"
"[0.6903734665988724, 0.603999588968694, 0.6287545225850247, 0.6458149380904442]",stable,0.37333154730114126,4675,"[0.40640224975740485, 0.419753029693801, 0.6194144226704291, 0.48864382069036594]"
"[0.3375108715253887, 0.5157955453194467, 0.5964798511316408, 0.43606337878363755]",stable,0.2500175316378292,4676,"[0.48850895205196787, 0.33960616148516765, 0.6691838333825771, 0.37792752244252686]"
"[0.33785019305466196, 0.515399614119819, 0.5966432308670362, 0.43593273640983726]",stable,0.21846219737920033,4677,"[0.5407397092710589, 0.47213898669609805, 0.648736846619414, 0.48038888565799776]"
"[0.5091900576613385, 0.50393619431069, 0.7831254626255022, 0.5567034560683112]",stable,0.26259575226271664,4678,"[0.6634644946634625, 0.4740214940120606, 0.5762085672325185, 0.5947354991513739]"
"[0.6902494621199075, 0.6034006115725804, 0.6285123753253359, 0.6455795489709093]",stable,0.20708871905856766,4679,"[0.8781482203833132, 0.56330394922634, 0.552582001232673, 0.6312049128632216]"
"[0.6911113830293726, 0.6032166819287903, 0.6281640708570209, 0.6455136102731676]",stable,0.23036875582137714,4680,"[0.7683791333522385, 0.7127538020498441, 0.4506423035573838, 0.5856212078407063]"
"[0.8761042497756657, 0.6797913986232174, 0.3970597928594524, 0.7134335027599175]",stable,0.11418729791493755,4681,"[0.8666334909566191, 0.7117812554968911, 0.5062507687610986, 0.715172344717698]"
"[0.8760964291655757, 0.6798178146899999, 0.397149958818083, 0.7134349386327149]",stable,0.14085610882169722,4682,"[0.952838333902504, 0.7105382268683212, 0.5096574642769998, 0.694741599157279]"
"[0.876159747568824, 0.6798431615647345, 0.3972427867928841, 0.7134195150852929]",stable,0.06986415215091331,4683,"[0.8588422581499221, 0.6580956867006398, 0.3566457948029519, 0.6638207661656161]"
"[0.8761454709905726, 0.6798252328962563, 0.3972093185389765, 0.7133786257621934]",stable,0.21739074940430445,4684,"[0.8623394040091141, 0.6636782641630208, 0.528322910634758, 0.5412837919944782]"
"[0.8761340986124989, 0.6798119322630328, 0.3973173198504228, 0.7132368672500288]",stable,0.36285083657634754,4685,"[0.7644785532868356, 0.4489955779997451, 0.6540282435146657, 0.7091039411389409]"
"[0.691446392939224, 0.6025124759747763, 0.628282172102033, 0.6458039770807739]",stable,0.12613451708582363,4686,"[0.6306890138735689, 0.5708411688432643, 0.669280946264721, 0.5481592838748215]"
"[0.6911702230343801, 0.6023685154878149, 0.6284685301664089, 0.6453601375662013]",stable,0.402028088733386,4687,"[0.42789724334212753, 0.4155618744181719, 0.45975332346533165, 0.47520614797244415]"
"[0.3380520922705531, 0.5151757626855104, 0.5963363028235347, 0.43602079338643507]",stable,0.21687142389862393,4688,"[0.37500128712216746, 0.42159095757076814, 0.40539619405050203, 0.41476683806013737]"
"[0.33813475266172005, 0.5149664007053879, 0.5959091437435056, 0.4359732453879422]",stable,0.10954345802982682,4689,"[0.3377766465827296, 0.4930114032164711, 0.4949684723451991, 0.472423209723856]"
"[0.3381339533177937, 0.5149173940145645, 0.5956838297448487, 0.4360546069154777]",stable,0.31382581992377,4690,"[0.22062665971099432, 0.49499220920710735, 0.3219512314566632, 0.3393481808372718]"
"[0.2264408280068558, 0.6247168381483498, 0.34294764007362466, 0.3608072085788638]",stable,0.1849993559141323,4691,"[0.38395904628335786, 0.6420491152790448, 0.4359583442479704, 0.3822868193317887]"
"[0.22660490948422715, 0.6247348926036943, 0.3430445262238063, 0.3608295831733981]",stable,0.10293452112613453,4692,"[0.2979176867668646, 0.5788639878304724, 0.384369467366026, 0.31962141929071974]"
"[0.22667911632843385, 0.6246871601325463, 0.34308752824372535, 0.3607867026698781]",stable,0.04569282723705873,4693,"[0.25579079784201797, 0.6106640031038998, 0.31468149735284995, 0.37617478040375685]"
"[0.22670937795162885, 0.624672583046238, 0.3430580001450862, 0.3608026985926784]",stable,0.1039912938984151,4694,"[0.17935519196407956, 0.5794818234328861, 0.2623077361637835, 0.35780930776598807]"
"[0.22666020434208828, 0.6246256559853726, 0.3429741473268294, 0.36079959019098923]",stable,0.15422251122685243,4695,"[0.29503544655174696, 0.5821569287538533, 0.24536536578015825, 0.27260467993990856]"
"[0.22673113301657963, 0.6245816012890744, 0.3428728934040632, 0.3607081016948781]",stable,0.16147767099819044,4696,"[0.30327324471357525, 0.6113242631361914, 0.20134483849249563, 0.36393238859478527]"
"[0.22681045126704283, 0.6245678631148227, 0.3427262322072636, 0.3607114429248262]",stable,0.13249663008751425,4697,"[0.19807974058751143, 0.6013266525102052, 0.224467952173621, 0.31375690553478236]"
"[0.22678070933052158, 0.6245438038905943, 0.34260381162751863, 0.360662835743263]",stable,0.08701591925244333,4698,"[0.23345775308913783, 0.6989413574333396, 0.3123708417488569, 0.3278275064596464]"
"[0.22678761423616647, 0.6246207403472052, 0.3425725469223701, 0.36062887987016723]",stable,0.11617581191083487,4699,"[0.21078993785510328, 0.6497921747248295, 0.2333166500760993, 0.3865217653648053]"
"[0.22677108771097942, 0.624646743895116, 0.3424596792603388, 0.36065562871881873]",stable,0.08913021732736565,4700,"[0.167434134711229, 0.6223213373549839, 0.31720950285927824, 0.2991711369695388]"
"[0.22670985246536568, 0.6246443440947649, 0.3424336212867567, 0.3605921772309454]",stable,0.15666565779866848,4701,"[0.14501092781294078, 0.6127398691299535, 0.21076204305520035, 0.340836342499145]"
"[0.2266256267698477, 0.624632071440162, 0.3422978773916726, 0.36057181039101566]",stable,0.17034816579388817,4702,"[0.16940686024496954, 0.550398525983771, 0.24056763701299663, 0.2611492311236066]"
"[0.22656669910092406, 0.6245556208269216, 0.3421931088639912, 0.3604694184453232]",stable,0.08939820816693687,4703,"[0.2612969553105822, 0.5488101586148367, 0.3623023357378995, 0.33509043351917256]"
"[0.22660242981718912, 0.6244776933966623, 0.3422137973690055, 0.36044330837852673]",stable,0.06450790407389231,4704,"[0.18110798060914138, 0.6024921153339052, 0.3793803101450819, 0.37550350308427416]"
"[0.2265556729320832, 0.624455097735755, 0.34225199522386274, 0.36045878648202695]",stable,0.1010383371768925,4705,"[0.20428069902955132, 0.5845473211123356, 0.34985087446317054, 0.2706690458854832]"
"[0.22653280334902104, 0.6244141246591397, 0.34225979694792774, 0.3603665998900387]",stable,0.13091318433799673,4706,"[0.12859801313454072, 0.5634890417374228, 0.37631562527385354, 0.41209061295144983]"
"[0.2264323574103395, 0.6243516373946045, 0.342294726002621, 0.3604196501598453]",stable,0.05007828025270189,4707,"[0.2085405844684631, 0.6559741386902882, 0.3762172582599452, 0.36650223440667473]"
"[0.22641402567576793, 0.6243840374983912, 0.3423294826955076, 0.3604258823158359]",stable,0.082619982667423,4708,"[0.2701391103318852, 0.6038579472918238, 0.37693636394693764, 0.41782990568233813]"
"[0.22645878011246814, 0.6243630281941879, 0.34236490427304234, 0.36048463771334505]",stable,0.044985517615843316,4709,"[0.21856117265265076, 0.6669229435320184, 0.3306427598264339, 0.3640299906697556]"
"[0.22645070484921678, 0.6244065454900343, 0.3423529184402748, 0.36048826281861746]",stable,0.13693051277400473,4710,"[0.21660364267863078, 0.5213099754468045, 0.2798540850703061, 0.2963166665483455]"
"[0.22644064656303642, 0.624301237451175, 0.3422890789782013, 0.3604227147121105]",stable,0.20574436426824716,4711,"[0.4218545748964511, 0.5621072923781439, 0.3428541056560863, 0.37702795432358]"
"[0.22664004853072356, 0.6242377742419168, 0.3422896555360359, 0.36043965883416307]",stable,0.36741137666294765,4712,"[0.5565674098482095, 0.5069050274862434, 0.29973293357131847, 0.4632064234510868]"
"[0.6089592486828594, 0.614319641092276, 0.42042011479971597, 0.5518131166336318]",stable,0.11226238451745102,4713,"[0.5818926040549832, 0.6685493363015557, 0.5141314052676385, 0.563961117394151]"
"[0.6088834317511287, 0.6144715450004253, 0.42068261141167096, 0.5518471446469665]",stable,0.15246338401633847,4714,"[0.698855883435065, 0.6622815173619129, 0.3101716026977514, 0.5773729139697711]"
"[0.6091347514485699, 0.6146050924092563, 0.4203739214431963, 0.5519184456785945]",stable,0.2493002138186813,4715,"[0.809296381794989, 0.6211160733939141, 0.4438522206801028, 0.6985209522692507]"
"[0.8760790881459826, 0.6797636229141693, 0.3973556201803238, 0.7132247553858472]",stable,0.08572763403318504,4716,"[0.8909899827234748, 0.6208138959074954, 0.3372395885081353, 0.7070696857961781]"
"[0.8760913503948128, 0.6797151445202493, 0.39730618265427753, 0.7132196936509873]",stable,0.1896804895453243,4717,"[0.7130715989858217, 0.6988654887352768, 0.30454286572826483, 0.7339917930642562]"
"[0.875957398257254, 0.6797308802180431, 0.3972299597151436, 0.7132367619331674]",stable,0.11215785852615497,4718,"[0.8727078992505825, 0.7308580626077479, 0.35281037180864333, 0.8025773317572131]"
"[0.8759547303598759, 0.6797728565582644, 0.3971934904311481, 0.7133101121546979]",stable,0.17623253589847937,4719,"[0.8928839924578137, 0.8484213623694811, 0.3489394278151542, 0.7140406754468831]"
"[0.8759686181876839, 0.6799112064399798, 0.397153905474121, 0.7133107114683092]",stable,0.1650506740282475,4720,"[0.9574628743144316, 0.7691670407991169, 0.3207410031228266, 0.7957417469017714]"
"[0.8760354167582796, 0.6799843669599462, 0.3970912719476035, 0.7133782778907957]",stable,0.11960737635513828,4721,"[0.9329940983465032, 0.712174318495721, 0.31049211364635465, 0.7636378627670236]"
"[0.8760820659651495, 0.6800107305566176, 0.39702034716603, 0.713419440531972]",stable,0.09071723883811628,4722,"[0.9190660727730813, 0.741938916807267, 0.36664689997338584, 0.6731162640506071]"
"[0.8761172410934702, 0.6800614082867736, 0.39699549164459574, 0.7133864592091558]",stable,0.15324760093887166,4723,"[0.9470379568389904, 0.6813015456262161, 0.2818210927678143, 0.6413559158652787]"
"[0.876175230231447, 0.6800624222993161, 0.3969013179742141, 0.7133275626078934]",stable,0.11347301124289587,4724,"[0.9605503937376645, 0.7505048999592301, 0.42449370153532895, 0.7075419101487246]"
"[0.87624416418856, 0.6801199733431559, 0.39692386077124114, 0.713322835767649]",stable,0.05245860327895695,4725,"[0.9039321434120019, 0.6787763824732589, 0.44082285383727793, 0.7208297682879016]"
"[0.8762667666205791, 0.6801188765342825, 0.39695969668394815, 0.7133289638758288]",stable,0.11926797129607287,4726,"[0.9583119437226619, 0.6662332418114922, 0.4805124680161143, 0.7312052454362855]"
"[0.876333687645948, 0.6801075505679507, 0.3970278473946595, 0.7133435448558944]",stable,0.12574518363790166,4727,"[0.9379250643434717, 0.6512391501289229, 0.4802716107941657, 0.7785773155257883]"
"[0.8763838843669729, 0.6800840229392311, 0.39709569072261347, 0.713396710113164]",stable,0.28088798337595444,4728,"[0.7487679171837007, 0.5079700272404646, 0.5596562838689003, 0.6323840557595332]"
"[0.6914308460848295, 0.6019413730070577, 0.6281571625361033, 0.6453014222639086]",stable,0.0674299843265562,4729,"[0.6855659290146383, 0.5622678881106189, 0.5941958134158586, 0.6030516069253266]"
"[0.6914044275394683, 0.6017626636156324, 0.6280041834860122, 0.6451111077804016]",stable,0.17950891007934075,4730,"[0.5638780958923877, 0.606737550009149, 0.6634163766423875, 0.5239429988748863]"
"[0.5092821250657679, 0.5041092605660746, 0.7829239321777192, 0.5566483037834737]",stable,0.1416858776218326,4731,"[0.5501817049294663, 0.6035669654726395, 0.6914629988605373, 0.568697158331129]"
"[0.5093508638554547, 0.5042764163726402, 0.7827702163234045, 0.5566685539591841]",stable,0.1253219362277025,4732,"[0.3898675745685423, 0.5231697720281986, 0.8153712603178501, 0.5597579428283848]"
"[0.5091503885378592, 0.5043081166338073, 0.7828249160616502, 0.5566737374975553]",stable,0.07955967072867376,4733,"[0.5293068556359484, 0.5395199945079857, 0.8221394640612754, 0.612691127768236]"
"[0.5091841514643216, 0.5043670980037808, 0.7828907695758874, 0.5567675689720456]",stable,0.14677085097702464,4734,"[0.3964973455628017, 0.5501477006716503, 0.8613582608833245, 0.5810648054304806]"
"[0.5089957119895699, 0.504443654195533, 0.7830219861165353, 0.5568081998022436]",stable,0.22652373132225043,4735,"[0.4605277609717809, 0.3919847579617504, 0.9724697924232972, 0.5361591339704143]"
"[0.5089147972132464, 0.504255909794475, 0.7833382595828237, 0.5567737272382506]",stable,0.19603387321391227,4736,"[0.3766975697554305, 0.4151152444212832, 0.8356831075372444, 0.4554729726503916]"
"[0.29088511294811437, 0.29800473091200275, 0.8387835165422222, 0.3760597280578516]",stable,0.09343010741449281,4737,"[0.3024264394046178, 0.3625299800312763, 0.8626672784778046, 0.43820504885522293]"
"[0.29090300647750433, 0.2981047700579241, 0.8388205456304945, 0.37615607739242113]",stable,0.2978858329351914,4738,"[0.2543937987925986, 0.5660878813459214, 0.7139682586297057, 0.37608049438708896]"
"[0.33794744963288237, 0.5150313594651911, 0.5959472694528328, 0.43592103428178414]",stable,0.11790262544018089,4739,"[0.2257478099609994, 0.4819813613489019, 0.5823114560963252, 0.4417547433769472]"
"[0.3376981171002782, 0.5149579150249327, 0.5959169676453738, 0.4359339980797734]",stable,0.16934775359598733,4740,"[0.3795152454332781, 0.5244142742643247, 0.45778319709378024, 0.34784524664621114]"
"[0.3377908380056729, 0.5149788825620488, 0.5956106843403813, 0.4357386793404529]",stable,0.3913263124992079,4741,"[0.1626991713110169, 0.5618030790371523, 0.2998508218032424, 0.2545956710713265]"
"[0.22657486924711528, 0.6241741303120445, 0.3422463947473175, 0.3603317648609084]",stable,0.10197802171547929,4742,"[0.22625618975149056, 0.6452702070218925, 0.3955999463741757, 0.2760241766340221]"
"[0.226574544726244, 0.6241956130785515, 0.34230072626628577, 0.3602459119197405]",stable,0.15564538138304607,4743,"[0.2564649358698095, 0.5123933801772026, 0.44252746180447494, 0.3321939696556309]"
"[0.16677333713902673, 0.5096472149309103, 0.460589326213974, 0.3164598846961184]",stable,0.2947683249513384,4744,"[0.2986837470296628, 0.7246338935634643, 0.3081270560348335, 0.3115615850454355]"
"[0.22664790098494533, 0.6242977883384548, 0.3422659615966709, 0.3601963856462162]",stable,0.08423640305207282,4745,"[0.18034799533863766, 0.5820140351120874, 0.3251565444992426, 0.4137822270222006]"
"[0.2266008482353048, 0.6242548170445256, 0.3422485739776694, 0.3602508428020861]",stable,0.12430018708044921,4746,"[0.3242558666546273, 0.565397187581173, 0.2946501750261401, 0.3738230849514953]"
"[0.2266999903859843, 0.6241950631059842, 0.34220025073000293, 0.3602646217281261]",stable,0.13349864873202702,4747,"[0.13352452353505923, 0.5533765241064098, 0.2863338573930037, 0.39194903776930895]"
"[0.22660549194090224, 0.6241232390299196, 0.3421435911018721, 0.36029675602431394]",stable,0.0863317311499428,4748,"[0.15304366368669356, 0.6445083991749494, 0.30228468985539503, 0.3541698918566186]"
"[0.22653096121318775, 0.6241438926876147, 0.3421032072100317, 0.360290548461834]",stable,0.12043469010330014,4749,"[0.1665697358934302, 0.6330243689324482, 0.4413472566848566, 0.328970876944804]"
"[0.22647027171387626, 0.6241528810238949, 0.34220365665282, 0.3602588483894483]",stable,0.1586607403466895,4750,"[0.08103793897981679, 0.6691255927277849, 0.373681869547767, 0.32849024064802196]"
"[0.22632322183244646, 0.6241983539376501, 0.34223548497728407, 0.36022672644026593]",stable,0.11762044211321751,4751,"[0.1300085219909457, 0.5871360765059883, 0.33209508003941857, 0.30471450457314003]"
"[0.226225934256849, 0.6241609172937798, 0.3422252421440135, 0.360170653488885]",stable,0.11966897657454989,4752,"[0.1470567799977171, 0.6844749228428961, 0.36758537219644605, 0.29875409622100474]"
"[0.2261460461092616, 0.6242217790551815, 0.3422508325880624, 0.36010867916268124]",stable,0.30153785226935376,4753,"[0.12674419254229505, 0.5393640458223503, 0.6139924516027906, 0.36018260145918096]"
"[0.16661996876892432, 0.5097610725205326, 0.46117707765224536, 0.31662740468371636]",stable,0.3321803030499855,4754,"[0.2273788295261626, 0.3516002541180968, 0.7195061317466991, 0.4387067637367491]"
"[0.2908046718382608, 0.29818758040476645, 0.8386358483953802, 0.3762529050802606]",stable,0.3950711132890667,4755,"[0.2929853279887748, 0.6079620429540767, 0.6035688494803939, 0.4459645803406041]"
"[0.33769171077112226, 0.5151845975186683, 0.5956282909004256, 0.435761303015232]",stable,0.20718175197715494,4756,"[0.20677191011701734, 0.3852153691974356, 0.6880594287112997, 0.4544366504439482]"
"[0.3374027045886629, 0.5148976897298797, 0.5958323331472487, 0.4358025289477457]",stable,0.33104126213278584,4757,"[0.2643955498705312, 0.3299386542234911, 0.8527159757165506, 0.3720905052841993]"
"[0.29076385402996446, 0.29823665470742294, 0.8386576105705289, 0.3762464716957227]",stable,0.37003342476378015,4758,"[0.4505093935296544, 0.4422722447029943, 0.5625997188998271, 0.4964624744296344]"
"[0.3376518382647443, 0.5147377217892919, 0.5957591335563954, 0.43593614116246354]",stable,0.3453188060540218,4759,"[0.6412808033716333, 0.6373949083666379, 0.5528548876567206, 0.5367774502942132]"
"[0.6092242947686898, 0.6146685737907532, 0.4207429492042367, 0.5518762702039862]",stable,0.10194870680454977,4760,"[0.6562962353587365, 0.5420537105276879, 0.47293749076878605, 0.565314376185114]"
"[0.6093550501592176, 0.6144668658372447, 0.42088793404191605, 0.551913598276156]",stable,0.12178196264585314,4761,"[0.6567423833207545, 0.5149224720781824, 0.3760986337074659, 0.5778002614138541]"
"[0.6094863170100806, 0.6141911195941449, 0.4207638639578871, 0.5519853064842937]",stable,0.19680935462460575,4762,"[0.8008006058027246, 0.6571850938016801, 0.43165810549906347, 0.539116792405235]"
"[0.8763223344658619, 0.6800653756027999, 0.3971238360115194, 0.7132547883560729]",stable,0.17339468687651893,4763,"[0.7683830443924636, 0.5790420781700576, 0.4473781461983709, 0.6378649695546179]"
"[0.8762345075414736, 0.6799831760117235, 0.39716472641850625, 0.713193445948586]",stable,0.19298063751442604,4764,"[0.735454029482788, 0.5736670990026179, 0.47355499046406724, 0.730039893095853]"
"[0.6916019593867477, 0.6016366745366503, 0.6273115862078869, 0.6454919543513229]",stable,0.27169255741093346,4765,"[0.7961117137021883, 0.712950485125816, 0.40275467784342905, 0.6366609021300159]"
"[0.8761693670586774, 0.6800099787020601, 0.3971692710944615, 0.7131312243682456]",stable,0.16767803203787984,4766,"[0.8243657118300313, 0.6144418996724447, 0.5312357375637553, 0.6569234552090659]"
"[0.6921946547101553, 0.6016938407202922, 0.6268826761692969, 0.645542987837295]",stable,0.3648181771777581,4767,"[0.6306779836144638, 0.6379243815605291, 0.2738408583226214, 0.5876048800105347]"
"[0.6095448575255624, 0.6142566810912896, 0.4203579993014361, 0.5520837030962447]",stable,0.23888925901618213,4768,"[0.5761552159501239, 0.5618577990625342, 0.21176600595042308, 0.45361062362397553]"
"[0.6094528750418836, 0.6141123315540203, 0.4197833657109374, 0.5518124273952191]",stable,0.2616736602301462,4769,"[0.558945856153391, 0.7149339715228742, 0.1881237002615451, 0.5060856101092335]"
"[0.6093141194954866, 0.6143893140814073, 0.4191469380586039, 0.5516868042708071]",stable,0.2167464475436024,4770,"[0.479268340880365, 0.592057567925224, 0.29899364838277503, 0.4286762434199171]"
"[0.6089578296910617, 0.6143281312152259, 0.41881775096360163, 0.5513497890355992]",stable,0.3092820653389202,4771,"[0.43114449013392814, 0.7088519357705859, 0.2922335754385899, 0.35366440997361404]"
"[0.22635269776654451, 0.6243070917131607, 0.3422004119659359, 0.3601021829235794]",stable,0.09857629996202909,4772,"[0.2573818168345145, 0.5656452779116046, 0.2734194872908966, 0.3359680434852691]"
"[0.2263839456205908, 0.6242480163719708, 0.3421311461807647, 0.3600778786542558]",stable,0.1537880520721233,4773,"[0.31038825486326993, 0.7152318653894784, 0.25161415049113234, 0.37115279165982407]"
"[0.22646845699809853, 0.624339549419272, 0.3420400828048194, 0.36008902041784285]",stable,0.07216025124451038,4774,"[0.16322829463900743, 0.6335811206385291, 0.3347952891258039, 0.3273798466218792]"
"[0.22640489904597885, 0.6243488374305477, 0.342032801605142, 0.36005614687633936]",stable,0.2651638927053441,4775,"[0.40148931053862497, 0.6727702112825967, 0.3279617802461667, 0.5527079461389477]"
"[0.608390975813596, 0.6144878090296175, 0.4185695106064502, 0.551353499847357]",stable,0.14721708010962783,4776,"[0.6094062563547775, 0.7078457096784061, 0.3064567495927545, 0.5710224877665193]"
"[0.6083937422455884, 0.6147421902302954, 0.418264026244015, 0.5514070938198888]",stable,0.2196723564842865,4777,"[0.6602198381166924, 0.6624106227389106, 0.21022804652491206, 0.5470767734387638]"
"[0.6085345740278468, 0.6148717240142862, 0.41769871108173484, 0.5513953266449402]",stable,0.1032770290483634,4778,"[0.6332217843199011, 0.668259506657649, 0.34164910577913443, 0.5136741313457965]"
"[0.6086014770367684, 0.6150164063520731, 0.41749261459039994, 0.5512931011834249]",stable,0.24145458455572544,4779,"[0.4390282410167536, 0.5295528839101269, 0.26857207398301725, 0.5432997948776352]"
"[0.608143170993471, 0.6147854238589867, 0.4170901266428124, 0.5512714976528688]",stable,0.2836998403834028,4780,"[0.35354403167268167, 0.5601979568171861, 0.30811427494395416, 0.5228224224631495]"
"[0.22653254877753176, 0.6242844289158757, 0.3419987468594982, 0.3602195668317478]",stable,0.16538759716975038,4781,"[0.2901368242120894, 0.6585315277570828, 0.44340836381576443, 0.46908085128941207]"
"[0.22659634443995358, 0.6243187790651648, 0.3421004616207382, 0.36032875568275846]",stable,0.1580296909235454,4782,"[0.33450502976765295, 0.6909249956742504, 0.32379288552383884, 0.45283574682785327]"
"[0.22670446937515165, 0.6243855187611658, 0.34208211735611205, 0.3604214480586554]",stable,0.1415417394360276,4783,"[0.29684210781913933, 0.7227499317457545, 0.27860006362158823, 0.39796138396591413]"
"[0.22677467722144196, 0.6244839816370262, 0.3420185717567782, 0.3604590255720761]",stable,0.17676636401417078,4784,"[0.3449310590179143, 0.5045289848626516, 0.39174723326621314, 0.38103269468811884]"
"[0.22689283360323842, 0.6243640266402518, 0.3420683004182876, 0.36047959924119216]",stable,0.28610855106496663,4785,"[0.3225329839192355, 0.5036786696409075, 0.5805694037413927, 0.324936203798009]"
"[0.33761861001343557, 0.5147134161801745, 0.5957257495348239, 0.43569218525616804]",stable,0.12339143673607537,4786,"[0.38112663965405646, 0.41951744401821256, 0.565619937064591, 0.3776933494382839]"
"[0.3377140223591387, 0.5145046530833282, 0.5956597280162489, 0.4355649948267429]",stable,0.20557219586510134,4787,"[0.29811382051040486, 0.5999714656655806, 0.6805443654461782, 0.5973728252978258]"
"[0.3376273698386819, 0.5146916701786941, 0.5958454712053735, 0.4359190601012967]",stable,0.20716204909736502,4788,"[0.46361069505038754, 0.5844855681667617, 0.7209178747989338, 0.5167276117389884]"
"[0.5088392903763083, 0.5043896258917622, 0.7832342256081839, 0.5567069837124184]",stable,0.27045924772492647,4789,"[0.49828195513277845, 0.7571133725121327, 0.6901075399119236, 0.578952784616894]"
"[0.6913328204898114, 0.6023845941949225, 0.6271636755637087, 0.6452470313785376]",stable,0.16750349861072975,4790,"[0.5800447314206618, 0.5194505877854396, 0.6789952406439306, 0.5670944708294529]"
"[0.5089577686475968, 0.5044146857285237, 0.7830607830375279, 0.5567242673848262]",stable,0.2744266323139233,4791,"[0.6207359087783354, 0.6048391869680432, 0.5856707972517946, 0.674060267718807]"
"[0.6910204447742738, 0.602395455224892, 0.6269800787570188, 0.6453745235747335]",stable,0.1312321310042937,4792,"[0.7330541235600345, 0.6898413566443684, 0.5392903009438371, 0.656272195237692]"
"[0.6912056151654006, 0.6027806794602201, 0.6265937801763439, 0.6454225309388876]",stable,0.355428260469031,4793,"[0.9806381289416789, 0.7172210237466188, 0.6034191913485538, 0.8154943226665553]"
"[0.8762542320155281, 0.6800402070083514, 0.39733681773967194, 0.7132143787941582]",stable,0.18926606425515602,4794,"[0.9993886575314875, 0.776001887318433, 0.500817425991601, 0.6859622970504089]"
"[0.8763541787894857, 0.6801180979826291, 0.3974208117398765, 0.7131922585979377]",stable,0.12493773871172412,4795,"[0.9499759294979518, 0.5793561659199615, 0.4020184570618294, 0.7170872658522831]"
"[0.8764138882385599, 0.6800363770320511, 0.39742454056819926, 0.7131954175657027]",stable,0.12749540571948903,4796,"[0.8289300091342136, 0.7839995680283397, 0.3964652787607672, 0.7696851904404006]"
"[0.8763754085958497, 0.6801206259712701, 0.39742376320854983, 0.7132411953395071]",stable,0.12970732903287643,4797,"[0.8258293829974981, 0.7944950800827266, 0.40988941630261627, 0.7453687884752895]"
"[0.8763344806398996, 0.6802132368652875, 0.39743385685477983, 0.7132672095849613]",stable,0.190490348586961,4798,"[0.937735216366755, 0.8591795609785489, 0.3753964498853942, 0.7118779347973404]"
"[0.8763841576105523, 0.6803580316258968, 0.3974160272374907, 0.7132660855762334]",stable,0.15294700052790805,4799,"[0.8443658266679075, 0.8043751037454576, 0.3175089980231229, 0.6887254262705629]"
"[0.8763582737536868, 0.6804582879493565, 0.39735142980077737, 0.7132462467247332]",stable,0.05488215097211102,4800,"[0.8957141365254103, 0.6879352334286459, 0.42646454498133735, 0.6716058470812263]"
"[0.8763739085378319, 0.6804643274852848, 0.39737494604890383, 0.7132126115069274]",stable,0.18449989230197159,4801,"[0.7385967241228636, 0.777326182229869, 0.46070181224978485, 0.6724064008676424]"
"[0.8762627082275696, 0.6805425049305993, 0.3974260573210595, 0.7131796767122225]",stable,0.24677314728510147,4802,"[0.7229105062679789, 0.6476806324780795, 0.5335233260585998, 0.5798465632098544]"
"[0.6913446717053241, 0.6029776090787196, 0.6261855764302136, 0.6451349170453391]",stable,0.10718735560217275,4803,"[0.7063971555505514, 0.6753715844866487, 0.6115099434507654, 0.7213339331306173]"
"[0.6914104030758272, 0.6032937399756974, 0.6261214906966788, 0.6454676638404713]",stable,0.29536920751216333,4804,"[0.4532872457573346, 0.7372625439724698, 0.7288402607113205, 0.6906511180841357]"
"[0.5088652926959518, 0.5048014761907229, 0.7829707157246936, 0.5569467372364861]",stable,0.276952306061331,4805,"[0.7178593997936177, 0.6824911939829351, 0.7691086491078107, 0.592418561705656]"
"[0.6915253987137306, 0.6036380767322506, 0.6267431739941185, 0.6452370155703199]",stable,0.10140907415532024,4806,"[0.7132131500438017, 0.6721243980532455, 0.6521208955053739, 0.7121626220755943]"
"[0.6916192850831249, 0.6039345543137268, 0.6268530342604008, 0.6455267368106025]",stable,0.19448290336412138,4807,"[0.7350396994819081, 0.5271394623748248, 0.7893132289527574, 0.7059209940623754]"
"[0.6918064420417404, 0.603603540986404, 0.6275532937202817, 0.6457870568849636]",stable,0.23865230899727422,4808,"[0.5913914767849828, 0.6127823485339444, 0.824263420239619, 0.7357461306850321]"
"[0.509002152039383, 0.504980548947511, 0.7830391945049837, 0.5572432536435318]",stable,0.0804472294054323,4809,"[0.45174639710749287, 0.5545080422344416, 0.7891713732626878, 0.5837566283549145]"
"[0.5089073577431382, 0.5050625481085821, 0.7830493471188209, 0.5572871499592791]",stable,0.2325976906602094,4810,"[0.43172275711868646, 0.655274725912631, 0.9403625668166182, 0.5861502002932906]"
"[0.5087797798908664, 0.5053108326999938, 0.7833093689695612, 0.5573348574804924]",stable,0.13589842624090903,4811,"[0.5554607899122124, 0.5771467227138799, 0.8463589463223967, 0.6419139403537681]"
"[0.5088568112605386, 0.505429373772624, 0.7834134111764139, 0.5574744269241777]",stable,0.23204353971055378,4812,"[0.6607147204296014, 0.5238029839793433, 0.6211404094843921, 0.621609153196585]"
"[0.6916730011764523, 0.6032610493254295, 0.6275257706119731, 0.6456832890579748]",stable,0.23872110999427187,4813,"[0.6337385193927282, 0.4603444195536106, 0.8090267887052763, 0.6294480944762065]"
"[0.5090625471882687, 0.5053550987244873, 0.7834556078445011, 0.5575929996878549]",stable,0.17408558216304112,4814,"[0.6477278649529955, 0.5356487539712697, 0.7474684361761387, 0.6517467967082258]"
"[0.6914852014490016, 0.602972107892292, 0.6280383461058371, 0.6457092014838306]",stable,0.33734641985551916,4815,"[0.4693090769554843, 0.5160825552671494, 0.8635404400131106, 0.6079025075756135]"
"[0.5089971631911754, 0.505372742567485, 0.7835873263184625, 0.5576757455889861]",stable,0.1268981128304984,4816,"[0.5168110906589887, 0.6250285936717296, 0.8016568467201454, 0.5202853282813167]"
"[0.509009993942354, 0.5055692217975413, 0.7836169971237199, 0.5576143491730459]",stable,0.1710362733904494,4817,"[0.5867542736035081, 0.6510744101943794, 0.8228273609306657, 0.5352531927854969]"
"[0.5091374435811428, 0.5058077548932738, 0.7836812764086494, 0.5575776915396237]",stable,0.1306605507397294,4818,"[0.5642967172649498, 0.5833903494915553, 0.8220336640199553, 0.6384459141378428]"
"[0.509227720624815, 0.5059347313165115, 0.783744046273807, 0.5577100454227631]",stable,0.20900054639490365,4819,"[0.5915379969235727, 0.5965554001699926, 0.6276960095091244, 0.6236126357165173]"
"[0.6910598941957018, 0.6029448027530482, 0.6280368893543617, 0.6456151735443952]",stable,0.15733773770658993,4820,"[0.7577543181373119, 0.4925778757083266, 0.5469580490587476, 0.6850154348728164]"
"[0.6913424976869798, 0.6024771462825197, 0.6276933349463295, 0.6457821238042614]",stable,0.16716221884584473,4821,"[0.8342730561697659, 0.6331867865065791, 0.5505715096686538, 0.6707461964770731]"
"[0.6919455802122236, 0.6026067228235494, 0.6273679264008541, 0.645887457444231]",stable,0.19839220232343727,4822,"[0.750318029015193, 0.6297348281981108, 0.4441040494786405, 0.6862674088770253]"
"[0.8761611399378822, 0.6805015309977506, 0.3974637008631221, 0.71315797327042]",stable,0.11544188555554186,4823,"[0.8431326855576065, 0.7501174361808852, 0.47822593309070216, 0.6837124688084465]"
"[0.8761345255507909, 0.6805576276175597, 0.3975287792130235, 0.7131342460307246]",stable,0.15410398563735067,4824,"[0.86437619860674, 0.6990508823445929, 0.5496624842223198, 0.7242299869496118]"
"[0.8761250582988231, 0.6805725175166958, 0.3976512701188281, 0.7131431797995804]",stable,0.32780425540618685,4825,"[0.5725113349924232, 0.6990219110474256, 0.37603392677167136, 0.5928658035919626]"
"[0.608047128308832, 0.6150124763851011, 0.4169794630312999, 0.5513836116850496]",stable,0.26475577163694175,4826,"[0.39052219760130585, 0.5695932607572828, 0.31876315538428357, 0.44617346531266416]"
"[0.2270562995013384, 0.6243093105904187, 0.34204501855511676, 0.3605652074990058]",stable,0.15128558236749826,4827,"[0.32998183396217134, 0.6068540518420829, 0.28954450854384306, 0.45665200252730187]"
"[0.22715901959561066, 0.6242918901725062, 0.3419926228365426, 0.36066110250402406]",stable,0.19144702603954292,4828,"[0.3723497943595854, 0.6081712638772755, 0.316924709914861, 0.48183588475025996]"
"[0.22730377610085892, 0.6242758177634382, 0.3419676299024233, 0.3607819148492346]",stable,0.1411190119933119,4829,"[0.2729782603317374, 0.6645581910578344, 0.2301824650864701, 0.4216902424001766]"
"[0.2273492686150331, 0.6243159396491895, 0.34185629009682966, 0.360842580514126]",stable,0.08766304371504112,4830,"[0.2985291459946168, 0.6308781113969526, 0.2992316451499988, 0.3333051181270049]"
"[0.2274200943636695, 0.6243224691733167, 0.34181387751479303, 0.3608151800540393]",stable,0.12890353521207643,4831,"[0.2891008399285426, 0.6924020439457835, 0.2964693082232187, 0.28258060616695196]"
"[0.22748140723202426, 0.6243901427068876, 0.3417688033902487, 0.36073741208794874]",stable,0.2289883346699998,4832,"[0.0, 0.6332271739250209, 0.3628412020823314, 0.3478638861028342]"
"[0.22725550712553763, 0.6243989183088917, 0.3417897293075199, 0.3607246280502277]",stable,0.13821588716261465,4833,"[0.10823904640402844, 0.5866031658059058, 0.3978727647832013, 0.3416225923984818]"
"[0.1663971408209667, 0.5100543629529195, 0.46093545813747805, 0.3167228061635437]",stable,0.20483006318363808,4834,"[0.188316075294407, 0.6249738178356434, 0.2976085854558504, 0.35663228680234904]"
"[0.2272168767368163, 0.6243994886457238, 0.34174589880766704, 0.3607205681878786]",stable,0.1413105826157093,4835,"[0.19024859079868991, 0.6990350511622363, 0.3188965941186052, 0.24887483211779723]"
"[0.22718023819772992, 0.6244734584797342, 0.3417232533124351, 0.3606097200847368]",stable,0.10096259151238327,4836,"[0.26039614913743936, 0.6865697353766758, 0.3461125642405783, 0.28839521675987756]"
"[0.2272131252382643, 0.6245349399420085, 0.3417275991648392, 0.3605382205764943]",stable,0.14621760291590663,4837,"[0.17741564099734322, 0.5008903128769593, 0.34868291210581437, 0.30084376701850474]"
"[0.16643903625889972, 0.5100195186560527, 0.4605086423730991, 0.31666242958884777]",stable,0.1655843264072237,4838,"[0.13535363626293068, 0.5021225631652563, 0.30193124201138205, 0.281410291393829]"
"[0.16632128853164227, 0.5099896059458602, 0.45990797040203196, 0.31652889876235146]",stable,0.11929244847874927,4839,"[0.2544921957786268, 0.4922926426759089, 0.3907238400553722, 0.35336574144053284]"
"[0.16665400893634785, 0.5099228249523887, 0.4596468982120446, 0.316667905715854]",stable,0.25140834574684295,4840,"[0.22343976502627863, 0.5900402601746475, 0.23203415251554643, 0.27477317112584326]"
"[0.22720939293340578, 0.6245008205752752, 0.3416190992176094, 0.3604533886779279]",stable,0.134954148306674,4841,"[0.21964780634250464, 0.7287840644538026, 0.26939914080012184, 0.40589265810158837]"
"[0.22720192100989697, 0.6246038672589496, 0.34154773562233526, 0.36049828914178533]",stable,0.12839183627808107,4842,"[0.12438464025013604, 0.6930768299710823, 0.34408997410893566, 0.32559756134240847]"
"[0.22710042320065732, 0.6246714614965726, 0.3415502452358462, 0.3604638363009172]",stable,0.13141853375470683,4843,"[0.10635197800280859, 0.6280005635799495, 0.3016921263948488, 0.32743519057762843]"
"[0.22698134189375607, 0.6246747446347218, 0.34151093742633837, 0.3604312636719988]",stable,0.12165581028269223,4844,"[0.2777961925054915, 0.6175296251121205, 0.23133140862391605, 0.3551962056274925]"
"[0.22703140578598438, 0.6246677051080985, 0.3414023861664345, 0.36042610597934405]",stable,0.14289086856163044,4845,"[0.16622655601977002, 0.5360234353226819, 0.4268962670963309, 0.321010876423242]"
"[0.16665240197049608, 0.5100209475477657, 0.4595237755386772, 0.3166842326734006]",stable,0.2141997265683952,4846,"[0.11373504209100982, 0.6432717882140218, 0.3009751693148599, 0.3303892978531501]"
"[0.22691989361699327, 0.6246860162135178, 0.3413625955986672, 0.3603965421918183]",stable,0.09642681890186881,4847,"[0.19092174497534856, 0.7131370899865836, 0.3469713626821836, 0.34826336543952513]"
"[0.22688449720731613, 0.624772988754101, 0.3413681106105488, 0.3603846118311966]",stable,0.1625884158203331,4848,"[0.1452431795139775, 0.7404732553547311, 0.26376930777159885, 0.341369819937363]"
"[0.22680429944926767, 0.6248866432399562, 0.3412918838887031, 0.36036593325369776]",stable,0.15724274872508737,4849,"[0.1789381214892608, 0.6942421358241243, 0.2620271170363919, 0.25387169200855775]"
"[0.22675732577119112, 0.6249547055486747, 0.3412140970713799, 0.3602614246754395]",stable,0.10956748013083574,4850,"[0.23000037370506032, 0.699368793736143, 0.26411860621972166, 0.33760432618756414]"
"[0.2267605052299498, 0.6250276605370938, 0.34113851325681943, 0.3602392118337847]",stable,0.07724807209515078,4851,"[0.20750449271594204, 0.6547686974208622, 0.2734588673124726, 0.348775928080681]"
"[0.22674164527645913, 0.6250567898582337, 0.3410722256506055, 0.36022798432766023]",stable,0.11958869443956321,4852,"[0.12528060920688588, 0.6718450185874186, 0.33142901802013025, 0.31869505526614345]"
"[0.22664236833314252, 0.6251025709039569, 0.341062790026701, 0.3601873454538231]",stable,0.16143867746003934,4853,"[0.16113285840980732, 0.7159060938552297, 0.2251334836970461, 0.3509101237137884]"
"[0.2265783316665508, 0.6251913329009767, 0.34094946714661334, 0.36017827681087095]",stable,0.13153470103069512,4854,"[0.20874921475073624, 0.6202843606703454, 0.45283596327799197, 0.42681785793355936]"
"[0.2265609204195627, 0.6251865409359078, 0.34105873130299164, 0.36024335452681105]",stable,0.17135418269872318,4855,"[0.2684153844035995, 0.7424182529353325, 0.4321859638615619, 0.28565774625781215]"
"[0.22660175404296173, 0.6253009133378584, 0.341147635920122, 0.36017058807971936]",stable,0.08905938967439489,4856,"[0.3134268472148902, 0.6086101115822542, 0.34498321436940693, 0.3701547535218659]"
"[0.22668637889010787, 0.6252846454998899, 0.3411513743006768, 0.36018031923512106]",stable,0.06536567300825905,4857,"[0.24698942488125625, 0.6254408556870182, 0.39273009850600804, 0.3255383167088268]"
"[0.22670614816565915, 0.6252847976032854, 0.34120159701168495, 0.3601465879765755]",stable,0.14644656562472302,4858,"[0.1285900668622662, 0.5221272069936755, 0.34832341532824107, 0.3265664989887781]"
"[0.16650984640829297, 0.5100662893434433, 0.4591072947888254, 0.3167212449067916]",stable,0.10109817606395649,4859,"[0.21426906614728763, 0.5359679882010273, 0.37416459192768714, 0.3093906678274222]"
"[0.16668805245209517, 0.5101629374735089, 0.45879034440501515, 0.3166938920072417]",stable,0.22262957601961186,4860,"[0.07299692481079745, 0.5717193223357375, 0.2744880477209535, 0.2616541278394375]"
"[0.22655662557484704, 0.6252326911098345, 0.3411367005629586, 0.3600507781904499]",stable,0.25969698992863577,4861,"[0.10330226042000402, 0.4667162444448555, 0.24341802418389136, 0.227481986720879]"
"[0.16645241753747772, 0.510001425603514, 0.4579897038093976, 0.3163622492366604]",stable,0.17509443222307042,4862,"[0.05881918992958149, 0.5473085551022053, 0.3278406167767276, 0.3436118683781563]"
"[0.16605377595374476, 0.5101396001572129, 0.457507670153721, 0.3164631737519993]",stable,0.24705458285911608,4863,"[0.15060478104499492, 0.538055695504236, 0.23214604634414934, 0.2203896310750984]"
"[0.22648281425849148, 0.625147970997487, 0.34103078155983046, 0.35991505307177607]",stable,0.1847534476279945,4864,"[0.24657558165418897, 0.447392638312673, 0.38374647865110717, 0.377480019138635]"
"[0.16635090438806377, 0.5099080615526205, 0.4572354886352612, 0.31668832816302006]",stable,0.0692040292019577,4865,"[0.21212275551876486, 0.5429368613331605, 0.4195032625959254, 0.3032900892851743]"
"[0.16651918325251486, 0.5100294909635784, 0.4570967672159989, 0.3166390699318515]",stable,0.12234829206147708,4866,"[0.1846282163356113, 0.5277056835348501, 0.33908546943783835, 0.3366903368258273]"
"[0.22644217872652753, 0.6250533668349018, 0.3410288929072849, 0.35989250480357615]",stable,0.29279997333654395,4867,"[0.11860083481594948, 0.4628894575379051, 0.5140724803151149, 0.22624800507393733]"
"[0.16634365816666666, 0.5098568168484661, 0.45730546946178324, 0.3163079671301742]",stable,0.17201865513155026,4868,"[0.21570235491000242, 0.4348136319961627, 0.6034451263844564, 0.32918654821712084]"
"[0.16652379939565692, 0.5095829366117788, 0.4578388258739098, 0.3163549692509295]",stable,0.3190690110664078,4869,"[0.2167341868191932, 0.3701920250904317, 0.7393550357272292, 0.34090589983906944]"
"[0.2906496107163676, 0.2983476969456684, 0.8385043658562646, 0.3761919337761908]",stable,0.20280399940846708,4870,"[0.22275311883373478, 0.44410329480037575, 0.7172548040639563, 0.35224662055437006]"
"[0.33737655269674977, 0.5145375470883484, 0.5961105570849773, 0.43573636918525543]",stable,0.1853612238532863,4871,"[0.29639804600114306, 0.4079076440024334, 0.7162951138073422, 0.3528793755714196]"
"[0.29065846808968776, 0.29851651042341376, 0.8383160619239858, 0.3761560130393576]",stable,0.14506930220898578,4872,"[0.31560627629309607, 0.4142996890962098, 0.7780248697787594, 0.4343104367350558]"
"[0.2906968493330776, 0.2986946383906027, 0.8382233062437623, 0.3762454813835048]",stable,0.2101165371198927,4873,"[0.44961331707226965, 0.38400830641230566, 0.7306710307450672, 0.3832169615913972]"
"[0.29094096065064934, 0.2988256885718956, 0.8380580953751007, 0.3762561902624723]",stable,0.47205664172651046,4874,"[0.5690918297087414, 0.509295955808259, 0.6230804633159044, 0.6106841138637655]"
"[0.6914293879832174, 0.6022146607772667, 0.627349911850077, 0.6457395442359097]",stable,0.2511647324314855,4875,"[0.6252709867038448, 0.46705208510170954, 0.43015630668487187, 0.606337146133311]"
"[0.6080934290034423, 0.6146147333977802, 0.41701488465402453, 0.551531336240018]",stable,0.20906870707156125,4876,"[0.6537805324206475, 0.46405883933891534, 0.5312472843263342, 0.6283837564176642]"
"[0.6912718613909055, 0.6016366029469807, 0.6269478088060446, 0.6456669258768375]",stable,0.27159777955849046,4877,"[0.835214694094696, 0.542367765795866, 0.4044040305198665, 0.6429675809233318]"
"[0.876092145696889, 0.6804613310712245, 0.39765670274988285, 0.7130867231633164]",stable,0.10406676266927838,4878,"[0.8135388591711668, 0.6534403498553547, 0.45133369073086654, 0.6555921584400685]"
"[0.8760418617045049, 0.6804396100252311, 0.3976998514540476, 0.7130405056675582]",stable,0.0808037664227454,4879,"[0.9409337480116765, 0.6333740348584412, 0.39851237206403, 0.7231629166489558]"
"[0.8760939837015388, 0.6804018063503984, 0.3977005040810436, 0.7130486361181456]",stable,0.11676125581714525,4880,"[0.9198526250772456, 0.6231103993067327, 0.44294995119202457, 0.6331202032543851]"
"[0.8761291029963829, 0.6803558260879234, 0.39773681984919046, 0.7129844880981907]",stable,0.0738390100568332,4881,"[0.8286659541133782, 0.7028845001176586, 0.37265701678623947, 0.6675652055293481]"
"[0.8760910411287943, 0.6803738923862633, 0.3977167077376725, 0.7129480652573176]",stable,0.07226645491464617,4882,"[0.9084296918722168, 0.7250360671680487, 0.3924565479539852, 0.6665339183101112]"
"[0.8761169535091977, 0.6804096793852873, 0.3977124928660509, 0.7129108744344432]",stable,0.16041475941399266,4883,"[0.8386000204644052, 0.5470959633221216, 0.3895269755485019, 0.632376253379673]"
"[0.8760869159327006, 0.6803029430233473, 0.3977059392092715, 0.7128463951541751]",stable,0.17855328977159832,4884,"[0.8227237024003325, 0.6180680427639491, 0.23959720769546583, 0.7255778891182516]"
"[0.8760442253618747, 0.6802531551031398, 0.39757945222406044, 0.7128565803493463]",stable,0.10798742958725369,4885,"[0.8896484221227292, 0.6711759982709031, 0.29193691202277444, 0.6975768649391471]"
"[0.8760551000195572, 0.6802458991824105, 0.39749500574907937, 0.712844366348219]",stable,0.11551060395545228,4886,"[0.9062456095778664, 0.7637331312188151, 0.37429425383795767, 0.783007319225226]"
"[0.8760792138450829, 0.6803125822750914, 0.3974764747970737, 0.7129004070454051]",stable,0.12595464462335415,4887,"[0.9629273479261233, 0.7412783554642695, 0.3307037105072494, 0.7250060485971083]"
"[0.8761485260031684, 0.6803612381196159, 0.3974231844823971, 0.712910068371464]",stable,0.0704245369377008,4888,"[0.8679424104213727, 0.6246434679330929, 0.412061696181746, 0.6732424602936176]"
"[0.8761419820513487, 0.6803168060859743, 0.39743485793670286, 0.7128784355101578]",stable,0.09805319771584399,4889,"[0.858066718260654, 0.7745640846968881, 0.3774830800292219, 0.7155414139115994]"
"[0.8761275794507187, 0.6803919035191305, 0.3974189601057008, 0.7128805574052985]",stable,0.13575520528178292,4890,"[0.751778949330631, 0.7091200599820984, 0.3515217533225021, 0.7069616568235882]"
"[0.8760285757643175, 0.6804147762551679, 0.3973824177436123, 0.7128758449048355]",stable,0.1573894746674694,4891,"[0.9280575669880373, 0.6407821780936366, 0.415385189943875, 0.5708561696326532]"
"[0.87606996716545, 0.680383246741913, 0.3973967397580915, 0.7127628618696149]",stable,0.2783787030015117,4892,"[0.7244197659587812, 0.7581793659798648, 0.37976404863003965, 0.4933687626010206]"
"[0.6084052958585504, 0.6149996251741396, 0.41691501646093077, 0.5513754044072058]",stable,0.08570429420901793,4893,"[0.5455510848697644, 0.6702390669889993, 0.4118626523337498, 0.5691981957585119]"
"[0.6082372364708799, 0.6151473242164254, 0.4169015074659383, 0.5514230589295355]",stable,0.14348409149609107,4894,"[0.5186291437150012, 0.7175275124491626, 0.38880854239657286, 0.5155460942285858]"
"[0.6079982815568643, 0.6154203380517126, 0.41682659289241997, 0.5513273870236663]",stable,0.20100643378675412,4895,"[0.4415488960492398, 0.6613264587257563, 0.4188305038269168, 0.44843520601155196]"
"[0.6075555970209398, 0.6155424287981861, 0.41683192244277767, 0.5510537376060809]",stable,0.34484680114372795,4896,"[0.3594197663009722, 0.5856433655669823, 0.40815846084818386, 0.3136116544492886]"
"[0.22657115795792854, 0.6250151418094236, 0.34109400403040896, 0.35984761552098227]",stable,0.07422490210829234,4897,"[0.27202268802032137, 0.619981435648197, 0.3992631780310949, 0.365721584054549]"
"[0.22661520013822153, 0.6250102641871745, 0.3411503695090918, 0.3598533073509566]",stable,0.12498324352157983,4898,"[0.3153616014083212, 0.5985348187121111, 0.26515543315814605, 0.3242343817819051]"
"[0.22670111146568533, 0.6249846345206933, 0.3410768022909399, 0.3598188263000669]",stable,0.1096232075048835,4899,"[0.28110896333290136, 0.5951032313687921, 0.3486391856035549, 0.4498574034942921]"
"[0.22675373027793602, 0.6249557356781865, 0.34108411600787664, 0.35990590422772095]",stable,0.13611703056783098,4900,"[0.30307304313905714, 0.6924018190665394, 0.26484273088433774, 0.4082948030065288]"
"[0.22682746874446852, 0.6250209009761463, 0.3410104528338442, 0.3599526567869275]",stable,0.18231225438244594,4901,"[0.40145530185300216, 0.6331469034300856, 0.29009126908663907, 0.3691223248542429]"
"[0.2269960284289362, 0.6250287446078586, 0.34096130304258243, 0.3599615078178805]",stable,0.15358194688249804,4902,"[0.3535463921369454, 0.5481617893997007, 0.3378967125604124, 0.40063704513200443]"
"[0.2271180634951927, 0.6249546202537524, 0.3409583477962158, 0.36000073205829913]",stable,0.08230529415946317,4903,"[0.28511749939473036, 0.6353020883002795, 0.30754211807088877, 0.40676089007750876]"
"[0.22717393963767782, 0.6249645889127567, 0.3409261548966731, 0.3600457803800903]",stable,0.09655012681405248,4904,"[0.17345961637241245, 0.6067294395223283, 0.4146184834881489, 0.33409161891340244]"
"[0.22712224154021365, 0.6249470382396187, 0.34099708110320964, 0.3600208004364265]",stable,0.1420859121407764,4905,"[0.19759453735621, 0.5308147562684731, 0.25604072966737823, 0.3031169081608129]"
"[0.22709384951695982, 0.6248565264300311, 0.3409153923037521, 0.35996608515539225]",stable,0.1449017489174738,4906,"[0.17643136459565453, 0.7473082663114307, 0.298826260615707, 0.4007570872846068]"
"[0.22704518238447058, 0.624974155382847, 0.3408749608612084, 0.36000526959547796]",stable,0.14796121452449537,4907,"[0.08497104766062841, 0.6212198946448996, 0.3819065325180578, 0.36313207302959716]"
"[0.22690883484634788, 0.6249705524454785, 0.3409143385691324, 0.36000827036652794]",stable,0.08438037339251457,4908,"[0.22458762552780986, 0.6706659690713147, 0.3379529825940363, 0.2891717072699199]"
"[0.22690660933405782, 0.6250143639666922, 0.3409114993016587, 0.3599403541986501]",stable,0.09563865400225288,4909,"[0.2221324594922986, 0.5332893627850983, 0.35922252410322697, 0.34057052813840827]"
"[0.22690203639359635, 0.6249265047701582, 0.34092903859744567, 0.3599218007254123]",stable,0.21375927156937327,4910,"[0.03660578162921513, 0.5993688258458227, 0.3108292029753851, 0.27092086506716034]"
"[0.226719934714396, 0.6249020476611397, 0.34090023492699395, 0.3598366323659307]",stable,0.16853973085062338,4911,"[0.10001193326268477, 0.5935340651292008, 0.42318539335083255, 0.29204337592877855]"
"[0.16628193806426428, 0.5098882134427513, 0.4577128133920077, 0.3162665634570308]",stable,0.20975410044580875,4912,"[0.21954660248619368, 0.6061134399564193, 0.3104396535664604, 0.4173159590773993]"
"[0.22671307684419695, 0.6248840853210778, 0.34087111391230895, 0.3598915839211042]",stable,0.0911551828606318,4913,"[0.21721104608339123, 0.5453533558006866, 0.3747585620973899, 0.33258805500571026]"
"[0.2267040013611398, 0.6248081247389188, 0.3409034801474427, 0.3598655060520351]",stable,0.20492289496108415,4914,"[0.06497727289833784, 0.6375815407801371, 0.22064403528029503, 0.3250464890809304]"
"[0.22654968196375164, 0.6248203131130039, 0.3407887287687527, 0.35983228179920007]",stable,0.16936074687174457,4915,"[0.11176899072122876, 0.595591952406987, 0.2197474600381084, 0.35805191853326607]"
"[0.22644026281099425, 0.6247924500427408, 0.3406733414773031, 0.3598305845987559]",stable,0.15478611297018496,4916,"[0.23724490869399348, 0.6833483802366128, 0.1993563086529318, 0.3387901552160698]"
"[0.2264505529499304, 0.6248482175953063, 0.3405387538269941, 0.3598105460945819]",stable,0.07148935242344241,4917,"[0.19400642961707454, 0.6487342498377328, 0.3453820877710815, 0.3009538901319348]"
"[0.226419683184628, 0.6248709445527206, 0.3405433621371217, 0.35975454547045]",stable,0.10099353054419585,4918,"[0.13725846527217553, 0.5856543995486133, 0.3146852514052429, 0.3531673503565713]"
"[0.2263349291752055, 0.624833666468116, 0.34051878218395454, 0.3597482838781364]",stable,0.1323298238204061,4919,"[0.15987667910292827, 0.5474637297932947, 0.3761851247956688, 0.2833526807762017]"
"[0.16625873060425944, 0.5100243566179343, 0.457417423215934, 0.31614731025891185]",stable,0.13919930888438456,4920,"[0.1738855105897476, 0.6125426235195973, 0.39535532514685107, 0.38655029851712563]"
"[0.22628511966087933, 0.6248219940626568, 0.34057085867299813, 0.3597737368834916]",stable,0.07094779303099012,4921,"[0.21056307698292737, 0.5643664580061919, 0.32019918836509675, 0.3330056603931551]"
"[0.226270203111849, 0.624764635869055, 0.34055153071255423, 0.35974834022647995]",stable,0.08928337587845507,4922,"[0.21949978130956266, 0.6997149545897804, 0.3777268005052944, 0.3901807511788063]"
"[0.22626378565042504, 0.6248356788251883, 0.34058676793510656, 0.35977718611363857]",stable,0.06421472941109803,4923,"[0.20897604062070693, 0.6345251285123594, 0.3232725011135421, 0.3012024810412317]"
"[0.22624741467975298, 0.6248448544404224, 0.3405703718491013, 0.35972171764292604]",stable,0.029468864677176538,4924,"[0.22566092578303706, 0.6258860980917553, 0.3116076422855268, 0.3650270097198598]"
"[0.22624685981797746, 0.6248458395337538, 0.34054297096966557, 0.3597267368407283]",stable,0.06625338994167383,4925,"[0.2394692502661948, 0.6836330527914394, 0.32982856314982434, 0.3343506636207854]"
"[0.2262593573514824, 0.6249014040075324, 0.34053284393013833, 0.35970275189439566]",stable,0.11520819121773541,4926,"[0.18469500791881505, 0.641835413493313, 0.23605632674310523, 0.34117631513217717]"
"[0.22622010867401998, 0.6249173945736191, 0.34043418810654336, 0.35968525761983267]",stable,0.16162685721488787,4927,"[0.18118735425303817, 0.5587955940710242, 0.2431216917241844, 0.25842580103157264]"
"[0.22617762494343416, 0.6248550155165411, 0.3403423838646732, 0.3595897298305985]",stable,0.11540275303058661,4928,"[0.1635200271351838, 0.7107778358193867, 0.3837768382333615, 0.3706594167655277]"
"[0.22611856971458566, 0.624935998382048, 0.3403833211449453, 0.3596001630887841]",stable,0.20648743463628855,4929,"[0.09070181040960493, 0.7135773920162555, 0.239993605588372, 0.4393746596843017]"
"[0.22599105864179378, 0.6250194648543966, 0.34028879222257563, 0.3596752803172168]",stable,0.10945923909887802,4930,"[0.3098215078902507, 0.560616893686849, 0.3151273192299782, 0.372827843062134]"
"[0.22606992077655244, 0.6249588791806737, 0.3402651219751696, 0.3596876533771838]",stable,0.10442826427142826,4931,"[0.14190119444263477, 0.5737063066025972, 0.37393108445535117, 0.367476405554609]"
"[0.2259908148307499, 0.6249107094696041, 0.3402967629173502, 0.35969497363298963]",stable,0.14328925660022418,4932,"[0.22881800431463173, 0.5679625466612965, 0.3964505089237434, 0.24083589060238952]"
"[0.1664845763577265, 0.5102335197588851, 0.45719732605242425, 0.31587542787748035]",stable,0.1372301751103563,4933,"[0.20990068052146377, 0.6314481830313072, 0.4097689292527327, 0.3137039203764811]"
"[0.22597570672341724, 0.6249168479424321, 0.3403619949984163, 0.3596517895454248]",stable,0.13665088824124744,4934,"[0.2194253301656242, 0.737842620120472, 0.39874840475854567, 0.4093443942003301]"
"[0.2259695619048827, 0.625022782062674, 0.3404167664897485, 0.3596984054972587]",stable,0.16539170725590902,4935,"[0.1465808458495791, 0.6260366779729262, 0.31384781974427206, 0.21706281500163976]"
"[0.22589515823472778, 0.6250237322931429, 0.34039186588361403, 0.3595647264058851]",stable,0.052214575876787975,4936,"[0.189194003221806, 0.626991254477932, 0.31567628316061813, 0.3319123127350056]"
"[0.22586079385737484, 0.6250255745423796, 0.34036872395222545, 0.359538834632785]",stable,0.12207998075329209,4937,"[0.19581683713321058, 0.6771919265527246, 0.2780487684698958, 0.4455375394584621]"
"[0.22583268912704355, 0.6250743737491246, 0.34031042651959464, 0.35961928243898306]",stable,0.13058504701950152,4938,"[0.13889527919793132, 0.6741611780946577, 0.35939342685986814, 0.2776396142458305]"
"[0.22575143921122193, 0.6251202492672046, 0.3403282610993519, 0.359542665926653]",stable,0.1484878936961973,4939,"[0.13623065639868878, 0.5829098593557489, 0.4254933495000519, 0.2888328736755914]"
"[0.16637574930751414, 0.5104949454408882, 0.45708328297130063, 0.3157781525026534]",stable,0.21786035575300283,4940,"[0.23090954405453235, 0.5851296553677261, 0.27219182252612983, 0.37530404496100545]"
"[0.2257562553688721, 0.6250829097771022, 0.340264641642234, 0.3595573824336879]",stable,0.1663288339105088,4941,"[0.22034996085723849, 0.6212949273693381, 0.29397695540291374, 0.1999354720906156]"
"[0.22575121218369332, 0.6250793762114234, 0.34022146283044363, 0.35940848139792014]",stable,0.13005210391375657,4942,"[0.21989402416072815, 0.6860321951445033, 0.23168439696478355, 0.39660663025297355]"
"[0.22574575348096923, 0.6251361821936537, 0.3401203099265614, 0.35944314882462564]",stable,0.1084516724599231,4943,"[0.129608994806297, 0.6518680683147552, 0.3068489365438309, 0.3858611515598377]"
"[0.22565624067028517, 0.6251610722179751, 0.3400893309941752, 0.3594677465925355]",stable,0.1365967289867612,4944,"[0.2959997021190192, 0.5950984905525665, 0.4202192898778719, 0.4393795396784178]"
"[0.225721676448377, 0.6251331070257282, 0.3401638704908112, 0.35954208314424335]",stable,0.3670432610261277,4945,"[0.4497774202974351, 0.5850766077119588, 0.6035696390245197, 0.4758720323354632]"
"[0.33762143476123924, 0.5146912269589881, 0.5961268078081571, 0.4358238107171731]",stable,0.13983311699543519,4946,"[0.34782271064984643, 0.591270486900771, 0.6743549098642682, 0.5222252897228654]"
"[0.3376436114479536, 0.5148577036110354, 0.5962968688995834, 0.4360116400193594]",stable,0.1222916294347577,4947,"[0.40357000225495687, 0.5870232563189861, 0.6673240365914039, 0.4548856453442599]"
"[0.3377866188032833, 0.5150142449401199, 0.5964509408468542, 0.4360525814625804]",stable,0.22544153507282963,4948,"[0.3782672388281738, 0.55625121311119, 0.8143570009357727, 0.4373435388503867]"
"[0.5090137329094611, 0.5060169477900321, 0.7837940674415553, 0.5575133681244423]",stable,0.1336460056591591,4949,"[0.46380982584225083, 0.5914660358334619, 0.6981732928897328, 0.5919429764899056]"
"[0.5089399908098408, 0.5061563427134308, 0.7836543924422864, 0.5575695338803403]",stable,0.3859147644148559,4950,"[0.5597253799105331, 0.7037301355472203, 0.4784230287972346, 0.6765210394610514]"
"[0.6074287264185249, 0.6157763484447353, 0.4169952940776701, 0.551386542120285]",stable,0.14065180948228995,4951,"[0.7271049400793692, 0.6416343670261148, 0.4366315799577459, 0.6177666185463279]"
"[0.6077453301583683, 0.6158447559012998, 0.41704724192391374, 0.5515621507880788]",stable,0.2806738733606445,4952,"[0.7844666600170535, 0.5131286851008213, 0.27505760055777684, 0.6813147819917341]"
"[0.8759971505460951, 0.680250293990211, 0.3972994908398082, 0.7127378633959441]",stable,0.43007908528227445,4953,"[0.47869621363833426, 0.6501490207999407, 0.37486137950639403, 0.5523931421184184]"
"[0.6074048311701887, 0.6159352684735917, 0.4169359335798042, 0.551564343377341]",stable,0.2593432447861832,4954,"[0.37815103119274995, 0.6480509908927768, 0.3180230632016262, 0.48922303877778794]"
"[0.2258633394174703, 0.6251544061743035, 0.340143293532364, 0.35966260447847526]",stable,0.21761325664181017,4955,"[0.4338905911036117, 0.5748356307572352, 0.33367617989857057, 0.3984748358487451]"
"[0.2260564937830099, 0.625107684934362, 0.3401372887843289, 0.35969864183350797]",stable,0.27316448004521476,4956,"[0.48605915796291216, 0.6460211296185889, 0.30816286885472993, 0.4342487060811728]"
"[0.6070855004512221, 0.6160144417923944, 0.41664968867263297, 0.5512556180160353]",stable,0.34256530978100347,4957,"[0.3237054080645887, 0.5948470875240663, 0.2994942854438734, 0.4000165049801416]"
"[0.22614707719143437, 0.6250796138792504, 0.3400995865548851, 0.35973604244867186]",stable,0.2369667605320739,4958,"[0.4438688303903393, 0.5670674332434085, 0.39556708671501833, 0.4077821359935217]"
"[0.6066571102410886, 0.6158859719536832, 0.4165943537593583, 0.5508790471970786]",stable,0.3854994024175921,4959,"[0.25862697866405643, 0.6344929987555921, 0.45571186625859095, 0.39085275076971104]"
"[0.2261771790463673, 0.625088338054298, 0.34020673417277547, 0.35976488091792214]",stable,0.3426072320522157,4960,"[0.2831421840376701, 0.6146148923015905, 0.6311349045115869, 0.5311877799081044]"
"[0.33766834080595515, 0.5152298307569197, 0.5965260143612802, 0.43625850180553605]",stable,0.16160699898085737,4961,"[0.4061571711038434, 0.6489375521329623, 0.5439573360905807, 0.4082427642046063]"
"[0.33781626484547544, 0.5155186163322459, 0.5964124750993564, 0.43619799265305026]",stable,0.14702920575349152,4962,"[0.3705468764279022, 0.5354431344800341, 0.7382872177011146, 0.4316301268268512]"
"[0.33788680495664447, 0.5155615571041161, 0.5967182396308256, 0.43618814811463175]",stable,0.22834744298106815,4963,"[0.21405663798020708, 0.4425324118228102, 0.7098167470427975, 0.2994982947119528]"
"[0.29082303991035724, 0.29904609765663626, 0.837861406190542, 0.37613846342880586]",stable,0.025907331793701867,4964,"[0.3045167339064158, 0.3077030337347372, 0.8576768528203854, 0.3801482162903629]"
"[0.29084401034526697, 0.2990593548328661, 0.8378917514380609, 0.37614460393854793]",stable,0.12118873205229364,4965,"[0.29695146414300244, 0.37654008782156967, 0.7475772994655615, 0.35402123247325207]"
"[0.2908533489596366, 0.29917782690165623, 0.8377536559457482, 0.3761107761534328]",stable,0.1018954052123591,4966,"[0.3445781267433138, 0.30422445678046883, 0.8622914463689687, 0.45898869977304185]"
"[0.2909353715211384, 0.29918553168009715, 0.8377911182212036, 0.3762373073345314]",stable,0.09350864443262691,4967,"[0.2099731675866921, 0.2998020636857319, 0.8812989469356483, 0.39343256384745223]"
"[0.2908119535273359, 0.29918647151547156, 0.8378574411308293, 0.3762635196158011]",stable,0.11053618278955167,4968,"[0.26908673040314396, 0.3871097120502084, 0.8858516453149118, 0.41764373861590626]"
"[0.29077888621664455, 0.2993202968435305, 0.8379304916699223, 0.37632650320636446]",stable,0.14121986624073582,4969,"[0.3645924926791231, 0.398140014588236, 0.8964478823112944, 0.4124510170361098]"
"[0.2908910649498702, 0.29947047878539174, 0.8380194238745445, 0.3763814036833094]",stable,0.19765848422986435,4970,"[0.2340532835705813, 0.4336940481160889, 0.9012623715421457, 0.49395140837144524]"
"[0.29080481641970435, 0.29967415643232753, 0.8381153919286684, 0.3765598103672064]",stable,0.2948523100120003,4971,"[0.4620855328021124, 0.4693031067556298, 0.7912738097724843, 0.5397550502128035]"
"[0.5088636806176458, 0.5060963211564963, 0.7836668019167655, 0.5575405200632921]",stable,0.18512791532185746,4972,"[0.632689591019522, 0.4554464544345921, 0.6559126585411877, 0.5502632406273362]"
"[0.5090650235613887, 0.5060139636496314, 0.7834590716023337, 0.5575286870885995]",stable,0.2767583678129569,4973,"[0.7041858736780732, 0.581166161644907, 0.6022021039053079, 0.5529344731196468]"
"[0.6913256697754354, 0.6015513094415554, 0.6268447017022916, 0.6452805406570159]",stable,0.19462087926531393,4974,"[0.843169867486965, 0.6086308919489366, 0.7394790965829551, 0.690931377108649]"
"[0.6919557286871015, 0.6015806853025819, 0.6273120643366512, 0.6454699632149066]",stable,0.2108058947477979,4975,"[0.8787825041264964, 0.5758187841639049, 0.5341228016928907, 0.6317963749158964]"
"[0.8759993629000112, 0.680167346007823, 0.3974081670199934, 0.7126735730953246]",stable,0.12037192048781269,4976,"[0.8149419470056027, 0.6910677834117941, 0.49815620380634545, 0.6904833780912358]"
"[0.8759509046334283, 0.6801759971486198, 0.3974881257793476, 0.7126559618294485]",stable,0.11543588687537862,4977,"[0.8463646913507397, 0.6585345886721673, 0.49502143356647627, 0.6629668958938422]"
"[0.8759274421328077, 0.6801588350483212, 0.39756547178076485, 0.7126165573362402]",stable,0.06314798596803636,4978,"[0.8609281106861605, 0.686453711777123, 0.3873448983440002, 0.772771379200874]"
"[0.8759155567671606, 0.6801638230647465, 0.39755737306964223, 0.7126642235976226]",stable,0.11524001527579673,4979,"[0.8918041351956197, 0.5732376635927333, 0.4362209262936041, 0.7026772185935168]"
"[0.875928136797587, 0.6800791626059406, 0.3975879855425037, 0.7126563162302402]",stable,0.09299592408895734,4980,"[0.8609519189324983, 0.6799930334966692, 0.40991106700264696, 0.6217052907235439]"
"[0.8759162885239594, 0.6800790944658225, 0.3975977348158108, 0.7125843613049975]",stable,0.04181624342675602,4981,"[0.8685127843179197, 0.6523621422708109, 0.4280191133664439, 0.7122735110269032]"
"[0.8759104359514646, 0.6800571838316762, 0.3976217833364042, 0.7125841155735523]",stable,0.07976566843354803,4982,"[0.9319824835683237, 0.6560558612255607, 0.40881510131716864, 0.7627551578433922]"
"[0.8759547266683816, 0.6800382254409921, 0.3976306248198013, 0.7126237451488049]",stable,0.19621455507287539,4983,"[0.8398938387496587, 0.5240735769611284, 0.44628414572714753, 0.6101170267698092]"
"[0.8759262650362437, 0.6799151278494532, 0.39766902538878895, 0.7125428400829967]",stable,0.33457710010713615,4984,"[0.6469192269921398, 0.6316652815945869, 0.5625417763833872, 0.5393766171692256]"
"[0.6917696274404281, 0.6017050018161852, 0.6270444185186625, 0.6450315609585194]",stable,0.27322098169551723,4985,"[0.4728302668251197, 0.6582953637593376, 0.5539603254325655, 0.5102298269750584]"
"[0.6063067781902615, 0.6159969913039598, 0.41695395054384315, 0.5507726356258168]",stable,0.17029505986768104,4986,"[0.4548771642592545, 0.6615316902202141, 0.44335867346944946, 0.49333692163294224]"
"[0.6059114006081961, 0.616115880857266, 0.41702289237915807, 0.5506226729260965]",stable,0.3075339307949322,4987,"[0.3584033192046681, 0.5540278693079395, 0.4533659468019967, 0.3828694927857606]"
"[0.3379309264926617, 0.5156442803561673, 0.5964099551301185, 0.436073484339731]",stable,0.24484706736304693,4988,"[0.2703084116373924, 0.646762644431764, 0.4045601721351263, 0.39893970931150396]"
"[0.2262180412987664, 0.6251084068564993, 0.34026632068940726, 0.35980115390717543]",stable,0.09327466153730762,4989,"[0.23961227644125674, 0.6212426526270778, 0.3913345350821763, 0.4365986172299888]"
"[0.22623043189556796, 0.6251048307656303, 0.3403135623308437, 0.3598721968889727]",stable,0.1555350325534168,4990,"[0.29730843243764876, 0.6474310960572611, 0.32279379990519547, 0.4952740432316609]"
"[0.22629612320845344, 0.6251254650219072, 0.3402973703138144, 0.3599973372275519]",stable,0.08192470326172739,4991,"[0.24791701854279355, 0.6929973105802257, 0.29988107282832166, 0.3579652526979343]"
"[0.22631608710072892, 0.6251881352394126, 0.3402600514795711, 0.3599954608798791]",stable,0.07683583151609813,4992,"[0.21705004075961443, 0.660580923851852, 0.2727210794255576, 0.35806591220288037]"
"[0.2263075390874991, 0.6252207854134093, 0.34019774615479803, 0.3599936808534243]",stable,0.11492433980220551,4993,"[0.2090133254812288, 0.56149570180213, 0.2729236804907064, 0.42573429130444196]"
"[0.22629159972012006, 0.6251620526174543, 0.34013574240764216, 0.36005427127780315]",stable,0.18307125085113893,4994,"[0.1789656784530012, 0.6925344032532431, 0.2845073523995271, 0.513813136581019]"
"[0.22624802152374152, 0.6252240897727359, 0.34008451921242294, 0.3601958540267011]",stable,0.05005054234232248,4995,"[0.266039055203855, 0.6435472774641343, 0.3633788397879469, 0.35361057884800157]"
"[0.22628462781047576, 0.6252409464311456, 0.34010594913015574, 0.3601897958158652]",stable,0.1450198959697542,4996,"[0.13473041273964417, 0.6914523748195487, 0.29370173445712544, 0.4383645458390596]"
"[0.22620047871574153, 0.6253018025234143, 0.3400632981975518, 0.3602616476081659]",stable,0.056357075797364625,4997,"[0.2616938947701681, 0.6624162849431823, 0.35691373254196807, 0.3442955752566285]"
"[0.22623307138429471, 0.6253358837744885, 0.3400787715073263, 0.3602469863847026]",stable,0.1184579942987025,4998,"[0.2131998505038458, 0.5602669880480379, 0.25708870457052785, 0.307891287883786]"
"[0.22622111430091818, 0.625276187539877, 0.3400026338312375, 0.36019895363378435]",stable,0.05262579493061732,4999,"[0.21547584764401548, 0.6751966785746413, 0.33269402536886444, 0.3497805874594174]"
