prediction,regime,surprise,tick,vector
"[0.27695950962732585, 0.7033445645556071, 0.8945100442074243, 0.4916725057102958]",stable,0.0,0,"[0.27695950962732585, 0.7033445645556071, 0.8945100442074243, 0.4916725057102958]"
"[0.27695950962732585, 0.7033445645556071, 0.8945100442074243, 0.4916725057102958]",stable,0.34897460211230796,1,"[0.29821636585141137, 0.4490126051154403, 0.7308407210418062, 0.3188748609209469]"
"[0.29821636585141137, 0.4490126051154403, 0.7308407210418062, 0.3188748609209469]",stable,0.4616405690414598,2,"[0.09392177077865234, 0.3250590252575064, 0.3387650932322409, 0.36670733448356174]"
"[0.09392177077865234, 0.3250590252575064, 0.3387650932322409, 0.36670733448356174]",stable,0.570874289736685,3,"[0.3042547834907508, 0.7876344714745813, 0.5959386412535495, 0.4059909341279741]"
"[0.3042547834907508, 0.7876344714745813, 0.5959386412535495, 0.4059909341279741]",stable,0.4139719228139831,4,"[0.39503553407096864, 0.5397967444829725, 0.3320487692088685, 0.5850724929615775]"
"[0.39503553407096864, 0.5397967444829725, 0.3320487692088685, 0.5850724929615775]",stable,0.5005859980625423,5,"[0.25852578077997246, 0.6179454878382543, 0.6628091255477605, 0.9263081729530791]"
"[0.25852578077997246, 0.6179454878382543, 0.6628091255477605, 0.9263081729530791]",stable,0.40863267782419865,6,"[0.5378926335255498, 0.6096391896336464, 0.602406308020498, 0.6343880948191649]"
"[0.5378926335255498, 0.6096391896336464, 0.602406308020498, 0.6343880948191649]",stable,0.2849302135171742,7,"[0.3082254987734038, 0.7574003706521077, 0.6034250217123156, 0.5531241458865314]"
"[0.39503553407096864, 0.5397967444829725, 0.3320487692088685, 0.5850724929615775]",stable,0.5358069628383839,8,"[0.5855163370035223, 0.4164191440229854, 0.8170975128623397, 0.5674132425474783]"
"[0.5855163370035223, 0.4164191440229854, 0.8170975128623397, 0.5674132425474783]",stable,0.3458432074841135,9,"[0.6343473083268995, 0.4708448067731889, 0.9212110285021842, 0.8890050389257877]"
"[0.6343473083268995, 0.4708448067731889, 0.9212110285021842, 0.8890050389257877]",stable,0.48735564662825803,10,"[0.3178919089686555, 0.4450888945310243, 0.933353800643617, 0.519463846923114]"
"[0.29821636585141137, 0.4490126051154403, 0.7308407210418062, 0.3188748609209469]",stable,0.661255406572267,11,"[0.3224623142460391, 0.8138935171147123, 1.0, 0.7995889644344427]"
"[0.3224623142460391, 0.8138935171147123, 1.0, 0.7995889644344427]",stable,0.6922442027413399,12,"[0.7220848413327655, 0.7322986249137761, 0.7844551760883657, 0.28346245424006017]"
"[0.7220848413327655, 0.7322986249137761, 0.7844551760883657, 0.28346245424006017]",stable,0.48437187322689484,13,"[0.5868404614743342, 0.4818280255740201, 0.7952412632107365, 0.6752190221250306]"
"[0.6343473083268995, 0.4708448067731889, 0.9212110285021842, 0.8890050389257877]",stable,0.5114932776655347,14,"[0.20172179570490514, 0.5424832471924907, 0.9270638662733155, 0.6257670913006337]"
"[0.29821636585141137, 0.4490126051154403, 0.7308407210418062, 0.3188748609209469]",stable,0.40354985269712534,15,"[0.07015238560755332, 0.6103955732435592, 0.5632519918747537, 0.5570110824025426]"
"[0.07015238560755332, 0.6103955732435592, 0.5632519918747537, 0.5570110824025426]",stable,0.347978219850196,16,"[0.4001408527279121, 0.6588878822239904, 0.46716277616569146, 0.5817459091015704]"
"[0.25852578077997246, 0.6179454878382543, 0.6628091255477605, 0.9263081729530791]",stable,0.7521009214362226,17,"[0.0, 0.8215159565557859, 0.4390827558778888, 0.28808737066143864]"
"[0.0, 0.8215159565557859, 0.4390827558778888, 0.28808737066143864]",stable,0.4543713427587935,18,"[0.1351480009739049, 0.6723781349158572, 0.14532576180514495, 0.0058586096482684535]"
"[0.1351480009739049, 0.6723781349158572, 0.14532576180514495, 0.0058586096482684535]",stable,0.4877855885585533,19,"[0.2824167156990081, 0.8589753650897405, 0.35456679413726083, 0.37686584697478703]"
"[0.2824167156990081, 0.8589753650897405, 0.35456679413726083, 0.37686584697478703]",stable,0.40932546272676157,20,"[0.19595676672825924, 0.48032957042328583, 0.4295757675475842, 0.48209430201329556]"
"[0.3062401411320773, 0.7725174210633445, 0.5996818314829325, 0.4795575400072527]",stable,0.39375269093406806,21,"[0.23015098149793764, 0.8007326884103132, 0.218464637823081, 0.42362033100790686]"
"[0.14493926875345578, 0.4026942978403961, 0.38417043038991255, 0.4244008182484287]",stable,0.22758263120057803,22,"[0.06760813147057738, 0.6122204858749805, 0.4219246691070418, 0.4023294970985527]"
"[0.3975881933994404, 0.5993423133534814, 0.39960577268728, 0.5834092010315739]",stable,0.2674164963440982,23,"[0.27926790119762673, 0.7625092398489931, 0.22625861360691432, 0.5544401225684055]"
"[0.14493926875345578, 0.4026942978403961, 0.38417043038991255, 0.4244008182484287]",stable,0.2754039189145551,24,"[0.11097373990432124, 0.668503180348789, 0.44356260093514216, 0.44702535053219605]"
"[0.3975881933994404, 0.5993423133534814, 0.39960577268728, 0.5834092010315739]",stable,0.26571912460739394,25,"[0.5864118517990426, 0.6898020111940014, 0.25697711341955, 0.6635739553367027]"
"[0.25852578077997246, 0.6179454878382543, 0.6628091255477605, 0.9263081729530791]",stable,0.5745835007279774,26,"[0.5943999297868378, 0.5090301485151081, 0.39652866505521733, 0.5594745314236594]"
"[0.25852578077997246, 0.6179454878382543, 0.6628091255477605, 0.9263081729530791]",stable,0.6669269038748372,27,"[0.7773988446146937, 0.5863776717119078, 0.3992343305614157, 0.6021260649153818]"
"[0.7773988446146937, 0.5863776717119078, 0.3992343305614157, 0.6021260649153818]",stable,0.3065752635629056,28,"[1.0, 0.5786562646115355, 0.6064216960034304, 0.6402166585492322]"
"[1.0, 0.5786562646115355, 0.6064216960034304, 0.6402166585492322]",stable,0.49026383428384035,29,"[0.9772631559901367, 0.9955036589287023, 0.3530816169247422, 0.6837909320894356]"
"[0.9772631559901367, 0.9955036589287023, 0.3530816169247422, 0.6837909320894356]",stable,0.5330446575367043,30,"[0.7089999899581829, 0.5353981685802696, 0.344490744717469, 0.7038063097996188]"
"[1.0, 0.5786562646115355, 0.6064216960034304, 0.6402166585492322]",stable,0.35671474752843485,31,"[1.0, 0.7906930758302165, 0.3295609710956108, 0.7152762401894535]"
"[0.7431994172864382, 0.5608879201460887, 0.3718625376394423, 0.6529661873575003]",stable,0.2332049393063394,32,"[0.6310539116127967, 0.6888099308259132, 0.34384223984264084, 0.49593513511277365]"
"[0.25852578077997246, 0.6179454878382543, 0.6628091255477605, 0.9263081729530791]",stable,0.5669710059752983,33,"[0.7361328578457491, 0.7070362546384021, 0.41603696149477976, 0.7697389043436315]"
"[1.0, 0.5786562646115355, 0.6064216960034304, 0.6402166585492322]",stable,0.3616605498838555,34,"[0.7107089109741348, 0.6245586010453434, 0.5363554946296004, 0.43998498750920645]"
"[0.3062401411320773, 0.7725174210633445, 0.5996818314829325, 0.4795575400072527]",stable,0.5249924712195886,35,"[0.6696505746052114, 0.499510719286792, 0.5403307746668189, 0.7354769502129233]"
"[1.0, 0.5786562646115355, 0.6064216960034304, 0.6402166585492322]",stable,0.2777364154624801,36,"[0.9959183663899667, 0.7372984114033052, 0.7189249157442986, 0.44198308028798666]"
"[0.9886315779950683, 0.8930983673794595, 0.3413212940101765, 0.6995335861394445]",stable,0.7377679122085754,37,"[0.6345877919242069, 0.4192601195742742, 0.7696066756201128, 0.8044308532408971]"
"[0.26552440476696215, 0.5636389020930407, 0.9183092370414524, 0.5456344813113478]",stable,0.44155994011960975,38,"[0.6120853091864481, 0.295390407184127, 0.9071487777492933, 0.5984446069869398]"
"[0.6344675501255532, 0.4450524631737316, 0.8454088520611485, 0.8467179460833425]",stable,0.5666631617485535,39,"[0.752370731258856, 0.29391826614513955, 1.0, 0.3363592386735583]"
"[0.752370731258856, 0.29391826614513955, 1.0, 0.3363592386735583]",stable,0.8850363882127329,40,"[0.43875502865765326, 0.6032702070745771, 0.2323920190454864, 0.3400960502446902]"
"[0.43875502865765326, 0.6032702070745771, 0.2323920190454864, 0.3400960502446902]",stable,0.48965995893012687,41,"[0.1383487357207352, 0.7458722337391857, 0.5834713635876724, 0.2630837760909719]"
"[0.1351480009739049, 0.6723781349158572, 0.14532576180514495, 0.0058586096482684535]",stable,0.5806439936929693,42,"[0.016548047591344595, 0.2663409887159061, 0.4599821410194953, 0.24918287353267832]"
"[0.3062401411320773, 0.7725174210633445, 0.5996818314829325, 0.4795575400072527]",stable,0.5690645969226003,43,"[0.30552002169042425, 0.4538832618197545, 0.15215919157551472, 0.627981784091895]"
"[0.30552002169042425, 0.4538832618197545, 0.15215919157551472, 0.627981784091895]",stable,0.18250147460275018,44,"[0.3251155364652035, 0.4449429422988792, 0.3151252666576475, 0.5487042141740488]"
"[0.3153177790778139, 0.44941310205931684, 0.2336422291165811, 0.5883429991329718]",stable,0.4966883172285989,45,"[0.4265869272564371, 0.3156083574156934, 0.5520568837657872, 0.24918690063190935]"
"[0.10214219503275206, 0.35724319479889943, 0.40944100059977345, 0.36599483667651195]",stable,0.31911132925721525,46,"[0.38317603162306485, 0.2628258022285913, 0.3455494024012946, 0.4652684122719576]"
"[0.3379371965928975, 0.38721733544907505, 0.27094462021148563, 0.5473181368459671]",stable,0.494781904505341,47,"[0.13964094934341628, 0.4125930098174601, 0.6247211761168255, 0.2650311286525141]"
"[0.10214219503275206, 0.35724319479889943, 0.40944100059977345, 0.36599483667651195]",stable,0.4871453903569789,48,"[0.5131513188244773, 0.47846288384528735, 0.5926248775344468, 0.5078806559985678]"
"[0.3062401411320773, 0.7725174210633445, 0.5996818314829325, 0.4795575400072527]",stable,0.3311076232189771,49,"[0.4533714926243556, 0.4920395114873858, 0.6896477684223827, 0.44458761017771337]"
"[0.3062401411320773, 0.7725174210633445, 0.5996818314829325, 0.4795575400072527]",stable,0.6592145686296477,50,"[0.28778419275492434, 0.1390865867587032, 0.6941276228639279, 0.6346981088653558]"
"[0.28778419275492434, 0.1390865867587032, 0.6941276228639279, 0.6346981088653558]",stable,0.5415169352737392,51,"[0.15756930709455064, 0.4360266503209446, 1.0, 0.3272028043524261]"
"[0.15756930709455064, 0.4360266503209446, 1.0, 0.3272028043524261]",stable,0.26874378933506876,52,"[0.3523377236478314, 0.27056248406364136, 0.9478624670589627, 0.26245888137044043]"
"[0.25495351537119104, 0.353294567192293, 0.9739312335294814, 0.29483084286143324]",stable,0.24666066149761395,53,"[0.3745289641779446, 0.2230867550371488, 0.8942698579775531, 0.14237368536448503]"
"[0.29481199830677557, 0.30989196314057826, 0.9473774416788386, 0.2440117903624505]",stable,0.3091888082871327,54,"[0.1300149249148115, 0.4026134218400784, 0.9647158681417357, 0.0]"
"[0.1300149249148115, 0.4026134218400784, 0.9647158681417357, 0.0]",stable,0.7076651256778416,55,"[0.5314159418397316, 0.1531208621968385, 0.9756686628440818, 0.5265934415496911]"
"[0.5314159418397316, 0.1531208621968385, 0.9756686628440818, 0.5265934415496911]",stable,0.4998588883804711,56,"[0.24782409526164453, 0.2111482872143054, 0.5793586331681281, 0.431694805250333]"
"[0.29481199830677557, 0.30989196314057826, 0.9473774416788386, 0.2440117903624505]",stable,0.5554650591319817,57,"[0.7232295608591739, 0.1871170054427768, 0.9404889070469415, 0.5754913249736932]"
"[0.26780414400828445, 0.17511743698650428, 0.6367431280160281, 0.5331964570578445]",stable,0.438798205170254,58,"[0.6946378036981409, 0.27527661549322646, 0.6342547386964917, 0.5510525119371588]"
"[0.6344675501255532, 0.4450524631737316, 0.8454088520611485, 0.8467179460833425]",stable,0.5842203936376562,59,"[0.7686200086669992, 0.25112927665136353, 0.6117265880089922, 0.3659862294201992]"
"[0.7686200086669992, 0.25112927665136353, 0.6117265880089922, 0.3659862294201992]",stable,0.18134011211609716,60,"[0.6645180377478791, 0.1374951895158626, 0.6723599879938099, 0.29210862144460326]"
"[0.7165690232074391, 0.19431223308361306, 0.6420432880014011, 0.32904742543240123]",stable,0.5116100252242685,61,"[0.5081973569446765, 0.5402348396452772, 0.671091652519466, 0.6418090109848251]"
"[0.3062401411320773, 0.7725174210633445, 0.5996818314829325, 0.4795575400072527]",stable,0.3733454895172349,62,"[0.4851665411745113, 0.4997353465156943, 0.7784043651893922, 0.4476139387428021]"
"[0.5347480423446176, 0.5407783953621057, 0.6450884110526311, 0.5193773830387133]",stable,0.2108025613837519,63,"[0.5894050719764081, 0.6430277913954248, 0.6896661229604226, 0.6896953727217396]"
"[0.5425561894348734, 0.5553854519382941, 0.6514566556108871, 0.5437085244220028]",stable,0.2931678111002692,64,"[0.5190447951744666, 0.4391585584778438, 0.874221555262507, 0.6929120382043251]"
"[0.6344675501255532, 0.4450524631737316, 0.8454088520611485, 0.8467179460833425]",stable,0.40213651404056083,65,"[0.6165229806265404, 0.7688686620092088, 0.9451777559003972, 0.6308916187999299]"
"[0.6165229806265404, 0.7688686620092088, 0.9451777559003972, 0.6308916187999299]",stable,0.5482136928856067,66,"[0.25772894869864604, 0.4237754456782027, 1.0, 0.407933574956689]"
"[0.2855412359047432, 0.33836283377498433, 0.960533081259129, 0.28499223651101013]",stable,0.4580152809096591,67,"[0.3160602464158148, 0.7778311186016341, 0.8904589964319504, 0.38893374319306195]"
"[0.28814808081708826, 0.39240465744953124, 0.6358729269748064, 0.27769763006845677]",stable,0.4675032870235254,68,"[0.15350402677912994, 0.3430485289373541, 1.0, 0.5334431077575429]"
"[0.15350402677912994, 0.3430485289373541, 1.0, 0.5334431077575429]",stable,0.6118298067746641,69,"[0.6254253226202467, 0.6033248569644847, 0.7237854301910686, 0.620550785281079]"
"[0.5529148310830451, 0.561377877566568, 0.6604977524334098, 0.5533138070293873]",stable,0.3815542014421174,70,"[0.5046075273331793, 0.4041253630930951, 0.973172186392239, 0.4092431365830885]"
"[0.3293544941904304, 0.3515153396386065, 0.9630609022857509, 0.30984241652542577]",stable,0.1701739010277718,71,"[0.37665725720450477, 0.3679221052391451, 1.0, 0.4682341028755317]"
"[0.3372382880261094, 0.3542498005720296, 0.9692174185714592, 0.33624103091711016]",stable,0.5450358262917016,72,"[0.7941391287600585, 0.3246101964707102, 0.71191654353169, 0.19055840583582456]"
"[0.7424257250583123, 0.23774488754597878, 0.665334373178164, 0.28288441890020904]",stable,0.5347367588111672,73,"[0.36266286187887253, 0.4851728143661012, 0.9252233029865078, 0.39672963911694226]"
"[0.3408703700050756, 0.37295308825689694, 0.9629325449164661, 0.34488226065994326]",stable,0.49266099397258495,74,"[0.3838840391837163, 0.7585998234223541, 0.7699504877585958, 0.5791880448761807]"
"[0.5214084159995116, 0.6172653434483971, 0.35931191273839364, 0.5771604047872567]",stable,0.6614667943615413,75,"[0.493396584894599, 0.46119178969752417, 1.0, 0.5334170850490256]"
"[0.6344675501255532, 0.4450524631737316, 0.8454088520611485, 0.8467179460833425]",stable,0.21294804597778702,76,"[0.5575226241467399, 0.5551422615965431, 0.7351213632928919, 0.7236600135625617]"
"[0.5534268080901223, 0.5606850313476763, 0.6687892647511301, 0.5722411633108511]",stable,0.2214722794092571,77,"[0.6214988852962756, 0.36763472249836093, 0.5858248627592174, 0.5559731238813497]"
"[0.5602340158107377, 0.5413800004627447, 0.6604928245519388, 0.570614359367901]",stable,0.5067981278098862,78,"[0.6525332955324779, 0.6414991577697956, 0.288476330851021, 0.8866919891822469]"
"[0.9979591831949833, 0.6579773380074203, 0.6626733058738645, 0.5410998694186094]",stable,0.47985914678443825,79,"[0.6300319280835892, 0.8501414197921335, 0.4330936023087679, 0.6136289055468014]"
"[0.7089431125112629, 0.5939643943974334, 0.39771382845830083, 0.7395680436907603]",stable,0.18027378152436482,80,"[0.591996524911194, 0.605380446878705, 0.5304147870250773, 0.772465783658688]"
"[0.9979591831949833, 0.6579773380074203, 0.6626733058738645, 0.5410998694186094]",stable,0.5563096221736388,81,"[0.7746152311134438, 0.9387285180860846, 0.24680124781439747, 0.629570661216787]"
"[0.689452014577918, 0.5958670698109787, 0.4198306548860969, 0.7450510003520816]",stable,0.34782384137371414,82,"[0.46916293434831174, 0.6756870482343215, 0.44980792913151607, 0.4897388779746419]"
"[0.689452014577918, 0.5958670698109787, 0.4198306548860969, 0.7450510003520816]",stable,0.5779251578355717,83,"[0.2295057079405497, 0.5417515368674953, 0.6644853521078561, 0.5007919753571255]"
"[0.5819202152385853, 0.39487742340828785, 0.8379939746302281, 0.6030764178083263]",stable,0.35817041890437074,84,"[0.6239377630466449, 0.5781749012216881, 0.5380320986612837, 0.5488041205769811]"
"[0.5660252655594566, 0.5447249914408304, 0.649360031289152, 0.5686316103869081]",stable,0.2584719192909767,85,"[0.4746733970218978, 0.7581237647397634, 0.6214833704697712, 0.6788424288791485]"
"[0.5819202152385853, 0.39487742340828785, 0.8379939746302281, 0.6030764178083263]",stable,0.1483928916469178,86,"[0.5509036893422843, 0.47045479868284223, 0.7237709425449345, 0.555122432567169]"
"[0.5647651342080257, 0.538535808710998, 0.6555609405604672, 0.5675058455685965]",stable,0.2957236452728606,87,"[0.5875765772118293, 0.7950611638472875, 0.7392446326241494, 0.4486618541498281]"
"[0.5819202152385853, 0.39487742340828785, 0.8379939746302281, 0.6030764178083263]",stable,0.435144386714604,88,"[0.47406771846665235, 0.618075023919446, 0.48086609954542775, 0.5840767285275587]"
"[0.689452014577918, 0.5958670698109787, 0.4198306548860969, 0.7450510003520816]",stable,0.6940329559829009,89,"[0.21109850153196322, 0.5671042583845919, 0.37740857412468154, 0.2448183261996639]"
"[0.34010868528206367, 0.7207019934312604, 0.6510565746604177, 0.5435875058253921]",stable,0.49241016109112135,90,"[0.317179953599869, 0.3731179338702333, 0.3630256185061476, 0.34822750519792656]"
"[0.34010868528206367, 0.7207019934312604, 0.6510565746604177, 0.5435875058253921]",stable,0.3579332770376082,91,"[0.3323249488622505, 0.5131124146401408, 0.5385730034795994, 0.27468295538051135]"
"[0.1669410080460177, 0.40239035533030465, 0.39375143888602987, 0.3382060682854252]",stable,0.1543613417866615,92,"[0.08539555602058212, 0.4856818577166649, 0.3379042751690022, 0.2538177810227229]"
"[0.34010868528206367, 0.7207019934312604, 0.6510565746604177, 0.5435875058253921]",stable,0.49290230670162055,93,"[0.15243696472682391, 0.5430253554983528, 0.2361279688752565, 0.6068115019791882]"
"[0.29919229782837886, 0.42258159674718365, 0.6115479461010046, 0.2769439613964704]",stable,0.5578398821371553,94,"[0.32612268934667454, 0.6622443243069805, 0.24464397806701635, 0.6210418302869638]"
"[0.08291141899415065, 0.630373079822443, 0.4762464206389792, 0.46878864334443043]",stable,0.6017309710583646,95,"[0.5805441422719214, 0.54556248886956, 0.5678868493924591, 0.78319447938138]"
"[0.9979591831949833, 0.6579773380074203, 0.6626733058738645, 0.5410998694186094]",stable,0.2546092180616492,96,"[0.9020245672574619, 0.7976519224258037, 0.4741230700720726, 0.5173886393044788]"
"[0.522538082612014, 0.6537787761484858, 0.39504089933471, 0.5716558169981607]",stable,0.23734969856211044,97,"[0.7054029690832172, 0.5787259310542617, 0.5223970908701941, 0.6039479774126966]"
"[0.9134757385902605, 0.8806442938177018, 0.3508917264767058, 0.6365066182000386]",stable,0.21051805521236985,98,"[0.8528877804482393, 0.6915988670124275, 0.39298186307827404, 0.5804959236546924]"
"[0.6778323998528308, 0.5874363548487117, 0.45115848369740436, 0.7321810573633207]",stable,0.5031193323548772,99,"[0.7241334250240721, 1.0, 0.3749044078578111, 0.4583894718924724]"
"[0.7241334250240721, 1.0, 0.3749044078578111, 0.4583894718924724]",stable,0.5814264864785822,100,"[0.7152183564068009, 0.5821615685455735, 0.6628745168591734, 0.7420469101024132]"
"[0.9013581469618563, 0.842835208456647, 0.35930975379701946, 0.6253044792909693]",stable,0.388219199929867,101,"[0.7381638399561373, 0.952335510760957, 0.16735051312765692, 0.8996092351229009]"
"[0.7381638399561373, 0.952335510760957, 0.16735051312765692, 0.8996092351229009]",stable,0.53278647187119,102,"[1.0, 0.7518279077584756, 0.5847308588499829, 0.8697161247904843]"
"[1.0, 0.7518279077584756, 0.5847308588499829, 0.8697161247904843]",stable,0.7469898852760645,103,"[0.5044570482787973, 0.807919702451346, 0.3450254726925082, 0.36789333722557654]"
"[0.0691743678603676, 0.7836940951474858, 0.5112770597327806, 0.27558557337620526]",stable,1.116638474566737,104,"[1.0, 0.6624767293117108, 0.5151977831590218, 0.8803467688759116]"
"[0.4716060384682253, 0.7055949547629616, 0.2887087458689973, 0.35399469373513337]",stable,0.5903190290463549,105,"[0.863074166020525, 0.4051731195217631, 0.3529031249475485, 0.6715715565100483]"
"[0.863074166020525, 0.4051731195217631, 0.3529031249475485, 0.6715715565100483]",stable,0.4165186927021217,106,"[0.7649662138703273, 0.6180473865942437, 0.45625666876826515, 1.0]"
"[0.7649662138703273, 0.6180473865942437, 0.45625666876826515, 1.0]",stable,0.3230438374160115,107,"[0.9898687881182823, 0.7515907449465109, 0.5679636544118133, 0.846820778864966]"
"[0.4716060384682253, 0.7055949547629616, 0.2887087458689973, 0.35399469373513337]",stable,0.6835761586433923,108,"[0.886586107934346, 0.6112429851569587, 0.18517781462157357, 0.8788251032181005]"
"[0.886586107934346, 0.6112429851569587, 0.18517781462157357, 0.8788251032181005]",stable,0.37018180687141156,109,"[0.9460340668063573, 0.8979480480639016, 0.29063437773421463, 0.6783765299517133]"
"[0.6819863950254942, 0.5868502674816963, 0.4746824873820453, 0.7332772632232198]",stable,0.47169726631132786,110,"[1.0, 0.9050840178645193, 0.3587939709683143, 0.6516513483590899]"
"[0.6819863950254942, 0.5868502674816963, 0.4746824873820453, 0.7332772632232198]",stable,0.41054118294841585,111,"[0.866947587273957, 0.41103403513528863, 0.6565269555389311, 0.4680327305689818]"
"[0.866947587273957, 0.41103403513528863, 0.6565269555389311, 0.4680327305689818]",stable,0.6068881780879544,112,"[0.43461284006478007, 0.586701887667522, 0.4716297305363595, 0.8091393837312377]"
"[0.9218321145165198, 0.8596011583159509, 0.3494253025268037, 0.6366500392522357]",stable,0.3364729002550811,113,"[0.7545213131892908, 0.5767398595618429, 0.3269027710375798, 0.5680692138871056]"
"[0.7649662138703273, 0.6180473865942437, 0.45625666876826515, 1.0]",stable,0.9861769729994657,114,"[0.46855674640143075, 0.24430377198556769, 0.9621360121735988, 0.30065155314090813]"
"[0.35683116705462, 0.3568719237229808, 0.9628329783236077, 0.33935342222006387]",stable,0.4343244607216146,115,"[0.4064457754797969, 0.4091322160672034, 0.626994255828956, 0.6051679104053289]"
"[0.552586721998162, 0.528581686199937, 0.6533635032734278, 0.5704029274791144]",stable,0.3225197520943972,116,"[0.6141683796352067, 0.3500345249899479, 0.88142468186642, 0.6982141162551163]"
"[0.6344675501255532, 0.4450524631737316, 0.8454088520611485, 0.8467179460833425]",stable,0.4832231067858975,117,"[0.5402276258241802, 0.7590315206152695, 0.7404133666902772, 0.5075771093512482]"
"[0.5865270958666741, 0.3884712950628107, 0.8441983613782555, 0.6166675175864391]",stable,0.2337656698533636,118,"[0.379568691815909, 0.3698027365284501, 0.8196602510174587, 0.7208979040239967]"
"[0.6344675501255532, 0.4450524631737316, 0.8454088520611485, 0.8467179460833425]",stable,0.1868988257429636,119,"[0.5376716190901052, 0.5882525346327092, 0.8386670942589799, 0.775936542911605]"
"[0.2781583651791753, 0.617186956220189, 0.9113466768890769, 0.5064592967817764]",stable,0.7504324299413472,120,"[0.7583535823727724, 0.29322808506235515, 0.5025834182801204, 0.7524768439234354]"
"[0.7583535823727724, 0.29322808506235515, 0.5025834182801204, 0.7524768439234354]",stable,0.5531056910146243,121,"[0.7866417439564586, 0.6741537507023918, 0.7677790436790611, 0.45298961068478805]"
"[0.5606572953603285, 0.38613772524601564, 0.8411310975831559, 0.6296963158911338]",stable,0.5532388454826039,122,"[0.526657024684069, 0.6692917958230397, 0.367755317194776, 0.6553155391857561]"
"[0.6572490395294228, 0.5868354295002789, 0.47437721169747676, 0.7408634752740217]",stable,0.4728555359191179,123,"[1.0, 0.3571727105855235, 0.626647923924255, 0.9145954604825169]"
"[1.0, 0.3571727105855235, 0.626647923924255, 0.9145954604825169]",stable,0.44382528062839727,124,"[0.9807607079374052, 0.562681761103557, 0.32338618393259755, 0.6647773735107877]"
"[0.7649662138703273, 0.6180473865942437, 0.45625666876826515, 1.0]",stable,0.34638519180374433,125,"[0.6747312093471305, 0.6726929712334931, 0.4307199825004052, 0.6710591500079278]"
"[0.9218321145165198, 0.8596011583159509, 0.3494253025268037, 0.6366500392522357]",stable,0.18449427505852714,126,"[1.0, 0.7293467337943368, 0.3946016546133584, 0.7311000329690581]"
"[0.6588383276946689, 0.5946406605669347, 0.47040837267956115, 0.7345176275225587]",stable,0.31070738467601944,127,"[0.8904547896758327, 0.683514556554685, 0.37973944501811663, 0.8981436327913493]"
"[0.9966229293727608, 0.7219651273388991, 0.5559640988069393, 0.8656278908437872]",stable,0.21001660823616938,128,"[0.9343268238779221, 0.9009047181034407, 0.5441693515164887, 0.9554481433961672]"
"[0.4716060384682253, 0.7055949547629616, 0.2887087458689973, 0.35399469373513337]",stable,0.7956221503497972,129,"[0.9785550962943174, 0.5579373805548703, 0.7723495612239363, 0.7008463355047304]"
"[0.9316031002019548, 0.8433193552507491, 0.35507234653762304, 0.6484562884668386]",stable,0.30245832641283726,130,"[0.729311297122813, 0.7847646225348764, 0.4546190907721562, 0.4555292177579272]"
"[0.6588383276946689, 0.5946406605669347, 0.47040837267956115, 0.7345176275225587]",stable,0.22369443456958915,131,"[0.713515213565349, 0.6609263114685142, 0.32946124111012676, 0.5835548612661228]"
"[0.6588383276946689, 0.5946406605669347, 0.47040837267956115, 0.7345176275225587]",stable,0.3337976472370226,132,"[0.7822668141316663, 0.7343670486261378, 0.204350213606153, 0.8111718544591194]"
"[0.9316031002019548, 0.8433193552507491, 0.35507234653762304, 0.6484562884668386]",stable,0.47669596786447543,133,"[0.9516811812031891, 0.6563975772913558, 0.6357036069166342, 0.9848225487607982]"
"[0.4716060384682253, 0.7055949547629616, 0.2887087458689973, 0.35399469373513337]",stable,0.4925964897030642,134,"[0.7011584953164711, 0.7609083287814152, 0.6005761258442952, 0.6533876448624989]"
"[0.9316031002019548, 0.8433193552507491, 0.35507234653762304, 0.6484562884668386]",stable,0.48682534667725785,135,"[0.536907062257663, 0.5625414836313032, 0.40293118244953335, 0.6391142098693686]"
"[0.662365008329819, 0.608496299584808, 0.481255685443289, 0.7277567956342205]",stable,0.445367482418851,136,"[0.836816502492839, 0.7804211055537084, 0.702981239975522, 0.4290955993928522]"
"[0.5606572953603285, 0.38613772524601564, 0.8411310975831559, 0.6296963158911338]",stable,0.6146322247467371,137,"[0.5417399345073262, 0.8148259738802683, 0.4397976034277239, 0.44921718383601295]"
"[0.662365008329819, 0.608496299584808, 0.481255685443289, 0.7277567956342205]",stable,0.5255720970028774,138,"[0.44941925102673286, 0.966958972380813, 0.29380350095544616, 0.46843783308559167]"
"[0.08291141899415065, 0.630373079822443, 0.4762464206389792, 0.46878864334443043]",stable,0.2806803716569122,139,"[0.3483947379427758, 0.5480440507112517, 0.4876630628362753, 0.4314835546830633]"
"[0.15335009937511176, 0.41627227239469805, 0.38444357826652525, 0.3241413537416415]",stable,0.2012367305390097,140,"[0.14512944139133196, 0.6078718174642858, 0.3860025567433322, 0.38509893256150274]"
"[0.541580360127563, 0.6475445272827949, 0.3873159032211015, 0.5864755587551393]",stable,0.2744044493500619,141,"[0.3160690899721791, 0.693463099191094, 0.49405973639308093, 0.481882501195514]"
"[0.5606572953603285, 0.38613772524601564, 0.8411310975831559, 0.6296963158911338]",stable,0.8548506785131311,142,"[0.05573239901416685, 0.6692236865045517, 0.3458026767336927, 0.24196880120938444]"
"[0.1351480009739049, 0.6723781349158572, 0.14532576180514495, 0.0058586096482684535]",stable,0.4489557597857134,143,"[0.1715401944063133, 0.5945475067059109, 0.32895468559725727, 0.40643281520991104]"
"[0.541580360127563, 0.6475445272827949, 0.3873159032211015, 0.5864755587551393]",stable,0.6434409110921605,144,"[0.00201417505125831, 0.6223856942459749, 0.21985566216025265, 0.2795413006910057]"
"[0.1351480009739049, 0.6723781349158572, 0.14532576180514495, 0.0058586096482684535]",stable,0.48825069822752554,145,"[0.08495865267030002, 0.7525395789019346, 0.40504480434217227, 0.40833834265136315]"
"[0.541580360127563, 0.6475445272827949, 0.3873159032211015, 0.5864755587551393]",stable,0.5840914642643786,146,"[0.0, 0.6253160063692547, 0.5897369560687942, 0.5065683477374042]"
"[0.541580360127563, 0.6475445272827949, 0.3873159032211015, 0.5864755587551393]",stable,0.43887834295348,147,"[0.204010927836014, 0.6488888594397172, 0.21672158276617562, 0.3638618824108329]"
"[0.09290893506434246, 0.6387705927012449, 0.4483540378097848, 0.4446863383133532]",stable,0.4398570914997074,148,"[0.0, 0.5799724554619449, 0.12371925665186778, 0.16901038969336288]"
"[0.2952314111006657, 0.7833849082460929, 0.259076517892649, 0.46804464105574795]",stable,0.35513918266349626,149,"[0.0, 0.6271534157940883, 0.28636663466890255, 0.35053198958807164]"
"[0.09290893506434246, 0.6387705927012449, 0.4483540378097848, 0.4446863383133532]",stable,0.278702219247904,150,"[0.26532801239588916, 0.6276719703855576, 0.24331665367154415, 0.3686397705125238]"
"[0.09290893506434246, 0.6387705927012449, 0.4483540378097848, 0.4446863383133532]",stable,0.24134971093768984,151,"[0.0, 0.4928964513378746, 0.404653756263586, 0.28211748204254516]"
"[0.29156213862637914, 0.4261693404613945, 0.26224045737742835, 0.5621914781292723]",stable,0.6672843523803934,152,"[0.21990668110131134, 0.5913492652852725, 0.6656857703486627, 0.06211011053464277]"
"[0.21990668110131134, 0.5913492652852725, 0.6656857703486627, 0.06211011053464277]",stable,0.6258863519900553,153,"[0.0, 0.7716018130437259, 0.16729610233909495, 0.31209318008601244]"
"[0.09290893506434246, 0.6387705927012449, 0.4483540378097848, 0.4446863383133532]",stable,0.41825805687888684,154,"[0.3479404440057221, 0.31916962003344423, 0.3648601299507544, 0.4167092546302992]"
"[0.30903278585125826, 0.44767408753999727, 0.5867709694480587, 0.30785188005378894]",stable,0.1747753304902492,155,"[0.29473393869048736, 0.531076982865164, 0.4423780651687552, 0.2574871566552045]"
"[0.13144294232152437, 0.4272185836722947, 0.3873307465518197, 0.3181379434989134]",stable,0.1917408382791775,156,"[0.13806971841495297, 0.5844598764929616, 0.440507125883741, 0.413888052719959]"
"[0.541580360127563, 0.6475445272827949, 0.3873159032211015, 0.5864755587551393]",stable,0.41576229327517317,157,"[0.2655421724996945, 0.596190126177249, 0.17412512523603052, 0.3660813184724959]"
"[0.13144294232152437, 0.4272185836722947, 0.3873307465518197, 0.3181379434989134]",stable,0.4513293203375686,158,"[0.3243501966466444, 0.7850611491688383, 0.2011384409685806, 0.3795062601253674]"
"[0.13144294232152437, 0.4272185836722947, 0.3873307465518197, 0.3181379434989134]",stable,0.30769449152596456,159,"[0.1150407187651588, 0.5453491595334277, 0.6701462599311101, 0.29651805412467214]"
"[0.13144294232152437, 0.4272185836722947, 0.3873307465518197, 0.3181379434989134]",stable,0.3150176028748414,160,"[0.1496273828284187, 0.6764394047772149, 0.19572093015716, 0.32708650949892953]"
"[0.09855403298316877, 0.6319817531752095, 0.4473731738190293, 0.4408365526141789]",stable,0.48681273358117355,161,"[0.14442870699117205, 0.587782775878401, 0.25092537885406524, 0.0]"
"[0.29184542757180243, 0.7454702994675779, 0.2414488141368944, 0.435832799493875]",stable,0.23167878105346376,162,"[0.2087564183865425, 0.6530591984061693, 0.21015310949244587, 0.24282492034264408]"
"[0.09319223598835898, 0.6133777887520676, 0.17332346577035931, 0.058289666447210446]",stable,0.35017331896484405,163,"[0.0, 0.5929951760115962, 0.3032999982693552, 0.3691388430003322]"
"[0.09319223598835898, 0.6133777887520676, 0.17332346577035931, 0.058289666447210446]",stable,0.5765059132398812,164,"[0.16805654430682074, 0.577724185583902, 0.4683899836312104, 0.5465713207812093]"
"[0.29184542757180243, 0.7454702994675779, 0.2414488141368944, 0.435832799493875]",stable,0.45794858757208645,165,"[0.0, 0.8648138200665711, 0.36240878996635484, 0.12652880080799514]"
"[0.10627653424135232, 0.6259531345539532, 0.4497083749092716, 0.4525848601882934]",stable,0.2082623401803109,166,"[0.14410737739479706, 0.6641176546482254, 0.5085221421070233, 0.2601623047597222]"
"[0.29184542757180243, 0.7454702994675779, 0.2414488141368944, 0.435832799493875]",stable,0.24778760307278713,167,"[0.31484497882684304, 0.511077399117891, 0.24402140132829334, 0.5127942634835122]"
"[0.2792769409588482, 0.47354236858551113, 0.5780541674771655, 0.29903780157840304]",stable,0.3097072465435692,168,"[0.06973183421916956, 0.6217026604874007, 0.43834698588431403, 0.40170161271935334]"
"[0.29184542757180243, 0.7454702994675779, 0.2414488141368944, 0.435832799493875]",stable,0.47084059222580993,169,"[0.2493919372692872, 0.6873754280624134, 0.6775588798720984, 0.27359359051670096]"
"[0.05544791110011216, 0.7045060399144865, 0.311345802325282, 0.28008854919767856]",stable,0.34339468035962206,170,"[0.3032082583792715, 0.47410292869132026, 0.3406553754090451, 0.22919579843953813]"
"[0.30483899622301364, 0.4224873968328189, 0.27630722679812686, 0.5297115717718167]",stable,0.6378916745409461,171,"[0.0, 0.34597540116548725, 0.4422305225719013, 0.0]"
"[0.0, 0.34597540116548725, 0.4422305225719013, 0.0]",stable,0.39270220065423717,172,"[0.07292433203944881, 0.5181869015378862, 0.4731380487329453, 0.3439258410782368]"
"[0.29184542757180243, 0.7454702994675779, 0.2414488141368944, 0.435832799493875]",stable,0.40590374017032266,173,"[0.28359817608195975, 0.4549017832670784, 0.17213527387968075, 0.16114133683591067]"
"[0.05544791110011216, 0.7045060399144865, 0.311345802325282, 0.28008854919767856]",stable,0.21461016661009036,174,"[0.14804948834176423, 0.6951600596564229, 0.48633061010644835, 0.1977754809547001]"
"[0.05544791110011216, 0.7045060399144865, 0.311345802325282, 0.28008854919767856]",stable,0.417284105000986,175,"[0.4332652335572328, 0.6650773106511688, 0.31383312393181395, 0.10740593954137378]"
"[0.05544791110011216, 0.7045060399144865, 0.311345802325282, 0.28008854919767856]",stable,0.2545301352878689,176,"[0.2621071330774959, 0.7369290980650126, 0.32205466562241153, 0.13548003876895498]"
"[0.05544791110011216, 0.7045060399144865, 0.311345802325282, 0.28008854919767856]",stable,0.45814712422518133,177,"[0.0, 0.9616666743975386, 0.24548961473772052, 0.6493522587862919]"
"[0.0, 0.9616666743975386, 0.24548961473772052, 0.6493522587862919]",stable,0.5852873664125452,178,"[0.2735863357942817, 0.7329740930219726, 0.5654322158905726, 0.3131257676525346]"
"[0.05544791110011216, 0.7045060399144865, 0.311345802325282, 0.28008854919767856]",stable,0.47227295584356727,179,"[0.17177098553606462, 0.28083101121768306, 0.17594359557772674, 0.1720311586978011]"
"[0.17177098553606462, 0.28083101121768306, 0.17594359557772674, 0.1720311586978011]",stable,0.45046938181438206,180,"[0.25665961841428814, 0.4503881690897408, 0.5741846520313449, 0.26352441052193254]"
"[0.15291360682874275, 0.43307912679967286, 0.38149632515897286, 0.3070201753664915]",stable,0.2534193607039574,181,"[0.27711850660162085, 0.6530168409828255, 0.38935217035828135, 0.2880411651682194]"
"[0.05544791110011216, 0.7045060399144865, 0.311345802325282, 0.28008854919767856]",stable,0.39250505065115787,182,"[0.2900455428811499, 0.6993892493255096, 0.16799870953367782, 0.0]"
"[0.05544791110011216, 0.7045060399144865, 0.311345802325282, 0.28008854919767856]",stable,0.32384769187920276,183,"[0.34548400835568815, 0.6240364062618293, 0.27745308842890737, 0.16549224982991206]"
"[0.05544791110011216, 0.7045060399144865, 0.311345802325282, 0.28008854919767856]",stable,0.4048106344932549,184,"[0.25967804368367464, 0.4262418867660872, 0.43830914680850885, 0.44923662921625207]"
"[0.27644977564077816, 0.4706480936485398, 0.577570478046438, 0.29459862769634426]",stable,0.5951653701893289,185,"[0.2730775309698604, 0.6873039253476032, 0.12322659024582025, 0.6121554384365442]"
"[0.15291360682874275, 0.43307912679967286, 0.38149632515897286, 0.3070201753664915]",stable,0.4126983780337938,186,"[0.21230893517950256, 0.7926990834784113, 0.18810622647650468, 0.2989021280768365]"
"[0.15291360682874275, 0.43307912679967286, 0.38149632515897286, 0.3070201753664915]",stable,0.39846464038296536,187,"[0.02383148336657706, 0.6850024292796586, 0.2483737084296738, 0.06019048991365572]"
"[0.05544791110011216, 0.7045060399144865, 0.311345802325282, 0.28008854919767856]",stable,0.37245761725123006,188,"[0.0, 0.46942709915370995, 0.029538174438105247, 0.31127441584415333]"
"[0.0, 0.46942709915370995, 0.029538174438105247, 0.31127441584415333]",stable,0.5016257733884042,189,"[0.28284731888958037, 0.7249757824108448, 0.1622159584139849, 0.6091288884466057]"
"[0.15291360682874275, 0.43307912679967286, 0.38149632515897286, 0.3070201753664915]",stable,0.48928307606166277,190,"[0.0, 0.6132500516755435, 0.08267797379097239, 0.0]"
"[0.05544791110011216, 0.7045060399144865, 0.311345802325282, 0.28008854919767856]",stable,0.4549573818112065,191,"[0.28465597942748516, 0.4296272554299846, 0.10646504521239408, 0.0879547159373315]"
"[0.27644977564077816, 0.4706480936485398, 0.577570478046438, 0.29459862769634426]",stable,0.34833303074694166,192,"[0.048589960665502724, 0.551903771910129, 0.39714539562818324, 0.4685529590980031]"
"[0.2829035527654304, 0.742850957203755, 0.2205490085306966, 0.45355680420040506]",stable,0.278655933411406,193,"[0.2856557369362006, 0.7621700257396293, 0.4830061754705172, 0.3619895402874684]"
"[0.05544791110011216, 0.7045060399144865, 0.311345802325282, 0.28008854919767856]",stable,0.4485454441915926,194,"[0.4331750122127962, 0.6634185254247285, 0.36082387102005975, 0.5132815796709971]"
"[0.662365008329819, 0.608496299584808, 0.481255685443289, 0.7277567956342205]",stable,0.4257650309627653,195,"[0.4321072244743126, 0.3564604151340963, 0.5448255851968673, 0.48139528208321375]"
"[0.5439810436036013, 0.5162873096952341, 0.6456107948393878, 0.5640452385222643]",stable,0.48876652149010463,196,"[0.8280983506268373, 0.8293385505189977, 0.40683037136255584, 0.5078945629935772]"
"[0.662365008329819, 0.608496299584808, 0.481255685443289, 0.7277567956342205]",stable,0.4217992143861233,197,"[0.9913600359706622, 0.7051295923282, 0.23773240154016395, 0.7599323449684502]"
"[0.9316031002019548, 0.8433193552507491, 0.35507234653762304, 0.6484562884668386]",stable,0.5575023563796329,198,"[0.5134769634987879, 0.48943816316964833, 0.4336146453060211, 0.716121792011573]"
"[0.9316031002019548, 0.8433193552507491, 0.35507234653762304, 0.6484562884668386]",stable,0.3165405657004298,199,"[1.0, 0.6895982928608865, 0.5848148126790329, 0.786688079531555]"
"[0.37686449308808134, 0.6817082609144599, 0.3133517566799015, 0.2340681301297878]",stable,0.849200030871746,200,"[0.7342251287423305, 0.5583531643164352, 0.31470144138727363, 0.9944731320937727]"
"[0.9793127988665655, 0.7354659950453968, 0.5720966779221625, 0.8873070740366469]",stable,0.37824600900308053,201,"[1.0, 0.8196717476660806, 0.4870979092397056, 0.5290799343835021]"
"[0.6509120818043551, 0.5993379813990265, 0.47759099004811456, 0.7268617953555553]",stable,0.22438677135125012,202,"[0.8176131251611506, 0.5998810428582423, 0.401040763707707, 0.8560900942404276]"
"[0.9793127988665655, 0.7354659950453968, 0.5720966779221625, 0.8873070740366469]",stable,0.530087628383138,203,"[0.821189966277011, 0.7866463459039422, 0.6979331106148674, 0.39993059997179614]"
"[0.5606572953603285, 0.38613772524601564, 0.8411310975831559, 0.6296963158911338]",stable,0.17474641809076025,204,"[0.6248177044338113, 0.28984835427586386, 0.7136881195363927, 0.5995898892048125]"
"[0.6022022397804039, 0.49278582032672413, 0.8431615994604256, 0.8231241450260965]",stable,0.3825473076866118,205,"[0.5782452920362365, 0.43657294584594214, 0.8831405842048394, 0.4476107620495743]"
"[0.6022022397804039, 0.49278582032672413, 0.8431615994604256, 0.8231241450260965]",stable,0.6263950403935209,206,"[0.32837989186848293, 0.25175537689027816, 0.7297429791569826, 0.32670435259342445]"
"[0.35683116705462, 0.3568719237229808, 0.9628329783236077, 0.33935342222006387]",stable,0.32971845036683695,207,"[0.4953239812364118, 0.2521510932148005, 0.8207875530012043, 0.5809949785281014]"
"[0.6022022397804039, 0.49278582032672413, 0.8431615994604256, 0.8231241450260965]",stable,0.6194832872224995,208,"[0.44299844572524316, 0.3605284885649942, 0.8355453439593347, 0.2392888206803993]"
"[0.36640530912913366, 0.35727820870542676, 0.9486899078386885, 0.32823513316010117]",stable,0.27355602087719216,209,"[0.21647028486749875, 0.3208230229773596, 0.9882969687251706, 0.10585103926107164]"
"[0.6273227513494528, 0.17011893381980764, 0.9580787849455117, 0.5510423832616922]",stable,0.47879530633989287,210,"[0.33241375583205707, 0.24137548569497583, 0.5898520823107087, 0.5109770738582398]"
"[0.36640530912913366, 0.35727820870542676, 0.9486899078386885, 0.32823513316010117]",stable,0.3306715327368361,211,"[0.2641203391233541, 0.156001878419172, 1.0, 0.5643210513812891]"
"[0.5439810436036013, 0.5162873096952341, 0.6456107948393878, 0.5640452385222643]",stable,0.35809754088416296,212,"[0.4846943101551208, 0.3201796920343548, 0.7503908436268197, 0.28966981014761667]"
"[0.3782342092317324, 0.35356835703831957, 0.9288600014175016, 0.3243786008588527]",stable,0.33489573753398316,213,"[0.048200486147188026, 0.306376477783278, 0.9105689345033247, 0.3502872876048747]"
"[0.5439810436036013, 0.5162873096952341, 0.6456107948393878, 0.5640452385222643]",stable,0.484381700288848,214,"[0.4278428074554608, 0.2267086963827153, 1.0, 0.45592465927509984]"
"[0.3827440817975259, 0.3420356606150828, 0.9353272740159105, 0.3363373334421479]",stable,0.22841350008363015,215,"[0.5611853388454175, 0.4001345739077654, 0.8122867093563078, 0.29371127889709037]"
"[0.39761418655151687, 0.34687723672280635, 0.9250738936276103, 0.3327851622300598]",stable,0.4832527643178444,216,"[0.5706754474207596, 0.49983743843234935, 0.6341852218114443, 0.6419291278984661]"
"[0.5457606705247452, 0.5151906516110417, 0.6448490899708582, 0.5692374978140111]",stable,0.3064416912314017,217,"[0.7654463677805262, 0.36895648367889194, 0.4905637755894825, 0.5478759800440833]"
"[0.6509120818043551, 0.5993379813990265, 0.47759099004811456, 0.7268617953555553]",stable,0.3273037998221551,218,"[0.45663532507022275, 0.7469644121257588, 0.6898468009177406, 0.7772426138666805]"
"[0.45663532507022275, 0.7469644121257588, 0.6898468009177406, 0.7772426138666805]",stable,0.44185127484805736,219,"[0.7493163837462933, 0.7605188439978456, 0.462336430661069, 0.5371891702767057]"
"[0.6509120818043551, 0.5993379813990265, 0.47759099004811456, 0.7268617953555553]",stable,0.11891830311804834,220,"[0.677832447747088, 0.6290568111666333, 0.3736086560713933, 0.6853729764764526]"
"[0.9392027557350708, 0.8406918432968971, 0.3697418535045211, 0.6351922491242457]",stable,0.2562354076799871,221,"[0.7399559985830932, 0.7894301802738566, 0.29682164953796025, 0.7694017855623746]"
"[0.9392027557350708, 0.8406918432968971, 0.3697418535045211, 0.6351922491242457]",stable,0.3817106756268748,222,"[0.5750559580128076, 0.831346916657736, 0.43061761483406097, 0.7316648546908203]"
"[0.6528349650859788, 0.6014607549538555, 0.4701636804783488, 0.7238983082927622]",stable,0.14127984443406028,223,"[0.6513014016125082, 0.7106644381441873, 0.3893069971977672, 0.6852409031429793]"
"[0.9392027557350708, 0.8406918432968971, 0.3697418535045211, 0.6351922491242457]",stable,0.30079635000913874,224,"[0.9080329314733794, 0.6436111541349421, 0.5235668891014076, 0.7995210251112317]"
"[0.37686449308808134, 0.6817082609144599, 0.3133517566799015, 0.2340681301297878]",stable,0.389206822088959,225,"[0.5780400440252761, 0.5833645670875534, 0.4754679536129581, 0.5080338298846017]"
"[0.6527327275210808, 0.6087410004998777, 0.46477323492631, 0.7213211479494434]",stable,0.5313105974247623,226,"[0.17907230229007887, 0.47729634111361224, 0.3378233332917802, 0.5646598046012641]"
"[0.27644977564077816, 0.4706480936485398, 0.577570478046438, 0.29459862769634426]",stable,0.258604476499501,227,"[0.40858872255489004, 0.4659020251101156, 0.6042213587001443, 0.5152403720871576]"
"[0.5371874237766293, 0.5121101124547338, 0.6423098567664386, 0.5658626774560828]",stable,0.39106895160875427,228,"[0.38516497643139463, 0.26616385276416804, 0.7040329914260612, 0.30988456822104204]"
"[0.39761418655151687, 0.34687723672280635, 0.9250738936276103, 0.3327851622300598]",stable,0.22878457864793272,229,"[0.2824061079463543, 0.40059220554621705, 0.7968417420236554, 0.47328676176024004]"
"[0.38875202665881203, 0.35100915740153027, 0.9152098819657676, 0.3435929775785352]",stable,0.25232881027877735,230,"[0.5819032916454286, 0.4635068746123576, 0.8612182018293516, 0.44747550464239083]"
"[0.6022022397804039, 0.49278582032672413, 0.8431615994604256, 0.8231241450260965]",stable,0.5626521780341777,231,"[0.7229375655153116, 0.4831800896314391, 0.4111995762485713, 0.48354058387093585]"
"[0.6527327275210808, 0.6087410004998777, 0.46477323492631, 0.7213211479494434]",stable,0.3310331565977243,232,"[0.6980654185115494, 0.807183054807402, 0.6850227359793215, 0.581182622687026]"
"[0.5637957193528763, 0.3775984224930908, 0.8339902699364198, 0.5927701384628291]",stable,0.6246391381125336,233,"[1.0, 0.6981217346849485, 0.5270486895005305, 0.5384419602477122]"
"[0.9392027557350708, 0.8406918432968971, 0.3697418535045211, 0.6351922491242457]",stable,0.34387770342372015,234,"[0.9428692186281433, 0.5251191364697372, 0.29938974377670413, 0.7522515474497112]"
"[0.8018148143624102, 0.6149490375809016, 0.3879345797203406, 0.9371767147813873]",stable,0.5506688586462619,235,"[0.9216079294315815, 0.692785229679907, 0.16495175739275222, 0.4543662036995024]"
"[0.9216079294315815, 0.692785229679907, 0.16495175739275222, 0.4543662036995024]",stable,0.4855927726045932,236,"[1.0, 0.9303761758121494, 0.34399377618628896, 0.8300649153024743]"
"[0.6527327275210808, 0.6087410004998777, 0.46477323492631, 0.7213211479494434]",stable,0.46368052881612065,237,"[0.8750339682707723, 0.6629318498745923, 0.10210643913634315, 0.5449183751826003]"
"[0.9452824801615638, 0.8496602765484222, 0.3671670457726979, 0.6546795157420685]",stable,0.27555212537367124,238,"[0.8510043579702985, 0.5980011334941815, 0.30948983998419766, 0.6351442879811113]"
"[0.8018148143624102, 0.6149490375809016, 0.3879345797203406, 0.9371767147813873]",stable,0.27617764542872025,239,"[0.6363518690556009, 0.7005303549292172, 0.2605449998421091, 0.7779792316846929]"
"[0.9452824801615638, 0.8496602765484222, 0.3671670457726979, 0.6546795157420685]",stable,0.2886769115993677,240,"[0.8176822790171621, 0.7539512336395182, 0.6021425102799352, 0.7064372025482524]"
"[0.37686449308808134, 0.6817082609144599, 0.3133517566799015, 0.2340681301297878]",stable,0.6752907239685199,241,"[0.8004300101446059, 0.762109113240066, 0.35098122406997184, 0.7524594309516884]"
"[0.9501990004612418, 0.7262947947558551, 0.5697861833642897, 0.8537250839849206]",stable,0.47697237715845386,242,"[0.7059108808689296, 0.7483890559614335, 0.2385163115654233, 0.6137290863966675]"
"[0.9501990004612418, 0.7262947947558551, 0.5697861833642897, 0.8537250839849206]",stable,0.1648551743660094,243,"[0.9878266532640545, 0.7071918039369762, 0.42041814023318036, 0.9092737265673929]"
"[0.7918373880984149, 0.7215997615022671, 0.25344637354047933, 0.7662141196058706]",stable,0.22537964405250474,244,"[0.8300005410168344, 0.8165375867585123, 0.34073313894007695, 0.5853622807038309]"
"[0.6527327275210808, 0.6087410004998777, 0.46477323492631, 0.7213211479494434]",stable,0.2800113045219548,245,"[0.6963363753953966, 0.6113623276775222, 0.20354587191837392, 0.8121971404440912]"
"[0.9543798507726654, 0.7241722402204241, 0.5531897341274997, 0.8598971553829731]",stable,0.49620109885194563,246,"[0.8139260626194222, 0.6826216812156777, 0.11930863660081281, 0.6688238496840532]"
"[0.9543798507726654, 0.7241722402204241, 0.5531897341274997, 0.8598971553829731]",stable,0.4187087845713258,247,"[0.6324850164623129, 0.587064647209366, 0.4575738234475524, 0.650708562278411]"
"[0.9348023038756793, 0.8466491229311578, 0.36476396333336875, 0.6483779489204106]",stable,0.6137275596047214,248,"[0.4168408002371622, 0.5680380703852973, 0.4894547534534953, 0.5250674204753525]"
"[0.6514672455799079, 0.6073862284192207, 0.46432327170888765, 0.7169078613450038]",stable,0.431868498662986,249,"[0.5372787490553144, 0.7944177860541813, 0.5388655363589259, 0.35230666191148785]"
"[0.6514672455799079, 0.6073862284192207, 0.46432327170888765, 0.7169078613450038]",stable,0.4919001720213174,250,"[0.24512470372073406, 0.5332389602640011, 0.4940573896801356, 0.4514467855474077]"
"[0.2829035527654304, 0.742850957203755, 0.2205490085306966, 0.45355680420040506]",stable,0.3021386511705848,251,"[0.2359180039359242, 0.5704249870732852, 0.028608245587892822, 0.6035839719996777]"
"[0.2359180039359242, 0.5704249870732852, 0.028608245587892822, 0.6035839719996777]",stable,0.14512008285582154,252,"[0.2172532227664016, 0.6624005660368416, 0.0, 0.49665630696075647]"
"[0.2265856133511629, 0.6164127765550633, 0.014304122793946411, 0.5501201394802171]",stable,0.5466838460994418,253,"[0.4156173188582635, 0.6428100894800641, 0.48206606670183805, 0.3412369481961767]"
"[0.05544791110011216, 0.7045060399144865, 0.311345802325282, 0.28008854919767856]",stable,0.15861244329855317,254,"[0.20930488032708727, 0.6942924683049201, 0.2746890860439957, 0.27393157787437966]"
"[0.1097833583008445, 0.6087662971309443, 0.45418466687257475, 0.42850380320695464]",stable,0.4337598744535248,255,"[0.5105659788856135, 0.555619489122795, 0.33459668377401797, 0.3265476811734695]"
"[0.06943490830256444, 0.7035775334045259, 0.3080133735724378, 0.2795288245319241]",stable,0.399061736632296,256,"[0.3837388134952878, 0.5997527153333024, 0.11054414395380424, 0.382919517202436]"
"[0.1252931300421091, 0.6132395542577134, 0.17016515184929754, 0.056600118013028236]",stable,0.3280558970440366,257,"[0.23004025919049575, 0.5511375267427714, 0.3448479326141072, 0.3061556725561912]"
"[0.2834730404139794, 0.42980782610957663, 0.30424698011113127, 0.524020733056052]",stable,0.25680840919438075,258,"[0.2864252682933097, 0.6452185645673234, 0.232396253961679, 0.40411439338887]"
"[0.16148323486893754, 0.44619672679335054, 0.37742428154287666, 0.30692411949868037]",stable,0.1843033390717467,259,"[0.2137184761086552, 0.4723700155049566, 0.44663708203994146, 0.4674350149886631]"
"[0.27644977564077816, 0.4706480936485398, 0.577570478046438, 0.29459862769634426]",stable,0.18157575906458645,260,"[0.30773320155779865, 0.3479421325969765, 0.6120530776818884, 0.42007890896622546]"
"[0.38875202665881203, 0.35100915740153027, 0.9152098819657676, 0.3435929775785352]",stable,0.5501345090593875,261,"[0.02966656993656938, 0.3941538288931484, 0.5221166778893594, 0.2119803525784412]"
"[0.29035762249812586, 0.7256559118818348, 0.21353775002027445, 0.4449796829282976]",stable,0.8349139859969741,262,"[0.14233904805944303, 0.11671673821847128, 0.7238208850628041, 0.23527496075008064]"
"[0.14233904805944303, 0.11671673821847128, 0.7238208850628041, 0.23527496075008064]",stable,0.5309037847476701,263,"[0.2806819727022256, 0.5429970646558735, 1.0, 0.30405172736214753]"
"[0.27644977564077816, 0.4706480936485398, 0.577570478046438, 0.29459862769634426]",stable,0.3829266712632397,264,"[0.12994707321474813, 0.2177915598390414, 0.8247778308139294, 0.2835581660144043]"
"[0.27866308668378537, 0.6023489779073259, 0.9290773415112614, 0.46597778289785063]",stable,0.7363679287955534,265,"[0.0474662640307667, 0.04714852769953465, 0.5725650855679703, 0.23481284782963333]"
"[0.27866308668378537, 0.6023489779073259, 0.9290773415112614, 0.46597778289785063]",stable,0.38054703874531864,266,"[0.011417262535286937, 0.3513099796991864, 0.8517445014560482, 0.5322708549391243]"
"[0.38875202665881203, 0.35100915740153027, 0.9152098819657676, 0.3435929775785352]",stable,0.11763892993068507,267,"[0.3062202733029067, 0.2963903918071793, 0.9152999334423844, 0.4071870799695395]"
"[0.3828569014191045, 0.34710781700193377, 0.9152163142140973, 0.34813541346360694]",stable,0.21592467893549958,268,"[0.5092194731523545, 0.27390547382403196, 1.0, 0.21356531642797336]"
"[0.3912810728679878, 0.3422276607900736, 0.9208685599331575, 0.33916407366123136]",stable,0.18713801998066013,269,"[0.43470348685795, 0.26979652779152724, 1.0, 0.4862255528155663]"
"[0.3939949737423605, 0.33770071497766446, 0.9258142749373351, 0.3483554161083773]",stable,0.28750057920791927,270,"[0.6178190917560806, 0.23155049327246968, 0.7799319056188028, 0.34522300581937426]"
"[0.7112740667327544, 0.2361962889776015, 0.6939837562883238, 0.2984690656300003]",stable,0.5423107487147552,271,"[0.18522601829490104, 0.3329516287858272, 0.7148629809163305, 0.38551423266305374]"
"[0.3939949737423605, 0.33770071497766446, 0.9258142749373351, 0.3483554161083773]",stable,0.20111121493646986,272,"[0.4835404715652587, 0.3196585981135726, 1.0, 0.5114452220708023]"
"[0.3992623559672368, 0.33663941398565905, 0.9301781411174919, 0.357948934106167]",stable,0.189937457701458,273,"[0.39973374928094824, 0.4722159836540639, 1.0, 0.47117400820893024]"
"[0.39928854448466516, 0.3441714456339038, 0.9340571332776312, 0.364239216000765]",stable,0.2112182350303504,274,"[0.3923818854472253, 0.507711945940971, 0.822717266623248, 0.2905956166660285]"
"[0.3989250361142736, 0.3527788403869073, 0.9281971402958215, 0.3603632370884104]",stable,0.4596194903040707,275,"[0.49498635830562543, 0.400232925117213, 0.5416205826964157, 0.584704435273731]"
"[0.5347050081606879, 0.5055291014348796, 0.6363869582917313, 0.5669710161512385]",stable,0.5509001018036978,276,"[0.0008285802513841589, 0.40065898056540106, 0.7058522718476746, 0.6183880352356035]"
"[0.0008285802513841589, 0.40065898056540106, 0.7058522718476746, 0.6183880352356035]",stable,0.4721336591691045,277,"[0.08044855279437636, 0.42804843924812347, 0.39913266544470927, 0.269470061072995]"
"[0.29035762249812586, 0.7256559118818348, 0.21353775002027445, 0.4449796829282976]",stable,0.46195971326927937,278,"[0.4419799966248213, 0.35034704791763993, 0.43613758211635295, 0.44181681576030457]"
"[0.27644977564077816, 0.4706480936485398, 0.577570478046438, 0.29459862769634426]",stable,0.6002851535255286,279,"[0.26389356445000395, 0.5201665225370851, 0.44332260942592794, 0.8774451272783186]"
"[0.5347050081606879, 0.5055291014348796, 0.6363869582917313, 0.5669710161512385]",stable,0.1654854040779894,280,"[0.4356802257213821, 0.47226280485326866, 0.5289280148797368, 0.496789534133361]"
"[0.5292036313585043, 0.5036809738470124, 0.630417016991065, 0.5630720449280231]",stable,0.37197829581996333,281,"[0.5749338147872252, 0.45406301161360646, 0.29067073545716265, 0.6986711780092871]"
"[0.9348023038756793, 0.8466491229311578, 0.36476396333336875, 0.6483779489204106]",stable,0.27941499841944767,282,"[0.803763734496834, 0.6000147217124098, 0.37214908893426407, 0.6526868620332643]"
"[0.8018148143624102, 0.6149490375809016, 0.3879345797203406, 0.9371767147813873]",stable,0.5006547176466959,283,"[0.763248947895998, 0.6664381315725868, 0.47808386753444065, 0.448924936134229]"
"[0.6469652790626913, 0.5983672156659493, 0.45410841663525675, 0.7158351152664322]",stable,0.4121060339865062,284,"[1.0, 0.5878955305342631, 0.266387083032926, 0.8150768090340682]"
"[0.8018148143624102, 0.6149490375809016, 0.3879345797203406, 0.9371767147813873]",stable,0.3670720464670033,285,"[0.8885540504909718, 0.7728636512258713, 0.7054044245806022, 0.898523582759921]"
"[0.783680461633747, 0.7050202599343411, 0.23299768036694912, 0.7605022030410266]",stable,0.27514982669834637,286,"[0.6449530707993438, 0.5854726748276974, 0.3902343193615885, 0.6284145336042165]"
"[0.9348023038756793, 0.8466491229311578, 0.36476396333336875, 0.6483779489204106]",stable,0.48247336080111236,287,"[0.8224153448888097, 0.47945017362752695, 0.560178514525403, 0.43128856607286226]"
"[0.6468534897147276, 0.5976508522860464, 0.4505598556756085, 0.710978416285198]",stable,0.45079565215949535,288,"[0.7294412013734696, 0.7892187361960294, 0.8052736305570763, 0.5269244197177019]"
"[0.5637957193528763, 0.3775984224930908, 0.8339902699364198, 0.5927701384628291]",stable,0.2565324074810477,289,"[0.6851420429800918, 0.5808017387372736, 0.929444309342987, 0.6188639012907062]"
"[0.3989250361142736, 0.3527788403869073, 0.9281971402958215, 0.3603632370884104]",stable,0.312654774324979,290,"[0.4791404649700151, 0.5942119485573454, 0.8358411748763945, 0.5168845545256854]"
"[0.27644977564077816, 0.4706480936485398, 0.577570478046438, 0.29459862769634426]",stable,0.25316083433077,291,"[0.4032701445070049, 0.5165676434419924, 0.6046882493473027, 0.5071145647601947]"
"[0.5225755531031622, 0.5043592196151692, 0.6290628713256039, 0.5601269143928743]",stable,0.3073823780291069,292,"[0.3822789074161684, 0.3710824175143321, 0.8657382026890922, 0.5281447462743081]"
"[0.3980927296793683, 0.3536940192432786, 0.9250741934154849, 0.3687523125477053]",stable,0.3456153194946278,293,"[0.22621966864567258, 0.6031600679468062, 1.0, 0.22021809422684102]"
"[0.22621966864567258, 0.6031600679468062, 1.0, 0.22021809422684102]",stable,0.5308302140260286,294,"[0.37114777246790914, 0.44488017818294384, 0.8974664437881598, 0.6947820068796082]"
"[0.6022022397804039, 0.49278582032672413, 0.8431615994604256, 0.8231241450260965]",stable,0.36605536849736403,295,"[0.4194619991893984, 0.30432611321659736, 0.8110256796980241, 0.5700376800946978]"
"[0.6022022397804039, 0.49278582032672413, 0.8431615994604256, 0.8231241450260965]",stable,0.3952383150568125,296,"[0.2555470254186084, 0.4736208663564704, 0.6581908760097699, 0.7848877219430606]"
"[0.5225755531031622, 0.5043592196151692, 0.6290628713256039, 0.5601269143928743]",stable,0.5310676112437299,297,"[0.26115413754907935, 0.3389781615322419, 1.0, 0.3393410375800969]"
"[0.3915718443398307, 0.3529932641141816, 0.9286420889671285, 0.36735177564448585]",stable,0.44044788797236983,298,"[0.4215209910036404, 0.7458952399098483, 0.7376181876041206, 0.414630704961339]"
"[0.5397256002779874, 0.3771705258083307, 0.8368839544802301, 0.598432953466304]",stable,0.22088305107274672,299,"[0.3752227353107216, 0.2685324025221811, 0.8665405344221692, 0.6935453874787814]"
"[0.6022022397804039, 0.49278582032672413, 0.8431615994604256, 0.8231241450260965]",stable,0.3876772156453996,300,"[0.42685361662866417, 0.518028147714488, 0.9507156566561439, 0.49549411957337963]"
"[0.27644977564077816, 0.4706480936485398, 0.577570478046438, 0.29459862769634426]",stable,0.4657240800832326,301,"[0.3315272377251196, 0.6898046047258668, 0.9594259338356715, 0.43609854457310926]"
"[0.27644977564077816, 0.4706480936485398, 0.577570478046438, 0.29459862769634426]",stable,0.3302910835246152,302,"[0.5404400773653691, 0.5372025354927552, 0.7524674826381921, 0.36080183386387576]"
"[0.5234687793162724, 0.5060013854090484, 0.6352331018912333, 0.5501606603664244]",stable,0.412288642755888,303,"[0.5137508568683791, 0.6951124779584543, 1.0, 0.5828652723908408]"
"[0.3915718443398307, 0.3529932641141816, 0.9286420889671285, 0.36735177564448585]",stable,0.2049520183632219,304,"[0.3509419776177495, 0.41980589148314473, 0.7529464283587982, 0.4382153871017271]"
"[0.3915718443398307, 0.3529932641141816, 0.9286420889671285, 0.36735177564448585]",stable,0.2544657717819896,305,"[0.349053545584063, 0.19107404960143404, 0.833026136970061, 0.5334384427035493]"
"[0.3915718443398307, 0.3529932641141816, 0.9286420889671285, 0.36735177564448585]",stable,0.2165015763229013,306,"[0.2841759268674588, 0.22098852136182073, 0.887334952070998, 0.2400430257767101]"
"[0.3866902117274502, 0.3469930485345288, 0.9267644918354861, 0.3615650142868597]",stable,0.4544462939070353,307,"[0.10604372148534252, 0.01019955841759096, 0.974151278251479, 0.4714905301994232]"
"[0.10604372148534252, 0.01019955841759096, 0.974151278251479, 0.4714905301994232]",stable,0.6817120545519868,308,"[0.35060199444476225, 0.6247505538099813, 0.9458338682744841, 0.6341182486333172]"
"[0.5234687793162724, 0.5060013854090484, 0.6352331018912333, 0.5501606603664244]",stable,0.4612182225309184,309,"[0.7882810110382108, 0.4098685030132117, 1.0, 0.5328312145760077]"
"[0.39842128203404564, 0.6610848930112023, 0.3370966613194081, 0.2590241762685466]",stable,0.5765420083715554,310,"[0.41448158546772257, 0.35605352690385905, 0.8255701982436279, 0.2812102864764176]"
"[0.38789853232485333, 0.3473869823766736, 0.922364739940188, 0.3580713304690144]",stable,0.16420988872141912,311,"[0.39098509741579834, 0.3692825213309905, 0.7625966202101992, 0.3888949247059652]"
"[0.38789853232485333, 0.3473869823766736, 0.922364739940188, 0.3580713304690144]",stable,0.7019434524812012,312,"[0.7354153734477804, 0.7478906807377356, 0.936460288165865, 0.8178046865967807]"
"[0.38789853232485333, 0.3473869823766736, 0.922364739940188, 0.3580713304690144]",stable,0.5558242560033073,313,"[0.6995132960423923, 0.6548567643487607, 0.8422226561114405, 0.6910524443005885]"
"[0.38789853232485333, 0.3473869823766736, 0.922364739940188, 0.3580713304690144]",stable,0.5255435942114153,314,"[0.7193320758550105, 0.6260375123534747, 0.7789443490016055, 0.6190930714147989]"
"[0.6616127709700323, 0.678927972690818, 0.9053748930870492, 0.6600951657989409]",stable,0.6851959322100174,315,"[0.4902360140970313, 0.5122709979668227, 0.34840496927306375, 0.3405119536877039]"
"[0.06943490830256444, 0.7035775334045259, 0.3080133735724378, 0.2795288245319241]",stable,0.5366724489446344,316,"[0.0, 0.39712499111401345, 0.3557932496888502, 0.7119638297375939]"
"[0.0, 0.39712499111401345, 0.3557932496888502, 0.7119638297375939]",stable,0.35500065833448846,317,"[0.19461051587612146, 0.5535907456531506, 0.4196014473080995, 0.4678343638768924]"
"[0.29035762249812586, 0.7256559118818348, 0.21353775002027445, 0.4449796829282976]",stable,0.30098053433434085,318,"[0.26465389465686767, 0.49898918911363976, 0.1934400460765098, 0.24966742138549822]"
"[0.27644977564077816, 0.4706480936485398, 0.577570478046438, 0.29459862769634426]",stable,0.4650905210602413,319,"[0.23767580214577377, 0.8468256367246292, 0.31239406198265374, 0.24003035661965424]"
"[0.1154385021391963, 0.6050879270324248, 0.4518791189016097, 0.43112584058495046]",stable,0.2240518815659805,320,"[0.2856544339164276, 0.47163108192247566, 0.39344163266742266, 0.43078983702342066]"
"[0.27644977564077816, 0.4706480936485398, 0.577570478046438, 0.29459862769634426]",stable,0.4598793620713866,321,"[0.41244338891055266, 0.8235769187685765, 0.3388148990923009, 0.4015181428780071]"
"[0.14213311241376214, 0.4398157099346751, 0.39255162520181436, 0.29488795355814174]",stable,0.32107588471221576,322,"[0.31587014519279233, 0.6813766527373492, 0.28524934438582333, 0.3500214155285252]"
"[0.14213311241376214, 0.4398157099346751, 0.39255162520181436, 0.29488795355814174]",stable,0.3479699786964302,323,"[0.4355505526701403, 0.4579048840377695, 0.5759614027388974, 0.32687149794356735]"
"[0.14213311241376214, 0.4398157099346751, 0.39255162520181436, 0.29488795355814174]",stable,0.3079948042867837,324,"[0.005735576013111421, 0.4419724729437109, 0.450117700601172, 0.5649583274756185]"
"[0.1154385021391963, 0.6050879270324248, 0.4518791189016097, 0.43112584058495046]",stable,0.3002591617805148,325,"[0.10459301946241269, 0.5252672524504642, 0.6835846817256723, 0.6042706695701388]"
"[0.14213311241376214, 0.4398157099346751, 0.39255162520181436, 0.29488795355814174]",stable,0.40866217547063827,326,"[0.26748186704259813, 0.3575115177968206, 0.7578393005317278, 0.4001656700132278]"
"[0.38789853232485333, 0.3473869823766736, 0.922364739940188, 0.3580713304690144]",stable,0.3906160520521834,327,"[0.27935589581085024, 0.49063512469557413, 0.5932148644201869, 0.24880228019962256]"
"[0.14213311241376214, 0.4398157099346751, 0.39255162520181436, 0.29488795355814174]",stable,0.501095137480707,328,"[0.3543977248216569, 0.5979896003923693, 0.7355144620710584, 0.5466767222318308]"
"[0.5287587426135031, 0.36992798425592077, 0.8388610598096927, 0.6047737824004692]",anomaly,0.8288392255842297,329,"[0.0, 0.5089334933450026, 0.6894796870058254, 0.0]"
"[0.5287587426135031, 0.36992798425592077, 0.8388610598096927, 0.6047737824004692]",stable,0.6619844609194356,330,"[0.06749787792811, 0.42406155197312684, 0.38349461731764506, 0.481595857808347]"
"[0.1154385021391963, 0.6050879270324248, 0.4518791189016097, 0.43112584058495046]",stable,0.44849051699413184,331,"[0.26456710680475537, 0.2138404825378834, 0.41502728691329305, 0.27469124479564705]"
"[0.29173974817834, 0.43025552311106224, 0.3372901943375242, 0.5029279574746185]",stable,0.36437524372506375,332,"[0.14388171395969748, 0.6875883093513699, 0.5339480386013786, 0.4253853925699672]"
"[0.2995825155673192, 0.7290085211157258, 0.2258495464851229, 0.4363284449626687]",stable,0.23783114085017704,333,"[0.07727048856705082, 0.7630253300586455, 0.22135263299865474, 0.35910378123685627]"
"[0.11721620287797763, 0.6102442009273588, 0.4570084263828453, 0.430767062584014]",stable,0.22009728668498854,334,"[0.09283428366941933, 0.7541643362638204, 0.3712575994728676, 0.2901181096878371]"
"[0.11721620287797763, 0.6102442009273588, 0.4570084263828453, 0.430767062584014]",stable,0.2176061149425404,335,"[0.27782177177398326, 0.4770155195183542, 0.4126742452796109, 0.38783838527035724]"
"[0.2926504653607216, 0.47137247579216623, 0.5789740091530589, 0.2932462799713944]",anomaly,0.5267497595336239,336,"[0.4963324491026254, 0.30996675818791336, 0.18258643277333025, 0.523037581556451]"
"[0.2926504653607216, 0.47137247579216623, 0.5789740091530589, 0.2932462799713944]",stable,0.3534093900036234,337,"[0.5020173841908147, 0.34542581663165395, 0.7892489340260004, 0.4381103033115977]"
"[0.6022022397804039, 0.49278582032672413, 0.8431615994604256, 0.8231241450260965]",stable,0.2662358887630248,338,"[0.44116972694192974, 0.6022081752126226, 0.8020306080690242, 1.0]"
"[0.3312709719097209, 0.6042822382604789, 0.9263559267998889, 0.49027604242163825]",anomaly,0.43648420080536304,339,"[0.11189195557427511, 0.5515619442295304, 0.8385135901900241, 0.8534503796766242]"
"[0.3312709719097209, 0.6042822382604789, 0.9263559267998889, 0.49027604242163825]",anomaly,0.6961367961074438,340,"[0.5406212764283926, 0.37750400890426694, 0.5664503688358723, 1.0]"
"[0.3312709719097209, 0.6042822382604789, 0.9263559267998889, 0.49027604242163825]",anomaly,0.43322552344111104,341,"[0.2056723234304078, 1.0, 0.8094296384807306, 0.5308350094297275]"
"[0.3312709719097209, 0.6042822382604789, 0.9263559267998889, 0.49027604242163825]",stable,0.3911550052761134,342,"[0.6154032361119592, 0.6492007010864119, 0.8251589956674311, 0.7352507501336664]"
"[0.6550114088474505, 0.6746812196044741, 0.893915479169961, 0.6708316778467588]",stable,0.19058870910651793,343,"[0.579519729639528, 0.8235682914715128, 0.981651953095344, 0.698400018080746]"
"[0.6455749489464602, 0.693292103587854, 0.9048825384106338, 0.6742777203760072]",stable,0.20748206238189323,344,"[0.45155533219339894, 0.7073617694650541, 0.8835687405187949, 0.6053359982712551]"
"[0.5234687793162724, 0.5060013854090484, 0.6352331018912333, 0.5501606603664244]",stable,0.34948515185274603,345,"[0.41148460668351505, 0.4062569600952424, 0.7445663450106462, 0.2540243606443139]"
"[0.38888128542313094, 0.3498398981149473, 0.9149564734847905, 0.35373604005965187]",stable,0.5404426501059909,346,"[0.5239650363729565, 0.6031215082096107, 0.6122535875262631, 0.6973201303536375]"
"[0.523492410604686, 0.5106261531614561, 0.6341388393024252, 0.5571682541753393]",stable,0.29299557940983467,347,"[0.5182955072259027, 0.6083482892817028, 0.3921389302346081, 0.6902315093295724]"
"[0.6468534897147276, 0.5976508522860464, 0.4505598556756085, 0.710978416285198]",stable,0.057366209823442205,348,"[0.6743046723333844, 0.6103718761967465, 0.40206013630665705, 0.706154789626687]"
"[0.9348023038756793, 0.8466491229311578, 0.36476396333336875, 0.6483779489204106]",stable,0.48515482320482134,349,"[0.6496728475870313, 0.7537997826961084, 0.5124708651624301, 1.0]"
"[0.947797270744496, 0.7290413813209689, 0.56841120317281, 0.8637597981206678]",stable,0.3251676860111197,350,"[0.8387835516589445, 0.7030903044834396, 0.4307345590903426, 0.5913231699626229]"
"[0.64829828879992, 0.5983203798602937, 0.4480072388667164, 0.710724541197908]",stable,0.5041035412775952,351,"[1.0, 0.6125365787839828, 0.607258528656302, 0.3868986419000551]"
"[0.9268007411909513, 0.8346858880605145, 0.3702615129797832, 0.6436233840072616]",stable,0.550195714954318,352,"[0.8816278359551958, 0.3200536930798817, 0.44692304274603617, 0.8166882479455215]"
"[0.7152554846225129, 0.7655017878174759, 0.7403878670260802, 0.4537280337744126]",stable,0.3518469765995012,353,"[0.875487323876065, 0.7318350804962872, 0.43191523252833763, 0.4965443766332478]"
"[0.64829828879992, 0.5983203798602937, 0.4480072388667164, 0.710724541197908]",stable,0.37068072641763256,354,"[0.8446287573283561, 0.8547976168655763, 0.5559383387586652, 0.8571105126540514]"
"[0.783680461633747, 0.7050202599343411, 0.23299768036694912, 0.7605022030410266]",stable,0.2457856630936055,355,"[0.6798308193939979, 0.7516241225004661, 0.16757379808775627, 0.5527195290509281]"
"[0.9228535552436524, 0.8267742874786509, 0.3750041067912105, 0.6323096142092606]",stable,0.5031697866011041,356,"[0.5314774680415393, 0.7979119100207784, 0.6157620613541875, 0.4293141388983676]"
"[0.5270874077120851, 0.3683965987794041, 0.8357603019482119, 0.5943573149574147]",anomaly,1.0464424353886044,357,"[0.20519316660333128, 1.0, 0.06692198552268264, 0.5570658295272897]"
"[0.5270874077120851, 0.3683965987794041, 0.8357603019482119, 0.5943573149574147]",stable,0.6035218761216192,358,"[0.29965012566830257, 0.47081272987860723, 0.29952693696159866, 0.4740425109651363]"
"[0.2926504653607216, 0.47137247579216623, 0.5789740091530589, 0.2932462799713944]",stable,0.5575788370955813,359,"[0.10550058226599199, 0.824295219392493, 0.25139480441309336, 0.503023501103813]"
"[0.235318035888569, 0.6938057743531422, 0.5756027303376599, 0.24171889798920937]",stable,0.1599180633612349,360,"[0.35515254604191254, 0.687000192590375, 0.4771619338091151, 0.2801450713767858]"
"[0.08368318326503234, 0.7216691550354914, 0.30665367169649943, 0.2831478083853937]",stable,0.41730264794489175,361,"[0.2923928456012794, 0.3975576787782581, 0.17797345860953612, 0.37788391843620056]"
"[0.2926504653607216, 0.47137247579216623, 0.5789740091530589, 0.2932462799713944]",anomaly,0.5297853050289607,362,"[0.6927384540521367, 0.4834404308939666, 0.2867634256597014, 0.10597799626157994]"
"[0.2926504653607216, 0.47137247579216623, 0.5789740091530589, 0.2932462799713944]",stable,0.832464774233328,363,"[0.804459807271924, 0.6762644184167742, 0.17626407268186847, 0.7695789334675114]"
"[0.9384183149793924, 0.7404737663704787, 0.5672773064078878, 0.8631553176237027]",stable,0.5029351597985462,364,"[0.6285432190474196, 0.5861135064676009, 0.4390687757185312, 0.5216049074293477]"
"[0.64829828879992, 0.5983203798602937, 0.4480072388667164, 0.710724541197908]",stable,0.4284548291900038,365,"[0.8271545977726628, 0.6682802925366779, 0.7989509903168455, 0.5573359649175836]"
"[0.5270874077120851, 0.3683965987794041, 0.8357603019482119, 0.5943573149574147]",stable,0.9834095976899486,366,"[1.0, 0.5765567029942789, 0.0, 0.5540807015829389]"
"[0.9228535552436524, 0.8267742874786509, 0.3750041067912105, 0.6323096142092606]",stable,0.39633542743902905,367,"[0.6733179489361311, 0.5504888396227818, 0.28424818110028194, 0.5310996073765364]"
"[0.64829828879992, 0.5983203798602937, 0.4480072388667164, 0.710724541197908]",stable,0.10744026388611766,368,"[0.7110615977581884, 0.5886586517835878, 0.40012082750111816, 0.7829583280958966]"
"[0.9228535552436524, 0.8267742874786509, 0.3750041067912105, 0.6323096142092606]",stable,0.5214272096826799,369,"[0.7705197816809679, 0.367159899828824, 0.530739673779619, 0.7471216530801548]"
"[0.7080675942794306, 0.7590206505097263, 0.7337815987879674, 0.4616474374011251]",stable,0.5210884757819986,370,"[0.8158727614068104, 0.5100563662416958, 0.5259187882757588, 0.8549934462766661]"
"[0.9384183149793924, 0.7404737663704787, 0.5672773064078878, 0.8631553176237027]",stable,0.46534257423534564,371,"[0.6279497508802, 0.8890297693699991, 0.830582166759348, 0.6935833665519872]"
"[0.6436165936057646, 0.7150407331192034, 0.8966269415604908, 0.6764227921733383]",stable,0.41355075033470723,372,"[0.6065869407404836, 0.4854532303827105, 0.6015012522209148, 0.5036702697890412]"
"[0.5272694347017677, 0.5094819293987858, 0.632655312616902, 0.5547365276123257]",stable,0.4106261318800999,373,"[0.8061724104673892, 0.6132615322506608, 0.8820509782027118, 0.688372399708153]"
"[0.659872175291927, 0.7048628130323491, 0.8951693452247129, 0.6776177529268198]",stable,0.12970988151558044,374,"[0.6862859045209782, 0.6974942653724413, 0.9433408580354383, 0.5603480717218721]"
"[0.6622734234036588, 0.7041929450632666, 0.8995485736620517, 0.6669568728172791]",stable,0.5867650842818043,375,"[0.28696072443485293, 0.3600451070931146, 0.6093875680948476, 0.6386284666905233]"
"[0.38888128542313094, 0.3498398981149473, 0.9149564734847905, 0.35373604005965187]",stable,0.5108387334887616,376,"[0.8576754789341237, 0.2614225508696514, 1.0, 0.5154091270801625]"
"[0.40327588164113093, 0.6487950334646817, 0.3522340193637444, 0.26928504352128624]",anomaly,0.6352314944294344,377,"[0.5982846043325238, 0.18132420466055366, 0.6159487641598016, 0.5475227246208382]"
"[0.40327588164113093, 0.6487950334646817, 0.3522340193637444, 0.26928504352128624]",stable,0.4225469484905536,378,"[0.554766486038091, 0.6129619311956103, 0.5525732221056696, 0.6071854920037147]"
"[0.5284649586729122, 0.5139810599116912, 0.6291734825946744, 0.5570169173684731]",stable,0.6591151288810551,379,"[1.0, 0.850861777492303, 0.36557481382714524, 0.7276468733167473]"
"[0.6514364542478335, 0.5978372934564584, 0.4456129182984364, 0.7143362305428074]",stable,0.2845122745651773,380,"[0.6425953376915899, 0.5082841600557422, 0.33314259293928417, 0.4689798952913823]"
"[0.6514364542478335, 0.5978372934564584, 0.4456129182984364, 0.7143362305428074]",stable,0.5801354421718029,381,"[0.9038737997362003, 0.786564496443437, 0.9049845318552283, 0.5524959346409477]"
"[0.5270874077120851, 0.3683965987794041, 0.8357603019482119, 0.5943573149574147]",stable,0.5613560712183372,382,"[0.7464344340049595, 0.5975412084663747, 0.38378924768140743, 0.4932512582322159]"
"[0.6514364542478335, 0.5978372934564584, 0.4456129182984364, 0.7143362305428074]",stable,0.300829237032792,383,"[0.9499188454628945, 0.5964284536376466, 0.4825085360200646, 0.7209104644582838]"
"[0.7788008110739137, 0.6206087165435684, 0.4316879953865919, 0.9339500509003692]",stable,0.4596307733886781,384,"[0.6039046119024181, 0.5557948915784456, 0.0926294505078879, 0.6859374733980071]"
"[0.9384183149793924, 0.7404737663704787, 0.5672773064078878, 0.8631553176237027]",stable,0.45719067630564947,385,"[0.9223108116899582, 0.6251079256119335, 0.19133054544989256, 0.6305212303753718]"
"[0.9283640155833915, 0.828494822479626, 0.3743305858652058, 0.6391194184312239]",stable,0.2334036355183329,386,"[0.975698972422767, 0.6893566709559665, 0.19305805799277, 0.6349355967924102]"
"[0.9283640155833915, 0.828494822479626, 0.3743305858652058, 0.6391194184312239]",stable,0.27243589826070935,387,"[0.9021971865447352, 0.7334116736250199, 0.2599067392832337, 0.41239713488490054]"
"[0.8966685268219731, 0.6759677393203092, 0.1541324767632497, 0.5405626816526646]",stable,0.49693674764625434,388,"[1.0, 0.9499056666669707, 0.08514383955568489, 0.9361221812344014]"
"[0.9384183149793924, 0.7404737663704787, 0.5672773064078878, 0.8631553176237027]",stable,0.41033144883362715,389,"[1.0, 0.43293744914939264, 0.76395520611829, 0.686184101524805]"
"[0.9283640155833915, 0.828494822479626, 0.3743305858652058, 0.6391194184312239]",stable,0.41927822919041585,390,"[0.7045546305048287, 0.5295960647428493, 0.5381055954561399, 0.5414420337369789]"
"[0.7258681584118641, 0.7615246365037002, 0.7493455017940821, 0.46990639169565446]",stable,0.42808029692064564,391,"[0.7674308415101497, 0.4454521905828609, 0.6992676891133969, 0.7511815338466734]"
"[0.7258681584118641, 0.7615246365037002, 0.7493455017940821, 0.46990639169565446]",stable,0.3470396955324077,392,"[0.5476838808881147, 0.5106720089055675, 0.9070871624075739, 0.4402847568222001]"
"[0.5619441115707854, 0.5201414090481987, 0.8328788516125752, 0.8673431087695724]",stable,0.40569966368148935,393,"[0.6078074983642245, 0.26556188535872227, 0.679853252606089, 0.5948340281321479]"
"[0.5619441115707854, 0.5201414090481987, 0.8328788516125752, 0.8673431087695724]",stable,0.573473160607532,394,"[0.6889206323977619, 0.37971735156369796, 0.4467969701841906, 0.48790893264915897]"
"[0.7258681584118641, 0.7615246365037002, 0.7493455017940821, 0.46990639169565446]",stable,0.541739316666761,395,"[0.689169949126795, 0.456539252143564, 0.4066491169418871, 0.7556997292558129]"
"[0.9283640155833915, 0.828494822479626, 0.3743305858652058, 0.6391194184312239]",stable,0.7663415766794169,396,"[0.3259174043625248, 0.7352736974597446, 0.8077167630506401, 0.472314933927325]"
"[0.5327161057025389, 0.37058774859637533, 0.8310614025658363, 0.5858242124596101]",stable,0.2940454668397563,397,"[0.6070762730927145, 0.45694916469885605, 0.6217551194709865, 0.7580620937183741]"
"[0.5317404301070706, 0.5116047309444897, 0.6288643841311874, 0.5653937997163857]",stable,0.28719233289705,398,"[0.8142714358622256, 0.5372195995295022, 0.6656556451009272, 0.5908093163442176]"
"[0.9283640155833915, 0.828494822479626, 0.3743305858652058, 0.6391194184312239]",stable,0.8236120503316166,399,"[0.4742549763796792, 0.37212963081238615, 0.8878593600518591, 0.6272535058322162]"
"[0.5619441115707854, 0.5201414090481987, 0.8328788516125752, 0.8673431087695724]",stable,0.40888845670298185,400,"[0.607030493117131, 0.7405490200238084, 0.6421952239903962, 0.5841166491919509]"
"[0.5296392041592305, 0.3706689002919549, 0.8340507687493112, 0.5880047015844841]",stable,0.2546695251019254,401,"[0.4568791379079908, 0.44497875311086205, 0.9106200467807879, 0.3685104392209176]"
"[0.39160119952252537, 0.3536454523147839, 0.9147830164166304, 0.3543270160261025]",stable,0.6026009448838509,402,"[0.40829110784681333, 0.5230589899232367, 0.8524663931081974, 0.9290139198872057]"
"[0.34329940793808866, 0.6145901913809364, 0.9220772081717795, 0.5017820380065999]",stable,0.44467277181955733,403,"[0.18145570803806038, 0.28334603933421787, 0.7966306797801281, 0.7164468256399953]"
"[0.15233594527967823, 0.42098444098494253, 0.39442459701110427, 0.2932048944946005]",stable,0.566197185165329,404,"[0.33806226396445127, 0.6741795016908845, 0.8302812750096493, 0.47210767400104336]"
"[0.5317404301070706, 0.5116047309444897, 0.6288643841311874, 0.5653937997163857]",stable,0.5043951903121969,405,"[0.6443808559978446, 0.33159122942261055, 1.0, 0.2978491560235396]"
"[0.40327588164113093, 0.6487950334646817, 0.3522340193637444, 0.26928504352128624]",stable,0.3902241583890352,406,"[0.4263684726923266, 0.38528336971644905, 0.589640537599548, 0.430348304995666]"
"[0.39160119952252537, 0.3536454523147839, 0.9147830164166304, 0.3543270160261025]",stable,0.5183150579683335,407,"[0.2672495423303346, 0.5720724586042277, 0.6708403683486995, 0.7363856398619082]"
"[0.5317404301070706, 0.5116047309444897, 0.6288643841311874, 0.5653937997163857]",stable,0.1882905220205978,408,"[0.665742568607076, 0.5824194340184091, 0.652697004927625, 0.674545215532858]"
"[0.5371005156470708, 0.5144373190674465, 0.6298176889630449, 0.5697598563490446]",stable,0.510970890610202,409,"[0.8514558061322568, 0.7439433693408222, 0.3108967336137506, 0.6585765187608105]"
"[0.558484111139862, 0.6309966941780131, 0.3924613428013401, 0.5717223004343679]",stable,0.37313780999614793,410,"[0.7920948947642128, 0.8580263195114081, 0.5427603602341589, 0.6743165575974549]"
"[0.558484111139862, 0.6309966941780131, 0.3924613428013401, 0.5717223004343679]",stable,0.3554131520492258,411,"[0.8555896409715079, 0.7369986977080052, 0.5560031003155352, 0.563692257481883]"
"[0.915040432441497, 0.8250560752229372, 0.38089283099754945, 0.6425353083997125]",stable,0.23550468115435733,412,"[0.8098755682560529, 0.7835771869549853, 0.5874692490898952, 0.6454493267015996]"
"[0.558484111139862, 0.6309966941780131, 0.3924613428013401, 0.5717223004343679]",stable,0.20288537908745627,413,"[0.6642010055465315, 0.5178980746547561, 0.5214118144935437, 0.5479127771976106]"
"[0.6532332873373078, 0.5911088152987015, 0.4437574991862198, 0.7163059209577124]",stable,0.4202316812206341,414,"[0.7580516743112763, 0.6538549301229863, 0.059455534823568856, 0.5980574667810871]"
"[0.879341420258136, 0.6732036381706439, 0.1422978590207896, 0.5477495297937175]",stable,0.2895019503944273,415,"[0.8236531038565515, 0.6259162631051416, 0.17081520494144886, 0.8264265037969358]"
"[0.9384183149793924, 0.7404737663704787, 0.5672773064078878, 0.8631553176237027]",stable,0.3888382711616888,416,"[1.0, 0.7385946532281442, 0.45134979533648656, 0.49714960960725363]"
"[0.558484111139862, 0.6309966941780131, 0.3924613428013401, 0.5717223004343679]",stable,0.35512775009174075,417,"[0.8971475906597915, 0.539830813305223, 0.3444007903179769, 0.600037172575316]"
"[0.7737618064778848, 0.6835964927091193, 0.2113906542861456, 0.7605385615026412]",stable,0.1765183207402751,418,"[0.8476194581229944, 0.6372192698266398, 0.33875158105120035, 0.8461663162419281]"
"[0.9384183149793924, 0.7404737663704787, 0.5672773064078878, 0.8631553176237027]",stable,0.5035313626609313,419,"[0.6180913942168939, 0.608406618268939, 0.21512992923915175, 0.7657644034504786]"
"[0.9384183149793924, 0.7404737663704787, 0.5672773064078878, 0.8631553176237027]",stable,0.2720988250333262,420,"[1.0, 0.6470765374392226, 0.33684923038844483, 0.9549448925463468]"
"[0.9384183149793924, 0.7404737663704787, 0.5672773064078878, 0.8631553176237027]",stable,0.2995088925062949,421,"[1.0, 0.5503807566878227, 0.39106308071799073, 1.0]"
"[0.9384183149793924, 0.7404737663704787, 0.5672773064078878, 0.8631553176237027]",stable,0.15082542399004972,422,"[1.0, 0.7484970811913934, 0.5801289178405346, 1.0]"
"[0.7617871593808855, 0.6778126562137208, 0.2116782908209922, 0.7609405493447826]",stable,0.3676403179888638,423,"[0.9686894705278517, 0.7961168559420801, 0.3572994858169646, 1.0]"
"[0.9435501220644431, 0.7411423759388883, 0.568348274027275, 0.8745590411550608]",stable,0.2526402398086739,424,"[1.0, 0.9040931403734866, 0.5063608752226444, 0.7006478200931042]"
"[0.558484111139862, 0.6309966941780131, 0.3924613428013401, 0.5717223004343679]",stable,0.5354045298335874,425,"[0.9171695951367399, 0.7863423620121758, 0.5217472106774993, 0.9140023348928746]"
"[0.7617871593808855, 0.6778126562137208, 0.2116782908209922, 0.7609405493447826]",stable,0.4735221705889926,426,"[0.9543690760940254, 0.9039273903931612, 0.5553123137898821, 0.8948182421826176]"
"[0.7617871593808855, 0.6778126562137208, 0.2116782908209922, 0.7609405493447826]",stable,0.28507231101460745,427,"[0.6887843321455346, 0.47930053470511147, 0.32666547143625346, 0.9136091303664159]"
"[0.9424385811431487, 0.7559984474051425, 0.5640884866281913, 0.878823505066873]",stable,0.19992234844973705,428,"[1.0, 0.844666036214615, 0.39539660710250857, 0.8971738986771216]"
"[0.834354375203624, 0.6212496594420261, 0.39461425652094595, 0.9380382404142641]",stable,0.45735196079503343,429,"[1.0, 0.9644222380793217, 0.38883387896087906, 0.6851914260472005]"
"[0.558484111139862, 0.6309966941780131, 0.3924613428013401, 0.5717223004343679]",stable,0.6451518322158342,430,"[1.0, 0.7057281598597973, 0.21280047731496737, 1.0]"
"[0.9462760090669388, 0.7619096199924408, 0.5528423613264792, 0.8800468646408894]",stable,0.34755556475551397,431,"[1.0, 1.0, 0.5168069031917502, 0.6352550753675871]"
"[0.558484111139862, 0.6309966941780131, 0.3924613428013401, 0.5717223004343679]",stable,0.6845324462235174,432,"[1.0, 0.4713832098466358, 0.7006073368431577, 0.9631529734690348]"
"[0.8936733260405758, 0.5546538365934026, 0.34194635133153983, 0.675613920826633]",stable,0.27367367307589746,433,"[0.8989176992324086, 0.5667947504923039, 0.6090308237911767, 0.6174051700640978]"
"[0.926215356539048, 0.8376944962953778, 0.40690980941725935, 0.6402027710577214]",anomaly,0.6650883449088206,434,"[1.0, 0.41473127040231716, 0.9143845312314427, 0.6185267662448523]"
"[0.926215356539048, 0.8376944962953778, 0.40690980941725935, 0.6402027710577214]",stable,0.6428444422196467,435,"[0.4204144630954508, 0.44509364444490007, 0.3655153348221778, 0.6006363498950253]"
"[0.2926504653607216, 0.47137247579216623, 0.5789740091530589, 0.2932462799713944]",stable,0.3029533090086976,436,"[0.3130114218735199, 0.682417251337358, 0.6049087617372826, 0.5080802396069187]"
"[0.5296392041592305, 0.3706689002919549, 0.8340507687493112, 0.5880047015844841]",stable,0.6227042480410571,437,"[0.39935000949149585, 0.6138786498216536, 0.27581804203676163, 0.5847571114033355]"
"[0.6532332873373078, 0.5911088152987015, 0.4437574991862198, 0.7163059209577124]",stable,0.6661169050473115,438,"[0.33512745793027676, 0.2889527143937251, 0.20838846668336478, 0.27378640532970583]"
"[0.2926504653607216, 0.47137247579216623, 0.5789740091530589, 0.2932462799713944]",stable,0.37037727200999854,439,"[0.32227990468288614, 0.5566630207365205, 0.22003319710554928, 0.3069734915160619]"
"[0.08368318326503234, 0.7216691550354914, 0.30665367169649943, 0.2831478083853937]",anomaly,0.3167444826817158,440,"[0.062804351576836, 0.7403068333711784, 0.0, 0.3573590223490173]"
"[0.08368318326503234, 0.7216691550354914, 0.30665367169649943, 0.2831478083853937]",stable,0.2503574869050847,441,"[0.2661088207548159, 0.6437242330864773, 0.25455768484668423, 0.4267108793067894]"
"[0.15233594527967823, 0.42098444098494253, 0.39442459701110427, 0.2932048944946005]",stable,0.3266695409364016,442,"[0.3674337443758086, 0.5812381818793643, 0.21002027744339608, 0.2656420344522502]"
"[0.08368318326503234, 0.7216691550354914, 0.30665367169649943, 0.2831478083853937]",stable,0.3710467827830674,443,"[0.290814560169243, 0.6316817587333324, 0.3109723843451518, 0.57752159278755]"
"[0.15233594527967823, 0.42098444098494253, 0.39442459701110427, 0.2932048944946005]",stable,0.23095058219982822,444,"[0.26331536344486106, 0.2654327509683539, 0.44944620806530255, 0.4106699284925556]"
"[0.2926504653607216, 0.47137247579216623, 0.5789740091530589, 0.2932462799713944]",stable,0.2583799074833113,445,"[0.47092972853944615, 0.28665132416527117, 0.554712002704762, 0.2769327243726903]"
"[0.15233594527967823, 0.42098444098494253, 0.39442459701110427, 0.2932048944946005]",stable,0.5931285406076253,446,"[0.5589776084886849, 0.26257651683080113, 0.7732948187602875, 0.4266526672854746]"
"[0.531213510825991, 0.5207249252232063, 0.8367963599116998, 0.8796772709930991]",stable,0.6693467713212062,447,"[0.3026028884292997, 0.2497726802299957, 0.6360968842805143, 0.34857757694307717]"
"[0.39160119952252537, 0.3536454523147839, 0.9147830164166304, 0.3543270160261025]",stable,0.40624347863635873,448,"[0.20766734116550087, 0.20693021535769698, 0.585477036760157, 0.3894597741242636]"
"[0.39160119952252537, 0.3536454523147839, 0.9147830164166304, 0.3543270160261025]",stable,0.25882959112053144,449,"[0.22315400046613376, 0.4726301358267809, 0.8143088211332037, 0.4741847631323101]"
"[0.5371005156470708, 0.5144373190674465, 0.6298176889630449, 0.5697598563490446]",stable,0.6535801298934768,450,"[0.0697423706853054, 0.5137163624330152, 0.3241519391942288, 0.2301847097772287]"
"[0.2976707374716011, 0.4242951923631349, 0.338458020090687, 0.48645491408000485]",stable,0.2864239262358704,451,"[0.17764714961687503, 0.6484771268055447, 0.29662937554152397, 0.36145159954919326]"
"[0.11721620287797763, 0.6102442009273588, 0.4570084263828453, 0.430767062584014]",stable,0.1972955570764981,452,"[0.13810446838715995, 0.7269776245636508, 0.5991610334803278, 0.4989958051173655]"
"[0.297235757222287, 0.7188634627595234, 0.2321734896085446, 0.44363819952761324]",stable,0.26719954043922073,453,"[0.15754605020447826, 0.6673214830133398, 0.3840264262133379, 0.2818776044107736]"
"[0.11844492437851777, 0.6171108729059641, 0.46537034444740305, 0.4347805180271523]",stable,0.26571281143497516,454,"[0.3796103714631535, 0.5983774213319469, 0.46715877217506246, 0.389594605087964]"
"[0.297235757222287, 0.7188634627595234, 0.2321734896085446, 0.44363819952761324]",stable,0.39185864813427934,455,"[0.6741117325235921, 0.780761100825753, 0.31415145969631525, 0.4125577526127824]"
"[0.6532332873373078, 0.5911088152987015, 0.4437574991862198, 0.7163059209577124]",stable,0.3500354343437834,456,"[0.6068459974946491, 0.7990627615375906, 0.4630689876813539, 0.43925854722341795]"
"[0.6532332873373078, 0.5911088152987015, 0.4437574991862198, 0.7163059209577124]",stable,0.4203611788619888,457,"[0.8708667085473792, 0.9276946838454825, 0.5419487417773954, 0.7963537044351491]"
"[0.8481581772699887, 0.6282895344768403, 0.3794631082537811, 0.9432017203797421]",stable,0.3685785450902101,458,"[0.8183098783869466, 0.7870544240863263, 0.6006909158240515, 0.6966024707062207]"
"[0.8481581772699887, 0.6282895344768403, 0.3794631082537811, 0.9432017203797421]",anomaly,0.6767067288169427,459,"[1.0, 0.9159262694227527, 0.41108387920455874, 0.35062995826962556]"
"[0.8481581772699887, 0.6282895344768403, 0.3794631082537811, 0.9432017203797421]",stable,0.399758867138958,460,"[0.5095807649591766, 0.6782281761220992, 0.5168729759786398, 0.7889384776691057]"
"[0.6837872019996551, 0.8033475301024555, 0.4369619728169279, 0.45125194495984583]",stable,0.5206040190131911,461,"[0.8542986049128795, 0.4498892782413394, 0.47462286809127474, 0.7912568379359171]"
"[0.7159650196373031, 0.7597766684637092, 0.7404163119771083, 0.4794239131536791]",stable,0.33397954102623445,462,"[0.8824892514040671, 0.608918326017753, 0.6508068092981267, 0.7096931286443032]"
"[0.926215356539048, 0.8376944962953778, 0.40690980941725935, 0.6402027710577214]",stable,0.178470868084962,463,"[0.8816821750553017, 0.8279500177982123, 0.40107103737882893, 0.8126545045423029]"
"[0.550906296775654, 0.6301815492086627, 0.38690689990778876, 0.5723430057186045]",stable,0.46999778418589055,464,"[1.0, 0.5823832451771099, 0.5110144614193215, 0.6113993518259698]"
"[0.9241911210170596, 0.8372515654545976, 0.4066444106882398, 0.6480414862161115]",stable,0.3503314464018941,465,"[0.8848380739055858, 0.9081801824382096, 0.11776456863313076, 0.8288757422852883]"
"[0.9343127484081416, 0.7731407886952012, 0.5550161810293314, 0.8643328908679242]",stable,0.4091725408911677,466,"[0.7599485506911003, 0.7326185099950892, 0.1936683922241161, 0.7950146737214996]"
"[0.9343127484081416, 0.7731407886952012, 0.5550161810293314, 0.8643328908679242]",stable,0.14327164835693532,467,"[0.7961437329488535, 0.7689074941860317, 0.5193654908067178, 0.8522004593649555]"
"[0.8481581772699887, 0.6282895344768403, 0.3794631082537811, 0.9432017203797421]",stable,0.21484434739071323,468,"[0.9582610955559923, 0.6792743156478155, 0.40999173021039303, 0.7685477873549599]"
"[0.8481581772699887, 0.6282895344768403, 0.3794631082537811, 0.9432017203797421]",stable,0.4805426604856473,469,"[1.0, 0.9587549275201989, 0.4430295488564386, 0.6356025639334683]"
"[0.550906296775654, 0.6301815492086627, 0.38690689990778876, 0.5723430057186045]",stable,0.5551889289097246,470,"[0.8765887247785572, 0.8268346857295493, 0.07894473653815628, 0.834359327163003]"
"[0.9266366919937367, 0.772905605666914, 0.5530355871280751, 0.8636588668955371]",stable,0.2681405561330864,471,"[1.0, 0.6628157424549602, 0.3943808742361757, 0.6927024777873751]"
"[0.8481581772699887, 0.6282895344768403, 0.3794631082537811, 0.9432017203797421]",stable,0.15434564868800726,472,"[1.0, 0.6352926638119457, 0.3534239100253073, 0.9494911141568565]"
"[0.9266366919937367, 0.772905605666914, 0.5530355871280751, 0.8636588668955371]",stable,0.41918692285567494,473,"[0.971061470429209, 0.5019031009818913, 0.2671809855691635, 1.0]"
"[0.9266366919937367, 0.772905605666914, 0.5530355871280751, 0.8636588668955371]",stable,0.1416558113550706,474,"[1.0, 0.7467592413433398, 0.4360999781619257, 0.8817316341827074]"
"[0.8677828284049338, 0.6197621556082801, 0.369583013902846, 0.9477079827652687]",anomaly,0.521125023021884,475,"[0.9912252700086139, 0.3776754873895611, 0.3376125915018702, 0.5041933940618708]"
"[0.8677828284049338, 0.6197621556082801, 0.369583013902846, 0.9477079827652687]",stable,0.28728186626642477,476,"[0.8223455083451084, 0.7789869050445213, 0.19713742014489397, 0.788408525792765]"
"[0.9304979187309084, 0.7715294812288311, 0.5468810813930146, 0.8646100651738091]",stable,0.150672546024749,477,"[1.0, 0.7126314570529659, 0.43465299642943467, 0.90712543320034]"
"[0.7657018087325146, 0.6882113297211986, 0.20950823953612727, 0.7650433560664293]",stable,0.34458818952366027,478,"[0.9416963414000811, 0.7782894679397812, 0.49075473877372144, 0.7885652716344858]"
"[0.7657018087325146, 0.6882113297211986, 0.20950823953612727, 0.7650433560664293]",stable,0.4289999498724151,479,"[1.0, 0.8058011984575264, 0.46545903728420535, 0.5418682533734651]"
"[0.550906296775654, 0.6301815492086627, 0.38690689990778876, 0.5723430057186045]",stable,0.33667164571369923,480,"[0.8208782477918317, 0.6990756836309826, 0.5226891529532001, 0.7037953571323404]"
"[0.7657018087325146, 0.6882113297211986, 0.20950823953612727, 0.7650433560664293]",stable,0.35620500647777253,481,"[1.0, 0.4788045072129967, 0.3655483450000797, 0.7035077372555988]"
"[0.8677828284049338, 0.6197621556082801, 0.369583013902846, 0.9477079827652687]",stable,0.2927005213120329,482,"[0.8654498827095364, 0.6284291000894143, 0.6271879155189183, 0.8090257875221417]"
"[0.9167767524934312, 0.5677315912213664, 0.3539531759525423, 0.6871069408198025]",stable,0.45735369606530296,483,"[0.7646038646416564, 0.6611375006128394, 0.5999906713246956, 0.3454101417871012]"
"[0.5311061243757033, 0.3652642811188972, 0.8310129712498601, 0.5799370998695336]",stable,0.18930671011162567,484,"[0.597582463499753, 0.415050065224414, 1.0, 0.5603747215593775]"
"[0.531213510825991, 0.5207249252232063, 0.8367963599116998, 0.8796772709930991]",stable,0.3279648733537232,485,"[0.43020448120997357, 0.6542219878817045, 0.8920221017078249, 0.603114826336246]"
"[0.5371005156470708, 0.5144373190674465, 0.6298176889630449, 0.5697598563490446]",stable,0.4713450823710867,486,"[0.16472453804103282, 0.3530609256511217, 0.8638906276592886, 0.5180893909418312]"
"[0.39160119952252537, 0.3536454523147839, 0.9147830164166304, 0.3543270160261025]",stable,0.2404197860767951,487,"[0.22196505023200663, 0.48567062867311184, 0.8780438301074107, 0.45554379026824876]"
"[0.12839333052519836, 0.30195955809802244, 0.9252408127237324, 0.4996823385249325]",stable,0.6767490441470144,488,"[0.552235467305127, 0.6046647214585427, 0.5381239150970175, 0.3077000385843641]"
"[0.297235757222287, 0.7188634627595234, 0.2321734896085446, 0.44363819952761324]",stable,0.427641653967606,489,"[0.3003214794738294, 0.32549342165512696, 0.3916442664662758, 0.39170608406662744]"
"[0.308857671104242, 0.4545796438260849, 0.5767683722032136, 0.2917632294624213]",stable,0.3027868827288724,490,"[0.21562646421610165, 0.5948411977969772, 0.5609120094749636, 0.5428869253844695]"
"[0.09417236034573788, 0.7136979237697354, 0.3108629503441159, 0.2879624075847174]",stable,0.5615842885614394,491,"[0.378782406628425, 0.489898769675656, 0.7299545249207344, 0.38096899584431243]"
"[0.1459825933878034, 0.4281176657117173, 0.3890190079482677, 0.2883571879778796]",stable,0.6315804082027351,492,"[0.48706705188134863, 0.5802682816776695, 0.8510282836528165, 0.5027232846999079]"
"[0.12839333052519836, 0.30195955809802244, 0.9252408127237324, 0.4996823385249325]",stable,0.4189136245068857,493,"[0.1913622911495071, 0.6094184526304877, 0.6883851337149677, 0.6442228182860075]"
"[0.5342716643339914, 0.36763503274296944, 0.8390599726189143, 0.5790055580452405]",stable,0.3480130872942231,494,"[0.3770984801742796, 0.6554837563811619, 0.7903518663015235, 0.6847426460890822]"
"[0.5342716643339914, 0.36763503274296944, 0.8390599726189143, 0.5790055580452405]",stable,0.2618250146324345,495,"[0.4499687566396486, 0.5196067406493847, 0.861033372790623, 0.3844107797945001]"
"[0.12839333052519836, 0.30195955809802244, 0.9252408127237324, 0.4996823385249325]",stable,0.7459976768626259,496,"[0.5142553302760551, 0.6562929773556663, 0.3964309352529119, 0.5489874348050034]"
"[0.6532332873373078, 0.5911088152987015, 0.4437574991862198, 0.7163059209577124]",stable,0.32369877018822557,497,"[0.47715726333453634, 0.5693193100347449, 0.6880091325707385, 0.8331155294755557]"
"[0.3489634802359031, 0.5957799493880565, 0.8967181103824577, 0.49436909364364107]",stable,0.42071213746464603,498,"[0.5713162856516176, 0.5154571055023731, 1.0, 0.8266927680350069]"
"[0.3489634802359031, 0.5957799493880565, 0.8967181103824577, 0.49436909364364107]",stable,0.37717919105489794,499,"[0.3376037711016385, 0.6462488831294128, 0.5301093179662, 0.4223553503489343]"
"[0.5342716643339914, 0.36763503274296944, 0.8390599726189143, 0.5790055580452405]",stable,0.2735220502135149,500,"[0.2682262278356683, 0.35836706618009706, 0.8486200393724903, 0.6411090812212884]"
"[0.1459825933878034, 0.4281176657117173, 0.3890190079482677, 0.2883571879778796]",stable,0.6716308031685572,501,"[0.6105528647263325, 0.4384126798570058, 0.8296027540781696, 0.4909463636096913]"
"[0.5292201575880157, 0.5269144345218785, 0.8388558474470339, 0.8654563789251511]",stable,0.4494892397973437,502,"[0.3018805124956886, 0.6561679084400764, 0.8450680435805381, 0.4999263383509662]"
"[0.12839333052519836, 0.30195955809802244, 0.9252408127237324, 0.4996823385249325]",stable,0.5324030546254632,503,"[0.5831278382051143, 0.5726566859466778, 0.960087894903672, 0.5463544494442134]"
"[0.6556779579704467, 0.6932315901368842, 0.9045935170988534, 0.6569066708695236]",stable,0.4890438796909064,504,"[0.33611431704774086, 0.5828391099694138, 0.5622828932807236, 0.7445418967040882]"
"[0.5371005156470708, 0.5144373190674465, 0.6298176889630449, 0.5697598563490446]",stable,0.24771360692143674,505,"[0.3956490053797439, 0.5174599212560731, 0.8195557986075753, 0.4966584547096106]"
"[0.12839333052519836, 0.30195955809802244, 0.9252408127237324, 0.4996823385249325]",stable,0.7001539167862431,506,"[0.38004290138515373, 0.5560753700913539, 0.4452106147864725, 0.8628409317599027]"
"[0.5371005156470708, 0.5144373190674465, 0.6298176889630449, 0.5697598563490446]",stable,0.49833311741587977,507,"[0.21344629105255677, 0.41585225135566306, 0.5346648203871588, 0.21647420019867655]"
"[0.1459825933878034, 0.4281176657117173, 0.3890190079482677, 0.2883571879778796]",stable,0.37008588378852025,508,"[0.40407969882499517, 0.3742133604114313, 0.44746080361567203, 0.5413953825923215]"
"[0.30689715998674183, 0.45431746947063484, 0.5853131876571726, 0.2928337477022787]",stable,0.46517519869677826,509,"[0.3704361301811191, 0.4746039017414014, 0.1766391974772063, 0.5047884484412187]"
"[0.30689715998674183, 0.45431746947063484, 0.5853131876571726, 0.2928337477022787]",stable,0.32831092298686015,510,"[0.12093749066575082, 0.4964142540823761, 0.3192874442018548, 0.26704173182701596]"
"[0.30724047936976645, 0.4191070400851641, 0.3384775046847445, 0.48532466002001284]",stable,0.40956331461124046,511,"[0.1659371658751087, 0.6267821894142058, 0.1576056278208222, 0.21712346915453828]"
"[0.09417236034573788, 0.7136979237697354, 0.3108629503441159, 0.2879624075847174]",stable,0.31373007976244194,512,"[0.25940706799375446, 0.5830901330472715, 0.09867121986831437, 0.19288176362126608]"
"[0.09417236034573788, 0.7136979237697354, 0.3108629503441159, 0.2879624075847174]",stable,0.28168546984594456,513,"[0.20825370644375996, 0.5748219909341319, 0.4772532523987578, 0.4271022403286151]"
"[0.09417236034573788, 0.7136979237697354, 0.3108629503441159, 0.2879624075847174]",stable,0.28200453541019965,514,"[0.3267939152075118, 0.5900185686804944, 0.30834210151938796, 0.3885150438083669]"
"[0.30724047936976645, 0.4191070400851641, 0.3384775046847445, 0.48532466002001284]",stable,0.44815184664149094,515,"[0.07024059989089534, 0.20451211795220026, 0.25215691228954384, 0.1833827624660831]"
"[0.30689715998674183, 0.45431746947063484, 0.5853131876571726, 0.2928337477022787]",stable,0.1190333529248621,516,"[0.33021282811039276, 0.5249678455541015, 0.49251559941843726, 0.2975719651752749]"
"[0.14419365747908536, 0.43299599345247863, 0.38403818196638106, 0.28683465539567504]",stable,0.5559283211173933,517,"[0.2874035212496214, 0.8004063558653969, 0.4729529810728458, 0.6684771808441543]"
"[0.5377389916245524, 0.37085219852088014, 0.8386300990488805, 0.5750028673890791]",stable,0.5119823392172552,518,"[0.3181044640344086, 0.7252318966078359, 0.5968813258343828, 0.40220486336788]"
"[0.5377389916245524, 0.37085219852088014, 0.8386300990488805, 0.5750028673890791]",stable,0.6217283415580438,519,"[0.39634724874395016, 0.5469995068178057, 0.27052039945069595, 0.4619630481044152]"
"[0.3085625648527169, 0.4593639249051682, 0.5786847884972629, 0.29317219180749277]",stable,0.4647791002699501,520,"[0.49346109174992736, 0.8297331963047381, 0.4278169733895392, 0.4411507441945173]"
"[0.6532332873373078, 0.5911088152987015, 0.4437574991862198, 0.7163059209577124]",stable,0.13814865688325748,521,"[0.5610199725442546, 0.5721847572517416, 0.3440057414593115, 0.7328353743955234]"
"[0.9305085275989713, 0.841003773582453, 0.4106110675534133, 0.643099313085891]",stable,0.31496562903523745,522,"[0.9249264402393009, 0.9094409004991959, 0.19480162846869123, 0.42420474157807336]"
"[0.8844064224782655, 0.6994522228738164, 0.14813161118166757, 0.5340223311030904]",stable,0.31242739903950134,523,"[0.9170430627806836, 0.5396064973937733, 0.3387428445403649, 0.7202008238018802]"
"[0.8677828284049338, 0.6197621556082801, 0.369583013902846, 0.9477079827652687]",stable,0.5319284762988624,524,"[0.7393271887918705, 0.6870743585891793, 0.5884532321660626, 0.48509372937860706]"
"[0.5377389916245524, 0.37085219852088014, 0.8386300990488805, 0.5750028673890791]",stable,0.9881681401842616,525,"[0.9252300110511796, 0.8363531736151316, 0.06069452519572738, 0.6417266881654858]"
"[0.9167972379001429, 0.5655681224653978, 0.35278315045929787, 0.6896526241261162]",stable,0.5173478108508466,526,"[0.48348768740339115, 0.7826356060065242, 0.42788745166004566, 0.8543725147609039]"
"[0.6647545909746824, 0.8059860967226837, 0.4360474728741891, 0.450241824883313]",stable,0.46635163372398836,527,"[0.9604372908077629, 0.7704068413732924, 0.44230350328751594, 0.8090601159007913]"
"[0.9167972379001429, 0.5655681224653978, 0.35278315045929787, 0.6896526241261162]",stable,0.4711818039702482,528,"[0.68383604619416, 0.8435970265676378, 0.6481414571923341, 0.746263353489788]"
"[0.6647545909746824, 0.8059860967226837, 0.4360474728741891, 0.450241824883313]",stable,0.5012686236380679,529,"[1.0, 0.9544356915702481, 0.35426527529127727, 0.7821381019331678]"
"[0.549240343752945, 0.6313684323062536, 0.3873398106052944, 0.5712813888588953]",stable,0.30309705762964556,530,"[0.7534448759356159, 0.7840563830047514, 0.44328232626468833, 0.7253111263546034]"
"[0.549240343752945, 0.6313684323062536, 0.3873398106052944, 0.5712813888588953]",stable,0.47650135274099753,531,"[1.0, 0.610220985720549, 0.41909739179293654, 0.7209928213016197]"
"[0.8677828284049338, 0.6197621556082801, 0.369583013902846, 0.9477079827652687]",stable,0.3532412658297419,532,"[0.5662147228312484, 0.710740222326042, 0.2744674885738092, 0.819208574971393]"
"[0.9278300924415198, 0.7603288622264261, 0.5378470355595862, 0.851881800153853]",stable,0.25317069109224993,533,"[0.9159246443511052, 0.7865688030430273, 0.2964675102582352, 0.7811637020096751]"
"[0.549240343752945, 0.6313684323062536, 0.3873398106052944, 0.5712813888588953]",stable,0.41117868604650853,534,"[0.5641952910040953, 0.2643048365262917, 0.4871643097906601, 0.7266636511256167]"
"[0.7211079492200831, 0.7475379914833234, 0.7195314033725755, 0.47025648778641843]",stable,0.6206180637802949,535,"[0.37791655341387, 0.5150609573935897, 0.27861779330953645, 0.3326481158862883]"
"[0.31169581783847566, 0.42550166342179613, 0.3350796494230421, 0.48415657942423296]",anomaly,0.2866713492758061,536,"[0.47281780437636683, 0.27618620996990695, 0.4635052036704651, 0.6161866529923173]"
"[0.31169581783847566, 0.42550166342179613, 0.3350796494230421, 0.48415657942423296]",stable,0.5389748050452864,537,"[0.4641670080966281, 0.16151664277491457, 0.7647514112733386, 0.3704004254922615]"
"[0.39160119952252537, 0.3536454523147839, 0.9147830164166304, 0.3543270160261025]",stable,0.2977908011576071,538,"[0.3159950074374908, 0.44315386724002137, 0.7891487879493568, 0.5975704111419715]"
"[0.14419365747908536, 0.43299599345247863, 0.38403818196638106, 0.28683465539567504]",stable,0.6949025890957924,539,"[0.7192432758222452, 0.31111216014276233, 0.7543897388031651, 0.27299267931848803]"
"[0.7128679085506525, 0.25117946321063367, 0.706064952791292, 0.29337378836769784]",anomaly,0.5282692426312618,540,"[0.4205457910895058, 0.10574844631795602, 1.0, 0.0]"
"[0.7128679085506525, 0.25117946321063367, 0.706064952791292, 0.29337378836769784]",stable,0.48884270063808244,541,"[0.380933989429575, 0.5500602443281569, 0.870962133031558, 0.4041269279685427]"
"[0.12839333052519836, 0.30195955809802244, 0.9252408127237324, 0.4996823385249325]",stable,0.4427872345116571,542,"[0.3765536677984632, 0.4758095913582613, 0.6134363686874843, 0.4158304651674414]"
"[0.14419365747908536, 0.43299599345247863, 0.38403818196638106, 0.28683465539567504]",stable,0.4632471063588352,543,"[0.36471737712890234, 0.6019186264553136, 0.7499984287568497, 0.34604117910794574]"
"[0.3130953050491, 0.4604603026687077, 0.5810015605099443, 0.30134941003148935]",stable,0.46407565550663665,544,"[0.5660820218975157, 0.42123790297495867, 0.8920850899492031, 0.5316808586138565]"
"[0.35132982841041793, 0.5929042945344262, 0.8816537085047923, 0.48283291992176613]",stable,0.19830631922250458,545,"[0.30057200098988784, 0.531171751490812, 0.8088479279171552, 0.3165877676871258]"
"[0.3130953050491, 0.4604603026687077, 0.5810015605099443, 0.30134941003148935]",stable,0.4558122302475043,546,"[0.4364534656563653, 0.606376553573374, 0.8474351628130303, 0.6180024326611865]"
"[0.3130953050491, 0.4604603026687077, 0.5810015605099443, 0.30134941003148935]",stable,0.43247193939133194,547,"[0.4433170336986594, 0.7901316537332077, 0.5677076396805781, 0.5487647525321317]"
"[0.5389712972885943, 0.3730428813232314, 0.8409542290880249, 0.5731193017901565]",stable,0.2190958712348401,548,"[0.7236965597836768, 0.4864444123549154, 0.8115603078571659, 0.5855960138017632]"
"[0.3528919106752096, 0.5907106452614868, 0.8767889664011833, 0.48142039085380156]",stable,0.5052154592121441,549,"[0.6368988662407515, 0.5370950852028561, 0.5929317292634056, 0.7833030668414056]"
"[0.9259842289874827, 0.8410796830961815, 0.40550669381837484, 0.6564072757169938]",stable,0.37567975297009637,550,"[0.893053544673917, 0.5218275692497658, 0.3670491197487866, 0.46496551009728826]"
"[0.6485138205594988, 0.5879376071185797, 0.445906302331884, 0.7199375122325604]",stable,0.2756384214293899,551,"[0.7583495168137, 0.4499314353829389, 0.6535698303408878, 0.6781904776771899]"
"[0.7211079492200831, 0.7475379914833234, 0.7195314033725755, 0.47025648778641843]",stable,0.31807434722464456,552,"[0.7427745130539757, 0.6730435305724878, 0.5402299835686653, 0.721261321452867]"
"[0.9259842289874827, 0.8410796830961815, 0.40550669381837484, 0.6564072757169938]",stable,0.12752954140459882,553,"[0.8169032832271698, 0.8352155488297478, 0.41906705436771197, 0.7208033917022003]"
"[0.549240343752945, 0.6313684323062536, 0.3873398106052944, 0.5712813888588953]",stable,0.4660739262070677,554,"[0.8911159409295945, 0.5493730079925668, 0.48797856518925764, 0.8602356624258176]"
"[0.9278300924415198, 0.7603288622264261, 0.5378470355595862, 0.851881800153853]",anomaly,0.6100264504880903,555,"[1.0, 0.25923622557345355, 0.275786220193735, 0.6347319134855518]"
"[0.9278300924415198, 0.7603288622264261, 0.5378470355595862, 0.851881800153853]",stable,0.3139286018915943,556,"[1.0, 0.7950344101056057, 0.7014972215908353, 0.5962320141438602]"
"[0.9220884809246144, 0.8408702497295232, 0.4059909924094226, 0.6587071370021798]",stable,0.4420766094504655,557,"[0.8095445787359548, 0.5557954093982729, 0.2935168470073872, 0.956780115867361]"
"[0.9278300924415198, 0.7603288622264261, 0.5378470355595862, 0.851881800153853]",stable,0.18135352062875396,558,"[0.9176989887466611, 0.6737103025566289, 0.6445126938874952, 0.7339575760242388]"
"[0.9220884809246144, 0.8408702497295232, 0.4059909924094226, 0.6587071370021798]",stable,0.4433380216119035,559,"[0.9579329431347056, 0.6385943079994193, 0.08680908742365306, 0.8877729154643516]"
"[0.9278300924415198, 0.7603288622264261, 0.5378470355595862, 0.851881800153853]",anomaly,0.7004860361606468,560,"[0.665082776411528, 0.663716652183591, 0.5560217044188779, 0.21002488692662535]"
"[0.9278300924415198, 0.7603288622264261, 0.5378470355595862, 0.851881800153853]",stable,0.13309265505419163,561,"[0.9095531138499151, 0.6853626836013565, 0.4639913978963187, 0.7724776205998625]"
"[0.922740292335847, 0.5687576126979086, 0.3575198819831292, 0.6918912096386521]",stable,0.3966167887167696,562,"[0.5490079527609713, 0.5081150242883311, 0.4755761172897853, 0.6956617830828946]"
"[0.9220884809246144, 0.8408702497295232, 0.4059909924094226, 0.6587071370021798]",stable,0.704497007517817,563,"[0.7363002699229029, 0.5548198979629494, 0.9681931202495253, 0.40591722826248566]"
"[0.3974392983037291, 0.6208733253829546, 0.34653976564296207, 0.2927452352842598]",stable,0.5814942692795557,564,"[0.4411380374583205, 0.41836842624274906, 0.8446227349134652, 0.50984228028524]"
"[0.3528919106752096, 0.5907106452614868, 0.8767889664011833, 0.48142039085380156]",stable,0.38029708712406957,565,"[0.4187153919732485, 0.5621519235277715, 0.978133564849133, 0.8408738865430477]"
"[0.3528919106752096, 0.5907106452614868, 0.8767889664011833, 0.48142039085380156]",stable,0.5256639347259952,566,"[0.7309202315191818, 0.6607226844873164, 0.5736307993821116, 0.6727593598187763]"
"[0.9220884809246144, 0.8408702497295232, 0.4059909924094226, 0.6587071370021798]",stable,0.6328131068180795,567,"[0.7426768090896189, 0.7177386181511499, 1.0, 0.6747002722866393]"
"[0.6623701772873061, 0.6951167461379816, 0.9119324773220185, 0.6582754094400709]",stable,0.4823831221352945,568,"[0.5501008176776824, 0.23676899362202058, 1.0, 0.7057150197543434]"
"[0.3200471909050012, 0.2807278341306122, 0.6822370182252011, 0.434855063949246]",stable,0.6601425173741738,569,"[0.8059224947216713, 0.5730558734442399, 1.0, 0.5501127631749763]"
"[0.6726239142469036, 0.6863981123741428, 0.9182230146561601, 0.6505495061354213]",stable,0.5011692373949437,570,"[0.6655401217460999, 0.7880117172401017, 0.5146171484363743, 0.3714484411894841]"
"[0.6514815603924078, 0.5909402385798256, 0.4555877636105344, 0.7172402017578242]",stable,0.2513811901653278,571,"[0.5526107603125381, 0.5701323880162434, 0.6857101240507634, 0.7119676083879452]"
"[0.5376970635188196, 0.5165794371039387, 0.6319673980048802, 0.5752293852736178]",stable,0.32255033276078626,572,"[0.5962533844142781, 0.699405719155966, 0.3874814702262046, 0.6613168765630891]"
"[0.6514815603924078, 0.5909402385798256, 0.4555877636105344, 0.7172402017578242]",stable,0.23927483481985745,573,"[0.7990296327530343, 0.7060362537980048, 0.47018758125473475, 0.5688428785798567]"
"[0.6514815603924078, 0.5909402385798256, 0.4555877636105344, 0.7172402017578242]",stable,0.3749817221565629,574,"[1.0, 0.4549529983824185, 0.4394410186924813, 0.737062974950162]"
"[0.8656012573334139, 0.6113649122441727, 0.37222860042728056, 0.9428079710629338]",stable,0.5972474655795612,575,"[1.0, 0.45548351981113966, 0.4864227410729649, 0.3938979576306934]"
"[0.6514815603924078, 0.5909402385798256, 0.4555877636105344, 0.7172402017578242]",stable,0.3847363210628954,576,"[0.8417138738620563, 0.6553100251491012, 0.4085595313543381, 0.3924655420245256]"
"[0.6514815603924078, 0.5909402385798256, 0.4555877636105344, 0.7172402017578242]",stable,0.2275634367720423,577,"[0.5126375122412538, 0.6400838250603093, 0.34404011883858693, 0.5843888603939902]"
"[0.6514815603924078, 0.5909402385798256, 0.4555877636105344, 0.7172402017578242]",stable,0.2623972499150693,578,"[0.6369282323058401, 0.727546618083502, 0.6776176533794976, 0.6911261723353928]"
"[0.6887561183160013, 0.7853245356472341, 0.44260299921441065, 0.44885962389438433]",stable,0.37002550974510834,579,"[0.47270763211390887, 0.5475834830237046, 0.5680012787850498, 0.583010258816816]"
"[0.5352900475408601, 0.517727735100967, 0.6295982824782199, 0.5755175657752177]",stable,0.36169225460103754,580,"[0.5149138468382213, 0.20227006373449163, 0.7794816469457132, 0.6673191568031129]"
"[0.3528919106752096, 0.5907106452614868, 0.8767889664011833, 0.48142039085380156]",stable,0.6638107151094221,581,"[0.14064908595731626, 0.5648784190896134, 0.25188884679987766, 0.5479800292477345]"
"[0.1282865202681402, 0.6137130541122368, 0.4710242693410301, 0.4400662090618249]",stable,0.4789086357338105,582,"[0.04921140355309417, 0.2354374729292924, 0.6599826681455004, 0.2295836314006849]"
"[0.3528919106752096, 0.5907106452614868, 0.8767889664011833, 0.48142039085380156]",stable,0.4128150841714175,583,"[0.45221423572706376, 0.8283830383773665, 0.6181581884083477, 0.2886165431454645]"
"[0.09417236034573788, 0.7136979237697354, 0.3108629503441159, 0.2879624075847174]",stable,0.33564164606088837,584,"[0.25711150509176406, 0.46703145720261835, 0.44220091809856804, 0.19845183738588568]"
"[0.31169581783847566, 0.42550166342179613, 0.3350796494230421, 0.48415657942423296]",stable,0.2688601249973539,585,"[0.1883290628594962, 0.6597319965252275, 0.30780457455888605, 0.44596453935094726]"
"[0.15172151398659725, 0.43526502436915465, 0.3879156977085269, 0.2809424675283558]",stable,0.40425954243679196,586,"[0.16725887894569674, 0.45056110943535044, 0.37512606040335, 0.6844109581203497]"
"[0.1282865202681402, 0.6137130541122368, 0.4710242693410301, 0.4400662090618249]",stable,0.5157799130893139,587,"[0.5646062289583961, 0.6912909423729431, 0.7069136687445681, 0.3217788764478973]"
"[0.5413880108353033, 0.37257958356794146, 0.8376004599515737, 0.5747885150793737]",stable,0.5669582998323645,588,"[0.622705985716601, 0.7650181395524922, 0.44751400230401117, 0.48176359343604747]"
"[0.6514815603924078, 0.5909402385798256, 0.4555877636105344, 0.7172402017578242]",stable,0.40599865656111533,589,"[0.7086416822328324, 0.5908486671357839, 0.4805430733677282, 0.3160608731151193]"
"[0.6514815603924078, 0.5909402385798256, 0.4555877636105344, 0.7172402017578242]",stable,0.2825248509518161,590,"[0.79668280124611, 0.7187291218671061, 0.31552169815716546, 0.8681984399447262]"
"[0.9270990132978557, 0.7573302150814234, 0.5348928100530556, 0.8487056329716932]",stable,0.2863559174023801,591,"[0.8442242908838193, 0.8275946596126245, 0.544530747448474, 0.583938735845865]"
"[0.8656012573334139, 0.6113649122441727, 0.37222860042728056, 0.9428079710629338]",stable,0.441932092144504,592,"[0.7400015044680501, 0.6924101706599437, 0.21127962457081906, 0.5593294587490689]"
"[0.9278909395134571, 0.5611706384102092, 0.36298129109708605, 0.6949026606594194]",stable,0.3772981364416181,593,"[0.7572075718816491, 0.7872541485716652, 0.21962620902222407, 0.8987571152405429]"
"[0.9270990132978557, 0.7573302150814234, 0.5348928100530556, 0.8487056329716932]",stable,0.2927346977024268,594,"[0.6798606110416375, 0.6098708098658722, 0.4827477597152246, 0.838537386934908]"
"[0.9194035088542422, 0.8404124707599749, 0.4107682253418037, 0.6561289162726517]",stable,0.4653924991727787,595,"[1.0, 0.4665994360156775, 0.38844224267286714, 0.9204388658666872]"
"[0.9270990132978557, 0.7573302150814234, 0.5348928100530556, 0.8487056329716932]",stable,0.4674715905318583,596,"[0.6063343267882988, 0.8990313786885424, 0.3057559751041032, 0.6412043198559055]"
"[0.6525326363423792, 0.5916413708496792, 0.4565936893921896, 0.7217326900977162]",stable,0.33090672770976576,597,"[0.7828894469112744, 0.8940679375371211, 0.4884271901136666, 0.7161501839085384]"
"[0.873507065725566, 0.6028492959954377, 0.37318234408878564, 0.9414921413455074]",stable,0.433749646418537,598,"[1.0, 0.8327125033076779, 0.510189873238265, 0.6244272643450199]"
"[0.9175997162478805, 0.8418949062220669, 0.4164805031698141, 0.6570424522632405]",stable,0.1740249548374677,599,"[0.918684460866795, 0.6987863955677892, 0.5138443112992064, 0.6390493624743302]"
"[0.9175997162478805, 0.8418949062220669, 0.4164805031698141, 0.6570424522632405]",stable,0.2871690340397349,600,"[0.7109380543921227, 0.7133264027666283, 0.40147727817199735, 0.5053781690940494]"
"[0.6525326363423792, 0.5916413708496792, 0.4565936893921896, 0.7217326900977162]",stable,0.3822230964425748,601,"[0.4092209210425816, 0.7407943788764368, 0.5681922739348932, 0.49327472727598604]"
"[0.5413880108353033, 0.37257958356794146, 0.8376004599515737, 0.5747885150793737]",stable,0.6640994874506418,602,"[0.29872635601133063, 0.6558743319467882, 0.2892226110025976, 0.6089831174802813]"
"[0.15172151398659725, 0.43526502436915465, 0.3879156977085269, 0.2809424675283558]",stable,0.44203952328368534,603,"[0.5105352169986759, 0.5718870792627988, 0.34491373352315563, 0.49573751371998875]"
"[0.6525326363423792, 0.5916413708496792, 0.4565936893921896, 0.7217326900977162]",stable,0.6792406397057368,604,"[0.25652266658333145, 0.4976216642776319, 0.28289299014169855, 0.20643441498388163]"
"[0.29186495244359967, 0.712757432907172, 0.23880749992576428, 0.45202176241641334]",stable,0.2152907419670705,605,"[0.4173854176108, 0.6896576613456721, 0.3330623388531408, 0.3064980794863755]"
"[0.31169581783847566, 0.42550166342179613, 0.3350796494230421, 0.48415657942423296]",stable,0.201784584557625,606,"[0.19339388627037216, 0.573869495310675, 0.2664949963151974, 0.48634823884555123]"
"[0.15827158602389316, 0.43916231436343445, 0.38135177848560015, 0.27628571424432613]",anomaly,0.6205693131567432,607,"[0.06332543332583582, 0.9198318091390324, 0.0041973868309743145, 0.32922815626837465]"
"[0.15827158602389316, 0.43916231436343445, 0.38135177848560015, 0.27628571424432613]",stable,0.37936668242010785,608,"[0.0, 0.7779434741647294, 0.3176918298731476, 0.26965838489762245]"
"[0.1282865202681402, 0.6137130541122368, 0.4710242693410301, 0.4400662090618249]",stable,0.1789509566022675,609,"[0.0, 0.508943165908108, 0.4532577702419814, 0.3746931594020719]"
"[0.08863280973716506, 0.7174770737929703, 0.3112646491399413, 0.2868857003678295]",stable,0.17586504540850614,610,"[0.22112667065472014, 0.8095124870829382, 0.24474996570317292, 0.30877566618659674]"
"[0.1218721942547332, 0.6084745597020302, 0.47013594438607764, 0.4367975565788373]",stable,0.19421977956029637,611,"[0.1518599098224137, 0.5218011238890147, 0.3547772895686156, 0.3102979282372697]"
"[0.2871758540543984, 0.706143721593053, 0.2401259521347849, 0.4536563565320866]",stable,0.16102412571420646,612,"[0.25695964958818257, 0.8460062110632903, 0.3048278592703147, 0.4180488109568373]"
"[0.15789442860027672, 0.4440234208061156, 0.3797885732551893, 0.27828643271449927]",stable,0.5573006587062171,613,"[0.6889229585912988, 0.40802604722455743, 0.37685800808429787, 0.4434782164477302]"
"[0.6525326363423792, 0.5916413708496792, 0.4565936893921896, 0.7217326900977162]",stable,0.3419235250744952,614,"[0.44381290516803384, 0.7508816729936327, 0.28438545765156087, 0.5863272917129169]"
"[0.6525326363423792, 0.5916413708496792, 0.4565936893921896, 0.7217326900977162]",stable,0.4355621698852778,615,"[0.7963602268394486, 0.8858204013392343, 0.44715748685891166, 0.4346827220626105]"
"[0.6525326363423792, 0.5916413708496792, 0.4565936893921896, 0.7217326900977162]",stable,0.36026394460483013,616,"[0.7911914189875346, 0.7056617877670166, 0.1489659461129859, 0.7758470862279193]"
"[0.9270990132978557, 0.7573302150814234, 0.5348928100530556, 0.8487056329716932]",stable,0.33957952505635625,617,"[0.8537723759959764, 0.8427214609177887, 0.27882878514740694, 0.656151722642321]"
"[0.9156051118650085, 0.8419207360563082, 0.4121788869816139, 0.6570146169625868]",stable,0.3260045383578071,618,"[0.8587624890637848, 0.8147114869764626, 0.7284576719277855, 0.6093149081537378]"
"[0.5413880108353033, 0.37257958356794146, 0.8376004599515737, 0.5747885150793737]",stable,0.7254532877070518,619,"[1.0, 0.799187973324508, 0.47175672787427125, 0.5857958548320508]"
"[0.918162532717584, 0.8406258038523142, 0.4139842760995733, 0.6548564726556008]",stable,0.28361488234420096,620,"[0.7469230187739389, 0.6307118008633297, 0.4946626489508096, 0.6315854207954761]"
"[0.918162532717584, 0.8406258038523142, 0.4139842760995733, 0.6548564726556008]",stable,0.3037732276035757,621,"[0.6514618608592898, 0.8510770895732187, 0.5463105001535891, 0.5954471594680647]"
"[0.6559037214292206, 0.5930367433501668, 0.4579532950907117, 0.7185131447654933]",stable,0.5498579940732407,622,"[0.7812483607312202, 0.9304695451225791, 0.042920697916981, 0.7413074996751462]"
"[0.9270990132978557, 0.7573302150814234, 0.5348928100530556, 0.8487056329716932]",anomaly,0.6812497561245635,623,"[0.6215359330991239, 0.5096444423690596, 0.13189225290411835, 0.4653327815949087]"
"[0.9270990132978557, 0.7573302150814234, 0.5348928100530556, 0.8487056329716932]",stable,0.9769234485355078,624,"[0.10613080411620662, 0.8088353470638462, 0.1317967504032058, 0.5092186495896742]"
"[0.27146740252831814, 0.7162353183571796, 0.5826953066827745, 0.24953517218191856]",stable,0.45579920883183905,625,"[0.633760949958077, 0.6019145110878301, 0.5986534628628968, 0.5008763636709115]"
"[0.5388068654843321, 0.5207344056719264, 0.6284931103491012, 0.5728518085572069]",stable,0.4954613931816008,626,"[0.10541303290237153, 0.5048987828234254, 0.6297817394163386, 0.8124334240820619]"
"[0.5388068654843321, 0.5207344056719264, 0.6284931103491012, 0.5728518085572069]",stable,0.6077302187849133,627,"[0.34727311011614054, 0.688134342825109, 0.12512907669911563, 0.3464611063460888]"
"[0.15789442860027672, 0.4440234208061156, 0.3797885732551893, 0.27828643271449927]",stable,0.1363209739420239,628,"[0.2639041344355604, 0.48286130344950207, 0.3508568479426481, 0.3489965758867259]"
"[0.2884750302107256, 0.7114416829279354, 0.23793921438260493, 0.4474475393250758]",stable,0.3976009573350514,629,"[0.13539383518879777, 0.553325478322944, 0.40672558517364943, 0.7323389149069077]"
"[0.1218721942547332, 0.6084745597020302, 0.47013594438607764, 0.4367975565788373]",stable,0.32391951773282557,630,"[0.23191195152245359, 0.8143607716890973, 0.4142512446389768, 0.21930531801267522]"
"[0.1637838567022369, 0.44618108095297043, 0.3781812551822703, 0.2822147740018452]",stable,0.39621095451179916,631,"[0.22597694781569766, 0.8091258348187844, 0.3117458699814237, 0.4124936484497102]"
"[0.1637838567022369, 0.44618108095297043, 0.3781812551822703, 0.2822147740018452]",stable,0.4307058844297725,632,"[0.27133083586866497, 0.7286018219452868, 0.6223143335684955, 0.096261093614431]"
"[0.1637838567022369, 0.44618108095297043, 0.3781812551822703, 0.2822147740018452]",stable,0.2864592074457696,633,"[0.34474778238610104, 0.5980861727845888, 0.5331102659628133, 0.3294670736890917]"
"[0.1637838567022369, 0.44618108095297043, 0.3781812551822703, 0.2822147740018452]",stable,0.327869820145979,634,"[0.1323851077913123, 0.29461911629417775, 0.6529635609198876, 0.37186070448210073]"
"[0.3528919106752096, 0.5907106452614868, 0.8767889664011833, 0.48142039085380156]",stable,0.35371963412460977,635,"[0.40722686961735927, 0.3777246931148851, 0.6292483644404903, 0.3568173155661268]"
"[0.1637838567022369, 0.44618108095297043, 0.3781812551822703, 0.2822147740018452]",stable,0.46185413236853873,636,"[0.32136857376095407, 0.7757149827278165, 0.25163552486079915, 0.5349396881948693]"
"[0.1637838567022369, 0.44618108095297043, 0.3781812551822703, 0.2822147740018452]",stable,0.3684046238918345,637,"[0.0, 0.6946180476388567, 0.5836999775647314, 0.3524852765105215]"
"[0.09599357978814034, 0.7225901523090796, 0.3075693889490097, 0.2881018095799832]",stable,0.15245283975964194,638,"[0.07991903414400478, 0.6109694932633366, 0.4083807652285026, 0.2690920168419717]"
"[0.11606875643307923, 0.6125766305561648, 0.47554375548982303, 0.43278268609939363]",stable,0.4539580630594969,639,"[0.17470746476468293, 0.5129370823965851, 0.03683982534450431, 0.41696348828353186]"
"[0.20929289715566957, 0.5819208785022373, 0.021816023644132376, 0.505734589081322]",stable,0.5155129183974563,640,"[0.1431304410553889, 0.5824737631606931, 0.529400373385439, 0.4446287738614089]"
"[0.09514755107002795, 0.7167153807803563, 0.31287525085845674, 0.28710129417271946]",anomaly,0.49053343114412096,641,"[0.3555532359910651, 1.0, 0.04865788556656764, 0.437935424006201]"
"[0.09514755107002795, 0.7167153807803563, 0.31287525085845674, 0.28710129417271946]",stable,0.33683514215385885,642,"[0.39773892318362863, 0.5964716595124161, 0.29736048360934975, 0.3719371003223796]"
"[0.2872908486569336, 0.7179199809955645, 0.2414393330256855, 0.4495490696448529]",stable,0.43122647522509294,643,"[0.060038285110220024, 0.6833906699358172, 0.28264788658551315, 0.08702717087492945]"
"[0.09514755107002795, 0.7167153807803563, 0.31287525085845674, 0.28710129417271946]",stable,0.3292833763769308,644,"[0.2854493721392253, 0.5645274437800399, 0.29662087228816075, 0.06622262642768822]"
"[0.09514755107002795, 0.7167153807803563, 0.31287525085845674, 0.28710129417271946]",stable,0.23096728617288315,645,"[0.15194376963874828, 0.5140036138477796, 0.3498340985017417, 0.19956810066126474]"
"[0.2872908486569336, 0.7179199809955645, 0.2414393330256855, 0.4495490696448529]",stable,0.49395863312115795,646,"[0.0, 0.6793549464025931, 0.6138493316739047, 0.30366339342344356]"
"[0.09514755107002795, 0.7167153807803563, 0.31287525085845674, 0.28710129417271946]",stable,0.5876338192376498,647,"[0.637302313481552, 0.5125749715694046, 0.39100066681787893, 0.22706104255196796]"
"[0.2872908486569336, 0.7179199809955645, 0.2414393330256855, 0.4495490696448529]",stable,0.30473785324297653,648,"[0.15702561120638148, 0.9077234445428928, 0.42993482479138145, 0.5154294303036688]"
"[0.2665059003201284, 0.7300468129721827, 0.5665921772880149, 0.2265971805898272]",stable,0.3356560099622237,649,"[0.393590834491062, 0.7324150467116645, 0.2756167752809581, 0.3354185177729218]"
"[0.2872908486569336, 0.7179199809955645, 0.2414393330256855, 0.4495490696448529]",stable,0.3612028411100908,650,"[0.1437279112391847, 0.5099441668703928, 0.47551423528947706, 0.3408652332423894]"
"[0.2872908486569336, 0.7179199809955645, 0.2414393330256855, 0.4495490696448529]",stable,0.3660534775950615,651,"[0.46657402978884754, 0.44411106589774496, 0.4052898481981275, 0.44368595499989716]"
"[0.32049436633764466, 0.4636891415252994, 0.5810224728266158, 0.3062662082192681]",stable,0.4440362477394089,652,"[0.0, 0.4586580555566431, 0.2749167345648749, 0.27933081088535217]"
"[0.2872908486569336, 0.7179199809955645, 0.2414393330256855, 0.4495490696448529]",stable,0.0889023587106185,653,"[0.21267013890575706, 0.67574803768067, 0.26491998453311116, 0.45190815047736016]"
"[0.15446576673896178, 0.4530412044489659, 0.3765489362684266, 0.2809347655629628]",stable,0.3063952043042541,654,"[0.16963272751952455, 0.6829853792321889, 0.19980564774306753, 0.1832850294351538]"
"[0.09514755107002795, 0.7167153807803563, 0.31287525085845674, 0.28710129417271946]",stable,0.20365810684156369,655,"[0.0, 0.58495974755867, 0.19761813258388508, 0.24491340717822718]"
"[0.11219888374565447, 0.6141712152714238, 0.48389863349328816, 0.4276838511031356]",stable,0.20981157398104358,656,"[0.0, 0.5818575314715198, 0.5530338868589186, 0.2676574481441803]"
"[0.09039017351652655, 0.710127599119272, 0.3071123949447282, 0.2849918998229949]",stable,0.5115543319646294,657,"[0.2368306912658423, 0.4517186856150077, 0.5861303714867947, 0.5942115814427247]"
"[0.15446576673896178, 0.4530412044489659, 0.3765489362684266, 0.2809347655629628]",stable,0.44431776603053574,658,"[0.14391088894655812, 0.8489236749779356, 0.18593710525684692, 0.3461350046073537]"
"[0.10752393025625219, 0.6128248117797611, 0.48677926905018937, 0.42101608431317916]",stable,0.606836337935921,659,"[0.2246831774241534, 0.4296531573786979, 0.030944242551351253, 0.08458388388743088]"
"[0.32049436633764466, 0.4636891415252994, 0.5810224728266158, 0.3062662082192681]",stable,0.3081018092673992,660,"[0.14107787782185205, 0.4263425652945849, 0.33568054936931163, 0.2723689758747084]"
"[0.2844208213588114, 0.7162979831757609, 0.2423424350067403, 0.44963980352302624]",stable,0.46512541674908936,661,"[0.040796536692142574, 0.39749345738455594, 0.34963423799892207, 0.2402573673627796]"
"[0.2844208213588114, 0.7162979831757609, 0.2423424350067403, 0.44963980352302624]",stable,0.3308636451519594,662,"[0.612219362890288, 0.7318518616438423, 0.23358388527533144, 0.49087367945388066]"
"[0.6559037214292206, 0.5930367433501668, 0.4579532950907117, 0.7185131447654933]",stable,0.514625846480644,663,"[0.26586462665129357, 0.4446570771299392, 0.6157720191728441, 0.46202534507085635]"
"[0.14894154417531272, 0.4494652746133663, 0.37360184560892135, 0.27879375739390033]",anomaly,0.3912759516315782,664,"[0.08193279422271274, 0.5835165280436743, 0.7309217838587927, 0.22439319730617205]"
"[0.14894154417531272, 0.4494652746133663, 0.37360184560892135, 0.27879375739390033]",stable,0.5979069162121593,665,"[0.2431073674016663, 0.33930800863749366, 0.8554354171865928, 0.6017910704537199]"
"[0.14894154417531272, 0.4494652746133663, 0.37360184560892135, 0.27879375739390033]",stable,0.47537875426075593,666,"[0.374158023116843, 0.5108542387406477, 0.7867412045483716, 0.2503374260392287]"
"[0.14894154417531272, 0.4494652746133663, 0.37360184560892135, 0.27879375739390033]",stable,0.6408400863302582,667,"[0.3871557213508697, 0.12530085352847722, 0.851690142136937, 0.4211982196343238]"
"[0.39160119952252537, 0.3536454523147839, 0.9147830164166304, 0.3543270160261025]",stable,0.19878145705871555,668,"[0.257125873897786, 0.3606671854161763, 0.7926715722724869, 0.4347629839869024]"
"[0.39160119952252537, 0.3536454523147839, 0.9147830164166304, 0.3543270160261025]",stable,0.27320366302924814,669,"[0.24512989493423953, 0.44913338864354607, 0.7129870074710356, 0.29647528127157474]"
"[0.14894154417531272, 0.4494652746133663, 0.37360184560892135, 0.27879375739390033]",stable,0.4587487352393926,670,"[0.24789354613764733, 0.2783380771883407, 0.6714982406361177, 0.566251795240549]"
"[0.39160119952252537, 0.3536454523147839, 0.9147830164166304, 0.3543270160261025]",stable,0.6237754962926676,671,"[0.1948790723407535, 0.5552158983554333, 0.40176819444569933, 0.1384997189264305]"
"[0.2844208213588114, 0.7162979831757609, 0.2423424350067403, 0.44963980352302624]",stable,0.42409714573603685,672,"[0.0, 0.4330440366815408, 0.3040089097759643, 0.3274611102740865]"
"[0.2844208213588114, 0.7162979831757609, 0.2423424350067403, 0.44963980352302624]",stable,0.45781803716408953,673,"[0.4497060227870585, 0.4433763621617676, 0.5319531955078041, 0.6042928136026661]"
"[0.535734422632702, 0.5180668869301969, 0.6251641477683667, 0.5739359811449812]",stable,0.5932356337800999,674,"[0.1007227376157897, 0.6260938823057329, 0.3520623520424799, 0.29746007165800004]"
"[0.10752393025625219, 0.6128248117797611, 0.48677926905018937, 0.42101608431317916]",stable,0.4122052982353783,675,"[0.4594386511672534, 0.6138799008242286, 0.2949306858495881, 0.3247755262803024]"
"[0.2844208213588114, 0.7162979831757609, 0.2423424350067403, 0.44963980352302624]",stable,0.317828796001978,676,"[0.2461229887873148, 0.5569494666930963, 0.4496780967102807, 0.6261855292405343]"
"[0.10752393025625219, 0.6128248117797611, 0.48677926905018937, 0.42101608431317916]",stable,0.28285383388464264,677,"[0.3588618127831924, 0.4849789862111635, 0.5084614492007772, 0.4255864342687283]"
"[0.14482138353491783, 0.45303845004577586, 0.3719447821290742, 0.27512868997040896]",stable,0.2257788112072807,678,"[0.2513460602236519, 0.6188071448182213, 0.4491943050550363, 0.3537532146919273]"
"[0.09329259531331267, 0.7126167972576869, 0.3036476070997222, 0.2883378669420569]",stable,0.287099647883878,679,"[0.2085112033493265, 0.7085388269461811, 0.5615105250678047, 0.3397281955303678]"
"[0.14482138353491783, 0.45303845004577586, 0.3719447821290742, 0.27512868997040896]",stable,0.38521002849508673,680,"[0.30362178695651254, 0.26832443448578647, 0.1845350197932772, 0.04290571228889617]"
"[0.31868659929645365, 0.46534948079311356, 0.595302081830738, 0.31623571554180696]",stable,0.42631022721874,681,"[0.48739013359287287, 0.5150549378957393, 0.2198987492525378, 0.21683132544463402]"
"[0.2844208213588114, 0.7162979831757609, 0.2423424350067403, 0.44963980352302624]",stable,0.4191195967450312,682,"[0.24109534405182154, 0.35685616469283077, 0.4471631119004066, 0.5009643476938586]"
"[0.31868659929645365, 0.46534948079311356, 0.595302081830738, 0.31623571554180696]",stable,0.4969997844565603,683,"[0.0, 0.5827175050163241, 0.40883246113131405, 0.6275257163848822]"
"[0.1132768154549482, 0.6130641051012996, 0.48527587049038323, 0.4183255695283291]",stable,0.2322747892077908,684,"[0.32762658693156665, 0.5603830532590319, 0.502848886262411, 0.48848003526582484]"
"[0.5413880108353033, 0.37257958356794146, 0.8376004599515737, 0.5747885150793737]",stable,0.6614445065261952,685,"[0.4957574781344265, 0.43880590120314067, 0.30861767426784964, 0.18592095793184693]"
"[0.3155266241186447, 0.42322729541029536, 0.3433657249345171, 0.48308099505356433]",stable,0.41751746135707973,686,"[0.3754274013350498, 0.6668249067098191, 0.6633884026697021, 0.38832648628854977]"
"[0.5413880108353033, 0.37257958356794146, 0.8376004599515737, 0.5747885150793737]",stable,0.25764200852813224,687,"[0.5376719708797593, 0.4197453253612846, 0.584394740831963, 0.5800660345405811]"
"[0.5357990075742706, 0.5147895015445665, 0.6238051675371533, 0.574140316258168]",stable,0.5557536294871086,688,"[0.12876277305555783, 0.4014187739076277, 0.8683641111128105, 0.30858128005500757]"
"[0.39160119952252537, 0.3536454523147839, 0.9147830164166304, 0.3543270160261025]",stable,0.21202383903302033,689,"[0.3927939945357638, 0.259787843149301, 0.7249835298134899, 0.3433913109605725]"
"[0.39160119952252537, 0.3536454523147839, 0.9147830164166304, 0.3543270160261025]",anomaly,0.4650502790522702,690,"[0.2871003366780035, 0.2536097128416177, 0.5823639693164993, 0.06305092764183018]"
"[0.39160119952252537, 0.3536454523147839, 0.9147830164166304, 0.3543270160261025]",stable,0.3402623185866651,691,"[0.3145344797624138, 0.49316707228858925, 0.6531765578776976, 0.5024315215821196]"
"[0.1132768154549482, 0.6130641051012996, 0.48527587049038323, 0.4183255695283291]",stable,0.6634652575979133,692,"[0.10320612006822194, 0.19562572591004745, 0.9946341843575187, 0.49822573727848013]"
"[0.39160119952252537, 0.3536454523147839, 0.9147830164166304, 0.3543270160261025]",stable,0.25192827661235323,693,"[0.365307343580334, 0.4949934487226283, 0.7624179656703488, 0.21439087016259556]"
"[0.1132768154549482, 0.6130641051012996, 0.48527587049038323, 0.4183255695283291]",stable,0.4531243144675965,694,"[0.046349666100419185, 0.5449144931544234, 0.9168589626517734, 0.5179953542823309]"
"[0.39160119952252537, 0.3536454523147839, 0.9147830164166304, 0.3543270160261025]",stable,0.3608457423234823,695,"[0.5549232040319005, 0.3190168970071777, 0.6184809010593133, 0.4749151256725841]"
"[0.5364159171374199, 0.5084742562369088, 0.6236334170056101, 0.570939503658633]",stable,0.40025282123077904,696,"[0.31221284165470276, 0.3284567916406434, 0.3575827991784059, 0.48880496134308643]"
"[0.3205330612420989, 0.4678478094637653, 0.6050842713910236, 0.31990314861402874]",stable,0.16615829876059113,697,"[0.44805090750577187, 0.45686033933317755, 0.5242621232999161, 0.251384282530616]"
"[0.1132768154549482, 0.6130641051012996, 0.48527587049038323, 0.4183255695283291]",stable,0.7530227995170545,698,"[0.8021495234759197, 0.5272108560698843, 0.6270396370661054, 0.6733353396418864]"
"[0.918162532717584, 0.8406258038523142, 0.4139842760995733, 0.6548564726556008]",stable,0.4172550343458176,699,"[0.7001534445546684, 0.6160026794239437, 0.5318444086877867, 0.4054025845647773]"
"[0.6559037214292206, 0.5930367433501668, 0.4579532950907117, 0.7185131447654933]",stable,0.4661151933961286,700,"[0.980584379716071, 0.4004875742541403, 0.41172324838137514, 0.4490072192076121]"
"[0.6559037214292206, 0.5930367433501668, 0.4579532950907117, 0.7185131447654933]",stable,0.22170132416211313,701,"[0.8728971853603293, 0.5774538334823126, 0.425664361206898, 0.7464400388840667]"
"[0.873507065725566, 0.6028492959954377, 0.37318234408878564, 0.9414921413455074]",stable,0.18142992077680298,702,"[1.0, 0.6435749970763254, 0.4909174288961947, 0.9788581795163265]"
"[0.9270990132978557, 0.7573302150814234, 0.5348928100530556, 0.8487056329716932]",stable,0.2615265250148663,703,"[1.0, 0.5079039208181275, 0.5412157401240731, 0.8774825978846583]"
"[0.9244538298788867, 0.5621883381022157, 0.3668989829789493, 0.6981237467984599]",stable,0.15455912071017588,704,"[1.0, 0.5147940177552688, 0.30353391796816365, 0.5889452465808602]"
"[0.8805344509630345, 0.6051118349443758, 0.3797231821336417, 0.9435680323549973]",stable,0.39212773924237454,705,"[1.0, 0.7931811341753335, 0.2869333431768172, 0.6345176627551938]"
"[0.9205695170494197, 0.8392303723912267, 0.41024748395478633, 0.6542582723644124]",anomaly,0.5561440975597245,706,"[1.0, 0.340352465781756, 0.6417498875827239, 0.6315750838716604]"
"[0.9205695170494197, 0.8392303723912267, 0.41024748395478633, 0.6542582723644124]",stable,0.21046501513011132,707,"[0.9970639559841861, 0.7936869720081869, 0.2381271197929347, 0.5721333533196121]"
"[0.9288977222389522, 0.5594004369053365, 0.36317162621360893, 0.6917014820797776]",stable,0.2251594920366006,708,"[0.7571492860015621, 0.5338046051226863, 0.233204057907958, 0.6312651015771251]"
"[0.9270990132978557, 0.7573302150814234, 0.5348928100530556, 0.8487056329716932]",stable,0.3521737387158299,709,"[0.9020251835937617, 0.6125228317887594, 0.5570001157807801, 0.529425608412611]"
"[0.9205695170494197, 0.8392303723912267, 0.41024748395478633, 0.6542582723644124]",stable,0.6039519713811514,710,"[0.5170917357471905, 0.5120036504068818, 0.21330483823600788, 0.4174040335438298]"
"[0.3153825466202124, 0.41910683872465837, 0.34398385859729486, 0.4833298631531088]",anomaly,0.4949329525202725,711,"[0.4607856993761216, 0.37589625300557095, 0.4848464084560111, 0.03376658842063013]"
"[0.3153825466202124, 0.41910683872465837, 0.34398385859729486, 0.4833298631531088]",stable,0.5592310370364371,712,"[0.369573378205306, 0.37090160192099464, 0.8818068269038738, 0.6183314056019571]"
"[0.3528919106752096, 0.5907106452614868, 0.8767889664011833, 0.48142039085380156]",stable,0.3825011202743191,713,"[0.3812665447150564, 0.22763794794604486, 0.7704543496591513, 0.4327053736555233]"
"[0.39160119952252537, 0.3536454523147839, 0.9147830164166304, 0.3543270160261025]",anomaly,0.43261325398974315,714,"[0.2065010769424827, 0.13130631965450582, 0.8238838541889981, 0.6628636014461091]"
"[0.39160119952252537, 0.3536454523147839, 0.9147830164166304, 0.3543270160261025]",stable,0.40444888332204987,715,"[0.2359251390754937, 0.18214278891851854, 0.5886211397791569, 0.4139015919830833]"
"[0.39160119952252537, 0.3536454523147839, 0.9147830164166304, 0.3543270160261025]",stable,0.5324507016477038,716,"[0.023820599784161067, 0.0, 0.7636169885198509, 0.37235217089931244]"
"[0.3528919106752096, 0.5907106452614868, 0.8767889664011833, 0.48142039085380156]",stable,0.24991653881054332,717,"[0.37509086773389444, 0.3998193020501028, 0.7691506587695867, 0.3633527301938738]"
"[0.39096618676142414, 0.35542136961229615, 0.9091817718917441, 0.3546741588787091]",stable,0.2977419992178799,718,"[0.348271092745944, 0.21951923722471464, 0.6609556115158732, 0.4367826892688582]"
"[0.39096618676142414, 0.35542136961229615, 0.9091817718917441, 0.3546741588787091]",stable,0.4325596594894383,719,"[0.28308524810555546, 0.1518830376959111, 1.0, 0.0]"
"[0.601582106792196, 0.1923356204205453, 0.9720525232970078, 0.6025999287592426]",stable,0.4277895242896941,720,"[0.3448202343171369, 0.17199623098007394, 0.9969965019478115, 0.26195153950521827]"
"[0.38925707741163573, 0.3486278459592509, 0.9124341693012281, 0.35123998779080207]",stable,0.42529454031583636,721,"[0.2471829378518872, 0.12936138653665713, 0.9862191051067523, 0.023874155866836055]"
"[0.601582106792196, 0.1923356204205453, 0.9720525232970078, 0.6025999287592426]",stable,0.3509498446832571,722,"[0.25239179218784435, 0.20954543646203158, 1.0, 0.6150369077923532]"
"[0.38925707741163573, 0.3486278459592509, 0.9124341693012281, 0.35123998779080207]",anomaly,0.3255342844985337,723,"[0.4568434915104265, 0.04175574391702688, 0.8660993296746912, 0.42256489675119974]"
"[0.38925707741163573, 0.3486278459592509, 0.9124341693012281, 0.35123998779080207]",stable,0.25630953696619796,724,"[0.16009918280074503, 0.2576608646865518, 0.9571590688418435, 0.29733331142743347]"
"[0.38925707741163573, 0.3486278459592509, 0.9124341693012281, 0.35123998779080207]",stable,0.31953214310515793,725,"[0.2461378849481886, 0.1281088104749835, 0.939966377836551, 0.17170999110990806]"
"[0.601582106792196, 0.1923356204205453, 0.9720525232970078, 0.6025999287592426]",stable,0.29096558160522584,726,"[0.5915477890614785, 0.30805321461034363, 0.8910818692269644, 0.34840812377540586]"
"[0.39648174568484434, 0.3471787519825042, 0.9116715871557187, 0.35113884979025217]",stable,0.4198809786533107,727,"[0.6094351073101755, 0.2557508738748393, 0.6912456444733984, 0.6231760694949707]"
"[0.3528919106752096, 0.5907106452614868, 0.8767889664011833, 0.48142039085380156]",stable,0.5151031985187755,728,"[0.7524303034793005, 0.5246289982006342, 0.5636361543320831, 0.5385947733580027]"
"[0.6559037214292206, 0.5930367433501668, 0.4579532950907117, 0.7185131447654933]",stable,0.4667135330631803,729,"[0.7754694802925503, 0.9217544067232327, 0.15101278704384635, 0.6830480413786952]"
"[0.9270990132978557, 0.7573302150814234, 0.5348928100530556, 0.8487056329716932]",stable,0.2955184271391945,730,"[0.7896361233253157, 0.6422625780550564, 0.3725435781276369, 0.6788902612834515]"
"[0.8805344509630345, 0.6051118349443758, 0.3797231821336417, 0.9435680323549973]",stable,0.3464631032898309,731,"[0.8150306745013444, 0.762609315646664, 0.6197040747980029, 0.7609491616462843]"
"[0.9211609667437501, 0.5640038891914321, 0.3636922902088327, 0.6909897475910927]",stable,0.331024223122651,732,"[0.7822090099030765, 0.5621543666274813, 0.5881326423133655, 0.4912586844146779]"
"[0.6559037214292206, 0.5930367433501668, 0.4579532950907117, 0.7185131447654933]",stable,0.35501462505415615,733,"[0.7280113980358357, 0.8610755360554027, 0.23748393955736377, 0.6989086592438406]"
"[0.9227886925749129, 0.7575332574108558, 0.5381547817740151, 0.8453303840745622]",stable,0.11890501142633501,734,"[0.9336740716112613, 0.6998694922002705, 0.6280795924165122, 0.8964021852781757]"
"[0.9211609667437501, 0.5640038891914321, 0.3636922902088327, 0.6909897475910927]",stable,0.41914780587860695,735,"[0.7940602084566115, 0.792522588631594, 0.47242199327126666, 1.0]"
"[0.9185800102505574, 0.7567234561969327, 0.5390187825647204, 0.8526782918291712]",stable,0.2814646361315399,736,"[0.7397230988826002, 0.7351145378517266, 0.699293957817047, 0.7074974752783573]"
"[0.6856461107057653, 0.7957495764074533, 0.43900301290999727, 0.47186950414131523]",stable,0.11568909806392201,737,"[0.6015010199451483, 0.7283527359752825, 0.4790991277655373, 0.4594784353826029]"
"[0.6559037214292206, 0.5930367433501668, 0.4579532950907117, 0.7185131447654933]",stable,0.4072405670336098,738,"[0.4827058723360178, 0.5293606730443181, 0.21818057053851092, 0.4459296105258712]"
"[0.3153825466202124, 0.41910683872465837, 0.34398385859729486, 0.4833298631531088]",anomaly,0.6491123910341142,739,"[0.22157434971763787, 1.0, 0.09424320017718688, 0.3704597736548565]"
"[0.3153825466202124, 0.41910683872465837, 0.34398385859729486, 0.4833298631531088]",stable,0.318408342997049,740,"[0.3356513973139187, 0.6085162951762656, 0.3419071757165953, 0.2281969727281337]"
"[0.3153825466202124, 0.41910683872465837, 0.34398385859729486, 0.4833298631531088]",stable,0.28988190806739206,741,"[0.3770840174435709, 0.6953002404576003, 0.40538774375687514, 0.47024487750080446]"
"[0.14482138353491783, 0.45303845004577586, 0.3719447821290742, 0.27512868997040896]",stable,0.17260689739399052,742,"[0.17534893706058072, 0.5440194556464474, 0.4012365756444972, 0.41557674782902715]"
"[0.09329259531331267, 0.7126167972576869, 0.3036476070997222, 0.2883378669420569]",stable,0.2910579273848699,743,"[0.34837706725748496, 0.6428654522068804, 0.18569002302343393, 0.31778930984436127]"
"[0.2878527915841729, 0.7155202890010143, 0.2483811501456342, 0.45040295441109207]",stable,0.44044130794685266,744,"[0.0, 0.46156379787105817, 0.19204346843342557, 0.24192877769995258]"
"[0.2878527915841729, 0.7155202890010143, 0.2483811501456342, 0.45040295441109207]",stable,0.389439966522801,745,"[0.0, 0.5488350302870345, 0.4496839455335406, 0.42809898617789593]"
"[0.09329259531331267, 0.7126167972576869, 0.3036476070997222, 0.2883378669420569]",stable,0.40689494980812657,746,"[0.3332060918163653, 0.49990006321612906, 0.4745720900478807, 0.10519468098463322]"
"[0.11138034531238095, 0.6081280412394804, 0.4808450845717636, 0.4185857397116722]",stable,0.19912323921082814,747,"[0.22584795491170814, 0.6842692260604983, 0.5995332871693713, 0.5002120913674306]"
"[0.5376820274011919, 0.3683472017343683, 0.8339523010756495, 0.5780717452557373]",stable,0.627985627362797,748,"[0.01177026619568372, 0.3915442662100443, 0.6895817128257158, 0.2675853573930075]"
"[0.3528919106752096, 0.5907106452614868, 0.8767889664011833, 0.48142039085380156]",stable,0.2967085876351223,749,"[0.38532117116275966, 0.5643421413382097, 0.6776241127710376, 0.26549820088716003]"
"[0.11138034531238095, 0.6081280412394804, 0.4808450845717636, 0.4185857397116722]",stable,0.30506337192621197,750,"[0.36022229336537825, 0.45521440636835786, 0.5573256189509557, 0.3748879833418771]"
"[0.11138034531238095, 0.6081280412394804, 0.4808450845717636, 0.4185857397116722]",stable,0.6309628855709286,751,"[0.42420600789765417, 0.5968380977103358, 0.9160490137719036, 0.7513384181080238]"
"[0.3528919106752096, 0.5907106452614868, 0.8767889664011833, 0.48142039085380156]",stable,0.3204097990379548,752,"[0.2960026566195189, 0.4208474146912385, 0.6136353690240732, 0.4450511843700995]"
"[0.11138034531238095, 0.6081280412394804, 0.4808450845717636, 0.4185857397116722]",stable,0.23304672210775107,753,"[0.1471086706996092, 0.5728251731261311, 0.6174466141210185, 0.23657477554201783]"
"[0.14482138353491783, 0.45303845004577586, 0.3719447821290742, 0.27512868997040896]",stable,0.5630258149485926,754,"[0.1226888567868391, 0.39231467670660747, 0.9189637885328686, 0.1585480331583489]"
"[0.39648174568484434, 0.3471787519825042, 0.9116715871557187, 0.35113884979025217]",stable,0.29792600625318333,755,"[0.3500584733427893, 0.2656329302490653, 0.6384915656986752, 0.2781474816596667]"
"[0.39648174568484434, 0.3471787519825042, 0.9116715871557187, 0.35113884979025217]",stable,0.28879010316958426,756,"[0.3137231597429632, 0.6193460383800952, 0.8626149608243807, 0.3428228549875508]"
"[0.32839512603707394, 0.46991657080763266, 0.5987270555745502, 0.3142781696513231]",anomaly,0.5349229937500036,757,"[0.3678085383877997, 0.03563806477033149, 0.8119537223521648, 0.5390575279969148]"
"[0.32839512603707394, 0.46991657080763266, 0.5987270555745502, 0.3142781696513231]",stable,0.4240166322197161,758,"[0.4006490763637377, 0.2912103520289164, 0.9369202485257245, 0.14617426525750674]"
"[0.32171856001172366, 0.2671113420712681, 0.6922982684631291, 0.4285342695657257]",stable,0.5633425106800001,759,"[0.0, 0.6379787281716927, 0.9211926015220033, 0.27388395852885516]"
"[0.5376820274011919, 0.3683472017343683, 0.8339523010756495, 0.5780717452557373]",stable,0.3796958738472563,760,"[0.24981048725722174, 0.3229458272989128, 0.6605223198391235, 0.7488338306243576]"
"[0.14482138353491783, 0.45303845004577586, 0.3719447821290742, 0.27512868997040896]",stable,0.7535175382795005,761,"[0.37316827788852464, 0.1276875933641107, 1.0, 0.15127458347622824]"
"[0.32171856001172366, 0.2671113420712681, 0.6922982684631291, 0.4285342695657257]",stable,0.43471222031026485,762,"[0.028329053137244847, 0.277109409633966, 1.0, 0.5186286356340519]"
"[0.39648174568484434, 0.3471787519825042, 0.9116715871557187, 0.35113884979025217]",stable,0.5599392627563589,763,"[0.0, 0.0, 1.0, 0.5184684914294851]"
"[0.3511889215042423, 0.5919556623536002, 0.8761727052891485, 0.4753944110335298]",stable,0.31897083395697545,764,"[0.22968503781050603, 0.3350855639770465, 1.0, 0.4001365024314503]"
"[0.39648174568484434, 0.3471787519825042, 0.9116715871557187, 0.35113884979025217]",stable,0.26828124650592583,765,"[0.3448169014473528, 0.09955011311439849, 1.0, 0.36469317727001266]"
"[0.3947001993318274, 0.33863983340084536, 0.9147173944951766, 0.35160624039300253]",stable,0.15390169850399174,766,"[0.3540256900214784, 0.460085830591631, 1.0, 0.3546168980321675]"
"[0.3933443823548158, 0.3426880333072049, 0.9175601480120041, 0.3517065956476414]",stable,0.244187457093623,767,"[0.4502488146859886, 0.19927070098780128, 0.8038692605148451, 0.5030183621214058]"
"[0.3933443823548158, 0.3426880333072049, 0.9175601480120041, 0.3517065956476414]",stable,0.3614145280210392,768,"[0.4385788761985143, 0.16547395356197112, 0.7618035929008651, 0.6217239415929261]"
"[0.3511889215042423, 0.5919556623536002, 0.8761727052891485, 0.4753944110335298]",stable,0.3405754599109503,769,"[0.38894931338104277, 0.39159544001303725, 0.6447697482837693, 0.330915175530041]"
"[0.11138034531238095, 0.6081280412394804, 0.4808450845717636, 0.4185857397116722]",stable,0.4751260610274295,770,"[0.3304615677622898, 0.38221312782608785, 0.8214506740844727, 0.5220191778611094]"
"[0.14482138353491783, 0.45303845004577586, 0.3719447821290742, 0.27512868997040896]",anomaly,0.6589393331972406,771,"[0.10553769935797933, 0.0, 0.8222306852910726, 0.11810447150199843]"
"[0.14482138353491783, 0.45303845004577586, 0.3719447821290742, 0.27512868997040896]",stable,0.49098180188859125,772,"[0.26964727171858943, 0.31215105774069835, 0.8072200700173937, 0.40228133000647415]"
"[0.3933443823548158, 0.3426880333072049, 0.9175601480120041, 0.3517065956476414]",stable,0.44363753372814646,773,"[0.0, 0.18854787403263354, 0.8756828140683014, 0.48047599575060906]"
"[0.3933443823548158, 0.3426880333072049, 0.9175601480120041, 0.3517065956476414]",stable,0.3973635500890548,774,"[0.19834978022586586, 0.27594539316805483, 0.6164940839961831, 0.19429140843488626]"
"[0.33048320146272797, 0.46721584215954315, 0.6003147346334888, 0.31485185950920996]",stable,0.2955947159101233,775,"[0.17819115423229837, 0.3309724343328298, 0.5897835870780234, 0.10152066821435973]"
"[0.11138034531238095, 0.6081280412394804, 0.4808450845717636, 0.4185857397116722]",anomaly,0.691075589182779,776,"[0.33080652619237627, 0.0, 0.6863465265033908, 0.2867257232889537]"
"[0.11138034531238095, 0.6081280412394804, 0.4808450845717636, 0.4185857397116722]",stable,0.7630984367135567,777,"[0.5858314299345275, 0.34359813046840154, 1.0, 0.5516928113107742]"
"[0.324659289487921, 0.26623438340149747, 0.7010095297556668, 0.4303893139117422]",stable,0.23474567027701757,778,"[0.4470559014891671, 0.4060812006802895, 0.7782068291170474, 0.30952557347349413]"
"[0.39507701200431095, 0.3447329741902076, 0.9130648796605538, 0.35034591751299143]",stable,0.15860586545740504,779,"[0.33702874387040843, 0.21220218188914156, 0.8702309147140956, 0.30148837292503333]"
"[0.3932630036251265, 0.34059138693079927, 0.911726318255977, 0.3488191192446178]",stable,0.2642980755744132,780,"[0.19427112036148272, 0.22842562716284795, 0.7820904979831359, 0.37829961424372643]"
"[0.3932630036251265, 0.34059138693079927, 0.911726318255977, 0.3488191192446178]",anomaly,0.3973761687594261,781,"[0.22527408929022794, 0.0, 0.9109136801805011, 0.2318388177985417]"
"[0.3932630036251265, 0.34059138693079927, 0.911726318255977, 0.3488191192446178]",stable,0.5467508528428825,782,"[0.0, 0.0461800362350607, 0.7306080208900362, 0.1913426955967062]"
"[0.33048320146272797, 0.46721584215954315, 0.6003147346334888, 0.31485185950920996]",stable,0.5873992656505693,783,"[0.29484237900526616, 0.10290315844274527, 1.0, 0.5413371486415282]"
"[0.3511889215042423, 0.5919556623536002, 0.8761727052891485, 0.4753944110335298]",stable,0.6255292140262622,784,"[0.38649717979249076, 0.04358842963246587, 0.6496482983192803, 0.280406730341445]"
"[0.3932630036251265, 0.34059138693079927, 0.911726318255977, 0.3488191192446178]",stable,0.30695888413675165,785,"[0.1941736273948273, 0.37018594364382756, 0.9827937499340202, 0.569410957693723]"
"[0.3932630036251265, 0.34059138693079927, 0.911726318255977, 0.3488191192446178]",stable,0.2966956046509636,786,"[0.1885441965635937, 0.2640792023813298, 0.7256306881890078, 0.2737671776311627]"
"[0.33048320146272797, 0.46721584215954315, 0.6003147346334888, 0.31485185950920996]",stable,0.33817736569997964,787,"[0.20303990696282415, 0.37230157571158096, 0.8987134674472204, 0.3063892571557339]"
"[0.3874986673626325, 0.34155230174233814, 0.9113319894435905, 0.34753336584798494]",stable,0.37132319939522274,788,"[0.2890482426075678, 0.4081234907150867, 0.9644688265600032, 0.6952878562786192]"
"[0.32221106524428283, 0.2569324294726517, 0.702070948926777, 0.423172446653231]",anomaly,0.3942430481817438,789,"[0.5613207188231443, 0.28303312863960095, 0.4160683748210307, 0.5487727480577784]"
"[0.32221106524428283, 0.2569324294726517, 0.702070948926777, 0.423172446653231]",stable,0.40746952912704243,790,"[0.36086187567762373, 0.47628549112489915, 0.7261122481369356, 0.7635307612217642]"
"[0.5364159171374199, 0.5084742562369088, 0.6236334170056101, 0.570939503658633]",stable,0.5352442572998894,791,"[0.49700318199934534, 0.7794276324767205, 1.0, 0.8352603586640984]"
"[0.7199300004439592, 0.7482208943822458, 0.7193006867430256, 0.4696677883507183]",stable,0.311824271200064,792,"[0.8780360151290619, 0.6947591657390979, 0.9824418222027054, 0.4813061142321333]"
"[0.6863180543057141, 0.6869555159318066, 0.9225042684925965, 0.6392666133418687]",stable,0.4884624448529673,793,"[0.6337563191557416, 0.7309388328744979, 0.4404629342755294, 0.6784385926984301]"
"[0.9205695170494197, 0.8392303723912267, 0.41024748395478633, 0.6542582723644124]",stable,0.4959065079320589,794,"[0.8849568376337862, 0.423354108180862, 0.4941057488406906, 0.9085607024569402]"
"[0.9211609667437501, 0.5640038891914321, 0.3636922902088327, 0.6909897475910927]",stable,0.38003589640975133,795,"[1.0, 0.7567547709729083, 0.6806439231971374, 0.6664856803023027]"
"[0.9205695170494197, 0.8392303723912267, 0.41024748395478633, 0.6542582723644124]",stable,0.267628112946723,796,"[1.0, 0.6765916229200749, 0.5194682490292224, 0.4901392092892282]"
"[0.9205695170494197, 0.8392303723912267, 0.41024748395478633, 0.6542582723644124]",stable,0.17408638465892912,797,"[1.0, 0.8199087040859607, 0.3190368879933191, 0.530548256520466]"
"[0.9228389594194363, 0.8386783247253619, 0.40764146692731584, 0.6507237004831568]",anomaly,0.5206402389542245,798,"[0.9929530074448389, 0.7771071033496556, 0.03298785359637835, 1.0]"
"[0.9228389594194363, 0.8386783247253619, 0.40764146692731584, 0.6507237004831568]",stable,0.24215466465637855,799,"[1.0, 0.789975768784637, 0.4326744713647614, 0.8736283104961468]"
"[0.9213875961039865, 0.7578700876654743, 0.5353517373509287, 0.8534007062659634]",stable,0.2292735069274859,800,"[1.0, 0.6429765362374051, 0.5534118488226991, 0.6721281624365384]"
"[0.9228389594194363, 0.8386783247253619, 0.40764146692731584, 0.6507237004831568]",stable,0.37674487882358576,801,"[0.8261182560050468, 0.5693075492845706, 0.6117720920941505, 0.5152545805397242]"
"[0.6551400179025488, 0.597791987816523, 0.457350179200533, 0.7171312636597326]",stable,0.30977251768891617,802,"[0.9354960552244708, 0.4859439437464721, 0.45138812137741025, 0.6477484563030343]"
"[0.8805344509630345, 0.6051118349443758, 0.3797231821336417, 0.9435680323549973]",stable,0.38638703347387476,803,"[0.7951066217530045, 0.3996208314642261, 0.5319199547746573, 0.6667890311291397]"
"[0.7199300004439592, 0.7482208943822458, 0.7193006867430256, 0.4696677883507183]",stable,0.43328637182761337,804,"[0.944082314690156, 0.6118935874993492, 0.487199730828096, 0.7246909866896998]"
"[0.8805344509630345, 0.6051118349443758, 0.3797231821336417, 0.9435680323549973]",stable,0.47434057676367725,805,"[0.6495183315694105, 0.31880875523342145, 0.4835835658719363, 0.6627226966583439]"
"[0.7199300004439592, 0.7482208943822458, 0.7193006867430256, 0.4696677883507183]",stable,0.25481506548856797,806,"[0.5933111567082738, 0.7355962642666314, 0.7027445252198681, 0.24952034175856652]"
"[0.5342646773597203, 0.36135157248704425, 0.8314644145868638, 0.5795769934052956]",anomaly,0.7219241497221005,807,"[0.9443955485128863, 0.9384817826951654, 0.692150202546091, 0.6014725926825811]"
"[0.5342646773597203, 0.36135157248704425, 0.8314644145868638, 0.5795769934052956]",stable,0.7807532744498874,808,"[0.9442019384891205, 0.5812950840355668, 0.20605478828260987, 0.6244631667287768]"
"[0.7654507851411982, 0.6945013488876053, 0.21175918271804853, 0.7752549197121062]",anomaly,0.43609490754598307,809,"[0.7456372730499605, 0.9799785493778407, 0.5070068135652548, 0.9205745591471105]"
"[0.7654507851411982, 0.6945013488876053, 0.21175918271804853, 0.7752549197121062]",stable,0.3675685508098249,810,"[1.0, 0.5683381409360417, 0.45134095404440266, 0.6929340526063013]"
"[0.8805344509630345, 0.6051118349443758, 0.3797231821336417, 0.9435680323549973]",stable,0.2834495051086117,811,"[0.9449138227358665, 0.528919267435368, 0.12323376599691349, 0.8756946907349036]"
"[0.9213875961039865, 0.7578700876654743, 0.5353517373509287, 0.8534007062659634]",stable,0.21185701149326763,812,"[0.8318811692841661, 0.6267666007573492, 0.4170701645337429, 0.777946494128863]"
"[0.8805344509630345, 0.6051118349443758, 0.3797231821336417, 0.9435680323549973]",stable,0.0747063323270586,813,"[0.8365841861842133, 0.6459121272182835, 0.4222939714789459, 0.9304350829332615]"
"[0.9213875961039865, 0.7578700876654743, 0.5353517373509287, 0.8534007062659634]",stable,0.31925566158867225,814,"[0.9041641773476319, 0.7916396310070011, 0.3110030819192249, 0.6294479656012074]"
"[0.9223202154729973, 0.8373716943442964, 0.40495706734375775, 0.6501327078475471]",stable,0.4838399308996091,815,"[1.0, 0.43733974695444305, 0.6502113805410457, 0.5612975079863145]"
"[0.9223202154729973, 0.8373716943442964, 0.40495706734375775, 0.6501327078475471]",stable,0.34646446620451743,816,"[0.8370914905362943, 0.6171472978914498, 0.416601969024462, 0.9033900912737194]"
"[0.9213875961039865, 0.7578700876654743, 0.5353517373509287, 0.8534007062659634]",stable,0.4872627150771444,817,"[0.8994666400875123, 0.3986844083244611, 0.35510747440338897, 0.5787334919456021]"
"[0.8761647897027565, 0.607753622705425, 0.3836956609454479, 0.9409024878298468]",stable,0.19396005908517455,818,"[0.8375333820616395, 0.6095949256087736, 0.5725988605612514, 0.91991893135054]"
"[0.9185924556359082, 0.7529275822635842, 0.5365933081246061, 0.8556179804354493]",stable,0.30193755814636236,819,"[0.7315193544420726, 0.6350987135210111, 0.6229938652368828, 0.6690134648131242]"
"[0.9223202154729973, 0.8373716943442964, 0.40495706734375775, 0.6501327078475471]",stable,0.5059847034506059,820,"[0.7116140882364763, 0.46168994737653346, 0.37285293878549847, 0.3865876490895633]"
"[0.6576859957871996, 0.5990355453400059, 0.46287163540174464, 0.7155273370315122]",stable,0.273794128281807,821,"[0.5769389903675913, 0.599639990370594, 0.6477933192764467, 0.9005861149279148]"
"[0.6812174217183644, 0.7922023742794442, 0.4411133347444994, 0.4712173426276988]",stable,0.35329197597414636,822,"[0.8579330232184856, 0.644504388411707, 0.61192634719345, 0.6776029918935708]"
"[0.9223202154729973, 0.8373716943442964, 0.40495706734375775, 0.6501327078475471]",stable,0.5093964603836867,823,"[0.5387119163881744, 0.5958971098305631, 0.6369075146143462, 0.6649124835417771]"
"[0.536487667114006, 0.5112062204117105, 0.6240482325558832, 0.5738761592799813]",stable,0.25410850137497204,824,"[0.7214169551392422, 0.45779643917461355, 0.5320561619427283, 0.7119237710449922]"
"[0.7124818331653894, 0.7474782690813273, 0.7183267948887222, 0.45671793855118]",stable,0.4264346810752509,825,"[0.7745031952510715, 0.4638697084282799, 0.4362120912224505, 0.5907976393577753]"
"[0.6576859957871996, 0.5990355453400059, 0.46287163540174464, 0.7155273370315122]",stable,0.41244683161868584,826,"[0.9586970961169275, 0.5854010437849494, 0.20510277327998366, 0.6020635962224907]"
"[0.9213836339423395, 0.558421595074324, 0.37863337691069704, 0.6895595190570943]",stable,0.33243747247215266,827,"[1.0, 0.8068669827455974, 0.32211008033432414, 0.49102955562443956]"
"[0.9440110795264819, 0.6245349666522816, 0.6213345316942787, 0.6060582597609463]",anomaly,0.4904301105853832,828,"[0.718261417523132, 0.9638655332975156, 0.6118236257308629, 0.8786808792959804]"
"[0.9440110795264819, 0.6245349666522816, 0.6213345316942787, 0.6060582597609463]",stable,0.19141470148875375,829,"[0.8274467957243091, 0.674808190416462, 0.4814295321788274, 0.5752110593911646]"
"[0.9244196691088622, 0.8365472426794667, 0.40271795958674605, 0.645832622652328]",stable,0.24240043867779446,830,"[0.9804720264151022, 0.6113426315879458, 0.4139534217377565, 0.5767475052610199]"
"[0.8761647897027565, 0.607753622705425, 0.3836956609454479, 0.9409024878298468]",stable,0.23020714606680998,831,"[0.8235621369365792, 0.5941498894705962, 0.6013671685458369, 0.8893045785385203]"
"[0.6576859957871996, 0.5990355453400059, 0.46287163540174464, 0.7155273370315122]",stable,0.4065115134100092,832,"[0.8651932948064956, 0.9065812574048773, 0.3037288310661701, 0.6677619289694763]"
"[0.9387127029900195, 0.626820113187017, 0.6149752135344854, 0.6046561142895926]",stable,0.38474049705779056,833,"[0.8532635610986246, 0.8231936995524384, 0.2967597353197565, 0.5746558104769005]"
"[0.9387127029900195, 0.626820113187017, 0.6149752135344854, 0.6046561142895926]",stable,0.2935483175440475,834,"[1.0, 0.7156292160401118, 0.5360673785393859, 0.866000673798617]"
"[0.6576859957871996, 0.5990355453400059, 0.46287163540174464, 0.7155273370315122]",stable,0.25708765533325206,835,"[0.8466896212328641, 0.7657902870927878, 0.42024793127995674, 0.7428726847719459]"
"[0.9387127029900195, 0.626820113187017, 0.6149752135344854, 0.6046561142895926]",stable,0.3846149247295471,836,"[0.73915753976683, 0.7648481435081658, 0.47566020474721493, 0.8685613403233872]"
"[0.9192168558541469, 0.8361953305797594, 0.39803252505938713, 0.6470274365588615]",stable,0.5229990635932862,837,"[0.8106039810732817, 0.44970965357259807, 0.1498764848201819, 0.8723686558517474]"
"[0.9127422225994138, 0.7473471126341332, 0.536693757441534, 0.8573456365370912]",stable,0.3498397358242437,838,"[0.8805128850865293, 0.8098067454450806, 0.26614982781759583, 0.6469795580505243]"
"[0.9387127029900195, 0.626820113187017, 0.6149752135344854, 0.6046561142895926]",stable,0.4448862704496421,839,"[0.9568334432797346, 0.8049084972086714, 0.21896869270777378, 0.5094784102553824]"
"[0.9238456502953714, 0.5606266382623916, 0.38010504544515783, 0.6848590184822579]",stable,0.2287972103176924,840,"[0.7732307109429233, 0.5117990292039688, 0.4906823592143713, 0.5621731359764068]"
"[0.6576859957871996, 0.5990355453400059, 0.46287163540174464, 0.7155273370315122]",stable,0.3931508580828817,841,"[1.0, 0.5844565768978517, 0.2751273119601027, 0.6716155797709809]"
"[0.8761647897027565, 0.607753622705425, 0.3836956609454479, 0.9409024878298468]",stable,0.29710801050539265,842,"[0.8013986792810692, 0.5921437068925498, 0.25978204980897923, 0.6818948699065132]"
"[0.9127422225994138, 0.7473471126341332, 0.536693757441534, 0.8573456365370912]",stable,0.09398136911046294,843,"[0.9611140883709255, 0.7246025465600284, 0.5106029489025598, 0.9301097400878339]"
"[0.918272856567132, 0.8355517065520842, 0.39481587390714834, 0.6470262687903655]",stable,0.30604576472201345,844,"[1.0, 0.5830820649733406, 0.2516741636280375, 0.6995068841645897]"
"[0.8761647897027565, 0.607753622705425, 0.3836956609454479, 0.9409024878298468]",stable,0.5859685607789911,845,"[0.7566931598318992, 0.6468669270604447, 0.0, 0.5162455991874151]"
"[0.9297036771957274, 0.5624068446218689, 0.3711277910104588, 0.6849130349042216]",anomaly,0.47309759014668423,846,"[0.7357441545318352, 0.3692255329730878, 0.0, 0.5793375787605287]"
"[0.9297036771957274, 0.5624068446218689, 0.3711277910104588, 0.6849130349042216]",stable,0.8787812499379478,847,"[0.26939222992991796, 0.6648256011342487, 0.174712291762618, 0.1490244011173934]"
"[0.09329259531331267, 0.7126167972576869, 0.3036476070997222, 0.2883378669420569]",stable,0.24309388419332353,848,"[0.18437125499510204, 0.6346372639068539, 0.2873293144154722, 0.07750091575696866]"
"[0.09329259531331267, 0.7126167972576869, 0.3036476070997222, 0.2883378669420569]",stable,0.2653525363408248,849,"[0.12449624427481595, 0.5067385025144644, 0.3825625442692101, 0.4326460831986325]"
"[0.09329259531331267, 0.7126167972576869, 0.3036476070997222, 0.2883378669420569]",stable,0.27838880512341396,850,"[0.0, 0.5735249588577183, 0.11799062561436638, 0.41073788407445716]"
"[0.2878527915841729, 0.7155202890010143, 0.2483811501456342, 0.45040295441109207]",stable,0.33111052044887357,851,"[0.0, 0.5573458845459998, 0.24222840683515537, 0.40895481025264374]"
"[0.2878527915841729, 0.7155202890010143, 0.2483811501456342, 0.45040295441109207]",stable,0.4361050422550245,852,"[0.5154870755211867, 0.5960981757315833, 0.4143136021015647, 0.1396377361081171]"
"[0.2878527915841729, 0.7155202890010143, 0.2483811501456342, 0.45040295441109207]",stable,0.39232449564193767,853,"[0.5406872506962583, 0.4669301851879991, 0.3446411645341436, 0.31281583262144824]"
"[0.2878527915841729, 0.7155202890010143, 0.2483811501456342, 0.45040295441109207]",stable,0.0944665012761789,854,"[0.3136085388970978, 0.7103393751521306, 0.18407945871273804, 0.5144264809796444]"
"[0.14482138353491783, 0.45303845004577586, 0.3719447821290742, 0.27512868997040896]",stable,0.28505452465223674,855,"[0.09759620810363928, 0.6739059530511116, 0.47225095287323093, 0.13306503150340437]"
"[0.14482138353491783, 0.45303845004577586, 0.3719447821290742, 0.27512868997040896]",stable,0.391862089329588,856,"[0.4846710270005403, 0.5205261204326643, 0.542323482748464, 0.34202136229734115]"
"[0.11184877027532505, 0.6045069862850155, 0.4773349938466724, 0.4190878948362065]",anomaly,0.764043074968412,857,"[0.6539965461654722, 1.0, 0.22576400085847276, 0.1542579095737301]"
"[0.11184877027532505, 0.6045069862850155, 0.4773349938466724, 0.4190878948362065]",stable,0.6499261205734427,858,"[0.7180018130104997, 0.5706844397808079, 0.3415576544873216, 0.6072447454980974]"
"[0.918272856567132, 0.8355517065520842, 0.39481587390714834, 0.6470262687903655]",stable,0.4100122035324597,859,"[0.5197523295139792, 0.8587857106959726, 0.43288044030433115, 0.5615706288404081]"
"[0.6596316673105318, 0.5981209935477737, 0.45895828117869875, 0.7120343502078537]",stable,0.2877152307503026,860,"[0.8235672612996524, 0.7058732815206173, 0.437227269035392, 0.5026963876282515]"
"[0.6596316673105318, 0.5981209935477737, 0.45895828117869875, 0.7120343502078537]",stable,0.22749665324758742,861,"[0.5540223472670464, 0.5838033609646062, 0.31552676549155734, 0.8528313830732817]"
"[0.918272856567132, 0.8355517065520842, 0.39481587390714834, 0.6470262687903655]",stable,0.49097241339904757,862,"[0.67427571234595, 0.49115491761288776, 0.4606160007194755, 0.4049921814996592]"
"[0.9297036771957274, 0.5624068446218689, 0.3711277910104588, 0.6849130349042216]",stable,0.3539785887275164,863,"[0.6634561576684519, 0.7874916643444481, 0.4168129739059788, 0.6441357419907123]"
"[0.6563313760591729, 0.5976735675295497, 0.45447604631347555, 0.7164342574848983]",stable,0.4232671137360923,864,"[1.0, 0.7911998279481949, 0.305588557985911, 0.6786582222643438]"
"[0.9387127029900195, 0.626820113187017, 0.6149752135344854, 0.6046561142895926]",stable,0.5402700227253099,865,"[0.9746440054642437, 0.9148413036416932, 0.3883750263355773, 1.0]"
"[0.9202187409345812, 0.8344957094424679, 0.3926914140042617, 0.6477794105397459]",stable,0.398173000091614,866,"[0.952574518617196, 0.6668770118012592, 0.10875205953283018, 0.8686351481512498]"
"[0.915892898274738, 0.7514828162036605, 0.5317106277373931, 0.8635004498803382]",stable,0.2755847048621717,867,"[0.81923026706219, 0.6966672666534078, 0.5174817396077637, 0.6117147085224617]"
"[0.9202187409345812, 0.8344957094424679, 0.3926914140042617, 0.6477794105397459]",stable,0.275028565883339,868,"[0.8665654472162462, 0.8902887308738092, 0.16665607834827947, 0.7840042317709354]"
"[0.9319822547073158, 0.5555649425021537, 0.3698864873249555, 0.6782197148730235]",stable,0.16900969687651243,869,"[0.8672678946990405, 0.6683950562447941, 0.4458334917580132, 0.7548861821026924]"
"[0.782669549031299, 0.6737184352011188, 0.20385947615215283, 0.7828539076273366]",stable,0.28783980039133816,870,"[1.0, 0.5969852285074561, 0.08882547566561061, 0.6544077341006944]"
"[0.9319822547073158, 0.5555649425021537, 0.3698864873249555, 0.6782197148730235]",stable,0.40817865899802946,871,"[1.0, 0.8483502010380319, 0.19998871733052004, 0.8959235139251438]"
"[0.9145422037309685, 0.7491748228714699, 0.5293251517379658, 0.8604833868865147]",stable,0.39922908394972373,872,"[0.9980645170683993, 0.7741690725112398, 0.1639669155083297, 0.7252187154079135]"
"[0.9319822547073158, 0.5555649425021537, 0.3698864873249555, 0.6782197148730235]",stable,0.2910641439573537,873,"[1.0, 0.8291412828197983, 0.37300902924645435, 0.6058445950231782]"
"[0.9145422037309685, 0.7491748228714699, 0.5293251517379658, 0.8604833868865147]",stable,0.246094392560092,874,"[1.0, 0.8637071862294853, 0.3294001000454223, 0.8735878348231014]"
"[0.782669549031299, 0.6737184352011188, 0.20385947615215283, 0.7828539076273366]",stable,0.3926429800052827,875,"[1.0, 0.7891706854318327, 0.44855450527867846, 0.599193608524337]"
"[0.9168518739004018, 0.7522702921514163, 0.5239217719624917, 0.860837561155071]",stable,0.35318939089515033,876,"[0.5954963268304541, 0.6630424436138422, 0.5975793180507831, 0.7709136201945633]"
"[0.6795412164150457, 0.7910907167213853, 0.43945791106323584, 0.4846151031084387]",stable,0.6038154643684728,877,"[0.5252068643617607, 0.6941446220513974, 0.7585292645224757, 0.9637486428619543]"
"[0.3511889215042423, 0.5919556623536002, 0.8761727052891485, 0.4753944110335298]",stable,0.6346047738822407,878,"[0.6881166488046103, 0.6893570374339224, 0.8090543488734564, 1.0]"
"[0.5237078196503077, 0.5664447929433252, 0.8485233749223824, 0.8740141454535532]",stable,0.17915240319540396,879,"[0.47072801617913096, 0.5477735667566987, 1.0, 0.7965871387787062]"
"[0.5192928360277096, 0.564888857427773, 0.8611464270121839, 0.8675618948973159]",stable,0.07122910529011206,880,"[0.5346409200897664, 0.6048441515466415, 0.8122033793635556, 0.8966509704204864]"
"[0.5204734578786371, 0.5679623415907629, 0.8573815771930586, 0.8697995160914059]",stable,0.32820630993881833,881,"[0.6021960414282698, 0.710958514844583, 0.8744763103876958, 0.5864257950913869]"
"[0.6810604285008739, 0.6884557033638551, 0.9195025211110401, 0.6359640622012136]",stable,0.3278966107220349,882,"[0.874718627751339, 0.4604513551376358, 0.8510391190354161, 0.5204674434098688]"
"[0.42715975597907985, 0.599607162653223, 0.3235572758058259, 0.2935910279210465]",stable,0.5245522535333969,883,"[0.33159482779905497, 0.7807754842146881, 0.6655867563303385, 0.6344961245442056]"
"[0.5342646773597203, 0.36135157248704425, 0.8314644145868638, 0.5795769934052956]",stable,0.539814249987912,884,"[0.4841631962773095, 0.7080255824969379, 0.5937042053316145, 0.24464941950024807]"
"[0.14482138353491783, 0.45303845004577586, 0.3719447821290742, 0.27512868997040896]",anomaly,0.5863213691084773,885,"[0.36060054469921504, 0.9497735311357562, 0.510012233639987, 0.45233969281245573]"
"[0.14482138353491783, 0.45303845004577586, 0.3719447821290742, 0.27512868997040896]",stable,0.38291061523793635,886,"[0.20104077657570876, 0.708074692049337, 0.6287681660562287, 0.3867449246360097]"
"[0.14482138353491783, 0.45303845004577586, 0.3719447821290742, 0.27512868997040896]",stable,0.3357042132517118,887,"[0.11185065407642383, 0.7661401196870069, 0.45736284758462353, 0.1958737320458064]"
"[0.11184877027532505, 0.6045069862850155, 0.4773349938466724, 0.4190878948362065]",stable,0.2005055120014405,888,"[0.22031851479489656, 0.612463493881931, 0.5615804464643275, 0.5649514357466251]"
"[0.5342646773597203, 0.36135157248704425, 0.8314644145868638, 0.5795769934052956]",stable,0.7856749840520189,889,"[0.0, 0.6451267678993627, 0.36406483510602683, 0.39831556159838477]"
"[0.09409946743344794, 0.7149438982328746, 0.3103308784251527, 0.28431768716395905]",stable,0.23408657714869585,890,"[0.28575694515882744, 0.6415016112833739, 0.37154499887031706, 0.18985606120457754]"
"[0.2887726397024916, 0.7153352563635541, 0.24608466116588787, 0.4526895089313975]",stable,0.21662400481247765,891,"[0.29847262183857676, 0.7375005623647284, 0.41271186295007545, 0.31639591171200526]"
"[0.09409946743344794, 0.7149438982328746, 0.3103308784251527, 0.28431768716395905]",stable,0.19435869331133715,892,"[0.22942500740069283, 0.5874470226477927, 0.32518615105284676, 0.3389635240544582]"
"[0.2887726397024916, 0.7153352563635541, 0.24608466116588787, 0.4526895089313975]",stable,0.6662602054510764,893,"[0.055234261636422144, 0.17203224678736734, 0.5167285731744383, 0.3079960397762693]"
"[0.3356227956473218, 0.46899285143531383, 0.598381692903988, 0.31575750960214766]",stable,0.2812646322554069,894,"[0.16302124525487097, 0.2516402220442105, 0.5532020401167206, 0.3216847037686275]"
"[0.09597130351291853, 0.1779334447543527, 0.6809386787317783, 0.2617087950368365]",stable,0.369679741291721,895,"[0.3345438051469673, 0.4002671309762863, 0.8529824168124548, 0.23497011998028428]"
"[0.3859411714151129, 0.3432792084845131, 0.9096158255426747, 0.3442226821459937]",stable,0.38340254557260434,896,"[0.16065158427181414, 0.19813442538864934, 0.6354561003092243, 0.3476213401647674]"
"[0.3859411714151129, 0.3432792084845131, 0.9096158255426747, 0.3442226821459937]",anomaly,0.5259248399716286,897,"[0.0, 0.0, 1.0, 0.3037698017068013]"
"[0.3859411714151129, 0.3432792084845131, 0.9096158255426747, 0.3442226821459937]",stable,0.38494349196368355,898,"[0.18866776471338287, 0.28524405357779287, 0.6791274975906161, 0.5739437009629612]"
"[0.32221106524428283, 0.2569324294726517, 0.702070948926777, 0.423172446653231]",stable,0.5069812123095082,899,"[0.4993869322392118, 0.4568351834107933, 0.2752958585145312, 0.36366973275730724]"
"[0.2887726397024916, 0.7153352563635541, 0.24608466116588787, 0.4526895089313975]",stable,0.42651603004037514,900,"[0.5247159583874214, 0.5129688856181581, 0.50742080529787, 0.3223133377538824]"
"[0.10799191612790006, 0.6059076684096483, 0.47342912630389145, 0.41837160748317814]",stable,0.6542526132042935,901,"[0.5513682998482861, 0.3751927714545197, 0.4070773787357086, 0.8353031919923304]"
"[0.7124818331653894, 0.7474782690813273, 0.7183267948887222, 0.45671793855118]",stable,0.30024443259160366,902,"[0.7869193524854854, 0.6834197004303197, 0.44081304626959994, 0.515780567424869]"
"[0.684209831026804, 0.7864093681869911, 0.43951682998525166, 0.48597012329610956]",stable,0.4847518923216564,903,"[0.9210615703028424, 0.4478187470616623, 0.3572357333032366, 0.725703022844985]"
"[0.8761647897027565, 0.607753622705425, 0.3836956609454479, 0.9409024878298468]",stable,0.657283942528302,904,"[0.7740411480587609, 0.7067980570961608, 0.3209898462467247, 0.30227025896717374]"
"[0.6879528025698022, 0.7830922302248733, 0.4345782056628131, 0.47831596228240386]",stable,0.48422174506004545,905,"[0.8698249431812529, 0.4428191754460441, 0.5077036003201489, 0.7616181820162018]"
"[0.7124818331653894, 0.7474782690813273, 0.7183267948887222, 0.45671793855118]",stable,0.5908532214330552,906,"[1.0, 0.9358303225012966, 0.3877956433400103, 0.8055925504767936]"
"[0.9168518739004018, 0.7522702921514163, 0.5239217719624917, 0.860837561155071]",stable,0.39361728857319406,907,"[0.6934850316504446, 0.6078416715671533, 0.26933188053344403, 1.0]"
"[0.9168518739004018, 0.7522702921514163, 0.5239217719624917, 0.860837561155071]",stable,0.21840092639899414,908,"[0.9863234685158903, 0.7909983844613538, 0.33747346496627745, 0.7795367255025484]"
"[0.9168518739004018, 0.7522702921514163, 0.5239217719624917, 0.860837561155071]",stable,0.05459050730367369,909,"[0.8837247078622807, 0.7911589988192662, 0.5383480189842986, 0.8480991841578653]"
"[0.92685892582105, 0.8346513146043029, 0.392171131108922, 0.6521065809173082]",stable,0.09534131797471895,910,"[1.0, 0.7767874216817358, 0.37377110424120275, 0.644788173425326]"
"[0.9159801063730828, 0.7532936791689913, 0.5243014100420129, 0.8605023407077761]",stable,0.27021543904349926,911,"[1.0, 1.0, 0.45622419291900534, 0.8390891498384352]"
"[0.9159801063730828, 0.7532936791689913, 0.5243014100420129, 0.8605023407077761]",stable,0.19992565602453197,912,"[0.9446038259525398, 0.6317856039383676, 0.4541078111884437, 1.0]"
"[0.9299064705785063, 0.8368905811141598, 0.3931222360035546, 0.6558495842804154]",stable,0.28251048062101664,913,"[0.7028384189936576, 0.6933033139353657, 0.45192489944706205, 0.7204809627761083]"
"[0.607736473286075, 0.6183845523955847, 0.41851731467182657, 0.6505535329838736]",stable,0.2500683832910022,914,"[0.6320683920488639, 0.6166825382362002, 0.39865859476341187, 0.898635955663307]"
"[0.9299064705785063, 0.8368905811141598, 0.3931222360035546, 0.6558495842804154]",stable,0.3927834107779175,915,"[0.9492724176981454, 0.5896856587610446, 0.6819202425333776, 0.5589516706636392]"
"[0.9299064705785063, 0.8368905811141598, 0.3931222360035546, 0.6558495842804154]",stable,0.2939014446811231,916,"[0.7988598203523336, 0.8548938605984939, 0.6017353088220518, 0.8151019074257427]"
"[0.9299064705785063, 0.8368905811141598, 0.3931222360035546, 0.6558495842804154]",stable,0.1915312910490963,917,"[0.8426345708701444, 0.8513918221956835, 0.3328452792022438, 0.8146710357852285]"
"[0.9129770221161405, 0.7558988120261579, 0.5262868946261164, 0.8593382270338779]",stable,0.47205964103595816,918,"[0.6642296777364723, 0.5463168985493236, 0.31704545755745406, 0.5886751414165551]"
"[0.8605849149437816, 0.6091905333847921, 0.38243528284322853, 0.9442037266200104]",stable,0.2904358145641508,919,"[0.8076211816689995, 0.7999551156217679, 0.41962610744588996, 0.7349824990438734]"
"[0.9129770221161405, 0.7558988120261579, 0.5262868946261164, 0.8593382270338779]",stable,0.3025307084923142,920,"[0.7546179324379242, 0.9408483821725939, 0.405001649442703, 0.7269343974042327]"
"[0.9129770221161405, 0.7558988120261579, 0.5262868946261164, 0.8593382270338779]",stable,0.19969218164535402,921,"[0.8457131933407098, 0.936887158907402, 0.569281902259332, 0.8320034074704565]"
"[0.9223604759361838, 0.8384890826170533, 0.39269294831885204, 0.6619091760332015]",stable,0.38196595430731917,922,"[0.9682009509602085, 0.5112676353394964, 0.5483920418696515, 0.773625592949039]"
"[0.9315922302642988, 0.5517168640935647, 0.3694346746813227, 0.6799155473005936]",stable,0.14562539259300475,923,"[0.956791268572236, 0.4476841421918263, 0.46764421429235403, 0.6901058632587325]"
"[0.8605849149437816, 0.6091905333847921, 0.38243528284322853, 0.9442037266200104]",stable,0.33548336013652913,924,"[1.0, 0.7777878386408587, 0.5490096548320411, 0.7520047509614786]"
"[0.9223604759361838, 0.8384890826170533, 0.39269294831885204, 0.6619091760332015]",stable,0.3107885040016376,925,"[0.8221075167384735, 0.647862168327557, 0.5256711143567694, 0.8422339533028138]"
"[0.9223604759361838, 0.8384890826170533, 0.39269294831885204, 0.6619091760332015]",stable,0.15046596859020753,926,"[1.0, 0.896815478940657, 0.3892912008018482, 0.5470241395285902]"
"[0.9112839183954444, 0.7581569246403804, 0.5278369419492067, 0.8557245944299045]",stable,0.4243429790598072,927,"[0.7086509629014722, 1.0, 0.32794145465883573, 0.654328044591839]"
"[0.9112839183954444, 0.7581569246403804, 0.5278369419492067, 0.8557245944299045]",stable,0.3470188342037588,928,"[0.9935690240871999, 0.7384897846657194, 0.21382263874322904, 0.7346483636465098]"
"[0.9197931176537141, 0.8426369564605731, 0.3914070381079649, 0.6595984936191265]",stable,0.2767612837159785,929,"[0.8786497141977456, 0.664843069303142, 0.18368822437504942, 0.6475048330063603]"
"[0.9197931176537141, 0.8426369564605731, 0.3914070381079649, 0.6595984936191265]",stable,0.3787336741741035,930,"[1.0, 0.5844787750098019, 0.5292876461078426, 0.8862024284157662]"
"[0.932461162619745, 0.5481295288555738, 0.3728212105299789, 0.6802669375060466]",stable,0.30607482390379936,931,"[1.0, 0.6524973583748702, 0.249875435592367, 0.9314879474942369]"
"[0.9197931176537141, 0.8426369564605731, 0.3914070381079649, 0.6595984936191265]",stable,0.2119418959733401,932,"[0.8899120290520843, 0.6455888327946464, 0.4391765215182211, 0.6055929269874304]"
"[0.9112839183954444, 0.7581569246403804, 0.5278369419492067, 0.8557245944299045]",stable,0.18598128772664108,933,"[0.8780364292000852, 0.9108511267562365, 0.4274051832219232, 0.8647571093516162]"
"[0.9197931176537141, 0.8426369564605731, 0.3914070381079649, 0.6595984936191265]",stable,0.535052034065331,934,"[1.0, 0.44144533019831733, 0.44635818597964927, 1.0]"
"[0.9310428581674896, 0.5513781723202095, 0.375033054229587, 0.6777778038220927]",stable,0.3181076283695808,935,"[0.8258671858771688, 0.7665728279777069, 0.5385055201056888, 0.8085392440942014]"
"[0.9197931176537141, 0.8426369564605731, 0.3914070381079649, 0.6595984936191265]",stable,0.42984530378584573,936,"[0.5985090650389489, 0.7672342068658353, 0.14955331304038644, 0.7913738469545215]"
"[0.9085870042655891, 0.7618185179461345, 0.5257968696635066, 0.8548574845341318]",stable,0.39480136039271074,937,"[1.0, 0.45893356468261703, 0.2959460572157372, 0.9090892785525192]"
"[0.9197931176537141, 0.8426369564605731, 0.3914070381079649, 0.6595984936191265]",stable,0.189859054845038,938,"[1.0, 0.7573030873317537, 0.53781050350492, 0.6895563445134795]"
"[0.9197931176537141, 0.8426369564605731, 0.3914070381079649, 0.6595984936191265]",stable,0.5092514280498446,939,"[0.5870994703232408, 0.6935389925873372, 0.6854910261671187, 0.45975765912119054]"
"[0.5342646773597203, 0.36135157248704425, 0.8314644145868638, 0.5795769934052956]",stable,0.3856136858121245,940,"[0.5358462116182385, 0.41884229983790766, 0.4772143770633044, 0.4385197687827104]"
"[0.5364682290686797, 0.5084073137276559, 0.6195987217833808, 0.5697744504770337]",stable,0.5265859914025972,941,"[0.8353667428441822, 0.3249350365891806, 0.6358399591666204, 0.1773121840944734]"
"[0.7332843809329074, 0.2634720587737248, 0.6943607871871801, 0.27403018765549375]",stable,0.5820136770383585,942,"[0.3887989498318475, 0.7296708516553841, 0.6431555252028613, 0.26371443854897575]"
"[0.14807536906821686, 0.45820801053046883, 0.370146373241527, 0.27758387589671857]",stable,0.7461442547774491,943,"[0.6119799934646482, 0.2665345086074559, 0.8560995812676746, 0.5395657391442823]"
"[0.3511889215042423, 0.5919556623536002, 0.8761727052891485, 0.4753944110335298]",anomaly,0.6029529504255623,944,"[0.6104676740287593, 0.06290552989971862, 0.9360412912190746, 0.36204319275378555]"
"[0.3511889215042423, 0.5919556623536002, 0.8761727052891485, 0.4753944110335298]",stable,0.46241721381569906,945,"[0.4504569969356837, 0.16004231717206596, 0.8542391279542803, 0.34522026124716176]"
"[0.38778448071570065, 0.3380438687327289, 0.9080336341830063, 0.3442511844060271]",stable,0.25886231885826816,946,"[0.612122006765973, 0.33633174534515436, 1.0, 0.43492439280985334]"
"[0.4249282838964953, 0.5963530487625044, 0.3235484469597999, 0.292505342053943]",anomaly,0.8526665622354833,947,"[0.7760581825766862, 0.33976988471732433, 0.7856108836601984, 0.8620766239198483]"
"[0.4249282838964953, 0.5963530487625044, 0.3235484469597999, 0.292505342053943]",stable,0.46127833543144237,948,"[0.6521535790183397, 0.4503686701871195, 0.5781608157186703, 0.5663802603691269]"
"[0.5398707393613168, 0.5067002947999931, 0.6183799598403011, 0.5696746213562128]",anomaly,0.503501365491257,949,"[0.9882602832758457, 0.2892786746599746, 0.6633826578321481, 0.5134337267258351]"
"[0.5398707393613168, 0.5067002947999931, 0.6183799598403011, 0.5696746213562128]",stable,0.1323667462465879,950,"[0.526626667564939, 0.41230038143312214, 0.7095161626898427, 0.558343294838305]"
"[0.5394923373099918, 0.5040031544180825, 0.620983851350288, 0.569350869169987]",stable,0.16241297982514655,951,"[0.655335510868899, 0.4372876184936579, 0.5458756361544689, 0.6228871039264555]"
"[0.7055161463408255, 0.7444816426094389, 0.7165025855152998, 0.45688681191618064]",stable,0.28057077932785646,952,"[0.6106651190511263, 0.48607834391604504, 0.6647042715311757, 0.4732549128293653]"
"[0.5414693590250234, 0.5035052430152481, 0.6221983074664237, 0.5666815370494143]",stable,0.4159898062797795,953,"[0.30939939104820247, 0.5899831465353758, 0.8999789125969835, 0.38080373711626103]"
"[0.34172257509055076, 0.47041143318314754, 0.5954474707231454, 0.31596898792962297]",stable,0.45863449149875385,954,"[0.43775865115494433, 0.39393868296001106, 1.0, 0.49376617130293754]"
"[0.38917265211679075, 0.33959650246126455, 0.9105882554557007, 0.3484043784864968]",stable,0.18807212857239566,955,"[0.37182021419345374, 0.24617645071953748, 0.7501816168590276, 0.3731515534880564]"
"[0.38917265211679075, 0.33959650246126455, 0.9105882554557007, 0.3484043784864968]",stable,0.4550344356830503,956,"[0.6940867574091389, 0.39867866772637406, 0.5933078021605107, 0.44803438278010277]"
"[0.9310428581674896, 0.5513781723202095, 0.375033054229587, 0.6777778038220927]",stable,0.8744988931487806,957,"[0.4789847114632214, 0.021528649871162653, 0.8885170571887592, 0.5513443890050965]"
"[0.32392172555287496, 0.2565615336535788, 0.703729937476165, 0.42144758826822504]",stable,0.3241782619724583,958,"[0.3735985007730177, 0.14456284976076805, 1.0, 0.37344645913971003]"
"[0.38875172910749956, 0.33432532265854836, 0.9130047890920331, 0.3490811914771242]",anomaly,0.5557515770697711,959,"[0.5843588433703969, 0.0, 0.5584940589301626, 0.5311427005740071]"
"[0.38875172910749956, 0.33432532265854836, 0.9130047890920331, 0.3490811914771242]",anomaly,0.35100755964761843,960,"[0.45682621854188693, 0.0, 0.8305689707308033, 0.3508376932265521]"
"[0.38875172910749956, 0.33432532265854836, 0.9130047890920331, 0.3490811914771242]",stable,0.1937641748020316,961,"[0.31718725324602715, 0.24588997430773712, 0.8669189870745989, 0.499009071625766]"
"[0.38875172910749956, 0.33432532265854836, 0.9130047890920331, 0.3490811914771242]",stable,0.4326934787193213,962,"[0.11997102959345549, 0.0, 0.9621955332549145, 0.3210199831473256]"
"[0.349447691068574, 0.5918734741945075, 0.8771646305936415, 0.4714531329536436]",stable,0.2872658803393718,963,"[0.41707926064179723, 0.3682116053703367, 0.7105207878577127, 0.4838165837866014]"
"[0.38875172910749956, 0.33432532265854836, 0.9130047890920331, 0.3490811914771242]",stable,0.36177394374696387,964,"[0.19566581049235204, 0.0718077306798239, 0.9710604546249497, 0.49506841012313463]"
"[0.3267095662877806, 0.2598189050203826, 0.7092131600561644, 0.4259614746835772]",stable,0.40004431528365536,965,"[0.37973654655508704, 0.0831101588189372, 0.9607388503773358, 0.17549702674960246]"
"[0.3267095662877806, 0.2598189050203826, 0.7092131600561644, 0.4259614746835772]",anomaly,0.5108557856129603,966,"[0.0, 0.0, 0.8431646807301593, 0.1636913473464767]"
"[0.3267095662877806, 0.2598189050203826, 0.7092131600561644, 0.4259614746835772]",stable,0.24489285464486793,967,"[0.18512991734970577, 0.10254147271748858, 0.7777508584802427, 0.5284022207059613]"
"[0.3267095662877806, 0.2598189050203826, 0.7092131600561644, 0.4259614746835772]",stable,0.43276357389424847,968,"[0.0, 0.05192203800874187, 0.7173192397436755, 0.23293724215144965]"
"[0.38875172910749956, 0.33432532265854836, 0.9130047890920331, 0.3490811914771242]",stable,0.2664867236990929,969,"[0.2640373616465782, 0.15527402572195126, 0.8421590756195108, 0.21349720125486096]"
"[0.3267095662877806, 0.2598189050203826, 0.7092131600561644, 0.4259614746835772]",anomaly,0.38354353322393336,970,"[0.5051667883195408, 0.11696667471079378, 0.4040053364793294, 0.3847293694053683]"
"[0.3267095662877806, 0.2598189050203826, 0.7092131600561644, 0.4259614746835772]",stable,0.3653384974390905,971,"[0.15005656291941397, 0.3871138101511388, 0.4312621536716189, 0.5197973915254684]"
"[0.10799191612790006, 0.6059076684096483, 0.47342912630389145, 0.41837160748317814]",stable,0.4768696977685231,972,"[0.5387222126670134, 0.45718677856953865, 0.4363375913913516, 0.2827897677841687]"
"[0.2887726397024916, 0.7153352563635541, 0.24608466116588787, 0.4526895089313975]",stable,0.485874909452017,973,"[0.22112939188585828, 0.30899076568574385, 0.3753970512069633, 0.22984140071084508]"
"[0.2887726397024916, 0.7153352563635541, 0.24608466116588787, 0.4526895089313975]",stable,0.29136499703987906,974,"[0.36692865827090126, 0.4398799878876232, 0.22440945721711106, 0.4032953912227584]"
"[0.34172257509055076, 0.47041143318314754, 0.5954474707231454, 0.31596898792962297]",stable,0.3083589605647234,975,"[0.10745203201459866, 0.5997281938000523, 0.455898466689902, 0.3792604731731775]"
"[0.09409946743344794, 0.7149438982328746, 0.3103308784251527, 0.28431768716395905]",stable,0.12551636898172208,976,"[0.12239176505179458, 0.833721317607371, 0.32195416059916127, 0.2576581909933805]"
"[0.10797391999079002, 0.6057016859226617, 0.47284477098342514, 0.4170679030061781]",stable,0.50327256848203,977,"[0.5208783252794988, 0.5454699532796747, 0.19245902263657902, 0.4405029363212812]"
"[0.2887726397024916, 0.7153352563635541, 0.24608466116588787, 0.4526895089313975]",stable,0.3240641858034507,978,"[0.47220277151484147, 0.6087273622432596, 0.4877969174722062, 0.4129286572516089]"
"[0.2887726397024916, 0.7153352563635541, 0.24608466116588787, 0.4526895089313975]",stable,0.30655231461031873,979,"[0.5419246047075561, 0.7772478418956956, 0.31236032139947245, 0.5998722960375878]"
"[0.8717381217482791, 0.6049125276363082, 0.3736733199280944, 0.9422905175322798]",stable,0.537833431720962,980,"[0.5169767260966863, 0.6908717480446168, 0.6365741173386613, 0.647496800537218]"
"[0.6879528025698022, 0.7830922302248733, 0.4345782056628131, 0.47831596228240386]",stable,0.4836254152597571,981,"[0.4488062251133283, 0.6765052572660418, 0.8251515071534306, 0.36520464483706705]"
"[0.34172257509055076, 0.47041143318314754, 0.5954474707231454, 0.31596898792962297]",stable,0.43825412593688634,982,"[0.6585852732342805, 0.4725129005243894, 0.8976863444460788, 0.33363127746088916]"
"[0.5414693590250234, 0.5035052430152481, 0.6221983074664237, 0.5666815370494143]",stable,0.22015895086395504,983,"[0.6444731076047697, 0.45159338739621224, 0.753654300861835, 0.43294794938105136]"
"[0.35342203243036413, 0.5952587455173689, 0.8750841056560331, 0.4672031934289806]",stable,0.32135307597553786,984,"[0.5230586200202948, 0.5982975122705085, 0.6197867837472285, 0.563667025576557]"
"[0.5409717714843549, 0.5060671962383634, 0.6221331311496887, 0.566600063766364]",stable,0.32848874496192687,985,"[0.27422269341347294, 0.4155712866742871, 0.7469423806557722, 0.6805427094478429]"
"[0.3267095662877806, 0.2598189050203826, 0.7092131600561644, 0.4259614746835772]",stable,0.19421181047138836,986,"[0.4306692559682603, 0.38667994943736184, 0.7606000141472893, 0.5163842421935549]"
"[0.35342203243036413, 0.5952587455173689, 0.8750841056560331, 0.4672031934289806]",anomaly,0.36196033322451027,987,"[0.1942896472058534, 0.8414184441881513, 1.0, 0.6389401693290848]"
"[0.35342203243036413, 0.5952587455173689, 0.8750841056560331, 0.4672031934289806]",stable,0.19754406572409033,988,"[0.21402255410896337, 0.6562047931831105, 0.9994571838258771, 0.44699527302612696]"
"[0.7405542818629414, 0.39011455605259276, 0.9646148229663776, 0.4221736347870456]",stable,0.45746885199344095,989,"[0.5827354565684517, 0.6861445756125021, 0.8359919574533508, 0.7053579474059505]"
"[0.6752766066224961, 0.688319754672599, 0.9145901350135289, 0.6400460554485511]",stable,0.23605129538009265,990,"[0.6316494370008126, 0.5719946311808514, 0.7153394429175436, 0.6642227273725589]"
"[0.5433580258400512, 0.5078021287368499, 0.6245859288277902, 0.5691690812296849]",stable,0.18140861490491658,991,"[0.6481807112896472, 0.636724791823005, 0.6738738343901306, 0.5155879326333087]"
"[0.536899937514674, 0.36200010773641605, 0.8275881849779954, 0.5717697106085144]",stable,0.585140933335355,992,"[0.32717284212347314, 0.763494239028235, 0.4849269662553309, 0.43109203275923197]"
"[0.536899937514674, 0.36200010773641605, 0.8275881849779954, 0.5717697106085144]",stable,0.6012754420796815,993,"[0.6765115035732716, 0.6111592746846317, 0.29864987460881964, 0.5581777563614223]"
"[0.8717381217482791, 0.6049125276363082, 0.3736733199280944, 0.9422905175322798]",stable,0.26794199080069514,994,"[0.7615595728119656, 0.6194168659825785, 0.4249152404717084, 0.7039263265625223]"
"[0.8717381217482791, 0.6049125276363082, 0.3736733199280944, 0.9422905175322798]",stable,0.3871199555843464,995,"[0.7504759513253052, 0.9627981066056641, 0.2906790723869786, 0.9559731078129561]"
"[0.9085870042655891, 0.7618185179461345, 0.5257968696635066, 0.8548574845341318]",stable,0.2021715271157957,996,"[1.0, 0.7156976869417246, 0.5350342112814959, 0.6807755180514179]"
"[0.9197931176537141, 0.8426369564605731, 0.3914070381079649, 0.6595984936191265]",stable,0.304822148905498,997,"[1.0, 0.8006146169335276, 0.6550316732505715, 0.7829661280061727]"
"[0.9197931176537141, 0.8426369564605731, 0.3914070381079649, 0.6595984936191265]",stable,0.3326778963359924,998,"[0.8091529461511648, 0.5689085217128067, 0.2500177149007173, 0.7188870966888736]"
"[0.9106184041707983, 0.7626806534791878, 0.5286687541876636, 0.8532598988335105]",stable,0.12593052927054924,999,"[1.0, 0.7777686776795799, 0.4785694620774873, 0.7816230299378538]"
"[0.9197931176537141, 0.8426369564605731, 0.3914070381079649, 0.6595984936191265]",stable,0.12816904920938055,1000,"[0.9649993636696018, 0.8632116124645073, 0.34049167774875233, 0.7662193644943869]"
"[0.9125614823409983, 0.7630086540052833, 0.5275796391417902, 0.8517025755966484]",stable,0.16720173087147083,1001,"[1.0, 0.7042028275309876, 0.4473693010027915, 0.7496285785929319]"
"[0.920630270357712, 0.8430179686087942, 0.3904641610642758, 0.6615729541908906]",stable,0.2580786647538444,1002,"[1.0, 0.6890988886424794, 0.4633287091992988, 0.8385043467277703]"
"[0.920630270357712, 0.8430179686087942, 0.3904641610642758, 0.6615729541908906]",stable,0.15121462494377297,1003,"[0.8197599234853644, 0.8407078981770795, 0.4592547588366527, 0.572390258832106]"
"[0.9162047539101233, 0.7602437458420103, 0.5245700293900925, 0.8493010708909693]",stable,0.3347089758991571,1004,"[0.8882072350809088, 0.8751661532755268, 0.21760818012847885, 0.9110546202176723]"
"[0.9162047539101233, 0.7602437458420103, 0.5245700293900925, 0.8493010708909693]",stable,0.4768053410226814,1005,"[0.4670811288710115, 0.6734252379602491, 0.5314640900093877, 0.7149644739531101]"
"[0.6879528025698022, 0.7830922302248733, 0.4345782056628131, 0.47831596228240386]",stable,0.3664057748655158,1006,"[0.943394358237657, 0.6018156772404804, 0.3570995064416842, 0.6519208758012432]"
"[0.9162047539101233, 0.7602437458420103, 0.5245700293900925, 0.8493010708909693]",stable,0.38383434458462135,1007,"[0.7923991609542688, 0.6000599768117642, 0.33840519355428383, 0.5815609108980271]"
"[0.9162047539101233, 0.7602437458420103, 0.5245700293900925, 0.8493010708909693]",stable,0.4394114027907286,1008,"[0.7379403662138081, 0.5690132211170572, 0.6590514619967514, 0.5227282311151338]"
"[0.536899937514674, 0.36200010773641605, 0.8275881849779954, 0.5717697106085144]",stable,0.4421529400228737,1009,"[0.5631526138706173, 0.7132449933559568, 0.5609573418975173, 0.5531943721370282]"
"[0.8717381217482791, 0.6049125276363082, 0.3736733199280944, 0.9422905175322798]",stable,0.5352821873216503,1010,"[0.5808573869895977, 0.29090708047127556, 0.525860570561666, 0.6591738664758958]"
"[0.7042705855819157, 0.7303203789954982, 0.7114985917831139, 0.46311393891198466]",stable,0.625186887302986,1011,"[0.24454891125650444, 0.3272689235850266, 0.6279367511380911, 0.5635209570459455]"
"[0.3267095662877806, 0.2598189050203826, 0.7092131600561644, 0.4259614746835772]",stable,0.3708118455549186,1012,"[0.5390208409890049, 0.518987698300054, 0.7374071552931201, 0.2695582053407546]"
"[0.10797391999079002, 0.6057016859226617, 0.47284477098342514, 0.4170679030061781]",stable,0.5092684915296068,1013,"[0.40103906294072234, 0.2885852678408743, 0.7424457412525249, 0.40224519524025515]"
"[0.38875172910749956, 0.33432532265854836, 0.9130047890920331, 0.3490811914771242]",stable,0.2893232745577541,1014,"[0.4312794483732672, 0.6051562804535712, 0.9164404698892895, 0.4414832406544208]"
"[0.7405542818629414, 0.39011455605259276, 0.9646148229663776, 0.4221736347870456]",stable,0.6692918186502875,1015,"[0.14707874280540378, 0.6066717912288799, 0.9056124186448548, 0.2091947550133544]"
"[0.536899937514674, 0.36200010773641605, 0.8275881849779954, 0.5717697106085144]",stable,0.2998541564536775,1016,"[0.29330987187048524, 0.3802043305320163, 1.0, 0.5945549552908198]"
"[0.38875172910749956, 0.33432532265854836, 0.9130047890920331, 0.3490811914771242]",stable,0.3951046925264587,1017,"[0.08890549284932914, 0.30563837240870384, 0.7042338277150456, 0.20146108028177154]"
"[0.38875172910749956, 0.33432532265854836, 0.9130047890920331, 0.3490811914771242]",stable,0.2639842522212826,1018,"[0.44439230634534016, 0.4223083057695507, 0.6709559530952915, 0.33285876067957654]"
"[0.10797391999079002, 0.6057016859226617, 0.47284477098342514, 0.4170679030061781]",stable,0.6055251545060238,1019,"[0.7023866612292151, 0.5556949715955444, 0.3854559018864939, 0.4736074455682703]"
"[0.9270962270067692, 0.554475650739329, 0.3733280102151118, 0.6739629969175641]",stable,0.6190442787221402,1020,"[0.353512537244076, 0.5942729166248206, 0.599971919293805, 0.6383780849126448]"
"[0.536899937514674, 0.36200010773641605, 0.8275881849779954, 0.5717697106085144]",stable,0.42056493136495815,1021,"[0.6726979210703042, 0.5044154523725439, 0.45624345538334876, 0.555809429574382]"
"[0.9270962270067692, 0.554475650739329, 0.3733280102151118, 0.6739629969175641]",stable,0.681296190258008,1022,"[0.32972224290602314, 0.5643549754181686, 0.5061521489161291, 0.3746822439415324]"
"[0.10797391999079002, 0.6057016859226617, 0.47284477098342514, 0.4170679030061781]",stable,0.5786062324805656,1023,"[0.6225453741142244, 0.3812387673876382, 0.6021871760551504, 0.4708111008980942]"
"[0.5453884706675941, 0.5045569143432804, 0.6240116018336199, 0.566647081734003]",stable,0.48167696635122115,1024,"[0.07804155711543856, 0.5443990680596672, 0.5565853569579005, 0.48024183538987847]"
"[0.09527831316754572, 0.7198929573734786, 0.31081518184906975, 0.2832068748235183]",stable,0.38520052148682715,1025,"[0.4148900549535965, 0.621591531619674, 0.4949349038568631, 0.3348259984963639]"
"[0.2887726397024916, 0.7153352563635541, 0.24608466116588787, 0.4526895089313975]",stable,0.548123442861243,1026,"[0.014384014901029751, 0.334515311205511, 0.5259475253952658, 0.49515287889632986]"
"[0.10700835989803674, 0.6037241821206296, 0.4755460802084082, 0.41910577179274905]",stable,0.4660949791862395,1027,"[0.38472421706223003, 0.44874238024092733, 0.6687227619901841, 0.1384247375134775]"
"[0.10700835989803674, 0.6037241821206296, 0.4755460802084082, 0.41910577179274905]",anomaly,0.9470758294863123,1028,"[0.7817615957550321, 0.03556714382036502, 0.3364830557900096, 0.7345732860746162]"
"[0.10700835989803674, 0.6037241821206296, 0.4755460802084082, 0.41910577179274905]",stable,0.4982245699825906,1029,"[0.5882010913266341, 0.553608434975093, 0.45715077640948565, 0.5367123279059738]"
"[0.8717381217482791, 0.6049125276363082, 0.3736733199280944, 0.9422905175322798]",stable,0.7059647367571817,1030,"[0.7319050690993232, 0.5136202207707286, 0.6151497455208474, 0.3002719994803317]"
"[0.9270962270067692, 0.554475650739329, 0.3733280102151118, 0.6739629969175641]",stable,0.2161111254728869,1031,"[0.9248755286163568, 0.5410168168250897, 0.45938986649169183, 0.4761972169258909]"
"[0.9270962270067692, 0.554475650739329, 0.3733280102151118, 0.6739629969175641]",anomaly,0.5394620308007319,1032,"[0.7804948463014652, 0.49627806797499124, 0.3687369702036008, 0.15809549303410664]"
"[0.9270962270067692, 0.554475650739329, 0.3733280102151118, 0.6739629969175641]",stable,0.4082112246906578,1033,"[0.6521086893266781, 0.48902267696017476, 0.48567832436450503, 0.40172858833171843]"
"[0.7645854248688992, 0.49036775588917675, 0.49224435291799995, 0.4663892950807822]",stable,0.1477907137373525,1034,"[0.66461418839861, 0.3817518583532777, 0.4892522238921785, 0.47282986275463557]"
"[0.7608827864811106, 0.48634494486932867, 0.492133533324451, 0.4666278346242582]",stable,0.43880467639255544,1035,"[0.38428663052780243, 0.3837281971422306, 0.6037394681658529, 0.30007814912693664]"
"[0.10700835989803674, 0.6037241821206296, 0.4755460802084082, 0.41910577179274905]",stable,0.525496756133932,1036,"[0.5480706403952378, 0.3698859369285687, 0.637363103714299, 0.3917958574925333]"
"[0.5454555249107852, 0.5011901399079126, 0.6243453893806369, 0.5622758011279663]",stable,0.4947980913868443,1037,"[0.2710652858673198, 0.25162208469398695, 0.5534289492684439, 0.24255437191765117]"
"[0.35209850182326313, 0.4700243329319028, 0.601273585552169, 0.31140668673390526]",stable,0.25810931691148087,1038,"[0.48683271353349955, 0.2575820803873535, 0.621210725405035, 0.25720418255173993]"
"[0.38875172910749956, 0.33432532265854836, 0.9130047890920331, 0.3490811914771242]",stable,0.15916966643426708,1039,"[0.32129121345376555, 0.404050864191603, 0.839331864714439, 0.24663749663891693]"
"[0.3869764523797697, 0.33616020533047086, 0.9110660279242017, 0.34638530477085555]",stable,0.20393695913330986,1040,"[0.25091677331621376, 0.4346093562563661, 1.0, 0.2723815188781401]"
"[0.3834877426601913, 0.338684542533699, 0.9133463861825555, 0.3444877717992475]",stable,0.2577847234351152,1041,"[0.2084665628513006, 0.3495326420902236, 1.0, 0.5123985225069128]"
"[0.3834877426601913, 0.338684542533699, 0.9133463861825555, 0.3444877717992475]",stable,0.46453169411069706,1042,"[0.4297410469394612, 0.11112339219419029, 1.0, 0.7373712160230277]"
"[0.3834877426601913, 0.338684542533699, 0.9133463861825555, 0.3444877717992475]",stable,0.3484898861936081,1043,"[0.4928421939433111, 0.4495986508745115, 0.8149670599192987, 0.6403025339372312]"
"[0.3511426967867161, 0.5978825819100335, 0.8812222331524443, 0.4655021610890764]",stable,0.4882539350046306,1044,"[0.6584314800148481, 0.6043120516823441, 0.5019172912361957, 0.4727085267499608]"
"[0.7572238112501727, 0.49055805582693635, 0.4924829532498704, 0.46684500220017616]",stable,0.3656606575857831,1045,"[0.392076129728518, 0.4889982684666954, 0.47897792175941306, 0.453058473512354]"
"[0.35209850182326313, 0.4700243329319028, 0.601273585552169, 0.31140668673390526]",stable,0.6195735053219308,1046,"[0.4080099167680057, 0.36012453093350033, 0.9116228912839702, 0.8332788781067378]"
"[0.5124403477993063, 0.5531167836866727, 0.8612559567709809, 0.867190899092501]",stable,0.4123618565302884,1047,"[0.45501384666486566, 0.4787781468475489, 0.5997665776243182, 0.5624917534505154]"
"[0.5432496303194213, 0.5006435059308306, 0.6237459061670682, 0.5622810682577846]",stable,0.5501708611008997,1048,"[0.28569435598940635, 0.20175301584523428, 1.0, 0.48845296466811083]"
"[0.3834877426601913, 0.338684542533699, 0.9133463861825555, 0.3444877717992475]",stable,0.32328998495679206,1049,"[0.5219295897022724, 0.5031960826890525, 0.758911079888933, 0.5300570545123312]"
"[0.5427420103047272, 0.5007042815679311, 0.6269641245890173, 0.5615138298352738]",stable,0.3101562907019296,1050,"[0.45008419371925984, 0.23272275233167347, 0.6073317825409552, 0.43736905619780464]"
"[0.3834877426601913, 0.338684542533699, 0.9133463861825555, 0.3444877717992475]",stable,0.5007929999943381,1051,"[0.17275781714421687, 0.4544192899544848, 0.47480699949233424, 0.37047241911593337]"
"[0.2887726397024916, 0.7153352563635541, 0.24608466116588787, 0.4526895089313975]",stable,0.7809961808274967,1052,"[0.1886048163038536, 0.6811246799090789, 1.0, 0.6269385833966975]"
"[0.7405542818629414, 0.39011455605259276, 0.9646148229663776, 0.4221736347870456]",stable,0.539428447069218,1053,"[0.29938490451193633, 0.35738840456612453, 0.6724613206026473, 0.5218127840243068]"
"[0.3834877426601913, 0.338684542533699, 0.9133463861825555, 0.3444877717992475]",stable,0.4807425392309067,1054,"[0.4504236772613669, 0.3563475785107445, 0.43880227273452443, 0.3780864508974332]"
"[0.35209850182326313, 0.4700243329319028, 0.601273585552169, 0.31140668673390526]",stable,0.19801204693668523,1055,"[0.24405363970071725, 0.5020469077863251, 0.44966651078366393, 0.2520355819706796]"
"[0.2887726397024916, 0.7153352563635541, 0.24608466116588787, 0.4526895089313975]",stable,0.3801532949333623,1056,"[0.021246265438470496, 0.6479824692142785, 0.49689793293320383, 0.3785108631467936]"
"[0.09527831316754572, 0.7198929573734786, 0.31081518184906975, 0.2832068748235183]",stable,0.37460103685440854,1057,"[0.1287611972859979, 0.6750699669167558, 0.5822576772363245, 0.5352281130316602]"
"[0.09527831316754572, 0.7198929573734786, 0.31081518184906975, 0.2832068748235183]",stable,0.19314585998921238,1058,"[0.2560429256629714, 0.7812987395750263, 0.30861476663893544, 0.19554530579074794]"
"[0.10506868544132143, 0.6072273358142591, 0.4794267908069752, 0.4213944818713235]",stable,0.2216564555545989,1059,"[0.0865442464155444, 0.7897115564946489, 0.5934637758543855, 0.3715597079501379]"
"[0.10170889766736275, 0.7223491886615405, 0.3107271652406644, 0.27970041206220747]",stable,0.5298308689986096,1060,"[0.47817809466743677, 0.39640441611983357, 0.4328034200418291, 0.41330088631434964]"
"[0.35209850182326313, 0.4700243329319028, 0.601273585552169, 0.31140668673390526]",stable,0.47578903975571685,1061,"[0.5134049040446358, 0.5640225842065668, 0.517844703651305, 0.7410104639241677]"
"[0.8717381217482791, 0.6049125276363082, 0.3736733199280944, 0.9422905175322798]",stable,0.5418581046827318,1062,"[0.6897996651805512, 0.4321556610152442, 0.6034105830316856, 0.5205270072459364]"
"[0.7548988406960478, 0.48854418014377454, 0.49630804393200195, 0.46869610582244375]",stable,0.3279017626784484,1063,"[0.5014513559678515, 0.4015008311766123, 0.63518723821047, 0.34055570138368557]"
"[0.5427420103047272, 0.5007042815679311, 0.6269641245890173, 0.5615138298352738]",stable,0.4996926587888747,1064,"[0.05922955191282986, 0.5687677917018596, 0.5835105742453986, 0.46462418447467974]"
"[0.10170889766736275, 0.7223491886615405, 0.3107271652406644, 0.27970041206220747]",stable,0.6918580607579852,1065,"[0.2625315506505134, 0.35952885218704556, 0.8614965223728379, 0.4131851273220736]"
"[0.3804638378599493, 0.3392056502750327, 0.9120501395873125, 0.34620520568731816]",stable,0.3555677483277212,1066,"[0.49197813748331176, 0.5093976431255827, 0.9818308682468977, 0.6293276528857915]"
"[0.3453377724837567, 0.600855513981428, 0.8854642962541427, 0.47126774760006285]",stable,0.2689175345709292,1067,"[0.4553020333901657, 0.40529481146832175, 0.9871728212161526, 0.5791375269900602]"
"[0.3453377724837567, 0.600855513981428, 0.8854642962541427, 0.47126774760006285]",stable,0.4260810841767146,1068,"[0.7401153807132652, 0.6741285377430757, 0.9738040902895866, 0.583173400327678]"
"[0.67887876073865, 0.6875313537320699, 0.9178797991955321, 0.6368864634973914]",stable,0.5913256251721327,1069,"[0.2882521725932459, 0.5265933479833891, 0.9282567192637381, 0.22328261746277084]"
"[0.5320262961510387, 0.36995127294382085, 0.8361940762479486, 0.5755828129510155]",stable,0.16405208684919226,1070,"[0.5451664727184127, 0.3839797929192863, 0.748706633441047, 0.713022148433112]"
"[0.3453377724837567, 0.600855513981428, 0.8854642962541427, 0.47126774760006285]",stable,0.5231786564916964,1071,"[0.6509842540368351, 0.648882848427853, 0.6228076968985601, 0.8014207740644772]"
"[0.6879528025698022, 0.7830922302248733, 0.4345782056628131, 0.47831596228240386]",stable,0.2906681228591835,1072,"[0.7573540713490935, 0.6375471408092711, 0.5242730174216306, 0.7029109070805016]"
"[0.7548988406960478, 0.48854418014377454, 0.49630804393200195, 0.46869610582244375]",stable,0.302222415255449,1073,"[0.6632534247506903, 0.4692795894710607, 0.669697794463308, 0.6978344395336403]"
"[0.7042705855819157, 0.7303203789954982, 0.7114985917831139, 0.46311393891198466]",stable,0.40337412452809335,1074,"[0.9013817728460229, 0.7359734180659261, 0.5623071988530007, 0.7818110296093749]"
"[0.9187962640509421, 0.8429759673282176, 0.3917148992055917, 0.6599514506389127]",stable,0.6130329172893334,1075,"[0.5613300094292292, 0.4572707208233721, 0.2568989542298944, 0.3752000533009163]"
"[0.2887726397024916, 0.7153352563635541, 0.24608466116588787, 0.4526895089313975]",stable,0.5005501374373633,1076,"[0.7575427666077669, 0.6289325781699854, 0.39861711743014544, 0.44412007506757634]"
"[0.7549869715597718, 0.4932237934113149, 0.4930516797152734, 0.46787690479728156]",stable,0.35473881687073083,1077,"[0.8830849739685454, 0.6454665598759, 0.4730994779312741, 0.7608864262755232]"
"[0.9187962640509421, 0.8429759673282176, 0.3917148992055917, 0.6599514506389127]",stable,0.300333328455664,1078,"[0.8278571968553741, 0.6605155163427421, 0.21477699375457254, 0.52830284381134]"
"[0.9187962640509421, 0.8429759673282176, 0.3917148992055917, 0.6599514506389127]",stable,0.36986801922566126,1079,"[1.0, 0.6138209290735521, 0.6225370557214341, 0.8162121476094196]"
"[0.9270962270067692, 0.554475650739329, 0.3733280102151118, 0.6739629969175641]",stable,0.3910603273057244,1080,"[0.8101729199948379, 0.9214921873239375, 0.36012143225035725, 0.7401564108025842]"
"[0.9152458986900097, 0.7574627955671663, 0.5242953617501743, 0.8461829771730285]",stable,0.3608838239121655,1081,"[1.0, 0.6592452654666692, 0.18979563157281681, 0.8072327016305404]"
"[0.9152458986900097, 0.7574627955671663, 0.5242953617501743, 0.8461829771730285]",stable,0.1648329133472124,1082,"[0.9778708560566637, 0.6221780123076694, 0.457615114529322, 0.8685386495259543]"
"[0.9168565614785117, 0.8443780426852839, 0.39115073015281965, 0.6613836820704069]",stable,0.45027499513495955,1083,"[0.503616312236661, 0.6788235339649217, 0.4141332612835848, 0.5977945669994773]"
"[0.722763795223343, 0.3854487786608874, 0.5332430329977745, 0.7254554352207673]",stable,0.2694376673315469,1084,"[0.9627596711610887, 0.4809114647911616, 0.542837191093127, 0.6493406285326226]"
"[0.9168565614785117, 0.8443780426852839, 0.39115073015281965, 0.6613836820704069]",stable,0.6171510213038701,1085,"[0.6551127015267704, 0.30882147289193895, 0.3412771100311105, 0.8132300433739122]"
"[0.7042705855819157, 0.7303203789954982, 0.7114985917831139, 0.46311393891198466]",stable,0.46782124368921657,1086,"[0.8557561146485447, 0.8775377158206628, 0.48824264854517074, 0.8158074178386174]"
"[0.9168565614785117, 0.8443780426852839, 0.39115073015281965, 0.6613836820704069]",anomaly,0.40579870317776967,1087,"[0.616922832114875, 0.8868874914835434, 0.28711837245202076, 0.9105474049613236]"
"[0.9168565614785117, 0.8443780426852839, 0.39115073015281965, 0.6613836820704069]",stable,0.28422188325196507,1088,"[0.7866299579970626, 0.6029504074744071, 0.31881492255148514, 0.678800299426415]"
"[0.9140794323362555, 0.7598172057682153, 0.5235884458049782, 0.8455873779703931]",stable,0.17421079193502367,1089,"[0.8085503902460904, 0.6561205501378408, 0.44901817519609055, 0.8994325231048714]"
"[0.9168565614785117, 0.8443780426852839, 0.39115073015281965, 0.6613836820704069]",stable,0.08723817085534964,1090,"[0.9141591083559215, 0.8265195102429542, 0.3417453066470195, 0.7309782159653716]"
"[0.9140794323362555, 0.7598172057682153, 0.5235884458049782, 0.8455873779703931]",stable,0.41166482009491717,1091,"[0.747267894750803, 0.6143800253385814, 0.18458925093218065, 0.7709589151935758]"
"[0.9140794323362555, 0.7598172057682153, 0.5235884458049782, 0.8455873779703931]",stable,0.25479394757398016,1092,"[1.0, 0.9741341484632962, 0.46037664505020826, 0.7583513298489613]"
"[0.9140794323362555, 0.7598172057682153, 0.5235884458049782, 0.8455873779703931]",stable,0.37570398955454154,1093,"[0.6994602893272927, 0.7057859433649396, 0.2551904619616509, 0.7036886247227243]"
"[0.9140794323362555, 0.7598172057682153, 0.5235884458049782, 0.8455873779703931]",stable,0.20973406092249053,1094,"[1.0, 0.7598779887277155, 0.41061601188080155, 1.0]"
"[0.9182435612267686, 0.8463073111910715, 0.39149246276301947, 0.6642554438233986]",stable,0.45321305927653116,1095,"[0.9708091262051769, 0.6420026387192797, 0.6109785267426355, 1.0]"
"[0.9228396734004144, 0.5559445827616041, 0.3716760984677292, 0.6741095818420747]",stable,0.4056257315196911,1096,"[1.0, 0.8343839165064918, 0.5131107189513494, 0.9211850837079762]"
"[0.9182435612267686, 0.8463073111910715, 0.39149246276301947, 0.6642554438233986]",stable,0.35642783884297663,1097,"[0.9630554381599952, 0.6147210396666575, 0.35570591229368087, 0.9290569197160419]"
"[0.9182435612267686, 0.8463073111910715, 0.39149246276301947, 0.6642554438233986]",stable,0.2788902912115697,1098,"[0.8223400720152603, 0.6032925665035057, 0.44337433738145343, 0.7469259962568171]"
"[0.9173217179084723, 0.7612252716870412, 0.5212591974884158, 0.8499271954754344]",stable,0.4344978106785423,1099,"[1.0, 0.4510524068924604, 0.23278703706379061, 0.7996354888041334]"
"[0.9173217179084723, 0.7612252716870412, 0.5212591974884158, 0.8499271954754344]",stable,0.4097082614546059,1100,"[0.9710042997248481, 0.4643368424452714, 0.3413716047078552, 0.6390320687900278]"
"[0.9173217179084723, 0.7612252716870412, 0.5212591974884158, 0.8499271954754344]",stable,0.3913524737741518,1101,"[0.7447436869212585, 0.8067326472025993, 0.38288988484682973, 0.5303077435603398]"
"[0.6902244379438603, 0.7840378469039823, 0.4325106728301737, 0.48039563353352127]",stable,0.1453395193425636,1102,"[0.5988111808538076, 0.8688433842605954, 0.40442385033314326, 0.5495790386722663]"
"[0.6867085434403968, 0.7872995983407751, 0.4314304104264418, 0.48305653373116536]",stable,0.2817694452102202,1103,"[0.7774469302581196, 0.6166103241115981, 0.23266855494741767, 0.4328622922143849]"
"[0.9182435612267686, 0.8463073111910715, 0.39149246276301947, 0.6642554438233986]",stable,0.46926959028731297,1104,"[0.5361260676784301, 0.6790508123691684, 0.4223611719795829, 0.45148195890128723]"
"[0.6811314147084722, 0.7832903840455304, 0.43109451270618776, 0.4818871050337624]",stable,0.4469491158386856,1105,"[0.44999441764780784, 0.7217001988595966, 0.05957698370807968, 0.41465188007940146]"
"[0.1547551877415321, 0.4544436288696118, 0.3766784919228504, 0.27825966121076345]",stable,0.6523713980277195,1106,"[0.7390494973893127, 0.4967175910204732, 0.32147153294296954, 0.5599575569823257]"
"[0.754472859489757, 0.49333649655999745, 0.4875168362710055, 0.47084724841615394]",stable,0.4156335318995275,1107,"[0.7668568932348037, 0.6913550807331242, 0.2738460192777947, 0.767041932424833]"
"[0.9173217179084723, 0.7612252716870412, 0.5212591974884158, 0.8499271954754344]",stable,0.25024803218256303,1108,"[0.6745916952177189, 0.7323673521146863, 0.47056454102538053, 0.8673480444743147]"
"[0.6811314147084722, 0.7832903840455304, 0.43109451270618776, 0.4818871050337624]",stable,0.30559874625037065,1109,"[0.6500888408860175, 0.7665804204177411, 0.21253108345453275, 0.6925473927711303]"
"[0.9173217179084723, 0.7612252716870412, 0.5212591974884158, 0.8499271954754344]",stable,0.8151393930485036,1110,"[0.285717166756798, 0.7401766411085607, 0.25873401056319734, 0.4070215594256946]"
"[0.1547551877415321, 0.4544436288696118, 0.3766784919228504, 0.27825966121076345]",anomaly,0.5234407965274579,1111,"[0.6470835894862323, 0.42792785412528034, 0.20089474636233345, 0.27828779005428567]"
"[0.1547551877415321, 0.4544436288696118, 0.3766784919228504, 0.27825966121076345]",stable,0.4600405033963719,1112,"[0.2161021164056327, 0.8566260310516597, 0.5493470751043522, 0.4059651617416307]"
"[0.1547551877415321, 0.4544436288696118, 0.3766784919228504, 0.27825966121076345]",stable,0.24127552792228013,1113,"[0.18047870742606442, 0.5538977654505719, 0.1944922615841896, 0.39854778656459305]"
"[0.29404484986914575, 0.7163754672715892, 0.24028938356387122, 0.44989932298614094]",stable,0.38814396739634915,1114,"[0.2729913450471416, 0.6102137776273209, 0.6130239498118345, 0.44656343679132854]"
"[0.532391301055688, 0.37034095405425044, 0.8337638695033125, 0.5794005722699627]",stable,0.569970383231811,1115,"[0.5211474830577347, 0.5955229172560345, 0.3170963201988081, 0.4952130360041091]"
"[0.7185356018673071, 0.38065957205032813, 0.521245162812358, 0.7309413482303387]",stable,0.7577739135481498,1116,"[0.2604212114124329, 0.8814653437689703, 0.27937353789626945, 0.4963263329692009]"
"[0.4355777826287648, 0.588255301615921, 0.3305119234816859, 0.30316425046740475]",stable,0.513433492020691,1117,"[0.3056541835730192, 0.9536555213969408, 0.6239977111113861, 0.46773211179008156]"
"[0.532391301055688, 0.37034095405425044, 0.8337638695033125, 0.5794005722699627]",stable,0.5727144605333064,1118,"[0.08224147489174109, 0.5401975029010744, 0.5347863457060712, 0.4949720203077199]"
"[0.10170889766736275, 0.7223491886615405, 0.3107271652406644, 0.27970041206220747]",stable,0.483016793001632,1119,"[0.3985823209096164, 0.5304800765250239, 0.389122051408801, 0.5994063371318515]"
"[0.3561350654487926, 0.46817234639797606, 0.6021901707591502, 0.31219449794065607]",stable,0.28014072313156735,1120,"[0.44262641921002505, 0.5559964973963166, 0.48695391450258524, 0.08857519146954923]"
"[0.29404484986914575, 0.7163754672715892, 0.24028938356387122, 0.44989932298614094]",stable,0.3095173489775008,1121,"[0.0897809140571804, 0.7902747993437049, 0.35486372178358344, 0.26151449454851045]"
"[0.10264671924399231, 0.609366081471337, 0.4870234664565566, 0.42325482818017257]",stable,0.4446078275205036,1122,"[0.4557480954962235, 0.4310032325219386, 0.4050657924804146, 0.237606849003569]"
"[0.29404484986914575, 0.7163754672715892, 0.24028938356387122, 0.44989932298614094]",stable,0.1478954830071894,1123,"[0.27854494528899454, 0.6885476822886706, 0.23455931795746465, 0.5942101250178211]"
"[0.1547551877415321, 0.4544436288696118, 0.3766784919228504, 0.27825966121076345]",stable,0.19106329859908855,1124,"[0.1622903609747841, 0.4973602396883926, 0.21231697804783245, 0.19112836655464727]"
"[0.10125012906697112, 0.724961712149316, 0.31242472510769975, 0.279000953696296]",stable,0.41750523335332057,1125,"[0.08573882241822896, 0.36247517548903474, 0.5153625627156335, 0.31759841540700645]"
"[0.29354485294720534, 0.7154777967882693, 0.2401045427378581, 0.45455451014845316]",stable,0.3183973518505668,1126,"[0.24014054265147855, 0.4422309243848701, 0.19784122408361768, 0.6031304568066588]"
"[0.3561350654487926, 0.46817234639797606, 0.6021901707591502, 0.31219449794065607]",stable,0.4386660306550971,1127,"[0.05701330077351505, 0.5711238228563089, 0.37562311024289624, 0.5147344123583332]"
"[0.3561350654487926, 0.46817234639797606, 0.6021901707591502, 0.31219449794065607]",stable,0.550996025626098,1128,"[0.10766070781945887, 0.8278344874583787, 0.2740949766704206, 0.2425252668542468]"
"[0.10264671924399231, 0.609366081471337, 0.4870234664565566, 0.42325482818017257]",stable,0.34142201924077387,1129,"[0.02721614565730829, 0.4925812474820826, 0.18269165448755553, 0.35526457472720996]"
"[0.29354485294720534, 0.7154777967882693, 0.2401045427378581, 0.45455451014845316]",stable,0.3354747144100971,1130,"[0.11047365901190609, 0.7487901443829309, 0.39583614275717494, 0.22289489300986726]"
"[0.10264671924399231, 0.609366081471337, 0.4870234664565566, 0.42325482818017257]",anomaly,0.5321512720280789,1131,"[0.35564146416289866, 0.42317994567529393, 0.4137519943543126, 0.0]"
"[0.10264671924399231, 0.609366081471337, 0.4870234664565566, 0.42325482818017257]",stable,0.2015255458650549,1132,"[0.1255077584364012, 0.6800816818086166, 0.32960234061400934, 0.3217274351738783]"
"[0.10264671924399231, 0.609366081471337, 0.4870234664565566, 0.42325482818017257]",stable,0.3198017977266593,1133,"[0.24362380059483688, 0.5296977539795904, 0.2521482655149303, 0.27873752838426946]"
"[0.3402992983623611, 0.4154823067974114, 0.34579602359441525, 0.4872931962243766]",stable,0.6386722491979113,1134,"[0.12873328381573207, 0.8512389311290117, 0.645470664341376, 0.1984102832151732]"
"[0.15539558282314506, 0.4539044569899151, 0.3771350675481686, 0.27954406835172313]",stable,0.336405109797741,1135,"[0.41784819184034727, 0.5906129571107971, 0.41358852633407084, 0.1237590971403219]"
"[0.29354485294720534, 0.7154777967882693, 0.2401045427378581, 0.45455451014845316]",stable,0.37733866101524727,1136,"[0.2162758382061192, 0.7296299041376859, 0.6020510906988998, 0.5267236083441309]"
"[0.532391301055688, 0.37034095405425044, 0.8337638695033125, 0.5794005722699627]",stable,0.7930831157064616,1137,"[0.1929072762140609, 0.7551220330160678, 0.31835166615473737, 0.2631329526685481]"
"[0.10264671924399231, 0.609366081471337, 0.4870234664565566, 0.42325482818017257]",stable,0.31932796296034294,1138,"[0.2432791729370815, 0.7382732083892578, 0.23111640685505733, 0.43260310997657775]"
"[0.1622380249888267, 0.6153517199962006, 0.19339106009845888, 0.10402630460225218]",stable,0.32998633707261543,1139,"[0.018795938361066022, 0.5199603677164291, 0.4299490993622281, 0.2565259256129068]"
"[0.3402992983623611, 0.4154823067974114, 0.34579602359441525, 0.4872931962243766]",stable,0.27944661159543566,1140,"[0.23527472764728044, 0.5984033614273064, 0.5290553750946603, 0.49131142208660594]"
"[0.10563509190743586, 0.7286944287516071, 0.31469759929988445, 0.2768101781270078]",stable,0.20978538242651135,1141,"[0.22428361374189565, 0.6383643874141832, 0.3121152236480888, 0.4243440722473341]"
"[0.1511268439337051, 0.45596870420011865, 0.37878550604235794, 0.2788247513911351]",stable,0.15110845100851156,1142,"[0.2035536040390448, 0.44558586915216297, 0.4319183504415774, 0.4097991625311138]"
"[0.3402992983623611, 0.4154823067974114, 0.34579602359441525, 0.4872931962243766]",anomaly,0.5912289796876657,1143,"[0.0, 0.8846652371232941, 0.45020297943598614, 0.5393955898288659]"
"[0.3402992983623611, 0.4154823067974114, 0.34579602359441525, 0.4872931962243766]",stable,0.3288254476158251,1144,"[0.2944813374350446, 0.6277453614243338, 0.40701987372062026, 0.24808005847399556]"
"[0.2899228250921922, 0.7138317968557512, 0.24201431682959842, 0.45297384838866545]",stable,0.22814834188756652,1145,"[0.23727339917266252, 0.6092127334238621, 0.4237532638336322, 0.5258127841640409]"
"[0.10563509190743586, 0.7286944287516071, 0.31469759929988445, 0.2768101781270078]",stable,0.46854772209001117,1146,"[0.39220094962312924, 0.434215732540638, 0.30567939091230745, 0.5017945030538198]"
"[0.3561350654487926, 0.46817234639797606, 0.6021901707591502, 0.31219449794065607]",stable,0.7411689579954012,1147,"[0.07522753542787163, 0.7519968399519679, 0.0, 0.14717013921316427]"
"[0.10563509190743586, 0.7286944287516071, 0.31469759929988445, 0.2768101781270078]",stable,0.35527354571155567,1148,"[0.41536813412131324, 0.6093995480168064, 0.3750653010450189, 0.38820679773405636]"
"[0.2899228250921922, 0.7138317968557512, 0.24201431682959842, 0.45297384838866545]",stable,0.43679282024228383,1149,"[0.5358553779575539, 0.5269720318523442, 0.5440187931580754, 0.38830645508440387]"
"[0.5425818560640953, 0.5013151594815222, 0.6250351633929488, 0.5574857513526954]",stable,0.33361528020501474,1150,"[0.5629622722284884, 0.6374146053483062, 0.3469249457645979, 0.6800232619716984]"
"[0.7185356018673071, 0.38065957205032813, 0.521245162812358, 0.7309413482303387]",stable,0.523202839081516,1151,"[0.7221507192224127, 0.7563733879150559, 0.5120104589074452, 0.366960592473085]"
"[0.6825963898696843, 0.7823290627551563, 0.43398436792766126, 0.47778258672802393]",stable,0.5088553541542565,1152,"[0.8020996913993768, 0.29877746959926704, 0.36017288549895604, 0.40441737567376795]"
"[0.7559611979869326, 0.4872565269674746, 0.48353733780937896, 0.46877131489295437]",stable,0.26302296859059654,1153,"[0.657232229670583, 0.72989787915919, 0.4664859979339143, 0.4523975909296496]"
"[0.6817217636559222, 0.7805210909070195, 0.4351051137899458, 0.47690724204532137]",stable,0.5099585622098619,1154,"[0.6438878672066763, 0.37207296581839233, 0.7247174309441415, 0.5659081763931134]"
"[0.3453377724837567, 0.600855513981428, 0.8854642962541427, 0.47126774760006285]",stable,0.44987559821715084,1155,"[0.6417185934807678, 0.4007447180433078, 0.6134947272313608, 0.49439101923171813]"
"[0.544834963732656, 0.49902946763065364, 0.6247728807529128, 0.5560517801681277]",stable,0.4535271660737493,1156,"[0.40157360219335886, 0.21488360621615948, 0.6948906080190265, 0.24060335899464497]"
"[0.3804638378599493, 0.3392056502750327, 0.9120501395873125, 0.34620520568731816]",stable,0.30396985262666376,1157,"[0.5921480973611957, 0.5194815055204777, 0.8140197577927013, 0.42021943300890013]"
"[0.3453377724837567, 0.600855513981428, 0.8854642962541427, 0.47126774760006285]",stable,0.3084531169623205,1158,"[0.5547304850853164, 0.5025322758931055, 0.6931040611284242, 0.403237621425427]"
"[0.5450548642071597, 0.4991073078142637, 0.6262913514279241, 0.5526559099738455]",stable,0.28381893604875,1159,"[0.5367174663286279, 0.46916451734834314, 0.8472004122449736, 0.3771956797092563]"
"[0.3842749019689415, 0.3423753787402354, 0.9104684389204262, 0.34696107090736544]",stable,0.3015019665442535,1160,"[0.31544423847961556, 0.48769306019182795, 0.882075371016664, 0.600421878027948]"
"[0.7405542818629414, 0.39011455605259276, 0.9646148229663776, 0.4221736347870456]",stable,0.3529011776895419,1161,"[0.3917191864774035, 0.35129514239649917, 0.9449888962226388, 0.4531767566439621]"
"[0.3844521468381906, 0.3425877540653845, 0.9112903545704789, 0.34949001580585587]",stable,0.39321417724335467,1162,"[0.36776597269253014, 0.5045744166318175, 0.5657867745583306, 0.4429060643570907]"
"[0.1096797373579912, 0.6090735533636658, 0.48646456398327187, 0.4277446847562331]",stable,0.44245646230840124,1163,"[0.20480365565499248, 0.2009404418122645, 0.4129922933909386, 0.54918746929146]"
"[0.3564411419552067, 0.46913029561465613, 0.6012321866486022, 0.3156342760042465]",stable,0.48450496673499155,1164,"[0.28797361850562986, 0.8313163910814358, 0.3507732942390348, 0.125505802368501]"
"[0.1096797373579912, 0.6090735533636658, 0.48646456398327187, 0.4277446847562331]",anomaly,0.5161994943127637,1165,"[0.41829089974537115, 0.5375872025061453, 0.5106077209062944, 0.020893510500180512]"
"[0.1096797373579912, 0.6090735533636658, 0.48646456398327187, 0.4277446847562331]",stable,0.42749114469160493,1166,"[0.4992796841061721, 0.5696792449070566, 0.5798072484200436, 0.5716050059254704]"
"[0.5440597515962685, 0.5006414803597592, 0.625280827449492, 0.5530678468423591]",anomaly,0.5754339140530454,1167,"[0.11901698583604436, 0.7085327307686052, 0.9516682553307785, 0.5798131574928521]"
"[0.5440597515962685, 0.5006414803597592, 0.625280827449492, 0.5530678468423591]",stable,0.5035941188528016,1168,"[0.8930305431993966, 0.5242573909482825, 0.301851398886682, 0.7163532309329901]"
"[0.9173217179084723, 0.7612252716870412, 0.5212591974884158, 0.8499271954754344]",stable,0.35777374975309173,1169,"[0.8910095934108143, 0.5944062952358896, 0.4538158071557514, 0.5418159390873666]"
"[0.9173217179084723, 0.7612252716870412, 0.5212591974884158, 0.8499271954754344]",stable,0.3962210591736086,1170,"[0.8893784747941882, 0.5635242811734766, 0.708096279569445, 0.5631929526541165]"
"[0.9182435612267686, 0.8463073111910715, 0.39149246276301947, 0.6642554438233986]",stable,0.46884807278376833,1171,"[0.8604786564230272, 0.42849677657251084, 0.49050053751529055, 0.4850530738009302]"
"[0.7591283936971173, 0.4854759284706575, 0.48374834386107324, 0.4692647015265294]",stable,0.3887322073681666,1172,"[0.6707489865611569, 0.8528426384022504, 0.4103194370983842, 0.5235943023468621]"
"[0.68135600441943, 0.7829318091568606, 0.43427892456689376, 0.47846347738870604]",stable,0.34711195478212703,1173,"[0.9616688049019564, 0.603755716636903, 0.5103701679743541, 0.5418471786398873]"
"[0.9182435612267686, 0.8463073111910715, 0.39149246276301947, 0.6642554438233986]",stable,0.2056405890128328,1174,"[0.8568662254019755, 0.6766447257331083, 0.37901179398549206, 0.5663794278686185]"
"[0.9173217179084723, 0.7612252716870412, 0.5212591974884158, 0.8499271954754344]",stable,0.6656691893791007,1175,"[0.5863771302209411, 0.39870995374727247, 0.5479484551918978, 0.40108259279960357]"
"[0.5449601213542403, 0.4984727244743871, 0.62363545782699, 0.5498341180329388]",stable,0.2742095942176112,1176,"[0.4160266177059573, 0.683748255308049, 0.7627387691721268, 0.619764795457714]"
"[0.5368979684887537, 0.37431128466557595, 0.8303746444962129, 0.5748565318715965]",stable,0.17065206541079575,1177,"[0.6463978998102713, 0.33928014191435246, 0.9126830564880587, 0.47930530570218816]"
"[0.5449601213542403, 0.4984727244743871, 0.62363545782699, 0.5498341180329388]",anomaly,0.692362475060336,1178,"[0.3854554668488971, 0.0021009967644460836, 1.0, 0.8065224531554259]"
"[0.5449601213542403, 0.4984727244743871, 0.62363545782699, 0.5498341180329388]",stable,0.3237958912120259,1179,"[0.7942329244362148, 0.3914347141873448, 0.7999902065091244, 0.5376392100588084]"
"[0.5449601213542403, 0.4984727244743871, 0.62363545782699, 0.5498341180329388]",stable,0.3758523779855576,1180,"[0.5945104455980765, 0.44010024054598085, 0.9307311864416192, 0.7525522523756935]"
"[0.5179116876525576, 0.5455823474772933, 0.8658876387490235, 0.8595483226447139]",stable,0.47837107001635143,1181,"[0.6778076713766958, 0.7339400343695595, 0.7375517236502376, 0.4705451996471841]"
"[0.5368979684887537, 0.37431128466557595, 0.8303746444962129, 0.5748565318715965]",stable,0.3119091486130046,1182,"[0.5336870016395784, 0.45113097419053794, 0.5290815513265203, 0.5993149453506085]"
"[0.5447252646935182, 0.49748643801014025, 0.621665584774897, 0.5508649686020569]",stable,0.3703277509145009,1183,"[0.2260873627215627, 0.4927252348629921, 0.44977957347952, 0.4731149808859151]"
"[0.3564411419552067, 0.46913029561465613, 0.6012321866486022, 0.3156342760042465]",stable,0.3689449018671676,1184,"[0.06278851067600666, 0.42216125841646984, 0.6385353971073694, 0.530787367524495]"
"[0.3379697508838882, 0.2612652268603901, 0.7034430038767023, 0.41844556367221236]",stable,0.16193114348862886,1185,"[0.35641285028861747, 0.40987719869122724, 0.7589908133964423, 0.3917909205121296]"
"[0.3844521468381906, 0.3425877540653845, 0.9112903545704789, 0.34949001580585587]",stable,0.4069194765440841,1186,"[0.15998901046367994, 0.0612958855948085, 0.9897539556790994, 0.5224585355810702]"
"[0.33846821302996194, 0.2652817666396019, 0.7049442960258845, 0.417725167911129]",stable,0.4131970316228698,1187,"[0.0, 0.4129674292502446, 0.8858670578020408, 0.3773896371621879]"
"[0.3844521468381906, 0.3425877540653845, 0.9112903545704789, 0.34949001580585587]",stable,0.3671760316069164,1188,"[0.0649817409538915, 0.3153789733183002, 0.8385142788799378, 0.512953231876219]"
"[0.3844521468381906, 0.3425877540653845, 0.9112903545704789, 0.34949001580585587]",stable,0.22819868076157127,1189,"[0.2755147496674104, 0.19433349719102855, 0.8235852811292135, 0.24684608364095917]"
"[0.33846821302996194, 0.2652817666396019, 0.7049442960258845, 0.417725167911129]",stable,0.2961463959249107,1190,"[0.1691808424493165, 0.33093483641414045, 0.9377542273872816, 0.3946235603937653]"
"[0.3844521468381906, 0.3425877540653845, 0.9112903545704789, 0.34949001580585587]",stable,0.4592668575071894,1191,"[0.6592332371994687, 0.13743223242677569, 0.6889345393263142, 0.13998941401032566]"
"[0.7227056461138447, 0.2454663692955892, 0.6935856089213421, 0.254881505706184]",stable,0.45118492007390687,1192,"[0.38901685876385167, 0.4961534583236129, 0.8550365013874237, 0.19735570266484986]"
"[0.38455830292948506, 0.34615904951325027, 0.909982125426687, 0.34595200852350694]",stable,0.5974216163709201,1193,"[0.7285601085187643, 0.673077986464778, 0.5886171369323325, 0.5145458942105774]"
"[0.5368979684887537, 0.37431128466557595, 0.8303746444962129, 0.5748565318715965]",stable,0.6485488870167696,1194,"[0.733640135737829, 0.6490563157732854, 0.28638492707673313, 0.47239417927160077]"
"[0.6830425893006687, 0.7786132448541646, 0.42950815045430796, 0.47826769357847687]",stable,0.15641222737870872,1195,"[0.7281730746583459, 0.6443347205939074, 0.4614114367057381, 0.5364010094463696]"
"[0.6844529169680962, 0.7744170409710316, 0.43050512814966513, 0.4800843596993485]",stable,0.5609380131321074,1196,"[0.32397792139457554, 0.3966885815011915, 0.6338059220073149, 0.5065273222084443]"
"[0.38455830292948506, 0.34615904951325027, 0.909982125426687, 0.34595200852350694]",stable,0.5532651012567826,1197,"[0.3949268230703967, 0.7909757487308142, 0.584678947372457, 0.394021879584023]"
"[0.5368979684887537, 0.37431128466557595, 0.8303746444962129, 0.5748565318715965]",stable,0.23211065281446058,1198,"[0.5069423422452722, 0.43894064186014287, 0.6094650253202998, 0.5748123675645139]"
"[0.5439541846435539, 0.49629162584381376, 0.6214165937656194, 0.5513536910298622]",stable,0.3091546660668067,1199,"[0.3478999755230959, 0.6348175340118845, 0.4597435707352919, 0.4426717650831949]"
"[0.5439541846435539, 0.49629162584381376, 0.6214165937656194, 0.5513536910298622]",stable,0.428626667463209,1200,"[0.3434362043385701, 0.5888958019421077, 0.31450994106077723, 0.3494969776669126]"
"[0.2899228250921922, 0.7138317968557512, 0.24201431682959842, 0.45297384838866545]",stable,0.3063860208579715,1201,"[0.198606365161501, 0.7679501729816716, 0.4735190137391274, 0.6232984637477742]"
"[0.5439541846435539, 0.49629162584381376, 0.6214165937656194, 0.5513536910298622]",stable,0.16991404085850245,1202,"[0.6450971582433447, 0.593239842144887, 0.5329607550477997, 0.5137041475396119]"
"[0.5459770441155498, 0.49823059016983523, 0.619647476991263, 0.5506007001600572]",stable,0.3982318470071529,1203,"[0.41996966106037403, 0.77248315714047, 0.39725106271036653, 0.4163021230591363]"
"[0.15271553363386692, 0.45565407283502907, 0.38039559223627367, 0.2827936729408314]",anomaly,0.5295629690132987,1204,"[0.565908658060623, 0.7417765008231635, 0.5425387475189977, 0.24339908608206973]"
"[0.15271553363386692, 0.45565407283502907, 0.38039559223627367, 0.2827936729408314]",stable,0.3596106656488916,1205,"[0.21706340268935723, 0.6561488786007692, 0.08934003805515303, 0.26643274883076773]"
"[0.11151697986221631, 0.7320048146332144, 0.3158613313946958, 0.27192939181221726]",stable,0.5434498908471646,1206,"[0.5979704097783165, 0.9279653600703495, 0.4526592509886063, 0.3117620192853756]"
"[0.6818322349320423, 0.7790700203376776, 0.4311764652053906, 0.47498368271710684]",anomaly,0.5269727759897137,1207,"[0.5669722510807476, 0.4988208655045758, 0.2357733248067499, 0.8594124988608327]"
"[0.6818322349320423, 0.7790700203376776, 0.4311764652053906, 0.47498368271710684]",anomaly,0.32300486992459043,1208,"[0.6545589136276793, 0.7052108919899687, 0.16693291444025554, 0.30673242126929273]"
"[0.6818322349320423, 0.7790700203376776, 0.4311764652053906, 0.47498368271710684]",anomaly,0.5682062788078711,1209,"[0.8074060913669614, 0.41574298937090093, 0.022023592931715463, 0.5626020457229239]"
"[0.6818322349320423, 0.7790700203376776, 0.4311764652053906, 0.47498368271710684]",stable,0.2361414514931242,1210,"[0.5939167845880639, 0.9781879229382513, 0.5183039940492705, 0.4467965706691811]"
"[0.6792464863925135, 0.7849264292376944, 0.4337390395831518, 0.47415465000981494]",stable,0.34489283758620565,1211,"[0.5995166495065203, 0.5782455979971908, 0.2200126259974152, 0.6297126027538353]"
"[0.7185356018673071, 0.38065957205032813, 0.521245162812358, 0.7309413482303387]",anomaly,0.5446799664254017,1212,"[0.665932773524837, 0.6055433663113301, 0.5583498697930818, 0.2390473270487438]"
"[0.7185356018673071, 0.38065957205032813, 0.521245162812358, 0.7309413482303387]",anomaly,0.6503183055128204,1213,"[0.6607039715380479, 0.5743711948431764, 0.11959881669789671, 0.2611271074219213]"
"[0.7185356018673071, 0.38065957205032813, 0.521245162812358, 0.7309413482303387]",stable,0.46491108716436935,1214,"[0.6069616623178793, 0.7524986050758271, 0.2978287941814345, 0.8554983019832689]"
"[0.9173217179084723, 0.7612252716870412, 0.5212591974884158, 0.8499271954754344]",stable,0.5951649559184187,1215,"[0.6156763279078467, 0.6004935210303458, 0.05040528258641258, 0.7246543788030425]"
"[0.9173217179084723, 0.7612252716870412, 0.5212591974884158, 0.8499271954754344]",stable,0.8001211614819231,1216,"[0.22646654215751819, 0.8049603594073365, 0.20478517749291614, 0.6032605460084136]"
"[0.4297692513589774, 0.5852581965853679, 0.3404912522496233, 0.29403899972178515]",stable,0.09249476296696395,1217,"[0.44313245813015845, 0.646704323423071, 0.39206622620721193, 0.33809693248110173]"
"[0.2937477320324329, 0.7155568368641252, 0.24658010347315043, 0.4518952682319146]",stable,0.2717024896267212,1218,"[0.2273211261145957, 0.6965888494354925, 0.23564761210864882, 0.18934918659848546]"
"[0.11151697986221631, 0.7320048146332144, 0.3158613313946958, 0.27192939181221726]",stable,0.29625402249524535,1219,"[0.38504997073062186, 0.6620099097695571, 0.23237941858735617, 0.30475670175917163]"
"[0.2937477320324329, 0.7155568368641252, 0.24658010347315043, 0.4518952682319146]",stable,0.4246776997170231,1220,"[0.025119439238155655, 0.49034336963772407, 0.4711489693698632, 0.36800422224307827]"
"[0.11151697986221631, 0.7320048146332144, 0.3158613313946958, 0.27192939181221726]",stable,0.34465117546412594,1221,"[0.0, 0.5897843591618362, 0.046506911072925705, 0.38841945254638777]"
"[0.2937477320324329, 0.7155568368641252, 0.24658010347315043, 0.4518952682319146]",stable,0.32155993473634215,1222,"[0.06688702769301602, 0.7037884464743251, 0.4191395048157869, 0.3035046672823649]"
"[0.10751152458568772, 0.6060291896783853, 0.4860718564290819, 0.4262128780251266]",stable,0.5715252460247581,1223,"[0.3660977158374123, 0.9652206675414059, 0.14745859228701771, 0.5530861538369484]"
"[0.429056613316769, 0.5883990565858656, 0.33920632361997155, 0.2952839005126193]",stable,0.33443616147695765,1224,"[0.6210387161739137, 0.5182889876217196, 0.2031996363552428, 0.5223899936389539]"
"[0.7185356018673071, 0.38065957205032813, 0.521245162812358, 0.7309413482303387]",anomaly,0.4856524208311732,1225,"[0.413833557161577, 0.3514018483066666, 0.25711192877968664, 1.0]"
"[0.7185356018673071, 0.38065957205032813, 0.521245162812358, 0.7309413482303387]",stable,0.3299268321891754,1226,"[0.539650556254122, 0.5224913503223936, 0.3398748205360852, 0.5765379782246155]"
"[0.6064656544059756, 0.6169787050095238, 0.4103442868089557, 0.6421535541898764]",stable,0.40039052615293713,1227,"[0.21696676423783973, 0.691556912938739, 0.43023658855507024, 0.6935887097172453]"
"[0.5459770441155498, 0.49823059016983523, 0.619647476991263, 0.5506007001600572]",stable,0.471995869090602,1228,"[0.44614785374723914, 0.7762120411108571, 0.25358033600347407, 0.5897848093211806]"
"[0.15271553363386692, 0.45565407283502907, 0.38039559223627367, 0.2827936729408314]",stable,0.41100160312653483,1229,"[0.25608067549429187, 0.5165388212859723, 0.0, 0.3819410684388266]"
"[0.1893527437076273, 0.6005216580327725, 0.013089614186479425, 0.451300771606362]",stable,0.29218739691990525,1230,"[0.19281218804640016, 0.42507282520417816, 0.21728289569893966, 0.33779166180475034]"
"[0.33448147697743763, 0.4119950858804602, 0.34965082321204816, 0.4891231187113784]",stable,0.5367616508624288,1231,"[0.0, 0.6385910046248059, 0.0, 0.4378025299472701]"
"[0.15779395308968944, 0.6068665491314447, 0.010908011822066188, 0.44905106466318]",anomaly,0.47325457649500213,1232,"[0.24487516688779534, 0.9236696202360519, 0.20479648681943322, 0.16899780226690486]"
"[0.15779395308968944, 0.6068665491314447, 0.010908011822066188, 0.44905106466318]",anomaly,0.5917699883129807,1233,"[0.6754194426287595, 0.5128588456491912, 0.22124133976245897, 0.2782353321005873]"
"[0.15779395308968944, 0.6068665491314447, 0.010908011822066188, 0.44905106466318]",stable,0.8254878003833771,1234,"[0.853829311933588, 0.5917198594796145, 0.4274539710158504, 0.6014483398775126]"
"[0.9173217179084723, 0.7612252716870412, 0.5212591974884158, 0.8499271954754344]",stable,0.23562426846759826,1235,"[0.6869370308509721, 0.7985505303189757, 0.5066017044013388, 0.8788006231342703]"
"[0.6792464863925135, 0.7849264292376944, 0.4337390395831518, 0.47415465000981494]",stable,0.400682778600157,1236,"[0.7677067428292925, 0.7339345812537246, 0.3319113164301702, 0.8479893973709199]"
"[0.9173217179084723, 0.7612252716870412, 0.5212591974884158, 0.8499271954754344]",stable,0.32167624325001304,1237,"[0.8349587336777403, 1.0, 0.35840566976387633, 0.7352219125683461]"
"[0.9173217179084723, 0.7612252716870412, 0.5212591974884158, 0.8499271954754344]",stable,0.5237893559663894,1238,"[0.5748960176594435, 0.6808990692274832, 0.47002200755564644, 0.4651904272833798]"
"[0.6762650444287115, 0.7819542189516884, 0.4347756958109374, 0.4738985293604882]",stable,0.30427813735069154,1239,"[0.5977592246897556, 0.5259393335872615, 0.5230179905517213, 0.5883174833298411]"
"[0.5469923809895538, 0.4987738988642945, 0.617752781178723, 0.5513402449280922]",stable,0.0920260857602931,1240,"[0.5196589983660435, 0.4784528871002535, 0.6915889752057053, 0.5082477909806418]"
"[0.5464667390160248, 0.4983831101765245, 0.6191727079869342, 0.5505115438906412]",stable,0.3766765477659995,1241,"[0.41790390491142837, 0.3064447212731444, 0.7433707817125725, 0.28015749329786555]"
"[0.38455830292948506, 0.34615904951325027, 0.909982125426687, 0.34595200852350694]",stable,0.33718255877800385,1242,"[0.3577156734483448, 0.15037347088222064, 0.6742644601336631, 0.48407058314523954]"
"[0.38455830292948506, 0.34615904951325027, 0.909982125426687, 0.34595200852350694]",stable,0.3745078334773628,1243,"[0.08348581991039633, 0.5636281043346484, 0.9395853989078218, 0.3079739398664849]"
"[0.5368979684887537, 0.37431128466557595, 0.8303746444962129, 0.5748565318715965]",stable,0.4902253672618115,1244,"[0.3309006830914268, 0.3503260724567539, 0.5164839746124206, 0.2605582880471804]"
"[0.10751152458568772, 0.6060291896783853, 0.4860718564290819, 0.4262128780251266]",stable,0.6458033500067268,1245,"[0.09781668447349101, 0.2489373828408491, 1.0, 0.2670548380448495]"
"[0.38455830292948506, 0.34615904951325027, 0.909982125426687, 0.34595200852350694]",stable,0.3019313111590488,1246,"[0.22916694669613047, 0.5498444168916448, 0.8985084062322983, 0.505315329115034]"
"[0.7365065079150017, 0.38516313045224393, 0.9429591846728202, 0.43943335940573613]",stable,0.4695741725072436,1247,"[0.4192857560070187, 0.5539801432620312, 0.8744557514035187, 0.7338463242376112]"
"[0.5117475669247114, 0.5461072097138394, 0.8664231457899294, 0.8516919477442699]",stable,0.49861813816443534,1248,"[0.5910289147432837, 0.8218306448741228, 0.6722673667176889, 0.4930631196351749]"
"[0.5368979684887537, 0.37431128466557595, 0.8303746444962129, 0.5748565318715965]",stable,0.2760739575494693,1249,"[0.5451368220851516, 0.47695823589401604, 0.5788990301200585, 0.6235655670302321]"
"[0.5464416462437441, 0.4979788672655338, 0.6184128272724648, 0.5518899216857278]",stable,0.5145328621205438,1250,"[0.9905945832317671, 0.7462354798758, 0.6927823281057239, 0.569498624305739]"
"[0.9168319539801748, 0.8489122720183415, 0.390931669661339, 0.6654582653275503]",stable,0.32461269524492903,1251,"[0.8181951253253604, 0.5716551800221067, 0.502338466499749, 0.5857010806788018]"
"[0.6762650444287115, 0.7819542189516884, 0.4347756958109374, 0.4738985293604882]",stable,0.578152250642624,1252,"[0.7594325300596116, 0.5859528754153245, 0.6320218001681878, 0.973919170839212]"
"[0.9185447316974888, 0.5562970329592767, 0.3711244299907985, 0.6714301673101483]",stable,0.2509848318080269,1253,"[0.9500158135485416, 0.734080425278142, 0.5035879855384635, 0.7847854877503242]"
"[0.9168319539801748, 0.8489122720183415, 0.390931669661339, 0.6654582653275503]",stable,0.34392751246904596,1254,"[1.0, 0.6148381974825303, 0.6250794219745497, 0.6235850319765797]"
"[0.7608656505097127, 0.48801061233981774, 0.48429511217397553, 0.4726893009133609]",stable,0.5889364062356985,1255,"[1.0, 0.9306781390634619, 0.46381014955076255, 0.7781179842002687]"
"[0.9179271641240291, 0.7607225893461357, 0.5209319528226759, 0.8487208675545991]",stable,0.32332683669873286,1256,"[0.6331588214781381, 0.6743806834637467, 0.3985353685425985, 0.8169185751609983]"
"[0.6068215633002711, 0.6177440647222467, 0.4101868345654042, 0.6444837544694914]",stable,0.4714937195386433,1257,"[1.0, 0.8068377657928006, 0.3746547897510437, 0.8196924599766446]"
"[0.9182180880805053, 0.8502750364690935, 0.3921463109928294, 0.6673359273087623]",stable,0.3763858790761239,1258,"[0.9546579109590827, 0.7303109545178431, 0.2685271253517764, 1.0]"
"[0.9182180880805053, 0.8502750364690935, 0.3921463109928294, 0.6673359273087623]",stable,0.36355206485020924,1259,"[1.0, 0.6857129902349824, 0.524561534004204, 0.9517078042476274]"
"[0.9182180880805053, 0.8502750364690935, 0.3921463109928294, 0.6673359273087623]",stable,0.25526959472211835,1260,"[0.881284242263608, 0.8183599487578997, 0.1696041869778893, 0.5522060561281081]"
"[0.9182180880805053, 0.8502750364690935, 0.3921463109928294, 0.6673359273087623]",stable,0.2965658950293343,1261,"[1.0, 0.8856833070573129, 0.5266235839108473, 0.9161836044524851]"
"[0.9182180880805053, 0.8502750364690935, 0.3921463109928294, 0.6673359273087623]",stable,0.4464706345997939,1262,"[0.9017396469947389, 0.5305995762736934, 0.5767750945377008, 0.9179038841087606]"
"[0.9185447316974888, 0.5562970329592767, 0.3711244299907985, 0.6714301673101483]",stable,0.3433676340431208,1263,"[0.8976725689957805, 0.5516246793786528, 0.678014134406485, 0.5189094691469344]"
"[0.9182180880805053, 0.8502750364690935, 0.3921463109928294, 0.6673359273087623]",stable,0.627575394352,1264,"[0.7287662236421333, 0.45329918360028837, 0.7606567580966401, 0.41323144235950493]"
"[0.5464416462437441, 0.4979788672655338, 0.6184128272724648, 0.5518899216857278]",stable,0.2434490251813403,1265,"[0.5326618639970293, 0.4299553710693486, 0.8493081193459655, 0.5856199309729838]"
"[0.3404689604906978, 0.5953830622854485, 0.8857861357454986, 0.4767078046648247]",stable,0.43796377384132196,1266,"[0.4249928007858791, 0.320421643936682, 0.5891620418263286, 0.6218916637723487]"
"[0.54419259355008, 0.49469077053722177, 0.6178711460604993, 0.5531862502428875]",stable,0.34847425045986624,1267,"[0.5049924328211244, 0.4424131577820216, 0.8891179979866124, 0.34440443312947056]"
"[0.3872954422452041, 0.3483466428829951, 0.9095079407121397, 0.34591683635546067]",stable,0.3100736926697515,1268,"[0.6861466195047747, 0.4177374062651151, 0.9015520655999281, 0.39013555122676535]"
"[0.5367893504248633, 0.37573805611182653, 0.8308601182103091, 0.5751325164639398]",stable,0.19751384561073035,1269,"[0.5845655747985375, 0.34244123356223655, 1.0, 0.4913937943050349]"
"[0.5367893504248633, 0.37573805611182653, 0.8308601182103091, 0.5751325164639398]",stable,0.22484697381271251,1270,"[0.49805734607079605, 0.1927792405357806, 0.7308204687396291, 0.6497926384049401]"
"[0.3404689604906978, 0.5953830622854485, 0.8857861357454986, 0.4767078046648247]",stable,0.3642120776224154,1271,"[0.5573572844881947, 0.8195852700697981, 0.781046624050517, 0.6328260198548317]"
"[0.6724828935675733, 0.6944815598551082, 0.9106780531352682, 0.6366727559372567]",stable,0.5726033227427907,1272,"[0.620759264458474, 0.635969454341825, 0.3868582526084151, 0.8543614820860381]"
"[0.6070049541049842, 0.6179838724803991, 0.4098798795396544, 0.6472453035170775]",stable,0.25611142548075766,1273,"[0.45489104942534414, 0.5263815931172197, 0.44987545571428733, 0.8274224346043169]"
"[0.54419259355008, 0.49469077053722177, 0.6178711460604993, 0.5531862502428875]",stable,0.28294864809610826,1274,"[0.7760704360316744, 0.6520281445845006, 0.6386381069583972, 0.5199253469408415]"
"[0.5358210503160116, 0.3711640857224254, 0.8283591269735421, 0.5769990195124648]",stable,0.5299970288815196,1275,"[0.6886440146348032, 0.559494906188927, 0.36106667895653854, 0.6379191499189729]"
"[0.6080652016443325, 0.6172242755155748, 0.4092459418697438, 0.6471241846391801]",stable,0.3900374978484896,1276,"[0.8980822273702413, 0.6794684434208473, 0.27151133922865667, 0.8596664564678451]"
"[0.9182180880805053, 0.8502750364690935, 0.3921463109928294, 0.6673359273087623]",stable,0.32136058982538457,1277,"[1.0, 0.8244248333733468, 0.11946308533433031, 0.81416907417995]"
"[0.9222467870648696, 0.762407962943446, 0.5185292168436947, 0.8512019423969316]",stable,0.20824137112259225,1278,"[0.7458713669773624, 0.6844831189826504, 0.49848510356107256, 0.7751616106487624]"
"[0.6762650444287115, 0.7819542189516884, 0.4347756958109374, 0.4738985293604882]",stable,0.16110709232957923,1279,"[0.5460899018635204, 0.7946131536616836, 0.4973863394798901, 0.4036875179136272]"
"[0.6726490682463451, 0.782305856026966, 0.4365148803572972, 0.4719482234869643]",stable,0.3203526673777932,1280,"[0.6138900295428247, 0.6112508994263617, 0.6963595678817736, 0.42301820147207214]"
"[0.5358210503160116, 0.3711640857224254, 0.8283591269735421, 0.5769990195124648]",stable,0.15322455647919206,1281,"[0.42164335874762454, 0.30787263087971317, 0.9077009135166897, 0.5651545225457753]"
"[0.3404689604906978, 0.5953830622854485, 0.8857861357454986, 0.4767078046648247]",stable,0.13808153472077914,1282,"[0.23913781629425424, 0.5016044137626464, 0.8846209510856081, 0.47835609851921135]"
"[0.720349499776574, 0.389623779073083, 0.9301385131095977, 0.437622644765282]",stable,0.3710202343906069,1283,"[0.42059484379887246, 0.5403422836566316, 0.8133917481564469, 0.33058393309504924]"
"[0.3398062960879394, 0.5907324551869604, 0.8834873991127192, 0.4721929428612188]",stable,0.3334608971499723,1284,"[0.4270732464979063, 0.36705237358288645, 0.6705777086158629, 0.3815434305606199]"
"[0.3872954422452041, 0.3483466428829951, 0.9095079407121397, 0.34591683635546067]",stable,0.19281054015676335,1285,"[0.34201833718887864, 0.28485796050264744, 0.7469362687318607, 0.2776121744910958]"
"[0.3426669753702316, 0.269543868414461, 0.7036165260514048, 0.413946243247977]",stable,0.24407723209058999,1286,"[0.1720518441286874, 0.2993791554976035, 0.5823816123990689, 0.5359139585369481]"
"[0.3426669753702316, 0.269543868414461, 0.7036165260514048, 0.413946243247977]",stable,0.13271588933373896,1287,"[0.45296221495164035, 0.28702282882454305, 0.6659112495338975, 0.3529440672782136]"
"[0.3452319809418923, 0.26995035586585825, 0.7027396591556488, 0.4125275879928662]",stable,0.2947443821534142,1288,"[0.5021996225206313, 0.3917393132578412, 0.7356034528376844, 0.19730019375503982]"
"[0.10751152458568772, 0.6060291896783853, 0.4860718564290819, 0.4262128780251266]",stable,0.3926269644369038,1289,"[0.1877051603831712, 0.2264541219798548, 0.4460464675356254, 0.3809840132803435]"
"[0.33448147697743763, 0.4119950858804602, 0.34965082321204816, 0.4891231187113784]",stable,0.24413119311935383,1290,"[0.32142809004120265, 0.29055690738348483, 0.14007040660443498, 0.46158285144164735]"
"[0.3594465924977478, 0.46422541547678814, 0.6024727630024247, 0.3112990242490897]",stable,0.6359089586923505,1291,"[0.0, 0.4234877364374537, 0.08036706338268951, 0.28089457033156934]"
"[0.11012229385692882, 0.7311230531282491, 0.3190887743141049, 0.2729161191706594]",stable,0.22942589471293487,1292,"[0.13877239010978004, 0.5152158179808803, 0.38045849476624327, 0.23505801076336796]"
"[0.33410852306497374, 0.40852542363768946, 0.3436628113089735, 0.4883362539322433]",stable,0.4847048816692595,1293,"[0.3076452237504885, 0.8400003257862123, 0.35503309916299947, 0.2693873067471927]"
"[0.10751152458568772, 0.6060291896783853, 0.4860718564290819, 0.4262128780251266]",stable,0.2831203020583418,1294,"[0.18142508232043844, 0.6362267232279268, 0.4182940433891975, 0.16317643863382636]"
"[0.10751152458568772, 0.6060291896783853, 0.4860718564290819, 0.4262128780251266]",stable,0.3487674483109612,1295,"[0.07654452924146632, 0.6504688945561045, 0.7419844078695725, 0.1955320230624977]"
"[0.5330362285704412, 0.36962039170187144, 0.8302942924989848, 0.5767101293425455]",stable,0.49344810911608367,1296,"[0.2192691116370721, 0.43775344023629204, 0.46623414605626035, 0.4880572659309886]"
"[0.3594465924977478, 0.46422541547678814, 0.6024727630024247, 0.3112990242490897]",stable,0.434981116565429,1297,"[0.15437362647394626, 0.6794033382813949, 0.363399988478121, 0.5203356726948926]"
"[0.11802893263213673, 0.7315342573270033, 0.32306376237069273, 0.26958469290712117]",stable,0.315898635931294,1298,"[0.054302529120217574, 0.9079075980925417, 0.19135835778846033, 0.48701749804406924]"
"[0.429056613316769, 0.5883990565858656, 0.33920632361997155, 0.2952839005126193]",stable,0.1768334391803397,1299,"[0.37655059571805083, 0.6390085240806673, 0.2721816466156092, 0.44177471183067946]"
"[0.15441395412380443, 0.45009242135335753, 0.37769006671660665, 0.2857229136915527]",anomaly,0.4564314075936838,1300,"[0.3513307415239089, 0.7779542014500203, 0.4131302063796743, 0.03913812435838365]"
"[0.15441395412380443, 0.45009242135335753, 0.37769006671660665, 0.2857229136915527]",stable,0.0655698533566104,1301,"[0.20866959603479052, 0.4588414474421228, 0.3960146814782492, 0.3164376337190858]"
"[0.3309185394141987, 0.40933731298765064, 0.34706757060750926, 0.4883285042655417]",stable,0.23140562577935067,1302,"[0.4747448903455168, 0.49932020009107697, 0.3639896917564205, 0.3318699913476828]"
"[0.3002811482935558, 0.7151153616269939, 0.24748570835294992, 0.45544440669547104]",stable,0.36251393135021964,1303,"[0.08444905161794572, 0.5749800485868228, 0.49888769274358297, 0.5000761526974709]"
"[0.11802893263213673, 0.7315342573270033, 0.32306376237069273, 0.26958469290712117]",stable,0.24829089283779832,1304,"[0.04824489308133337, 0.5511020503141123, 0.28480586235286504, 0.4204459107493689]"
"[0.11802893263213673, 0.7315342573270033, 0.32306376237069273, 0.26958469290712117]",stable,0.23867702636789595,1305,"[0.05202474116528147, 0.5473309518674572, 0.44297860011218115, 0.3351571228745828]"
"[0.11802893263213673, 0.7315342573270033, 0.32306376237069273, 0.26958469290712117]",stable,0.4113314502588237,1306,"[0.3396250676050864, 0.5291848304749394, 0.12174422145490169, 0.4660888069484659]"
"[0.183769826591889, 0.595769160751944, 0.026741756055328404, 0.4514850278467923]",stable,0.39357552462161227,1307,"[0.3816885253132535, 0.42525140263037114, 0.29205914129495403, 0.5790007583760879]"
"[0.3594465924977478, 0.46422541547678814, 0.6024727630024247, 0.3112990242490897]",stable,0.6435578706226756,1308,"[0.0, 0.8986576500272204, 0.2954661321614418, 0.266796864915669]"
"[0.10675706852616654, 0.605639350861731, 0.48243020671590664, 0.42804455217254483]",stable,0.3624151894960553,1309,"[0.22779432861779064, 0.49030396666314857, 0.286043576504109, 0.17343741976499774]"
"[0.3322907011952542, 0.409767423518535, 0.34558085630176455, 0.49077910572798894]",stable,0.5262708506538247,1310,"[0.30867282229278026, 0.9004882581435804, 0.39189074529302714, 0.3078811541523517]"
"[0.1577727966607774, 0.4513808574427932, 0.37576054367842626, 0.2835763143784206]",stable,0.4289868545254644,1311,"[0.5266559671038834, 0.6173818527298374, 0.46626277669048094, 0.17308675241423835]"
"[0.3002811482935558, 0.7151153616269939, 0.24748570835294992, 0.45544440669547104]",stable,0.3753211678718503,1312,"[0.1562264768773367, 0.5300036894304129, 0.14004040054826417, 0.18285789686199322]"
"[0.11465667741407568, 0.7363092114041524, 0.32227525865042844, 0.26950504067879394]",stable,0.4241418325450361,1313,"[0.013499417133173125, 0.6169418427775385, 0.6306494702587259, 0.515106913084609]"
"[0.11465667741407568, 0.7363092114041524, 0.32227525865042844, 0.26950504067879394]",stable,0.42879228917385726,1314,"[0.35884655397538145, 0.581440105151651, 0.5373104607854288, 0.5019045957800076]"
"[0.54419259355008, 0.49469077053722177, 0.6178711460604993, 0.5531862502428875]",stable,0.5528097129644908,1315,"[0.16797653992945333, 0.6864418030295472, 0.2851823679966135, 0.42430732165294993]"
"[0.1577727966607774, 0.4513808574427932, 0.37576054367842626, 0.2835763143784206]",stable,0.14706151955900496,1316,"[0.2534610378199103, 0.5329372805475806, 0.3458465312388084, 0.21340115674418006]"
"[0.3322907011952542, 0.409767423518535, 0.34558085630176455, 0.49077910572798894]",stable,0.19847641844740463,1317,"[0.42375231601251895, 0.5233800748044167, 0.4763629712047206, 0.5226517520572507]"
"[0.5420027703221243, 0.49521239425117075, 0.6152982701540306, 0.5526310775486032]",stable,0.1605674655072971,1318,"[0.5923458984768546, 0.3989316880364504, 0.519833663928539, 0.6223735681554061]"
"[0.5429017547534587, 0.49349309592590795, 0.6135935450428611, 0.5538764791665819]",stable,0.41472356667707955,1319,"[0.6991711998136172, 0.3272366805774407, 0.2976510476545888, 0.4120503884868779]"
"[0.6726490682463451, 0.782305856026966, 0.4365148803572972, 0.4719482234869643]",stable,0.24266157773092642,1320,"[0.6984822503464303, 0.5497716885957027, 0.46133214047991095, 0.5313557363662459]"
"[0.7574190435413966, 0.48526025524241523, 0.4784726945013797, 0.4726345098863166]",anomaly,0.4532601896861199,1321,"[0.698207442404615, 0.7290623182409429, 0.1340535908790922, 0.31811971776983994]"
"[0.7574190435413966, 0.48526025524241523, 0.4784726945013797, 0.4726345098863166]",stable,0.4604529780887948,1322,"[0.9555710719607703, 0.733242430394914, 0.1471955885949835, 0.4337367133800152]"
"[0.9182180880805053, 0.8502750364690935, 0.3921463109928294, 0.6673359273087623]",stable,0.1260017548956438,1323,"[0.8887349727108976, 0.7320180448421464, 0.38746634730140916, 0.6357041392455586]"
"[0.9222467870648696, 0.762407962943446, 0.5185292168436947, 0.8512019423969316]",anomaly,0.7084262666622207,1324,"[0.4668340660988803, 0.9106744264098611, 0.03065152363269852, 0.6655693990280352]"
"[0.9222467870648696, 0.762407962943446, 0.5185292168436947, 0.8512019423969316]",stable,0.17274905586211936,1325,"[0.8652415628806043, 0.702206939343467, 0.3681819292378342, 0.8321186883759129]"
"[0.9177347583203478, 0.8483363972620944, 0.3920695902765767, 0.6668173734060869]",stable,0.31883267026779144,1326,"[0.9778537852010568, 0.645568857253112, 0.2766031673862933, 0.45802847489700727]"
"[0.9177347583203478, 0.8483363972620944, 0.3920695902765767, 0.6668173734060869]",stable,0.2051766508733801,1327,"[0.9477588402331485, 0.8164647506214175, 0.5418595610377775, 0.5336138623086659]"
"[0.9222467870648696, 0.762407962943446, 0.5185292168436947, 0.8512019423969316]",stable,0.1882530671593534,1328,"[0.8563537951050392, 0.6196163217871062, 0.5779751846603947, 0.7665021488216183]"
"[0.9182190177060382, 0.8478223384453093, 0.3944855575469186, 0.664668929678709]",stable,0.330099762155892,1329,"[0.6427235568682519, 0.6688261074282984, 0.36298914429213097, 0.6586332634403611]"
"[0.8793842396574083, 0.6170264235581301, 0.3713675030335394, 0.9337443927579878]",stable,0.4228867225721079,1330,"[0.6169169575222961, 0.9029371483627203, 0.5392711401255861, 0.9309999384656856]"
"[0.6697641922953796, 0.7812104680484848, 0.4393803902805864, 0.46577121977331853]",stable,0.25902410715990154,1331,"[0.8316143449773842, 0.6811972901715571, 0.3112631315621619, 0.5861096942369342]"
"[0.9182190177060382, 0.8478223384453093, 0.3944855575469186, 0.664668929678709]",stable,0.32663074357130234,1332,"[0.884079911217249, 0.9648664740079702, 0.4628766086980278, 0.9598730937870847]"
"[0.9182190177060382, 0.8478223384453093, 0.3944855575469186, 0.664668929678709]",stable,0.13635642840176482,1333,"[0.8825606048180653, 0.925168494682273, 0.29261232450238034, 0.6336694190177832]"
"[0.92158873748129, 0.7658986269273171, 0.5175696891170453, 0.8530755829381411]",stable,0.37682104078406853,1334,"[0.9141886116842819, 0.7844903036125848, 0.16383814165656763, 0.724749136696443]"
"[0.92158873748129, 0.7658986269273171, 0.5175696891170453, 0.8530755829381411]",stable,0.5175932825879672,1335,"[0.7142291689988316, 0.5034084047329445, 0.1319516445465179, 0.7676213700934393]"
"[0.92158873748129, 0.7658986269273171, 0.5175696891170453, 0.8530755829381411]",stable,0.2602672127449392,1336,"[1.0, 0.6612691191093982, 0.33077028248473933, 0.7275791936839485]"
"[0.92158873748129, 0.7658986269273171, 0.5175696891170453, 0.8530755829381411]",stable,0.3401403078332077,1337,"[0.9325422107712177, 0.7565055589597054, 0.2045868423691666, 0.9854725555300621]"
"[0.92158873748129, 0.7658986269273171, 0.5175696891170453, 0.8530755829381411]",stable,0.19849275074997447,1338,"[0.7733965798614046, 0.8416795777800996, 0.6235025300153124, 0.8748456823252622]"
"[0.9176530111522608, 0.8490500552109754, 0.3928685221017672, 0.6641768739539325]",stable,0.26595585455568876,1339,"[0.9888239492346356, 0.5998410857405231, 0.45251984755622704, 0.6661321365763715]"
"[0.9190770059962072, 0.767183049823127, 0.5193651609966768, 0.8534445676735161]",anomaly,0.5215886618223436,1340,"[0.6716313167365745, 0.80646013088081, 0.9527289564014545, 1.0]"
"[0.9190770059962072, 0.767183049823127, 0.5193651609966768, 0.8534445676735161]",stable,0.484660229487599,1341,"[0.6128169649531239, 0.6457141445655054, 0.8461115559648824, 0.9933817812303731]"
"[0.517692825632265, 0.5519664411757021, 0.865228346388456, 0.8600266438316877]",stable,0.43108710684908036,1342,"[0.6736453130890714, 0.37404620791564147, 0.9534606567293543, 0.5106352224199162]"
"[0.5330362285704412, 0.36962039170187144, 0.8302942924989848, 0.5767101293425455]",stable,0.6349080524792429,1343,"[0.9547050343895629, 0.7693070264387568, 0.6468636150408478, 0.7553366499995111]"
"[0.9176530111522608, 0.8490500552109754, 0.3928685221017672, 0.6641768739539325]",stable,0.8174346556354047,1344,"[0.638573845726734, 0.4209491343364556, 1.0, 0.8602258620937846]"
"[0.5244084378597356, 0.5446877019068551, 0.8727156604779862, 0.8600377115129153]",stable,0.7372631672304115,1345,"[1.0, 0.8271788356350257, 0.3858401991559358, 0.8828563070659774]"
"[0.9176530111522608, 0.8490500552109754, 0.3928685221017672, 0.6641768739539325]",stable,0.32747067360476934,1346,"[0.7708305780405503, 0.7668619337770652, 0.6271336738511761, 0.8192419137833857]"
"[0.6697641922953796, 0.7812104680484848, 0.4393803902805864, 0.46577121977331853]",stable,0.38201857249590776,1347,"[0.6640408407527991, 0.4956493305342818, 0.19741017502649488, 0.5419990667218859]"
"[0.8793842396574083, 0.6170264235581301, 0.3713675030335394, 0.9337443927579878]",anomaly,0.6829154199789467,1348,"[0.3153957818638943, 0.9460150692895171, 0.5405584249191364, 0.8268266989367845]"
"[0.8793842396574083, 0.6170264235581301, 0.3713675030335394, 0.9337443927579878]",anomaly,0.41680593367935553,1349,"[0.4925888422887263, 0.6450690412629755, 0.24777745719090435, 0.8439912920561292]"
"[0.8793842396574083, 0.6170264235581301, 0.3713675030335394, 0.9337443927579878]",stable,0.7732682441211324,1350,"[0.32628122724611613, 0.24409345137548016, 0.2608100784120676, 0.5586192281158171]"
"[0.3594465924977478, 0.46422541547678814, 0.6024727630024247, 0.3112990242490897]",stable,0.3283373143351969,1351,"[0.2282878326233717, 0.17496497302152286, 0.5226083453894889, 0.3348116362476836]"
"[0.3594465924977478, 0.46422541547678814, 0.6024727630024247, 0.3112990242490897]",stable,0.2797446269544565,1352,"[0.34406428897892943, 0.35139100380805494, 0.3679803398792288, 0.41279848281673864]"
"[0.3594465924977478, 0.46422541547678814, 0.6024727630024247, 0.3112990242490897]",stable,0.21440731846092917,1353,"[0.40562763675797553, 0.5156917907017763, 0.40081524962139903, 0.33417409537080117]"
"[0.29670534806749893, 0.7143404005838196, 0.24850453699196784, 0.45460286385648396]",stable,0.31094688138370263,1354,"[0.2371312212692624, 0.4580768038889772, 0.10567437226544277, 0.5386706907089424]"
"[0.1904400009265607, 0.5785576161440731, 0.0366083330815927, 0.462383235704561]",stable,0.3070556677051041,1355,"[0.0, 0.5639256777335826, 0.27535771943965415, 0.4340914346144995]"
"[0.025593974616470606, 0.5236640577008125, 0.16460221476409323, 0.3650559617404835]",stable,0.5961470898294506,1356,"[0.2040821361625741, 0.6257158807976314, 0.7130978761025637, 0.47583169823320404]"
"[0.5429017547534587, 0.49349309592590795, 0.6135935450428611, 0.5538764791665819]",stable,0.5419462442500245,1357,"[0.23631134454981167, 0.7909773980253313, 0.3687439994489458, 0.3274701142941717]"
"[0.12146406002514205, 0.7428505247947761, 0.32035606862252364, 0.2683552524410504]",stable,0.1315879000713061,1358,"[0.04830143516620475, 0.8266227491580735, 0.35829943743642556, 0.3275593144402411]"
"[0.11953872779201212, 0.7450550570148629, 0.3213545783281527, 0.2699132540726081]",stable,0.5734769578113103,1359,"[0.6046011631847432, 0.4807584144158816, 0.27816802205633007, 0.41780666494569235]"
"[0.29670534806749893, 0.7143404005838196, 0.24850453699196784, 0.45460286385648396]",anomaly,0.4869785498490491,1360,"[0.2031801269792573, 0.8293665092464382, 0.3407345295805879, 0.0]"
"[0.29670534806749893, 0.7143404005838196, 0.24850453699196784, 0.45460286385648396]",stable,0.5686292555647693,1361,"[0.17268841307776261, 0.45864516020992496, 0.438017624517644, 0.0]"
"[0.1275959807976129, 0.37962724037897244, 0.5483750780979786, 0.03291431917123798]",stable,0.5741445268161041,1362,"[0.0, 0.6646564616424462, 0.6281248497564826, 0.5080558983910927]"
"[0.09966197121175405, 0.5815053632620696, 0.4715514983494401, 0.4637759608804488]",stable,0.3340550807187258,1363,"[0.34055321101880587, 0.6578170102230416, 0.26722607157205513, 0.3863688549497959]"
"[0.16022634130588337, 0.45347204777881345, 0.3749935177184361, 0.281776951362158]",stable,0.35108080563551575,1364,"[0.08678596391450658, 0.6245029341910968, 0.16931517560336548, 0.49697244046943356]"
"[0.03115688273447387, 0.5328312282908383, 0.1650306657494816, 0.3770483688976608]",stable,0.30833958146910717,1365,"[0.1697026860397912, 0.7793113501590931, 0.19434482414381773, 0.25760554773008076]"
"[0.12082498313169876, 0.7459334235057405, 0.31809791796445175, 0.26959767185869715]",stable,0.27633367113618357,1366,"[0.0, 0.6855439531835514, 0.07729788285181116, 0.258192575682792]"
"[0.12082498313169876, 0.7459334235057405, 0.31809791796445175, 0.26959767185869715]",stable,0.48786944675337457,1367,"[0.37487144075737605, 0.3531694004691238, 0.21191842197893787, 0.18049474663374757]"
"[0.3594465924977478, 0.46422541547678814, 0.6024727630024247, 0.3112990242490897]",stable,0.5239150399371244,1368,"[0.0, 0.63122737404008, 0.25993177412410323, 0.30348026550087215]"
"[0.12082498313169876, 0.7459334235057405, 0.31809791796445175, 0.26959767185869715]",stable,0.3907435731010771,1369,"[0.11887351184383785, 0.40650801684357896, 0.41276981044831135, 0.438430008113812]"
"[0.3381605544818148, 0.4009978063502234, 0.3457837619069403, 0.49197543427314816]",stable,0.3895528785974804,1370,"[0.3445243949533762, 0.7819408681901703, 0.2663145305202069, 0.4753029522490452]"
"[0.15919252056933225, 0.4522979470054326, 0.375937925036683, 0.2856932777809494]",stable,0.26014160297190786,1371,"[0.2367222300058236, 0.6859281869508912, 0.3414783807072958, 0.208932294598571]"
"[0.12372241430355188, 0.7444332925918694, 0.31868242953302284, 0.26808103742719397]",stable,0.1964050909820889,1372,"[0.28967228288586644, 0.7315850623078123, 0.27886466907260254, 0.3644401045235475]"
"[0.15919252056933225, 0.4522979470054326, 0.375937925036683, 0.2856932777809494]",stable,0.2685995717010227,1373,"[0.019878442903553784, 0.6298947023781968, 0.38034633132998236, 0.43121742051034684]"
"[0.29882119418388775, 0.7150484440580588, 0.25017682849669187, 0.4511604468603075]",stable,0.4909340672307152,1374,"[0.5601397004954582, 0.9103079824921952, 0.6170561798174934, 0.45262702508801383]"
"[0.6668793372480133, 0.7846077710601614, 0.44405606895261024, 0.4654253199131789]",stable,0.5734534627248397,1375,"[0.17868203858362547, 0.5110045926965119, 0.4245643198008899, 0.3418387349121404]"
"[0.3381605544818148, 0.4009978063502234, 0.3457837619069403, 0.49197543427314816]",stable,0.2532274217901494,1376,"[0.32781914914064264, 0.6097222470864556, 0.3777159408136674, 0.6313728025111163]"
"[0.15966787466724186, 0.45372981641253207, 0.37712393466507826, 0.2870626791743931]",stable,0.2518761594432658,1377,"[0.21600139834688292, 0.5966251789079293, 0.403770712896299, 0.4848984656057916]"
"[0.29952846137795497, 0.712479512424605, 0.25328753855320346, 0.4555558701688638]",stable,0.2488285963262457,1378,"[0.4520770634289293, 0.8012222034272778, 0.35518893764178044, 0.3127783018348362]"
"[0.29952846137795497, 0.712479512424605, 0.25328753855320346, 0.4555558701688638]",stable,0.4379021288716634,1379,"[0.27104839087423865, 0.3399166957745959, 0.08269869448779493, 0.30375483596725633]"
"[0.3594465924977478, 0.46422541547678814, 0.6024727630024247, 0.3112990242490897]",stable,0.5302340133433268,1380,"[0.05836390849164264, 0.7342999458704579, 0.27657707095812467, 0.417831048718057]"
"[0.12212830440570044, 0.7441861377937862, 0.3176554695677814, 0.2717334767269711]",stable,0.1327898615388927,1381,"[0.2273884960580097, 0.8015372420029803, 0.3726678974451433, 0.287158229751303]"
"[0.12463449944504115, 0.7455516402749575, 0.3189652892791472, 0.27210073275135993]",stable,0.48988393152365534,1382,"[0.22378931663083496, 0.5473717587139385, 0.7035759120243494, 0.06484728402267537]"
"[0.14362820343648322, 0.40758466010146677, 0.5742418837523737, 0.03823647997981088]",stable,0.5018728757370262,1383,"[0.0, 0.689890333964569, 0.426371427075772, 0.3983547343423379]"
"[0.29952846137795497, 0.712479512424605, 0.25328753855320346, 0.4555558701688638]",stable,0.22393803222828873,1384,"[0.30382275951790094, 0.6217051720423334, 0.43203285245134176, 0.35585665668458977]"
"[0.29952846137795497, 0.712479512424605, 0.25328753855320346, 0.4555558701688638]",stable,0.5112759006097524,1385,"[0.0, 0.5952190558297064, 0.1515506952367822, 0.07138748599333836]"
"[0.12463449944504115, 0.7455516402749575, 0.3189652892791472, 0.27210073275135993]",stable,0.281552058795528,1386,"[0.2963644232320787, 0.5365475546096695, 0.3962776593946649, 0.2611241809049498]"
"[0.29952846137795497, 0.712479512424605, 0.25328753855320346, 0.4555558701688638]",stable,0.33967227840849346,1387,"[0.0033270605066456627, 0.6666282491272957, 0.29204059690786005, 0.3005144274405004]"
"[0.12181339621391567, 0.743716212573849, 0.31833913364260563, 0.27276151634878176]",stable,0.30563985935388976,1388,"[0.10749042619549806, 0.5653686145734655, 0.557208081088785, 0.20684993626481568]"
"[0.29952846137795497, 0.712479512424605, 0.25328753855320346, 0.4555558701688638]",stable,0.37583291301023913,1389,"[0.6160501348381778, 0.5924217441406839, 0.40307918920111996, 0.5204635153469078]"
"[0.8793842396574083, 0.6170264235581301, 0.3713675030335394, 0.9337443927579878]",anomaly,0.5524380206303293,1390,"[0.564004367709195, 0.6526749473251388, 0.1505493353352691, 0.5391663617229385]"
"[0.8793842396574083, 0.6170264235581301, 0.3713675030335394, 0.9337443927579878]",anomaly,0.5985582629428133,1391,"[0.7840444465184719, 0.2619083067737347, 0.10649999470417126, 0.5426962574290497]"
"[0.8793842396574083, 0.6170264235581301, 0.3713675030335394, 0.9337443927579878]",stable,0.7674167821413265,1392,"[0.39554271719483397, 0.8952876628990698, 0.37283539012522093, 0.4070619204455169]"
"[0.15842555446553366, 0.45638788303541145, 0.38141165243707126, 0.2851528519622603]",stable,0.9344977870277471,1393,"[0.9736673927173543, 0.4375778163248632, 0.5068045653957363, 0.7240032340899673]"
"[0.9209876784945211, 0.7682014065842341, 0.5192663657868969, 0.8523184008164416]",stable,0.4393781699027449,1394,"[0.6516767675600177, 0.9380646179752848, 0.2234117631098859, 0.9166717451697888]"
"[0.9209876784945211, 0.7682014065842341, 0.5192663657868969, 0.8523184008164416]",stable,0.2189299136720022,1395,"[0.983094015852065, 0.7356046642726866, 0.3532608937189527, 0.7280093279591684]"
"[0.9209876784945211, 0.7682014065842341, 0.5192663657868969, 0.8523184008164416]",anomaly,0.6508700649451643,1396,"[0.9901065991827881, 0.40985829553464936, 0.0, 0.7080718328490027]"
"[0.9209876784945211, 0.7682014065842341, 0.5192663657868969, 0.8523184008164416]",stable,0.41207890977360206,1397,"[1.0, 0.6365749940790982, 0.29433422417271793, 0.5430513638881552]"
"[0.9186755268506953, 0.8472774709775647, 0.39224965290828573, 0.6651742560477644]",stable,0.164617142103432,1398,"[0.8933279549950663, 0.752861563487853, 0.2907141760980057, 0.7502182883905958]"
"[0.9209876784945211, 0.7682014065842341, 0.5192663657868969, 0.8523184008164416]",stable,0.29745194971717476,1399,"[0.8703984246951897, 0.5639427535099415, 0.32595354070702226, 0.7696930772498192]"
"[0.9209876784945211, 0.7682014065842341, 0.5192663657868969, 0.8523184008164416]",anomaly,0.8342441617117491,1400,"[0.7017296590897831, 0.4912016925571311, 0.0, 0.3032074447536233]"
"[0.9209876784945211, 0.7682014065842341, 0.5192663657868969, 0.8523184008164416]",stable,0.2852790982260847,1401,"[0.9405156044370558, 0.8597616629885803, 0.32297112950779927, 0.6676897907518728]"
"[0.9209876784945211, 0.7682014065842341, 0.5192663657868969, 0.8523184008164416]",stable,0.4444639202134602,1402,"[0.8342426043646813, 0.6482295854152469, 0.2011780423149423, 0.5794630378822976]"
"[0.9186223829981306, 0.8460360813490997, 0.3896615619960014, 0.6665009161545361]",anomaly,0.6266670750513075,1403,"[1.0, 0.26972310717930337, 0.1891379350619663, 0.5492706416976292]"
"[0.9186223829981306, 0.8460360813490997, 0.3896615619960014, 0.6665009161545361]",anomaly,0.4861423873448192,1404,"[1.0, 0.49650222967523416, 0.07277172385126829, 0.7508752086792994]"
"[0.9186223829981306, 0.8460360813490997, 0.3896615619960014, 0.6665009161545361]",stable,0.21197875565217997,1405,"[1.0, 0.7950325455488606, 0.2315225260876661, 0.5630438673043023]"
"[0.9186223829981306, 0.8460360813490997, 0.3896615619960014, 0.6665009161545361]",stable,0.4147143453077646,1406,"[1.0, 0.8377195372098767, 0.0, 0.7825197674312213]"
"[0.9209876784945211, 0.7682014065842341, 0.5192663657868969, 0.8523184008164416]",stable,0.4473524374335337,1407,"[0.9730972036081179, 0.7329427328454843, 0.1127961061248916, 0.6763992301537605]"
"[0.9186223829981306, 0.8460360813490997, 0.3896615619960014, 0.6665009161545361]",stable,0.214132594938922,1408,"[0.8855495578268269, 0.6694754618211197, 0.3191138371781616, 0.7592819627394237]"
"[0.9209876784945211, 0.7682014065842341, 0.5192663657868969, 0.8523184008164416]",stable,0.22754766141038674,1409,"[0.932091928147255, 0.6251568975564252, 0.4224002336634055, 1.0]"
"[0.9186223829981306, 0.8460360813490997, 0.3896615619960014, 0.6665009161545361]",stable,0.2675759319004101,1410,"[0.8258369243337388, 0.7893987553911863, 0.16077471586717143, 0.7524704629158501]"
"[0.9209876784945211, 0.7682014065842341, 0.5192663657868969, 0.8523184008164416]",stable,0.3866855030301396,1411,"[1.0, 0.46883832867055275, 0.3463873218753477, 0.6981194544443514]"
"[0.881031354922716, 0.6172805008705768, 0.37296227586572267, 0.9358148804843007]",stable,0.4708017669242396,1412,"[1.0, 0.7789341849718903, 0.7726246891159878, 0.7887135308001176]"
"[0.9186223829981306, 0.8460360813490997, 0.3896615619960014, 0.6665009161545361]",stable,0.5061759660151576,1413,"[0.6626156018122866, 0.6494456279131907, 0.7479429565063971, 0.5126787053922692]"
"[0.5330362285704412, 0.36962039170187144, 0.8302942924989848, 0.5767101293425455]",stable,0.36112341104655377,1414,"[0.7215181764826942, 0.5913372098963535, 0.7026466482498599, 0.7482688795258714]"
"[0.6668793372480133, 0.7846077710601614, 0.44405606895261024, 0.4654253199131789]",stable,0.2962788576150195,1415,"[0.8168174414457627, 0.8014734275550915, 0.6430052501691107, 0.6249072916326335]"
"[0.9186223829981306, 0.8460360813490997, 0.3896615619960014, 0.6665009161545361]",stable,0.4434794604449031,1416,"[0.8341839096711702, 0.6272264488878971, 0.7519100399854716, 0.7686897658164263]"
"[0.9186223829981306, 0.8460360813490997, 0.3896615619960014, 0.6665009161545361]",stable,0.7743852544213509,1417,"[0.6031389749927923, 0.5631291707567813, 1.0, 0.8846600612126948]"
"[0.5285521503404227, 0.5456583055305354, 0.8794148362423028, 0.8613336246550091]",stable,0.47017510364725684,1418,"[0.5110523008455972, 0.8232909604606389, 0.5272075921913822, 0.7212316992154043]"
"[0.6668793372480133, 0.7846077710601614, 0.44405606895261024, 0.4654253199131789]",anomaly,0.6654911365293158,1419,"[0.08448668281757699, 0.7484116355033024, 0.7205859287923408, 0.6264170130290642]"
"[0.6668793372480133, 0.7846077710601614, 0.44405606895261024, 0.4654253199131789]",stable,0.46907189132336924,1420,"[0.36916039031263426, 0.48403059190513686, 0.5956762330393183, 0.3310506456665053]"
"[0.35968351439567187, 0.4647084685604064, 0.6023069939789342, 0.31178077111292907]",stable,0.31713571332034884,1421,"[0.3845612255635449, 0.6184811573696412, 0.4601609367811692, 0.5486449067471832]"
"[0.5429017547534587, 0.49349309592590795, 0.6135935450428611, 0.5538764791665819]",stable,0.3973719303438168,1422,"[0.20039960850745353, 0.6300495921555641, 0.6322389089906671, 0.40690231618959793]"
"[0.5429017547534587, 0.49349309592590795, 0.6135935450428611, 0.5538764791665819]",stable,0.5905328945687943,1423,"[0.22051999097388342, 0.6049942390287143, 0.15308940280561878, 0.4113895393465475]"
"[0.19378222204292989, 0.5814950186868111, 0.04955067416204004, 0.45671726944255947]",stable,0.32590987163123597,1424,"[0.31560673307610004, 0.7649925652422448, 0.28046436301063826, 0.3905088738368139]"
"[0.15842555446553366, 0.45638788303541145, 0.38141165243707126, 0.2851528519622603]",stable,0.5470709825301228,1425,"[0.10969309406880214, 0.9605530623494477, 0.1804855666163682, 0.33371196268488407]"
"[0.430242840970762, 0.587493836819528, 0.3454473221351211, 0.29763114247172634]",stable,0.4668011930545458,1426,"[0.04564289357099194, 0.7726781468955278, 0.5323088184066624, 0.2697781927163021]"
"[0.15842555446553366, 0.45638788303541145, 0.38141165243707126, 0.2851528519622603]",stable,0.43835625440502984,1427,"[0.4896899961978634, 0.6082975047324306, 0.19077922428414967, 0.43681965647849214]"
"[0.30213526434342064, 0.7179520985476772, 0.2566997403213303, 0.45291538305129647]",stable,0.16912375263779342,1428,"[0.2100543885034325, 0.6110776236359149, 0.28577271000460114, 0.36427811630101287]"
"[0.15842555446553366, 0.45638788303541145, 0.38141165243707126, 0.2851528519622603]",stable,0.3158190049015419,1429,"[0.4268635007478674, 0.6094655431600328, 0.3195026963650257, 0.2647267906296515]"
"[0.30004251716523905, 0.7155231332087735, 0.2573604896323137, 0.45090089971606273]",stable,0.42415201763419896,1430,"[0.31109639583335513, 0.41912859846822886, 0.5427864097255171, 0.5531998231924943]"
"[0.35968351439567187, 0.4647084685604064, 0.6023069939789342, 0.31178077111292907]",stable,0.13152730065330454,1431,"[0.36706447835146894, 0.5544885619066849, 0.6795471543022463, 0.36851210866273953]"
"[0.3598592516327147, 0.46684608983055587, 0.6041460454152034, 0.3131315172450674]",stable,0.18100065670734006,1432,"[0.3704657740649446, 0.3724965733027018, 0.4655337602646057, 0.38046310379010984]"
"[0.3598592516327147, 0.46684608983055587, 0.6041460454152034, 0.3131315172450674]",anomaly,0.4989720395958013,1433,"[0.5591563052990896, 0.4663971900817874, 0.18177316539867575, 0.48878666067632426]"
"[0.3598592516327147, 0.46684608983055587, 0.6041460454152034, 0.3131315172450674]",stable,0.4461126200099404,1434,"[0.46362481502001485, 0.5464323745418772, 0.36138893897677377, 0.6638225324515296]"
"[0.881031354922716, 0.6172805008705768, 0.37296227586572267, 0.9358148804843007]",stable,0.7216164305433462,1435,"[0.41575683690795273, 0.7978741199309343, 0.587690096493011, 0.46091720359001714]"
"[0.5429017547534587, 0.49349309592590795, 0.6135935450428611, 0.5538764791665819]",stable,0.7117989709193107,1436,"[0.20312218632177365, 0.9552373736309632, 0.2652159306104155, 0.31589984239909874]"
"[0.43130072427272814, 0.5883009193526112, 0.3420395348969877, 0.29963650402200354]",stable,0.08378276499662639,1437,"[0.35221141388540267, 0.6013380670740148, 0.3187563122347274, 0.306872318743728]"
"[0.30004251716523905, 0.7155231332087735, 0.2573604896323137, 0.45090089971606273]",stable,0.4476826940390713,1438,"[0.30853432585501234, 0.34308035431345163, 0.49823098129927024, 0.3907721510170751]"
"[0.338285341646926, 0.40075089108999684, 0.3533254915778033, 0.49077810233115543]",stable,0.39237795888361415,1439,"[0.5025011932426171, 0.5566733818960582, 0.6375582129503663, 0.34281339821441736]"
"[0.338285341646926, 0.40075089108999684, 0.3533254915778033, 0.49077810233115543]",stable,0.36503559093583676,1440,"[0.2088909347946568, 0.6278036154369138, 0.3804337032478914, 0.2373609060876533]"
"[0.12379243118165979, 0.7410818353661913, 0.3197503738609076, 0.2719569570246652]",stable,0.5717860233490472,1441,"[0.27316431766601945, 0.5267539739036583, 0.42443490941965, 0.7696838016303871]"
"[0.5429017547534587, 0.49349309592590795, 0.6135935450428611, 0.5538764791665819]",stable,0.6389473172967332,1442,"[0.028474443661647975, 0.3569492319996245, 0.44964508941633274, 0.2406754366949797]"
"[0.30004251716523905, 0.7155231332087735, 0.2573604896323137, 0.45090089971606273]",stable,0.5256143973473565,1443,"[0.364238201379991, 0.39638686722313754, 0.6605042103462647, 0.36271590661246333]"
"[0.338285341646926, 0.40075089108999684, 0.3533254915778033, 0.49077810233115543]",stable,0.49417084066347045,1444,"[0.040716315828132135, 0.5357396575022679, 0.6027508472215845, 0.21651086123269375]"
"[0.0985739354809812, 0.5844690550804228, 0.46803139449174586, 0.4624508356703993]",anomaly,0.4104982914665094,1445,"[0.0, 0.9458463957700975, 0.5179626183961885, 0.3021220576666428]"
"[0.0985739354809812, 0.5844690550804228, 0.46803139449174586, 0.4624508356703993]",anomaly,0.6494688288576426,1446,"[0.19250646401617894, 0.16657130614320653, 0.3115477347644157, 0.0]"
"[0.0985739354809812, 0.5844690550804228, 0.46803139449174586, 0.4624508356703993]",stable,0.48441570755579116,1447,"[0.13097528691179494, 0.11591229182776763, 0.4507987856836892, 0.3451208439543064]"
"[0.361985828645592, 0.46452614169591094, 0.6037872736007652, 0.316618337336373]",stable,0.18183610210644036,1448,"[0.247259594877837, 0.5291511751644419, 0.7286132553903917, 0.32863243880828275]"
"[0.338285341646926, 0.40075089108999684, 0.3533254915778033, 0.49077810233115543]",stable,0.3721723218464181,1449,"[0.23836045523084493, 0.4864741752408658, 0.5769340753896818, 0.22398609715985612]"
"[0.338285341646926, 0.40075089108999684, 0.3533254915778033, 0.49077810233115543]",stable,0.5733429228069948,1450,"[0.0, 0.373963360240405, 0.4473908846428927, 0.03831897182522498]"
"[0.0985739354809812, 0.5844690550804228, 0.46803139449174586, 0.4624508356703993]",stable,0.6019829459876712,1451,"[0.0006929452390431468, 0.05218537335084292, 0.6962558243573844, 0.3305779014262538]"
"[0.3569145178544748, 0.46636812184513404, 0.6058718009109471, 0.31490305778946653]",stable,0.3175672846623734,1452,"[0.08981976723198135, 0.32294313181849144, 0.6981600845230741, 0.2943721196344277]"
"[0.3569145178544748, 0.46636812184513404, 0.6058718009109471, 0.31490305778946653]",stable,0.35306992367529627,1453,"[0.2373524557105638, 0.3517203083596062, 0.91749244718677, 0.3254735817878841]"
"[0.3839633758777677, 0.3484216132269198, 0.9096853741893537, 0.3454625418095145]",stable,0.37832756175012133,1454,"[0.17067630058365668, 0.15215444678948775, 0.6697186719799617, 0.30627646390362523]"
"[0.3569145178544748, 0.46636812184513404, 0.6058718009109471, 0.31490305778946653]",stable,0.16953980622659426,1455,"[0.35539678294835975, 0.4632028066559758, 0.5320744593310024, 0.46749852145596005]"
"[0.338285341646926, 0.40075089108999684, 0.3533254915778033, 0.49077810233115543]",stable,0.6800559068534362,1456,"[0.0, 0.3577334199884199, 0.7433230014329197, 0.05022106452571373]"
"[0.0985739354809812, 0.5844690550804228, 0.46803139449174586, 0.4624508356703993]",stable,0.11838675029240671,1457,"[0.005208183706936209, 0.5644668573755632, 0.4575618486359048, 0.39325141560771215]"
"[0.42983610741370365, 0.5885423480141186, 0.34160836410694584, 0.29977050059092436]",stable,0.293527797333937,1458,"[0.3535190239751328, 0.7988069313807966, 0.5249577042679374, 0.24970958742197247]"
"[0.42983610741370365, 0.5885423480141186, 0.34160836410694584, 0.29977050059092436]",stable,0.2758410408585827,1459,"[0.47500054827213306, 0.340889382062691, 0.41967087511139406, 0.2183904911596573]"
"[0.338285341646926, 0.40075089108999684, 0.3533254915778033, 0.49077810233115543]",stable,0.34567604001123425,1460,"[0.23771939184131682, 0.24326507882497478, 0.32461042379389726, 0.201378589209699]"
"[0.35929346266083284, 0.4637427329681626, 0.6005657138215695, 0.31604760670858256]",stable,0.3907700014719276,1461,"[0.16698540779340693, 0.7577112234366474, 0.4559255147603299, 0.4075929261448198]"
"[0.42983610741370365, 0.5885423480141186, 0.34160836410694584, 0.29977050059092436]",stable,0.17473909993843975,1462,"[0.4062864069314568, 0.5546606262197518, 0.29205899654922796, 0.13736343868359288]"
"[0.30004251716523905, 0.7155231332087735, 0.2573604896323137, 0.45090089971606273]",stable,0.5345454463070595,1463,"[0.18249120226342921, 0.3586873212869556, 0.4909274934622465, 0.7509595282946692]"
"[0.5429017547534587, 0.49349309592590795, 0.6135935450428611, 0.5538764791665819]",stable,0.6063045311071196,1464,"[0.20279550103885358, 0.8677708603375249, 0.32894338824345387, 0.3783106398744356]"
"[0.42940793104129915, 0.5879263167087665, 0.3407074665149873, 0.296817644919882]",stable,0.45511893178559026,1465,"[0.0, 0.6627374721894049, 0.4398114148103761, 0.38239666849694964]"
"[0.42940793104129915, 0.5879263167087665, 0.3407074665149873, 0.296817644919882]",stable,0.45067871066615944,1466,"[0.06518237272908305, 0.46224417563919545, 0.21797191618128858, 0.09784270423558658]"
"[0.42940793104129915, 0.5879263167087665, 0.3407074665149873, 0.296817644919882]",stable,0.24518623057561248,1467,"[0.3368373298303047, 0.3635540971475289, 0.3399169046727141, 0.26212681678837485]"
"[0.35929346266083284, 0.4637427329681626, 0.6005657138215695, 0.31604760670858256]",stable,0.49705149528914366,1468,"[0.0, 0.5913287930578845, 0.290920142216497, 0.39226974204020415]"
"[0.12379243118165979, 0.7410818353661913, 0.3197503738609076, 0.2719569570246652]",stable,0.403823778904406,1469,"[0.3253293511326625, 0.41941158897506037, 0.43599849321606315, 0.1979897910768183]"
"[0.30004251716523905, 0.7155231332087735, 0.2573604896323137, 0.45090089971606273]",stable,0.36484262242523785,1470,"[0.23821549033814532, 0.4105983074869253, 0.3803645817827414, 0.30537288913185906]"
"[0.30004251716523905, 0.7155231332087735, 0.2573604896323137, 0.45090089971606273]",stable,0.4560454613018241,1471,"[0.24467379416055685, 0.43501869199621246, 0.5999015914911987, 0.35658961044402365]"
"[0.338285341646926, 0.40075089108999684, 0.3533254915778033, 0.49077810233115543]",stable,0.5308152067753317,1472,"[0.3297809416978391, 0.8614249072068066, 0.1380667429055113, 0.3386742532007262]"
"[0.42940793104129915, 0.5879263167087665, 0.3407074665149873, 0.296817644919882]",stable,0.4513568852788492,1473,"[0.09077149345440297, 0.5514882957839049, 0.17664500960542634, 0.5434026847965099]"
"[0.1834811491840772, 0.5784943463965204, 0.062260107706378666, 0.4653858109779545]",stable,0.6059503488310527,1474,"[0.0, 0.8053814663956768, 0.46992314661532186, 0.12502780148122075]"
"[0.1210414882665118, 0.7425107160557355, 0.32308754658878347, 0.2686918646792553]",stable,0.4341547299679779,1475,"[0.0, 0.3291861169535406, 0.368388786873274, 0.2995116809910445]"
"[0.30004251716523905, 0.7155231332087735, 0.2573604896323137, 0.45090089971606273]",stable,0.3624740654899168,1476,"[0.10705217630320668, 0.5523909779833173, 0.0, 0.48689610487533985]"
"[0.1765330607403617, 0.576121312904411, 0.056600097914889694, 0.4673412922413532]",stable,0.4446897638382059,1477,"[0.0, 0.3727822745509046, 0.35465137920262013, 0.27654366717140494]"
"[0.30004251716523905, 0.7155231332087735, 0.2573604896323137, 0.45090089971606273]",stable,0.46099559887792824,1478,"[0.03179537967693115, 0.6829006122133238, 0.563591633797643, 0.23708164688497801]"
"[0.42940793104129915, 0.5879263167087665, 0.3407074665149873, 0.296817644919882]",stable,0.5031118683894936,1479,"[0.0, 0.8081853802336719, 0.4774523707800549, 0.25786694574942803]"
"[0.11841015156506589, 0.7439384261465602, 0.3264433036364198, 0.26845654035469385]",stable,0.35856040045382975,1480,"[0.0, 0.795189632908451, 0.6518342094952759, 0.19074766718211578]"
"[0.42940793104129915, 0.5879263167087665, 0.3407074665149873, 0.296817644919882]",stable,0.4046769510608995,1481,"[0.12969425983162258, 0.646089463460578, 0.6062694318349227, 0.3022066100621164]"
"[0.42940793104129915, 0.5879263167087665, 0.3407074665149873, 0.296817644919882]",stable,0.285519445374545,1482,"[0.192771620393115, 0.6594262486570823, 0.4537197646823553, 0.20940717435645367]"
"[0.42940793104129915, 0.5879263167087665, 0.3407074665149873, 0.296817644919882]",stable,0.17101747700683986,1483,"[0.4766588894608491, 0.469976305717016, 0.3712902198451603, 0.40712092898708774]"
"[0.30004251716523905, 0.7155231332087735, 0.2573604896323137, 0.45090089971606273]",stable,0.554849746214773,1484,"[0.7100788002351777, 0.35908754248622066, 0.3082331943675876, 0.35043137687470705]"
"[0.7561395775060934, 0.48185018192468027, 0.47387162693019613, 0.46933172250762445]",stable,0.5159125673712885,1485,"[0.45200806301512186, 0.8904634161852263, 0.5274874474032959, 0.5312216865340711]"
"[0.5429017547534587, 0.49349309592590795, 0.6135935450428611, 0.5538764791665819]",stable,0.43876028818265456,1486,"[0.36158622127799944, 0.842321570985838, 0.4954536290613375, 0.39896707646333096]"
"[0.5429017547534587, 0.49349309592590795, 0.6135935450428611, 0.5538764791665819]",stable,0.2448041029725543,1487,"[0.6487685201509891, 0.7016176488540082, 0.5575724442332868, 0.6014903799627057]"
"[0.881031354922716, 0.6172805008705768, 0.37296227586572267, 0.9358148804843007]",stable,0.3653131353730226,1488,"[0.8125005908854763, 0.633411817442449, 0.45821759163229897, 0.587635999712161]"
"[0.9222620707768675, 0.7683745159130672, 0.523352790356721, 0.8512925158161784]",stable,0.26901608909855257,1489,"[0.7940993959646588, 0.5983553607789852, 0.6765919247319744, 0.791666686159255]"
"[0.9186223829981306, 0.8460360813490997, 0.3896615619960014, 0.6665009161545361]",stable,0.6384009223378416,1490,"[0.5805143214710343, 0.5476056945210155, 0.8163234501289682, 0.5177137735492429]"
"[0.3398062960879394, 0.5907324551869604, 0.8834873991127192, 0.4721929428612188]",stable,0.4351814122910389,1491,"[0.6688099312806813, 0.618498786407987, 0.6242913709660929, 0.5870229018315235]"
"[0.5341666593537887, 0.3738581370070892, 0.8299616533949368, 0.5753054542046098]",stable,0.4065558487641436,1492,"[0.5133659277868772, 0.3530179019141394, 0.4424031858673523, 0.6945493495601176]"
"[0.696451644627575, 0.7172770260722395, 0.7013200024176001, 0.47344733879145684]",stable,0.5026941867617779,1493,"[0.68408527033545, 0.6776228936728476, 0.5365331946680888, 0.9465449777269407]"
"[0.6668793372480133, 0.7846077710601614, 0.44405606895261024, 0.4654253199131789]",stable,0.2364555557476703,1494,"[0.8357469461351287, 0.6714304706331433, 0.3476085763395592, 0.5381146612872469]"
"[0.9186223829981306, 0.8460360813490997, 0.3896615619960014, 0.6665009161545361]",stable,0.5109638912389367,1495,"[0.6255954737455498, 0.5320755743604088, 0.6264774365483693, 0.5230911179700432]"
"[0.5443525217533199, 0.49416998151247815, 0.6138195782271683, 0.5533363851105023]",stable,0.6248435781754611,1496,"[0.9756912291760739, 0.8498009440579086, 0.4572620521685125, 0.7844051544831405]"
"[0.9186223829981306, 0.8460360813490997, 0.3896615619960014, 0.6665009161545361]",stable,0.31004982984483553,1497,"[0.9190525369610758, 0.7045022983327296, 0.4990565143527337, 0.9197431808307212]"
"[0.9186223829981306, 0.8460360813490997, 0.3896615619960014, 0.6665009161545361]",stable,0.42163806724718383,1498,"[0.9519220511916123, 0.590380562212467, 0.26674654877497345, 0.9766653030689563]"
"[0.9186223829981306, 0.8460360813490997, 0.3896615619960014, 0.6665009161545361]",stable,0.5301718766080485,1499,"[1.0, 0.4084835839986525, 0.4233867188480647, 0.9526308307997677]"
"[0.9206963656012561, 0.5592816532125514, 0.37414349332896746, 0.6763755691681271]",stable,0.15763575579060207,1500,"[1.0, 0.6194935936610096, 0.2521809342754745, 0.6686540737573106]"
"[0.9230467524109833, 0.7686488004531375, 0.5219404932599678, 0.8513169424362018]",stable,0.35398288037570624,1501,"[1.0, 0.6932471947870833, 0.3405073983181832, 0.5671009907244597]"
"[0.9186223829981306, 0.8460360813490997, 0.3896615619960014, 0.6665009161545361]",stable,0.48592190558811543,1502,"[0.7625138153425284, 0.6657146565934522, 0.663104556163207, 0.989708784483679]"
"[0.6668793372480133, 0.7846077710601614, 0.44405606895261024, 0.4654253199131789]",stable,0.5003736097103447,1503,"[0.9404981537027306, 0.6617791806939904, 0.2101521352388806, 0.7905538787301223]"
"[0.9230467524109833, 0.7686488004531375, 0.5219404932599678, 0.8513169424362018]",stable,0.4457372118469029,1504,"[0.7567506553392196, 0.5945568824501462, 0.22427619719558403, 0.6230293145228962]"
"[0.9230467524109833, 0.7686488004531375, 0.5219404932599678, 0.8513169424362018]",stable,0.3855133405960546,1505,"[0.7844241085137518, 0.5007769521524958, 0.28466164959615226, 0.8146056142930868]"
"[0.9230467524109833, 0.7686488004531375, 0.5219404932599678, 0.8513169424362018]",stable,0.372344944353529,1506,"[0.672675460564785, 0.6227596943924366, 0.36736710322971033, 0.6758791767406087]"
"[0.8831795578399553, 0.6164653512142705, 0.3697436174690333, 0.9370527720777752]",stable,0.6305048886472344,1507,"[0.5156881699004539, 0.8305920428502704, 0.4519104750608475, 0.47892084583723443]"
"[0.663002640649358, 0.7857868549522156, 0.4442574639810266, 0.4657713590394367]",anomaly,0.3121151338687702,1508,"[0.45275377697532637, 0.8853159750460986, 0.4420714912426496, 0.6738589557150274]"
"[0.663002640649358, 0.7857868549522156, 0.4442574639810266, 0.4657713590394367]",stable,0.2284079310637985,1509,"[0.7147694924872923, 0.7002593330941306, 0.6451638187700939, 0.42320311226066376]"
"[0.5341666593537887, 0.3738581370070892, 0.8299616533949368, 0.5753054542046098]",stable,0.602338649175015,1510,"[0.36156808303570054, 0.7773456068960931, 0.4468955141279669, 0.4220743400906038]"
"[0.5443525217533199, 0.49416998151247815, 0.6138195782271683, 0.5533363851105023]",stable,0.3171631291614676,1511,"[0.35302502014377385, 0.6669846706385569, 0.4506857315386035, 0.46668380918692415]"
"[0.5443525217533199, 0.49416998151247815, 0.6138195782271683, 0.5533363851105023]",stable,0.2136108090639931,1512,"[0.37371676257101744, 0.46823135821622575, 0.540455202879392, 0.4510726491696582]"
"[0.338285341646926, 0.40075089108999684, 0.3533254915778033, 0.49077810233115543]",stable,0.44993266279057037,1513,"[0.02451353178503149, 0.2669854342346635, 0.5551481177390043, 0.2777966888146603]"
"[0.3573288279825958, 0.4632675287382825, 0.5993740543456373, 0.31949009781047505]",stable,0.2815006176272576,1514,"[0.20893970119695565, 0.645938280797957, 0.7528387405381043, 0.33690420732325943]"
"[0.5341666593537887, 0.3738581370070892, 0.8299616533949368, 0.5753054542046098]",stable,0.27285669599356055,1515,"[0.3883012651460965, 0.5866601892360488, 0.8497309568917762, 0.4887114328893372]"
"[0.3412758406048533, 0.5906090531884479, 0.8824644766211754, 0.47269350316510117]",stable,0.3705477223448443,1516,"[0.5253624149894542, 0.42941506615481184, 0.8766030665763253, 0.19448514584494322]"
"[0.3870372680323696, 0.35018234046448266, 0.9089661935890704, 0.3421804245059369]",stable,0.43267903254908496,1517,"[0.27649041506597744, 0.5445961468026427, 0.6720889883599449, 0.6269311928188357]"
"[0.3452319809418923, 0.26995035586585825, 0.7027396591556488, 0.4125275879928662]",stable,0.5120996759231253,1518,"[0.5175772272680756, 0.7110009513310465, 0.8899636651263286, 0.3580781804898372]"
"[0.3870372680323696, 0.35018234046448266, 0.9089661935890704, 0.3421804245059369]",stable,0.4703489220629711,1519,"[0.15562189342439472, 0.6711250835226322, 0.7942382549133461, 0.5691348001993333]"
"[0.3410086245900751, 0.5963492797163561, 0.8801579899582418, 0.4721742452896431]",stable,0.20482127623759122,1520,"[0.31149790470515804, 0.6282372272153824, 0.7142469905317395, 0.5841455437775507]"
"[0.5443525217533199, 0.49416998151247815, 0.6138195782271683, 0.5533363851105023]",stable,0.3482225407510641,1521,"[0.4362715021648996, 0.4652332321463407, 0.8885499338338528, 0.37095401936150785]"
"[0.38808480492880637, 0.35263023177686253, 0.9085318050836402, 0.3427926286518001]",stable,0.39401381757859294,1522,"[0.4030168688129539, 0.5822704607512295, 0.6909601977368607, 0.5772108080324863]"
"[0.5419157001508998, 0.4956889552924566, 0.6151495889083699, 0.5537480130919158]",stable,0.421237862350776,1523,"[0.3493944380322299, 0.38884073494883736, 0.9634625524008851, 0.6411461685790246]"
"[0.3410086245900751, 0.5963492797163561, 0.8801579899582418, 0.4721742452896431]",stable,0.13181903012811214,1524,"[0.42302869684701605, 0.5691542272585896, 0.8157720014120813, 0.5480941903082963]"
"[0.34328695993054564, 0.5955938615925293, 0.8783694902764041, 0.47428313265127237]",stable,0.16295465304573287,1525,"[0.45849652770207794, 0.5532148394563223, 0.7797491592591299, 0.5162238436129863]"
"[0.34640073203247895, 0.594448482615875, 0.8757040759245859, 0.47541666537996735]",stable,0.2565778883188728,1526,"[0.5334125635995959, 0.6323393182121358, 0.999369613981201, 0.5942859503238469]"
"[0.6655293770691745, 0.6913744477729595, 0.9151126311775648, 0.6345534156565862]",stable,0.2654432001975677,1527,"[0.4935200491008655, 0.7253094931218378, 0.9844500046906111, 0.44770153593765327]"
"[0.3502722930079628, 0.5978921934186635, 0.8785658108921128, 0.4746873198683275]",stable,0.4599994614922292,1528,"[0.37713820606553894, 0.5817172944410023, 0.42925274520488244, 0.5681424905895276]"
"[0.3573288279825958, 0.4632675287382825, 0.5993740543456373, 0.31949009781047505]",stable,0.2996221218308189,1529,"[0.46962711426141845, 0.5976917505106509, 0.5071469977718577, 0.5444052138562215]"
"[0.5406904698815866, 0.4974178162283582, 0.6133190365162255, 0.5535896605624973]",stable,0.2679547802551361,1530,"[0.4989507850957203, 0.6116888119023247, 0.4719519457658737, 0.36119670805119325]"
"[0.30004251716523905, 0.7155231332087735, 0.2573604896323137, 0.45090089971606273]",stable,0.26929365188097937,1531,"[0.325941071049791, 0.4789557082108118, 0.3731808802339657, 0.4012035516902615]"
"[0.3573288279825958, 0.4632675287382825, 0.5993740543456373, 0.31949009781047505]",stable,0.5592578674397168,1532,"[0.0274313208302657, 0.6095938113532713, 0.21287536733738815, 0.5015460810268366]"
"[0.11841015156506589, 0.7439384261465602, 0.3264433036364198, 0.26845654035469385]",stable,0.5280140710788656,1533,"[0.37943613708614, 0.43633714852323036, 0.5182479063120462, 0.5499822808065565]"
"[0.3573288279825958, 0.4632675287382825, 0.5993740543456373, 0.31949009781047505]",stable,0.22724629980555686,1534,"[0.3047094058916622, 0.5476500567132473, 0.6195184631477866, 0.11615326159849065]"
"[0.33978888363049686, 0.4073010572656647, 0.3591189372893029, 0.4918224137998861]",stable,0.7317327009169401,1535,"[0.12893426256859702, 0.20828526133032535, 0.9653909553623989, 0.2023400698860619]"
"[0.13830542684615477, 0.31093335648520365, 0.9468491675549613, 0.46912686118633173]",stable,0.4173963452680679,1536,"[0.4031662422293466, 0.44834420064868485, 0.6552551174808282, 0.4817612343537806]"
"[0.538398399420716, 0.4965999226353636, 0.614017971198969, 0.5523925201256854]",stable,0.4468771983778119,1537,"[0.30968309268359284, 0.32899434673251143, 0.895635900297328, 0.3524218927056294]"
"[0.38645143592369774, 0.35213781750510526, 0.908263140400592, 0.34299323831958817]",stable,0.4713444656941217,1538,"[0.07565517703666008, 0.6565191649554112, 0.7321513497065567, 0.3866730197427477]"
"[0.5298696309509618, 0.37420656951736236, 0.8330663254648425, 0.5768366336086659]",stable,0.3575125626613532,1539,"[0.29224200115106824, 0.2094405240503045, 0.8724397131169952, 0.3703173158141472]"
"[0.3845287943977257, 0.34922562784276234, 0.9075320500478655, 0.34355087255417105]",stable,0.23105543994766384,1540,"[0.2688833289650757, 0.46043868425264445, 0.7498711372573866, 0.2907547049250747]"
"[0.33978888363049686, 0.4073010572656647, 0.3591189372893029, 0.4918224137998861]",stable,0.5146413402825923,1541,"[0.37187029394708504, 0.11271983182009554, 0.7791593160517032, 0.467033826424084]"
"[0.34583739714655576, 0.26637693486481817, 0.7044764695396502, 0.4137663661390303]",stable,0.2825439042471788,1542,"[0.265372312032653, 0.459304514235633, 0.8819908200420791, 0.3457661279874615]"
"[0.3821456647504242, 0.3514272055706198, 0.9070212254477498, 0.3435951776628368]",stable,0.3963340275239171,1543,"[0.18506327380087648, 0.30342234076596336, 0.7211875257073106, 0.05828734120052431]"
"[0.09654888277700414, 0.588264274551904, 0.4671986829299651, 0.45910474555955144]",stable,0.22695265525427102,1544,"[0.29020186121673436, 0.6414276910832991, 0.5061195148953995, 0.3607947681909589]"
"[0.43145694529522843, 0.5862739041509035, 0.34354654077079533, 0.29988224750231207]",stable,0.6307905034635548,1545,"[0.19155092047091746, 0.22732138151612769, 0.7993746776941097, 0.3608375967011559]"
"[0.3821456647504242, 0.3514272055706198, 0.9070212254477498, 0.3435951776628368]",stable,0.29993023506602295,1546,"[0.4419806109641408, 0.3653244393320191, 0.6202753830184677, 0.4065365302195131]"
"[0.33978888363049686, 0.4073010572656647, 0.3591189372893029, 0.4918224137998861]",stable,0.16956695316939602,1547,"[0.19645594649944043, 0.4305866660603778, 0.3254738585192585, 0.5726581103587323]"
"[0.35628414023950483, 0.4629640212213022, 0.6029211436120583, 0.31680443490883897]",stable,0.2715137418568235,1548,"[0.13304948323893595, 0.5736173906119097, 0.6131257038825585, 0.4242181152439045]"
"[0.43145694529522843, 0.5862739041509035, 0.34354654077079533, 0.29988224750231207]",stable,0.4546528402383542,1549,"[0.1305167561322781, 0.47738202839473914, 0.6661655093433729, 0.28560750775546273]"
"[0.5298696309509618, 0.37420656951736236, 0.8330663254648425, 0.5768366336086659]",stable,0.3990020888739038,1550,"[0.3648878307474795, 0.4127675785084768, 0.4761977831513567, 0.6328862956949964]"
"[0.35628414023950483, 0.4629640212213022, 0.6029211436120583, 0.31680443490883897]",stable,0.43171011974630985,1551,"[0.5596688128915681, 0.7505470885817717, 0.3558032400171725, 0.35197577994991863]"
"[0.6604192949554133, 0.7849058607929545, 0.4420461083819303, 0.46292646956219874]",stable,0.32225813031557327,1552,"[0.49028602576801494, 0.6182187102653207, 0.5255519524231325, 0.663293984718827]"
"[0.8831795578399553, 0.6164653512142705, 0.3697436174690333, 0.9370527720777752]",anomaly,0.5413195515377297,1553,"[0.7993855615130872, 0.4418522520025998, 0.11885000872152368, 0.498226968677464]"
"[0.8831795578399553, 0.6164653512142705, 0.3697436174690333, 0.9370527720777752]",stable,0.2432438257523496,1554,"[0.7526734344841505, 0.6192154422241184, 0.4399051399102122, 0.7441654777801663]"
"[0.6090807448830682, 0.6163695325538858, 0.408555313073684, 0.6458624660515278]",anomaly,0.30502438790299985,1555,"[0.6841637497306989, 0.39631057321040364, 0.22643682097117293, 0.7220814193743179]"
"[0.6090807448830682, 0.6163695325538858, 0.408555313073684, 0.6458624660515278]",stable,0.4408966958623437,1556,"[0.9353086445608125, 0.5270697640728335, 0.1324504641411698, 0.7071561658857155]"
"[0.9186223829981306, 0.8460360813490997, 0.3896615619960014, 0.6665009161545361]",stable,0.4125792675613264,1557,"[0.6452836030919138, 0.5509873208694428, 0.4266646950454852, 0.7506707474764627]"
"[0.6095017083506129, 0.6156092742784853, 0.4087658872826585, 0.6470811669983294]",stable,0.49855889478386617,1558,"[1.0, 0.3976296063741863, 0.21912024431170382, 0.5348695353842892]"
"[0.9230467524109833, 0.7686488004531375, 0.5219404932599678, 0.8513169424362018]",stable,0.45174605686522007,1559,"[0.5749998183629272, 0.5951153638986669, 0.4206605725960448, 0.6450007878071284]"
"[0.6091051349024785, 0.6153737120902115, 0.40890260780350196, 0.6470572545938329]",stable,0.33341254912993074,1560,"[0.8825990463730026, 0.7218148047473836, 0.5654883569792589, 0.6243371037385703]"
"[0.9186223829981306, 0.8460360813490997, 0.3896615619960014, 0.6665009161545361]",stable,0.654381451688789,1561,"[0.601109952007153, 0.29127190956863014, 0.4942293439879672, 0.5732097956845956]"
"[0.6971058534797078, 0.7166692513230214, 0.6993144244301891, 0.4716529021296428]",stable,0.6009720926939613,1562,"[0.7186095329982987, 0.2769202478792391, 0.3973106110099409, 0.7475506342949312]"
"[0.6971058534797078, 0.7166692513230214, 0.6993144244301891, 0.4716529021296428]",stable,0.6162135644402962,1563,"[0.7939958315683708, 0.3347246807826493, 0.2962345145369457, 0.7206035406533849]"
"[0.6971058534797078, 0.7166692513230214, 0.6993144244301891, 0.4716529021296428]",anomaly,0.5053477237997032,1564,"[1.0, 0.35840024606832777, 0.5262542702980221, 0.5446252316720639]"
"[0.6971058534797078, 0.7166692513230214, 0.6993144244301891, 0.4716529021296428]",stable,0.4457739840927154,1565,"[0.7449307604550914, 0.6125990550806546, 0.3841889803249526, 0.7654088755127233]"
"[0.6106486079201218, 0.6153421818969211, 0.40862177112760933, 0.6484021593770021]",stable,0.28542341528443116,1566,"[0.8645077361525699, 0.5116511935411989, 0.4151209207409612, 0.56948442376702]"
"[0.9230467524109833, 0.7686488004531375, 0.5219404932599678, 0.8513169424362018]",stable,0.38670961769232437,1567,"[0.6315855646240869, 0.8324108315467638, 0.35956992090959483, 0.666479432565984]"
"[0.6108838546246607, 0.6177811554884924, 0.4080706267431372, 0.6486052748060918]",stable,0.42093832309363033,1568,"[1.0, 0.6001840052942417, 0.36065941928959605, 0.8009870813643339]"
"[0.9230467524109833, 0.7686488004531375, 0.5219404932599678, 0.8513169424362018]",stable,0.530730663129672,1569,"[0.8506405461640955, 0.45071345422125375, 0.24062048003247008, 0.5411419211061677]"
"[0.9230467524109833, 0.7686488004531375, 0.5219404932599678, 0.8513169424362018]",stable,0.16947614718326875,1570,"[0.9744566192422376, 0.7260482652866216, 0.39649744706945494, 0.9436664233359284]"
"[0.9186223829981306, 0.8460360813490997, 0.3896615619960014, 0.6665009161545361]",stable,0.42653147555331766,1571,"[0.6893822917264816, 0.7635515187798005, 0.5597120530970798, 0.9725355671427696]"
"[0.6604192949554133, 0.7849058607929545, 0.4420461083819303, 0.46292646956219874]",anomaly,0.6529312820350688,1572,"[0.8339604344679542, 0.2009374199292585, 0.6498937863545654, 0.572393061695393]"
"[0.6604192949554133, 0.7849058607929545, 0.4420461083819303, 0.46292646956219874]",anomaly,0.7626556423393834,1573,"[1.0, 0.22352937755836083, 0.8272361428544686, 0.4098825729507738]"
"[0.6604192949554133, 0.7849058607929545, 0.4420461083819303, 0.46292646956219874]",stable,0.4988617685798699,1574,"[0.6197332074118486, 0.326081868800186, 0.5994201832890624, 0.5721127844096985]"
"[0.5397317569287673, 0.49380454470363944, 0.6137786632004459, 0.5527158031467347]",stable,0.41769960163348,1575,"[0.6406793968725728, 0.2976614525060995, 0.9618570286447723, 0.48451118389453873]"
"[0.5298696309509618, 0.37420656951736236, 0.8330663254648425, 0.5768366336086659]",stable,0.3332595982548211,1576,"[0.22429451715934678, 0.37645683864947405, 0.7874377592254498, 0.45194155807733566]"
"[0.342408808775986, 0.2655090336792917, 0.7065853186097493, 0.4125901712626331]",stable,0.262334356677804,1577,"[0.39705384335855826, 0.2698765972427007, 0.9607665289031304, 0.4473187130019337]"
"[0.38243798197803475, 0.3498281740347782, 0.908075054927267, 0.34562897247340735]",stable,0.3790545672339424,1578,"[0.3661029060942601, 0.5041483988526595, 0.8179330411554195, 0.6795080161435624]"
"[0.342408808775986, 0.2655090336792917, 0.7065853186097493, 0.4125901712626331]",stable,0.47090649869752,1579,"[0.7712303007750557, 0.4104447563596721, 0.8321877225639397, 0.37968529430961206]"
"[0.5298696309509618, 0.37420656951736236, 0.8330663254648425, 0.5768366336086659]",stable,0.3263860431498946,1580,"[0.5653362512903783, 0.5619619155585718, 0.5686132528671741, 0.5859179568240673]"
"[0.5401447326442771, 0.49490385713678353, 0.6130501888402319, 0.5532513217544337]",stable,0.4071910035676161,1581,"[0.7758771263164396, 0.5750743956002008, 0.48621075431514094, 0.8494255856124466]"
"[0.9186223829981306, 0.8460360813490997, 0.3896615619960014, 0.6665009161545361]",stable,0.5916101592889392,1582,"[0.593972225304584, 0.5352013860034457, 0.773941312527054, 0.6487323713461989]"
"[0.3502722930079628, 0.5978921934186635, 0.8785658108921128, 0.4746873198683275]",stable,0.4207407180278755,1583,"[0.632568708221236, 0.4262185109616272, 0.7116236646224646, 0.2747124406587839]"
"[0.38243798197803475, 0.3498281740347782, 0.908075054927267, 0.34562897247340735]",stable,0.6971707871190542,1584,"[0.6279377727789758, 0.956514723528556, 0.7162662570070499, 0.49025875790030643]"
"[0.5313265080953623, 0.3778655426193188, 0.831722575170802, 0.5784706276481553]",stable,0.21623011377996204,1585,"[0.5067053520978775, 0.4324480137835648, 1.0, 0.4565988798265182]"
"[0.38482773909572404, 0.35141701710687023, 0.9098428423325119, 0.34776300915327485]",stable,0.20487627983117138,1586,"[0.5487514688842458, 0.24015339098584687, 0.9593687976154509, 0.3313043911859725]"
"[0.38792063965777157, 0.34931770340647356, 0.9107772943189825, 0.3474524691916277]",stable,0.37202824254912586,1587,"[0.2595728536683573, 0.36755078944121633, 0.5660702161936251, 0.40014444153785106]"
"[0.3372732668216868, 0.40791280471327157, 0.3608941238231755, 0.49654368142656596]",stable,0.09210663836735905,1588,"[0.37247014614102514, 0.38705210850329363, 0.3963898237799065, 0.422047378459693]"
"[0.3545257532109385, 0.46122923518893705, 0.6022511267499049, 0.3183197077566392]",stable,0.507717822689372,1589,"[0.202081960024499, 0.8009973999796586, 0.25801902190779535, 0.34281725020650033]"
"[0.12019040280888361, 0.7451524468664134, 0.3249874678549597, 0.2700386831174983]",stable,0.3904433515485888,1590,"[0.0, 0.6259728309910247, 0.6760374571059938, 0.2463658706995197]"
"[0.5313265080953623, 0.3778655426193188, 0.831722575170802, 0.5784706276481553]",stable,0.6231107101324549,1591,"[0.11829636713471701, 0.38438140347092664, 0.3654752008861859, 0.5628504717633591]"
"[0.3545257532109385, 0.46122923518893705, 0.6022511267499049, 0.3183197077566392]",stable,0.4446119160737522,1592,"[0.23019409205137845, 0.5113035818891913, 0.18004947487188744, 0.28011343991883875]"
"[0.3545257532109385, 0.46122923518893705, 0.6022511267499049, 0.3183197077566392]",stable,0.11341489193133544,1593,"[0.28445928763548567, 0.5290931313211238, 0.5676158008652452, 0.36467177261014466]"
"[0.3335226541611229, 0.4070068435407752, 0.36171201723174157, 0.49637654851574803]",stable,0.3261897257445828,1594,"[0.23086105516417538, 0.6277148777519838, 0.4474010906588382, 0.2968629409533922]"
"[0.43145694529522843, 0.5862739041509035, 0.34354654077079533, 0.29988224750231207]",stable,0.5059212925526247,1595,"[0.0, 0.6749391329073106, 0.49707056218338275, 0.49576514791352755]"
"[0.43145694529522843, 0.5862739041509035, 0.34354654077079533, 0.29988224750231207]",stable,0.3117367117553886,1596,"[0.2004524622178065, 0.6518488678891475, 0.4309556987449008, 0.4784215134557184]"
"[0.43145694529522843, 0.5862739041509035, 0.34354654077079533, 0.29988224750231207]",stable,0.19013544977417338,1597,"[0.6121419780642099, 0.5956123750960189, 0.37843872594341027, 0.2529808981785827]"
"[0.30004251716523905, 0.7155231332087735, 0.2573604896323137, 0.45090089971606273]",stable,0.26735204815495367,1598,"[0.17047638912628854, 0.8606930080183433, 0.41235055528991826, 0.5488474316243862]"
"[0.4345722044809005, 0.5864349122706469, 0.3441481301703232, 0.29907360354845464]",stable,0.2871399939705257,1599,"[0.1755549337938326, 0.6169718317615321, 0.3841671830244988, 0.4123228930821096]"
"[0.4345722044809005, 0.5864349122706469, 0.3441481301703232, 0.29907360354845464]",stable,0.2822116202117771,1600,"[0.18696622029133475, 0.707481939938899, 0.28737604149179996, 0.3205030742799524]"
"[0.12158156567310134, 0.7443676446387569, 0.32420389647239384, 0.2710900246000494]",stable,0.31479816613389044,1601,"[0.37542392189474494, 0.7752789135052827, 0.4522553255794593, 0.4026547180014488]"
"[0.5401447326442771, 0.49490385713678353, 0.6130501888402319, 0.5532513217544337]",anomaly,0.6695396543312737,1602,"[0.40749409072050136, 0.44700230664294244, 0.9627723247660407, 0.0]"
"[0.5401447326442771, 0.49490385713678353, 0.6130501888402319, 0.5532513217544337]",stable,0.4262209474784416,1603,"[0.3758246604641935, 0.5361885887496369, 0.9340289345585473, 0.7767047300544734]"
"[0.5209157758466112, 0.5451848196914905, 0.8821455411581149, 0.8571021799249822]",stable,0.4408708441603675,1604,"[0.36321318935201824, 0.399182829283643, 0.9012637480918134, 0.47263513529803686]"
"[0.3874630942817391, 0.35024113166345816, 0.9106011175369979, 0.34977066671211676]",stable,0.5133665578379905,1605,"[0.42685334296912175, 0.651937236345654, 0.6679529952999361, 0.6845765510827329]"
"[0.5401447326442771, 0.49490385713678353, 0.6130501888402319, 0.5532513217544337]",stable,0.3246036487434686,1606,"[0.7159706402272654, 0.28830007228098364, 0.5051859028371368, 0.6951419517780277]"
"[0.694720747248648, 0.7249397848473502, 0.6998989703811154, 0.47229448336311397]",stable,0.418788568302384,1607,"[0.5623199265298917, 0.5814901440380409, 0.8828290060977099, 0.794494250895876]"
"[0.5228874020696246, 0.5469136446603738, 0.8821780871076195, 0.8541208499712153]",anomaly,0.5501187155683172,1608,"[0.6079559137792309, 0.9103013637978961, 0.9317929032157312, 0.4530202576796616]"
"[0.5228874020696246, 0.5469136446603738, 0.8821780871076195, 0.8541208499712153]",stable,0.22052081112070343,1609,"[0.4030788095067669, 0.70852004140983, 0.9090552268511884, 0.9403549567637259]"
"[0.694720747248648, 0.7249397848473502, 0.6998989703811154, 0.47229448336311397]",stable,0.6846323569448332,1610,"[0.07360343024845795, 0.6111699523638703, 0.6960363723021714, 0.7368247240749922]"
"[0.09274769291136653, 0.5813659482967004, 0.7672749812460977, 0.7951375518758081]",stable,0.6663302231805943,1611,"[0.0, 0.3023124098946749, 0.7466053734249289, 0.19756268476596406]"
"[0.35327456632566256, 0.46244109047701176, 0.6016326387876789, 0.31914742320045175]",stable,0.465159716746507,1612,"[0.14378247134302058, 0.6295745255833287, 0.7561859302810383, 0.6665180022390421]"
"[0.10055062387630344, 0.18782957346850493, 0.6584140059852933, 0.27138777953089316]",stable,0.7465527718060371,1613,"[0.3204198924512607, 0.7783189437768483, 0.44132902393634055, 0.6078323662747612]"
"[0.5401447326442771, 0.49490385713678353, 0.6130501888402319, 0.5532513217544337]",stable,0.5625882518475565,1614,"[0.17155659073439075, 0.6262982798422506, 0.3488366410514404, 0.24735096280226737]"
"[0.1226014641437399, 0.7419580657653588, 0.32470660554543557, 0.2706055539511151]",stable,0.5339280824857247,1615,"[0.5206736700791377, 0.6781121348386101, 0.5945852399524323, 0.49355607743854807]"
"[0.5401447326442771, 0.49490385713678353, 0.6130501888402319, 0.5532513217544337]",stable,0.41226116468717733,1616,"[0.17754736503202187, 0.34113263180295494, 0.6459823698878866, 0.4359811268169799]"
"[0.3874630942817391, 0.35024113166345816, 0.9106011175369979, 0.34977066671211676]",stable,0.5144928020461611,1617,"[0.4463090156821726, 0.5241332002914002, 0.44786634426441196, 0.47968632767917574]"
"[0.35327456632566256, 0.46244109047701176, 0.6016326387876789, 0.31914742320045175]",stable,0.46530976011260083,1618,"[0.10037532162767354, 0.7927657393754345, 0.4575183107712844, 0.16857574034557488]"
"[0.12215694129341857, 0.7429742192375604, 0.3273628396499525, 0.2685649576790043]",stable,0.329621043414917,1619,"[0.34548673198911706, 0.6839064350394629, 0.5541788705952915, 0.3305272189828343]"
"[0.4345722044809005, 0.5864349122706469, 0.3441481301703232, 0.29907360354845464]",stable,0.19284077597209145,1620,"[0.5040330699386019, 0.6059882038860458, 0.522897912116586, 0.30445294259262634]"
"[0.30004251716523905, 0.7155231332087735, 0.2573604896323137, 0.45090089971606273]",stable,0.4721392091122407,1621,"[0.46144455451001715, 0.43221439320461186, 0.5629294531258903, 0.2984916430785388]"
"[0.33577838139154387, 0.40934937067578764, 0.36343510377239496, 0.49604274409901655]",stable,0.24398702546798814,1622,"[0.4572827990379135, 0.5677917696466388, 0.4822013539752267, 0.5705875568645824]"
"[0.5388294638568746, 0.49606080812900344, 0.610973223207454, 0.5535265000895154]",stable,0.4032129041436815,1623,"[0.4504942919774186, 0.44189568090975123, 0.8650729412561766, 0.25809966353283004]"
"[0.3886091160580242, 0.3519075780133908, 0.9097733325137103, 0.3481039211997661]",stable,0.17132900846745452,1624,"[0.4332054765698044, 0.343577341627624, 0.8017481415047374, 0.47310775730400967]"
"[0.3502722930079628, 0.5978921934186635, 0.8785658108921128, 0.4746873198683275]",stable,0.4909753671036946,1625,"[0.48853623066079654, 0.7895218559275419, 0.49258148644889155, 0.6650398044283785]"
"[0.9228437974149173, 0.555113645270804, 0.36677781125214765, 0.6712459381977134]",stable,0.3530457823084902,1626,"[0.7787759388872298, 0.6614729381150153, 0.6063032440627903, 0.4836265244697794]"
"[0.5291460407281277, 0.3771035825972812, 0.8310564766448895, 0.5761292305293965]",stable,0.4837772074291904,1627,"[0.7926833740331487, 0.7028230257811658, 0.8762071485566487, 0.33852299841339956]"
"[0.5291460407281277, 0.3771035825972812, 0.8310564766448895, 0.5761292305293965]",stable,0.6756379536399739,1628,"[0.9787121268978587, 0.6573164586745146, 0.5041329522544481, 0.8387672549003908]"
"[0.9186223829981306, 0.8460360813490997, 0.3896615619960014, 0.6665009161545361]",stable,0.4564326145352184,1629,"[0.5405578550603325, 0.628034429071857, 0.4966043023790745, 0.746728556094746]"
"[0.9228437974149173, 0.555113645270804, 0.36677781125214765, 0.6712459381977134]",stable,0.5153902309933351,1630,"[0.5297980237298018, 0.4117892593492578, 0.6653493812006962, 0.7093936512392967]"
"[0.538688347604889, 0.49474406517931996, 0.6118228506760984, 0.5559619243262307]",stable,0.22837097131061138,1631,"[0.43882793340575393, 0.327239947944719, 0.6191219737055063, 0.6745801848335737]"
"[0.537152033540287, 0.4921670787603261, 0.6119351448765508, 0.5577868206417282]",stable,0.3893462025123169,1632,"[0.31994975370719947, 0.30837779452360875, 0.5161041423968677, 0.309892583093605]"
"[0.33577838139154387, 0.40934937067578764, 0.36343510377239496, 0.49604274409901655]",stable,0.7235325507485032,1633,"[0.15741713819006278, 0.005740463248085248, 0.9215721374516672, 0.36462919686366985]"
"[0.13830542684615477, 0.31093335648520365, 0.9468491675549613, 0.46912686118633173]",stable,0.27001055684817316,1634,"[0.39234206053869, 0.2755475107552103, 0.8631508003441817, 0.45847252874136724]"
"[0.38867577578089324, 0.3505440053837804, 0.9089407872963973, 0.35007478919158036]",stable,0.29757286132101857,1635,"[0.3584872315379408, 0.24538882789296956, 0.9413908492163066, 0.6248977171279874]"
"[0.5291460407281277, 0.3771035825972812, 0.8310564766448895, 0.5761292305293965]",stable,0.5005004760637949,1636,"[0.20815697675024888, 0.10116904469109142, 0.6879253786363257, 0.3506511452970374]"
"[0.35456500038714345, 0.4592636768007048, 0.5994907132350479, 0.31863172285168]",stable,0.6066291842669825,1637,"[0.23729842049398786, 0.0, 0.9525272785073413, 0.18192190170913627]"
"[0.13830542684615477, 0.31093335648520365, 0.9468491675549613, 0.46912686118633173]",stable,0.5479851723007533,1638,"[0.41996715149867025, 0.10591319704163923, 0.9960508853233727, 0.049007417316341506]"
"[0.13830542684615477, 0.31093335648520365, 0.9468491675549613, 0.46912686118633173]",stable,0.34748755867543546,1639,"[0.1924733022125927, 0.024753040629245437, 0.7579825211528366, 0.45351720373015914]"
"[0.13830542684615477, 0.31093335648520365, 0.9468491675549613, 0.46912686118633173]",stable,0.15557152526457965,1640,"[0.23520691048710946, 0.2962473515197115, 0.8992802831682672, 0.35806775783280914]"
"[0.38867577578089324, 0.3505440053837804, 0.9089407872963973, 0.35007478919158036]",stable,0.3229843243882395,1641,"[0.37333761818199135, 0.5740228782785186, 0.8062065358410231, 0.5588485463297804]"
"[0.35086371160216867, 0.5972801596971213, 0.8767104448651617, 0.4768453000340058]",stable,0.33395054444353206,1642,"[0.3426567501927021, 0.373700805752291, 0.8858778562564318, 0.22908767053180362]"
"[0.3878684244547846, 0.35095026503936827, 0.9085361744711348, 0.3479522081624615]",stable,0.5540174157812144,1643,"[0.541210698073554, 0.3843122287577042, 0.4772352305192465, 0.6582551556724522]"
"[0.7005922897784248, 0.7221790233699785, 0.7025671139894124, 0.4683448238843059]",stable,0.4589098302707169,1644,"[0.5602383785794713, 0.44322487782564063, 0.3812657611340996, 0.5675871397945496]"
"[0.9228437974149173, 0.555113645270804, 0.36677781125214765, 0.6712459381977134]",stable,0.22213099661222752,1645,"[0.8142655069167835, 0.6453441004148371, 0.49851168533123935, 0.561438898928553]"
"[0.9186223829981306, 0.8460360813490997, 0.3896615619960014, 0.6665009161545361]",stable,0.4259941114730882,1646,"[0.6282073551218573, 0.7598031927284643, 0.42595310872174796, 0.9637834537341312]"
"[0.6604192949554133, 0.7849058607929545, 0.4420461083819303, 0.46292646956219874]",stable,0.4280203000461167,1647,"[0.5333953466892557, 0.7036988837290084, 0.8417492797856219, 0.43629762309054076]"
"[0.35542700247934583, 0.5999406277979185, 0.8758364157381733, 0.47583160811041925]",stable,0.778805256683902,1648,"[1.0, 0.5844915496285925, 0.46587196881212717, 0.626675093041179]"
"[0.8827216901222058, 0.6184136928845071, 0.37383564508179123, 0.9347380996432842]",stable,0.5527651092096273,1649,"[0.7275296082700814, 0.6552583641476825, 0.7701546592261307, 0.5839698101456414]"
"[0.5291460407281277, 0.3771035825972812, 0.8310564766448895, 0.5761292305293965]",stable,0.9226663875617518,1650,"[1.0, 0.64364093129564, 0.09967121278110835, 0.7298928456209112]"
"[0.9186223829981306, 0.8460360813490997, 0.3896615619960014, 0.6665009161545361]",stable,0.32047470711275633,1651,"[0.9316788557746128, 0.8033830098584895, 0.6120843790530985, 0.8928686973479867]"
"[0.9186223829981306, 0.8460360813490997, 0.3896615619960014, 0.6665009161545361]",stable,0.5317694836613636,1652,"[0.7299036146755497, 0.39145283961567445, 0.4844380807664135, 0.8440832859471855]"
"[0.7014340809812891, 0.7200877527692817, 0.7046792247780598, 0.4719581047049726]",stable,0.4829089915276176,1653,"[0.9874818121217143, 0.63652481781712, 0.3681598074149104, 0.6484509012927738]"
"[0.8827216901222058, 0.6184136928845071, 0.37383564508179123, 0.9347380996432842]",stable,0.22633896631405426,1654,"[0.850768590985714, 0.7484293823041428, 0.4092628554878099, 0.7557153066942505]"
"[0.9240209566208395, 0.7674882226899062, 0.5230364984840227, 0.8517563676994742]",stable,0.2159454124872191,1655,"[0.9776708403033724, 0.7304416995990616, 0.5354415774334241, 0.6462623767939868]"
"[0.9176096398337662, 0.8445792649454436, 0.3899541186152821, 0.667832474222293]",stable,0.29248833871784263,1656,"[0.8593900950309701, 0.8101154608568322, 0.16153582456267718, 0.8375299757911675]"
"[0.9240209566208395, 0.7674882226899062, 0.5230364984840227, 0.8517563676994742]",stable,0.26688432568971243,1657,"[1.0, 0.5535358187633197, 0.4013274574395652, 0.7820017517367045]"
"[0.8827216901222058, 0.6184136928845071, 0.37383564508179123, 0.9347380996432842]",stable,0.2510812622247875,1658,"[0.7151410473677646, 0.7544426103348808, 0.41079213701211686, 0.8119012984154599]"
"[0.6604192949554133, 0.7849058607929545, 0.4420461083819303, 0.46292646956219874]",anomaly,0.5742754925241494,1659,"[0.9810778345567998, 0.9484412961291536, 0.7312301099898895, 0.8043927444678888]"
"[0.6604192949554133, 0.7849058607929545, 0.4420461083819303, 0.46292646956219874]",stable,0.5247061131723227,1660,"[0.9530909821408537, 0.6915806882831811, 0.4346001181314266, 0.8882437136584669]"
"[0.9176096398337662, 0.8445792649454436, 0.3899541186152821, 0.667832474222293]",stable,0.40135144084032837,1661,"[0.818617383916843, 0.6035828662130964, 0.08466561774595749, 0.6660493959610057]"
"[0.9244548375987502, 0.766355274415179, 0.5217165525086108, 0.8523009549525934]",anomaly,0.62180427451481,1662,"[0.8777857410272155, 0.6495855360855409, 0.4260295746429725, 0.2509097497396682]"
"[0.9244548375987502, 0.766355274415179, 0.5217165525086108, 0.8523009549525934]",stable,0.6016317489178914,1663,"[0.4371696492760986, 0.7739472352819687, 0.4532678567377893, 0.5062214196939635]"
"[0.537152033540287, 0.4921670787603261, 0.6119351448765508, 0.5577868206417282]",stable,0.1995843957827226,1664,"[0.5030110245588695, 0.48390393951173943, 0.560698887798663, 0.36811634577520536]"
"[0.33577838139154387, 0.40934937067578764, 0.36343510377239496, 0.49604274409901655]",stable,0.19978890978660682,1665,"[0.2767942568141427, 0.6000681003462666, 0.3581749669199352, 0.5019739020576891]"
"[0.1541679270784015, 0.44802592781815603, 0.3831561219754899, 0.28290453718044767]",stable,0.4082861147152829,1666,"[0.3497241380337185, 0.457139000536596, 0.10768926314609273, 0.5120121132629379]"
"[0.1541679270784015, 0.44802592781815603, 0.3831561219754899, 0.28290453718044767]",stable,0.28859423352512686,1667,"[0.1587143208416788, 0.3425937877363383, 0.33806206122578547, 0.5476998382161243]"
"[0.3570810346951388, 0.45968130837207827, 0.5988332246683296, 0.31947044527411267]",stable,0.3143253408879283,1668,"[0.3584913263499899, 0.7230494302779114, 0.4637744486956704, 0.4252758817994723]"
"[0.537152033540287, 0.4921670787603261, 0.6119351448765508, 0.5577868206417282]",stable,0.6205726590810026,1669,"[0.18912353321038822, 0.48273377493902037, 0.386622028383744, 0.09612503916929394]"
"[0.2995258891574369, 0.7129574658118288, 0.25960081134981644, 0.4520358553236544]",stable,0.4018269873880849,1670,"[0.3789983415716865, 0.527833742467794, 0.22654756487576994, 0.10593507946001063]"
"[0.3570810346951388, 0.45968130837207827, 0.5988332246683296, 0.31947044527411267]",stable,0.37453140306994565,1671,"[0.3516258868087693, 0.6524990266609707, 0.37083599335010564, 0.5454850538111927]"
"[0.15489616887281787, 0.44874900796650735, 0.38322832835899523, 0.27901329763854865]",stable,0.38627415346666366,1672,"[0.08040345238039578, 0.5401855579635163, 0.6700958571858382, 0.5092413043088757]"
"[0.43574950728526834, 0.5867663239929417, 0.34717778749144634, 0.29916477878649145]",stable,0.4696615378532282,1673,"[0.3131063814949061, 0.30216191777871676, 0.6608743726035909, 0.4608292717571376]"
"[0.3878684244547846, 0.35095026503936827, 0.9085361744711348, 0.3479522081624615]",stable,0.5294132094442516,1674,"[0.4773868160721787, 0.5774641419947995, 0.4416801786912982, 0.29316401009631887]"
"[0.3006584978020311, 0.7116431519172449, 0.26201896748025755, 0.45406735963860084]",stable,0.5458727561737658,1675,"[0.3222431759377944, 0.4272038072059947, 0.7263067654721942, 0.4217831929534859]"
"[0.3878684244547846, 0.35095026503936827, 0.9085361744711348, 0.3479522081624615]",stable,0.42944167379396553,1676,"[0.1428739008836382, 0.6904462334020085, 1.0, 0.37578547416284636]"
"[0.3323065370670367, 0.4080404376769749, 0.36293759313422613, 0.49705562829739125]",stable,0.4606597282800788,1677,"[0.5183457921821757, 0.23058112292037486, 0.7446602061331257, 0.5168752939527607]"
"[0.35542700247934583, 0.5999406277979185, 0.8758364157381733, 0.47583160811041925]",stable,0.36639080091228243,1678,"[0.20554573980181068, 0.33121943308006546, 0.7855230205915942, 0.2986022757248373]"
"[0.3878684244547846, 0.35095026503936827, 0.9085361744711348, 0.3479522081624615]",anomaly,0.5215298297739477,1679,"[0.0, 0.35437187351995597, 0.9301926304433976, 0.0]"
"[0.3878684244547846, 0.35095026503936827, 0.9085361744711348, 0.3479522081624615]",stable,0.5104449647262028,1680,"[0.02937131015122585, 0.24180829513645627, 0.6836139203351523, 0.08426320374540977]"
"[0.09816579062163976, 0.5900255080121146, 0.4711293130871068, 0.4594751280778298]",stable,0.5661474674451368,1681,"[0.0, 0.41344574509974585, 1.0, 0.45812742623146624]"
"[0.3878684244547846, 0.35095026503936827, 0.9085361744711348, 0.3479522081624615]",stable,0.494234320454306,1682,"[0.11989274026046555, 0.0, 0.9907395928483136, 0.14171664946459794]"
"[0.13650525540245043, 0.3147518949047276, 0.9470918609488024, 0.4638199682164018]",stable,0.2656316035148451,1683,"[0.3894776590541946, 0.24451685682445248, 0.9485910865150727, 0.5041920318878391]"
"[0.528911252716259, 0.3739183117347397, 0.8291782968511555, 0.5748411014733826]",stable,0.601512811156787,1684,"[0.006018388348006332, 0.22143046198123012, 0.7948457233351023, 0.32191928657435015]"
"[0.3570810346951388, 0.45968130837207827, 0.5988332246683296, 0.31947044527411267]",stable,0.4319109833380141,1685,"[0.16385393699599393, 0.2998401932554129, 0.9504638449709969, 0.3153338976075517]"
"[0.3878684244547846, 0.35095026503936827, 0.9085361744711348, 0.3479522081624615]",stable,0.37632309479183296,1686,"[0.2771459621669941, 0.6227198878055158, 0.9183646897893609, 0.5833333468435736]"
"[0.3535177088131909, 0.6004962195054209, 0.8768736907150316, 0.4784536017380572]",stable,0.2613069627101062,1687,"[0.21029834078809861, 0.4966510586908398, 0.6873755385850676, 0.4456485061278196]"
"[0.33524161341195724, 0.27244131235583385, 0.7064290993059998, 0.4119133382463455]",stable,0.35503232097563786,1688,"[0.23350884636886188, 0.46938699019316715, 0.9750204499158952, 0.4809747558820212]"
"[0.3878684244547846, 0.35095026503936827, 0.9085361744711348, 0.3479522081624615]",stable,0.2831771959312746,1689,"[0.6533833775537142, 0.41125257658356146, 0.8354395402173912, 0.3212754906062444]"
"[0.528911252716259, 0.3739183117347397, 0.8291782968511555, 0.5748411014733826]",stable,0.25280895068648185,1690,"[0.30693962934585656, 0.34783953478904567, 0.8075906448027721, 0.458673831394574]"
"[0.3878684244547846, 0.35095026503936827, 0.9085361744711348, 0.3479522081624615]",stable,0.28386574944279525,1691,"[0.47616010989755964, 0.6140555942338538, 0.904575762303906, 0.4074857522642612]"
"[0.35643776598186633, 0.6008190617608598, 0.8775332638481, 0.4767638910363001]",stable,0.4469891077906955,1692,"[0.8001203209295362, 0.5888695453700971, 0.8281408061639358, 0.4958071864594882]"
"[0.528911252716259, 0.3739183117347397, 0.8291782968511555, 0.5748411014733826]",stable,0.3073519065889532,1693,"[0.7100851249065997, 0.5472603221115827, 0.6522552725473839, 0.5577527010466536]"
"[0.539772231894322, 0.49300182487170874, 0.6125460559018665, 0.5577863036781665]",stable,0.5414681749295879,1694,"[0.37234259673276526, 0.49429522560421135, 0.9285918286389321, 0.15125401912892805]"
"[0.3876007377699222, 0.3534217298766932, 0.9088819616119588, 0.34456086007567643]",stable,0.3800916976195606,1695,"[0.6528274602183345, 0.525307074581483, 0.8443657969932611, 0.5456020923570197]"
"[0.35643776598186633, 0.6008190617608598, 0.8775332638481, 0.4767638910363001]",stable,0.2719538819027677,1696,"[0.48618238562879446, 0.6839366918800109, 0.6929151479640753, 0.6037790807006361]"
"[0.539772231894322, 0.49300182487170874, 0.6125460559018665, 0.5577863036781665]",stable,0.3304828635967691,1697,"[0.7544584756629238, 0.6945051092688084, 0.6826043549248368, 0.6905153546912692]"
"[0.9176096398337662, 0.8445792649454436, 0.3899541186152821, 0.667832474222293]",stable,0.5378629591957861,1698,"[0.5124911041237118, 0.5088153652180578, 0.2881917196218224, 0.6221974800846448]"
"[0.926824714139953, 0.5570993043689242, 0.3692328257959687, 0.6720348460427592]",stable,0.11917865902511798,1699,"[0.8398976717403815, 0.48244548754250594, 0.33724130899328875, 0.6649220018437155]"
"[0.8827216901222058, 0.6184136928845071, 0.37383564508179123, 0.9347380996432842]",stable,0.37946962179647664,1700,"[0.8087328214501712, 0.719052244248648, 0.3803439923920593, 0.5764751172216984]"
"[0.9244548375987502, 0.766355274415179, 0.5217165525086108, 0.8523009549525934]",stable,0.42132962893873277,1701,"[0.7160121521717839, 0.6261990866865641, 0.8147043199231012, 0.6832308088578475]"
"[0.6679333187407273, 0.6882708591497979, 0.9103312830225905, 0.6368713867614082]",stable,0.5925422948332624,1702,"[0.6915899269201794, 0.2081141960667795, 0.5705019798805121, 0.704045486522126]"
"[0.704424573100933, 0.7161114434541549, 0.708420484820056, 0.4726808041520792]",stable,0.6114387850435048,1703,"[0.5810999504240989, 0.20595821184437735, 0.6218633436360309, 0.7741770178683434]"
"[0.6953370281823307, 0.3529850176606171, 0.5051729919215711, 0.7242671115866637]",stable,0.27487258840936807,1704,"[0.48813741013572065, 0.22258769185500848, 0.5806626140730173, 0.6246623300228119]"
"[0.6873678121036149, 0.3479697358988628, 0.5080764389273958, 0.7204361584495924]",stable,0.4565216709317453,1705,"[0.504330189108489, 0.4385015772983957, 0.8982330306504023, 0.6000572390886677]"
"[0.35643776598186633, 0.6008190617608598, 0.8775332638481, 0.4767638910363001]",stable,0.39029278554426594,1706,"[0.511429855889595, 0.38632408855785166, 0.7074248572478641, 0.7077637762927793]"
"[0.35643776598186633, 0.6008190617608598, 0.8775332638481, 0.4767638910363001]",stable,0.31156442740903073,1707,"[0.5568650133539009, 0.535523331321877, 0.7433278441656592, 0.29068142584442325]"
"[0.3323065370670367, 0.4080404376769749, 0.36293759313422613, 0.49705562829739125]",stable,0.6051490106037666,1708,"[0.4234572437076721, 0.24797993584248895, 0.9128465556705927, 0.6699071321621248]"
"[0.5305817373502925, 0.3785790832701176, 0.8284127620417281, 0.5774717097043687]",stable,0.1528864021365319,1709,"[0.6390252742633508, 0.42748584191755623, 0.8971023189855146, 0.6445844878133622]"
"[0.35643776598186633, 0.6008190617608598, 0.8775332638481, 0.4767638910363001]",stable,0.5789902122047987,1710,"[0.32054627532960056, 0.847809751154443, 0.3553597007355558, 0.49325134283906424]"
"[0.15489616887281787, 0.44874900796650735, 0.38322832835899523, 0.27901329763854865]",stable,0.47962594368813827,1711,"[0.29986279948748973, 0.538074187668695, 0.8043076456523802, 0.4330877688720245]"
"[0.3551220690866483, 0.5993598786424373, 0.8758303424947111, 0.4757481672650379]",stable,0.5967966852646499,1712,"[0.5310168710298145, 0.6783189626638205, 0.34859483904332117, 0.2732253558508386]"
"[0.3010816420047453, 0.7145403136031427, 0.26400494052824264, 0.45490106140882347]",stable,0.17224181885757567,1713,"[0.19713440840029672, 0.7173717439109588, 0.31941577903750923, 0.32926731288773514]"
"[0.12362708770727893, 0.7424722099174309, 0.3272070149320615, 0.269755199937999]",stable,0.47968705498886244,1714,"[0.5954937771472437, 0.718761852887698, 0.4032843345279621, 0.3027939428541809]"
"[0.6588357457405798, 0.7832925923074605, 0.4411006992635409, 0.4590207981790764]",stable,0.3468976727280228,1715,"[0.47347655497456426, 0.5186313426463764, 0.43329374708959084, 0.33303095665098625]"
"[0.3010816420047453, 0.7145403136031427, 0.26400494052824264, 0.45490106140882347]",stable,0.6598027356529689,1716,"[0.4372148071583858, 0.5355220308381522, 0.8041844402769376, 0.759804281804274]"
"[0.5189931932100228, 0.546395844032091, 0.8786329213425884, 0.8498337332363544]",anomaly,0.5276610936071834,1717,"[0.08808650605767632, 0.8249600954186678, 1.0, 0.8293973259757751]"
"[0.5189931932100228, 0.546395844032091, 0.8786329213425884, 0.8498337332363544]",stable,0.5462206950958136,1718,"[0.5829559073566677, 0.25934850621975264, 0.8336244099644229, 0.3917465377065959]"
"[0.5327506080885536, 0.3795572184430663, 0.8297865531806039, 0.5788139652665485]",stable,0.5061685148419488,1719,"[0.06489070834710464, 0.5007890476420732, 0.9576573469607789, 0.499658527561257]"
"[0.3876007377699222, 0.3534217298766932, 0.9088819616119588, 0.34456086007567643]",stable,0.3987415739772627,1720,"[0.15084806937546757, 0.355385949883824, 0.9673659106307047, 0.6600268429849381]"
"[0.3876007377699222, 0.3534217298766932, 0.9088819616119588, 0.34456086007567643]",stable,0.18457503215302126,1721,"[0.27697701551538184, 0.45342439077153796, 1.0, 0.403951982839144]"
"[0.3857257594266249, 0.3551166902308431, 0.9104263351439595, 0.3455674892750572]",stable,0.21068157301487006,1722,"[0.28452824629513296, 0.4598827188651624, 0.7738095531128292, 0.27844280934529414]"
"[0.3323065370670367, 0.4080404376769749, 0.36293759313422613, 0.49705562829739125]",stable,0.49620031200335607,1723,"[0.2872080083612273, 0.5047129128048958, 0.8413504227273717, 0.4198774618633502]"
"[0.3535785677065251, 0.5972088112370386, 0.8750467079545444, 0.4744783785059086]",stable,0.5280590920901077,1724,"[0.20510936997239027, 0.12141205659857823, 0.9582394670801597, 0.3211822103614069]"
"[0.13898971982754768, 0.32832206532530406, 0.9493933464555864, 0.4675501219634448]",stable,0.4259011422430709,1725,"[0.1369528823434487, 0.34325162671305315, 0.8701556939506381, 0.04935622330004924]"
"[0.13898971982754768, 0.32832206532530406, 0.9493933464555864, 0.4675501219634448]",stable,0.1876025478519723,1726,"[0.2777562312051124, 0.3710773674167457, 0.8350153541271055, 0.4354840917347542]"
"[0.3839262672895997, 0.3553827015172748, 0.9091694854603454, 0.34706609931605215]",stable,0.22719151218437353,1727,"[0.36199472892556106, 0.22193713537621024, 0.9376080157537265, 0.16673717289088805]"
"[0.3839262672895997, 0.3553827015172748, 0.9091694854603454, 0.34706609931605215]",stable,0.40637245409229283,1728,"[0.12818258504453167, 0.16089201706781137, 0.7974386736941943, 0.5693797061897262]"
"[0.13898971982754768, 0.32832206532530406, 0.9493933464555864, 0.4675501219634448]",stable,0.23223738688191015,1729,"[0.09649949359353707, 0.2015825104990547, 0.859381292455878, 0.6347736248496071]"
"[0.13898971982754768, 0.32832206532530406, 0.9493933464555864, 0.4675501219634448]",stable,0.2982980612831209,1730,"[0.3262379873748397, 0.15591808832456971, 0.794254138272283, 0.4788865439913261]"
"[0.3839262672895997, 0.3553827015172748, 0.9091694854603454, 0.34706609931605215]",stable,0.35158294699403037,1731,"[0.26205450936293917, 0.3030036853496699, 0.6984577188417059, 0.0988427456390896]"
"[0.09816579062163976, 0.5900255080121146, 0.4711293130871068, 0.4594751280778298]",stable,0.6629933412573823,1732,"[0.0, 0.2334435815966872, 0.981254096631583, 0.25320907883360677]"
"[0.3839262672895997, 0.3553827015172748, 0.9091694854603454, 0.34706609931605215]",stable,0.23663678497400775,1733,"[0.36731588276188476, 0.4004270075115722, 0.7088495717746706, 0.463530711139267]"
"[0.3839262672895997, 0.3553827015172748, 0.9091694854603454, 0.34706609931605215]",stable,0.3570893847165213,1734,"[0.34978136553039046, 0.0, 0.9025705613886557, 0.34962422840922824]"
"[0.13402580126227812, 0.32493354804928204, 0.9505312303904434, 0.45989508470880774]",stable,0.16591471849742148,1735,"[0.2220987677945923, 0.2024844065295095, 1.0, 0.4116260992765055]"
"[0.3839262672895997, 0.3553827015172748, 0.9091694854603454, 0.34706609931605215]",stable,0.28538709579323357,1736,"[0.5430508732212254, 0.48887603513267086, 0.7612703419041924, 0.21888448032172775]"
"[0.3323065370670367, 0.4080404376769749, 0.36293759313422613, 0.49705562829739125]",stable,0.6966595927387794,1737,"[0.5449538167345568, 0.3967680774084433, 1.0, 0.3122851050602442]"
"[0.38656606318213993, 0.3560611503023759, 0.9106585102888642, 0.3464959190823504]",stable,0.4354344504975634,1738,"[0.223862363567408, 0.7128560088138145, 0.774980115995312, 0.4784787553661641]"
"[0.3506959853923225, 0.599778748960967, 0.8728230059110059, 0.4745672757694699]",stable,0.3644808558638792,1739,"[0.5910898535123787, 0.40816298854410443, 0.7434709830758232, 0.6215657009646289]"
"[0.3506959853923225, 0.599778748960967, 0.8728230059110059, 0.4745672757694699]",stable,0.38945233859919964,1740,"[0.5339304480701268, 0.32866439440363315, 1.0, 0.6431533803422083]"
"[0.5338945148615698, 0.38011811589602784, 0.8280940910216866, 0.5796522345939618]",stable,0.2662174537365568,1741,"[0.34264963087609435, 0.3837902942119129, 1.0, 0.6484417729563754]"
"[0.3506959853923225, 0.599778748960967, 0.8728230059110059, 0.4745672757694699]",stable,0.22014863639351165,1742,"[0.4013962469917019, 0.4354087641076471, 0.7367050194870621, 0.49325704384955993]"
"[0.3506959853923225, 0.599778748960967, 0.8728230059110059, 0.4745672757694699]",stable,0.2903860791513871,1743,"[0.5003125372200168, 0.40526319551653034, 0.9981451121595255, 0.5662025939483566]"
"[0.3506959853923225, 0.599778748960967, 0.8728230059110059, 0.4745672757694699]",stable,0.4040298801057473,1744,"[0.4830694994799861, 0.5440026588048492, 0.8614484320848482, 0.8520285898448564]"
"[0.51743129348263, 0.5462917925004718, 0.8778857696357302, 0.84992916178455]",stable,0.46997744106027384,1745,"[0.799148596832143, 0.4403630374752153, 0.5361276628997576, 0.9660956433447847]"
"[0.9252724455256749, 0.5557662004970239, 0.36866154871020657, 0.6719078309677763]",stable,0.5651226974313395,1746,"[0.4917342245388122, 0.4456165807442793, 0.6900768317525907, 0.5455450548399569]"
"[0.5390552467099113, 0.4922945824220456, 0.6137032316608325, 0.5576035984716261]",stable,0.15561296950205514,1747,"[0.5682495366631416, 0.5116233526097211, 0.6723287290916586, 0.6974339936130062]"
"[0.5394845745033412, 0.49257882904245254, 0.614565371328933, 0.5596599278119404]",stable,0.4905538100245919,1748,"[0.8373161441747907, 0.6556293769051895, 0.473774546993768, 0.8845166027647109]"
"[0.9160085101516545, 0.8427332793469614, 0.3898127932296465, 0.6664889836781667]",stable,0.3997266945539607,1749,"[0.6553961381229518, 0.7464940538236725, 0.11270113878802501, 0.7427107937322014]"
"[0.9244548375987502, 0.766355274415179, 0.5217165525086108, 0.8523009549525934]",stable,0.406517722977985,1750,"[0.9181673802359522, 0.5897892202664162, 0.7510870741662825, 0.5669402721458331]"
"[0.9160085101516545, 0.8427332793469614, 0.3898127932296465, 0.6664889836781667]",stable,0.4035580498319844,1751,"[0.8070810036858229, 0.5501867761030903, 0.2580526212417138, 0.8856913979824456]"
"[0.9160085101516545, 0.8427332793469614, 0.3898127932296465, 0.6664889836781667]",stable,0.2614377099393846,1752,"[0.967316681763141, 0.7546006311078456, 0.16749093597082587, 0.7588078647566595]"
"[0.9244548375987502, 0.766355274415179, 0.5217165525086108, 0.8523009549525934]",stable,0.4698222825444293,1753,"[0.9673141780452293, 0.7065010321021807, 0.2738681627864429, 0.46001955149199647]"
"[0.9160085101516545, 0.8427332793469614, 0.3898127932296465, 0.6664889836781667]",stable,0.2263698661608819,1754,"[0.7343116488450012, 0.931482211545643, 0.46388105679919456, 0.5967244779292391]"
"[0.6606327910525898, 0.7868209165750363, 0.4416430887286755, 0.4622994572207469]",stable,0.5088840622059084,1755,"[0.9172122723179971, 0.8676538256288311, 0.31849384212992826, 0.8763408349075951]"
"[0.9244548375987502, 0.766355274415179, 0.5217165525086108, 0.8523009549525934]",stable,0.35458485735914635,1756,"[0.8410132909397571, 0.7077425816096078, 0.22017543490897273, 0.6960785621966181]"
"[0.9244548375987502, 0.766355274415179, 0.5217165525086108, 0.8523009549525934]",stable,0.6555596882872402,1757,"[0.44752888617977404, 0.5259443861295222, 0.29234811853179854, 0.5491625904074668]"
"[0.36213266419166845, 0.4613786980527795, 0.606605935397002, 0.31672201591425947]",stable,0.22989835875497838,1758,"[0.5044620886736577, 0.48400135582310044, 0.45183671618615634, 0.4068901612047699]"
"[0.3010816420047453, 0.7145403136031427, 0.26400494052824264, 0.45490106140882347]",stable,0.3640165633654431,1759,"[0.22816186031993752, 0.7880752017929374, 0.5705721166095088, 0.6216342333090183]"
"[0.5394845745033412, 0.49257882904245254, 0.614565371328933, 0.5596599278119404]",stable,0.394081168761982,1760,"[0.4898626552123715, 0.605100397056605, 0.2808084652512254, 0.7293150399534936]"
"[0.9252724455256749, 0.5557662004970239, 0.36866154871020657, 0.6719078309677763]",stable,0.7046121820681286,1761,"[0.27147548041316666, 0.7352228810673589, 0.21920160721760534, 0.5515546788852972]"
"[0.15489616887281787, 0.44874900796650735, 0.38322832835899523, 0.27901329763854865]",stable,0.30207322724941416,1762,"[0.2508197866825447, 0.7199252634468456, 0.39108694990006415, 0.3709294262466783]"
"[0.15489616887281787, 0.44874900796650735, 0.38322832835899523, 0.27901329763854865]",stable,0.4646184011245334,1763,"[0.4023734709174013, 0.7374272035987708, 0.41634930456712715, 0.5439531850427914]"
"[0.5394845745033412, 0.49257882904245254, 0.614565371328933, 0.5596599278119404]",stable,0.7063210447333976,1764,"[0.060557407281237846, 0.9656697853422913, 0.4465866888004505, 0.42742416860442095]"
"[0.4396121152473182, 0.5853591891858996, 0.35172849115882066, 0.30090527670168116]",stable,0.5013956321824781,1765,"[0.02868561432079536, 0.7578010222780014, 0.16464331998410597, 0.16748884692515553]"
"[0.4396121152473182, 0.5853591891858996, 0.35172849115882066, 0.30090527670168116]",stable,0.49812469788418207,1766,"[0.0, 0.7162848303980118, 0.5355057027336031, 0.363784651292887]"
"[0.4396121152473182, 0.5853591891858996, 0.35172849115882066, 0.30090527670168116]",stable,0.7416949452857035,1767,"[0.0, 0.6957529469983178, 0.8375485783718694, 0.6305181421764684]"
"[0.10105347454344377, 0.18578881807370923, 0.6647964325237872, 0.2763798900235701]",stable,0.5949037669658498,1768,"[0.0, 0.44633392829117513, 0.1576799668602702, 0.13982285788107215]"
"[0.4396121152473182, 0.5853591891858996, 0.35172849115882066, 0.30090527670168116]",stable,0.5865352012206606,1769,"[0.0, 0.616758275547309, 0.7036068630662669, 0.46202771200531345]"
"[0.4396121152473182, 0.5853591891858996, 0.35172849115882066, 0.30090527670168116]",stable,0.20628615683538032,1770,"[0.27741133992630657, 0.6803887652925319, 0.4143145634219749, 0.24348358906679146]"
"[0.4396121152473182, 0.5853591891858996, 0.35172849115882066, 0.30090527670168116]",stable,0.23823593408851443,1771,"[0.30576518283212484, 0.7704088649891327, 0.31653950407213527, 0.3588682963521534]"
"[0.15489616887281787, 0.44874900796650735, 0.38322832835899523, 0.27901329763854865]",stable,0.13378714561630445,1772,"[0.07878136586266939, 0.3984428956871495, 0.3257298352078729, 0.19983782512608728]"
"[0.2995779524830173, 0.7161790349770211, 0.2667012053203442, 0.4532340457539766]",stable,0.5294749425459789,1773,"[0.19794582218574233, 0.35338570726320234, 0.5440330280092718, 0.20527702051436714]"
"[0.09527856148570917, 0.5922753916874248, 0.4754948121992489, 0.45810545318286716]",stable,0.35924007588632,1774,"[0.0, 0.5946052270234313, 0.27683853531620467, 0.17437021856034576]"
"[0.4396121152473182, 0.5853591891858996, 0.35172849115882066, 0.30090527670168116]",stable,0.26902908004242887,1775,"[0.1831027932679828, 0.5915913724352251, 0.3171621885886569, 0.22778931220177223]"
"[0.124770851275754, 0.7395706553504654, 0.32701384519468835, 0.26894816363537927]",stable,0.23041132873883657,1776,"[0.2590681500390727, 0.6744387349122313, 0.3411282912872016, 0.4439116778536334]"
"[0.15334280554608015, 0.44772235261386745, 0.3820548897232581, 0.2773974716689066]",stable,0.20400352600700267,1777,"[0.0, 0.32544205118259845, 0.4002088899749908, 0.3305141617698998]"
"[0.29878364263117524, 0.7153605977208486, 0.2681605599471453, 0.45305125422651893]",stable,0.513454166510527,1778,"[0.11838610334417582, 0.4204405421877269, 0.4906163348197965, 0.1454354256409855]"
"[0.09527856148570917, 0.5922753916874248, 0.4754948121992489, 0.45810545318286716]",stable,0.3071156155864659,1779,"[0.16238681472254524, 0.4648523387117645, 0.39654932817521316, 0.19859156182610888]"
"[0.29878364263117524, 0.7153605977208486, 0.2681605599471453, 0.45305125422651893]",stable,0.7022505053705616,1780,"[0.45147806668160995, 0.17608527386897, 0.6518068373971826, 0.274619631355752]"
"[0.38656606318213993, 0.3560611503023759, 0.9106585102888642, 0.3464959190823504]",anomaly,0.5604767441650857,1781,"[0.6160853860185748, 0.3040945183996041, 0.4074600987170942, 0.27202519359287536]"
"[0.38656606318213993, 0.3560611503023759, 0.9106585102888642, 0.3464959190823504]",stable,0.35238228014714806,1782,"[0.30498124606889665, 0.3456406046877297, 0.5691728889963924, 0.37471243300397755]"
"[0.3345223514730509, 0.41030782130106236, 0.3615801032380256, 0.49805768526104655]",stable,0.4493143941356708,1783,"[0.0, 0.3260597667636864, 0.6300052300175822, 0.3939979055068505]"
"[0.3612254988246404, 0.45954158545968343, 0.6060117600573097, 0.3176424987252074]",stable,0.4140764807175047,1784,"[0.2567994296623509, 0.5577365288577519, 0.2176102629157026, 0.3101219886417715]"
"[0.15051341738197005, 0.4456605817249778, 0.3826950551880362, 0.27689376147789085]",stable,0.3311828023206687,1785,"[0.2437360138906887, 0.6393602692438511, 0.13078523424409202, 0.2805638051049534]"
"[0.124770851275754, 0.7395706553504654, 0.32701384519468835, 0.26894816363537927]",stable,0.5532426579654524,1786,"[0.6219802614466562, 0.5471224104760254, 0.44163196366117174, 0.3621501002790608]"
"[0.7526090691887398, 0.48356787214971564, 0.473023214738906, 0.46651115350160954]",stable,0.747882552107114,1787,"[0.06170198943141639, 0.7379433240142519, 0.349334784264565, 0.4221262400403375]"
"[0.12358087275038913, 0.7395399509856312, 0.32743499498845957, 0.2718383160203785]",stable,0.2574900942154869,1788,"[0.18427375720698888, 0.676800862235107, 0.4166774025409786, 0.046633693882150384]"
"[0.12470481505514099, 0.7383781160087696, 0.3290876321653581, 0.2676678600548557]",stable,0.2187684182781262,1789,"[0.06656215892119693, 0.6826272112282358, 0.5008624636268476, 0.37659121047216454]"
"[0.4396121152473182, 0.5853591891858996, 0.35172849115882066, 0.30090527670168116]",stable,0.38784442965354593,1790,"[0.17394813273497778, 0.6209330222533067, 0.16866966575734635, 0.08860850599498388]"
"[0.12470481505514099, 0.7383781160087696, 0.3290876321653581, 0.2676678600548557]",stable,0.18997981596020821,1791,"[0.28306699884227343, 0.6429153216100312, 0.36526798859440046, 0.2919903992458348]"
"[0.2979762539202363, 0.7123293656273275, 0.2671884388503868, 0.4503026145037353]",stable,0.5441934435057182,1792,"[0.026970253149304874, 0.7059855088449376, 0.5572043138389078, 0.0780758029539434]"
"[0.43716609780348936, 0.5862585037550266, 0.3519400458062516, 0.30076598174143354]",stable,0.45938642261123985,1793,"[0.1381594887870735, 0.4911973275000854, 0.11598720784907784, 0.539346291224508]"
"[0.15051341738197005, 0.4456605817249778, 0.3826950551880362, 0.27689376147789085]",stable,0.444893548717491,1794,"[0.21490029619664952, 0.8833091151150775, 0.42965579097660306, 0.2703325083477679]"
"[0.1263447328940775, 0.7410132250834297, 0.3309161441437444, 0.2677163082056359]",stable,0.29690203684246336,1795,"[0.0, 0.6605952872485146, 0.5283634992775772, 0.4312257121436403]"
"[0.43716609780348936, 0.5862585037550266, 0.3519400458062516, 0.30076598174143354]",stable,0.5626264973390609,1796,"[0.04107654884856521, 0.9674755397899442, 0.3369176306508268, 0.41954957992045605]"
"[0.43716609780348936, 0.5862585037550266, 0.3519400458062516, 0.30076598174143354]",stable,0.2887121961727241,1797,"[0.4355062134928348, 0.6906100870334927, 0.6198143402050352, 0.2741936940984037]"
"[0.43716609780348936, 0.5862585037550266, 0.3519400458062516, 0.30076598174143354]",stable,0.31313620253654384,1798,"[0.2355606255078877, 0.8256460866308674, 0.3418400001844698, 0.29972237128958645]"
"[0.12829501669075266, 0.7425245261824911, 0.33111121300161445, 0.2682878450464207]",stable,0.2279521716055619,1799,"[0.0, 0.6346864253913123, 0.46504270037629875, 0.1912431700885278]"
"[0.12604422692424824, 0.7406326296773827, 0.33346088821871417, 0.2669361840822472]",stable,0.1631406450122087,1800,"[0.19928470832017153, 0.664059715289924, 0.20964518325477993, 0.2593888715547429]"
"[0.43716609780348936, 0.5862585037550266, 0.3519400458062516, 0.30076598174143354]",stable,0.37676436076510506,1801,"[0.07733153191239114, 0.692327165328932, 0.36422303608996554, 0.33346209640837304]"
"[0.12520435287231968, 0.7397997768437888, 0.3339912700785633, 0.26808318257062863]",stable,0.3482693335242915,1802,"[0.25806968450612094, 0.6584748217458702, 0.46634699268341206, 0.5500522352969235]"
"[0.5394845745033412, 0.49257882904245254, 0.614565371328933, 0.5596599278119404]",stable,0.5369526416233543,1803,"[0.17616516629568438, 0.7663187013408199, 0.5303642591838074, 0.28709103378047923]"
"[0.43716609780348936, 0.5862585037550266, 0.3519400458062516, 0.30076598174143354]",stable,0.4433502968665146,1804,"[0.038004414715530635, 0.3953867712726636, 0.36247675904030463, 0.32696514011377814]"
"[0.2979762539202363, 0.7123293656273275, 0.2671884388503868, 0.4503026145037353]",stable,0.4542340644254155,1805,"[0.30261097124323294, 0.47301100197089085, 0.3908454608226314, 0.08459403323508397]"
"[0.2979762539202363, 0.7123293656273275, 0.2671884388503868, 0.4503026145037353]",stable,0.3631857735438673,1806,"[0.0, 0.6239324359385329, 0.42008403949543666, 0.5594949966982081]"
"[0.43716609780348936, 0.5862585037550266, 0.3519400458062516, 0.30076598174143354]",stable,0.4527359108526442,1807,"[0.00824301288672219, 0.6546468434485763, 0.2263564078080222, 0.27738699412121176]"
"[0.12520435287231968, 0.7397997768437888, 0.3339912700785633, 0.26808318257062863]",stable,0.28363785693611926,1808,"[0.11093432022940014, 0.47542225885402045, 0.27502707382137837, 0.18517026682767368]"
"[0.2979762539202363, 0.7123293656273275, 0.2671884388503868, 0.4503026145037353]",stable,0.23275572110074874,1809,"[0.16486911952712038, 0.6259016276839312, 0.26705070753495064, 0.28004415326654786]"
"[0.12587663705290952, 0.7378692997393844, 0.3328566842727393, 0.26828591088750864]",stable,0.24767215521941546,1810,"[0.26073204906064773, 0.7145857275653207, 0.4000714723914066, 0.46346675484569844]"
"[0.1505135924568266, 0.4457872166679897, 0.3804777242272993, 0.2725613199175735]",stable,0.4890533509240016,1811,"[0.2814887600172121, 0.6260812690386139, 0.7025139510932046, 0.5654869227560304]"
"[0.5394845745033412, 0.49257882904245254, 0.614565371328933, 0.5596599278119404]",stable,0.32620695269768485,1812,"[0.2836968634672625, 0.5685367618911038, 0.5270655833563178, 0.7256653566790117]"
"[0.5394845745033412, 0.49257882904245254, 0.614565371328933, 0.5596599278119404]",stable,0.407760222655671,1813,"[0.5614766163421847, 0.6531279544888114, 0.5028971566706009, 0.20253398724000304]"
"[0.297273533073829, 0.7123719384940822, 0.26969566589833055, 0.45055099451018743]",stable,0.5046622268852738,1814,"[0.3521608925222913, 0.6773458005670855, 0.7316126786389631, 0.6431053609116488]"
"[0.5394845745033412, 0.49257882904245254, 0.614565371328933, 0.5596599278119404]",stable,0.475227250868212,1815,"[0.2584662003467888, 0.4729951860400799, 0.2764085037556141, 0.3803946852412654]"
"[0.3612254988246404, 0.45954158545968343, 0.6060117600573097, 0.3176424987252074]",stable,0.3067798803469604,1816,"[0.4206321519265155, 0.5395178740157894, 0.31689682301333283, 0.2931253414720394]"
"[0.297273533073829, 0.7123719384940822, 0.26969566589833055, 0.45055099451018743]",stable,0.48514464729891055,1817,"[0.2945151266022132, 0.5372578672641424, 0.6334421026185695, 0.7195887461866509]"
"[0.5394845745033412, 0.49257882904245254, 0.614565371328933, 0.5596599278119404]",stable,0.7654594563338463,1818,"[0.3058767952454952, 0.7269886254956465, 0.10731509438440712, 0.09157362313341322]"
"[0.12587663705290952, 0.7378692997393844, 0.3328566842727393, 0.26828591088750864]",stable,0.5408869383672092,1819,"[0.07237588270816711, 0.4551702205491469, 0.1117991584207304, 0.6694232318512616]"
"[0.1505135924568266, 0.4457872166679897, 0.3804777242272993, 0.2725613199175735]",stable,0.3803151605486412,1820,"[0.3340612086300972, 0.5118645695749444, 0.38319026911417703, 0.5990216076606539]"
"[0.3612254988246404, 0.45954158545968343, 0.6060117600573097, 0.3176424987252074]",stable,0.24068996812960813,1821,"[0.32122909608839745, 0.640190799113365, 0.4722868434822968, 0.39390164125713206]"
"[0.5394845745033412, 0.49257882904245254, 0.614565371328933, 0.5596599278119404]",stable,0.5254336217164933,1822,"[0.12818263855807702, 0.7174702693224871, 0.7503597151424883, 0.3649936888417318]"
"[0.5272773828338496, 0.38167566971358347, 0.8327342365509742, 0.5790771365749323]",stable,0.496372717243697,1823,"[0.26450015117873416, 0.446850120262018, 0.5596034777438593, 0.26525253502699075]"
"[0.333105364547695, 0.4133493789494494, 0.3604030396527245, 0.4977484430828951]",stable,0.20306524863537245,1824,"[0.18028188956468855, 0.5125647013823047, 0.4476858172202647, 0.4772907493686982]"
"[0.4387990761771518, 0.5865634858913076, 0.3536963168376369, 0.29916185091157255]",anomaly,0.32921000291263736,1825,"[0.6434327779133336, 0.5682205781378196, 0.1824716913552554, 0.4911252315211338]"
"[0.4387990761771518, 0.5865634858913076, 0.3536963168376369, 0.29916185091157255]",stable,0.4565118259072883,1826,"[0.5595844635402798, 0.4001939628722496, 0.43128418348841147, 0.6903912736688287]"
"[0.682635095490158, 0.34990396652750677, 0.5052322813185446, 0.7193233849391938]",stable,0.351408225182291,1827,"[0.42700314106010256, 0.4661117965800498, 0.39045908697033316, 0.5419455433308781]"
"[0.3597141652676731, 0.4593432813159699, 0.6052866306461621, 0.3168239055424228]",stable,0.35866424776319195,1828,"[0.19362115467321067, 0.3701406685376948, 0.7380496901442766, 0.5915419762284142]"
"[0.3373360494971716, 0.27226215490433997, 0.7090099444951113, 0.4124427224896575]",stable,0.07422690046822181,1829,"[0.32121125184854854, 0.23301950919443074, 0.7623093838399242, 0.3829671702959254]"
"[0.38656606318213993, 0.3560611503023759, 0.9106585102888642, 0.3464959190823504]",stable,0.3847186013465532,1830,"[0.3696852829061649, 0.6293046365816837, 0.6691492981277567, 0.4678826528162032]"
"[0.5394845745033412, 0.49257882904245254, 0.614565371328933, 0.5596599278119404]",stable,0.655571006573786,1831,"[0.3280820890000871, 0.08619783990521557, 1.0, 0.29249523614732154]"
"[0.38656606318213993, 0.3560611503023759, 0.9106585102888642, 0.3464959190823504]",stable,0.30089401384759074,1832,"[0.4483844915584417, 0.24824859860412038, 0.6393303126420249, 0.30811425235946255]"
"[0.38656606318213993, 0.3560611503023759, 0.9106585102888642, 0.3464959190823504]",stable,0.7242874093544178,1833,"[0.91201852563581, 0.2958121625286734, 0.4698088748212389, 0.5712482704182473]"
"[0.756696491148921, 0.47875362318507353, 0.4729407957666582, 0.4691967206020362]",stable,0.28703882708235806,1834,"[0.487104837808802, 0.5148229772407508, 0.5618158631378644, 0.4918208846733717]"
"[0.5387254478845798, 0.4929012080018481, 0.6138008857029754, 0.5586767532737004]",stable,0.41251387505526443,1835,"[0.8019804283870421, 0.6291616742656291, 0.4938213755907244, 0.29809564336632477]"
"[0.7578285895798741, 0.48251382446208735, 0.47346281026225984, 0.46491919367114337]",stable,0.39632233850724147,1836,"[0.9399767687833182, 0.6950486582292325, 0.4111802955804805, 0.7384941735454083]"
"[0.8794501703280491, 0.6175755514585413, 0.373407425570221, 0.9320551753584354]",stable,0.35556169889732364,1837,"[0.7752542488542085, 0.6175262323335589, 0.3632988469179713, 0.5922535481165644]"
"[0.8794501703280491, 0.6175755514585413, 0.373407425570221, 0.9320551753584354]",stable,0.20576131184352173,1838,"[0.9492043536073824, 0.6332309407609124, 0.55045078133079, 0.8553568681187839]"
"[0.9160085101516545, 0.8427332793469614, 0.3898127932296465, 0.6664889836781667]",stable,0.31436243366583116,1839,"[0.9000502723294134, 0.7394632976966092, 0.09338221469317759, 0.6722593687938381]"
"[0.9160085101516545, 0.8427332793469614, 0.3898127932296465, 0.6664889836781667]",stable,0.2782016028636223,1840,"[0.9300459083967929, 0.7758033420344533, 0.1559976963654468, 0.8008391502434696]"
"[0.9248188010694655, 0.7643975636261456, 0.5221391146971722, 0.8523458948520962]",stable,0.28773320892342524,1841,"[1.0, 0.5550647441581373, 0.5982379376524452, 0.6864334881938383]"
"[0.9160085101516545, 0.8427332793469614, 0.3898127932296465, 0.6664889836781667]",stable,0.35313157334623596,1842,"[0.6430525378544323, 0.8220118295355563, 0.221461381292418, 0.520114911869936]"
"[0.6602239479549582, 0.7876393098996994, 0.4365225839045765, 0.4636440026777048]",stable,0.20743025994155168,1843,"[0.6265506662383835, 0.7492756926590766, 0.24685011292924341, 0.3969655993961151]"
"[0.6594586460977633, 0.786767409507867, 0.4322118459278644, 0.462128584421305]",anomaly,0.4731983539899462,1844,"[0.44514870254056194, 0.7884577546124095, 0.06470227422214708, 0.6693043256397483]"
"[0.6594586460977633, 0.786767409507867, 0.4322118459278644, 0.462128584421305]",stable,0.31496714281197363,1845,"[0.410964381651765, 0.7514608662056379, 0.3568584396456179, 0.6368575566906198]"
"[0.1505135924568266, 0.4457872166679897, 0.3804777242272993, 0.2725613199175735]",stable,0.293241147591473,1846,"[0.21274006483377644, 0.657114520124852, 0.2513499322642624, 0.41673143101098503]"
"[0.1505135924568266, 0.4457872166679897, 0.3804777242272993, 0.2725613199175735]",stable,0.47653593856474596,1847,"[0.16611946684347112, 0.8868205984551559, 0.4588203524524842, 0.43440984842666364]"
"[0.4387990761771518, 0.5865634858913076, 0.3536963168376369, 0.29916185091157255]",stable,0.1797537561452645,1848,"[0.46392414172039553, 0.7470192408945481, 0.2773391619319071, 0.28897953728345366]"
"[0.29780366726179053, 0.7120779659366699, 0.27094688480948, 0.45332348539530065]",stable,0.3653023150631734,1849,"[0.3000994807271858, 0.4164037902291338, 0.37373487117113896, 0.6416102940421907]"
"[0.3597141652676731, 0.4593432813159699, 0.6052866306461621, 0.3168239055424228]",stable,0.17084935702110904,1850,"[0.4370037490022015, 0.5119629470611745, 0.4623006963873819, 0.3182439131749526]"
"[0.29780366726179053, 0.7120779659366699, 0.27094688480948, 0.45332348539530065]",stable,0.6145306640000274,1851,"[0.40288917087362375, 0.5487482272854898, 0.8362228412185229, 0.5961221671292055]"
"[0.35183061985930736, 0.5986693897941088, 0.8720273501568215, 0.477209773407725]",stable,0.45481679547822734,1852,"[0.5729082215534812, 0.44753994491789384, 0.5845865827258372, 0.7063837413629223]"
"[0.539213773222707, 0.4922531899577916, 0.6133835385175878, 0.5607868531035464]",stable,0.24920788135277558,1853,"[0.6162242686426425, 0.4574929504909475, 0.7901065882122054, 0.7148473645344661]"
"[0.35183061985930736, 0.5986693897941088, 0.8720273501568215, 0.477209773407725]",stable,0.21193874546869002,1854,"[0.35819413472595546, 0.562165001210252, 0.9360239257686416, 0.6758285173204371]"
"[0.35196601379264025, 0.5978927006753033, 0.8733889794251581, 0.48143570412927206]",stable,0.29619745286672156,1855,"[0.5367116309621563, 0.42507585432131106, 0.8182055691389098, 0.6252797754941655]"
"[0.35196601379264025, 0.5978927006753033, 0.8733889794251581, 0.48143570412927206]",stable,0.38756630536083314,1856,"[0.5976684669198034, 0.317807478139143, 0.8181003323667043, 0.5727230482776046]"
"[0.35196601379264025, 0.5978927006753033, 0.8733889794251581, 0.48143570412927206]",stable,0.23525884944899048,1857,"[0.5462950988965534, 0.5639654425983852, 0.975505955970167, 0.40395023976706296]"
"[0.3560145363989718, 0.5971858827987008, 0.8755164164365125, 0.47982142362172603]",stable,0.3204311281211474,1858,"[0.630065246085799, 0.5257708574998025, 1.0, 0.5633441628840818]"
"[0.6662120427109578, 0.6808844954384345, 0.9144071337942908, 0.6335292402215298]",stable,0.15579507767862455,1859,"[0.5549230146222445, 0.61878692960244, 1.0, 0.6069847110696663]"
"[0.6613733893157964, 0.6781846012716521, 0.9181285627597565, 0.6323751302584053]",stable,0.109388178825968,1860,"[0.6689022401799195, 0.6288007882571551, 1.0, 0.5797690769195184]"
"[0.6616870914351348, 0.676126942396048, 0.9215398726447667, 0.630183211369285]",stable,0.26968211466062486,1861,"[0.5792924649073888, 0.5332305812033824, 0.7083785802346946, 0.6211023599145661]"
"[0.5397782618379843, 0.4928303363133633, 0.6147214968516315, 0.5616363672839833]",stable,0.261512076869981,1862,"[0.7529083051220583, 0.5614440853608443, 0.7496660576640923, 0.5684385689393989]"
"[0.5302382989395172, 0.38264670960499847, 0.8314747590082531, 0.5821581677781155]",stable,0.35935414760816764,1863,"[0.43502214925818666, 0.5583875810981652, 0.5537234712740047, 0.691878979349322]"
"[0.5397782618379843, 0.4928303363133633, 0.6147214968516315, 0.5616363672839833]",stable,0.22011431987684807,1864,"[0.3953494988959259, 0.3632540348271694, 0.6815706355265375, 0.48206362696761446]"
"[0.38656606318213993, 0.3560611503023759, 0.9106585102888642, 0.3464959190823504]",stable,0.7051655951369561,1865,"[0.5421697934255825, 0.7240522861310794, 0.3406880252545248, 0.2335261627738412]"
"[0.29780366726179053, 0.7120779659366699, 0.27094688480948, 0.45332348539530065]",stable,0.26415527568358,1866,"[0.4920376080688427, 0.5977873713892206, 0.22531198469948854, 0.3232992499621618]"
"[0.29780366726179053, 0.7120779659366699, 0.27094688480948, 0.45332348539530065]",stable,0.4183352493049329,1867,"[0.21705982665802315, 0.6668872373920269, 0.01871085786289184, 0.13266853411686147]"
"[0.12587663705290952, 0.7378692997393844, 0.3328566842727393, 0.26828591088750864]",stable,0.2973611831056961,1868,"[0.15171739508837712, 0.61922874014384, 0.5602853728562961, 0.4164632967133874]"
"[0.4413696331415577, 0.5899144559186046, 0.3521370968508191, 0.29869615747654565]",stable,0.29712878910753715,1869,"[0.30736916509042944, 0.7464404796031062, 0.37001660787677726, 0.08536702474127827]"
"[0.12890151252020152, 0.7380121527371132, 0.3334760163328066, 0.2652372627850715]",stable,0.1936768779264668,1870,"[0.17921148295136619, 0.624815122451773, 0.23510673806525403, 0.37699395093508525]"
"[0.1505135924568266, 0.4457872166679897, 0.3804777242272993, 0.2725613199175735]",stable,0.33343652946824637,1871,"[0.3786222114416661, 0.6267304765064848, 0.5406005770042672, 0.24487403283049414]"
"[0.4413696331415577, 0.5899144559186046, 0.3521370968508191, 0.29869615747654565]",anomaly,0.6152706797513984,1872,"[0.35593843444265116, 0.9698886219045649, 0.7231623767747566, 0.0]"
"[0.4413696331415577, 0.5899144559186046, 0.3521370968508191, 0.29869615747654565]",stable,0.34148383450075975,1873,"[0.30446172192880383, 0.45470877772428664, 0.36639550084707934, 0.5804470324923954]"
"[0.3597141652676731, 0.4593432813159699, 0.6052866306461621, 0.3168239055424228]",stable,0.3859297035534427,1874,"[0.3420195672434066, 0.7575865574191203, 0.36812760979583753, 0.2582134595947666]"
"[0.29568594968481865, 0.7105197008744396, 0.27030688218904736, 0.45196045799422535]",stable,0.20312336267942874,1875,"[0.28389480681854623, 0.8803527009772614, 0.16009133107925583, 0.4633338385710707]"
"[0.4399703364387668, 0.5922760348129781, 0.3523623153430025, 0.29812597863314033]",stable,0.24647472288323893,1876,"[0.2776062130159769, 0.4556205126295061, 0.22705145506770155, 0.29494211316094116]"
"[0.3597141652676731, 0.4593432813159699, 0.6052866306461621, 0.3168239055424228]",stable,0.4598289539052257,1877,"[0.552851542043886, 0.5947854292001308, 0.354103343423519, 0.6212955812991829]"
"[0.9229394477081952, 0.5592324503171746, 0.3693021701770693, 0.6716825216527146]",stable,0.467148840696031,1878,"[0.8648308492010871, 0.9296679910106772, 0.10373675845802593, 0.7559674694950953]"
"[0.9248188010694655, 0.7643975636261456, 0.5221391146971722, 0.8523458948520962]",stable,0.28048691374400836,1879,"[0.8760721913817868, 0.950944951459477, 0.3766802529562563, 0.709732892432283]"
"[0.9248188010694655, 0.7643975636261456, 0.5221391146971722, 0.8523458948520962]",stable,0.3322118994448441,1880,"[0.780514478291484, 0.899992397268996, 0.49573814911358244, 0.5869065634297141]"
"[0.9248188010694655, 0.7643975636261456, 0.5221391146971722, 0.8523458948520962]",stable,0.41247202334273314,1881,"[0.8208238087472848, 0.9135347346560942, 0.3594611650828995, 0.5197617693457248]"
"[0.9248188010694655, 0.7643975636261456, 0.5221391146971722, 0.8523458948520962]",stable,0.4753327935879622,1882,"[0.6159786153142024, 0.5293996610463401, 0.38011866623113577, 0.6174732009871239]"
"[0.9229394477081952, 0.5592324503171746, 0.3693021701770693, 0.6716825216527146]",stable,0.4059777221692017,1883,"[0.8167767506059417, 0.8564227772478216, 0.19955727711619653, 0.8625017384530064]"
"[0.9248188010694655, 0.7643975636261456, 0.5221391146971722, 0.8523458948520962]",stable,0.4692043978250333,1884,"[0.8551159836774858, 0.7279847127129523, 0.0743598003507967, 0.7363197162636593]"
"[0.9248188010694655, 0.7643975636261456, 0.5221391146971722, 0.8523458948520962]",stable,0.2244539632927639,1885,"[0.9205430683608736, 0.7010056082996459, 0.3071125110959662, 0.8626570291857647]"
"[0.912197030545536, 0.8460610574503936, 0.390692246574207, 0.6639105931735643]",stable,0.2047537458273313,1886,"[0.922641564048512, 0.6494453224005948, 0.3347857590412814, 0.6582780508713022]"
"[0.9248188010694655, 0.7643975636261456, 0.5221391146971722, 0.8523458948520962]",stable,0.3941855291246406,1887,"[0.8215033921111977, 0.8572411806834769, 0.3090848338446619, 0.551187973114696]"
"[0.9248188010694655, 0.7643975636261456, 0.5221391146971722, 0.8523458948520962]",stable,0.35708723171720375,1888,"[1.0, 0.8756642160967029, 0.6925934009929158, 0.5687543810259095]"
"[0.9109373966783925, 0.846216336939742, 0.3895588102862966, 0.6623450012283022]",stable,0.03917400657753129,1889,"[0.901485552399452, 0.8809011873916393, 0.3755010990204597, 0.6690238734503925]"
"[0.9248188010694655, 0.7643975636261456, 0.5221391146971722, 0.8523458948520962]",stable,0.34140050048426646,1890,"[1.0, 0.48997217372711044, 0.4873356673329028, 0.6669233652377042]"
"[0.9248188010694655, 0.7643975636261456, 0.5221391146971722, 0.8523458948520962]",stable,0.4839693589597085,1891,"[1.0, 0.7665455553087832, 0.18652927680282955, 0.5118527956863379]"
"[0.9108079193595028, 0.8466914718774391, 0.3893662388990934, 0.6624364926286048]",stable,0.06678976819056255,1892,"[0.8905804047751075, 0.883210456087261, 0.338283060387572, 0.6728573109328443]"
"[0.9248188010694655, 0.7643975636261456, 0.5221391146971722, 0.8523458948520962]",stable,0.3767973671963534,1893,"[1.0, 0.4176350793509272, 0.4146831421178409, 0.785018064723836]"
"[0.9248188010694655, 0.7643975636261456, 0.5221391146971722, 0.8523458948520962]",stable,0.3475683653167035,1894,"[0.8540464005318275, 0.5132898543814124, 0.36943526614611505, 0.680818961437475]"
"[0.9248188010694655, 0.7643975636261456, 0.5221391146971722, 0.8523458948520962]",stable,0.35345597138046364,1895,"[0.754482976610975, 0.5324918171589981, 0.3168772877199492, 0.8503117483379312]"
"[0.9105345745678217, 0.8471849716640583, 0.3886759256759647, 0.662577314497581]",stable,0.2872879204427664,1896,"[0.8921002053627151, 0.7168743776096491, 0.3552280299181373, 0.9157470413823323]"
"[0.9105345745678217, 0.8471849716640583, 0.3886759256759647, 0.662577314497581]",stable,0.2098444464361945,1897,"[0.8630416061263095, 0.6680852218432016, 0.47306283460038223, 0.6117714204988031]"
"[0.9105345745678217, 0.8471849716640583, 0.3886759256759647, 0.662577314497581]",stable,0.40112454623224447,1898,"[0.8588873905574207, 0.6423876446891135, 0.49295837030402945, 0.33789793945177987]"
"[0.7602934383842045, 0.4864131859310392, 0.47393831172669326, 0.4618211142999394]",stable,0.35743307185391104,1899,"[0.5065506007529732, 0.5299600596365517, 0.613811855101019, 0.666545404163552]"
"[0.5393167665451369, 0.49334602691507423, 0.6147088629384285, 0.5630934372406439]",stable,0.1819630200676233,1900,"[0.5358592077025534, 0.37914963670322627, 0.5441503143016151, 0.44029579216619574]"
"[0.5392694027253755, 0.49178169280258316, 0.6137423074776502, 0.5614112777190761]",stable,0.44056608704711164,1901,"[0.9734511917706026, 0.4627497005290184, 0.6795694660820365, 0.5816246330117958]"
"[0.9105345745678217, 0.8471849716640583, 0.3886759256759647, 0.662577314497581]",stable,0.27429872273309247,1902,"[0.8445807839656253, 0.6442309543554722, 0.22967976295467618, 0.5960959344245167]"
"[0.9105345745678217, 0.8471849716640583, 0.3886759256759647, 0.662577314497581]",stable,0.4148859157613546,1903,"[0.9108967325823503, 0.5379099572477725, 0.6590545627917945, 0.6044864375210457]"
"[0.9105345745678217, 0.8471849716640583, 0.3886759256759647, 0.662577314497581]",stable,0.33204998960076965,1904,"[1.0, 0.591159387864577, 0.576799259585668, 0.6988215543839914]"
"[0.9105345745678217, 0.8471849716640583, 0.3886759256759647, 0.662577314497581]",stable,0.27573053274958054,1905,"[0.7243199046507266, 0.6603058957334615, 0.35280195435268946, 0.7342759376284189]"
"[0.9243092892202527, 0.5565455572299384, 0.37138331782109935, 0.6733649144859316]",stable,0.3241853707455999,1906,"[0.7246827302332498, 0.7530230907486183, 0.28991295758896873, 0.8148023592399062]"
"[0.9248188010694655, 0.7643975636261456, 0.5221391146971722, 0.8523458948520962]",stable,0.47683169227743916,1907,"[0.6971363190990848, 0.4489104607670532, 0.40080473174973236, 0.6048080076341712]"
"[0.7587896974488445, 0.48552026390332526, 0.47219703601295615, 0.4652255641412306]",stable,0.36370211913315764,1908,"[0.9335491013782329, 0.6795752595874056, 0.3742101061544443, 0.6986342238502249]"
"[0.8776695638118094, 0.620016680175858, 0.3698823143708057, 0.9278689326792033]",stable,0.46255699095283764,1909,"[0.5759369569079484, 0.44619151921863043, 0.3991160063385689, 0.6248068788313625]"
"[0.9244559529052999, 0.5584984096483108, 0.3714281874771842, 0.6737660146345713]",stable,0.29296139373688357,1910,"[0.6904376280519212, 0.4557882168652333, 0.22820663225921775, 0.6738313788900765]"
"[0.9248188010694655, 0.7643975636261456, 0.5221391146971722, 0.8523458948520962]",stable,0.17478340761457004,1911,"[0.8986112679419246, 0.6335187963963682, 0.4171141161595049, 0.8936121371732296]"
"[0.9105345745678217, 0.8471849716640583, 0.3886759256759647, 0.662577314497581]",stable,0.2787722039849083,1912,"[0.9907845559008487, 0.7121762864626504, 0.6155535644869969, 0.6229153158292069]"
"[0.9105345745678217, 0.8471849716640583, 0.3886759256759647, 0.662577314497581]",stable,0.13224284069539227,1913,"[1.0, 0.8945219733283738, 0.47290417498892817, 0.6503741649642802]"
"[0.9248188010694655, 0.7643975636261456, 0.5221391146971722, 0.8523458948520962]",stable,0.34273037747975876,1914,"[1.0, 0.6038752217623007, 0.29990198357487075, 0.660890588611028]"
"[0.8781803370832756, 0.6203460000836754, 0.3710343095363837, 0.9270334010814967]",stable,0.2615639770478873,1915,"[1.0, 0.5982027730759127, 0.5136449751923602, 0.7460705337445611]"
"[0.8781803370832756, 0.6203460000836754, 0.3710343095363837, 0.9270334010814967]",stable,0.3768189961162459,1916,"[0.928998764597846, 0.768652628365732, 0.6956648020195016, 0.8173509931175124]"
"[0.9117274469069175, 0.8478161316862491, 0.38979896900013755, 0.662414605837137]",stable,0.3317277359330712,1917,"[0.6269726576708512, 0.8883568151561724, 0.2350263697851734, 0.7203792184075704]"
"[0.9248793802510361, 0.7644592312310671, 0.5246539797308292, 0.8518387223631892]",stable,0.10986637094155392,1918,"[0.9567646617877781, 0.7311140532703372, 0.5272282909396385, 0.7521621438015368]"
"[0.9117274469069175, 0.8478161316862491, 0.38979896900013755, 0.662414605837137]",stable,0.45759168054767657,1919,"[0.5118117707916091, 0.7932072007412688, 0.21755321939158356, 0.5327733141646289]"
"[0.1505135924568266, 0.4457872166679897, 0.3804777242272993, 0.2725613199175735]",stable,0.4500009262232646,1920,"[0.3343656748149747, 0.7596830615190211, 0.5306985877061644, 0.4907409160655409]"
"[0.5392694027253755, 0.49178169280258316, 0.6137423074776502, 0.5614112777190761]",stable,0.6675244292519777,1921,"[0.05852923230322438, 0.7032092075358338, 0.4501863428440087, 0.18322401638265848]"
"[0.1277478685822183, 0.7374416126518464, 0.3353893003739739, 0.2638927833358516]",stable,0.13055751794859582,1922,"[0.18743087114031678, 0.7108782789933303, 0.22865489399619934, 0.3011132145353736]"
"[0.128710497655736, 0.7370131717863864, 0.3336677776904614, 0.26449311287132776]",stable,0.37414689815877894,1923,"[0.1776653954542216, 0.5589265999376587, 0.4859181386746829, 0.5520593137550855]"
"[0.4399703364387668, 0.5922760348129781, 0.3523623153430025, 0.29812597863314033]",stable,0.2822387345282925,1924,"[0.2051841018150325, 0.6250633094177568, 0.4128509157779697, 0.438839343814812]"
"[0.4399703364387668, 0.5922760348129781, 0.3523623153430025, 0.29812597863314033]",anomaly,0.39057334962319534,1925,"[0.6131906175775327, 0.42471587996742893, 0.16299093258978598, 0.5402093310974518]"
"[0.4399703364387668, 0.5922760348129781, 0.3523623153430025, 0.29812597863314033]",stable,0.43610521653922857,1926,"[0.7045733115966869, 0.7706585108235974, 0.33408866061621867, 0.594805589030538]"
"[0.6604611942199615, 0.7864094339815499, 0.4300313306987167, 0.4650769623015102]",stable,0.528237949237776,1927,"[0.7808362872668572, 0.6459447466490408, 0.0, 0.709796994622025]"
"[0.9253348842729896, 0.7639828715459137, 0.5246907556052407, 0.8504147712408798]",stable,0.2725613874372817,1928,"[0.970913882462305, 0.8608311466062756, 0.2982462473721642, 0.7429179752202216]"
"[0.9253348842729896, 0.7639828715459137, 0.5246907556052407, 0.8504147712408798]",stable,0.5010063744000027,1929,"[0.7568395913550082, 0.6288674880600735, 0.3751273966421696, 0.42381031948834924]"
"[0.7587443461443366, 0.48885392027906355, 0.4699396025392169, 0.464262418916745]",stable,0.5248172461315952,1930,"[0.4660960806489923, 0.6534537991760427, 0.340051343581706, 0.8461341966010931]"
"[0.9267803851235984, 0.5598073508104892, 0.372515734920459, 0.6746803083743628]",stable,0.4213968409460877,1931,"[0.7488472755758605, 0.7396299956112321, 0.4605272156686043, 1.0]"
"[0.912506215795804, 0.8479873818825653, 0.3885943279260853, 0.6634738606974407]",stable,0.29416651275166233,1932,"[1.0, 0.611915289518032, 0.2396611327251688, 0.6945808619026431]"
"[0.9253348842729896, 0.7639828715459137, 0.5246907556052407, 0.8504147712408798]",stable,0.40432849855763964,1933,"[0.715011100555892, 0.6096197024711041, 0.21931526151252467, 0.8969256343763883]"
"[0.9253348842729896, 0.7639828715459137, 0.5246907556052407, 0.8504147712408798]",stable,0.25360161891280586,1934,"[0.8095261068112581, 0.7315860939695229, 0.30398605475618296, 0.8166213990532899]"
"[0.9253348842729896, 0.7639828715459137, 0.5246907556052407, 0.8504147712408798]",stable,0.4815398791711347,1935,"[0.8732219494356884, 0.7428471110531791, 0.055760900133675406, 0.7564841184665864]"
"[0.7676556324586894, 0.6724929125907545, 0.20149374232223913, 0.7697229466696531]",stable,0.263472824479874,1936,"[0.9300506886215704, 0.8281622505602594, 0.1286715902909546, 0.6534914261473533]"
"[0.912506215795804, 0.8479873818825653, 0.3885943279260853, 0.6634738606974407]",anomaly,0.5974358689456415,1937,"[0.8006918225662222, 0.2900032047635254, 0.22861654603162007, 0.7500066657741803]"
"[0.912506215795804, 0.8479873818825653, 0.3885943279260853, 0.6634738606974407]",stable,0.4873535647438629,1938,"[0.4859671249343639, 0.7069372759126658, 0.5518557336663149, 0.7584921854419389]"
"[0.6604611942199615, 0.7864094339815499, 0.4300313306987167, 0.4650769623015102]",stable,0.09049614143077755,1939,"[0.6487858175366206, 0.8275319547080588, 0.4253377239450783, 0.5447019931517487]"
"[0.6602073816833671, 0.7873034018234305, 0.42992929576928973, 0.4668079412330371]",stable,0.3324899098280961,1940,"[0.40550987444329245, 0.638168304445476, 0.5813202511667395, 0.4440434667804387]"
"[0.5392694027253755, 0.49178169280258316, 0.6137423074776502, 0.5614112777190761]",stable,0.5914116760864566,1941,"[0.17400603954035868, 0.5029374197490004, 0.16256672172372955, 0.44886534619747076]"
"[0.33367112332090565, 0.4150542250491884, 0.36126936140764343, 0.5024985753744177]",stable,0.48401050685742336,1942,"[0.005282842160277107, 0.7251036301537728, 0.33469906439620306, 0.33047911933596547]"
"[0.12675132852088744, 0.7368241314430116, 0.3336841473207113, 0.26554050979933785]",stable,0.3954353042469241,1943,"[0.2523253142041926, 0.4197625276809648, 0.3943808321465089, 0.4562971763550918]"
"[0.3597141652676731, 0.4593432813159699, 0.6052866306461621, 0.3168239055424228]",stable,0.29296885077372453,1944,"[0.11996168054297494, 0.4028893257756001, 0.6146148885905598, 0.1584716775834231]"
"[0.09680470829162321, 0.5941021989338896, 0.4758626330197067, 0.4587084725253462]",stable,0.4181363681334663,1945,"[0.2825343268782918, 0.6956675585090163, 0.3388541065037324, 0.12515836754590984]"
"[0.12918543787022188, 0.7361810599909179, 0.333764927932946, 0.2633470388266281]",stable,0.41969474225524755,1946,"[0.35898601544278697, 0.42540193677372423, 0.2509804732559425, 0.4044088758350752]"
"[0.3597141652676731, 0.4593432813159699, 0.6052866306461621, 0.3168239055424228]",stable,0.41149821917931967,1947,"[0.13556078747513664, 0.38835069601486344, 0.2866463634547184, 0.20495576634104712]"
"[0.2994776307568676, 0.7119703587668401, 0.2693813793329515, 0.45337822740072364]",stable,0.2837325837018022,1948,"[0.22837122148196942, 0.6806327476243812, 0.19802447067058188, 0.189988395918631]"
"[0.12918543787022188, 0.7361810599909179, 0.333764927932946, 0.2633470388266281]",stable,0.16043747435284433,1949,"[0.0, 0.8146547374056703, 0.35826507870175506, 0.21546248615763441]"
"[0.1271979695952954, 0.7373883473357602, 0.3341418533293892, 0.26261035340095124]",stable,0.25304975823257636,1950,"[0.33711337561548743, 0.7287929029128687, 0.23051655254168313, 0.16691491030790898]"
"[0.1271979695952954, 0.7373883473357602, 0.3341418533293892, 0.26261035340095124]",stable,0.22586811048697172,1951,"[0.2376939003673582, 0.5660885877083403, 0.3651280273007286, 0.17039700300104216]"
"[0.2994776307568676, 0.7119703587668401, 0.2693813793329515, 0.45337822740072364]",stable,0.3862281103156152,1952,"[0.08458482204672349, 0.4108815807247851, 0.16324685216558268, 0.42060256809785695]"
"[0.15180336929484164, 0.44690980328204727, 0.37852806248267157, 0.2695297150873403]",stable,0.3209123662738877,1953,"[0.3567828723408676, 0.6339213071758123, 0.4141900838130825, 0.1122940072963563]"
"[0.2994776307568676, 0.7119703587668401, 0.2693813793329515, 0.45337822740072364]",stable,0.07520860540351676,1954,"[0.33589125285768223, 0.7367679178528452, 0.26210584077811544, 0.5138970678915504]"
"[0.15180336929484164, 0.44690980328204727, 0.37852806248267157, 0.2695297150873403]",stable,0.32690775355981133,1955,"[0.1622225187064416, 0.7656853032394697, 0.36156679790479274, 0.3392047952371014]"
"[0.1277286445818279, 0.737817089091877, 0.3345573827926529, 0.26377087524695353]",stable,0.13341894454446943,1956,"[0.23578768112771528, 0.7870922916856051, 0.29031837905261854, 0.30546888888754625]"
"[0.1293414660228113, 0.738552539876858, 0.3338970991547419, 0.2643932336594997]",stable,0.2380249596979049,1957,"[0.11082090476200969, 0.8931370140423194, 0.379442341048559, 0.4385831918591492]"
"[0.4388149549929627, 0.5928544413735729, 0.3532210343495314, 0.29554497903124055]",stable,0.3728827545995836,1958,"[0.09428013542437502, 0.5610555835386158, 0.22035269612469088, 0.3364368378832857]"
"[0.15180336929484164, 0.44690980328204727, 0.37852806248267157, 0.2695297150873403]",stable,0.4727680788615357,1959,"[0.0, 0.8675902230842242, 0.269052470326855, 0.3768072643619144]"
"[0.4388149549929627, 0.5928544413735729, 0.3532210343495314, 0.29554497903124055]",stable,0.3881793366194057,1960,"[0.4174141318187306, 0.8294054011700023, 0.6031327864498918, 0.473906863208503]"
"[0.5392694027253755, 0.49178169280258316, 0.6137423074776502, 0.5614112777190761]",stable,0.4581344215278571,1961,"[0.25200537455787053, 0.5415549649044018, 0.8133656636083719, 0.26979566877293515]"
"[0.5302382989395172, 0.38264670960499847, 0.8314747590082531, 0.5821581677781155]",stable,0.6571308156425741,1962,"[0.0, 0.4603008507601783, 0.7140317518128605, 0.22043281667985967]"
"[0.09680470829162321, 0.5941021989338896, 0.4758626330197067, 0.4587084725253462]",stable,0.491033698608987,1963,"[0.23155074185614566, 0.23110126931900732, 0.21955340368234133, 0.2990416204129959]"
"[0.3597141652676731, 0.4593432813159699, 0.6052866306461621, 0.3168239055424228]",stable,0.2449057460832966,1964,"[0.5300210109908046, 0.2922200633245108, 0.6603839319200489, 0.31390497338023965]"
"[0.38656606318213993, 0.3560611503023759, 0.9106585102888642, 0.3464959190823504]",stable,0.23849393712865383,1965,"[0.3107244011368982, 0.32762856311835203, 1.0, 0.552255697823385]"
"[0.38656606318213993, 0.3560611503023759, 0.9106585102888642, 0.3464959190823504]",stable,0.4574409309675277,1966,"[0.011311610919287896, 0.16036573943483062, 0.7543008032772731, 0.27105140301388186]"
"[0.3597141652676731, 0.4593432813159699, 0.6052866306461621, 0.3168239055424228]",stable,0.6178818011568626,1967,"[0.4409681304096801, 0.0, 1.0, 0.4083707204120224]"
"[0.5302382989395172, 0.38264670960499847, 0.8314747590082531, 0.5821581677781155]",stable,0.24180788686055107,1968,"[0.7344081680337011, 0.32439109124056376, 0.8766474641103004, 0.4756150856715343]"
"[0.5302382989395172, 0.38264670960499847, 0.8314747590082531, 0.5821581677781155]",stable,0.6301281702001535,1969,"[0.08759214581967095, 0.06289368606349624, 0.8782874964386324, 0.2712040464702653]"
"[0.14285152014250926, 0.3209417438342586, 0.9538291483644138, 0.46136480563155025]",stable,0.19113299227875039,1970,"[0.0, 0.3204417663906261, 1.0, 0.3430716679937157]"
"[0.38656606318213993, 0.3560611503023759, 0.9106585102888642, 0.3464959190823504]",stable,0.3409193823735713,1971,"[0.3033117556746162, 0.2619914640065638, 0.8084209551308785, 0.6464844555215705]"
"[0.34006706902951805, 0.2727574348670668, 0.7082274533973106, 0.4112965953852652]",stable,0.3624920246315269,1972,"[0.45995431303131024, 0.47743840625660994, 0.7142774369124176, 0.13725898063572356]"
"[0.33272144676167126, 0.4153094117331937, 0.3599612695870869, 0.5000529635344402]",anomaly,0.889975323808256,1973,"[0.003594085807322983, 0.2602974299682792, 1.0, 0.0]"
"[0.33272144676167126, 0.4153094117331937, 0.3599612695870869, 0.5000529635344402]",stable,0.5765885794743891,1974,"[0.0, 0.21657014241698852, 0.7858713327839864, 0.4708271231805976]"
"[0.38656606318213993, 0.3560611503023759, 0.9106585102888642, 0.3464959190823504]",stable,0.1618560074613821,1975,"[0.30149941832886684, 0.27628442118927776, 1.0, 0.27856356454523407]"
"[0.38519402052321616, 0.3547744288650679, 0.9120995020583987, 0.34540023594465497]",stable,0.3700180560789606,1976,"[0.05785162485548512, 0.35412041824096463, 0.7401265947702534, 0.33179107535591973]"
"[0.36125632138711367, 0.4596216678535182, 0.6069634122810276, 0.31406136823616587]",stable,0.40761626509114923,1977,"[0.18809224706455677, 0.16380811128669115, 0.7874980894670123, 0.18730651422454656]"
"[0.36125632138711367, 0.4596216678535182, 0.6069634122810276, 0.31406136823616587]",stable,0.36550638176126904,1978,"[0.47179833000304283, 0.21752092473515297, 0.8500689109057353, 0.37457852414536186]"
"[0.3865686921022611, 0.3525958018153867, 0.9111148895004199, 0.3458633833764122]",stable,0.17855164401425203,1979,"[0.4422968356727861, 0.2082784200210735, 1.0, 0.35271860313124126]"
"[0.3874394443455505, 0.35034084272485055, 0.9125037193519758, 0.3459704961850814]",stable,0.4078904504700998,1980,"[0.0, 0.2640184829004464, 0.9904538376277132, 0.2936491257418613]"
"[0.3874394443455505, 0.35034084272485055, 0.9125037193519758, 0.3459704961850814]",stable,0.5859125819941451,1981,"[0.0371322942607637, 0.6578691607902216, 0.6116383385656535, 0.15759637224363957]"
"[0.4388149549929627, 0.5928544413735729, 0.3532210343495314, 0.29554497903124055]",stable,0.6527026645314654,1982,"[0.05941225112788076, 0.37429698713757004, 0.7088667075480134, 0.6239093359876796]"
"[0.34006706902951805, 0.2727574348670668, 0.7082274533973106, 0.4112965953852652]",stable,0.48754584732050754,1983,"[0.08916038386173698, 0.49036026586075193, 0.37120879884152064, 0.2937626726117678]"
"[0.3001054518275713, 0.7123979028890126, 0.2692559390130405, 0.4544216556850483]",stable,0.5559705832019901,1984,"[0.24497602502508456, 0.5229257968446389, 0.5215758065660322, 0.0]"
"[0.09680470829162321, 0.5941021989338896, 0.4758626330197067, 0.4587084725253462]",stable,0.18025599403671003,1985,"[0.0, 0.6817957943246544, 0.41815461602908766, 0.3487053364737434]"
"[0.4388149549929627, 0.5928544413735729, 0.3532210343495314, 0.29554497903124055]",stable,0.359075468015894,1986,"[0.18274517267307114, 0.6628986756959374, 0.4702299028786532, 0.5071251960582704]"
"[0.4388149549929627, 0.5928544413735729, 0.3532210343495314, 0.29554497903124055]",stable,0.5048372613624617,1987,"[0.0039599330307234365, 0.6652177123605423, 0.46143596373895124, 0.07460413535701146]"
"[0.12749761994939823, 0.7374740865310299, 0.33577267069274497, 0.26160221750799245]",stable,0.19601312096508275,1988,"[0.0363172819580983, 0.6547544067763975, 0.27898012784385656, 0.4031626329224462]"
"[0.1507043695504012, 0.4476720920992175, 0.3783996543486163, 0.269954854693032]",stable,0.23250951939042028,1989,"[0.0, 0.5526815872792314, 0.5116815036540223, 0.32052979090999606]"
"[0.4388149549929627, 0.5928544413735729, 0.3532210343495314, 0.29554497903124055]",anomaly,0.6340391833168714,1990,"[0.035385655532967075, 0.8893898771910942, 0.6925851272822284, 0.4856744981775921]"
"[0.4388149549929627, 0.5928544413735729, 0.3532210343495314, 0.29554497903124055]",stable,0.3672766033172657,1991,"[0.19103842484164021, 0.46855924431158996, 0.5900106191311184, 0.3400454394415034]"
"[0.33272144676167126, 0.4153094117331937, 0.3599612695870869, 0.5000529635344402]",stable,0.6731408892396779,1992,"[0.46603040617381897, 0.12957860884639988, 0.8904747365947253, 0.23123937066377043]"
"[0.34006706902951805, 0.2727574348670668, 0.7082274533973106, 0.4112965953852652]",stable,0.38701107476039154,1993,"[0.16412564730154833, 0.3413876511962316, 0.7868665250819608, 0.08277265726397309]"
"[0.0954243371095489, 0.5955774484274557, 0.4755097884492277, 0.45614738157490986]",stable,0.3624712939895,1994,"[0.21482878019595605, 0.5800086350420389, 0.6290382632904161, 0.7616218279699498]"
"[0.5392694027253755, 0.49178169280258316, 0.6137423074776502, 0.5614112777190761]",stable,0.3986426562025592,1995,"[0.1956514007317813, 0.3745556639508367, 0.7657014210446125, 0.49809364973322445]"
"[0.34006706902951805, 0.2727574348670668, 0.7082274533973106, 0.4112965953852652]",stable,0.1928332017646808,1996,"[0.39530402676409104, 0.4379803088087322, 0.6280395138891969, 0.39117649382123915]"
"[0.33272144676167126, 0.4153094117331937, 0.3599612695870869, 0.5000529635344402]",stable,0.5222649006239001,1997,"[0.10494303387416021, 0.48940024007852, 0.8175146482008065, 0.42238008589744047]"
"[0.5302382989395172, 0.38264670960499847, 0.8314747590082531, 0.5821581677781155]",stable,0.2722140257447681,1998,"[0.5363859927016525, 0.605937900106258, 0.7261606279521107, 0.4676476454755771]"
"[0.539230437725055, 0.4933243442526328, 0.6152614739705483, 0.5601442016076775]",stable,0.31512623381933025,1999,"[0.3652482945253892, 0.6273186120723158, 0.609306338811759, 0.33421317309341214]"
"[0.33272144676167126, 0.4153094117331937, 0.3599612695870869, 0.5000529635344402]",stable,0.4076589292687414,2000,"[0.12122777259258737, 0.4624259418787263, 0.7052112244188458, 0.4938296465160278]"
"[0.34006706902951805, 0.2727574348670668, 0.7082274533973106, 0.4112965953852652]",stable,0.7368767157458977,2001,"[0.1870528204252434, 0.8606225950791211, 0.3600049506007419, 0.18166738146099315]"
"[0.12836073879687426, 0.7392588475244805, 0.3361238631551797, 0.26044374162325334]",stable,0.39078483811751846,2002,"[0.29864311847392155, 0.5565505719485433, 0.17609426355462818, 0.5148546575875876]"
"[0.33272144676167126, 0.4153094117331937, 0.3599612695870869, 0.5000529635344402]",stable,0.21471647270060445,2003,"[0.44133807277262604, 0.3954055570907696, 0.3715861623312145, 0.3162751339628442]"
"[0.3001054518275713, 0.7123979028890126, 0.2692559390130405, 0.4544216556850483]",stable,0.1396885980523856,2004,"[0.2248144346453447, 0.59896254090363, 0.2943652188138755, 0.4730256841905949]"
"[0.1507043695504012, 0.4476720920992175, 0.3783996543486163, 0.269954854693032]",stable,0.42536109112192916,2005,"[0.14268175775798725, 0.5571764165512879, 0.0, 0.43023648201073106]"
"[0.33272144676167126, 0.4153094117331937, 0.3599612695870869, 0.5000529635344402]",stable,0.19861694884399875,2006,"[0.2340815195904381, 0.5379811088649679, 0.3717458559138047, 0.37950573053562]"
"[0.29882933289227936, 0.710475269635023, 0.269681520026614, 0.45473697820209147]",stable,0.5110391004435638,2007,"[0.26171211969384917, 0.44022078541025333, 0.5045955438777339, 0.09202333106288002]"
"[0.0954243371095489, 0.5955774484274557, 0.4755097884492277, 0.45614738157490986]",stable,0.20557133591817517,2008,"[0.0, 0.5773948438642101, 0.3941724532557625, 0.294260381376287]"
"[0.29882933289227936, 0.710475269635023, 0.269681520026614, 0.45473697820209147]",stable,0.052226649324115214,2009,"[0.29965478471813684, 0.7248113084221868, 0.23837605396100103, 0.41547647240790964]"
"[0.1495632302366662, 0.45140144410821315, 0.3785542136786559, 0.27222360727821576]",stable,0.33516810525218843,2010,"[0.0, 0.4524561645826022, 0.10812017491943487, 0.4019649545219263]"
"[0.1495632302366662, 0.45140144410821315, 0.3785542136786559, 0.27222360727821576]",stable,0.4857183850208989,2011,"[0.27835171234358547, 0.7579978304698372, 0.5200689975145754, 0.5967356998876788]"
"[0.539230437725055, 0.4933243442526328, 0.6152614739705483, 0.5601442016076775]",stable,0.3620928081480958,2012,"[0.36345047738569225, 0.6959323978855018, 0.49246567163511334, 0.35018283661982297]"
"[0.4388495182502184, 0.5901496621368222, 0.3534726114451709, 0.295828953756331]",stable,0.3202401246991163,2013,"[0.21354237109999485, 0.42096083537434137, 0.4783359914688965, 0.38286172998528395]"
"[0.2988430904227103, 0.7107142036148092, 0.26915976225885374, 0.4540826364388551]",stable,0.3166830596323698,2014,"[0.0, 0.7788947466738922, 0.2490705638197247, 0.37708390126116065]"
"[0.12652701395691893, 0.7398250746551863, 0.33488024459324467, 0.2621100296180806]",stable,0.23884744028087576,2015,"[0.13070437024964088, 0.5691555161128868, 0.28124308418615257, 0.10391519331306509]"
"[0.12652701395691893, 0.7398250746551863, 0.33488024459324467, 0.2621100296180806]",stable,0.29614940279976865,2016,"[0.21278129310093508, 0.6375777218339662, 0.12905550805147606, 0.4277793532014472]"
"[0.15062954925105504, 0.4508941006293153, 0.3802172433084932, 0.2740675759900002]",stable,0.21541744037596056,2017,"[0.191194897094163, 0.5878179590526788, 0.2191730931086833, 0.2827718768452071]"
"[0.12652701395691893, 0.7398250746551863, 0.33488024459324467, 0.2621100296180806]",stable,0.3273658767175642,2018,"[0.11852782486503156, 0.4266329790885714, 0.4183981870715418, 0.21694483536724343]"
"[0.2988430904227103, 0.7107142036148092, 0.26915976225885374, 0.4540826364388551]",stable,0.3269336045898399,2019,"[0.4198887936479781, 0.459121030791377, 0.09947969892097377, 0.46604386693984423]"
"[0.15010329147423498, 0.4504963773253686, 0.38084316041936284, 0.2731311376191353]",stable,0.3943931988419189,2020,"[0.2581059119473597, 0.41952576952846415, 0.0030614728106483635, 0.258874657552106]"
"[0.35931252406313985, 0.46190097905399, 0.6070585039720422, 0.3158738829662785]",stable,0.612128855721175,2021,"[0.301396323432082, 0.4091343158849925, 0.0, 0.3224390733072914]"
"[0.35931252406313985, 0.46190097905399, 0.6070585039720422, 0.3158738829662785]",stable,0.7049342773579422,2022,"[0.16629175848601643, 0.6038643532753586, 0.08154414607345073, 0.7200475825959056]"
"[0.15010329147423498, 0.4504963773253686, 0.38084316041936284, 0.2731311376191353]",stable,0.4421606470664925,2023,"[0.07215885940304298, 0.6188601900767846, 0.7284513337590173, 0.47376236077902534]"
"[0.5302382989395172, 0.38264670960499847, 0.8314747590082531, 0.5821581677781155]",stable,0.5600496540818518,2024,"[0.3451655981503441, 0.7421941927887892, 0.48991012211784146, 0.3992294477204764]"
"[0.539230437725055, 0.4933243442526328, 0.6152614739705483, 0.5601442016076775]",stable,0.35248591882153474,2025,"[0.39229617998518707, 0.5910527108827263, 0.42630283022269677, 0.3205603036122525]"
"[0.2988430904227103, 0.7107142036148092, 0.26915976225885374, 0.4540826364388551]",stable,0.615182004887544,2026,"[0.40693416339814154, 0.7590965714470082, 0.8582541418403227, 0.585962041612492]"
"[0.35705371246017936, 0.6004901825670335, 0.8751641251182227, 0.4819875586827621]",stable,0.47060410684608744,2027,"[0.2465237467056163, 0.6375670168183243, 0.5496698542950818, 0.801252558446145]"
"[0.539230437725055, 0.4933243442526328, 0.6152614739705483, 0.5601442016076775]",stable,0.4420609999341754,2028,"[0.2918898460047775, 0.7593008888010069, 0.8425399773447995, 0.4513254577979214]"
"[0.35575043513107135, 0.603666396691713, 0.8745116421627543, 0.4813743166650653]",stable,0.36576795703463877,2029,"[0.4459764608620221, 0.5356452115648095, 0.5343637160699987, 0.5542987256295534]"
"[0.5379870513668812, 0.4938886224834619, 0.6141828371985409, 0.5600662619279692]",stable,0.29918845754107387,2030,"[0.2716168094412456, 0.6251895925181343, 0.5793150267663276, 0.5498232933200601]"
"[0.5379870513668812, 0.4938886224834619, 0.6141828371985409, 0.5600662619279692]",stable,0.3317660941525419,2031,"[0.36596138917156285, 0.5786014937530842, 0.8703796265357597, 0.4725285709026019]"
"[0.35595064991617903, 0.6031749280066419, 0.8744306222484994, 0.48120087066972284]",stable,0.36057269993078855,2032,"[0.6335506786317417, 0.4088834492786729, 0.8656566211626427, 0.35821821257866593]"
"[0.5302382989395172, 0.38264670960499847, 0.8314747590082531, 0.5821581677781155]",stable,0.1846656752330538,2033,"[0.43259008645646013, 0.4457905906999874, 0.8819739722427657, 0.44788636153756267]"
"[0.38813406960879526, 0.35180930038600655, 0.9120340309349111, 0.34753843257511957]",stable,0.35361609893257684,2034,"[0.1970805200114883, 0.16894534837924244, 0.785689501831503, 0.14969829096409748]"
"[0.34006706902951805, 0.2727574348670668, 0.7082274533973106, 0.4112965953852652]",stable,0.17936767292972294,2035,"[0.2966074238055159, 0.2703571729495174, 0.801553996149059, 0.2644346994082583]"
"[0.38813406960879526, 0.35180930038600655, 0.9120340309349111, 0.34753843257511957]",stable,0.17485761903996283,2036,"[0.38655483479369124, 0.49612366568119104, 0.9184160640406716, 0.4460540484774148]"
"[0.3565391919330543, 0.6011162498849986, 0.8752764961291182, 0.48052497024294766]",stable,0.5353930576094795,2037,"[0.31700141059436565, 0.06816283170323911, 0.8613873484217232, 0.45136617041198385]"
"[0.12986501831137207, 0.3160388699010855, 0.951248473374064, 0.4529846086625055]",stable,0.25254625398022923,2038,"[0.2564190791162798, 0.4947482443601715, 1.0, 0.33701078305811766]"
"[0.38613838793466626, 0.35397504196137264, 0.9133668486480185, 0.34737892273395293]",stable,0.28148904525042445,2039,"[0.4732129170899271, 0.24369496563952697, 0.6950999883698681, 0.23851207084986756]"
"[0.38613838793466626, 0.35397504196137264, 0.9133668486480185, 0.34737892273395293]",stable,0.5283635243354083,2040,"[0.6351820307890506, 0.6275097731593361, 0.6238912001019971, 0.5893042780179116]"
"[0.5392659326750677, 0.49564679551867075, 0.6143105788156916, 0.5604509726659948]",stable,0.31814892756764995,2041,"[0.8074045052996336, 0.4409487959994308, 0.760557981093994, 0.6307380423072015]"
"[0.912506215795804, 0.8479873818825653, 0.3885943279260853, 0.6634738606974407]",stable,0.31213024611818035,2042,"[0.7738290577921543, 0.7304023334919827, 0.5259517151078925, 0.45016506816558555]"
"[0.6626248641537668, 0.7860927407951018, 0.43197232596798346, 0.46645383755075087]",stable,0.23693442068891193,2043,"[0.6518357291600795, 1.0, 0.45958077294436916, 0.5639370278364555]"
"[0.6624000905080649, 0.7905491420285372, 0.4325475019466582, 0.46848473734836976]",stable,0.34745747376165154,2044,"[0.7154575703366555, 0.8933047194955774, 0.4616943679772987, 0.7948332495359918]"
"[0.6624000905080649, 0.7905491420285372, 0.4325475019466582, 0.46848473734836976]",stable,0.4172567563140994,2045,"[0.854006480022341, 0.458003320006631, 0.44717424609299744, 0.6315476908311258]"
"[0.9253348842729896, 0.7639828715459137, 0.5246907556052407, 0.8504147712408798]",stable,0.4365001385133365,2046,"[1.0, 0.4718237009101922, 0.249102166925079, 0.6966245237660866]"
"[0.9253348842729896, 0.7639828715459137, 0.5246907556052407, 0.8504147712408798]",stable,0.3438714302089623,2047,"[0.9612438679162956, 0.44180531524088495, 0.6116201160245616, 0.7755614886270233]"
"[0.9278636987214153, 0.5577826487223037, 0.3698450046407806, 0.6746613694240212]",anomaly,0.37658258603265443,2048,"[0.7367364638928858, 0.347533341201569, 0.12754862448805832, 0.7233698600779184]"
"[0.9278636987214153, 0.5577826487223037, 0.3698450046407806, 0.6746613694240212]",stable,0.2022977654929704,2049,"[0.9380506689150817, 0.6841535579880179, 0.32262726036648953, 0.5242569496793659]"
"[0.912506215795804, 0.8479873818825653, 0.3885943279260853, 0.6634738606974407]",stable,0.5157168522019023,2050,"[0.6217497391400646, 0.5328336458526802, 0.4053742310291276, 0.9495177392301534]"
"[0.5811855077842286, 0.4551688273784736, 0.48591229993249996, 0.9747588696150766]",stable,0.6550783518956206,2051,"[0.6704296928132076, 0.8262750202968422, 0.008436493142972956, 0.7392590393197648]"
"[0.9253348842729896, 0.7639828715459137, 0.5246907556052407, 0.8504147712408798]",stable,0.6083421158760197,2052,"[0.6553183324222186, 0.3661266679754365, 0.30425847230797026, 0.549929760905969]"
"[0.7563937549233795, 0.4860646645448902, 0.46617412230668864, 0.46620940396195465]",stable,0.44310052063160116,2053,"[0.590765875270429, 0.6890545137530422, 0.3940834358271872, 0.816214448078507]"
"[0.9278636987214153, 0.5577826487223037, 0.3698450046407806, 0.6746613694240212]",stable,0.13744204838595783,2054,"[0.9635314173941658, 0.6320036468979277, 0.26396080445094433, 0.6446962215154558]"
"[0.912506215795804, 0.8479873818825653, 0.3885943279260853, 0.6634738606974407]",stable,0.27673909236657585,2055,"[0.8888456813952802, 0.8350144559131885, 0.15969561282165548, 0.8166462660813478]"
"[0.7657859028501224, 0.6754502608158716, 0.19778110291494555, 0.7691371022975398]",stable,0.5133229219834314,2056,"[0.8882227668267073, 0.3292639550260931, 0.5280070514465669, 0.6290817519063311]"
"[0.6899775123236063, 0.34916682325959914, 0.506045665965974, 0.7161004694737344]",stable,0.20325705044520315,2057,"[0.8634767802290529, 0.3190272904379533, 0.4060010117525856, 0.7332500559577981]"
"[0.6959602456996561, 0.34812752902437, 0.5025958503034433, 0.7166918345249089]",stable,0.5383172689991913,2058,"[1.0, 0.7659329592475596, 0.5226507167538201, 0.8662970975185857]"
"[0.912506215795804, 0.8479873818825653, 0.3885943279260853, 0.6634738606974407]",stable,0.5388917944870478,2059,"[0.6244494716861174, 0.4292369363048263, 0.567659036875193, 0.6668757242769426]"
"[0.6935765532325381, 0.35083117593371854, 0.5047646231891684, 0.7150312975166434]",stable,0.3490606307224953,2060,"[0.600331692020608, 0.4952774496368983, 0.6100111547052824, 1.0]"
"[0.7657859028501224, 0.6754502608158716, 0.19778110291494555, 0.7691371022975398]",stable,0.7328797183628983,2061,"[0.35500104861362514, 0.8387345814320469, 0.753535229552799, 0.58790778214351]"
"[0.5392659326750677, 0.49564679551867075, 0.6143105788156916, 0.5604509726659948]",stable,0.18134838787239616,2062,"[0.6207747111300241, 0.34036202021354156, 0.6298275764031313, 0.516983534703713]"
"[0.5403244882394178, 0.49363011012509767, 0.6145120982648791, 0.5598864604846664]",stable,0.4832982149046347,2063,"[0.659911107457908, 0.49193814335170954, 0.9362438385962355, 0.9001246557915612]"
"[0.5233679523982665, 0.5440270571192733, 0.880317355842418, 0.8520206407015088]",stable,0.34773939813794874,2064,"[0.4757794280948889, 0.3470184631831904, 0.7011710330319231, 0.6334978036551827]"
"[0.3565391919330543, 0.6011162498849986, 0.8752764961291182, 0.48052497024294766]",stable,0.19681504682150688,2065,"[0.3732513155895123, 0.5035976984549484, 0.7176025220649588, 0.5444461530233269]"
"[0.356854515020912, 0.5992762772165071, 0.8723015154863981, 0.48173103029540765]",stable,0.5554879744594824,2066,"[0.3971056950323354, 0.06402632484737653, 0.7346502464444917, 0.520542741115503]"
"[0.38613838793466626, 0.35397504196137264, 0.9133668486480185, 0.34737892273395293]",stable,0.5323002776472788,2067,"[0.7194306345126548, 0.44036810519217884, 0.509548622726451, 0.3058224191090917]"
"[0.7555723522475856, 0.4850491854481633, 0.46713800009379447, 0.4626452487430021]",stable,0.3326231513942667,2068,"[0.531584446393867, 0.47120277175462566, 0.5390150397188845, 0.22789102220537483]"
"[0.33272144676167126, 0.4153094117331937, 0.3599612695870869, 0.5000529635344402]",stable,0.29802786267121695,2069,"[0.355133273867, 0.36807404321144255, 0.5962065174188361, 0.32605491822442995]"
"[0.33272144676167126, 0.4153094117331937, 0.3599612695870869, 0.5000529635344402]",stable,0.4846297482618528,2070,"[0.3713615274942864, 0.662251556125078, 0.4733155266986911, 0.10062421296791191]"
"[0.43822041908447473, 0.5901618654982533, 0.3544568035908131, 0.29616316118681646]",stable,0.23531218240138402,2071,"[0.2766243942538581, 0.4879986092314311, 0.4826313501326818, 0.3450763765093742]"
"[0.33272144676167126, 0.4153094117331937, 0.3599612695870869, 0.5000529635344402]",stable,0.27668712968326825,2072,"[0.11737546159176156, 0.33552705077601475, 0.5124741154422102, 0.4764631112068709]"
"[0.43822041908447473, 0.5901618654982533, 0.3544568035908131, 0.29616316118681646]",anomaly,0.3992544201486937,2073,"[0.4909765766418993, 0.19640630200424802, 0.3522622406489838, 0.2565068885548792]"
"[0.43822041908447473, 0.5901618654982533, 0.3544568035908131, 0.29616316118681646]",stable,0.2891547748006097,2074,"[0.3066878089980247, 0.8196637417840742, 0.46663204117791146, 0.2636783781737956]"
"[0.43822041908447473, 0.5901618654982533, 0.3544568035908131, 0.29616316118681646]",stable,0.35475168855434114,2075,"[0.215308882739971, 0.7282597364628288, 0.413439036926202, 0.5276999437560456]"
"[0.15010329147423498, 0.4504963773253686, 0.38084316041936284, 0.2731311376191353]",stable,0.25284638563408934,2076,"[0.03746418910427804, 0.6178062227476793, 0.5080374966110068, 0.3572307441047934]"
"[0.43822041908447473, 0.5901618654982533, 0.3544568035908131, 0.29616316118681646]",stable,0.12184832249062102,2077,"[0.3595894412237609, 0.5813103644526824, 0.3549543482622978, 0.3888216005919049]"
"[0.2974736771820097, 0.7110018353008423, 0.27152499626979393, 0.45528947754241555]",stable,0.22314998147426468,2078,"[0.35464121884213873, 0.537459588046699, 0.24203677856713474, 0.3306246475092243]"
"[0.2974736771820097, 0.7110018353008423, 0.27152499626979393, 0.45528947754241555]",stable,0.17769136601746235,2079,"[0.14853152129575026, 0.6857365432432474, 0.3220492811967356, 0.3765530983586442]"
"[0.126836936595494, 0.7390632643536097, 0.33469952679892767, 0.2637219038256942]",stable,0.3523123576415169,2080,"[0.40466800423396576, 0.6573530715625121, 0.2243021769025211, 0.43126224145124364]"
"[0.15010329147423498, 0.4504963773253686, 0.38084316041936284, 0.2731311376191353]",stable,0.3418484103275346,2081,"[0.2818380356226926, 0.6268290247772395, 0.17009489922628865, 0.4280448577162038]"
"[0.15010329147423498, 0.4504963773253686, 0.38084316041936284, 0.2731311376191353]",stable,0.32131068774650995,2082,"[0.23316721753926617, 0.5805139464842008, 0.6624847205642226, 0.2624350843285106]"
"[0.4360860746357504, 0.5893519473601333, 0.35298413937565265, 0.297835791788494]",stable,0.12158285472237794,2083,"[0.33063233711338696, 0.5715744200679862, 0.2981002250337874, 0.2795706535492387]"
"[0.2989269896501468, 0.7088141912649386, 0.26916542616803557, 0.4544756385596]",stable,0.13831954407587274,2084,"[0.34711343930765115, 0.6593581669599489, 0.38383180866304156, 0.4196032321583298]"
"[0.15010329147423498, 0.4504963773253686, 0.38084316041936284, 0.2731311376191353]",stable,0.4463447566675652,2085,"[0.4870829403675759, 0.7069261789851412, 0.49682733359572917, 0.19275834104172979]"
"[0.2996799029260453, 0.7080414408851731, 0.27095708839452004, 0.45393075720958015]",stable,0.29384245585034624,2086,"[0.11250359348717268, 0.5527375912730706, 0.3974294175878962, 0.3481296121823647]"
"[0.2996799029260453, 0.7080414408851731, 0.27095708839452004, 0.45393075720958015]",stable,0.32803600445294223,2087,"[0.32625851809403295, 0.46717734997736254, 0.20934902395543664, 0.241586382336059]"
"[0.36051540494096107, 0.46107805633618065, 0.6041948053150601, 0.31518938533304386]",stable,0.4943358943865178,2088,"[0.24729003199321092, 0.648953199379129, 0.16220794816717607, 0.28521372629293146]"
"[0.126836936595494, 0.7390632643536097, 0.33469952679892767, 0.2637219038256942]",stable,0.3694188111266729,2089,"[0.2415395877163483, 0.49950274369396763, 0.14857178467049345, 0.4405856377892864]"
"[0.14949684473250816, 0.4521454291632348, 0.3811106806962747, 0.2743407904346713]",anomaly,0.41064032651606563,2090,"[0.5093604486099357, 0.258697437615562, 0.4213782463532974, 0.2832885324850321]"
"[0.14949684473250816, 0.4521454291632348, 0.3811106806962747, 0.2743407904346713]",stable,0.3473211337769482,2091,"[0.0919304851568862, 0.5128490631256253, 0.6757077490209912, 0.43818742717634307]"
"[0.4353879096127948, 0.5906313922874777, 0.35412464296383483, 0.2962544765450835]",stable,0.5242576485227409,2092,"[0.059756554885225466, 0.5828027958446568, 0.7197554263840243, 0.2961511644033168]"
"[0.5292993528904719, 0.3820324294942776, 0.829228143043144, 0.5830433339139269]",stable,0.5063493826716815,2093,"[0.22471877159530879, 0.6548381401507269, 0.5499543859881705, 0.4771963704075386]"
"[0.5403244882394178, 0.49363011012509767, 0.6145120982648791, 0.5598864604846664]",stable,0.47890025709687334,2094,"[0.2783506256523265, 0.3659152496332424, 0.4830271591549799, 0.20335346514557684]"
"[0.2996799029260453, 0.7080414408851731, 0.27095708839452004, 0.45393075720958015]",stable,0.6764830101607103,2095,"[0.37376743355494, 0.23056372553456572, 0.7443631777427928, 0.4474494955308799]"
"[0.38613838793466626, 0.35397504196137264, 0.9133668486480185, 0.34737892273395293]",stable,0.5831515788026161,2096,"[0.28311485771879996, 0.83688202971874, 0.734766783217365, 0.6010613499635828]"
"[0.5403244882394178, 0.49363011012509767, 0.6145120982648791, 0.5598864604846664]",stable,0.4569108582640839,2097,"[0.1328582399950869, 0.419344240084738, 0.5160349682730635, 0.725785988278548]"
"[0.5403244882394178, 0.49363011012509767, 0.6145120982648791, 0.5598864604846664]",stable,0.20849518748475807,2098,"[0.6113677811372483, 0.6448165461311771, 0.6284537785387676, 0.6838678496423048]"
"[0.6624000905080649, 0.7905491420285372, 0.4325475019466582, 0.46848473734836976]",stable,0.24596951636332448,2099,"[0.8212515938672894, 0.7111956715671842, 0.3186779250684239, 0.5949914527742044]"
"[0.912506215795804, 0.8479873818825653, 0.3885943279260853, 0.6634738606974407]",stable,0.3383520113780393,2100,"[0.7719783790416985, 0.5810342760666836, 0.5018298422559583, 0.7666618846657293]"
"[0.6624000905080649, 0.7905491420285372, 0.4325475019466582, 0.46848473734836976]",stable,0.34037867131405203,2101,"[0.8652239283929858, 0.532071178728288, 0.511450868159943, 0.4274538714116377]"
"[0.7579560821637898, 0.4860714026933834, 0.46810132331262383, 0.46188021880101593]",stable,0.2811088235466731,2102,"[0.6498625472136437, 0.24722564496815042, 0.5525739235434755, 0.5180499811707656]"
"[0.6921664240061222, 0.34748906203160346, 0.5063068586844686, 0.708677061505486]",stable,0.5385567018008542,2103,"[0.2355487267397607, 0.4535718793463796, 0.6109175161011363, 0.4650653913761754]"
"[0.34307415558559545, 0.26805097569211206, 0.71060674664926, 0.408392472474656]",stable,0.5863529207982557,2104,"[0.3150160824364086, 0.7516496088766422, 0.4083610645344388, 0.5418181142561409]"
"[0.15154214284234654, 0.45077669615482224, 0.3827284025765716, 0.27321400749357455]",stable,0.6934699146019656,2105,"[0.6211802772584023, 0.48130957308903455, 0.45883903611450844, 0.7768164896646201]"
"[0.689948106920256, 0.3516709530021482, 0.5048234892291573, 0.710806418635459]",stable,0.6516292298545008,2106,"[0.10673607917077235, 0.6319865438202348, 0.5625659124442116, 0.7615347735729681]"
"[0.5403244882394178, 0.49363011012509767, 0.6145120982648791, 0.5598864604846664]",stable,0.2575018710875314,2107,"[0.4429801625497302, 0.6853283803075247, 0.5851001037306988, 0.4212574460028985]"
"[0.5403244882394178, 0.49363011012509767, 0.6145120982648791, 0.5598864604846664]",stable,0.7016427435773915,2108,"[0.17279960707584818, 0.9469284154386516, 0.4816753572272583, 0.19368563037791006]"
"[0.4353879096127948, 0.5906313922874777, 0.35412464296383483, 0.2962544765450835]",stable,0.42925609577670587,2109,"[0.06388968901222372, 0.6862029309858888, 0.3134713084896247, 0.48457137764271746]"
"[0.4353879096127948, 0.5906313922874777, 0.35412464296383483, 0.2962544765450835]",anomaly,0.5319691525454112,2110,"[0.2374158437131762, 0.7582662104469963, 0.27998311521911345, 0.7547300396753598]"
"[0.4353879096127948, 0.5906313922874777, 0.35412464296383483, 0.2962544765450835]",stable,0.38142197108194575,2111,"[0.42435279072516924, 0.36104122819298173, 0.497144074045843, 0.5649452747857634]"
"[0.36051540494096107, 0.46107805633618065, 0.6041948053150601, 0.31518938533304386]",stable,0.3869168655888492,2112,"[0.2491301994467971, 0.47009044720465293, 0.40958641634291343, 0.0]"
"[0.09455802584646296, 0.5927734907923995, 0.476822611812239, 0.45531644418260603]",stable,0.5150841962634434,2113,"[0.43244048077356484, 0.6372765474250887, 0.8378697419875135, 0.31816097168756347]"
"[0.3582542551274426, 0.5999799859240734, 0.8716638900512336, 0.47870195513600317]",stable,0.29340209421085,2114,"[0.20087259439563973, 0.5920457770564862, 0.7227576938147902, 0.6763880568342548]"
"[0.09615486069896224, 0.1944954435214204, 0.6732212654383528, 0.2790008012904674]",stable,0.45628230619330656,2115,"[0.4533598684975563, 0.27303492557510556, 0.5407841992579749, 0.5175172548297606]"
"[0.38613838793466626, 0.35397504196137264, 0.9133668486480185, 0.34737892273395293]",stable,0.49438219458417026,2116,"[0.10367694423097498, 0.49252262338983466, 0.5352936135412506, 0.2974341160077971]"
"[0.29991584414928163, 0.7087123357773495, 0.2730709957197496, 0.4552828703949119]",stable,0.5062748694153414,2117,"[0.0432309320641944, 0.3828591121871366, 0.5553563960990898, 0.3877422994916816]"
"[0.4353879096127948, 0.5906313922874777, 0.35412464296383483, 0.2962544765450835]",stable,0.440576615528422,2118,"[0.1634936538926069, 0.5846346413814113, 0.34094331478025125, 0.6426235851889279]"
"[0.4353879096127948, 0.5906313922874777, 0.35412464296383483, 0.2962544765450835]",stable,0.3066579306222373,2119,"[0.32669345818862067, 0.7534238687144944, 0.4889921042343618, 0.48999136036515767]"
"[0.5403244882394178, 0.49363011012509767, 0.6145120982648791, 0.5598864604846664]",stable,0.1231127397611059,2120,"[0.4660694276364794, 0.4030495864879279, 0.6127594721516048, 0.5977682464201648]"
"[0.5393725002829698, 0.49246882136051856, 0.6144896286993242, 0.5603721244069164]",stable,0.603295777121579,2121,"[0.11327854895630614, 0.3713052658493583, 0.46614637378106794, 0.17863476591064367]"
"[0.29991584414928163, 0.7087123357773495, 0.2730709957197496, 0.4552828703949119]",stable,0.21824267728846514,2122,"[0.32684357902538597, 0.514732806172725, 0.27343551972803015, 0.5515978354891036]"
"[0.36051540494096107, 0.46107805633618065, 0.6041948053150601, 0.31518938533304386]",stable,0.5054588802512767,2123,"[0.15163415548886136, 0.7159540302995895, 0.261927834773301, 0.14271080108394185]"
"[0.126836936595494, 0.7390632643536097, 0.33469952679892767, 0.2637219038256942]",stable,0.368299760357801,2124,"[0.0, 0.41355706304307893, 0.44360880672068703, 0.30545422523244503]"
"[0.29991584414928163, 0.7087123357773495, 0.2730709957197496, 0.4552828703949119]",stable,0.5266186926008403,2125,"[0.14740338028562894, 0.4397044315644316, 0.38005426151993266, 0.04266134396596105]"
"[0.09476765125436622, 0.5901776190303012, 0.4761399271367018, 0.4567418369958846]",stable,0.50288062491341,2126,"[0.1131978441078822, 0.1590463884683222, 0.42401619629444787, 0.20384219361558634]"
"[0.36051540494096107, 0.46107805633618065, 0.6041948053150601, 0.31518938533304386]",stable,0.4468711912842286,2127,"[0.14312434213872846, 0.5302717445815631, 0.22319534409442118, 0.3650555208368612]"
"[0.14794106806447138, 0.44964116378842534, 0.3872263357025305, 0.2726364481703952]",stable,0.39615586458630714,2128,"[0.35308733006432963, 0.5226459355140057, 0.3844800568057891, 0.6035703411023934]"
"[0.36051540494096107, 0.46107805633618065, 0.6041948053150601, 0.31518938533304386]",stable,0.4116792891829755,2129,"[0.6622348343147876, 0.41306679285801273, 0.36386605176958475, 0.45077047501387146]"
"[0.7559194598691302, 0.48451811312241805, 0.46588355157766553, 0.4616438412736299]",stable,0.20971238065976183,2130,"[0.5691852078664121, 0.4376326756092437, 0.38348634585530267, 0.4726918261267631]"
"[0.752029162952407, 0.48354133317422693, 0.4641669431251163, 0.4618740076247368]",stable,0.5823800610913885,2131,"[0.823487632114464, 0.871884142676911, 0.6215576136731771, 0.8599672905042883]"
"[0.912506215795804, 0.8479873818825653, 0.3885943279260853, 0.6634738606974407]",stable,0.449823944318929,2132,"[0.840579976113969, 0.5146821147122042, 0.10980518752907886, 0.7548653865686211]"
"[0.9249573546003297, 0.7655085848630336, 0.5260077947610257, 0.8507680329845064]",anomaly,0.7066051671769894,2133,"[0.5056115931418627, 1.0, 0.24239655556911566, 0.41715710616285473]"
"[0.9249573546003297, 0.7655085848630336, 0.5260077947610257, 0.8507680329845064]",stable,0.5035368738367368,2134,"[0.4351993329877351, 0.6535445629892446, 0.5211809958953412, 0.8171938852224695]"
"[0.5393725002829698, 0.49246882136051856, 0.6144896286993242, 0.5603721244069164]",stable,0.44866883617495973,2135,"[0.4316589777077623, 0.6868309806667198, 0.42766396523224853, 0.2182887367527496]"
"[0.29991584414928163, 0.7087123357773495, 0.2730709957197496, 0.4552828703949119]",stable,0.2883257682247561,2136,"[0.44067508611104056, 0.7620542782477377, 0.48673673864742373, 0.5770209987582049]"
"[0.5393725002829698, 0.49246882136051856, 0.6144896286993242, 0.5603721244069164]",stable,0.3912937931534313,2137,"[0.5729586468807871, 0.48518632288732877, 0.2400482952422556, 0.4520972134995852]"
"[0.29991584414928163, 0.7087123357773495, 0.2730709957197496, 0.4552828703949119]",stable,0.41029757382488174,2138,"[0.653127744052724, 0.5468486432070732, 0.38594789950437136, 0.3871330173305273]"
"[0.7500107666483318, 0.48483331909326466, 0.4625706361124481, 0.4603486812922019]",stable,0.6481480674880249,2139,"[0.7319435820540658, 0.8138949590749349, 0.27168341792512224, 0.984800777536059]"
"[0.767197111779629, 0.6724168995686325, 0.19612117998313672, 0.7688678246422771]",stable,0.16626808668277712,2140,"[0.7088443976204698, 0.7342355816060043, 0.3347150911514092, 0.8036559797766654]"
"[0.9249573546003297, 0.7655085848630336, 0.5260077947610257, 0.8507680329845064]",stable,0.30552174986344566,2141,"[0.8334477530346062, 0.8185614117077626, 0.26163355724290177, 0.7400377635844991]"
"[0.7661165059618668, 0.673561689976732, 0.1986877338936603, 0.7695120497373584]",stable,0.22514589784653716,2142,"[0.9387177211193454, 0.7117337508835132, 0.2738947447566845, 0.6520969947977849]"
"[0.912506215795804, 0.8479873818825653, 0.3885943279260853, 0.6634738606974407]",stable,0.5325208467785743,2143,"[0.6818693963468062, 0.3736555241743541, 0.382015220410353, 0.5903225526052828]"
"[0.6897032975089393, 0.3523371521285787, 0.5011020265376783, 0.7071553923921203]",anomaly,0.7114187190397756,2144,"[0.47438126899707656, 0.830153057581627, 0.7322166653268255, 0.2852181908192116]"
"[0.6897032975089393, 0.3523371521285787, 0.5011020265376783, 0.7071553923921203]",stable,0.40280610440675857,2145,"[0.492938719938393, 0.499493853923759, 0.3441124035037432, 0.42924241655748924]"
"[0.29991584414928163, 0.7087123357773495, 0.2730709957197496, 0.4552828703949119]",stable,0.1299010538168466,2146,"[0.4104343880160558, 0.7670376901553675, 0.2967575843836574, 0.4288814727341698]"
"[0.14794106806447138, 0.44964116378842534, 0.3872263357025305, 0.2726364481703952]",stable,0.652746005717246,2147,"[0.6417103293115385, 0.8267616013001601, 0.316180451088462, 0.4597244555832348]"
"[0.661977850483646, 0.7912881718095908, 0.430172664174042, 0.4683059560878568]",stable,0.6509421253848444,2148,"[0.13689251857555373, 0.41417554947714474, 0.35404098987703353, 0.4672652535427904]"
"[0.3015903675412025, 0.7095960532679255, 0.27342988342677843, 0.45488284921823396]",anomaly,0.6394704286969911,2149,"[0.535939490887384, 0.20526180159353313, 0.4240392725799853, 0.17745413395660448]"
"[0.3015903675412025, 0.7095960532679255, 0.27342988342677843, 0.45488284921823396]",stable,0.3077482402657829,2150,"[0.2003895200856886, 0.6214639492665627, 0.5280742995312566, 0.34599611241308315]"
"[0.437750781411419, 0.5893920957518651, 0.35350057796490575, 0.29885774737439924]",stable,0.27358628296666915,2151,"[0.3140984485974871, 0.36295634820364436, 0.26434882387497693, 0.31725263231990225]"
"[0.36051540494096107, 0.46107805633618065, 0.6041948053150601, 0.31518938533304386]",stable,0.3106978510231116,2152,"[0.24029566357886986, 0.6327643455368978, 0.3956372125840758, 0.21975397769019803]"
"[0.12841275224804088, 0.7375868904811553, 0.3355458835459436, 0.26311123818492343]",stable,0.2560745865357615,2153,"[0.29953836080123164, 0.6387845588318789, 0.49050573518207596, 0.3132686265572814]"
"[0.437750781411419, 0.5893920957518651, 0.35350057796490575, 0.29885774737439924]",stable,0.4103556182436732,2154,"[0.07119664888464733, 0.6058092458542969, 0.537108850541232, 0.29190931044621937]"
"[0.437750781411419, 0.5893920957518651, 0.35350057796490575, 0.29885774737439924]",stable,0.20885580307300422,2155,"[0.4140629073277469, 0.5851439148391008, 0.17410930373137604, 0.1946447213821147]"
"[0.3015903675412025, 0.7095960532679255, 0.27342988342677843, 0.45488284921823396]",anomaly,0.4203734001241705,2156,"[0.6306981353603865, 0.8925642148037607, 0.14877442059861495, 0.5941148144572655]"
"[0.3015903675412025, 0.7095960532679255, 0.27342988342677843, 0.45488284921823396]",stable,0.3942121375052799,2157,"[0.6215834897313983, 0.5293403627057924, 0.409537608923065, 0.49949432966495455]"
"[0.7474422211099931, 0.4857234599655152, 0.46150997556866036, 0.461131594259657]",stable,0.3485630272451146,2158,"[0.7414085589017835, 0.6153346615008679, 0.6627992582505855, 0.7143969491674966]"
"[0.661977850483646, 0.7912881718095908, 0.430172664174042, 0.4683059560878568]",stable,0.4104099100261197,2159,"[0.5185769958429046, 0.904773879995249, 0.4186615080319126, 0.8355401816957428]"
"[0.661977850483646, 0.7912881718095908, 0.430172664174042, 0.4683059560878568]",stable,0.23031807453377856,2160,"[0.746363723761307, 0.8820939282765999, 0.5162298550849661, 0.6422999626889139]"
"[0.9249573546003297, 0.7655085848630336, 0.5260077947610257, 0.8507680329845064]",stable,0.3554901185222346,2161,"[0.6827183101820565, 0.729279288706679, 0.28251907210671157, 0.93499480881298]"
"[0.9249573546003297, 0.7655085848630336, 0.5260077947610257, 0.8507680329845064]",stable,0.35926429563191487,2162,"[0.9555174127859468, 0.41962403650791585, 0.5119781547984327, 0.75964193698954]"
"[0.9278636987214153, 0.5577826487223037, 0.3698450046407806, 0.6746613694240212]",stable,0.33389934534337906,2163,"[1.0, 0.6214799617920835, 0.6036287842413968, 0.4565491882833905]"
"[0.9103485210940574, 0.8484303240435268, 0.3902519321749019, 0.6631988750090183]",stable,0.2932578953281144,2164,"[0.9379992679890723, 0.7089469731819439, 0.514082433748779, 0.8878008141832153]"
"[0.9103485210940574, 0.8484303240435268, 0.3902519321749019, 0.6631988750090183]",stable,0.19975984730746746,2165,"[1.0, 0.8001806194907339, 0.5061780410033485, 0.7900835164308365]"
"[0.9103485210940574, 0.8484303240435268, 0.3902519321749019, 0.6631988750090183]",stable,0.2764072085084594,2166,"[1.0, 0.8919726385300811, 0.4395994406264109, 0.9162452097072283]"
"[0.9103485210940574, 0.8484303240435268, 0.3902519321749019, 0.6631988750090183]",stable,0.3485256155701062,2167,"[0.6482777430417068, 0.7995329691144194, 0.5511548381603114, 0.8197501941537142]"
"[0.661977850483646, 0.7912881718095908, 0.430172664174042, 0.4683059560878568]",stable,0.34420065548040235,2168,"[0.7572235911804763, 0.673487262854856, 0.32291395571126064, 0.7581694677973942]"
"[0.927132383989504, 0.7669029112178823, 0.5244322818422986, 0.8513257055360764]",stable,0.4044628219982458,2169,"[0.9654135538746823, 0.826601320462715, 0.14675635909075935, 0.9775070184093247]"
"[0.764468450416131, 0.6745553180411619, 0.20240304746563623, 0.7722645529004951]",stable,0.4020254727740708,2170,"[0.9820455145195628, 0.4298902158877598, 0.36231295436720934, 0.9421248231179353]"
"[0.9278636987214153, 0.5577826487223037, 0.3698450046407806, 0.6746613694240212]",stable,0.22303479375834664,2171,"[0.7526380650274938, 0.6931253212899191, 0.39667926908771667, 0.6729941090247461]"
"[0.9278636987214153, 0.5577826487223037, 0.3698450046407806, 0.6746613694240212]",stable,0.350993765117282,2172,"[1.0, 0.8680352015281081, 0.3097261827745278, 0.8092795625627878]"
"[0.927132383989504, 0.7669029112178823, 0.5244322818422986, 0.8513257055360764]",stable,0.4104956705218942,2173,"[0.5613619027044676, 0.6755434324915339, 0.5897625990789138, 1.0]"
"[0.661977850483646, 0.7912881718095908, 0.430172664174042, 0.4683059560878568]",stable,0.43272024218335126,2174,"[1.0, 0.5646978555215764, 0.33524335140863115, 0.5807029692774703]"
"[0.927132383989504, 0.7669029112178823, 0.5244322818422986, 0.8513257055360764]",stable,0.3699480958952522,2175,"[0.956494866657459, 0.8530120838259205, 0.2103552896284496, 0.6782930738657534]"
"[0.927132383989504, 0.7669029112178823, 0.5244322818422986, 0.8513257055360764]",stable,0.5082343491503156,2176,"[0.8694029979683865, 0.5274155726408002, 0.4317254944448289, 0.4165605529794621]"
"[0.7498336088915303, 0.486540952370913, 0.4609259661348598, 0.4602576522737708]",stable,0.42584737086611596,2177,"[0.7952693368753871, 0.6362274468213742, 0.6160716181394936, 0.8246823467434916]"
"[0.661977850483646, 0.7912881718095908, 0.430172664174042, 0.4683059560878568]",stable,0.4675805158335149,2178,"[0.9302924055815637, 0.5437919632875335, 0.4558388078651873, 0.7593827743763873]"
"[0.927132383989504, 0.7669029112178823, 0.5244322818422986, 0.8513257055360764]",stable,0.2976873486646455,2179,"[0.777430503084418, 0.8537429357553312, 0.3118310754623663, 0.7352798456676676]"
"[0.927132383989504, 0.7669029112178823, 0.5244322818422986, 0.8513257055360764]",stable,0.5345916989799251,2180,"[0.8931760356010653, 0.5396453071568349, 0.2390192834995108, 0.4620588911326678]"
"[0.9103845186748037, 0.8487990646557615, 0.38601639156665984, 0.6661145732223827]",stable,0.3118588134727808,2181,"[0.7482123695814791, 0.7253604656985558, 0.15019536527050115, 0.6764813202151353]"
"[0.927132383989504, 0.7669029112178823, 0.5244322818422986, 0.8513257055360764]",stable,0.33786445730655396,2182,"[0.9672969149010656, 0.780557066672378, 0.24669294113114087, 0.6636727689007487]"
"[0.9103845186748037, 0.8487990646557615, 0.38601639156665984, 0.6661145732223827]",stable,0.1912412810470652,2183,"[1.0, 0.938148036955338, 0.43698855602615466, 0.8001328282576565]"
"[0.927132383989504, 0.7669029112178823, 0.5244322818422986, 0.8513257055360764]",stable,0.2358026401596373,2184,"[0.818376817242613, 0.922261183581725, 0.4729169977033817, 0.7209988298886235]"
"[0.9103553452588647, 0.8507845657682681, 0.38769776681783324, 0.6684182623894742]",stable,0.3538346447979773,2185,"[0.6152038462719256, 0.788833466427699, 0.2619262841970335, 0.8041685624073175]"
"[0.927132383989504, 0.7669029112178823, 0.5244322818422986, 0.8513257055360764]",stable,0.4425299770167892,2186,"[0.5990801512292985, 0.6982527377665665, 0.2960649515704901, 0.6742663107298282]"
"[0.9289289131233973, 0.5576815704560824, 0.37057917821209857, 0.6745294123498184]",anomaly,0.6468277037123094,2187,"[0.5782792728029115, 0.30940474957627606, 0.19496510284120838, 0.2240305502221801]"
"[0.9289289131233973, 0.5576815704560824, 0.37057917821209857, 0.6745294123498184]",stable,0.849314830654454,2188,"[0.12763479370642575, 0.5446429011794643, 0.3434401029598652, 0.39460642391311923]"
"[0.43746190489820347, 0.5893402886675632, 0.3513128794986432, 0.2975868568135177]",stable,0.5784372097174516,2189,"[0.34972642552883937, 0.47289267882654984, 0.908840078125992, 0.34754151824360685]"
"[0.3855949258092062, 0.355749932063838, 0.9132992849088838, 0.34738134953260447]",stable,0.3480575997961919,2190,"[0.18481693623520334, 0.45117065937833245, 0.657072920268202, 0.425325089116364]"
"[0.3448821180923489, 0.26813267978855465, 0.7078227704625177, 0.41018140333293635]",stable,0.1501414746938282,2191,"[0.38702048041578585, 0.3419482646540557, 0.7991246453647096, 0.49374005288069245]"
"[0.3855949258092062, 0.355749932063838, 0.9132992849088838, 0.34738134953260447]",stable,0.3625174757433104,2192,"[0.13673615544808532, 0.3523226764694833, 0.6497783765028772, 0.34161789695480155]"
"[0.36051540494096107, 0.46107805633618065, 0.6041948053150601, 0.31518938533304386]",stable,0.3888622319759954,2193,"[0.020939330168419534, 0.4789067450970793, 0.7809799124309225, 0.3810003924559121]"
"[0.5292993528904719, 0.3820324294942776, 0.829228143043144, 0.5830433339139269]",stable,0.669378748158661,2194,"[0.0, 0.1250336547998367, 0.9808248514218771, 0.30218719399444205]"
"[0.12986501831137207, 0.3160388699010855, 0.951248473374064, 0.4529846086625055]",stable,0.35112282546861184,2195,"[0.2541930074428737, 0.2523321697691301, 0.7883619625429205, 0.17506514077453744]"
"[0.34556176909756564, 0.2693232537379982, 0.7092953813480369, 0.41152912348693244]",stable,0.18316150415676918,2196,"[0.2286259079874623, 0.24471163892387393, 0.6770153697836897, 0.27652390039887714]"
"[0.36051540494096107, 0.46107805633618065, 0.6041948053150601, 0.31518938533304386]",anomaly,0.505906568381174,2197,"[0.36298757837600015, 0.0, 0.7061560187573337, 0.4967004902504881]"
"[0.36051540494096107, 0.46107805633618065, 0.6041948053150601, 0.31518938533304386]",stable,0.22062871469566814,2198,"[0.37758349825251275, 0.5061453178162251, 0.819225511645333, 0.32598045649229096]"
"[0.38547711069807833, 0.3579616289131378, 0.9119158470667728, 0.34706663051730574]",stable,0.18319209925555893,2199,"[0.45232479715336904, 0.458870869688766, 0.77445232387214, 0.3436261418545322]"
"[0.386445917748155, 0.359424081678002, 0.9099236220929375, 0.3470167683627728]",stable,0.45588438409188514,2200,"[0.759021744492125, 0.38507522532407434, 0.8923637995821736, 0.6078835858155177]"
"[0.5292993528904719, 0.3820324294942776, 0.829228143043144, 0.5830433339139269]",stable,0.44431258128757,2201,"[0.4218953120760909, 0.6287745508862536, 0.4956932153051561, 0.4657794459646997]"
"[0.5393725002829698, 0.49246882136051856, 0.6144896286993242, 0.5603721244069164]",stable,0.5148422019358602,2202,"[0.9334577838838526, 0.4994061654111377, 0.28639975203073, 0.5148947868805537]"
"[0.927132383989504, 0.7669029112178823, 0.5244322818422986, 0.8513257055360764]",stable,0.47790327711354147,2203,"[0.5561361931187757, 0.46882006867541504, 0.4869494156838104, 0.8735748035317261]"
"[0.7616146455027024, 0.6774015817660571, 0.20252917771626144, 0.7711631869836238]",stable,0.24768260109575865,2204,"[0.6456721771547808, 0.4909554861475568, 0.18506452658399403, 0.6578633444930135]"
"[0.927132383989504, 0.7669029112178823, 0.5244322818422986, 0.8513257055360764]",stable,0.3276525899616082,2205,"[0.8156286014799436, 0.47155438759544255, 0.5671265057489168, 0.9279388834734723]"
"[0.9289927000355165, 0.5568607901033367, 0.36939355249123423, 0.6722810373432091]",stable,0.2700180839286723,2206,"[0.7292753414760306, 0.3864042379925362, 0.30924161845056203, 0.6909639442957654]"
"[0.6908671811550302, 0.3533391252422245, 0.4954590733586456, 0.7066791733304629]",stable,0.25109509912007516,2207,"[0.7602577831262726, 0.5193757844415545, 0.504130500154646, 0.5317782661874864]"
"[0.7500340737806599, 0.4871723914491945, 0.4617568225583172, 0.4616330486951884]",stable,0.26819202086542754,2208,"[0.8646255214932769, 0.6744558068142399, 0.3079228875743076, 0.4541629119127817]"
"[0.9103553452588647, 0.8507845657682681, 0.38769776681783324, 0.6684182623894742]",stable,0.20522054369564866,2209,"[0.9054783209127155, 0.6537421377664325, 0.43845672225896676, 0.6946765220029971]"
"[0.927132383989504, 0.7669029112178823, 0.5244322818422986, 0.8513257055360764]",anomaly,0.6539451279507006,2210,"[0.6312257384872699, 0.8851379474981006, 0.0, 0.6253284810496489]"
"[0.927132383989504, 0.7669029112178823, 0.5244322818422986, 0.8513257055360764]",stable,0.7492928118946159,2211,"[0.3011780503923659, 0.652105476122628, 0.22072373648495405, 0.5979414941487454]"
"[0.1477761643407562, 0.4491118262613913, 0.3867310320334933, 0.27554135571326677]",stable,0.4549877243135051,2212,"[0.0, 0.34102377788120436, 0.5939137448923788, 0.6368837581773437]"
"[0.34556176909756564, 0.2693232537379982, 0.7092953813480369, 0.41152912348693244]",stable,0.38864556160288866,2213,"[0.36254305057379144, 0.5504063431763158, 0.4857523542504304, 0.2639560212599362]"
"[0.3344330493347337, 0.4177689558409377, 0.36117378316480303, 0.5036006177404716]",stable,0.3147292074903634,2214,"[0.5805107519994311, 0.4856628768512611, 0.3566766917697733, 0.31956141007643685]"
"[0.3015842135539064, 0.7087379849523241, 0.27264322451719897, 0.4570180528739132]",stable,0.3954270510977242,2215,"[0.0555640954012252, 0.7617343279388197, 0.531100124490842, 0.2950672186986767]"
"[0.4391853849837604, 0.5880911632239932, 0.3513775037428737, 0.2978516104672878]",stable,0.30157121755397126,2216,"[0.3512722626799088, 0.8358375050069258, 0.49771311999104373, 0.31844577794779994]"
"[0.4391853849837604, 0.5880911632239932, 0.3513775037428737, 0.2978516104672878]",stable,0.20138950364742536,2217,"[0.45189037679561783, 0.6113040555273287, 0.37318857752582024, 0.496299976683202]"
"[0.3015842135539064, 0.7087379849523241, 0.27264322451719897, 0.4570180528739132]",stable,0.3376375207567004,2218,"[0.48102496195698363, 0.8095155323199372, 0.4850422975741101, 0.2941357857408449]"
"[0.6583587927131127, 0.7916527190197976, 0.43127005684204334, 0.46482255268091655]",stable,0.7072917313679119,2219,"[0.07248680009491501, 0.7839783399378489, 0.6576918073200753, 0.1397227274838373]"
"[0.43933663488628255, 0.5883675071799853, 0.3516371593831468, 0.30021409101747726]",stable,0.28837541902645414,2220,"[0.5158419015835038, 0.41606905478039946, 0.18259726199049703, 0.43822163739252196]"
"[0.36054356668586146, 0.46231872698673804, 0.6025497712724959, 0.3144778108320285]",stable,0.5813732206556252,2221,"[0.25171857035510126, 0.9870758356899472, 0.4158144392317054, 0.4406199310860041]"
"[0.43933663488628255, 0.5883675071799853, 0.3516371593831468, 0.30021409101747726]",anomaly,0.5730165715806611,2222,"[0.03509577404959875, 0.8328793694528076, 0.03930604020169054, 0.21303302119835302]"
"[0.43933663488628255, 0.5883675071799853, 0.3516371593831468, 0.30021409101747726]",stable,0.5222792129825178,2223,"[0.0, 0.5741939880879742, 0.5938341435202232, 0.44477767492396675]"
"[0.43933663488628255, 0.5883675071799853, 0.3516371593831468, 0.30021409101747726]",stable,0.42471425095626597,2224,"[0.08389246911304082, 0.41249980373885664, 0.3412321609582406, 0.14854363615817637]"
"[0.3015842135539064, 0.7087379849523241, 0.27264322451719897, 0.4570180528739132]",stable,0.3545392217513374,2225,"[0.30295808034657074, 0.6092101446267822, 0.18105425316760762, 0.129295851036233]"
"[0.12841275224804088, 0.7375868904811553, 0.3355458835459436, 0.26311123818492343]",stable,0.3012335548312395,2226,"[0.1613485841182802, 0.5967996798271248, 0.23681657166563724, 0.5082405302476622]"
"[0.14683669823446627, 0.4485734141654717, 0.38606193098826896, 0.2736737421903978]",stable,0.46734795320852635,2227,"[0.1584049414549623, 0.9134168167635839, 0.4328703435817039, 0.27053229531315665]"
"[0.12882360415498503, 0.739995519608312, 0.3368790953272554, 0.26321289650174856]",stable,0.30763353255731096,2228,"[0.0, 0.6136919405970028, 0.19022528277622414, 0.06176083133638274]"
"[0.12882360415498503, 0.739995519608312, 0.3368790953272554, 0.26321289650174856]",stable,0.3692162638511216,2229,"[0.0, 0.6770659505171605, 0.0035816591084457117, 0.33160746389325424]"
"[0.14683669823446627, 0.4485734141654717, 0.38606193098826896, 0.2736737421903978]",stable,0.286772801790438,2230,"[0.3489145764347008, 0.4875428008109577, 0.5047380181553066, 0.11304826404939641]"
"[0.337312554925984, 0.41774197328442125, 0.3583392352096553, 0.5025628561476471]",stable,0.3490406432396759,2231,"[0.07452899233841229, 0.5957861709222727, 0.49737338253294455, 0.4608023552822351]"
"[0.43933663488628255, 0.5883675071799853, 0.3516371593831468, 0.30021409101747726]",stable,0.42265930799838486,2232,"[0.2040952499176024, 0.3223865615509662, 0.2469154797989221, 0.5041500805412553]"
"[0.3603842654495442, 0.46266426224460405, 0.6012098842434933, 0.31171850197199247]",stable,0.43676549501598105,2233,"[0.10295063111603961, 0.7102348540125083, 0.3661342353123956, 0.2226103490245131]"
"[0.12847396938418845, 0.7395933484516118, 0.33727443505678434, 0.2626642134277319]",stable,0.418476808291272,2234,"[0.24844901256707952, 0.36561930294465456, 0.19583258999472034, 0.29209966558177214]"
"[0.3603842654495442, 0.46266426224460405, 0.6012098842434933, 0.31171850197199247]",stable,0.4662406255652602,2235,"[0.15182952561376492, 0.5217021306651732, 0.20634185687558226, 0.43204727024644035]"
"[0.12847396938418845, 0.7395933484516118, 0.33727443505678434, 0.2626642134277319]",stable,0.3044256894699491,2236,"[0.08251061008746316, 0.5550384359675239, 0.47423866664993986, 0.4569388992555594]"
"[0.43933663488628255, 0.5883675071799853, 0.3516371593831468, 0.30021409101747726]",stable,0.24505476251859637,2237,"[0.3056006832677927, 0.5016943383171198, 0.5117390896756325, 0.39519653988900233]"
"[0.33523103453522807, 0.41625204497608603, 0.3565982390313626, 0.5025876565287972]",stable,0.21257213230111657,2238,"[0.240464275424269, 0.5482892156979732, 0.48269372935916977, 0.44899394733268]"
"[0.43933663488628255, 0.5883675071799853, 0.3516371593831468, 0.30021409101747726]",stable,0.2071504790516099,2239,"[0.359486915634459, 0.6593210395442397, 0.2987015254183987, 0.469621169407081]"
"[0.14683669823446627, 0.4485734141654717, 0.38606193098826896, 0.2736737421903978]",stable,0.29954678893845177,2240,"[0.16384264541184015, 0.5734722396664135, 0.5143591539451489, 0.5132132639691133]"
"[0.43933663488628255, 0.5883675071799853, 0.3516371593831468, 0.30021409101747726]",stable,0.30227535898598507,2241,"[0.17832874020953188, 0.6851098818588917, 0.3331708714874062, 0.4165978558618665]"
"[0.14683669823446627, 0.4485734141654717, 0.38606193098826896, 0.2736737421903978]",anomaly,0.5374678044598964,2242,"[0.06663891666124613, 0.8481832828930804, 0.571228921517103, 0.5711045662414257]"
"[0.14683669823446627, 0.4485734141654717, 0.38606193098826896, 0.2736737421903978]",stable,0.14517822785498277,2243,"[0.1263683925241299, 0.5227594300812225, 0.268867626520531, 0.23599488409553776]"
"[0.3006370719413873, 0.7076793610609977, 0.2738980933269295, 0.4566149067800164]",stable,0.32795693162560063,2244,"[0.29267615118000545, 0.4813312510297143, 0.49521239758182134, 0.5419312859773844]"
"[0.3596439467714125, 0.4631916957050435, 0.6000008194520358, 0.3128465835654656]",stable,0.2843779959915601,2245,"[0.27244125345441966, 0.6873746105264539, 0.5523607032382781, 0.45685691274970913]"
"[0.5393725002829698, 0.49246882136051856, 0.6144896286993242, 0.5603721244069164]",stable,0.5182730193083925,2246,"[0.1574677427880713, 0.5817706830886676, 0.49314444411179986, 0.24405550705160525]"
"[0.43933663488628255, 0.5883675071799853, 0.3516371593831468, 0.30021409101747726]",stable,0.4087008482272006,2247,"[0.07321068800082682, 0.7101496145373587, 0.4095818143519113, 0.4218681482741496]"
"[0.43933663488628255, 0.5883675071799853, 0.3516371593831468, 0.30021409101747726]",stable,0.40168128841030004,2248,"[0.11386649805868061, 0.3919119990643142, 0.39390866114535183, 0.4228330168085722]"
"[0.33457634402207076, 0.41725326353075726, 0.3587307645475235, 0.5031929431356985]",stable,0.34698091317377944,2249,"[0.22025792270426553, 0.5013720401156698, 0.6737484418565338, 0.47133470930190796]"
"[0.34556176909756564, 0.2693232537379982, 0.7092953813480369, 0.41152912348693244]",stable,0.6186113228202548,2250,"[0.1638369978323393, 0.5681921171053574, 0.1997532222296279, 0.38506656842361203]"
"[0.1167755925940216, 0.5557442368038962, 0.13648904852356167, 0.4298813226225086]",stable,0.6074390649858463,2251,"[0.303496707058854, 0.678793592136976, 0.6002112705176023, 0.1074871538400794]"
"[0.43933663488628255, 0.5883675071799853, 0.3516371593831468, 0.30021409101747726]",stable,0.5756259272677292,2252,"[0.16095471216536517, 0.7984458690590305, 0.7491958566716196, 0.5275087837085906]"
"[0.1536040349390694, 0.8346714278868909, 0.9020587500966257, 0.621298889187206]",stable,0.5094246441399319,2253,"[0.40402158652132303, 0.5359858908478935, 0.7244645937803609, 0.34552401084857737]"
"[0.33457634402207076, 0.41725326353075726, 0.3587307645475235, 0.5031929431356985]",stable,0.36572564325140405,2254,"[0.34321672032005357, 0.264902492918593, 0.6902507109629489, 0.47943672601942033]"
"[0.386445917748155, 0.359424081678002, 0.9099236220929375, 0.3470167683627728]",stable,0.3859756166299507,2255,"[0.570371294680293, 0.48222422038898555, 0.6116635733834553, 0.4524193377319402]"
"[0.5397648900854676, 0.49233914286720803, 0.6144538558472247, 0.559005633436347]",stable,0.3815893878462889,2256,"[0.3778775739976461, 0.19607537101779493, 0.6689815448419304, 0.38972047038523144]"
"[0.386445917748155, 0.359424081678002, 0.9099236220929375, 0.3470167683627728]",stable,0.2798211560991594,2257,"[0.2829591376065947, 0.2782642940964301, 1.0, 0.11703915910600035]"
"[0.3460300621619808, 0.26810968118269185, 0.708367904677862, 0.41224941957178846]",stable,0.11359618677630007,2258,"[0.3108974650356763, 0.3278804210453884, 0.7360949106148742, 0.3266429591420313]"
"[0.386445917748155, 0.359424081678002, 0.9099236220929375, 0.3470167683627728]",stable,0.4454895147758802,2259,"[0.0, 0.5547276654924203, 0.8052271832441386, 0.3430637603107189]"
"[0.5292993528904719, 0.3820324294942776, 0.829228143043144, 0.5830433339139269]",stable,0.7003135233329426,2260,"[0.0, 0.3913104328832725, 0.47665199935108815, 0.28998155280782595]"
"[0.33457634402207076, 0.41725326353075726, 0.3587307645475235, 0.5031929431356985]",stable,0.4150568905324557,2261,"[0.26812454785503903, 0.3502018652711696, 0.7029182209498306, 0.2913073938139237]"
"[0.386445917748155, 0.359424081678002, 0.9099236220929375, 0.3470167683627728]",stable,0.5508580730025959,2262,"[0.19815305794509414, 0.4534757909041891, 0.4797831918046924, 0.07475971746712695]"
"[0.09558555825239834, 0.5900250196788975, 0.4766128665580802, 0.4543415688157756]",stable,0.13122646343439293,2263,"[0.1815329954418522, 0.5171966636079609, 0.4195307463392782, 0.4899938457331626]"
"[0.43933663488628255, 0.5883675071799853, 0.3516371593831468, 0.30021409101747726]",stable,0.3857807794469062,2264,"[0.28371574154297896, 0.6006380449666825, 0.6184547863006744, 0.5310099644949269]"
"[0.5397648900854676, 0.49233914286720803, 0.6144538558472247, 0.559005633436347]",stable,0.5830423481777226,2265,"[0.09502997346597619, 0.5579706347578486, 0.2997664187480955, 0.36199406547081575]"
"[0.33457634402207076, 0.41725326353075726, 0.3587307645475235, 0.5031929431356985]",stable,0.39107350914126926,2266,"[0.10118157922306359, 0.3444672376697936, 0.40725414792887515, 0.20184090809847494]"
"[0.33457634402207076, 0.41725326353075726, 0.3587307645475235, 0.5031929431356985]",stable,0.3857412407890834,2267,"[0.11488966521256165, 0.5102671345212663, 0.35084325572141783, 0.2001743380847408]"
"[0.33457634402207076, 0.41725326353075726, 0.3587307645475235, 0.5031929431356985]",stable,0.29323618202581636,2268,"[0.14976498267808183, 0.6028456330911915, 0.4899724705834345, 0.4904138146448366]"
"[0.43933663488628255, 0.5883675071799853, 0.3516371593831468, 0.30021409101747726]",stable,0.5063505907267494,2269,"[0.305640580465317, 0.500042985873624, 0.7549598803414539, 0.5610700808976867]"
"[0.3443173635039013, 0.27025911942437636, 0.7087054398628466, 0.4091198970537942]",stable,0.3623646096067827,2270,"[0.07484088789860238, 0.44506480779310464, 0.8568451023177204, 0.330455094807085]"
"[0.5292993528904719, 0.3820324294942776, 0.829228143043144, 0.5830433339139269]",stable,0.4734601143774287,2271,"[0.2831219667159973, 0.04022015628883652, 0.63463226746703, 0.48892644096964233]"
"[0.386445917748155, 0.359424081678002, 0.9099236220929375, 0.3470167683627728]",stable,0.4475761143143417,2272,"[0.4974640747643875, 0.0, 0.8043207095400119, 0.5653323685559517]"
"[0.5292993528904719, 0.3820324294942776, 0.829228143043144, 0.5830433339139269]",stable,0.5239117918305861,2273,"[0.22319809963851867, 0.0, 0.7749211271545594, 0.4044724538223066]"
"[0.12986501831137207, 0.3160388699010855, 0.951248473374064, 0.4529846086625055]",stable,0.53722995408684,2274,"[0.6298115755510476, 0.46057666371990436, 0.8254577718206686, 0.49719986658369464]"
"[0.5292993528904719, 0.3820324294942776, 0.829228143043144, 0.5830433339139269]",stable,0.3583611629557487,2275,"[0.41020130301296437, 0.3439183335424935, 1.0, 0.29386749434281634]"
"[0.38678528039479515, 0.3592025709903519, 0.9112104274916099, 0.34625749301963055]",stable,0.5323207736547674,2276,"[0.19497080230802216, 0.5363664252067968, 0.4924450425658584, 0.5458098250227181]"
"[0.43933663488628255, 0.5883675071799853, 0.3516371593831468, 0.30021409101747726]",stable,0.4919660005716661,2277,"[0.21529443299485562, 0.6283248512815425, 0.7875487542170096, 0.2853773247973859]"
"[0.5292993528904719, 0.3820324294942776, 0.829228143043144, 0.5830433339139269]",stable,0.5771173977109834,2278,"[0.25298315792455495, 0.5556819560074285, 0.4377816157020944, 0.31224948369822103]"
"[0.33457634402207076, 0.41725326353075726, 0.3587307645475235, 0.5031929431356985]",stable,0.35040904158389174,2279,"[0.002614897247016773, 0.4011011591819784, 0.44339510642836094, 0.4313656988773714]"
"[0.43933663488628255, 0.5883675071799853, 0.3516371593831468, 0.30021409101747726]",stable,0.4678618810820333,2280,"[0.08904084353597984, 0.5073875467706754, 0.6145965782941625, 0.15709809488157553]"
"[0.0971120316343294, 0.5868730384536093, 0.4759763238464616, 0.455802161618015]",stable,0.4012969708675185,2281,"[0.0, 0.8550197241245316, 0.2538465725297703, 0.2815487809248893]"
"[0.1267609831257326, 0.7411323667939175, 0.33616206355642414, 0.2629160076610273]",stable,0.4032504767692517,2282,"[0.3402985178476403, 0.7859136507639378, 0.47311488357742737, 0.5731598310867483]"
"[0.5397648900854676, 0.49233914286720803, 0.6144538558472247, 0.559005633436347]",stable,0.2259929972410233,2283,"[0.4328512532584041, 0.5017081408382765, 0.49350877553938033, 0.40112334029129815]"
"[0.33457634402207076, 0.41725326353075726, 0.3587307645475235, 0.5031929431356985]",stable,0.38459849443200916,2284,"[0.08209844197228636, 0.6767119741097405, 0.22893654099105287, 0.5055483479781845]"
"[0.23223798852307959, 0.71846589153146, 0.5452961178655014, 0.251399696421911]",stable,0.4781443447250967,2285,"[0.04557938531391939, 0.4777962057151598, 0.3354505770216084, 0.5544236749411279]"
"[0.43933663488628255, 0.5883675071799853, 0.3516371593831468, 0.30021409101747726]",anomaly,0.43146618870337816,2286,"[0.5791244907730984, 0.825346433645181, 0.08507452198039048, 0.10170017187557945]"
"[0.43933663488628255, 0.5883675071799853, 0.3516371593831468, 0.30021409101747726]",stable,0.10322217836778493,2287,"[0.3824959325618496, 0.6073649764633462, 0.3917833809344116, 0.3740472117847896]"
"[0.3006370719413873, 0.7076793610609977, 0.2738980933269295, 0.4566149067800164]",stable,0.1790210433741234,2288,"[0.358593427755905, 0.8730196550772866, 0.3020351517761041, 0.4329402809562436]"
"[0.14385619661803564, 0.4503648131764963, 0.38516380043092996, 0.2751317695734832]",stable,0.3990619517227079,2289,"[0.07390681499232302, 0.5108576733828307, 0.45436188523351295, 0.6571131359339756]"
"[0.43866792074128924, 0.5885910068186131, 0.35210946787198527, 0.3010827159676809]",stable,0.2787304627309765,2290,"[0.4266588939821407, 0.35709572192398154, 0.4479892742429478, 0.4225876538605189]"
"[0.3611911171166349, 0.4646563093928867, 0.6002372895890841, 0.3144380859866359]",stable,0.4668306592052868,2291,"[0.0, 0.6636965488839995, 0.3848116416811789, 0.35247247275518684]"
"[0.12509307545302562, 0.7401134744529975, 0.3368021895843814, 0.2640943822017399]",stable,0.45853046732735164,2292,"[0.08826035036090066, 0.6653462643228691, 0.4716352007891237, 0.6943541446808108]"
"[0.43866792074128924, 0.5885910068186131, 0.35210946787198527, 0.3010827159676809]",stable,0.22912205972647343,2293,"[0.2972387235501509, 0.5795032805215732, 0.3074379442013849, 0.12667925086773268]"
"[0.12509307545302562, 0.7401134744529975, 0.3368021895843814, 0.2640943822017399]",stable,0.23524203532932095,2294,"[0.22027860996734291, 0.6658303874390087, 0.16150753560767758, 0.16393283031697203]"
"[0.12509307545302562, 0.7401134744529975, 0.3368021895843814, 0.2640943822017399]",stable,0.2190124367355698,2295,"[0.19799572380856564, 0.5650126111914456, 0.38932628339907116, 0.3601805860064768]"
"[0.3359715341729809, 0.4163417856276243, 0.36008316620957537, 0.5019716508739533]",stable,0.5117072731123872,2296,"[0.0077807115265050575, 0.7773867967662764, 0.2881698771090052, 0.36555282493935926]"
"[0.1235695382591747, 0.7405975435739491, 0.3361706011106752, 0.2654120243152155]",stable,0.19646828846909653,2297,"[0.06829171345172703, 0.5746358678153939, 0.4167834697949109, 0.22665072866551364]"
"[0.3359715341729809, 0.4163417856276243, 0.36008316620957537, 0.5019716508739533]",stable,0.5432940485997485,2298,"[0.21419421734427255, 0.8707024759112292, 0.5977465909792745, 0.37002026588065406]"
"[0.43866792074128924, 0.5885910068186131, 0.35210946787198527, 0.3010827159676809]",stable,0.22331605908002458,2299,"[0.46819300972648714, 0.3804261499468099, 0.2784311941064196, 0.3164851736260295]"
"[0.3014650198815947, 0.7100413652612304, 0.27430005130477486, 0.45627669783967684]",stable,0.5943014896476576,2300,"[0.4536118781419096, 0.5812360621150853, 0.8341214729689883, 0.4488764379639003]"
"[0.359988030091342, 0.5996391873093646, 0.8709813006497382, 0.4781596730056013]",stable,0.436926315339492,2301,"[0.13366068264245273, 0.4105723489577215, 0.5545470870615219, 0.41648588652045276]"
"[0.4390112357294892, 0.5861704852270805, 0.3512527437584322, 0.30126181431254545]",stable,0.7513692446357678,2302,"[0.5548913911190094, 0.22976977204531018, 1.0, 0.35812182252559455]"
"[0.5292993528904719, 0.3820324294942776, 0.829228143043144, 0.5830433339139269]",stable,0.35842433582727956,2303,"[0.30980123943894367, 0.3014249613191966, 0.8644721901392745, 0.313694348537825]"
"[0.38570099812781133, 0.3583888018400539, 0.9105521424584785, 0.34579885718185865]",stable,0.3075339663445353,2304,"[0.2191187509450865, 0.40835354674773594, 0.6595011042694392, 0.38191527823476934]"
"[0.3359715341729809, 0.4163417856276243, 0.36008316620957537, 0.5019716508739533]",stable,0.6296034460091637,2305,"[0.1659231078074902, 0.10482073504862183, 0.7987072502256374, 0.22260168132736902]"
"[0.38570099812781133, 0.3583888018400539, 0.9105521424584785, 0.34579885718185865]",stable,0.2949160498939982,2306,"[0.2480638489183751, 0.30877488855116886, 0.7016141656260451, 0.49383558602950356]"
"[0.38570099812781133, 0.3583888018400539, 0.9105521424584785, 0.34579885718185865]",stable,0.40786426826520467,2307,"[0.03389887518775525, 0.4004170016192792, 1.0, 0.5269651863573699]"
"[0.38570099812781133, 0.3583888018400539, 0.9105521424584785, 0.34579885718185865]",stable,0.19887247983504952,2308,"[0.49180135738854946, 0.23213323028406518, 1.0, 0.4117654277520101]"
"[0.5292993528904719, 0.3820324294942776, 0.829228143043144, 0.5830433339139269]",stable,0.4794311180409915,2309,"[0.3137734886899455, 0.09447791926790083, 0.8551048960758696, 0.26674348233697276]"
"[0.34200193833664494, 0.2674426018654242, 0.7075118450594259, 0.4115393416551406]",stable,0.28431855235078846,2310,"[0.1049436345376073, 0.4118122021902034, 0.7550949250989151, 0.37237725786494524]"
"[0.5292993528904719, 0.3820324294942776, 0.829228143043144, 0.5830433339139269]",stable,0.31567005139006704,2311,"[0.3880265504299265, 0.15929346519865484, 1.0, 0.552812500555059]"
"[0.5292993528904719, 0.3820324294942776, 0.829228143043144, 0.5830433339139269]",stable,0.3595868240835294,2312,"[0.38822073285518865, 0.5436022497772431, 0.5406260836343809, 0.5849278768745169]"
"[0.5378705881200891, 0.4929799317035835, 0.6135310086945641, 0.5593296614793242]",stable,0.4296581608272388,2313,"[0.21256656800129017, 0.7267145914887851, 0.7245322232265441, 0.6680967008226602]"
"[0.103797906950582, 0.19693425719273275, 0.669004563410507, 0.2769002856179604]",stable,0.48168854094708774,2314,"[0.009817584096754484, 0.5310661428961867, 1.0, 0.32150357371659055]"
"[0.5292993528904719, 0.3820324294942776, 0.829228143043144, 0.5830433339139269]",stable,0.5303734806141781,2315,"[0.2359445900488652, 0.6775512453973968, 0.9733642215783113, 0.2878613013159635]"
"[0.5292993528904719, 0.3820324294942776, 0.829228143043144, 0.5830433339139269]",stable,0.3598919861920713,2316,"[0.335951095288342, 0.635754488550183, 0.995839133246639, 0.5851852254464222]"
"[0.359558799112717, 0.6002841034029507, 0.8732109048032543, 0.48007084358490165]",stable,0.4459577506207176,2317,"[0.7088454997834379, 0.3358229118278375, 0.800483862462775, 0.5206685225373952]"
"[0.5292993528904719, 0.3820324294942776, 0.829228143043144, 0.5830433339139269]",stable,0.34167556141128796,2318,"[0.5082977315736891, 0.1759124625138057, 0.9712438991846182, 0.35142467018554824]"
"[0.5292993528904719, 0.3820324294942776, 0.829228143043144, 0.5830433339139269]",stable,0.2156605909308566,2319,"[0.5404310190985435, 0.2665413978530845, 1.0, 0.5207186119326908]"
"[0.5292993528904719, 0.3820324294942776, 0.829228143043144, 0.5830433339139269]",stable,0.2308963483833703,2320,"[0.6225534182757526, 0.3800615068915692, 1.0, 0.4587457421372005]"
"[0.5292993528904719, 0.3820324294942776, 0.829228143043144, 0.5830433339139269]",stable,0.11302116212220392,2321,"[0.6060684234240499, 0.3169996543974327, 0.8082426791178419, 0.6300607919896999]"
"[0.359558799112717, 0.6002841034029507, 0.8732109048032543, 0.48007084358490165]",stable,0.21548753747203872,2322,"[0.4555504009476733, 0.45893945530249003, 0.7714685107704093, 0.397060802669692]"
"[0.3866711287225316, 0.3597853386936989, 0.9086204253516996, 0.3465108286469675]",stable,0.15311651000356333,2323,"[0.3617875458876171, 0.3543766317881224, 0.9312060263900949, 0.4957961576525776]"
"[0.386330257724793, 0.35971124681828, 0.9089298171467463, 0.3485558331538936]",stable,0.11977770717118479,2324,"[0.333237916774787, 0.4095792453688008, 1.0, 0.3758927492797953]"
"[0.3856127936579011, 0.3603851386905843, 0.9101604952934118, 0.3489252509393788]",stable,0.3291637037941787,2325,"[0.501677591824468, 0.3241594217169188, 0.6763822976961744, 0.5461894349160622]"
"[0.359558799112717, 0.6002841034029507, 0.8732109048032543, 0.48007084358490165]",stable,0.3476909090735944,2326,"[0.6824824726744176, 0.49286472437355483, 0.935896072486352, 0.5138482926792248]"
"[0.5301184747149315, 0.3799839997797075, 0.8263309545552727, 0.5832127265652254]",stable,0.20102855637356862,2327,"[0.5599374439190701, 0.531118596743588, 0.7551741964494175, 0.6910012182035905]"
"[0.5381430184385951, 0.4934507794201268, 0.6152796900248709, 0.5609552362536978]",stable,0.3603976713665812,2328,"[0.6049629110819088, 0.5776644603917009, 0.8945640112790807, 0.761778310904953]"
"[0.5266317507456122, 0.5453725532501704, 0.8808872220598845, 0.8484109475096466]",stable,0.4672740225340642,2329,"[0.7521921980607688, 0.6094226004341221, 0.5203319035902776, 0.665750194962293]"
"[0.9286661114365887, 0.5582063643764353, 0.3703527631824527, 0.6725920857412617]",stable,0.39142878907700107,2330,"[0.8109081581705636, 0.6670512256577638, 0.7061201800687694, 0.7940935231443756]"
"[0.6583587927131127, 0.7916527190197976, 0.43127005684204334, 0.46482255268091655]",stable,0.4772387811291484,2331,"[0.604805806239748, 0.6657532800149855, 0.8429777003284377, 0.6636568540641851]"
"[0.6594118400273195, 0.6757119959008056, 0.9183973857521134, 0.631522157077081]",stable,0.27095560975429595,2332,"[0.5700345608982362, 0.6017040064801816, 0.7191947019875976, 0.7738940388365612]"
"[0.5283010895976361, 0.5475391476051709, 0.8746682789801811, 0.8455449125606818]",stable,0.5643278682641758,2333,"[0.9264155675173322, 0.4880041232967068, 0.5490920704784362, 0.6209864152631274]"
"[0.9103553452588647, 0.8507845657682681, 0.38769776681783324, 0.6684182623894742]",stable,0.19381750174875684,2334,"[0.8703334772560261, 0.6780620174674125, 0.37826244710561185, 0.7461445135281948]"
"[0.927132383989504, 0.7669029112178823, 0.5244322818422986, 0.8513257055360764]",stable,0.36113001872862666,2335,"[0.6101655051331644, 0.5946552882653866, 0.5083871715660178, 0.8468313803981312]"
"[0.6583587927131127, 0.7916527190197976, 0.43127005684204334, 0.46482255268091655]",stable,0.3514046820777137,2336,"[0.9218348356216814, 0.6858121813641599, 0.38445154856953784, 0.6664941502629359]"
"[0.927132383989504, 0.7669029112178823, 0.5244322818422986, 0.8513257055360764]",stable,0.12637514014025378,2337,"[0.8236616549335266, 0.724063932941279, 0.47302967562576653, 0.8232707899514924]"
"[0.9103553452588647, 0.8507845657682681, 0.38769776681783324, 0.6684182623894742]",stable,0.2724286635343779,2338,"[0.9345828681514688, 0.629395727227412, 0.23775360279420135, 0.6222215775040785]"
"[0.9103553452588647, 0.8507845657682681, 0.38769776681783324, 0.6684182623894742]",stable,0.22269918949788023,2339,"[0.7152778238503747, 0.8181494024718323, 0.2869834148156367, 0.6866186761629441]"
"[0.9257709270282413, 0.7663392404510848, 0.5237559317605022, 0.8509565619099634]",stable,0.1547276008753939,2340,"[1.0, 0.6376299216951355, 0.5269461789489776, 0.8940194088509679]"
"[0.9103553452588647, 0.8507845657682681, 0.38769776681783324, 0.6684182623894742]",anomaly,0.33791941751494875,2341,"[0.5993730089832205, 0.8931297180830233, 0.3492282117690319, 0.787609288343494]"
"[0.9103553452588647, 0.8507845657682681, 0.38769776681783324, 0.6684182623894742]",stable,0.30663999550850785,2342,"[0.6595517837069201, 0.747096492455165, 0.43170712235215225, 0.5326330627674679]"
"[0.6583821846933834, 0.7907790675185303, 0.43127862675400624, 0.46615217052575086]",stable,0.4343718963336197,2343,"[1.0, 0.8579548280047216, 0.4075190030687947, 0.7248007933232409]"
"[0.9114354013400832, 0.8508709544699121, 0.387936576893146, 0.6690975699910858]",stable,0.4092360377007698,2344,"[1.0, 0.7460759197523967, 0.0872011255563451, 0.9103580835962738]"
"[0.75576347034824, 0.6737248769927096, 0.20417235366802536, 0.7693665469601144]",stable,0.3769470760217076,2345,"[0.9744829769612865, 0.5452281232530772, 0.11920422163212202, 0.5038107592902424]"
"[0.9114354013400832, 0.8508709544699121, 0.387936576893146, 0.6690975699910858]",stable,0.39970165422566006,2346,"[0.6974075728611965, 0.6648198955829617, 0.6686071398838077, 0.64537965303173]"
"[0.5301184747149315, 0.3799839997797075, 0.8263309545552727, 0.5832127265652254]",stable,0.5902316069537383,2347,"[0.8165440264845826, 0.3536473555481005, 0.3398943859791711, 0.7535641253360266]"
"[0.6915804470221306, 0.34985979436904574, 0.48724022879200257, 0.7040610854747816]",stable,0.4021396263188738,2348,"[0.5402612090104462, 0.7093468745290537, 0.5223722884420698, 0.6126633565849301]"
"[0.9277855180582716, 0.5615504382964178, 0.3706501749298885, 0.6735036329346212]",stable,0.4411504931118656,2349,"[0.5515989626964068, 0.492461907834558, 0.565241761989095, 0.775769572241004]"
"[0.75576347034824, 0.6737248769927096, 0.20417235366802536, 0.7693665469601144]",stable,0.3563490528186277,2350,"[0.4813481971237789, 0.6102813384479512, 0.3420213866231223, 0.6000931976220042]"
"[0.9277855180582716, 0.5615504382964178, 0.3706501749298885, 0.6735036329346212]",stable,0.29667525252402466,2351,"[0.7478834645509097, 0.6422508925496436, 0.4159669083781238, 0.4565121885020522]"
"[0.7499934962480231, 0.49009840090392, 0.4608928619134079, 0.4615364286915444]",stable,0.5314500809737019,2352,"[0.9751983321162062, 0.675348547784087, 0.21125605167371644, 0.829076653051774]"
"[0.9140915995506198, 0.6897377784045399, 0.19745375273046958, 0.5730120154204902]",stable,0.45474906438986507,2353,"[0.9764624443881107, 0.6204218826043791, 0.5853917239217767, 0.7912000681986134]"
"[0.9114354013400832, 0.8508709544699121, 0.387936576893146, 0.6690975699910858]",stable,0.16876158349062584,2354,"[0.9186527829462822, 0.8903965395058691, 0.2345108087947634, 0.7267746302143726]"
"[0.9140915995506198, 0.6897377784045399, 0.19745375273046958, 0.5730120154204902]",stable,0.5257962373566797,2355,"[0.7061016033804446, 0.768970918013469, 0.4086532208264207, 1.0]"
"[0.9114354013400832, 0.8508709544699121, 0.387936576893146, 0.6690975699910858]",stable,0.29627723219606744,2356,"[1.0, 0.6596599530878332, 0.37789177114640954, 0.8771215229627166]"
"[0.9114354013400832, 0.8508709544699121, 0.387936576893146, 0.6690975699910858]",stable,0.29800063488681805,2357,"[0.8089435982963429, 0.622958120940285, 0.24198988873490668, 0.5979982505152432]"
"[0.9114354013400832, 0.8508709544699121, 0.387936576893146, 0.6690975699910858]",stable,0.24165500785810817,2358,"[1.0, 0.8133493300938751, 0.25970656284476906, 0.8499362989416257]"
"[0.9119457219740019, 0.688374928252208, 0.198362653465254, 0.5735219385856892]",stable,0.33851997424624086,2359,"[0.8698128893454578, 0.5672967576355554, 0.3824370581809748, 0.8270515966279949]"
"[0.9114354013400832, 0.8508709544699121, 0.387936576893146, 0.6690975699910858]",stable,0.3043356092675017,2360,"[0.6502921329096646, 0.7109791782380526, 0.3404264019663065, 0.7200625642794821]"
"[0.9277855180582716, 0.5615504382964178, 0.3706501749298885, 0.6735036329346212]",stable,0.6533417321650504,2361,"[0.40737553654607606, 0.6612678352806787, 0.6765421434686032, 0.44434121356116]"
"[0.5381430184385951, 0.4934507794201268, 0.6152796900248709, 0.5609552362536978]",stable,0.5291347377381961,2362,"[0.4371878897226886, 0.7931532760829846, 0.21001986141054002, 0.4355179313051414]"
"[0.14357795043653201, 0.45346765541875406, 0.38562850370797047, 0.27560667574913283]",stable,0.2471113398789916,2363,"[0.3605550864266369, 0.45266711449146413, 0.2673854778972484, 0.27730453783737224]"
"[0.35934602145206934, 0.4639251046832094, 0.6010069495199978, 0.3153144131586896]",stable,0.603747414295626,2364,"[0.146367945027918, 0.6639517241428743, 0.07387466864344389, 0.3509821744669462]"
"[0.23184573262788816, 0.7217753824962376, 0.5464363455418877, 0.2539784044536228]",anomaly,0.4157766208166185,2365,"[0.3987143208669434, 0.7613111579294309, 0.23600430890693577, 0.03696700897319466]"
"[0.23184573262788816, 0.7217753824962376, 0.5464363455418877, 0.2539784044536228]",stable,0.5611626074216006,2366,"[0.410275856720673, 0.37211177785168836, 0.29931140385596516, 0.5697802245372832]"
"[0.35934602145206934, 0.4639251046832094, 0.6010069495199978, 0.3153144131586896]",stable,0.48258995606469235,2367,"[0.6878772476306007, 0.7219247336434789, 0.6837637267740575, 0.542355833157415]"
"[0.5301184747149315, 0.3799839997797075, 0.8263309545552727, 0.5832127265652254]",stable,0.45003250395963984,2368,"[0.48917941735651516, 0.449873386724954, 0.38674893632860313, 0.6355230606013702]"
"[0.35934602145206934, 0.4639251046832094, 0.6010069495199978, 0.3153144131586896]",stable,0.6249226908594127,2369,"[0.8483904585776816, 0.777123894932553, 0.5007549595444928, 0.5232085313048291]"
"[0.9106848663071975, 0.8499930132849436, 0.3892796528770906, 0.6673607957210114]",stable,0.4117872856438978,2370,"[0.9264890392099505, 0.5084141783858039, 0.4017923258364823, 0.43826184482601793]"
"[0.7532619322287994, 0.49043758196839926, 0.45979840754161294, 0.4611054178792198]",stable,0.5251191920916185,2371,"[0.9919059011571774, 0.8027122453130073, 0.12366448709814548, 0.3700134634738945]"
"[0.9106848663071975, 0.8499930132849436, 0.3892796528770906, 0.6673607957210114]",stable,0.3941715288376969,2372,"[0.7942991083403286, 0.5152554043509344, 0.3956254472993558, 0.4949194620825317]"
"[0.7540080627035545, 0.4908888151026272, 0.4586316264462992, 0.4617202186829164]",stable,0.31794829242474887,2373,"[0.7656018762260126, 0.641601289154547, 0.2527770961522562, 0.6511043855670264]"
"[0.9273724730581339, 0.7628183856228455, 0.5245870348290886, 0.8507425407975231]",stable,0.3068580078247749,2374,"[1.0, 0.563383625619899, 0.30305206574035815, 0.8566681859033691]"
"[0.9106848663071975, 0.8499930132849436, 0.3892796528770906, 0.6673607957210114]",stable,0.46666226785958176,2375,"[0.8416980407891493, 0.4205265650276469, 0.2242410278086707, 0.7039027196656895]"
"[0.9273724730581339, 0.7628183856228455, 0.5245870348290886, 0.8507425407975231]",stable,0.48399558184255764,2376,"[0.7880117719564392, 0.5726444295818636, 0.20019235601425714, 0.5797586353125201]"
"[0.9106848663071975, 0.8499930132849436, 0.3892796528770906, 0.6673607957210114]",stable,0.39145002328699297,2377,"[0.6904620927556715, 0.610894230722386, 0.24802897086587894, 0.8335386153875692]"
"[0.9273724730581339, 0.7628183856228455, 0.5245870348290886, 0.8507425407975231]",stable,0.2620282710969773,2378,"[0.9361003075526172, 0.7144657101656284, 0.2866287631052912, 0.9488267875115615]"
"[0.9106848663071975, 0.8499930132849436, 0.3892796528770906, 0.6673607957210114]",stable,0.34398987287984434,2379,"[0.7952473752419015, 0.6877100433555889, 0.1513595777151818, 0.815891916387022]"
"[0.9273724730581339, 0.7628183856228455, 0.5245870348290886, 0.8507425407975231]",stable,0.5058888440713484,2380,"[0.5694302282280728, 0.7287541428150451, 0.42862888413238504, 0.508058236227469]"
"[0.6566715701459735, 0.7895862805050017, 0.4312276701651289, 0.46695805640463006]",stable,0.3051018376614418,2381,"[0.7490171826155082, 0.6424587276844748, 0.5523927510375255, 0.6865757368865165]"
"[0.9266376850280167, 0.5596701199861676, 0.36869805296827224, 0.6739089540910356]",stable,0.4144877224396195,2382,"[0.6667594102599496, 0.41555464157254085, 0.6562023689028141, 0.7028114030768686]"
"[0.6909272618441784, 0.35158860613755877, 0.49168660090018185, 0.7040281990958892]",stable,0.5322779810315568,2383,"[0.7115833516246832, 0.22644183692029757, 1.0, 0.60995934401579]"
"[0.5301184747149315, 0.3799839997797075, 0.8263309545552727, 0.5832127265652254]",stable,0.2711162229254132,2384,"[0.6295483969003927, 0.6121973504391642, 0.9220915791061354, 0.6061159898408459]"
"[0.6582632460608993, 0.6732691249215116, 0.9185394701118834, 0.6305449967987643]",stable,0.17070326943597244,2385,"[0.6169795435758281, 0.7885860888143331, 0.8603515456648655, 0.7342340771898265]"
"[0.6567342200429336, 0.6775401235842088, 0.9163843617990309, 0.6343853331095444]",stable,0.323863262656618,2386,"[0.5258188468645577, 0.6737176980581321, 0.9560625977353546, 0.34085576965769177]"
"[0.3624756420557317, 0.6015724120811118, 0.8746644432757473, 0.47762847386688045]",stable,0.22557829780200075,2387,"[0.41141697170114017, 0.6046971302504865, 0.9280825558243433, 0.6912333803645897]"
"[0.5239720481940622, 0.5496561099253677, 0.8766465855299649, 0.8398296706274933]",stable,0.4139793644962192,2388,"[0.5460744464936402, 0.4591966090070008, 0.7310336585341228, 0.46365902796195524]"
"[0.5382397431709737, 0.4930330456346009, 0.616691323787179, 0.5597686971281887]",stable,0.44186696768603295,2389,"[0.37626338715700214, 0.547744062878831, 0.9218063452361662, 0.2897286899019067]"
"[0.38548813490455575, 0.36288325767976093, 0.9103157732926485, 0.3481359634588792]",stable,0.25695741443788206,2390,"[0.5092927423373949, 0.40609029311931966, 0.7055385237487448, 0.43119595485522244]"
"[0.537890984124786, 0.4919855425922481, 0.6177617719794869, 0.5582196279441769]",anomaly,0.5171631253335023,2391,"[0.4911927548260577, 0.9014216299084182, 0.9236308061058198, 0.49431972222492804]"
"[0.537890984124786, 0.4919855425922481, 0.6177617719794869, 0.5582196279441769]",stable,0.4034676601118516,2392,"[0.5162183981820126, 0.6252397440951293, 0.6207735367633562, 0.17802139171812353]"
"[0.33931730190432247, 0.4161844561176448, 0.3595816075002433, 0.504932827100288]",stable,0.3986822560200439,2393,"[0.37869831190812386, 0.630756488063934, 0.6203032401695623, 0.29665476613130903]"
"[0.33931730190432247, 0.4161844561176448, 0.3595816075002433, 0.504932827100288]",anomaly,0.66916857274741,2394,"[0.48257011380446, 0.6136948533915957, 0.7246811743593488, 0.0]"
"[0.33931730190432247, 0.4161844561176448, 0.3595816075002433, 0.504932827100288]",stable,0.1900637198153243,2395,"[0.39704199225523346, 0.4106796987396013, 0.5337801794270151, 0.5540920876603468]"
"[0.5362142104120532, 0.49101761587971654, 0.616761991115767, 0.5581704905598455]",stable,0.15640743297759668,2396,"[0.5142389827809649, 0.559935729584695, 0.6470582341942875, 0.6934953061698367]"
"[0.5359556783222758, 0.49182841721742215, 0.617118417504926, 0.5597625472140806]",stable,0.5002794180977568,2397,"[0.34531486193529315, 0.6642835882937701, 0.21947728512612885, 0.3982809101494582]"
"[0.14357795043653201, 0.45346765541875406, 0.38562850370797047, 0.27560667574913283]",stable,0.357545043961275,2398,"[0.45246030466685005, 0.4854082070587823, 0.2214809291781027, 0.20878209461839478]"
"[0.30395908532457794, 0.7105601726758733, 0.2726458435815404, 0.45518288458655526]",stable,0.45616252394384804,2399,"[0.23546455667230845, 0.37148127208430554, 0.5421295013389219, 0.3294975426773201]"
"[0.33931730190432247, 0.4161844561176448, 0.3595816075002433, 0.504932827100288]",stable,0.31995946186971985,2400,"[0.21135939446086136, 0.7019928565627729, 0.33481147222117585, 0.5657672729012102]"
"[0.14357795043653201, 0.45346765541875406, 0.38562850370797047, 0.27560667574913283]",stable,0.26270219074983137,2401,"[0.2738582540808908, 0.5133590059419062, 0.36551641983122934, 0.05640810430820786]"
"[0.1235695382591747, 0.7405975435739491, 0.3361706011106752, 0.2654120243152155]",stable,0.17268174295567654,2402,"[0.19499076445568245, 0.6692459282941118, 0.39655732193766063, 0.13899848175145602]"
"[0.12448519500528377, 0.7396827792754896, 0.3369447898392263, 0.26379133787209036]",stable,0.32146681888722706,2403,"[0.38108835702088817, 0.5987511370018712, 0.2082043845967088, 0.29634764529661173]"
"[0.3026905964086366, 0.7104428121811734, 0.27349742753550804, 0.4566977392210026]",stable,0.3144520418498821,2404,"[0.018669450938206295, 0.6071015336392039, 0.35309986853164355, 0.4221129580883642]"
"[0.43850585152754323, 0.5851684212907906, 0.3481525145113634, 0.3001550655772036]",stable,0.43611451574073756,2405,"[0.20173259797452542, 0.9327237200214813, 0.23370729913707908, 0.284601794414828]"
"[0.43850585152754323, 0.5851684212907906, 0.3481525145113634, 0.3001550655772036]",stable,0.2954246128643745,2406,"[0.17940914251774487, 0.698205317181562, 0.31184098426638607, 0.37792864852800007]"
"[0.12518043484721364, 0.7391577481097437, 0.3366270201484309, 0.2652361139563424]",stable,0.4489165753149452,2407,"[0.23763425360108986, 0.5133899176022224, 0.6721973063842305, 0.42430119479975037]"
"[0.33931730190432247, 0.4161844561176448, 0.3595816075002433, 0.504932827100288]",stable,0.3529527452077223,2408,"[0.3073971227233042, 0.7461067653527722, 0.26772347676387076, 0.4257488880892771]"
"[0.14357795043653201, 0.45346765541875406, 0.38562850370797047, 0.27560667574913283]",anomaly,0.662045796943998,2409,"[0.4812597798400701, 0.959243732211656, 0.6443418865346711, 0.23644591691789138]"
"[0.14357795043653201, 0.45346765541875406, 0.38562850370797047, 0.27560667574913283]",stable,0.5318529066668916,2410,"[0.0, 0.9149429916875789, 0.2379317678741769, 0.4413748111614723]"
"[0.43850585152754323, 0.5851684212907906, 0.3481525145113634, 0.3001550655772036]",stable,0.45785301718103183,2411,"[0.14879219859162215, 0.6556528082498224, 0.6512723823322784, 0.1303149008000244]"
"[0.43850585152754323, 0.5851684212907906, 0.3481525145113634, 0.3001550655772036]",stable,0.31156454016903506,2412,"[0.23149332522627822, 0.5635298823832807, 0.5666246534546886, 0.22256656910648354]"
"[0.43850585152754323, 0.5851684212907906, 0.3481525145113634, 0.3001550655772036]",stable,0.42268812833849734,2413,"[0.3516153871805367, 0.47233604133162815, 0.5879348399559066, 0.6177847107317798]"
"[0.5359556783222758, 0.49182841721742215, 0.617118417504926, 0.5597625472140806]",anomaly,0.8732511497545637,2414,"[0.0, 1.0, 0.276350794724916, 0.24202342287008788]"
"[0.5359556783222758, 0.49182841721742215, 0.617118417504926, 0.5597625472140806]",stable,0.4976504448831778,2415,"[0.14343278338904347, 0.42982164489863706, 0.41601487609497523, 0.3377394221467984]"
"[0.33931730190432247, 0.4161844561176448, 0.3595816075002433, 0.504932827100288]",stable,0.3222668398920118,2416,"[0.20943684244981237, 0.4983616045817813, 0.41809335824793326, 0.2277861626054534]"
"[0.33931730190432247, 0.4161844561176448, 0.3595816075002433, 0.504932827100288]",anomaly,0.576258802821829,2417,"[0.2781813435083401, 0.8528093350902759, 0.041756111923467315, 0.3134066621928156]"
"[0.33931730190432247, 0.4161844561176448, 0.3595816075002433, 0.504932827100288]",stable,0.28255907665653685,2418,"[0.13074719586404698, 0.4999792714759045, 0.24157008566039284, 0.3808769836286458]"
"[0.2301081088479324, 0.7171010476137506, 0.5490410193898708, 0.2507476682244408]",anomaly,0.666665903657157,2419,"[0.0, 0.5406771022052248, 0.1593670172869863, 0.707390251557459]"
"[0.2301081088479324, 0.7171010476137506, 0.5490410193898708, 0.2507476682244408]",stable,0.5200686566812459,2420,"[0.07969182565593455, 0.5992241078132894, 0.1361965924562772, 0.5027612702900662]"
"[0.2301081088479324, 0.7171010476137506, 0.5490410193898708, 0.2507476682244408]",stable,0.21996120883685216,2421,"[0.24127802114335736, 0.5104739955130434, 0.47772357781978625, 0.27259372783140445]"
"[0.33931730190432247, 0.4161844561176448, 0.3595816075002433, 0.504932827100288]",stable,0.31416316451228504,2422,"[0.1727529888180852, 0.42001847496059697, 0.2063729038955471, 0.28706310230640286]"
"[0.35848961940954166, 0.46744568496855204, 0.6016412184900729, 0.3149096877598222]",stable,0.59970233540952,2423,"[0.0, 0.7253471632815235, 0.19659294442097325, 0.3383789661650433]"
"[0.12361567941162348, 0.738985115799391, 0.3348765942018377, 0.26615039960895115]",stable,0.2601505630309685,2424,"[0.18783699973821819, 0.5793388056279412, 0.31429790577695527, 0.46016975609739974]"
"[0.14562062288243977, 0.4544458339029691, 0.38756533247095526, 0.27574791681583605]",stable,0.29867333901512616,2425,"[0.05480355049225724, 0.7267457152537252, 0.30628460040990874, 0.29003917333530793]"
"[0.12276614695582884, 0.7388340120889507, 0.3345236066241596, 0.26644532274137533]",stable,0.17166601353660205,2426,"[0.22838923949165296, 0.6095441711110172, 0.2947961737975308, 0.26210359179347653]"
"[0.12405423345016817, 0.7372573067111711, 0.33403912573602995, 0.26639237480298633]",stable,0.508710002735601,2427,"[0.47792298627929525, 0.5798038993118694, 0.5227234946933617, 0.5368908148427327]"
"[0.53528087957759, 0.4928513879394506, 0.6160208021233962, 0.5594965968376696]",stable,0.21598846653075202,2428,"[0.4682311828505502, 0.6047264748668776, 0.4995753363577898, 0.4326905470185485]"
"[0.53528087957759, 0.4928513879394506, 0.6160208021233962, 0.5594965968376696]",stable,0.16738485354199334,2429,"[0.4046715629938788, 0.3925549029554371, 0.6143898623393852, 0.5894440633763095]"
"[0.5337796230651335, 0.4916985547787149, 0.6160020556890972, 0.5598408205909874]",stable,0.44918201342125336,2430,"[0.3863147286354325, 0.3281872790088075, 0.8557719501702312, 0.25033630287176034]"
"[0.3854990111378568, 0.36242673164461686, 0.9095980914094589, 0.346849125819575]",stable,0.4976649913962955,2431,"[0.19635541587484312, 0.663020308192169, 0.5847799138817564, 0.47346585977835715]"
"[0.5337796230651335, 0.4916985547787149, 0.6160020556890972, 0.5598408205909874]",stable,0.5549717670976779,2432,"[0.0, 0.5346353047795318, 0.7602356479634603, 0.5804825897729978]"
"[0.103797906950582, 0.19693425719273275, 0.669004563410507, 0.2769002856179604]",stable,0.49241463148652415,2433,"[0.49183049310406046, 0.16130060177430014, 0.9695688911610713, 0.2597477677146186]"
"[0.34200193833664494, 0.2674426018654242, 0.7075118450594259, 0.4115393416551406]",stable,0.3636663216537797,2434,"[0.3918909256350971, 0.44771802068476685, 0.7859226275408151, 0.713394944570992]"
"[0.3624756420557317, 0.6015724120811118, 0.8746644432757473, 0.47762847386688045]",stable,0.4563007407045911,2435,"[0.12320073369250926, 0.2200918422517188, 0.8017067198258702, 0.4672540039053421]"
"[0.3854990111378568, 0.36242673164461686, 0.9095980914094589, 0.346849125819575]",stable,0.34772720648916516,2436,"[0.2774759922907307, 0.038762377133956805, 0.8824600433634336, 0.28561066160498727]"
"[0.34200193833664494, 0.2674426018654242, 0.7075118450594259, 0.4115393416551406]",stable,0.25381826480177017,2437,"[0.1446334203109178, 0.38526317685636413, 0.7940420496716735, 0.4755722662945525]"
"[0.34200193833664494, 0.2674426018654242, 0.7075118450594259, 0.4115393416551406]",stable,0.40853007490694226,2438,"[0.0, 0.14076075701129395, 0.8819569448826888, 0.470294031761169]"
"[0.12693272037587264, 0.3157083300173377, 0.9483687526048568, 0.4555060364607255]",stable,0.4281544627873457,2439,"[0.06506368754771347, 0.07359086287770422, 0.744850118969417, 0.17364123793015185]"
"[0.3854990111378568, 0.36242673164461686, 0.9095980914094589, 0.346849125819575]",stable,0.29889149527807873,2440,"[0.14449497011622872, 0.48183367824021606, 1.0, 0.2529201410027765]"
"[0.5278524493201802, 0.3810943935650364, 0.8256685229648718, 0.5853468612866314]",stable,0.6705859334734917,2441,"[0.0, 0.20704338323823107, 0.8597949147397722, 0.21171747123835744]"
"[0.3854990111378568, 0.36242673164461686, 0.9095980914094589, 0.346849125819575]",stable,0.26511256591101984,2442,"[0.3072699236892842, 0.4820085565688158, 0.7492941757771951, 0.19138940672279187]"
"[0.33931730190432247, 0.4161844561176448, 0.3595816075002433, 0.504932827100288]",stable,0.5752677048691792,2443,"[0.26262429677428184, 0.04347544754596268, 0.6811821986697189, 0.217335591511115]"
"[0.3578649889739287, 0.46762328096367717, 0.6034418643106476, 0.3134033428691267]",stable,0.31499839923580636,2444,"[0.6136673028112772, 0.3693714698859579, 0.5659759969348794, 0.4641748858018321]"
"[0.5346874376077033, 0.4903084742685699, 0.6154335777487083, 0.558753707695656]",stable,0.1487877658319833,2445,"[0.6019111949420155, 0.3623383458572349, 0.6233484682837463, 0.5244059791923705]"
"[0.5354427607238192, 0.4888706076572065, 0.6155225091030345, 0.5583677781619113]",stable,0.24498346984875582,2446,"[0.6572334122387141, 0.6409462741995217, 0.6999364165112104, 0.6805611559878318]"
"[0.9266376850280167, 0.5596701199861676, 0.36869805296827224, 0.6739089540910356]",stable,0.17943399334895113,2447,"[0.8678022868447416, 0.4666979443769301, 0.34020110421858385, 0.5350599268556615]"
"[0.9273724730581339, 0.7628183856228455, 0.5245870348290886, 0.8507425407975231]",stable,0.42446782896363766,2448,"[0.9125492740383214, 0.6559273470675251, 0.48751587966499116, 0.4418987492006745]"
"[0.9106848663071975, 0.8499930132849436, 0.3892796528770906, 0.6673607957210114]",stable,0.30835614695042507,2449,"[0.9198257173018599, 0.6314472508717233, 0.304469664469054, 0.46724839280040653]"
"[0.9106848663071975, 0.8499930132849436, 0.3892796528770906, 0.6673607957210114]",stable,0.16211312660538396,2450,"[1.0, 0.8389886833660118, 0.36556781558578594, 0.8001016191571949]"
"[0.9117356325859364, 0.849863550580015, 0.3890006900854282, 0.6689224524673194]",stable,0.3249555080518237,2451,"[0.9351977296634648, 0.7289709295628732, 0.6117354319947029, 0.8709616099199232]"
"[0.9117356325859364, 0.849863550580015, 0.3890006900854282, 0.6689224524673194]",stable,0.45871075334591793,2452,"[1.0, 0.43759940497347927, 0.5534500837962806, 0.7438866294828841]"
"[0.9258635350519209, 0.558446801886046, 0.3683230931163026, 0.6720819932063595]",stable,0.4318715774137082,2453,"[1.0, 0.9200035476506725, 0.3955556817159937, 0.4494793210457136]"
"[0.9274715269392141, 0.7623899368119599, 0.5256901790970079, 0.8509984783813509]",stable,0.42599894448003994,2454,"[0.7490073956981118, 0.41468886896338486, 0.48561100033458704, 0.6863070049980657]"
"[0.6924164960455613, 0.3532065615946312, 0.49153081627029477, 0.7035738095036373]",stable,0.5939355147547475,2455,"[0.6916673818511989, 0.6773355088204062, 0.9876481926100531, 0.7431567474817118]"
"[0.6579818329646574, 0.6775328159140729, 0.9189294986137103, 0.6382700264799789]",stable,0.3321013585820019,2456,"[0.5293923615174138, 0.4345101929914066, 0.7382593944516131, 0.6835952778833021]"
"[0.3624756420557317, 0.6015724120811118, 0.8746644432757473, 0.47762847386688045]",stable,0.5068239670998809,2457,"[0.5316529395866698, 0.2526382162697639, 0.600927444453225, 0.29996993031741903]"
"[0.3854990111378568, 0.36242673164461686, 0.9095980914094589, 0.346849125819575]",stable,0.18034400774226736,2458,"[0.37272891922800333, 0.5173430348392648, 1.0, 0.36060847932358286]"
"[0.3853331657883782, 0.3644386316861058, 0.9107721421703749, 0.3470278187222245]",stable,0.4031602618728149,2459,"[0.13587554397192164, 0.38610171612140115, 0.7433219281703227, 0.07907217262548627]"
"[0.09586962100142006, 0.584272135817468, 0.47388932384057153, 0.46041086450984325]",stable,0.8852283438091048,2460,"[0.794073035423934, 0.3733355774129709, 0.9458395039070742, 0.29038142989508064]"
"[0.5278772866136839, 0.3819559387170746, 0.8242586983114321, 0.5869315131672228]",stable,0.2661511295745808,2461,"[0.33358577404020856, 0.28693522264610144, 0.7719379186414027, 0.7329480582839188]"
"[0.34200193833664494, 0.2674426018654242, 0.7075118450594259, 0.4115393416551406]",stable,0.4881492450080347,2462,"[0.6895529852383555, 0.502417997184036, 0.47230477424582556, 0.32809982683399963]"
"[0.7528570791773903, 0.4910946933540809, 0.45887578979986215, 0.4593341402570429]",stable,0.5186753060433444,2463,"[0.8096812223321191, 0.4870234732894426, 0.4910046867462349, 0.973869123520652]"
"[0.9258635350519209, 0.558446801886046, 0.3683230931163026, 0.6720819932063595]",stable,0.4285591838325815,2464,"[0.6354672376133568, 0.4026816586578218, 0.4515332046925582, 0.9331303832948243]"
"[0.7555137974291598, 0.6724597353091843, 0.20479186278879472, 0.7692483481548218]",stable,0.5916415906779193,2465,"[0.28665811702155886, 0.47215725952207477, 0.39555072009977527, 0.5375068988618921]"
"[0.3578649889739287, 0.46762328096367717, 0.6034418643106476, 0.3134033428691267]",anomaly,0.6052597073939461,2466,"[0.83478465030978, 0.4967127427493655, 0.23408378148354375, 0.2732118028487765]"
"[0.3578649889739287, 0.46762328096367717, 0.6034418643106476, 0.3134033428691267]",stable,0.5714935910674404,2467,"[0.6922134131127053, 0.5128776631319288, 0.21367136285517163, 0.5600752970852314]"
"[0.9258635350519209, 0.558446801886046, 0.3683230931163026, 0.6720819932063595]",stable,0.7380673980795281,2468,"[0.23149436754243383, 0.7956137393510057, 0.42815707250515, 0.6194827346179207]"
"[0.5354427607238192, 0.4888706076572065, 0.6155225091030345, 0.5583677781619113]",stable,0.35250602223519434,2469,"[0.3358590367591091, 0.5226014163436214, 0.4344830690550346, 0.3336150550795761]"
"[0.30122196880389324, 0.7091702781360849, 0.27396444790177216, 0.45633138143093155]",stable,0.4393430278490698,2470,"[0.5401397901073871, 0.6923808098799273, 0.6399156049139619, 0.4146368347815747]"
"[0.5278772866136839, 0.3819559387170746, 0.8242586983114321, 0.5869315131672228]",stable,0.3639583660009402,2471,"[0.29033016358874164, 0.4498764123029416, 0.652628876805779, 0.3820728541789914]"
"[0.33855412531181867, 0.41699565616698436, 0.36010289898719305, 0.5054049150968329]",stable,0.1468861123255857,2472,"[0.358703454023898, 0.5091391787089732, 0.4002826417704426, 0.6105937646484991]"
"[0.35705131637892645, 0.46740946326896954, 0.6040344789190226, 0.31423068637888407]",anomaly,0.6795523335713011,2473,"[0.4277923314115618, 0.8836959938088175, 0.6630490747833523, 0.8433902887867204]"
"[0.35705131637892645, 0.46740946326896954, 0.6040344789190226, 0.31423068637888407]",stable,0.2420729735174403,2474,"[0.5220172179843705, 0.6143134069646896, 0.6999550083525176, 0.33880830170098253]"
"[0.33884197286484835, 0.4183119922032985, 0.360676895312668, 0.506907612947571]",stable,0.4513537225987452,2475,"[0.5384864553815024, 0.32398849913359273, 0.7536443689048553, 0.53018650592179]"
"[0.3624756420557317, 0.6015724120811118, 0.8746644432757473, 0.47762847386688045]",anomaly,0.554424088412546,2476,"[0.6428605395041034, 0.5429874547148122, 0.5065998192225826, 0.17785086565382513]"
"[0.3624756420557317, 0.6015724120811118, 0.8746644432757473, 0.47762847386688045]",stable,0.4003139269902678,2477,"[0.24873833670771586, 0.6180019516173355, 0.4912138034693619, 0.48090606097372385]"
"[0.4373525165301451, 0.5844654212352044, 0.3491225207421912, 0.30053102051543257]",stable,0.2074289491098566,2478,"[0.3659794473357987, 0.571566374383653, 0.48074449340877007, 0.44350627999859754]"
"[0.5354427607238192, 0.4888706076572065, 0.6155225091030345, 0.5583677781619113]",stable,0.22240991519903425,2479,"[0.35114689320802517, 0.46030698973269035, 0.5670217576316746, 0.44731373531241336]"
"[0.33884197286484835, 0.4183119922032985, 0.360676895312668, 0.506907612947571]",stable,0.3410655292863868,2480,"[0.25696813203748853, 0.6871453334900763, 0.5045050782515743, 0.3778167230263273]"
"[0.4373525165301451, 0.5844654212352044, 0.3491225207421912, 0.30053102051543257]",stable,0.125200855168264,2481,"[0.5115564577224858, 0.6785902165437675, 0.36663831620550796, 0.3321972338002036]"
"[0.30122196880389324, 0.7091702781360849, 0.27396444790177216, 0.45633138143093155]",stable,0.3497025375882491,2482,"[0.3105168009700894, 0.8526320648184276, 0.5821022951730366, 0.37462915544164793]"
"[0.5354427607238192, 0.4888706076572065, 0.6155225091030345, 0.5583677781619113]",stable,0.5434406312887574,2483,"[0.31636869435739773, 0.6411800042759566, 0.470018921376192, 0.10785159993802862]"
"[0.43817700476561555, 0.5855112522941884, 0.3493171406917836, 0.3008828673297078]",stable,0.3938661278419663,2484,"[0.33821094747868863, 0.44442027901664033, 0.37234649944045023, 0.6540121636886341]"
"[0.358922627889921, 0.46905418644731595, 0.6047275119560361, 0.316085517723068]",stable,0.22861234413915874,2485,"[0.48883944009423147, 0.6319235525125552, 0.6520410864106161, 0.39745025866967887]"
"[0.5354427607238192, 0.4888706076572065, 0.6155225091030345, 0.5583677781619113]",stable,0.2958400696720304,2486,"[0.4412030856014455, 0.7391363618037585, 0.5750929478627982, 0.6782541132287604]"
"[0.5354427607238192, 0.4888706076572065, 0.6155225091030345, 0.5583677781619113]",stable,0.16885330674476662,2487,"[0.4831025269141177, 0.5045759886466376, 0.7726650116205822, 0.5872037632133597]"
"[0.3624756420557317, 0.6015724120811118, 0.8746644432757473, 0.47762847386688045]",stable,0.4050226385720623,2488,"[0.326912180434004, 0.31564425397496276, 0.7061838735528758, 0.707058123174107]"
"[0.34200193833664494, 0.2674426018654242, 0.7075118450594259, 0.4115393416551406]",stable,0.31610086411335103,2489,"[0.4919869414772422, 0.44468967349197547, 0.9212275627216855, 0.42979647040091495]"
"[0.38670052188695336, 0.36546749119643746, 0.9109061860235969, 0.34808895528220773]",stable,0.36226620228585743,2490,"[0.4422846720129637, 0.5944420144691347, 1.0, 0.608435193158936]"
"[0.363851659813615, 0.6014494741912502, 0.8768254011503034, 0.47988376213053663]",stable,0.2622730165614973,2491,"[0.28203738088405594, 0.49032711379461774, 0.7925448978515587, 0.6863835848013926]"
"[0.34200193833664494, 0.2674426018654242, 0.7075118450594259, 0.4115393416551406]",stable,0.2355089358481896,2492,"[0.43426381105499723, 0.4427458561904734, 0.6877393404654145, 0.2857219231790959]"
"[0.3388330851833532, 0.4186797145527822, 0.3608412559341861, 0.5089795080284311]",stable,0.5202107761630371,2493,"[0.7665181313166755, 0.49096926335166147, 0.5198372922582628, 0.7481431225641183]"
"[0.6942690369273392, 0.356650629138557, 0.49223847816999394, 0.7046880423301494]",stable,0.23431836553505614,2494,"[0.6375141650795507, 0.4862139845959941, 0.5950611391700733, 0.5487238853708215]"
"[0.536576887438883, 0.488841089623193, 0.6152951605482239, 0.5582606237975658]",stable,0.5266557038260476,2495,"[0.8959189055689843, 0.5337099212290689, 0.38194743618782645, 0.8612047966493358]"
"[0.9127619624395883, 0.8506791319413016, 0.3890769109183417, 0.6663707881484635]",stable,0.6805340912455103,2496,"[0.3210122555887503, 0.5453461579918224, 0.4382812754544558, 0.5348046856787781]"
"[0.35979868815928234, 0.46874827563037585, 0.6056927657759126, 0.3157324526702311]",stable,0.49427197701063963,2497,"[0.675820048439205, 0.6005735127163581, 0.31341652304751905, 0.5197716447599651]"
"[0.9258635350519209, 0.558446801886046, 0.3683230931163026, 0.6720819932063595]",stable,0.5850747089600251,2498,"[0.502604552751166, 0.7269595365623388, 0.6121653059047705, 0.39765771862277205]"
"[0.536576887438883, 0.488841089623193, 0.6152951605482239, 0.5582606237975658]",stable,0.2923964861766651,2499,"[0.474178906507085, 0.6687984154194135, 0.650006338789046, 0.3391426370837808]"
"[0.536576887438883, 0.488841089623193, 0.6152951605482239, 0.5582606237975658]",stable,0.3258805646418739,2500,"[0.2706403467176519, 0.4727960093812063, 0.7185761921763079, 0.4015714964581154]"
"[0.33858557366120595, 0.42043897071165776, 0.3619168117608565, 0.5093381910513526]",stable,0.3393709519980179,2501,"[0.493992732084934, 0.45502937170436153, 0.2748544479307579, 0.22255446219948277]"
"[0.30122196880389324, 0.7091702781360849, 0.27396444790177216, 0.45633138143093155]",stable,0.663645679375643,2502,"[0.8627148682612955, 0.9734501799858022, 0.438552564778652, 0.6243141093350368]"
"[0.9274715269392141, 0.7623899368119599, 0.5256901790970079, 0.8509984783813509]",stable,0.7539429315615017,2503,"[0.27005333639156825, 0.699978026341717, 0.8472007347311232, 0.6808015840621321]"
"[0.3587738796369648, 0.46879480130567275, 0.606990276424193, 0.3167191083459539]",stable,0.3195574931819472,2504,"[0.4711050838871995, 0.44946857620235237, 0.6385161135995102, 0.6135882893231538]"
"[0.5358574170701832, 0.4884084246405464, 0.6155503358564798, 0.5588686201220229]",stable,0.5421095180610971,2505,"[0.6101604185165534, 0.7911491834113956, 0.5695836934481205, 1.0]"
"[0.9258635350519209, 0.558446801886046, 0.3683230931163026, 0.6720819932063595]",stable,0.5696325740021766,2506,"[0.412819109651391, 0.6603809728902286, 0.5838333742399323, 0.6055130031172082]"
"[0.5358574170701832, 0.4884084246405464, 0.6155503358564798, 0.5588686201220229]",stable,0.15950761836565455,2507,"[0.5155724436869071, 0.617089174774097, 0.668399676532278, 0.6342304931529078]"
"[0.5356369282290606, 0.48980712844634583, 0.6161247852116515, 0.5596877709158368]",stable,0.276453703282674,2508,"[0.3825802487523954, 0.7152279298308835, 0.6381568015651814, 0.5184524039981926]"
"[0.5356369282290606, 0.48980712844634583, 0.6161247852116515, 0.5596877709158368]",stable,0.43504818430836,2509,"[0.8617437006414593, 0.5582629358441906, 0.337466094449076, 0.583862802513857]"
"[0.9274715269392141, 0.7623899368119599, 0.5256901790970079, 0.8509984783813509]",stable,0.5549181771808601,2510,"[0.8477029516874883, 0.3233219428949865, 0.47477147380998613, 0.5251185312571741]"
"[0.7545210418530061, 0.48815131176707927, 0.45915466144916256, 0.4604882523798522]",stable,0.5128908816950876,2511,"[0.5771328995785487, 0.61890461574901, 0.07788681352026766, 0.7234120153604149]"
"[0.9274715269392141, 0.7623899368119599, 0.5256901790970079, 0.8509984783813509]",stable,0.35226026442360525,2512,"[0.9883503286527696, 0.4893897195122271, 0.49544246342262965, 0.6390149355189614]"
"[0.9274715269392141, 0.7623899368119599, 0.5256901790970079, 0.8509984783813509]",stable,0.2248756131837232,2513,"[1.0, 0.9208595048803654, 0.4975676958002365, 0.7116959876295263]"
"[0.9274715269392141, 0.7623899368119599, 0.5256901790970079, 0.8509984783813509]",stable,0.1242681077388084,2514,"[0.877368143518541, 0.6586209133408697, 0.569002151469314, 0.8340197744301643]"
"[0.9131845867962032, 0.8528717617252058, 0.39087198408586676, 0.6664079304287776]",stable,0.38012746750979387,2515,"[0.8509168875439259, 0.9238316757351208, 0.12511331348721355, 0.921273865364342]"
"[0.9112516109065687, 0.6872533732716306, 0.1990018562957481, 0.5676845285054922]",stable,0.292364259099711,2516,"[0.7463501946090085, 0.7216249642885301, 0.415901447039859, 0.6679718366156708]"
"[0.9258425986312847, 0.5575590974191784, 0.3695572260860347, 0.6705270413040532]",stable,0.29939330578685286,2517,"[0.9725057418974461, 0.846906909422614, 0.3909018038013756, 0.7278084108885867]"
"[0.9268452346464556, 0.7610928240185713, 0.5262315787516617, 0.850786244581961]",stable,0.7388554482938303,2518,"[0.792205173254267, 0.308553173599294, 0.5781016239328374, 0.28483855216411413]"
"[0.38670052188695336, 0.36546749119643746, 0.9109061860235969, 0.34808895528220773]",stable,0.36372828966675524,2519,"[0.5781000784940724, 0.5911667171198149, 0.7043634120846498, 0.3935248484251236]"
"[0.5273434492553754, 0.3829661357537321, 0.8223491980599098, 0.5860491263359838]",anomaly,0.44608107679741493,2520,"[0.7620178308362863, 0.08268068689280628, 0.6340398151829372, 0.7212692699139442]"
"[0.5273434492553754, 0.3829661357537321, 0.8223491980599098, 0.5860491263359838]",stable,0.23129166362783055,2521,"[0.5542142767424653, 0.43780384873428546, 0.9696643257387378, 0.7535748577503597]"
"[0.5250521277850766, 0.5456613863114005, 0.8799686476802782, 0.836749141596167]",stable,0.534626896555319,2522,"[0.6969069567857543, 0.3363302845706744, 0.7198544793410504, 0.4045040962682063]"
"[0.38670052188695336, 0.36546749119643746, 0.9109061860235969, 0.34808895528220773]",stable,0.28597185752917437,2523,"[0.6399928193407237, 0.2630779625985539, 0.8376281957573326, 0.3901559961255755]"
"[0.5273434492553754, 0.3829661357537321, 0.8223491980599098, 0.5860491263359838]",stable,0.2588965966698728,2524,"[0.35227569153555727, 0.25403778856965253, 0.9022256922441357, 0.47039466276705527]"
"[0.38626476454073316, 0.36405698863154146, 0.9107963063555023, 0.3496371287946742]",stable,0.3936057480304227,2525,"[0.054820400447122886, 0.4086032747578352, 1.0, 0.5370629749997905]"
"[0.38626476454073316, 0.36405698863154146, 0.9107963063555023, 0.3496371287946742]",stable,0.21529248254213396,2526,"[0.4321108478742815, 0.19878986733390439, 0.7882667945678292, 0.3934810227959485]"
"[0.38626476454073316, 0.36405698863154146, 0.9107963063555023, 0.3496371287946742]",stable,0.27484530806225727,2527,"[0.2715103405053056, 0.32678776364244677, 0.9839006643782446, 0.585514476657773]"
"[0.38626476454073316, 0.36405698863154146, 0.9107963063555023, 0.3496371287946742]",stable,0.43343638833148673,2528,"[0.0, 0.5001975823673254, 1.0, 0.4599778473965675]"
"[0.38626476454073316, 0.36405698863154146, 0.9107963063555023, 0.3496371287946742]",stable,0.4948255345580526,2529,"[0.2669689840389533, 0.7424851944295494, 0.6151400621554802, 0.3501891497825966]"
"[0.43879036440648717, 0.58407738547452, 0.3484988693427613, 0.3000221156249801]",anomaly,0.8462548054317489,2530,"[0.42422013516391965, 0.34436624288964485, 0.7589917848025424, 1.0]"
"[0.43879036440648717, 0.58407738547452, 0.3484988693427613, 0.3000221156249801]",stable,0.5883682207543827,2531,"[0.7743716862096963, 0.38248276376356216, 0.7281960123424527, 0.5208207291749223]"
"[0.5273434492553754, 0.3829661357537321, 0.8223491980599098, 0.5860491263359838]",stable,0.5958013855575356,2532,"[0.6861494390283367, 0.6235946126912044, 0.30891320128415056, 0.4952671790879536]"
"[0.9258425986312847, 0.5575590974191784, 0.3695572260860347, 0.6705270413040532]",stable,0.3476820741077335,2533,"[0.6231275742864106, 0.6248816828120509, 0.4495423642200157, 0.5351886289243997]"
"[0.9258425986312847, 0.5575590974191784, 0.3695572260860347, 0.6705270413040532]",stable,0.19080576598505633,2534,"[0.8156224570267693, 0.6258768767639432, 0.4646840030822936, 0.5678531008832789]"
"[0.7555745145284157, 0.4905258904739217, 0.4592499949255959, 0.4623393704574975]",stable,0.341202378945989,2535,"[0.9283144953190436, 0.5430424886143729, 0.6614331700596995, 0.6695685504667388]"
"[0.9138511166288015, 0.8528047409128171, 0.39087231913885, 0.6670978234676518]",stable,0.15303567231566287,2536,"[0.9504088343160859, 0.7285364152478699, 0.39836839521795175, 0.5859520142200344]"
"[0.9268452346464556, 0.7610928240185713, 0.5262315787516617, 0.850786244581961]",stable,0.2367418117307885,2537,"[0.7801262029442628, 0.9269078398071569, 0.4554190857308345, 0.8956324543343297]"
"[0.9142573134919935, 0.8514239817387622, 0.39095560887306224, 0.6661962033649005]",stable,0.12772565642465333,2538,"[0.8797352534443896, 0.8647386058932554, 0.26872754575589985, 0.6684527603506154]"
"[0.9250338885760582, 0.7631399229789242, 0.5253573504427625, 0.8513399014924841]",stable,0.42566364065188866,2539,"[1.0, 0.7863920189290114, 0.4471110305628803, 0.44035757757796773]"
"[0.9250338885760582, 0.7631399229789242, 0.5253573504427625, 0.8513399014924841]",stable,0.32183101376425727,2540,"[1.0, 1.0, 0.3873160115445988, 0.7003525635224576]"
"[0.9250338885760582, 0.7631399229789242, 0.5253573504427625, 0.8513399014924841]",stable,0.5432606735232292,2541,"[0.9697474276850794, 0.5465986880705797, 0.1127804059798837, 0.5756171833510471]"
"[0.9157300372873527, 0.852465472917321, 0.39020601490794604, 0.6641593677880869]",stable,0.30818291697567884,2542,"[0.7411778782906786, 0.6383755061229425, 0.41710641184331976, 0.5301813514274198]"
"[0.7553305037447253, 0.49303181616288816, 0.4585356969072522, 0.46348923454173346]",stable,0.2582026376089088,2543,"[0.7836250455181402, 0.5646827775709362, 0.2594459749076344, 0.6087388242053442]"
"[0.9250338885760582, 0.7631399229789242, 0.5253573504427625, 0.8513399014924841]",stable,0.1896033819742236,2544,"[1.0, 0.6651324027325902, 0.4590629938959472, 0.723554499903552]"
"[0.9250338885760582, 0.7631399229789242, 0.5253573504427625, 0.8513399014924841]",stable,0.601940431456022,2545,"[0.4859576910303296, 0.6039068296547725, 0.3637217256577746, 0.5077367545903713]"
"[0.9249918467344793, 0.5589928097374931, 0.3692996575439287, 0.670417531822813]",stable,0.5314704804241148,2546,"[0.45242785817662484, 0.41708385615520926, 0.40760122137193483, 0.4766677256757056]"
"[0.3587738796369648, 0.46879480130567275, 0.606990276424193, 0.3167191083459539]",stable,0.3992887882616551,2547,"[0.5522212345597345, 0.41951233594657045, 0.3012663242306389, 0.4783166360749608]"
"[0.3587738796369648, 0.46879480130567275, 0.606990276424193, 0.3167191083459539]",stable,0.3082626214727924,2548,"[0.5268673601167847, 0.5894056055087918, 0.39254524161870274, 0.23774578010022648]"
"[0.30122196880389324, 0.7091702781360849, 0.27396444790177216, 0.45633138143093155]",stable,0.16531255465293967,2549,"[0.3255424793788428, 0.561762599408092, 0.2066731162384167, 0.43443146302350216]"
"[0.14562062288243977, 0.4544458339029691, 0.38756533247095526, 0.27574791681583605]",stable,0.20924769769629292,2550,"[0.1217656337751824, 0.39278341119971144, 0.5618752512172464, 0.3707707369114215]"
"[0.34301095130193493, 0.4203811092343397, 0.3617145674646519, 0.5084774880736223]",stable,0.1558123742673103,2551,"[0.32844742929645454, 0.529840090726498, 0.4006723363054234, 0.6112705978585715]"
"[0.3587738796369648, 0.46879480130567275, 0.606990276424193, 0.3167191083459539]",anomaly,0.5920202154146748,2552,"[0.18953324740423866, 0.689073034657832, 0.32843807800547187, 0.7591348817180774]"
"[0.3587738796369648, 0.46879480130567275, 0.606990276424193, 0.3167191083459539]",stable,0.22573117223801353,2553,"[0.3500850632644235, 0.4869978067272754, 0.7213239276576998, 0.5103050928056454]"
"[0.34330786456182805, 0.2664476346983007, 0.7086822066465042, 0.4112776268890654]",stable,0.42028768782072906,2554,"[0.54218067615184, 0.5873892173724984, 0.5247709589863737, 0.39501420662598674]"
"[0.5357072911099506, 0.4908563982197453, 0.615142486004928, 0.5579170874288492]",stable,0.2532395328165897,2555,"[0.7653338836664771, 0.5871870436007641, 0.6600190060684443, 0.5683283159590842]"
"[0.5273434492553754, 0.3829661357537321, 0.8223491980599098, 0.5860491263359838]",stable,0.4010852345551814,2556,"[0.35849997782048426, 0.7320672694877268, 0.7801939261561361, 0.4927079295986458]"
"[0.36376095333915515, 0.6036633351284787, 0.8751875795402327, 0.4801011209011825]",stable,0.29631647076495204,2557,"[0.5134669133235892, 0.6357633779732961, 0.622643765766857, 0.5042420770938258]"
"[0.535470691346266, 0.4923979618341448, 0.6152222868534593, 0.5573460766806042]",stable,0.3923263012293525,2558,"[0.43231219556976985, 0.44065227192078804, 0.9273423320591327, 0.3495439776978597]"
"[0.3868403574285961, 0.365014429672657, 0.9110031316767977, 0.349635964405964]",stable,0.34621837697339386,2559,"[0.6342950537211132, 0.3055348194073224, 0.8854598704200904, 0.5829663216334896]"
"[0.36376095333915515, 0.6036633351284787, 0.8751875795402327, 0.4801011209011825]",stable,0.1356804772170593,2560,"[0.4061675135605963, 0.5573646126180056, 0.9828355166239386, 0.5337595357450348]"
"[0.535470691346266, 0.4923979618341448, 0.6152222868534593, 0.5573460766806042]",stable,0.31616911742592574,2561,"[0.5182812016710331, 0.22638341033019305, 0.7825772898698319, 0.5872792290728126]"
"[0.3644677293428458, 0.6028916897533041, 0.8769817118249611, 0.4809954278152467]",stable,0.17890266116526674,2562,"[0.2931279370742236, 0.7505003410723976, 0.9265579482468572, 0.5326740408876057]"
"[0.3587738796369648, 0.46879480130567275, 0.606990276424193, 0.3167191083459539]",stable,0.383709977911807,2563,"[0.44323472562498045, 0.6497902193670337, 0.8006490256791471, 0.5809853758147099]"
"[0.535470691346266, 0.4923979618341448, 0.6152222868534593, 0.5573460766806042]",stable,0.39703506081523016,2564,"[0.46446811559118717, 0.5466480372490085, 1.0, 0.5973275040675521]"
"[0.3673510742223696, 0.6027409619647465, 0.8777347054060777, 0.48448449272253324]",stable,0.3317973980772457,2565,"[0.5809944332707928, 0.6402057354801698, 0.6286005673944003, 0.45326590005801204]"
"[0.5288266213293358, 0.3794204684541875, 0.8227028156988508, 0.5860210550940799]",stable,0.2455243733139047,2566,"[0.6169269679360522, 0.6068644374110075, 0.812676741508292, 0.6122749241509748]"
"[0.656566147963671, 0.6750959752760363, 0.9152656104376613, 0.6373736436410478]",stable,0.4352980013835688,2567,"[0.8555363306812144, 0.7497724898644436, 0.536804871531562, 0.6703297306881099]"
"[0.9157300372873527, 0.852465472917321, 0.39020601490794604, 0.6641593677880869]",stable,0.25147071169669366,2568,"[0.7780287647562011, 0.6994622303890874, 0.2486645336596025, 0.6353167734801112]"
"[0.9250338885760582, 0.7631399229789242, 0.5253573504427625, 0.8513399014924841]",stable,0.10364732873963368,2569,"[0.859126405532098, 0.7972395550379063, 0.5354523759414592, 0.779686025203099]"
"[0.9157300372873527, 0.852465472917321, 0.39020601490794604, 0.6641593677880869]",stable,0.5676809978130191,2570,"[0.6814222160973756, 0.49047484718423706, 0.6775977914432048, 0.43236136549197357]"
"[0.5370070231857513, 0.4923777185220405, 0.6158788711122987, 0.5560304481417765]",stable,0.3938660541847044,2571,"[0.7765415683507648, 0.6022067151951768, 0.4397570217722581, 0.7898516533102447]"
"[0.9157300372873527, 0.852465472917321, 0.39020601490794604, 0.6641593677880869]",stable,0.3168379025239435,2572,"[0.7575855776636117, 0.7334925682625032, 0.34389819627420115, 0.9072182500727438]"
"[0.9157300372873527, 0.852465472917321, 0.39020601490794604, 0.6641593677880869]",anomaly,0.5712259709066869,2573,"[1.0, 0.2912488226294761, 0.4033420270664325, 0.7278853424527326]"
"[0.9157300372873527, 0.852465472917321, 0.39020601490794604, 0.6641593677880869]",stable,0.3502864707892975,2574,"[1.0, 0.664507849523311, 0.6194677579701668, 0.830623087494749]"
"[0.9157300372873527, 0.852465472917321, 0.39020601490794604, 0.6641593677880869]",stable,0.2822042834733898,2575,"[0.6704084444039609, 0.764656413563533, 0.4772368001986018, 0.7287487259129316]"
"[0.9249918467344793, 0.5589928097374931, 0.3692996575439287, 0.670417531822813]",stable,0.31435474909414257,2576,"[0.8865178619127569, 0.6848919654349819, 0.24803167636245735, 0.9288399381749113]"
"[0.9251430286770218, 0.7623624236849889, 0.5266128375876554, 0.8502270016095067]",stable,0.2981218473785091,2577,"[0.712545262474153, 0.777030762286656, 0.3251134120678533, 0.9037213662452508]"
"[0.9251430286770218, 0.7623624236849889, 0.5266128375876554, 0.8502270016095067]",stable,0.4595353826224575,2578,"[0.9130407009606667, 0.6897103357214158, 0.13750505009565722, 0.6171109245718438]"
"[0.9157300372873527, 0.852465472917321, 0.39020601490794604, 0.6641593677880869]",stable,0.1338037147788676,2579,"[0.9413573938869936, 0.7984881959947121, 0.3601519766232675, 0.7800467313837027]"
"[0.9251430286770218, 0.7623624236849889, 0.5266128375876554, 0.8502270016095067]",stable,0.23322288070057284,2580,"[0.9874019062577567, 0.7321664661040089, 0.31045286277186285, 0.7965631061297311]"
"[0.9251430286770218, 0.7623624236849889, 0.5266128375876554, 0.8502270016095067]",stable,0.11499743002712841,2581,"[0.950988842899668, 0.7524989651079242, 0.4314802582304887, 0.791841152897994]"
"[0.9160026687405404, 0.8518912465670805, 0.3898862910964069, 0.6653922120816573]",stable,0.4808368301975739,2582,"[0.9557386503310434, 0.5889874039401244, 0.16462624452201144, 0.9966996070953691]"
"[0.925450716941577, 0.7622450015590714, 0.5254803068810224, 0.8495319319819886]",stable,0.3547624777736746,2583,"[0.8317871845374054, 0.8055017356614722, 0.19394253747868326, 0.9222995123196999]"
"[0.9123679980701355, 0.6846941561836443, 0.1962663330269341, 0.568746733152009]",stable,0.2714532695004019,2584,"[1.0, 0.4729712823809662, 0.22277928977883377, 0.711848087419637]"
"[0.925450716941577, 0.7622450015590714, 0.5254803068810224, 0.8495319319819886]",stable,0.3497806329051801,2585,"[0.6482730592492483, 0.6930570186971272, 0.46270910017958483, 0.6577199514685615]"
"[0.9259178733180042, 0.5579308155725977, 0.36749076411473, 0.6709290201635146]",stable,0.3285642459389866,2586,"[0.6486871832510283, 0.44837272435102854, 0.30473477991592185, 0.5478180162297945]"
"[0.7535531150698304, 0.49228749796602383, 0.45597234829073, 0.46489471423653445]",stable,0.3784631681265516,2587,"[0.6581285847231174, 0.7454509256710583, 0.377766500739611, 0.7177200549718821]"
"[0.7535531150698304, 0.49228749796602383, 0.45597234829073, 0.46489471423653445]",stable,0.32930589604583954,2588,"[0.5888112097030178, 0.5920886045685234, 0.6790735243759889, 0.6117554718845742]"
"[0.5375466501286396, 0.4934163735850247, 0.6165371487504621, 0.5566109171390973]",stable,0.31895133783680596,2589,"[0.6021571643970394, 0.3753869280897274, 0.6993178771756168, 0.27953360238501157]"
"[0.3868403574285961, 0.365014429672657, 0.9110031316767977, 0.349635964405964]",stable,0.27024249620554314,2590,"[0.466171044337849, 0.588005441583348, 1.0, 0.44498907083474143]"
"[0.36891964517658354, 0.6025070648158354, 0.879675424367886, 0.48385758126399686]",stable,0.3590928911058733,2591,"[0.4909850774704497, 0.31182407390420624, 0.9348725053329893, 0.3210558130632562]"
"[0.3881260947130634, 0.3643577586137872, 0.9112978153021828, 0.3492831230313627]",anomaly,0.634982243743425,2592,"[0.3243473150324102, 0.5935906454488503, 0.4251000105579144, 0.017321234575777167]"
"[0.3881260947130634, 0.3643577586137872, 0.9112978153021828, 0.3492831230313627]",stable,0.28701860961711223,2593,"[0.16382294304125344, 0.36124102063013014, 0.7862839207584476, 0.47746108733093473]"
"[0.34330786456182805, 0.2664476346983007, 0.7086822066465042, 0.4112776268890654]",stable,0.3634774645733368,2594,"[0.1999362803830261, 0.5082977800781713, 0.5622221921753832, 0.5890933389158053]"
"[0.34330786456182805, 0.2664476346983007, 0.7086822066465042, 0.4112776268890654]",stable,0.35069946772830624,2595,"[0.1842304291171703, 0.37586025518407995, 0.8774067606331528, 0.6505377145712975]"
"[0.34330786456182805, 0.2664476346983007, 0.7086822066465042, 0.4112776268890654]",stable,0.1826606598970701,2596,"[0.25825932013958064, 0.3938845704253579, 0.8031231471103497, 0.38009433100020235]"
"[0.38654235355972827, 0.36471784168466004, 0.9099786120315507, 0.34965886947000707]",stable,0.34210501927789455,2597,"[0.32789148827876435, 0.5039342814486245, 0.9788625478229687, 0.6487737412270849]"
"[0.36827858022505516, 0.6009668650757227, 0.8812252231718717, 0.4864343962634201]",stable,0.39549512085059474,2598,"[0.34639843087218924, 0.38643611090463614, 0.5883666167145248, 0.6418307984726361]"
"[0.34330786456182805, 0.2664476346983007, 0.7086822066465042, 0.4112776268890654]",stable,0.2000216991950997,2599,"[0.45812653999224484, 0.2769397182855613, 0.8711719228119924, 0.39360391070495276]"
"[0.3874048136372285, 0.36366027393286365, 0.909511061559026, 0.35018832779813897]",stable,0.4856846879882833,2600,"[0.6950962377440433, 0.33971437040216956, 0.5920107496779822, 0.5497772787371501]"
"[0.6942892125570149, 0.3562375496571817, 0.4946719482067741, 0.700909731023003]",stable,0.623876878789869,2601,"[0.6462360653176047, 0.8072021298844863, 0.9175288458880293, 0.6320893387488237]"
"[0.6562218118754688, 0.6794995137629846, 0.9153410516193402, 0.6371975001446403]",stable,0.30798609466088045,2602,"[0.7300406705839751, 0.49971629885935054, 0.70893032497227, 0.5168695392736249]"
"[0.5288266213293358, 0.3794204684541875, 0.8227028156988508, 0.5860210550940799]",stable,0.382490992631541,2603,"[0.7541548841865068, 0.4716887601214007, 0.5297767373758778, 0.620768837658853]"
"[0.6957145856910504, 0.35898638800156785, 0.4955077765203243, 0.6990016145143327]",stable,0.3420706403352209,2604,"[0.7944719122761942, 0.6511568502852927, 0.42563130054336473, 0.5685676752996514]"
"[0.754223915024033, 0.4948919135778151, 0.4554749540653634, 0.46659427097527406]",stable,0.40483615698361375,2605,"[0.95781572155213, 0.5796928884122456, 0.16226823980569072, 0.6377120891476198]"
"[0.9160026687405404, 0.8518912465670805, 0.3898862910964069, 0.6653922120816573]",stable,0.2437080321731692,2606,"[1.0, 0.6323320700691855, 0.414464355582408, 0.6059974307562309]"
"[0.925450716941577, 0.7622450015590714, 0.5254803068810224, 0.8495319319819886]",stable,0.16824138836538516,2607,"[0.8969492292428525, 0.7083586200613147, 0.3745203615896403, 0.8071033712619624]"
"[0.925450716941577, 0.7622450015590714, 0.5254803068810224, 0.8495319319819886]",stable,0.5900384763224936,2608,"[0.9679546335681715, 0.5410649725087303, 0.026329094128896335, 0.6298360463360773]"
"[0.9160026687405404, 0.8518912465670805, 0.3898862910964069, 0.6653922120816573]",stable,0.40142103873669255,2609,"[1.0, 0.6109531853761908, 0.35016462822714006, 0.9727264582212785]"
"[0.925450716941577, 0.7622450015590714, 0.5254803068810224, 0.8495319319819886]",stable,0.33237491439104994,2610,"[0.8600709049629995, 0.6021378281029246, 0.2578535685225246, 0.7549793760906797]"
"[0.925450716941577, 0.7622450015590714, 0.5254803068810224, 0.8495319319819886]",anomaly,0.6588902333745306,2611,"[0.44046485883203335, 0.6714738484231527, 0.08960994877084683, 0.8760401523933212]"
"[0.925450716941577, 0.7622450015590714, 0.5254803068810224, 0.8495319319819886]",anomaly,0.6341969328538442,2612,"[0.3978841049585366, 0.7038259394474283, 0.1885403719496042, 0.7662377965799867]"
"[0.925450716941577, 0.7622450015590714, 0.5254803068810224, 0.8495319319819886]",stable,1.067384756254553,2613,"[0.0449206902063623, 1.0, 0.17241740670251215, 0.42198516362071703]"
"[0.43974772305551213, 0.5841353009096752, 0.3489776342588042, 0.29934519893449363]",stable,0.2911774254811877,2614,"[0.6072286087995552, 0.6851173174736784, 0.21561214172815205, 0.4689055827302593]"
"[0.6557386840828335, 0.7876151679949767, 0.4271594526474501, 0.4669948021843589]",stable,0.6455704100639654,2615,"[0.29561799068416816, 0.506945642642503, 0.0, 0.3062662730161713]"
"[0.12405423345016817, 0.7372573067111711, 0.33403912573602995, 0.26639237480298633]",stable,0.5124856137883538,2616,"[0.40506889906380994, 0.6227716981857939, 0.632186417970144, 0.5521781330627688]"
"[0.5375466501286396, 0.4934163735850247, 0.6165371487504621, 0.5566109171390973]",stable,0.28438788496811246,2617,"[0.48847546152777244, 0.7396583031361759, 0.6297659149669645, 0.4237260066291017]"
"[0.5375466501286396, 0.4934163735850247, 0.6165371487504621, 0.5566109171390973]",stable,0.4590490017523471,2618,"[0.25103711923267313, 0.6466124723333823, 0.5699810957337257, 0.23567203826745614]"
"[0.43974772305551213, 0.5841353009096752, 0.3489776342588042, 0.29934519893449363]",stable,0.22626895883555603,2619,"[0.279617898021775, 0.6333830389380443, 0.2137013974641732, 0.36885117655486344]"
"[0.14532611684407853, 0.45368456942515106, 0.389717306776465, 0.276921038051584]",stable,0.23992567947723803,2620,"[0.10802101055675777, 0.641157755873573, 0.32667890179217707, 0.4075067362632112]"
"[0.43974772305551213, 0.5841353009096752, 0.3489776342588042, 0.29934519893449363]",anomaly,0.6035604503757785,2621,"[0.022307106507243435, 0.8948323908089153, 0.4731507441894793, 0.5787676497359672]"
"[0.43974772305551213, 0.5841353009096752, 0.3489776342588042, 0.29934519893449363]",stable,0.20224619936949584,2622,"[0.34424763651150625, 0.7608875296881856, 0.35357463554376994, 0.3221657123053273]"
"[0.14532611684407853, 0.45368456942515106, 0.389717306776465, 0.276921038051584]",stable,0.45238527998035116,2623,"[0.28216121487345286, 0.4992184802703033, 0.6713104497657487, 0.6002792949041882]"
"[0.34330786456182805, 0.2664476346983007, 0.7086822066465042, 0.4112776268890654]",stable,0.3805156640550551,2624,"[0.3855364516256259, 0.45896160900141453, 0.6770193468987724, 0.7352293980471658]"
"[0.5375466501286396, 0.4934163735850247, 0.6165371487504621, 0.5566109171390973]",stable,0.46576206473514975,2625,"[0.13754147170115597, 0.5466750878592946, 0.40862100678038793, 0.45237778689885916]"
"[0.43974772305551213, 0.5841353009096752, 0.3489776342588042, 0.29934519893449363]",stable,0.4955536228939794,2626,"[0.024039484612118023, 0.5601294220801765, 0.5909881562713489, 0.41602715413956176]"
"[0.43974772305551213, 0.5841353009096752, 0.3489776342588042, 0.29934519893449363]",stable,0.36106205579127576,2627,"[0.3108156587725824, 0.6746471110926413, 0.6567047961403657, 0.19516296921326556]"
"[0.43974772305551213, 0.5841353009096752, 0.3489776342588042, 0.29934519893449363]",stable,0.24393067549808553,2628,"[0.24223555270206404, 0.4578291009068996, 0.3812796987373042, 0.3584589662185068]"
"[0.34281677100852853, 0.4218405623209018, 0.36223400438252884, 0.5098480628707549]",stable,0.43654665775280876,2629,"[0.33415492546436487, 0.3552996853999869, 0.5671385499771409, 0.13026355881378182]"
"[0.09715401928305878, 0.5845471422380443, 0.47314593882105715, 0.4596030005120907]",anomaly,0.733841674527611,2630,"[0.6413727536916622, 0.28464550716569303, 0.4774847733536483, 0.0692316949733574]"
"[0.09715401928305878, 0.5845471422380443, 0.47314593882105715, 0.4596030005120907]",stable,0.1191406997142516,2631,"[0.10499077905374832, 0.46721291551959415, 0.46354115530179146, 0.4430645937378768]"
"[0.43974772305551213, 0.5841353009096752, 0.3489776342588042, 0.29934519893449363]",stable,0.348074350048923,2632,"[0.19773326841386607, 0.7693522098833911, 0.45991951860503133, 0.17296738508088472]"
"[0.43974772305551213, 0.5841353009096752, 0.3489776342588042, 0.29934519893449363]",stable,0.35123772608954706,2633,"[0.13192600039693264, 0.5684350837196244, 0.5106707115874364, 0.25220096055648555]"
"[0.34281677100852853, 0.4218405623209018, 0.36223400438252884, 0.5098480628707549]",stable,0.49974420447840107,2634,"[0.03793499213878443, 0.7283848044804977, 0.612043091024917, 0.5302788889104724]"
"[0.43974772305551213, 0.5841353009096752, 0.3489776342588042, 0.29934519893449363]",stable,0.5011750991502018,2635,"[0.00178668638064447, 0.3652647517018881, 0.42071174045516174, 0.37882168011340067]"
"[0.34281677100852853, 0.4218405623209018, 0.36223400438252884, 0.5098480628707549]",stable,0.3364533906380335,2636,"[0.43261546555578656, 0.5836193644445888, 0.4584473779663319, 0.7738701915957651]"
"[0.5375466501286396, 0.4934163735850247, 0.6165371487504621, 0.5566109171390973]",stable,0.416772966263167,2637,"[0.3571856074577861, 0.6280314278898376, 0.4944710197918809, 0.22775190934082995]"
"[0.43974772305551213, 0.5841353009096752, 0.3489776342588042, 0.29934519893449363]",stable,0.38273248714476205,2638,"[0.38786461604699574, 0.6847231618286098, 0.5290017981242878, 0.61756789231673]"
"[0.5375466501286396, 0.4934163735850247, 0.6165371487504621, 0.5566109171390973]",anomaly,0.45227933976024726,2639,"[0.5022224529829622, 0.24353858412102844, 0.3276408265671369, 0.31700956565811417]"
"[0.5375466501286396, 0.4934163735850247, 0.6165371487504621, 0.5566109171390973]",stable,0.2965173489900615,2640,"[0.40430460591591094, 0.31840413039261195, 0.8047512267248327, 0.49246053529203027]"
"[0.3874048136372285, 0.36366027393286365, 0.909511061559026, 0.35018832779813897]",stable,0.5156493094112439,2641,"[0.5680519479447109, 0.4655229356956077, 0.43766715036802667, 0.3659409394348262]"
"[0.30180840607954, 0.7069718465159062, 0.27334977874204197, 0.4532089994769687]",stable,0.5081120265618813,2642,"[0.5486590253682117, 0.5829216037308533, 0.6315571031869786, 0.6845996934829953]"
"[0.5376612106981197, 0.494339107916425, 0.6166919936415601, 0.5579303890601685]",stable,0.4012572268541746,2643,"[0.5503753158672925, 0.5817428473093121, 0.24814377886174338, 0.42610279955326724]"
"[0.30180840607954, 0.7069718465159062, 0.27334977874204197, 0.4532089994769687]",stable,0.4447308986491387,2644,"[0.35481098722758253, 0.32075760017100735, 0.4846718629030126, 0.48723591927616666]"
"[0.3587738796369648, 0.46879480130567275, 0.606990276424193, 0.3167191083459539]",stable,0.34878093487212036,2645,"[0.6391565802802693, 0.63824380625634, 0.5871159248323893, 0.4347264241372702]"
"[0.5288266213293358, 0.3794204684541875, 0.8227028156988508, 0.5860210550940799]",stable,0.5704855629790538,2646,"[0.5602849772741137, 0.5416141452087219, 0.284765367347825, 0.6797262432706832]"
"[0.754223915024033, 0.4948919135778151, 0.4554749540653634, 0.46659427097527406]",stable,0.5204020682906947,2647,"[0.37000487650405567, 0.6871413464163351, 0.6275097879008557, 0.2286064254022722]"
"[0.4422895509033949, 0.5828480156031388, 0.34884843915999747, 0.30140214937193094]",stable,0.5053984309474565,2648,"[0.36935577185933977, 0.2915896213830661, 0.1874878426293762, 0.6745503016682148]"
"[0.3587738796369648, 0.46879480130567275, 0.606990276424193, 0.3167191083459539]",stable,0.3600851282929514,2649,"[0.25378435736206933, 0.47836542592671993, 0.28109965799946, 0.4278145978914283]"
"[0.3587738796369648, 0.46879480130567275, 0.606990276424193, 0.3167191083459539]",stable,0.2759012269921834,2650,"[0.2681244760518012, 0.6085790343139033, 0.40477030792136554, 0.403157671652285]"
"[0.14461147266488097, 0.45404736975911486, 0.39142576190087575, 0.27881054391746074]",stable,0.33464735444862165,2651,"[0.12794811335107348, 0.5767033762737801, 0.29641761305436415, 0.5748513181605941]"
"[0.4422895509033949, 0.5828480156031388, 0.34884843915999747, 0.30140214937193094]",stable,0.48355206832906744,2652,"[0.5111392958054043, 0.5704056112730764, 0.402788023758498, 0.7768156779973538]"
"[0.754223915024033, 0.4948919135778151, 0.4554749540653634, 0.46659427097527406]",stable,0.4462755480810112,2653,"[0.7114919743751602, 0.7133701807156074, 0.13649841528826698, 0.6853568376123456]"
"[0.925450716941577, 0.7622450015590714, 0.5254803068810224, 0.8495319319819886]",stable,0.8141054444832077,2654,"[0.3383664175968924, 0.8400415215844154, 0.23705025227084883, 0.37114348597845004]"
"[0.14461147266488097, 0.45404736975911486, 0.39142576190087575, 0.27881054391746074]",stable,0.6900710060643663,2655,"[0.6939023216463016, 0.5828957621600155, 0.5876587651334808, 0.624307659468333]"
"[0.5392555077486113, 0.4952427472454412, 0.6163957362078043, 0.5586077081459662]",stable,0.7681473726278003,2656,"[1.0, 0.5836952825624935, 0.010735086298310492, 0.5027845491329016]"
"[0.9160026687405404, 0.8518912465670805, 0.3898862910964069, 0.6653922120816573]",stable,0.18538524551816432,2657,"[0.8575851275157232, 0.765055454769184, 0.2439217583125089, 0.7113158504946534]"
"[0.925450716941577, 0.7622450015590714, 0.5254803068810224, 0.8495319319819886]",anomaly,0.4050096392469956,2658,"[0.6924519697674747, 0.9655967162066896, 0.7410197730484192, 0.7014265290676196]"
"[0.925450716941577, 0.7622450015590714, 0.5254803068810224, 0.8495319319819886]",stable,0.44128906445006705,2659,"[0.6850143474130246, 0.9119272241261586, 0.21044227234383764, 0.7259493294302164]"
"[0.9156779342264494, 0.6785603083754431, 0.18943358602960247, 0.5698711627162296]",stable,0.23257003562970435,2660,"[0.807104135444302, 0.8384776933144225, 0.2779095470761621, 0.4755367257274942]"
"[0.6585417479969349, 0.7885570666120034, 0.4243955655072411, 0.4671529859536762]",stable,0.40179777762963653,2661,"[0.8805185707608921, 0.47635528764108104, 0.4388748089550101, 0.5875196963860259]"
"[0.925450716941577, 0.7622450015590714, 0.5254803068810224, 0.8495319319819886]",stable,0.4567404902418348,2662,"[0.6640753864402543, 0.6816489019835095, 0.1674975946913254, 0.7743823575441344]"
"[0.925450716941577, 0.7622450015590714, 0.5254803068810224, 0.8495319319819886]",stable,0.2606028349767512,2663,"[1.0, 0.7475081547748513, 0.29938303071866146, 0.7445600831261433]"
"[0.925450716941577, 0.7622450015590714, 0.5254803068810224, 0.8495319319819886]",stable,0.2864780671023194,2664,"[0.7577625057076404, 0.5449858666258345, 0.6027291931323625, 0.8774859049524402]"
"[0.92626344951228, 0.5578443785432612, 0.36891675973289817, 0.6691417802456258]",stable,0.3942854314523303,2665,"[0.6808793730992094, 0.8246339605699451, 0.5172742147188278, 0.6237430911612507]"
"[0.658947886635158, 0.7892130101385115, 0.42608426822017903, 0.47000007877563216]",stable,0.24510532708830537,2666,"[0.5375709999986806, 0.6204307153353731, 0.39737654034790537, 0.34337987470495934]"
"[0.3018443320981602, 0.7074053073017375, 0.27453879127589353, 0.45155753896042866]",stable,0.44702215901893916,2667,"[0.7267886619933062, 0.6326815528011258, 0.3429770068890668, 0.5463399123266629]"
"[0.754223915024033, 0.4948919135778151, 0.4554749540653634, 0.46659427097527406]",stable,0.25984374443964164,2668,"[0.6687004979965098, 0.6478574365787854, 0.4259910163732618, 0.6561642128319884]"
"[0.6087196007837444, 0.6195412910016517, 0.3992088198537173, 0.6506492112665025]",stable,0.4492651902455647,2669,"[0.8402539799063499, 1.0, 0.35576598426687067, 0.6905858264733201]"
"[0.925450716941577, 0.7622450015590714, 0.5254803068810224, 0.8495319319819886]",stable,0.4881348027113364,2670,"[0.6539832660433946, 0.8193939736846603, 0.1582610115631157, 0.6868512851548786]"
"[0.925450716941577, 0.7622450015590714, 0.5254803068810224, 0.8495319319819886]",stable,0.29960340258559737,2671,"[0.6942847368418739, 0.7089687670599544, 0.6190877786970665, 0.6922939831807695]"
"[0.92626344951228, 0.5578443785432612, 0.36891675973289817, 0.6691417802456258]",stable,0.13404944903869914,2672,"[0.934580563946443, 0.6678832020612635, 0.41989894233726227, 0.7256427074126826]"
"[0.925450716941577, 0.7622450015590714, 0.5254803068810224, 0.8495319319819886]",stable,0.2921016074101424,2673,"[1.0, 0.6599055876652836, 0.2776535307345378, 0.7607947535516358]"
"[0.925450716941577, 0.7622450015590714, 0.5254803068810224, 0.8495319319819886]",stable,0.09868349049403205,2674,"[0.9586773592109953, 0.8223307977563741, 0.4996390495930132, 0.7835292952414997]"
"[0.916088592099137, 0.852346722209171, 0.3885881289379977, 0.6664793108882839]",stable,0.25540127428927684,2675,"[0.8967177271779111, 0.8604733445190218, 0.1341452866041152, 0.6595961070065082]"
"[0.9156779342264494, 0.6785603083754431, 0.18943358602960247, 0.5698711627162296]",stable,0.24853305013451504,2676,"[0.9575275187645992, 0.7540400495783096, 0.06853737312911073, 0.7691302996646188]"
"[0.9156779342264494, 0.6785603083754431, 0.18943358602960247, 0.5698711627162296]",stable,0.18688417625609666,2677,"[0.931831598599232, 0.5260914593992508, 0.08601892231960123, 0.5967674800082625]"
"[0.916088592099137, 0.852346722209171, 0.3885881289379977, 0.6664793108882839]",stable,0.44058620885319905,2678,"[1.0, 0.5124766946604595, 0.350561199764479, 0.9312762143584719]"
"[0.9258416186153349, 0.7629518932790398, 0.5251762920893989, 0.8487554303732769]",stable,0.21981536256061995,2679,"[0.961594097449977, 0.6480279669038215, 0.37179576502444095, 0.7472297738198008]"
"[0.9258416186153349, 0.7629518932790398, 0.5251762920893989, 0.8487554303732769]",stable,0.36475821119747115,2680,"[1.0, 0.7224413901344586, 0.2041886499600083, 1.0]"
"[0.9258416186153349, 0.7629518932790398, 0.5251762920893989, 0.8487554303732769]",stable,0.2789023166295802,2681,"[0.8476147533753997, 0.6460464452084016, 0.5421538406842685, 0.6085223376670642]"
"[0.916088592099137, 0.852346722209171, 0.3885881289379977, 0.6664793108882839]",stable,0.5801372355287477,2682,"[0.6180233146347565, 0.45740870251814847, 0.33488174908800805, 0.3683922635632422]"
"[0.9159564456811525, 0.6759315351172329, 0.18765057458632659, 0.5703348923247129]",stable,0.36068625318816305,2683,"[0.7795113847980442, 0.5949544138048443, 0.3514278610124752, 0.2908764430440256]"
"[0.7524633891412509, 0.4958852356280907, 0.45190923504901037, 0.4622463370809363]",stable,0.33647905997891264,2684,"[0.7577804302793463, 0.7923871862878659, 0.34054861377312523, 0.5757156816715598]"
"[0.660712753485947, 0.7892696918554644, 0.42455684581933884, 0.47188785739877376]",stable,0.16671301564168717,2685,"[0.6876210466195289, 0.7974511012062184, 0.26853419906344295, 0.523455013470279]"
"[0.66118482880408, 0.7894132253528461, 0.4218196064025687, 0.47279254434739665]",stable,0.39628934927228443,2686,"[0.5684089212885227, 0.5163822791890802, 0.5872416149332134, 0.2570901084271653]"
"[0.34216934541139266, 0.4195994207890823, 0.3605232011823271, 0.5106180196684925]",anomaly,0.6252272139194726,2687,"[0.516579967007261, 0.9460469348858384, 0.49314184920307147, 0.25419003133932333]"
"[0.34216934541139266, 0.4195994207890823, 0.3605232011823271, 0.5106180196684925]",stable,0.4962817541769666,2688,"[0.4906866145370421, 0.7795646745959792, 0.6292862422995332, 0.6603833163216016]"
"[0.5392555077486113, 0.4952427472454412, 0.6163957362078043, 0.5586077081459662]",stable,0.3136388441959463,2689,"[0.30959340214939834, 0.36336785315818043, 0.6272421672986347, 0.3909294177134518]"
"[0.3874048136372285, 0.36366027393286365, 0.909511061559026, 0.35018832779813897]",stable,0.3297171300008628,2690,"[0.4627714022236151, 0.2603029094805861, 0.9409410989777935, 0.6524509141401971]"
"[0.5288266213293358, 0.3794204684541875, 0.8227028156988508, 0.5860210550940799]",stable,0.3641221791153261,2691,"[0.20438042384782126, 0.5336665711079869, 0.8512187256178976, 0.5339191457136923]"
"[0.36575707012694386, 0.5999314759377575, 0.8807635847479643, 0.4871649308703474]",stable,0.33369106130022624,2692,"[0.08725760069356481, 0.7207274027498698, 0.9364742736480128, 0.3603089766353075]"
"[0.5288266213293358, 0.3794204684541875, 0.8227028156988508, 0.5860210550940799]",stable,0.1241678603425921,2693,"[0.44055869625730704, 0.45317501398578947, 0.8139797378161845, 0.6319623858455499]"
"[0.36575707012694386, 0.5999314759377575, 0.8807635847479643, 0.4871649308703474]",stable,0.39245869297597047,2694,"[0.3967993564871066, 0.2754996521975604, 0.6844767093700984, 0.39085472139625016]"
"[0.3874048136372285, 0.36366027393286365, 0.909511061559026, 0.35018832779813897]",stable,0.22855290563420005,2695,"[0.25989400188837236, 0.1812782204302653, 0.9499289355284642, 0.31731576195746747]"
"[0.3444297224905355, 0.2686410893045986, 0.7085491994722548, 0.41183890180204497]",stable,0.2447755228875301,2696,"[0.5548621960457956, 0.3611657086946459, 0.6933210889565835, 0.4945463992561932]"
"[0.36575707012694386, 0.5999314759377575, 0.8807635847479643, 0.4871649308703474]",stable,0.4154467233882419,2697,"[0.31876295952986633, 0.5429104332922331, 0.47463100051168616, 0.44034123750474774]"
"[0.3611560960193688, 0.4693355680998024, 0.6067658598163409, 0.3160415060741495]",stable,0.15218317297078146,2698,"[0.2567133374326515, 0.44922313675785847, 0.6971381408183527, 0.25538040448292804]"
"[0.3418730620458037, 0.4211603196815273, 0.36196760370548353, 0.5097284401474325]",stable,0.28547031756989993,2699,"[0.11081630021929711, 0.29039260722475013, 0.4463107262850383, 0.44734159794444583]"
"[0.3418730620458037, 0.4211603196815273, 0.36196760370548353, 0.5097284401474325]",stable,0.3929948118003016,2700,"[0.2511530744082156, 0.7497821017024242, 0.3126807278443775, 0.320537176622257]"
"[0.1255855447870121, 0.737408207855644, 0.33378179564094984, 0.26704472181285704]",stable,0.21538773995365726,2701,"[0.2015698975980595, 0.915810485162849, 0.4240492655702406, 0.29239561872792225]"
"[0.12649012041571503, 0.7395320444902536, 0.3348564083782033, 0.26734651820470307]",anomaly,0.37425783824356257,2702,"[0.15320506502628786, 1.0, 0.5932412580372214, 0.3362591791637606]"
"[0.12649012041571503, 0.7395320444902536, 0.3348564083782033, 0.26734651820470307]",stable,0.5305614111046405,2703,"[0.44887420627391306, 0.9255476631358758, 0.673363215601037, 0.435796045429956]"
"[0.5392555077486113, 0.4952427472454412, 0.6163957362078043, 0.5586077081459662]",stable,0.4972949596939221,2704,"[0.15448907908369025, 0.6805331708756428, 0.7812651870209951, 0.3643331719634825]"
"[0.5279114397064598, 0.3802366417743648, 0.8206718626896605, 0.5853514473722208]",stable,0.48750908466429665,2705,"[0.2090929016294068, 0.43355934320223277, 0.4850399605354446, 0.44207631632217304]"
"[0.4432925135254505, 0.5832436229687412, 0.3493592612777649, 0.3018440201649102]",stable,0.3761987721015817,2706,"[0.1074307295668491, 0.4579147121244951, 0.37574129844952847, 0.19085289246478163]"
"[0.3418730620458037, 0.4211603196815273, 0.36196760370548353, 0.5097284401474325]",stable,0.2599942274006493,2707,"[0.2875290417323771, 0.5533311070677299, 0.5776498293396369, 0.484120116402139]"
"[0.5392555077486113, 0.4952427472454412, 0.6163957362078043, 0.5586077081459662]",stable,0.31218546477378306,2708,"[0.4000636148607515, 0.6941161849081616, 0.6903564388069928, 0.3767711011781613]"
"[0.5392555077486113, 0.4952427472454412, 0.6163957362078043, 0.5586077081459662]",stable,0.2915902609791958,2709,"[0.368289490622125, 0.6862765970217335, 0.6121007333351391, 0.41974402507586206]"
"[0.5392555077486113, 0.4952427472454412, 0.6163957362078043, 0.5586077081459662]",stable,0.2102003076194487,2710,"[0.44067986647790136, 0.562999303288384, 0.48158991681039, 0.45042521214420794]"
"[0.3018443320981602, 0.7074053073017375, 0.27453879127589353, 0.45155753896042866]",stable,0.475160882296492,2711,"[0.5051797659659659, 0.45616344227444994, 0.5024625491111483, 0.7149220226525892]"
"[0.5389113083366653, 0.4948480067911888, 0.6152448959341007, 0.56018664061573]",stable,0.3529484451999625,2712,"[0.3577676400207504, 0.7554930143017222, 0.6050443301656521, 0.7141986690939052]"
"[0.5389113083366653, 0.4948480067911888, 0.6152448959341007, 0.56018664061573]",stable,0.39454770597163114,2713,"[0.7895823731374183, 0.5589197351725304, 0.6727401690883317, 0.8524553812403157]"
"[0.9276283833827402, 0.5613593043688495, 0.3684818522782185, 0.6717724999438496]",stable,0.3958898921573801,2714,"[0.6226189698106416, 0.5633150326473195, 0.5984022062034982, 0.7758439673235376]"
"[0.9276283833827402, 0.5613593043688495, 0.3684818522782185, 0.6717724999438496]",stable,0.5835849855235679,2715,"[0.8898244777223444, 0.6861948982642532, 0.9264484568613408, 0.5611757427032943]"
"[0.6637573817414971, 0.6797154939081869, 0.9156993550142435, 0.6347451853884678]",stable,0.2512526773029564,2716,"[0.5121924374403323, 0.7236699473085872, 0.7303451217671999, 0.5725536284489526]"
"[0.5279114397064598, 0.3802366417743648, 0.8206718626896605, 0.5853514473722208]",stable,0.3193361900302694,2717,"[0.498377958771996, 0.6534349326185361, 0.6751552357109284, 0.6580905765909438]"
"[0.5385059748410187, 0.49643387604946226, 0.6158439993318691, 0.5611656799754821]",stable,0.14371682872257144,2718,"[0.5336269995628765, 0.43294674460857485, 0.6614706148835195, 0.44067369454484195]"
"[0.5384576681550964, 0.49580529058965145, 0.6162957480006973, 0.5599726900207233]",stable,0.2838704352696415,2719,"[0.5641169588136931, 0.43819871205228744, 0.8721447892030204, 0.665550978736462]"
"[0.36575707012694386, 0.5999314759377575, 0.8807635847479643, 0.4871649308703474]",stable,0.32167053470248547,2720,"[0.6052465628211825, 0.6619303770956451, 0.7659687553074791, 0.6577374936516562]"
"[0.6619289186502373, 0.6791597090077949, 0.9110202737734071, 0.6354636950216924]",stable,0.6547303862481134,2721,"[0.08648585732686076, 0.4435932191201959, 0.8509758738263596, 0.43940181517652904]"
"[0.3874048136372285, 0.36366027393286365, 0.909511061559026, 0.35018832779813897]",stable,0.5523654265513345,2722,"[0.22216512036246128, 0.5931339099483092, 0.4936254916234921, 0.5786274910537977]"
"[0.4432652984520385, 0.5830327446387374, 0.3507366639395631, 0.3033917409146945]",stable,0.474041633117749,2723,"[0.3528733536945509, 0.27169541561862776, 0.6961934561648745, 0.2868557645019186]"
"[0.3874048136372285, 0.36366027393286365, 0.909511061559026, 0.35018832779813897]",stable,0.1904394382531107,2724,"[0.42541652812936076, 0.3277440410228908, 0.7420960471657199, 0.42438082319204445]"
"[0.34563824190733067, 0.26948105252125154, 0.7088355657477425, 0.4103194259113676]",stable,0.2715828178473676,2725,"[0.4710444074370768, 0.4912689114298885, 0.758402203574718, 0.4902182034507915]"
"[0.36575707012694386, 0.5999314759377575, 0.8807635847479643, 0.4871649308703474]",stable,0.2212444595289821,2726,"[0.3029491400384723, 0.648752779879795, 0.6747489627039929, 0.4737959153586558]"
"[0.5384576681550964, 0.49580529058965145, 0.6162957480006973, 0.5599726900207233]",stable,0.32598061403514283,2727,"[0.6389137026950438, 0.5431374461610651, 0.922063581855423, 0.580892648911457]"
"[0.6612314878637162, 0.6750378222548636, 0.9113549194728621, 0.6338100269577459]",stable,0.24701266207424638,2728,"[0.7081832792216334, 0.449942023697714, 0.8663522350929609, 0.7120239923591406]"
"[0.36575707012694386, 0.5999314759377575, 0.8807635847479643, 0.4871649308703474]",stable,0.28752088047792496,2729,"[0.34050271006918675, 0.6356006230345878, 0.6942218022218625, 0.701548580727895]"
"[0.5384576681550964, 0.49580529058965145, 0.6162957480006973, 0.5599726900207233]",stable,0.3986301622216129,2730,"[0.5963300621857158, 0.5818379842474602, 1.0, 0.5295389117204304]"
"[0.6593226224025985, 0.6722966505487635, 0.9139621277236603, 0.630743229450766]",stable,0.11150077706338594,2731,"[0.6391928838340686, 0.5744968250297842, 0.9455983110115354, 0.5925128364847672]"
"[0.6587474870149262, 0.6695023698196497, 0.9148660186747425, 0.6296509325088804]",stable,0.5053602848616192,2732,"[0.6428986620453506, 0.2908375563366711, 0.7034559367793687, 0.8886037632819634]"
"[0.7523305086335093, 0.6765892639926172, 0.20447744897372677, 0.7653781964429316]",stable,0.789447061073602,2733,"[0.7336437585412756, 0.5747551306064315, 0.945040909026039, 0.5122516697382622]"
"[0.6608279390017694, 0.666870502063727, 0.9157042100733896, 0.6263898418763633]",stable,0.3307456928270808,2734,"[0.9369863737644413, 0.6677558031180317, 0.7390782722453401, 0.5824384305053735]"
"[0.916088592099137, 0.852346722209171, 0.3885881289379977, 0.6664793108882839]",stable,0.5898077594424357,2735,"[0.7822186388390782, 0.3783101509042017, 0.6720663242412187, 0.8242179255827002]"
"[0.9276283833827402, 0.5613593043688495, 0.3684818522782185, 0.6717724999438496]",stable,0.5264164927640924,2736,"[0.8550013759130024, 0.5637547814424164, 0.8682574663412184, 0.5232523366070829]"
"[0.6660758697290999, 0.6640835906955834, 0.9144218656481958, 0.6236023417339502]",stable,0.4503648265486691,2737,"[0.7710425257555198, 0.904933105021674, 0.5629042120140623, 0.7247820271815916]"
"[0.9276283833827402, 0.5613593043688495, 0.3684818522782185, 0.6717724999438496]",stable,0.1902369470672418,2738,"[1.0, 0.5725701645917133, 0.23088266516818562, 0.7808285656045477]"
"[0.9258416186153349, 0.7629518932790398, 0.5251762920893989, 0.8487554303732769]",stable,0.2021715764614502,2739,"[0.9682028540474051, 0.748628086956733, 0.6068940599307103, 0.6693232508372436]"
"[0.916088592099137, 0.852346722209171, 0.3885881289379977, 0.6664793108882839]",stable,0.48912985029710815,2740,"[0.7376448207928723, 0.4226261249092245, 0.28698850023882305, 0.777940311413293]"
"[0.6966897074376044, 0.3604663818831413, 0.49065849102540565, 0.7008373981631458]",stable,0.585847234163358,2741,"[0.9409354918937307, 0.8759714470978411, 0.3711966300171805, 0.7603720104043242]"
"[0.9258416186153349, 0.7629518932790398, 0.5251762920893989, 0.8487554303732769]",anomaly,0.3092133814333602,2742,"[0.8970771080403325, 1.0, 0.3998016796382776, 1.0]"
"[0.9258416186153349, 0.7629518932790398, 0.5251762920893989, 0.8487554303732769]",stable,0.4129081362124954,2743,"[1.0, 0.7770190014179156, 0.1881927856329717, 0.6223975361751212]"
"[0.9163447457052667, 0.8525902760740026, 0.3884088351346903, 0.6674472768626761]",stable,0.2444695149862523,2744,"[0.9254877759494832, 0.6779426563983845, 0.4982748378782983, 0.7982502551863708]"
"[0.9163447457052667, 0.8525902760740026, 0.3884088351346903, 0.6674472768626761]",stable,0.40992162181702735,2745,"[0.9288267883231202, 0.5877063598867888, 0.6667440807397391, 0.5251590600473321]"
"[0.9163447457052667, 0.8525902760740026, 0.3884088351346903, 0.6674472768626761]",stable,0.20103343081732422,2746,"[0.9576512173494083, 0.8454891186936307, 0.5758700114555755, 0.7267439600982907]"
"[0.9163447457052667, 0.8525902760740026, 0.3884088351346903, 0.6674472768626761]",stable,0.26799498165055047,2747,"[0.6528274672360161, 0.8382265112831631, 0.3521353761613861, 0.6381578150515779]"
"[0.6610407363632513, 0.790254833730955, 0.4206181541570311, 0.4756436697043653]",stable,0.5633365876628174,2748,"[0.5189477069231034, 0.6431294888543232, 0.6299892661229852, 0.9569705361404499]"
"[0.9284602410450076, 0.5614881648311812, 0.366900252426379, 0.6730260179399494]",stable,0.2032392444062923,2749,"[0.8447372246359506, 0.511133817793469, 0.19317220105625751, 0.7127708401405259]"
"[0.926203179029912, 0.7629234793541425, 0.5254497664015262, 0.8467724804254392]",stable,0.36973301822663995,2750,"[0.5941402819049361, 0.7053850905132197, 0.4368151838357151, 0.7232007130069722]"
"[0.6085981064597543, 0.6202566559975814, 0.39952220622023393, 0.6512538071143399]",stable,0.4440316172828499,2751,"[0.8584961872421084, 0.2780431137047038, 0.4308663121701872, 0.7801819454770662]"
"[0.7003671274331613, 0.3585931257881768, 0.48929957786960526, 0.7026406833293712]",stable,0.33847319489936245,2752,"[0.7970247578899284, 0.6019013755251921, 0.3004088786686793, 0.6009410987424104]"
"[0.926203179029912, 0.7629234793541425, 0.5254497664015262, 0.8467724804254392]",stable,0.3754618753445045,2753,"[0.8539605289350027, 0.641408165044006, 0.2508493548383774, 0.6332747949533601]"
"[0.9163447457052667, 0.8525902760740026, 0.3884088351346903, 0.6674472768626761]",stable,0.2621780452433782,2754,"[0.7458420342017549, 0.7496270852234334, 0.44211053004445267, 0.5056422643591164]"
"[0.6624780464961074, 0.7895662278240477, 0.420982431714445, 0.4761521204612255]",stable,0.325169393449486,2755,"[0.7403494876270635, 0.5090313952409135, 0.397970809442765, 0.619127104428607]"
"[0.7522741094300918, 0.4960906443720411, 0.45106644714891275, 0.46469759907074365]",stable,0.5480424650896888,2756,"[0.8345936256583407, 0.8035522918067638, 0.31080988863801673, 0.8882179338138769]"
"[0.9163239063073642, 0.6770409367210238, 0.18871292444130486, 0.5722516014326972]",stable,0.15078840574527952,2757,"[1.0, 0.6159088787760985, 0.27303306137315164, 0.5023342169653333]"
"[0.9163447457052667, 0.8525902760740026, 0.3884088351346903, 0.6674472768626761]",stable,0.20700705975948414,2758,"[0.9781194920976326, 0.6798145267360078, 0.4682752837724634, 0.720416082032416]"
"[0.9163447457052667, 0.8525902760740026, 0.3884088351346903, 0.6674472768626761]",stable,0.37872924488795945,2759,"[0.6988671958601946, 0.5888986962427536, 0.22552007942044808, 0.676012335809005]"
"[0.9267931371329543, 0.7619790594380274, 0.5248000563716505, 0.8453366122618821]",stable,0.6866351969628001,2760,"[0.6326197852140184, 0.21026712992878852, 0.6394394652403547, 0.5857182664148525]"
"[0.6988616309394027, 0.3552969925468571, 0.49263601981117744, 0.7000424073979374]",stable,0.683807368292321,2761,"[0.27719244790206543, 0.4241721407711417, 0.9175712237006639, 0.37681817646842003]"
"[0.3860927616641908, 0.364380653299986, 0.9096070158702358, 0.35050534980611847]",stable,0.3489901604937697,2762,"[0.36766574473350633, 0.45359943479138287, 0.7773016737450641, 0.6603276902576021]"
"[0.34563824190733067, 0.26948105252125154, 0.7088355657477425, 0.4103194259113676]",stable,0.25072904515678957,2763,"[0.47761118709605804, 0.39500870638597346, 0.8398835136865589, 0.5222007884329799]"
"[0.36575707012694386, 0.5999314759377575, 0.8807635847479643, 0.4871649308703474]",stable,0.23597545854008753,2764,"[0.37624443610540687, 0.40193568059875323, 0.8677109963750359, 0.359878925540302]"
"[0.38597689901055815, 0.3648224771505597, 0.9091141215232336, 0.3506156271676971]",stable,0.41322620962645334,2765,"[0.4108986559137876, 0.09495212059014518, 0.8639355350364059, 0.6592637963314051]"
"[0.5294296351751073, 0.3837570832530926, 0.8214231861729746, 0.5860262831151444]",stable,0.36340526641495696,2766,"[0.31962100425944295, 0.34716514055191594, 0.6141936988545725, 0.3768357112278664]"
"[0.34529134540535883, 0.27051684036166035, 0.7075736741891668, 0.40987297638225423]",stable,0.25316571258011267,2767,"[0.41870427926327486, 0.17625337053252377, 0.8890795399415139, 0.27997517762557067]"
"[0.34529134540535883, 0.27051684036166035, 0.7075736741891668, 0.40987297638225423]",stable,0.4239796606260404,2768,"[0.41232260779662905, 0.5486156417292294, 1.0, 0.521288698511148]"
"[0.36646260857648455, 0.5991539632982343, 0.882570197100268, 0.4876819576527837]",stable,0.36724032330605705,2769,"[0.19674359318748605, 0.313209130729333, 0.7643709760150362, 0.5892959711514822]"
"[0.34529134540535883, 0.27051684036166035, 0.7075736741891668, 0.40987297638225423]",stable,0.31976233783716457,2770,"[0.22159479758359632, 0.08230133127971181, 0.9306218600544618, 0.4519627100389451]"
"[0.12449902080602132, 0.32638393308960567, 0.9494303302403742, 0.46063252282964245]",stable,0.5463780284073086,2771,"[0.5839047692846457, 0.15314738445966297, 0.7833821774017812, 0.2877382853642795]"
"[0.38597689901055815, 0.3648224771505597, 0.9091141215232336, 0.3506156271676971]",stable,0.16581604166913277,2772,"[0.2894492445491999, 0.38423174310933705, 0.7772374576840405, 0.3708442585745452]"
"[0.34455658092040936, 0.27201308908202454, 0.7084903029193625, 0.4093594406216265]",stable,0.28200911971058257,2773,"[0.24190201215439666, 0.23545997751077397, 0.6070082312812924, 0.6488514911826148]"
"[0.34455658092040936, 0.27201308908202454, 0.7084903029193625, 0.4093594406216265]",stable,0.42332562630227183,2774,"[0.41344177975421303, 0.6695756474284484, 0.6133100874052236, 0.49505748051500076]"
"[0.5384576681550964, 0.49580529058965145, 0.6162957480006973, 0.5599726900207233]",stable,0.24873375806772702,2775,"[0.5066464710865942, 0.28889062786022013, 0.6574865953064075, 0.6878248178456712]"
"[0.36646260857648455, 0.5991539632982343, 0.882570197100268, 0.4876819576527837]",stable,0.4479484703211716,2776,"[0.7177622744524566, 0.49733888684382727, 0.6239807329911938, 0.4910813806734]"
"[0.7517431581227435, 0.4961098481023763, 0.4537266669311017, 0.4651035034030922]",anomaly,0.507760361515866,2777,"[1.0, 0.46431516564495773, 0.8819411435846347, 0.5737800203680122]"
"[0.7517431581227435, 0.4961098481023763, 0.4537266669311017, 0.4651035034030922]",stable,0.13559143991237532,2778,"[0.7056295376862027, 0.4663477224747141, 0.45996371080538523, 0.5889335795137829]"
"[0.751044466904008, 0.4956589068049875, 0.45382116759586355, 0.4669797166774966]",stable,0.33171144954856624,2779,"[0.5936343692294972, 0.757583196596767, 0.5807218887356984, 0.4903553514918453]"
"[0.5291175370369086, 0.3824575427682587, 0.8191774794487752, 0.587420783590905]",stable,0.680423601342285,2780,"[0.9182889050185948, 0.44734171870721895, 0.2662578593612851, 0.547522650277485]"
"[0.9267931371329543, 0.7619790594380274, 0.5248000563716505, 0.8453366122618821]",stable,0.34002332645396355,2781,"[0.6744884779015723, 0.9152167448896462, 0.46439122252093046, 0.687770099280279]"
"[0.662678220352865, 0.7916604031084744, 0.4217059115612197, 0.47967908677487636]",stable,0.2726151915788995,2782,"[0.6040409068661045, 0.565914405844064, 0.2989715138935915, 0.5493620868173313]"
"[0.6085604436531953, 0.6198075464921805, 0.39869120876298897, 0.6504117267813067]",stable,0.34727718497403515,2783,"[0.9412173371086163, 0.6743467895205183, 0.37585059900079537, 0.7306900672952086]"
"[0.9267931371329543, 0.7619790594380274, 0.5248000563716505, 0.8453366122618821]",stable,0.27143299854032904,2784,"[0.9022377412651151, 0.7495872830465731, 0.282802372203756, 0.7255181246833445]"
"[0.9267931371329543, 0.7619790594380274, 0.5248000563716505, 0.8453366122618821]",stable,0.5653128624493909,2785,"[0.8019032861320163, 0.7240575108671901, 0.0, 0.6806307697608049]"
"[0.9267931371329543, 0.7619790594380274, 0.5248000563716505, 0.8453366122618821]",stable,0.4595721470055975,2786,"[0.9548122861455081, 0.5693170561207836, 0.20476834504363572, 0.5790988579628431]"
"[0.9162007966803671, 0.8515392251247432, 0.3873312181660073, 0.6680398365343156]",stable,0.13185200164280883,2787,"[0.9208438486649779, 0.7546175485681174, 0.3274045005407643, 0.7342090856882894]"
"[0.9267931371329543, 0.7619790594380274, 0.5248000563716505, 0.8453366122618821]",stable,0.07182376783613882,2788,"[0.9389861421882703, 0.6962747114577308, 0.49913624956808633, 0.8394806810179173]"
"[0.9162476961953632, 0.8505602182908379, 0.38672589778595434, 0.6687082127883962]",stable,0.2666407268594621,2789,"[0.780695048752685, 0.7015110554856562, 0.5107531052864741, 0.5457270928629349]"
"[0.6646129224577801, 0.7901825449507233, 0.4231657016222895, 0.4807618409730413]",stable,0.5204939139464162,2790,"[0.7295600232632309, 0.5329635738546132, 0.3476757203496669, 0.9221635312597274]"
"[0.9269301371897556, 0.7612408083371252, 0.5245116989918351, 0.8452708152816127]",stable,0.40097733187863677,2791,"[0.658000713485969, 0.5983297456114925, 0.29262267948311393, 0.7550086747145479]"
"[0.9269301371897556, 0.7612408083371252, 0.5245116989918351, 0.8452708152816127]",stable,0.48703730121639416,2792,"[0.5847887914445306, 0.7531398497717586, 0.7524874920375331, 0.5842994671161439]"
"[0.5291175370369086, 0.3824575427682587, 0.8191774794487752, 0.587420783590905]",stable,0.7115692054020493,2793,"[0.8681626543904939, 0.7727090264842879, 0.33572175200625065, 0.5142532939820996]"
"[0.9269301371897556, 0.7612408083371252, 0.5245116989918351, 0.8452708152816127]",stable,0.4449624524307931,2794,"[0.9209038388603399, 0.5681550965427953, 0.25478972991009097, 0.5487522912443878]"
"[0.9157668457773144, 0.8497817063727724, 0.3862158563281573, 0.6671636636003332]",stable,0.1400310738526439,2795,"[1.0, 0.7394620435114605, 0.387112541595282, 0.6856635369977399]"
"[0.9269301371897556, 0.7612408083371252, 0.5245116989918351, 0.8452708152816127]",stable,0.26867539722678796,2796,"[0.8751990362033604, 0.7211151675935082, 0.31575492822831597, 0.6893192013720113]"
"[0.9269301371897556, 0.7612408083371252, 0.5245116989918351, 0.8452708152816127]",stable,0.2567048900053229,2797,"[0.9784743254658372, 0.8142213926718938, 0.3552085896712726, 0.6670290915872406]"
"[0.9167995916446664, 0.8471162062238263, 0.38523943390592813, 0.6675570698057312]",stable,0.2679338264886356,2798,"[0.8374594514476351, 0.6113038627080175, 0.4732367025745343, 0.7138463437555895]"
"[0.9269301371897556, 0.7612408083371252, 0.5245116989918351, 0.8452708152816127]",stable,0.2894296304490975,2799,"[0.7173201263961971, 0.6175882633251812, 0.6220264596627277, 0.7468433185141169]"
"[0.9260443013448398, 0.562465539415096, 0.36633050550220064, 0.671936963965344]",stable,0.3380654480839428,2800,"[0.7600539804967303, 0.7668654425963342, 0.5782523671355368, 0.6652090583253802]"
"[0.9260443013448398, 0.562465539415096, 0.36633050550220064, 0.671936963965344]",anomaly,0.7339890392573933,2801,"[0.5676659151431908, 1.0, 0.7506090038592504, 0.9387673849345823]"
"[0.9260443013448398, 0.562465539415096, 0.36633050550220064, 0.671936963965344]",stable,0.5567114823813538,2802,"[0.7299242103856165, 0.8142766267363871, 0.8083518057257388, 0.7845110772780953]"
"[0.6677560892200609, 0.6680360390124467, 0.9116305482818156, 0.6278367821430068]",stable,0.32855331644305535,2803,"[0.5667838521500191, 0.6822661692322565, 0.6112628130076223, 0.7134441187852664]"
"[0.9260443013448398, 0.562465539415096, 0.36633050550220064, 0.671936963965344]",stable,0.6012496991136298,2804,"[0.7626107795106902, 0.9392272706456447, 0.7499127194678807, 0.4581474234483581]"
"[0.5291175370369086, 0.3824575427682587, 0.8191774794487752, 0.587420783590905]",stable,0.4199156382599078,2805,"[0.2739624814681364, 0.68706693192456, 0.9457451674576416, 0.6366018903580138]"
"[0.3599825818779451, 0.4691095857251738, 0.607781278704004, 0.31535992066301216]",stable,0.769746940991775,2806,"[0.40247642193093125, 0.765774719020389, 0.7920701475380214, 1.0]"
"[0.68850425765158, 0.7043997179150765, 0.7004853257751791, 0.48350757228885105]",stable,0.3843393879764837,2807,"[0.4375777254104436, 0.5069385286836513, 0.7396594344129668, 0.6938099938805249]"
"[0.36646260857648455, 0.5991539632982343, 0.882570197100268, 0.4876819576527837]",stable,0.33344315663113244,2808,"[0.6087441771296068, 0.631059249813037, 0.901831233881362, 0.713724089562077]"
"[0.6662429632690237, 0.6670879162124619, 0.911379283810009, 0.6300390207947778]",stable,0.4921143324178864,2809,"[0.2979528756750226, 0.48735604129221244, 1.0, 0.37239246182157926]"
"[0.3849533638554938, 0.36624728603592777, 0.9101709340636611, 0.3508688461753004]",anomaly,0.5469666000442315,2810,"[0.23627451162740537, 0.49506655362603147, 1.0, 0.8532664931389766]"
"[0.3849533638554938, 0.36624728603592777, 0.9101709340636611, 0.3508688461753004]",stable,0.6986814990345344,2811,"[0.8390240319579519, 0.6580061915057697, 0.725027353802217, 0.7540738327877496]"
"[0.9167995916446664, 0.8471162062238263, 0.38523943390592813, 0.6675570698057312]",stable,0.5259464912808101,2812,"[0.47615795070964556, 0.6712726684909245, 0.6113614792038543, 0.687620141169497]"
"[0.9260443013448398, 0.562465539415096, 0.36633050550220064, 0.671936963965344]",stable,0.6829566278803614,2813,"[0.5523089937359336, 0.5501646558559099, 0.9367597380687109, 0.7067342958951915]"
"[0.5259920197144166, 0.5458166714681078, 0.8819269611419484, 0.832265871054754]",stable,0.1965768028377154,2814,"[0.5616305869698194, 0.445631897143435, 0.7287133612723653, 0.770129442557472]"
"[0.5271799719562633, 0.5424771789906188, 0.8768198411462955, 0.8301946567715113]",anomaly,0.4284553688551425,2815,"[0.40794156681435856, 0.8960871069474172, 0.6744090395749317, 0.7723492412432521]"
"[0.5271799719562633, 0.5424771789906188, 0.8768198411462955, 0.8301946567715113]",stable,0.4205948887833758,2816,"[0.7432788306103256, 0.7574004413800772, 0.7089225403840838, 0.5939324476906952]"
"[0.5278805125554699, 0.3841397182536019, 0.8181029112726155, 0.5888584756218459]",stable,0.3133031099023698,2817,"[0.6941520677229537, 0.30956552252187447, 0.5749941760429708, 0.6653401126512095]"
"[0.6987592491303495, 0.35430283015500963, 0.49442641451186864, 0.699288009686052]",stable,0.37213224399197986,2818,"[0.7063637828723139, 0.7037441803932398, 0.6190387599202977, 0.6712329887349514]"
"[0.9260443013448398, 0.562465539415096, 0.36633050550220064, 0.671936963965344]",stable,0.44037898114376234,2819,"[0.5294809060250275, 0.5123586577149949, 0.51776509111719, 0.777899161052555]"
"[0.7522540137069317, 0.6728532470787282, 0.20307488534300192, 0.7622585890041574]",stable,0.48873156045703386,2820,"[1.0, 0.5334847578240735, 0.5704885567167262, 0.6103899525020859]"
"[0.9167995916446664, 0.8471162062238263, 0.38523943390592813, 0.6675570698057312]",stable,0.19131600263442022,2821,"[0.9232467615073463, 0.8543711070864558, 0.23023194551702675, 0.7792722962594839]"
"[0.9183357222769477, 0.6726323370587477, 0.19135502544135188, 0.5708774833672126]",stable,0.4475383841106127,2822,"[0.9324971215736105, 0.8272420788335275, 0.23645066695600903, 0.9881930365005893]"
"[0.9183357222769477, 0.6726323370587477, 0.19135502544135188, 0.5708774833672126]",stable,0.47547444476642453,2823,"[1.0, 0.8342043611503429, 0.5497661325708021, 0.8255200813100914]"
"[0.9167995916446664, 0.8471162062238263, 0.38523943390592813, 0.6675570698057312]",stable,0.3019017893540535,2824,"[0.9741434990597442, 0.8366811273220146, 0.33157467664691764, 0.9588774598476826]"
"[0.9183357222769477, 0.6726323370587477, 0.19135502544135188, 0.5708774833672126]",anomaly,0.3172829861391191,2825,"[0.7297318463224707, 0.4183196474984697, 0.18228985724996125, 0.5524397524172235]"
"[0.9183357222769477, 0.6726323370587477, 0.19135502544135188, 0.5708774833672126]",stable,0.2478120917229804,2826,"[0.8881020114372915, 0.7225676071023728, 0.33278696953055203, 0.7658139589940242]"
"[0.9165236533734417, 0.8459186235399663, 0.3847350832869341, 0.6685018475863879]",stable,0.31456436572591223,2827,"[0.920312144452247, 0.701627901199366, 0.20572033382869656, 0.8831417656881322]"
"[0.9183357222769477, 0.6726323370587477, 0.19135502544135188, 0.5708774833672126]",anomaly,0.43146886804419643,2828,"[1.0, 0.30556712926624274, 0.26873847868671646, 0.7677816840013789]"
"[0.9183357222769477, 0.6726323370587477, 0.19135502544135188, 0.5708774833672126]",stable,0.3017817064088583,2829,"[0.9080362802569004, 0.7816432294148683, 0.25745469767177676, 0.8442153301719877]"
"[0.9183357222769477, 0.6726323370587477, 0.19135502544135188, 0.5708774833672126]",stable,0.33906298254461414,2830,"[0.8089290304688657, 0.5279024191395769, 0.33808739865802195, 0.8168789943970731]"
"[0.9277420245543139, 0.7620515144794943, 0.5247923038093792, 0.8450513626819292]",stable,0.14674357379923159,2831,"[1.0, 0.7534352159603607, 0.41259965843261226, 0.7846275994835539]"
"[0.9165236533734417, 0.8459186235399663, 0.3847350832869341, 0.6685018475863879]",stable,0.34810408804435483,2832,"[1.0, 0.515961999120205, 0.3119446935440338, 0.6623098503586825]"
"[0.9285360682405303, 0.7619568298803829, 0.5235594175964478, 0.8443873652841448]",stable,0.3785509158880694,2833,"[0.7842454968581418, 0.7759138264186664, 0.23339118790757585, 0.6492242856386943]"
"[0.9285360682405303, 0.7619568298803829, 0.5235594175964478, 0.8443873652841448]",stable,0.2801501215420438,2834,"[0.8380096913578081, 0.5994410486539162, 0.3786105524194927, 0.6931672838638078]"
"[0.9285360682405303, 0.7619568298803829, 0.5235594175964478, 0.8443873652841448]",stable,0.28305715438206747,2835,"[1.0, 0.694581133365778, 0.2648428617808833, 0.7848851101129735]"
"[0.9183357222769477, 0.6726323370587477, 0.19135502544135188, 0.5708774833672126]",anomaly,0.34136965246049017,2836,"[1.0, 0.39879556536170413, 0.14230544421570826, 0.3906782979830986]"
"[0.9183357222769477, 0.6726323370587477, 0.19135502544135188, 0.5708774833672126]",stable,0.2480456140488952,2837,"[0.9947576530547964, 0.705174706629453, 0.4124999026923806, 0.6465230555669801]"
"[0.9172687390846926, 0.8445782052836757, 0.38499951013841455, 0.6682925257576315]",stable,0.2890190318971044,2838,"[0.6724447224104209, 0.69363060270828, 0.37453494821550426, 0.694721976730312]"
"[0.9258929152014864, 0.5623630874682567, 0.36587775534047084, 0.6720617296243956]",stable,0.12812572179878237,2839,"[1.0, 0.5298599119606029, 0.45896204533406715, 0.7067488901803075]"
"[0.9285360682405303, 0.7619568298803829, 0.5235594175964478, 0.8443873652841448]",stable,0.4761431679547179,2840,"[1.0, 0.5691949583603109, 0.14895520815766106, 0.6343402991150278]"
"[0.9172687390846926, 0.8445782052836757, 0.38499951013841455, 0.6682925257576315]",stable,0.4257467370877004,2841,"[0.7523405020840769, 0.46711259206382605, 0.4432049257478243, 0.7587955710709854]"
"[0.6998992757889394, 0.35670303785519725, 0.49333659560199533, 0.700554128013391]",stable,0.559650679756473,2842,"[1.0, 0.7314022602258828, 0.2512255338676591, 0.5452120370639152]"
"[0.9172687390846926, 0.8445782052836757, 0.38499951013841455, 0.6682925257576315]",stable,0.5962870817104614,2843,"[0.5540609471541946, 0.42516515244757624, 0.5362388572957535, 0.8259558844617886]"
"[0.7526694875140902, 0.6741916961610651, 0.20346860355812627, 0.7607906110383722]",stable,0.10424486067401527,2844,"[0.715215905679029, 0.6921866818462286, 0.12054714687327714, 0.8083766667282766]"
"[0.9285360682405303, 0.7619568298803829, 0.5235594175964478, 0.8443873652841448]",stable,0.3050001910578136,2845,"[1.0, 0.6133600891074945, 0.6643724326891238, 0.6298909167938133]"
"[0.9172687390846926, 0.8445782052836757, 0.38499951013841455, 0.6682925257576315]",stable,0.36959001121217067,2846,"[0.9403336231196606, 0.6866875803719487, 0.41824841401506446, 1.0]"
"[0.9285360682405303, 0.7619568298803829, 0.5235594175964478, 0.8443873652841448]",stable,0.5139243773177896,2847,"[0.4626965326897195, 0.6506164520029044, 0.5625777602134262, 0.6621987764186313]"
"[0.5384576681550964, 0.49580529058965145, 0.6162957480006973, 0.5599726900207233]",stable,0.27359485991402327,2848,"[0.7402474488013636, 0.38124166571070073, 0.6995373860479537, 0.67863623685761]"
"[0.7007398627266982, 0.3572142592688536, 0.4976324454029528, 0.7000975052809789]",stable,0.37621758992843357,2849,"[0.53947756224667, 0.19374402440048571, 0.7932203311684953, 0.6621576908878466]"
"[0.5278805125554699, 0.3841397182536019, 0.8181029112726155, 0.5888584756218459]",stable,0.3255510691675969,2850,"[0.44352930321301903, 0.5854526798458296, 0.7521009929797423, 0.35651129919127544]"
"[0.36761285775016417, 0.598949466530288, 0.8806228955462303, 0.48572418663097017]",stable,0.4443156736323004,2851,"[0.5566892836274715, 0.6213738336330412, 0.48843867082005993, 0.39996169687722277]"
"[0.3018443320981602, 0.7074053073017375, 0.27453879127589353, 0.45155753896042866]",stable,0.34431291681059367,2852,"[0.17685350540139855, 0.49579353686509126, 0.5068987466099204, 0.5160399993207164]"
"[0.4444346178868368, 0.5834280135974416, 0.35215627225791873, 0.3043873074710093]",anomaly,0.43274675917698,2853,"[0.44342627146010566, 0.5678948664982096, 0.02329298209190328, 0.5852367307177726]"
"[0.4444346178868368, 0.5834280135974416, 0.35215627225791873, 0.3043873074710093]",stable,0.4048795638210368,2854,"[0.4409307063324624, 0.40909135030320243, 0.6138790596982066, 0.5593835705213708]"
"[0.5375015214705607, 0.49495515392017647, 0.6162720549781239, 0.5599669143393571]",stable,0.4637912868667459,2855,"[0.6635681779981326, 0.84076167070309, 0.42804802675766795, 0.3497310372003564]"
"[0.664596071740689, 0.7909983373015678, 0.4232444488018924, 0.47864844091219155]",stable,0.2411416582977375,2856,"[0.7788128889350157, 0.8267073193136955, 0.4496214799935739, 0.6863331511480468]"
"[0.9159625518191297, 0.8444096120198079, 0.38560915136346324, 0.6684627203367864]",stable,0.3538915620480004,2857,"[1.0, 0.6278117245233561, 0.3918462679880859, 0.9353398428113562]"
"[0.9285360682405303, 0.7619568298803829, 0.5235594175964478, 0.8443873652841448]",stable,0.3913280272907859,2858,"[0.584754062746709, 0.7718959027454735, 0.34438847693101393, 0.8968330180457458]"
"[0.9266812884440239, 0.5620173090054092, 0.36686801374465805, 0.672430741970735]",stable,0.34455886161160726,2859,"[0.9531410416732665, 0.8379877820405632, 0.16238774198260328, 0.665444537922479]"
"[0.9208484692838108, 0.6719451454351892, 0.19162380530508444, 0.5714589813586666]",stable,0.3241599667945331,2860,"[0.7944866173855859, 0.631438205546216, 0.4417722185973631, 0.7292478453677289]"
"[0.9285360682405303, 0.7619568298803829, 0.5235594175964478, 0.8443873652841448]",stable,0.2702940745484276,2861,"[0.9184017614269374, 0.6931368270005356, 0.26474408727901105, 0.8092502829110617]"
"[0.9285360682405303, 0.7619568298803829, 0.5235594175964478, 0.8443873652841448]",stable,0.49783559384378395,2862,"[0.8026505954922046, 0.6204346988708044, 0.11858806335709782, 0.6253832216503354]"
"[0.9159625518191297, 0.8444096120198079, 0.38560915136346324, 0.6684627203367864]",stable,0.48439058049216244,2863,"[1.0, 0.4247870082831725, 0.21399514945292245, 0.8169128687177065]"
"[0.8841957102237927, 0.6281577422395584, 0.36065075728034723, 0.9192444126451658]",stable,0.1302417956905738,2864,"[0.9278519280075991, 0.7199072700911527, 0.34980551668812, 1.0]"
"[0.9285360682405303, 0.7619568298803829, 0.5235594175964478, 0.8443873652841448]",stable,0.24516240151489935,2865,"[0.859132909853239, 0.7393411965559626, 0.438394932557802, 0.6263888599226196]"
"[0.9154314336699158, 0.8434276642117347, 0.38610247642135426, 0.6680695066880559]",stable,0.29390509980599877,2866,"[0.7319287536298026, 0.8304916168140776, 0.1883844285427416, 0.5521074166289932]"
"[0.9154314336699158, 0.8434276642117347, 0.38610247642135426, 0.6680695066880559]",anomaly,0.39131001427418804,2867,"[0.5836336919984401, 0.9236332370049599, 0.19562567037501716, 0.6501966685175065]"
"[0.9154314336699158, 0.8434276642117347, 0.38610247642135426, 0.6680695066880559]",stable,0.1601493670713922,2868,"[1.0, 0.7600001292761672, 0.29753082621712246, 0.6073168396114942]"
"[0.9162144759507499, 0.8426551870364053, 0.3852823685490928, 0.6675069819929026]",stable,0.36410234117638174,2869,"[0.7419794925664754, 0.5295448576515079, 0.37622880161062616, 0.7314807263993047]"
"[0.9260679971992065, 0.5613109610451861, 0.3660558402088348, 0.6745276089514013]",anomaly,0.6526001323210512,2870,"[0.39367912318429055, 0.819686174989695, 0.09093787588711516, 0.675699810805039]"
"[0.9260679971992065, 0.5613109610451861, 0.3660558402088348, 0.6745276089514013]",anomaly,0.654550995596385,2871,"[0.5776513072622314, 0.7840987279085856, 0.5724075722586851, 0.21103285210335787]"
"[0.9260679971992065, 0.5613109610451861, 0.3660558402088348, 0.6745276089514013]",stable,0.5123731956103642,2872,"[0.5630625318832162, 0.44593421726572624, 0.4356998225199667, 0.3389814177147944]"
"[0.3018443320981602, 0.7074053073017375, 0.27453879127589353, 0.45155753896042866]",stable,0.35289859800644424,2873,"[0.4004886090340568, 0.4308511987128006, 0.42202099290515876, 0.580295848440829]"
"[0.3599825818779451, 0.4691095857251738, 0.607781278704004, 0.31535992066301216]",stable,0.22560753389451296,2874,"[0.42821620581247644, 0.6244442682662363, 0.6597305552380138, 0.4546988634686222]"
"[0.5375015214705607, 0.49495515392017647, 0.6162720549781239, 0.5599669143393571]",stable,0.44483343065493225,2875,"[0.43572056773665435, 0.6142864003601656, 0.7333884882280305, 0.16051577443467285]"
"[0.3426057563831569, 0.4212814556694182, 0.36271827107047944, 0.5106105327510999]",stable,0.2357043362099771,2876,"[0.41701925395279515, 0.6122515563612814, 0.47013200022866, 0.5554644837221354]"
"[0.5375015214705607, 0.49495515392017647, 0.6162720549781239, 0.5599669143393571]",stable,0.16425397617608337,2877,"[0.4460516429740254, 0.5852363739595886, 0.6858746580225203, 0.48499313645494135]"
"[0.5366136585725362, 0.4958316706195882, 0.6169478084057394, 0.5592390135831976]",stable,0.3028772042190845,2878,"[0.681022684801451, 0.66717634274774, 0.41331911183722103, 0.5667882682674742]"
"[0.9260679971992065, 0.5613109610451861, 0.3660558402088348, 0.6745276089514013]",stable,0.2930378046398036,2879,"[0.9480662709756801, 0.7798496635237857, 0.4755444821728946, 0.514401709426037]"
"[0.916506694253731, 0.8420789895729869, 0.3861104613346322, 0.6661023464647662]",stable,0.2077427885030879,2880,"[0.8308484936207631, 0.7756672255258209, 0.3513068218117363, 0.839877842756576]"
"[0.9285360682405303, 0.7619568298803829, 0.5235594175964478, 0.8443873652841448]",stable,0.5299762121237016,2881,"[0.9676720908592473, 0.4507349491835707, 0.27540037641725895, 0.49667888335260074]"
"[0.8840442883672424, 0.6318961642885875, 0.3603353014043967, 0.9192661160430758]",stable,0.26217472364074146,2882,"[0.9875358071852199, 0.4790277641837093, 0.181749126741761, 0.8666988094962421]"
"[0.9285360682405303, 0.7619568298803829, 0.5235594175964478, 0.8443873652841448]",stable,0.36141073728545553,2883,"[0.8100700357868471, 0.6234910925186009, 0.2509965809605033, 0.6923338883698535]"
"[0.9285360682405303, 0.7619568298803829, 0.5235594175964478, 0.8443873652841448]",stable,0.1782706772569475,2884,"[1.0, 0.7146714249953957, 0.538463753501856, 1.0]"
"[0.916506694253731, 0.8420789895729869, 0.3861104613346322, 0.6661023464647662]",stable,0.23956904610774632,2885,"[0.7688476862617939, 0.7626877309880281, 0.21564949154034377, 0.6812757128974146]"
"[0.929312850107481, 0.7614428580881549, 0.5237214212475935, 0.8460788069658389]",stable,0.24132687133908337,2886,"[0.8085429907568045, 0.7088829764684077, 0.32154964663791363, 0.8502420146257188]"
"[0.929312850107481, 0.7614428580881549, 0.5237214212475935, 0.8460788069658389]",stable,0.7640231649056176,2887,"[0.26876508283611683, 0.5827594718484288, 0.29990196239623346, 0.5903736232354314]"
"[0.14378617132135055, 0.45218937650133606, 0.3918815816791643, 0.2797474439473946]",stable,0.5223602076625914,2888,"[0.3900529956621045, 0.8730070060060502, 0.39110262872622187, 0.46716343501740987]"
"[0.14378617132135055, 0.45218937650133606, 0.3918815816791643, 0.2797474439473946]",stable,0.2613208532700182,2889,"[0.24455032600238907, 0.3930461737919636, 0.1581800816855703, 0.28431515225773774]"
"[0.12649012041571503, 0.7395320444902536, 0.3348564083782033, 0.26734651820470307]",stable,0.5209510535110538,2890,"[0.38484679210338124, 0.6540792828159068, 0.3458486880170938, 0.7114397805486796]"
"[0.9264969053812688, 0.5601710021600148, 0.3651212477986124, 0.6726941169349189]",stable,0.8427674413783732,2891,"[0.16150016072737755, 0.7062856586422219, 0.31383111332214303, 0.3547998417696194]"
"[0.12690200324291107, 0.7391409105391002, 0.33460905196577906, 0.26837538083487855]",stable,0.27279983890396614,2892,"[0.0, 0.6774870232395265, 0.5680790603870238, 0.2658880071996137]"
"[0.4456451068051672, 0.5820250156756893, 0.3530087574646743, 0.30474030859594586]",stable,0.5299866880713305,2893,"[0.0, 0.5661219394511845, 0.2812700530589461, 0.02745529499042476]"
"[0.12690200324291107, 0.7391409105391002, 0.33460905196577906, 0.26837538083487855]",stable,0.3530323500417151,2894,"[0.1504824568910055, 0.44590518952719277, 0.441087536062203, 0.43193254738187065]"
"[0.4456451068051672, 0.5820250156756893, 0.3530087574646743, 0.30474030859594586]",stable,0.3513644409544584,2895,"[0.21959445517602208, 0.47938750481555037, 0.2047401268772791, 0.5043399774670423]"
"[0.23460125553536068, 0.7118409194475566, 0.5494789170360689, 0.249084110210955]",stable,0.321636091424689,2896,"[0.0, 0.5253149671073118, 0.6630179999438974, 0.2760835910244314]"
"[0.5278805125554699, 0.3841397182536019, 0.8181029112726155, 0.5888584756218459]",stable,0.6614074311782483,2897,"[0.14265232483113094, 0.47461617040919796, 0.30417316461049765, 0.4594395415295798]"
"[0.23460125553536068, 0.7118409194475566, 0.5494789170360689, 0.249084110210955]",stable,0.4382580732233048,2898,"[0.2370781869857525, 0.3380671245788036, 0.6928192807780518, 0.4274396370323043]"
"[0.34316075762255666, 0.2728709336988658, 0.7082867831512936, 0.4095942483672197]",stable,0.5044633413748308,2899,"[0.08270937684170204, 0.6638840214750628, 0.8260435855893249, 0.5506277256259895]"
"[0.10423829244977792, 0.18972633616796786, 0.6765400645496256, 0.27073794626189934]",stable,0.6345038731893622,2900,"[0.3471823481137683, 0.7517852876885943, 0.5795366256500526, 0.4058431599548763]"
"[0.5366136585725362, 0.4958316706195882, 0.6169478084057394, 0.5592390135831976]",stable,0.4315256634922502,2901,"[0.4459270338078548, 0.2589573160558628, 0.9576859454671756, 0.4832232491449112]"
"[0.5278805125554699, 0.3841397182536019, 0.8181029112726155, 0.5888584756218459]",stable,0.41449730880537283,2902,"[0.12428160196482746, 0.36003093038894857, 0.8630081473157197, 0.6683457356108121]"
"[0.34316075762255666, 0.2728709336988658, 0.7082867831512936, 0.4095942483672197]",stable,0.23240022806032012,2903,"[0.24101352337395704, 0.21650202928426632, 0.580573583491989, 0.5647963546213903]"
"[0.3418511776962926, 0.27214825543714016, 0.7066494344377128, 0.41158401896022195]",stable,0.4603355785190548,2904,"[0.6394211747119389, 0.3453552633987701, 0.8686625771756852, 0.7144922844335371]"
"[0.36761285775016417, 0.598949466530288, 0.8806228955462303, 0.48572418663097017]",anomaly,0.5631598634573229,2905,"[0.7763635220134455, 0.9534403823922244, 0.7847330138574197, 0.6090661804314119]"
"[0.36761285775016417, 0.598949466530288, 0.8806228955462303, 0.48572418663097017]",stable,0.48854665209683573,2906,"[0.6653732712005113, 0.5505207605028203, 0.5269046670454411, 0.6359062185644662]"
"[0.9264969053812688, 0.5601710021600148, 0.3651212477986124, 0.6726941169349189]",stable,0.45752076440873046,2907,"[0.6069945560885298, 0.6198250607834009, 0.6855056108066028, 0.7049237910147395]"
"[0.9264969053812688, 0.5601710021600148, 0.3651212477986124, 0.6726941169349189]",stable,0.2947254171554075,2908,"[0.7265119690909836, 0.72827609594419, 0.3222420234638099, 0.5431906562141378]"
"[0.6655788637621223, 0.790002746168911, 0.4216412357012879, 0.4796729205201589]",stable,0.5556371176351396,2909,"[0.9422567740492289, 0.7997106955425823, 0.4960574822251965, 0.9556455231196119]"
"[0.916506694253731, 0.8420789895729869, 0.3861104613346322, 0.6661023464647662]",stable,0.313609415952468,2910,"[0.8106471773554448, 0.6018776793204177, 0.34165655500058345, 0.8318485657902825]"
"[0.9294520320853492, 0.7618543402113208, 0.5234239595376752, 0.8472569436986752]",stable,0.13020261618076856,2911,"[0.9290625225271041, 0.6347003282252556, 0.5078650846305776, 0.8705453139742748]"
"[0.916506694253731, 0.8420789895729869, 0.3861104613346322, 0.6661023464647662]",stable,0.19208119995906767,2912,"[0.9854000755987838, 0.8464035965719474, 0.46349524739781867, 0.8277865511503812]"
"[0.916506694253731, 0.8420789895729869, 0.3861104613346322, 0.6661023464647662]",stable,0.2822499877303305,2913,"[0.7218012839534828, 0.6517154603274703, 0.31815957150449214, 0.6361146476856465]"
"[0.9264969053812688, 0.5601710021600148, 0.3651212477986124, 0.6726941169349189]",stable,0.42556837585576474,2914,"[0.7945813368367529, 0.9628115197573538, 0.3371797793964906, 0.7010950541830229]"
"[0.9153982819135766, 0.8431765580292083, 0.38566563695337647, 0.6664204619894777]",stable,0.46699599598535413,2915,"[0.9357418149544482, 0.4838015835899433, 0.6773148429671587, 0.7252572643165576]"
"[0.9153982819135766, 0.8431765580292083, 0.38566563695337647, 0.6664204619894777]",anomaly,0.38407272540240983,2916,"[1.0, 0.8920984389633508, 0.5819291358769207, 0.35107668727525604]"
"[0.9153982819135766, 0.8431765580292083, 0.38566563695337647, 0.6664204619894777]",stable,0.1242605930180628,2917,"[1.0, 0.7618078559925108, 0.39401717527133656, 0.7063282358012648]"
"[0.9161604595539949, 0.8424435066595084, 0.38574087603732204, 0.6667799914832776]",stable,0.1605308630366384,2918,"[1.0, 0.8720768047755472, 0.5180592657627002, 0.6856161489560625]"
"[0.9169090268794057, 0.8427080896784016, 0.38692229023129865, 0.6669481714607131]",stable,0.23810307794106642,2919,"[1.0, 0.66064589851223, 0.25936849792044325, 0.6862446614465568]"
"[0.9169090268794057, 0.8427080896784016, 0.38692229023129865, 0.6669481714607131]",stable,0.11359079055502037,2920,"[1.0, 0.7798105164336485, 0.34181028388465085, 0.6696977256224103]"
"[0.9176443452256056, 0.8421514739859701, 0.38652306893619554, 0.6669725037984272]",stable,0.12794922688513607,2921,"[0.9943967074075165, 0.8224674173449327, 0.46604701732390125, 0.7283610948148591]"
"[0.9183176115605347, 0.8419788068224523, 0.3872206474308245, 0.6675110002108521]",stable,0.14026441695368896,2922,"[0.9480953550990108, 0.8998222305393748, 0.26381499952550724, 0.6820910225321134]"
"[0.9185765484608692, 0.8424817931156429, 0.3861475548403435, 0.6676377830136457]",stable,0.4002564765335704,2923,"[0.8076615834276788, 0.6321351424424233, 0.4382674627658524, 0.34992577617860376]"
"[0.7518894984939135, 0.4976958655458447, 0.45358902274765445, 0.46523264293870714]",stable,0.41757870688259235,2924,"[0.4647701476088253, 0.4258580841203369, 0.425999708192715, 0.7585117210730212]"
"[0.7531210520789078, 0.674889076371936, 0.20317844616687308, 0.7595357914743777]",stable,0.41868850039209154,2925,"[0.5842519188275794, 0.5362405211046056, 0.48637629927860654, 0.5419149507657942]"
"[0.5370717187672962, 0.4962202172588672, 0.6156923131256709, 0.5590724360561071]",stable,0.25884131732571175,2926,"[0.6705395669100621, 0.3699759908191831, 0.5338787743385691, 0.7220267278953421]"
"[0.7001235301590119, 0.3574747027698807, 0.49837216640163884, 0.7005450404363741]",stable,0.5837205136273105,2927,"[0.5051293334389684, 0.5098676165457486, 1.0, 0.8674366749335887]"
"[0.5264686610363506, 0.5414252576214293, 0.8807933946577053, 0.8313960121960945]",stable,0.4189440960779696,2928,"[0.7643048990018786, 0.7210465570593392, 1.0, 0.5621859574433143]"
"[0.6686945116623451, 0.6684368822336337, 0.9135948017147587, 0.6283426942109912]",stable,0.3184242743371805,2929,"[0.7228797629620856, 0.8430075984187857, 0.6570547461474509, 0.5817568383224312]"
"[0.5293677213842228, 0.38362259218887074, 0.8187770401513231, 0.5905335930726685]",stable,0.27443435085762247,2930,"[0.6138938035190051, 0.5523134544635271, 1.0, 0.6734262114310389]"
"[0.6673579090247026, 0.6656046035075335, 0.9157022455753744, 0.629442292191968]",stable,0.2427089574886801,2931,"[0.6091932403653411, 0.6530608559884897, 0.689242804593971, 0.5655417025737385]"
"[0.5293677213842228, 0.38362259218887074, 0.8187770401513231, 0.5905335930726685]",stable,0.16031371683438633,2932,"[0.3731441523443245, 0.37232139125949143, 0.830330340964647, 0.5583856789947291]"
"[0.36761285775016417, 0.598949466530288, 0.8806228955462303, 0.48572418663097017]",stable,0.5804087324147053,2933,"[0.6743657752574259, 1.0, 0.5946790867307535, 0.4988219752911028]"
"[0.6657161592542364, 0.7932839532600218, 0.42434495212362333, 0.47997212450095494]",stable,0.22437818171344334,2934,"[0.47878929617150795, 0.7553626649237076, 0.5253162163520299, 0.5413781175155893]"
"[0.5370717187672962, 0.4962202172588672, 0.6156923131256709, 0.5590724360561071]",stable,0.5006974867128356,2935,"[0.36496928518401583, 0.9544305303268428, 0.5157511096199706, 0.592744240213931]"
"[0.5370717187672962, 0.4962202172588672, 0.6156923131256709, 0.5590724360561071]",stable,0.4140702620311439,2936,"[0.2571442111176956, 0.716019222145178, 0.7389973820601906, 0.38708688496048793]"
"[0.3553424659897086, 0.709730201580329, 0.5866928384680009, 0.5102439492054659]",stable,0.297990104088499,2937,"[0.18765729813532747, 0.48508349114154137, 0.5803029428647651, 0.4093835935669208]"
"[0.4456451068051672, 0.5820250156756893, 0.3530087574646743, 0.30474030859594586]",stable,0.4491469158274448,2938,"[0.12336019037667127, 0.7532366587326607, 0.5762758898447511, 0.1679786709906119]"
"[0.4456451068051672, 0.5820250156756893, 0.3530087574646743, 0.30474030859594586]",stable,0.3585077735821762,2939,"[0.44257184499597, 0.5022897693287105, 0.014566807883910793, 0.2174607804426636]"
"[0.12690200324291107, 0.7391409105391002, 0.33460905196577906, 0.26837538083487855]",stable,0.5399435670650468,2940,"[0.5881252562444438, 0.8189787968395013, 0.49992369164397593, 0.4807645244481125]"
"[0.6645224530540859, 0.79367925854586, 0.42550770196239796, 0.47998431526937274]",stable,0.4122341422140769,2941,"[0.7765116207324003, 0.755898589260926, 0.4043848468378442, 0.8743469153590158]"
"[0.9300368587585618, 0.761405869099474, 0.5226293533582336, 0.8472971329379101]",anomaly,0.5642228056740485,2942,"[0.619667410209211, 0.37566009209084017, 0.2562153065946179, 0.8946461673198947]"
"[0.9300368587585618, 0.761405869099474, 0.5226293533582336, 0.8472971329379101]",anomaly,0.28696986002067026,2943,"[0.7813234184070542, 0.9897804827145383, 0.6035235626459483, 0.8080902970672719]"
"[0.9300368587585618, 0.761405869099474, 0.5226293533582336, 0.8472971329379101]",stable,0.5313884641687447,2944,"[0.7528913293724293, 0.3932399660368133, 0.34138820519282803, 0.5598972802868254]"
"[0.7519042313009505, 0.4961597493765943, 0.45193901072478937, 0.4666247699585324]",stable,0.4930926822687322,2945,"[0.8317447751592413, 0.4560798209326564, 0.141455927232031, 0.8391294478676063]"
"[0.9300368587585618, 0.761405869099474, 0.5226293533582336, 0.8472971329379101]",stable,0.4644098589006259,2946,"[0.9211667462696649, 0.8993887528844852, 0.1858780742259137, 0.5589273392117777]"
"[0.9185765484608692, 0.8424817931156429, 0.3861475548403435, 0.6676377830136457]",stable,0.43949815699693456,2947,"[0.6235937091602239, 0.5461534978193964, 0.314242670615694, 0.7823678294413018]"
"[0.9264969053812688, 0.5601710021600148, 0.3651212477986124, 0.6726941169349189]",stable,0.2800474275801014,2948,"[0.8346890854265642, 0.6313473455174039, 0.5901908916958302, 0.7921741128825557]"
"[0.9185765484608692, 0.8424817931156429, 0.3861475548403435, 0.6676377830136457]",stable,0.3129912496144114,2949,"[1.0, 0.8096538129305323, 0.5964469775198886, 0.4530912369863055]"
"[0.9185765484608692, 0.8424817931156429, 0.3861475548403435, 0.6676377830136457]",stable,0.3529995658790283,2950,"[0.9450028559762008, 0.6549339056399365, 0.45515563936298453, 0.9574204911861718]"
"[0.9290436527863535, 0.7600510928121608, 0.5233331193825835, 0.8467229348123334]",stable,0.3353878852070689,2951,"[0.6916498972002715, 0.5799851315156309, 0.45250613500545406, 0.7100151215067141]"
"[0.9264969053812688, 0.5601710021600148, 0.3651212477986124, 0.6726941169349189]",stable,0.5194235252262267,2952,"[0.7865837045315286, 0.77724895229237, 0.7719792999283598, 0.4788674320591175]"
"[0.527312148107382, 0.3834738921766421, 0.8189290572672879, 0.590110594203222]",stable,0.2555489780047869,2953,"[0.4568902522604923, 0.5583198677560688, 0.691126904660839, 0.7060482125911177]"
"[0.5363080857529458, 0.4968116425016977, 0.6164107378069581, 0.5604722053564406]",stable,0.27356583675741464,2954,"[0.6312901107790305, 0.5450107547324523, 0.8398067502058594, 0.4439057042201119]"
"[0.527312148107382, 0.3834738921766421, 0.8189290572672879, 0.590110594203222]",stable,0.3694226753868557,2955,"[0.5084225270277328, 0.39879085020221217, 1.0, 0.9111946950244543]"
"[0.5259047193485813, 0.5369679323895787, 0.8845186010746521, 0.8338897210344808]",anomaly,0.4216640663260263,2956,"[0.9196669421796433, 0.5902007056922924, 1.0, 0.7527588696246307]"
"[0.5259047193485813, 0.5369679323895787, 0.8845186010746521, 0.8338897210344808]",anomaly,0.33564109959071303,2957,"[0.7758556936422132, 0.36746171515315995, 0.9783419673433448, 0.7214429494296994]"
"[0.5259047193485813, 0.5369679323895787, 0.8845186010746521, 0.8338897210344808]",stable,0.43488151418808324,2958,"[0.4098634478038456, 0.5971287708389792, 0.7534449468216764, 0.4403713283783846]"
"[0.36823418995683593, 0.5989226915936511, 0.8787526315943985, 0.485057232833138]",stable,0.3798927822194416,2959,"[0.48932626781980393, 0.4900470668584361, 0.5413805849836343, 0.4219586182252246]"
"[0.5358648610554633, 0.4967478257503462, 0.6157029061765493, 0.5591654734023725]",stable,0.3274751667414106,2960,"[0.21588391527075623, 0.45018878636683435, 0.56460673812575, 0.5677454867618089]"
"[0.3418511776962926, 0.27214825543714016, 0.7066494344377128, 0.41158401896022195]",stable,0.2618814791663107,2961,"[0.3043299118521119, 0.4368643998775154, 0.757299355815826, 0.6051744137758572]"
"[0.3418511776962926, 0.27214825543714016, 0.7066494344377128, 0.41158401896022195]",stable,0.1944109843611579,2962,"[0.48888783902542665, 0.3478738499713491, 0.8075055448821119, 0.39516663841630884]"
"[0.386148012995378, 0.3660360971156453, 0.9089908721190456, 0.35137801620105913]",stable,0.30591636619622226,2963,"[0.4030668196653245, 0.477910015219221, 0.6290207859644029, 0.4003632629012902]"
"[0.3426057563831569, 0.4212814556694182, 0.36271827107047944, 0.5106105327510999]",stable,0.7050589784494783,2964,"[0.7075822585951644, 0.3950918168008911, 0.9652211394776828, 0.49630276205337137]"
"[0.527312148107382, 0.3834738921766421, 0.8189290572672879, 0.590110594203222]",stable,0.2030119853583337,2965,"[0.4700163933846514, 0.37649983780854246, 1.0, 0.5187261494449787]"
"[0.36823418995683593, 0.5989226915936511, 0.8787526315943985, 0.485057232833138]",stable,0.3823790665496545,2966,"[0.48757727934232425, 0.5803260977908247, 0.5420535103213343, 0.6201825301841207]"
"[0.5354135752450601, 0.49752893109651886, 0.615014594065753, 0.5597357262694918]",stable,0.14200711677332084,2967,"[0.46030929483549277, 0.5122620900605496, 0.6830175895081599, 0.461328943392328]"
"[0.5347181652412677, 0.4976653492350747, 0.6156442514309604, 0.5588245523539624]",stable,0.3140072690215478,2968,"[0.8071007871195421, 0.5350349830022411, 0.4639665097796483, 0.5564485353604711]"
"[0.7527041813852781, 0.49672315855957466, 0.45211332230529455, 0.4679265636600098]",stable,0.30006122842550154,2969,"[0.7285484431182004, 0.5785360552225375, 0.36045011246738, 0.7406127331201041]"
"[0.9264969053812688, 0.5601710021600148, 0.3651212477986124, 0.6726941169349189]",stable,0.3519706010729572,2970,"[0.8782327719816942, 0.22615049461837478, 0.4183189058271727, 0.7572765451854035]"
"[0.7036857149954655, 0.3548482186068505, 0.49677110119014956, 0.7016796705313547]",stable,0.4061547655110308,2971,"[0.8392911790832058, 0.7332518747805983, 0.450618723805832, 0.6662751127317637]"
"[0.9178930538972687, 0.8415401558886166, 0.3867033407797012, 0.6676260358560433]",stable,0.38870530680039306,2972,"[1.0, 0.5161330362875911, 0.5423681806344071, 0.7869111107080276]"
"[0.9264969053812688, 0.5601710021600148, 0.3651212477986124, 0.6726941169349189]",stable,0.3394063908934208,2973,"[0.8066779814259658, 0.7288277954467641, 0.5936721493261139, 0.5307099800368559]"
"[0.5265680473966973, 0.3833833200419914, 0.8212806279521283, 0.589183523492076]",stable,0.5408471310331647,2974,"[0.7734115745325827, 0.7582860027942334, 0.5197671061709784, 0.6002047260680434]"
"[0.6661722882280025, 0.7931429970950777, 0.4269358747534371, 0.4818058366451102]",stable,0.4690681277759339,2975,"[0.7665363630834587, 0.9076279774565632, 0.24817534260353422, 0.8878721149676791]"
"[0.9175492260701358, 0.676628919135781, 0.1914169044764737, 0.573441977206536]",anomaly,0.7014004133328398,2976,"[1.0, 0.6516477200857567, 0.7414974463850187, 1.0]"
"[0.9175492260701358, 0.676628919135781, 0.1914169044764737, 0.573441977206536]",stable,0.43098045932273654,2977,"[0.8796986786934358, 0.6885442305789643, 0.5288843244587166, 0.8385556475162007]"
"[0.9178930538972687, 0.8415401558886166, 0.3867033407797012, 0.6676260358560433]",stable,0.3101169866546238,2978,"[0.8989190688023537, 0.5932357534634747, 0.5560977161495627, 0.7415381636207724]"
"[0.9178930538972687, 0.8415401558886166, 0.3867033407797012, 0.6676260358560433]",stable,0.43991237279336953,2979,"[1.0, 0.43896815556311314, 0.3018349795964356, 0.7999683607652169]"
"[0.882711230543617, 0.6324923975267102, 0.3589268855719199, 0.9161389597567287]",stable,0.256946320690735,2980,"[1.0, 0.8503277636892368, 0.38273626641745706, 0.8509805151121275]"
"[0.9178930538972687, 0.8415401558886166, 0.3867033407797012, 0.6676260358560433]",stable,0.26973279145051143,2981,"[1.0, 0.7464053475698327, 0.24789181197584131, 0.47347414711258634]"
"[0.9178930538972687, 0.8415401558886166, 0.3867033407797012, 0.6676260358560433]",stable,0.2317734869391328,2982,"[1.0, 1.0, 0.523617458000181, 0.7235044839334581]"
"[0.9185948226673775, 0.8428945135305942, 0.38787354690979076, 0.6681036294293545]",stable,0.4639849111426485,2983,"[0.9623582700174211, 0.49906930157965046, 0.6675605451505136, 0.7982042254544071]"
"[0.9272469369590111, 0.5589342384192301, 0.3644754695516514, 0.6739928337086974]",stable,0.3702242807056376,2984,"[1.0, 0.42323576134066765, 0.7011413055370845, 0.6778720141567985]"
"[0.9185948226673775, 0.8428945135305942, 0.38787354690979076, 0.6681036294293545]",stable,0.33227858871064053,2985,"[1.0, 0.6197407906498561, 0.21408270924766357, 0.822315880330968]"
"[0.929264177001871, 0.7602426214717922, 0.5219551025673899, 0.846683039842983]",stable,0.2087032093897879,2986,"[1.0, 0.9477104347665721, 0.5796114649637425, 0.8559045260609964]"
"[0.9185948226673775, 0.8428945135305942, 0.38787354690979076, 0.6681036294293545]",stable,0.13401326302815494,2987,"[1.0, 0.8746545435314423, 0.4761700057034647, 0.6178265210226453]"
"[0.9192846970515522, 0.8431636663272116, 0.38862182198431344, 0.6676775522394672]",stable,0.3371629651347721,2988,"[1.0, 0.8977477264263648, 0.2265381906930288, 0.9468072385484207]"
"[0.918727094269134, 0.6776257252562675, 0.1922236888693218, 0.572013865348051]",stable,0.4306029165185576,2989,"[1.0, 0.766079599620346, 0.6052850934148053, 0.5912433919476832]"
"[0.9192846970515522, 0.8431636663272116, 0.38862182198431344, 0.6676775522394672]",stable,0.3512753316113713,2990,"[1.0, 0.6112723162922744, 0.5623368822605781, 0.8491407112575091]"
"[0.928705787723712, 0.629876234361141, 0.6179764345734979, 0.617950671196192]",stable,0.6101494395836151,2991,"[1.0, 0.7158714210538237, 0.1061139927728475, 0.9306824132046896]"
"[0.918727094269134, 0.6776257252562675, 0.1922236888693218, 0.572013865348051]",stable,0.18587131140220575,2992,"[1.0, 0.7294105926023462, 0.31748841576088815, 0.6698399094629381]"
"[0.9199629769082619, 0.8422077581446498, 0.3880240622681502, 0.667695723308572]",stable,0.2337143266849226,2993,"[1.0, 0.7314695219301165, 0.2933188089506408, 0.8319650736651126]"
"[0.9299786802644784, 0.7621362357474971, 0.5225374900663429, 0.8467761861684174]",stable,0.24855179089720877,2994,"[1.0, 0.9382923404257133, 0.4738908334473366, 1.0]"
"[0.9199629769082619, 0.8422077581446498, 0.3880240622681502, 0.667695723308572]",stable,0.2564890211787081,2995,"[1.0, 0.9491713159417593, 0.5023527245684059, 0.8544266720017194]"
"[0.9199629769082619, 0.8422077581446498, 0.3880240622681502, 0.667695723308572]",stable,0.4197997245015825,2996,"[1.0, 0.5398660166226806, 0.4523523219565418, 0.9402342159387742]"
"[0.928705787723712, 0.629876234361141, 0.6179764345734979, 0.617950671196192]",stable,0.36916657637008393,2997,"[1.0, 0.5125382842399329, 0.4771855260522315, 0.9303779778513911]"
"[0.928705787723712, 0.629876234361141, 0.6179764345734979, 0.617950671196192]",stable,0.34790641562122837,2998,"[0.9092292233698884, 0.8010473615270974, 0.34146066347358545, 0.4958891660885658]"
"[0.9198735289621088, 0.8418647548395035, 0.3876360339448622, 0.6662640019984052]",stable,0.3103698403210477,2999,"[1.0, 0.9887636354499458, 0.5072506689705907, 0.8986908601344378]"
"[0.9198735289621088, 0.8418647548395035, 0.3876360339448622, 0.6662640019984052]",stable,0.25340191353757896,3000,"[1.0, 0.9093278494530692, 0.2756653830916509, 0.8680152910554766]"
"[0.918727094269134, 0.6776257252562675, 0.1922236888693218, 0.572013865348051]",stable,0.31595780607956886,3001,"[0.932570728861761, 0.8239201702946768, 0.4598580683260969, 0.6533001697761098]"
"[0.9199784644984697, 0.8417164524878933, 0.38823291026206247, 0.6661568628891301]",stable,0.18129377279449416,3002,"[1.0, 1.0, 0.4122246395574387, 0.6372656631487416]"
"[0.920634378723892, 0.8430138586150417, 0.388429563780877, 0.6659200497765039]",stable,0.4439142465161308,3003,"[0.7491621781566711, 0.434002641856522, 0.38950725934958463, 0.6467939986787136]"
"[0.7045774103515676, 0.35640026612154996, 0.49466788860504046, 0.7006034808871852]",stable,0.6479981133656896,3004,"[0.8672875287426242, 0.9234084765248252, 0.2325840068704468, 0.7575306323077872]"
"[0.918727094269134, 0.6776257252562675, 0.1922236888693218, 0.572013865348051]",anomaly,0.3881762239149153,3005,"[0.9941295915081935, 0.8568934867007882, 0.4656096110474405, 0.376774393200521]"
"[0.918727094269134, 0.6776257252562675, 0.1922236888693218, 0.572013865348051]",stable,0.38630278673370416,3006,"[0.7922783387864495, 0.6977219501083414, 0.4732500970553505, 0.8040932804711086]"
"[0.920634378723892, 0.8430138586150417, 0.388429563780877, 0.6659200497765039]",stable,0.6789414604739205,3007,"[0.9185524763839417, 0.34704595697118146, 0.7099316630442559, 1.0]"
"[0.928705787723712, 0.629876234361141, 0.6179764345734979, 0.617950671196192]",stable,0.29969441227066695,3008,"[0.7742925485161664, 0.46003377237277876, 0.43138080266356105, 0.5698996507954054]"
"[0.753012586630005, 0.4961990244711919, 0.4518171434532698, 0.4693833220476583]",stable,0.1952188198666589,3009,"[0.6704033912057548, 0.5376016669378343, 0.2807924893421026, 0.4514251109890908]"
"[0.7518490768352972, 0.4967821602805812, 0.44940834550804204, 0.46913038949753766]",stable,0.5466159818447212,3010,"[0.7723012367541349, 0.6708998001381318, 0.09624884065331463, 0.8477227195623751]"
"[0.930681239659901, 0.767237248358524, 0.5212422897146566, 0.8484277013910737]",stable,0.19408646420094922,3011,"[0.9533248836408472, 0.7814041508243086, 0.5945759377674863, 0.67072487105042]"
"[0.920634378723892, 0.8430138586150417, 0.388429563780877, 0.6659200497765039]",stable,0.6468894988113344,3012,"[0.6192514220492282, 0.6198304305196024, 0.9048109106103175, 0.77162624244561]"
"[0.5287334073092069, 0.5394789171813976, 0.8851335195454298, 0.8320029489560301]",stable,0.7036799115006541,3013,"[0.8834279948994054, 0.8467302726421032, 0.5934933774138214, 0.3962280076746368]"
"[0.5265680473966973, 0.3833833200419914, 0.8212806279521283, 0.589183523492076]",stable,0.7246352335812319,3014,"[0.927297450578614, 0.670741766182332, 0.3553925484341937, 0.8439100198910394]"
"[0.930681239659901, 0.767237248358524, 0.5212422897146566, 0.8484277013910737]",stable,0.504348495913211,3015,"[1.0, 0.6845730568018299, 0.09758860340150366, 0.5969391324612219]"
"[0.920634378723892, 0.8430138586150417, 0.388429563780877, 0.6659200497765039]",stable,0.3788855612743648,3016,"[0.9221321783282221, 0.5552877264565386, 0.462413973946355, 0.9010625705253246]"
"[0.929073236916505, 0.6321378450546211, 0.6176271734271396, 0.6187383458208818]",stable,0.4896572463571827,3017,"[0.57740690884295, 0.34354248880399596, 0.45968438889218316, 0.530071498728631]"
"[0.7021318237840942, 0.35615300117313553, 0.4939951289951778, 0.6973240196918284]",stable,0.2596832903559652,3018,"[0.5409163627643445, 0.42798782158054954, 0.35501038766554016, 0.5670627949437923]"
"[0.36128832059933064, 0.4708016433529655, 0.6093949788884481, 0.31459243930048403]",stable,0.3544740774387972,3019,"[0.6022230874059592, 0.41375987136275033, 0.48531154433691887, 0.5358430827753327]"
"[0.5353374764537878, 0.49689557420872316, 0.6144485385218408, 0.5586137131835163]",stable,0.42357972286711637,3020,"[0.6673038604512914, 0.8479513688433562, 0.4463670429309037, 0.45608032831709]"
"[0.6661891773656634, 0.7939610324943057, 0.4272258921889216, 0.48142187383424423]",stable,0.7872568531846544,3021,"[0.37617392954099527, 0.29002561317654046, 0.9450634915120795, 0.597859938055777]"
"[0.5265680473966973, 0.3833833200419914, 0.8212806279521283, 0.589183523492076]",stable,0.1928329156217802,3022,"[0.6740573670084082, 0.49742757868282367, 0.8441586565730775, 0.6327947241766841]"
"[0.6675174199290765, 0.6616003886307548, 0.9139988267896054, 0.6295221120011278]",stable,0.3382380254198997,3023,"[0.5731892620724163, 0.5160432168163046, 0.6341879811357405, 0.7071504628992974]"
"[0.5356815835957753, 0.49706964368697387, 0.614627988000149, 0.5599640472718416]",stable,0.42609843707711204,3024,"[0.777263219928285, 0.6709664235598738, 0.8750249142629083, 0.7185564235363012]"
"[0.670069647836035, 0.6618182033965483, 0.913092456730845, 0.6315926773856667]",stable,0.37078598071887175,3025,"[0.6958432070336953, 0.7429943128466223, 0.6423314650088077, 0.3930200642042946]"
"[0.5265680473966973, 0.3833833200419914, 0.8212806279521283, 0.589183523492076]",stable,0.3523970786769694,3026,"[0.5858968172027488, 0.6022564134694202, 0.5559942606878261, 0.6379842453164558]"
"[0.53613397308773, 0.4980172722435725, 0.6140997562225604, 0.5606669319389102]",stable,0.46399926601058666,3027,"[0.8532906520906435, 0.24229424509313507, 0.5777725583557838, 0.7797400428000352]"
"[0.7049838771483687, 0.3540047227565317, 0.4955758352095288, 0.6988790389957569]",stable,0.5482340613176293,3028,"[0.820032920912155, 0.8008887414300316, 0.6419499712001082, 0.4415978898901628]"
"[0.53613397308773, 0.4980172722435725, 0.6140997562225604, 0.5606669319389102]",stable,0.3889489106968003,3029,"[0.84429640225081, 0.6435670374233777, 0.6446261419737883, 0.7456009147911918]"
"[0.920634378723892, 0.8430138586150417, 0.388429563780877, 0.6659200497765039]",stable,0.39866292082278204,3030,"[0.6713149264001239, 0.6770215630535583, 0.6512689458057164, 0.6774938219773825]"
"[0.9272469369590111, 0.5589342384192301, 0.3644754695516514, 0.6739928337086974]",stable,0.35406102620851126,3031,"[1.0, 0.7111968452347984, 0.6055756015994731, 0.47713494844567694]"
"[0.920634378723892, 0.8430138586150417, 0.388429563780877, 0.6659200497765039]",stable,0.20285690202754794,3032,"[0.8826304060559887, 0.7335699729785771, 0.33476920645165875, 0.5082836875063586]"
"[0.920634378723892, 0.8430138586150417, 0.388429563780877, 0.6659200497765039]",stable,0.36136073207932484,3033,"[1.0, 0.745160645318578, 0.4440893549643345, 1.0]"
"[0.920634378723892, 0.8430138586150417, 0.388429563780877, 0.6659200497765039]",stable,0.4474644552962202,3034,"[1.0, 0.7103565361199327, 0.1635001834318032, 0.31132965854006506]"
"[0.920634378723892, 0.8430138586150417, 0.388429563780877, 0.6659200497765039]",stable,0.23848610047868132,3035,"[0.7948222644361931, 0.658034802034196, 0.3096212422819019, 0.6907983356692478]"
"[0.9313477662016327, 0.7670249733292938, 0.5205004345728266, 0.8498851273392365]",stable,0.42473597103139205,3036,"[1.0, 0.37973461588593915, 0.5367069702617058, 0.6904139916599622]"
"[0.9288725112414008, 0.6334492681350404, 0.617843802365096, 0.618524710626608]",stable,0.25293134049328725,3037,"[1.0, 0.7703667464450739, 0.4190959597485912, 0.644371229447005]"
"[0.9212796276773563, 0.8424232316868306, 0.3886788840732974, 0.6657448561152884]",stable,0.2933262216057596,3038,"[1.0, 0.8738488103252491, 0.38136014504512405, 0.9464622305850096]"
"[0.9212796276773563, 0.8424232316868306, 0.3886788840732974, 0.6657448561152884]",stable,0.19359478885609113,3039,"[0.8126197110609891, 0.6920642978968119, 0.3369663489266624, 0.645997209891107]"
"[0.8865885049734471, 0.6342212153903515, 0.3559548495985412, 0.9126635999597418]",stable,0.2803610823465304,3040,"[1.0, 0.831598200552425, 0.25982091061348056, 0.7802220626917553]"
"[0.9204592740396627, 0.6789356210114941, 0.19248652348133552, 0.567911274696866]",stable,0.3517499498194315,3041,"[1.0, 0.7025797194487852, 0.5202770450248564, 0.6648423363179448]"
"[0.9212796276773563, 0.8424232316868306, 0.3886788840732974, 0.6657448561152884]",stable,0.4442472028420077,3042,"[1.0, 0.5421284323794999, 0.3418593337775678, 0.9800530542797777]"
"[0.9320015969997125, 0.7680423432054456, 0.519175288958277, 0.8508049092749106]",stable,0.31292774975954685,3043,"[1.0, 0.5999743140325107, 0.2641868294497324, 0.8566373055550731]"
"[0.9320015969997125, 0.7680423432054456, 0.519175288958277, 0.8508049092749106]",stable,0.5784890613082323,3044,"[0.5114529796664024, 0.5736405967221547, 0.4906333372329328, 0.5055777775655457]"
"[0.5359136070750397, 0.4986924804978456, 0.6129973774815817, 0.560175064489148]",stable,0.234786407943917,3045,"[0.7399086011628287, 0.4402268894881828, 0.6570924622340666, 0.6504418796035205]"
"[0.7056306312967847, 0.3556014295478586, 0.49856688385813136, 0.6979820545625672]",stable,0.2936906499046207,3046,"[0.6831705823753311, 0.45572954282595457, 0.43941469872104777, 0.42923473091315606]"
"[0.7508952088566866, 0.4962119850381559, 0.4492695448582227, 0.4685762831283102]",stable,0.28574653407217615,3047,"[0.5828099439963067, 0.6338224721736413, 0.27894847552551216, 0.39473515202393394]"
"[0.3025166420286712, 0.7079047690487008, 0.2762696084535846, 0.45344073384252603]",anomaly,0.2980389651315075,3048,"[0.4244583337107815, 0.5987525678617232, 0.13589077930757182, 0.6592003748560086]"
"[0.3025166420286712, 0.7079047690487008, 0.2762696084535846, 0.45344073384252603]",stable,0.29196729710874153,3049,"[0.479753719940139, 0.5537718208366358, 0.1708297615411462, 0.5911265855228163]"
"[0.9260890861923643, 0.5602789864947613, 0.3641975996463485, 0.6737100496297319]",stable,0.645304714620046,3050,"[0.45642369694818163, 0.4431255996927961, 0.2509071891569643, 0.26228209274183956]"
"[0.3025166420286712, 0.7079047690487008, 0.2762696084535846, 0.45344073384252603]",stable,0.3602457087427507,3051,"[0.37471044711251683, 0.4187210431863687, 0.4718331916611091, 0.5053318004580393]"
"[0.36128832059933064, 0.4708016433529655, 0.6093949788884481, 0.31459243930048403]",stable,0.49645118082090783,3052,"[0.1107289442020869, 0.632601177094419, 0.5967247544736554, 0.7112587349851881]"
"[0.3553424659897086, 0.709730201580329, 0.5866928384680009, 0.5102439492054659]",stable,0.48359981872382113,3053,"[0.3854593242021911, 0.41758974539280275, 0.9555977790437291, 0.6175978415358532]"
"[0.36823418995683593, 0.5989226915936511, 0.8787526315943985, 0.485057232833138]",stable,0.37014442175924867,3054,"[0.23219239662799757, 0.7098598713618498, 0.5528831438928781, 0.48629923025227023]"
"[0.35414683424833276, 0.7097314605102465, 0.5863645890061066, 0.5100114762059202]",stable,0.37775258736506484,3055,"[0.5240166237114872, 0.8058118025609624, 0.44911679843991065, 0.21714139623041367]"
"[0.3025166420286712, 0.7079047690487008, 0.2762696084535846, 0.45344073384252603]",anomaly,0.9031287803125734,3056,"[0.2231176638406544, 0.23846104449075972, 1.0, 0.7087333226828905]"
"[0.3025166420286712, 0.7079047690487008, 0.2762696084535846, 0.45344073384252603]",stable,0.5657227436044691,3057,"[0.43822812061833355, 0.5374091282522208, 0.767290127155903, 0.27608599358143426]"
"[0.34541569903084646, 0.4213320160770777, 0.36395494225567077, 0.5112346001889003]",stable,0.5880755720633332,3058,"[0.43700445461432835, 0.5896989506889572, 0.8753308815296234, 0.7293895963942763]"
"[0.5260354969358282, 0.5409559769904435, 0.884845206662612, 0.8289849091748022]",stable,0.603391767959456,3059,"[0.28535942621564725, 0.49771515696241064, 0.8704429091771534, 0.2775509059301926]"
"[0.38500268814560834, 0.3675324500684494, 0.9085528270856151, 0.3505390717661629]",stable,0.184280846848678,3060,"[0.23331670779563501, 0.36132883370652263, 0.9914779652331985, 0.41406647127040563]"
"[0.38500268814560834, 0.3675324500684494, 0.9085528270856151, 0.3505390717661629]",stable,0.3670085458621423,3061,"[0.1834483614654468, 0.6015956939254027, 0.8250286452122741, 0.5302867700821647]"
"[0.35414683424833276, 0.7097314605102465, 0.5863645890061066, 0.5100114762059202]",stable,0.5665058191148674,3062,"[0.19065646635158442, 0.37017361642236213, 1.0, 0.5983628202041504]"
"[0.38500268814560834, 0.3675324500684494, 0.9085528270856151, 0.3505390717661629]",stable,0.36370138871045216,3063,"[0.2328017065082372, 0.5658907126290205, 0.827234450013804, 0.6018454237807714]"
"[0.35414683424833276, 0.7097314605102465, 0.5863645890061066, 0.5100114762059202]",stable,0.5999336845414691,3064,"[0.4381538164477575, 0.30579175822953214, 1.0, 0.37362336645096683]"
"[0.3855998918343966, 0.3668387344298099, 0.9095803234104959, 0.350798445863745]",stable,0.10996217142939221,3065,"[0.34531820859324724, 0.4219647326141448, 0.9590140911682508, 0.28018334783096016]"
"[0.3851523175761616, 0.3674512455207469, 0.9101295874966931, 0.3500138336633807]",anomaly,0.5554644403404858,3066,"[0.23907130799660092, 0.06262061364431562, 0.5864606188486499, 0.05081863362315109]"
"[0.3851523175761616, 0.3674512455207469, 0.9101295874966931, 0.3500138336633807]",stable,0.40538194062659744,3067,"[0.19955382644383624, 0.027022180628659104, 0.8149219382763334, 0.4202368582509182]"
"[0.12876670696541587, 0.3283042887956953, 0.951689288892873, 0.4628560410202589]",stable,0.3246663757009477,3068,"[0.24263876191208986, 0.0803489967671007, 0.795802608323712, 0.3812537947941082]"
"[0.12876670696541587, 0.3283042887956953, 0.951689288892873, 0.4628560410202589]",stable,0.24875062665189596,3069,"[0.0, 0.3980045416837052, 0.8675050093337487, 0.2802337771545069]"
"[0.5247589612018958, 0.3838218639567454, 0.823002642709713, 0.5895478096208424]",stable,0.34806532314572325,3070,"[0.33649389534893726, 0.1278061297643678, 0.7678828473248777, 0.4586910705563612]"
"[0.34178336399569315, 0.270321139922295, 0.7074245409299553, 0.41218031075257816]",stable,0.5105952529607908,3071,"[0.042026702928495946, 0.02123089990683677, 0.9784443744817752, 0.22414904036777045]"
"[0.12876670696541587, 0.3283042887956953, 0.951689288892873, 0.4628560410202589]",stable,0.09855104545746869,3072,"[0.18204232647621266, 0.24716178746257778, 0.9476164650365746, 0.47938853961367955]"
"[0.3851523175761616, 0.3674512455207469, 0.9101295874966931, 0.3500138336633807]",stable,0.34999635921996525,3073,"[0.20836811742979883, 0.07851254352729944, 0.9964147706871933, 0.36773646602895416]"
"[0.13003517409662532, 0.3263723244782401, 0.9515923168962944, 0.46324967193914984]",stable,0.42290468780139745,3074,"[0.16206629209310644, 0.06733369434531777, 0.7733388664526438, 0.1822744453655513]"
"[0.36212462277345026, 0.4715256377540443, 0.6111112305000508, 0.31417389097745085]",stable,0.5642385343867995,3075,"[0.2705954757056465, 0.0, 0.8831700468064941, 0.19740440723027286]"
"[0.34178336399569315, 0.270321139922295, 0.7074245409299553, 0.41218031075257816]",stable,0.21440883029413393,3076,"[0.540758311903651, 0.2871863603952578, 0.7379962206365495, 0.3403398392101393]"
"[0.3851523175761616, 0.3674512455207469, 0.9101295874966931, 0.3500138336633807]",stable,0.17908326688399676,3077,"[0.4181381457365767, 0.40858534912852995, 0.8012034940223636, 0.21800685165401057]"
"[0.38551479920429804, 0.36790326863731593, 0.9089325974585137, 0.3485632074874535]",stable,0.2811479310174852,3078,"[0.16087303426970925, 0.2252891280576832, 0.8647184771858455, 0.4278510062823018]"
"[0.38551479920429804, 0.36790326863731593, 0.9089325974585137, 0.3485632074874535]",stable,0.3741012112782541,3079,"[0.7101015433062489, 0.46997002118083636, 0.9193032505371601, 0.5037082667484358]"
"[0.5247589612018958, 0.3838218639567454, 0.823002642709713, 0.5895478096208424]",stable,0.4158960649565033,3080,"[0.4118123219278419, 0.762936760650088, 0.7818812657012638, 0.4679191905333683]"
"[0.5359136070750397, 0.4986924804978456, 0.6129973774815817, 0.560175064489148]",stable,0.25449531188409485,3081,"[0.5665709794179065, 0.6149341846153475, 0.8098100781008403, 0.6677883368621539]"
"[0.6677174053719865, 0.6607526575151573, 0.9107451299437994, 0.6324153060101323]",stable,0.2891746608494001,3082,"[0.4277867270118295, 0.5113558554815264, 0.8972636750041649, 0.6920315787369234]"
"[0.5232283892237138, 0.5401102592330458, 0.8852000200437993, 0.825071956876577]",stable,0.32570382720699875,3083,"[0.2734606325402743, 0.5520259945559368, 0.803078251871826, 0.6332046036800727]"
"[0.35414683424833276, 0.7097314605102465, 0.5863645890061066, 0.5100114762059202]",stable,0.4699875332557081,3084,"[0.48961210552692724, 0.7525534594685602, 1.0, 0.6820854860689125]"
"[0.6637595098198741, 0.6627926753363441, 0.9127285715006039, 0.6335190877892163]",stable,0.4304278825273383,3085,"[0.37080577318574653, 0.7425133297785097, 1.0, 0.9258794566357103]"
"[0.6988724721243182, 0.713936036935903, 0.6948328025863141, 0.48561116088405704]",stable,0.44793041038910636,3086,"[0.38137064246773345, 0.4879925767288351, 0.8340443011278151, 0.6570869672812308]"
"[0.3688657570868505, 0.6012997070872226, 0.8773486987553676, 0.4848088554085036]",stable,0.3988284029364094,3087,"[0.612016701306817, 0.34549431429593314, 0.8555933462965235, 0.6692865477510503]"
"[0.3688657570868505, 0.6012997070872226, 0.8773486987553676, 0.4848088554085036]",stable,0.5253274980767872,3088,"[0.5338973480370153, 0.171377986125155, 0.6251163730478156, 0.5015337451614417]"
"[0.3441847887962097, 0.26908435049983076, 0.7063956888314287, 0.4132972286826889]",stable,0.1901810746699057,3089,"[0.40124886450956104, 0.4378505636374126, 0.7083575564898571, 0.34676416318836295]"
"[0.34541569903084646, 0.4213320160770777, 0.36395494225567077, 0.5112346001889003]",stable,0.7382561132410111,3090,"[0.2842129871819161, 0.15389723701465266, 0.9145317736475465, 0.10304333560527962]"
"[0.3441847887962097, 0.26908435049983076, 0.7063956888314287, 0.4132972286826889]",stable,0.26331882148528213,3091,"[0.38997067836080673, 0.46516791969028637, 0.5628406277185587, 0.503760659899885]"
"[0.5346220767324358, 0.49839580296857516, 0.612553512439431, 0.5596758219706589]",stable,0.48858345041071016,3092,"[0.3024543101661083, 0.2637054578000499, 0.8945843745385184, 0.3356424519313673]"
"[0.384611967801709, 0.3667706837369109, 0.9087766385137312, 0.34842276449227866]",stable,0.25659139027218786,3093,"[0.4762644421571347, 0.43577556528273664, 0.9545881092942141, 0.5733196319095857]"
"[0.3688657570868505, 0.6012997070872226, 0.8773486987553676, 0.4848088554085036]",stable,0.25268860556863354,3094,"[0.5215748338270947, 0.5178881056766045, 1.0, 0.3486815902538798]"
"[0.38608468679122926, 0.3683956022523915, 0.9097575348737986, 0.3484255475649841]",stable,0.3804310666334547,3095,"[0.4963398811959645, 0.42613334605408115, 0.8587285259467126, 0.704282234667042]"
"[0.3688657570868505, 0.6012997070872226, 0.8773486987553676, 0.4848088554085036]",stable,0.2625474595040579,3096,"[0.2197841139124836, 0.501378839852871, 0.6857677880455113, 0.48909920541553364]"
"[0.3441847887962097, 0.26908435049983076, 0.7063956888314287, 0.4132972286826889]",stable,0.42046107080707507,3097,"[0.0, 0.43074366926806124, 0.8218578271998173, 0.2759687812133774]"
"[0.5231364712301894, 0.385774404768143, 0.8255751270002794, 0.5925451772199342]",stable,0.24839742859832226,3098,"[0.3794759536463878, 0.40294321815804574, 0.9818483387570595, 0.4646903636389973]"
"[0.3860143811194756, 0.368763130081175, 0.9105244583193652, 0.34966240731045234]",stable,0.4329299209111173,3099,"[0.1778312677697278, 0.48152758039827015, 0.8920988912670844, 0.7116469165917165]"
"[0.35414683424833276, 0.7097314605102465, 0.5863645890061066, 0.5100114762059202]",anomaly,0.6034453446201082,3100,"[0.39284617465633226, 0.1649577378719002, 0.6439863782202895, 0.7601113872938321]"
"[0.35414683424833276, 0.7097314605102465, 0.5863645890061066, 0.5100114762059202]",stable,0.5513678959555872,3101,"[0.3667986699800932, 0.24931065392384835, 0.8469195922301171, 0.3551881611000418]"
"[0.38581211047590314, 0.3675057355953084, 0.9098549334131627, 0.34972057313981647]",stable,0.21445307866020036,3102,"[0.4241658523456825, 0.4392298895771181, 0.7895546726667968, 0.507526170098145]"
"[0.3688657570868505, 0.6012997070872226, 0.8773486987553676, 0.4848088554085036]",stable,0.2817711178353399,3103,"[0.3764854848391845, 0.46271794842444797, 0.9081038620071183, 0.24152688177616072]"
"[0.38571495812552065, 0.36849752947894526, 0.9098366930860164, 0.34859355552144505]",stable,0.0685190847755585,3104,"[0.3238738122624911, 0.3611446726691379, 0.9229720889687487, 0.3739694206015965]"
"[0.3850774205393039, 0.36842172683142155, 0.9099721095384158, 0.3488551623779415]",stable,0.5004202663044367,3105,"[0.2127953605792044, 0.4736055925144357, 0.4554367786584873, 0.4042927139649258]"
"[0.34541569903084646, 0.4213320160770777, 0.36395494225567077, 0.5112346001889003]",stable,0.6457091153659285,3106,"[0.0, 0.3341849764482274, 0.8241342969062428, 0.23146932077240054]"
"[0.3625453135448063, 0.47116354018289774, 0.6121568899192961, 0.3145243240119768]",stable,0.37288481827354775,3107,"[0.3122665132801257, 0.6714396441544245, 0.8458900606995143, 0.5189097858184678]"
"[0.5346220767324358, 0.49839580296857516, 0.612553512439431, 0.5596758219706589]",stable,0.3028044887331451,3108,"[0.4358138342297389, 0.7020186850363795, 0.42336539251585814, 0.6280356551232821]"
"[0.9260890861923643, 0.5602789864947613, 0.3641975996463485, 0.6737100496297319]",stable,0.7729086924000903,3109,"[0.34773525072734246, 0.6309323290137734, 0.6229320209086808, 0.2367211570529834]"
"[0.4478858488273501, 0.5833783307984649, 0.3522161454916878, 0.30434365231088]",stable,0.4568329288975892,3110,"[0.4442635494125299, 0.721997746622984, 0.6974123932985874, 0.5694991009228325]"
"[0.3550133411249116, 0.7098494055690229, 0.5874323563550727, 0.510583472597429]",stable,0.18345320447763971,3111,"[0.39088997615918936, 0.8859747039745909, 0.6159293164698734, 0.48743724574515324]"
"[0.3553550233633333, 0.7115267893633617, 0.5877037559752137, 0.5103630323416931]",stable,0.23287422955378623,3112,"[0.19590017211897173, 0.8387256351062808, 0.6234395854828776, 0.40383622193240565]"
"[0.4478858488273501, 0.5833783307984649, 0.3522161454916878, 0.30434365231088]",stable,0.31775010152177957,3113,"[0.20503387783791624, 0.6398798525847679, 0.5459794642749507, 0.2689684981263969]"
"[0.4478858488273501, 0.5833783307984649, 0.3522161454916878, 0.30434365231088]",stable,0.3514837830209955,3114,"[0.1716156779959827, 0.6258250332464731, 0.5117605093929168, 0.44562180290112435]"
"[0.4478858488273501, 0.5833783307984649, 0.3522161454916878, 0.30434365231088]",stable,0.2311880694809648,3115,"[0.40850568783906327, 0.6243359236432896, 0.5246638410001307, 0.4474568742474185]"
"[0.35585644472631184, 0.7107042340263798, 0.5871090397962035, 0.5097695780200491]",stable,0.3893217836309977,3116,"[0.3808153030002843, 0.744224607625464, 0.22385225084145088, 0.3760931162351065]"
"[0.1445793803932799, 0.45243553990378554, 0.39261210118467377, 0.2811789987751823]",stable,0.47810326866961367,3117,"[0.325281845395515, 0.8833116740553519, 0.3661261275409245, 0.3790237987056269]"
"[0.1445793803932799, 0.45243553990378554, 0.39261210118467377, 0.2811789987751823]",stable,0.2003583745038157,3118,"[0.0, 0.51945797136118, 0.3392316038266763, 0.39026060667613977]"
"[0.4478858488273501, 0.5833783307984649, 0.3522161454916878, 0.30434365231088]",stable,0.4434164523497908,3119,"[0.10247989530781268, 0.6870589547205321, 0.40038731785162834, 0.5578051757505005]"
"[0.4478858488273501, 0.5833783307984649, 0.3522161454916878, 0.30434365231088]",stable,0.2172962944151912,3120,"[0.2451919241008314, 0.65052390768216, 0.31314056068250723, 0.3142139421906228]"
"[0.1282774674389334, 0.7381104802733218, 0.3343594183462061, 0.2689083873622709]",stable,0.4248581729725682,3121,"[0.3633238298554474, 0.4134508387174883, 0.4745754656740798, 0.25500688122305637]"
"[0.34541569903084646, 0.4213320160770777, 0.36395494225567077, 0.5112346001889003]",stable,0.1636352453160089,3122,"[0.2739023045082909, 0.43422094847758663, 0.27050529134294365, 0.39825953179168144]"
"[0.3625535956332174, 0.47054957527369123, 0.6106932577464745, 0.3138911597269883]",stable,0.546972308375138,3123,"[0.0, 0.8416045437981128, 0.4438802413038082, 0.26671887653768445]"
"[0.12680301379021003, 0.7393000672103883, 0.33561827838020153, 0.2688832205711837]",stable,0.2160586627787277,3124,"[0.16157025759928653, 0.825945914827223, 0.14936622093448154, 0.3261130441568693]"
"[0.4478858488273501, 0.5833783307984649, 0.3522161454916878, 0.30434365231088]",stable,0.5416324472869881,3125,"[0.0, 0.5367188788917366, 0.18607647223268783, 0.05337656504354038]"
"[0.12680301379021003, 0.7393000672103883, 0.33561827838020153, 0.2688832205711837]",stable,0.5609081693124635,3126,"[0.0, 0.48640536733140555, 0.7792293373808322, 0.46328607343254774]"
"[0.5219440541351953, 0.3864184467537933, 0.8251411456227674, 0.5915208518329246]",stable,0.3964060206849984,3127,"[0.1356699275790096, 0.38372436371477914, 0.7950538000849895, 0.6752915265564846]"
"[0.3441847887962097, 0.26908435049983076, 0.7063956888314287, 0.4132972286826889]",stable,0.1366139913004411,3128,"[0.37585577705413503, 0.1915259853543564, 0.7324278981198888, 0.5180223698729801]"
"[0.3445757886512458, 0.26812683981902247, 0.7067170741312863, 0.4145901316603468]",stable,0.30944015121805307,3129,"[0.27558739125345594, 0.21870109698270404, 0.8766326929949305, 0.17029607397248758]"
"[0.3445757886512458, 0.26812683981902247, 0.7067170741312863, 0.4145901316603468]",stable,0.3741821633750935,3130,"[0.11909026180711996, 0.20157980029539663, 0.9940319978118783, 0.3677906152851883]"
"[0.3850774205393039, 0.36842172683142155, 0.9099721095384158, 0.3488551623779415]",stable,0.6388924474411909,3131,"[0.11212408240679056, 0.5452919462212006, 0.36036325621614385, 0.3307701287174369]"
"[0.3445540918679241, 0.4214873044192526, 0.36282904284708367, 0.5098734547865241]",stable,0.5656251616974229,3132,"[0.642213464698934, 0.6359068629107165, 0.7689715861022368, 0.6527132559822951]"
"[0.6632911175346363, 0.6622082011531782, 0.9096034196441177, 0.6339363523151528]",stable,0.562628381525748,3133,"[0.6003092692688674, 0.7396318281620844, 0.47816443353946214, 0.286877328895385]"
"[0.6652203551877695, 0.7931620736070671, 0.42797498838525305, 0.47856092464396693]",stable,0.5623076629688643,3134,"[0.6205873363330154, 0.33784799186479453, 0.6724738911026222, 0.6956027984808155]"
"[0.7040843895701707, 0.3552786397718029, 0.5017288294443948, 0.6979387953610808]",stable,0.27907350366158956,3135,"[0.8180127687081932, 0.5733466251606654, 0.45434509588710237, 0.5750425772925307]"
"[0.7518146274847894, 0.49726862394394367, 0.44933907295450864, 0.4700347255141214]",stable,0.2864517829546137,3136,"[0.8722656404404076, 0.4065974463326596, 0.4488746786413565, 0.713601347456348]"
"[0.7518146274847894, 0.49726862394394367, 0.44933907295450864, 0.4700347255141214]",anomaly,0.5422198556535428,3137,"[0.8278336207246172, 0.8683600343150715, 0.7726847980903133, 0.6844226722763396]"
"[0.7518146274847894, 0.49726862394394367, 0.44933907295450864, 0.4700347255141214]",stable,0.5298058924150006,3138,"[0.7854720865897997, 0.8908577482563655, 0.14114486639182808, 0.6422711657595889]"
"[0.9204592740396627, 0.6789356210114941, 0.19248652348133552, 0.567911274696866]",stable,0.360143897320498,3139,"[0.7499672375348894, 0.5463320064151092, 0.41075258305028955, 0.7560928383577827]"
"[0.9260890861923643, 0.5602789864947613, 0.3641975996463485, 0.6737100496297319]",stable,0.4294848631249876,3140,"[0.6412323063479923, 0.7691009446744479, 0.5385368852834772, 0.5024994603085067]"
"[0.6648727023060336, 0.792813361593551, 0.4295773347171114, 0.478907859943453]",stable,0.36609466064451107,3141,"[0.9222385830470331, 0.5809578605113765, 0.5633981008516734, 0.5495998198484451]"
"[0.9212796276773563, 0.8424232316868306, 0.3886788840732974, 0.6657448561152884]",stable,0.5896311232962205,3142,"[0.4963740310239265, 0.6362743272301945, 0.6546374664971938, 0.4336053353124837]"
"[0.35716969319638303, 0.7100086274208081, 0.5877401465878016, 0.5090577626676419]",stable,0.4077484663336858,3143,"[0.49147688123403765, 0.4449869386976577, 0.8474360917166011, 0.6117315744644196]"
"[0.3680571964610401, 0.6023017061881827, 0.8768992896402841, 0.48529601155721735]",stable,0.46186915053567323,3144,"[0.6275544989704802, 0.6779916751659304, 0.6567650068465835, 0.7882748694696452]"
"[0.9260890861923643, 0.5602789864947613, 0.3641975996463485, 0.6737100496297319]",stable,0.5519188560784127,3145,"[0.648973209172074, 0.5036534144966781, 0.7633625192086756, 0.4182063784528388]"
"[0.5215813496958958, 0.387115690705506, 0.8254065616476941, 0.5917614556737758]",stable,0.354002857460089,3146,"[0.589207799409316, 0.7244331125517462, 0.8171689741950855, 0.5087326325999024]"
"[0.5346220767324358, 0.49839580296857516, 0.612553512439431, 0.5596758219706589]",stable,0.353065834175127,3147,"[0.40793311940831195, 0.3687743392763355, 0.7568568888947113, 0.2932547209899151]"
"[0.3853106419563346, 0.3684253249175941, 0.9084097093277658, 0.3482878109352065]",stable,0.6455625325577266,3148,"[0.29656549845976343, 0.3939208202692357, 0.399811735965505, 0.7350091113011086]"
"[0.5346220767324358, 0.49839580296857516, 0.612553512439431, 0.5596758219706589]",stable,0.33001414774635474,3149,"[0.46377282976666095, 0.6830583900240337, 0.873916734022947, 0.5981299148946457]"
"[0.5346220767324358, 0.49839580296857516, 0.612553512439431, 0.5596758219706589]",stable,0.26486657257880275,3150,"[0.6372389886186396, 0.29849015601582307, 0.7506818644110065, 0.5838079864529319]"
"[0.3694053039723869, 0.6034391242703778, 0.8768572818146878, 0.48688522146337837]",stable,0.2578695091744573,3151,"[0.4387329691761176, 0.3935235144583242, 0.9713354374358995, 0.5801572615768158]"
"[0.3694053039723869, 0.6034391242703778, 0.8768572818146878, 0.48688522146337837]",stable,0.3340356802697438,3152,"[0.5944923265906847, 0.6305016267641521, 0.9181334586504895, 0.7287107083887528]"
"[0.6618273134719991, 0.6615335931874543, 0.9097849098357426, 0.6359528279762933]",stable,0.1534536426916532,3153,"[0.5174005711261269, 0.6672005092419383, 0.9222966571414999, 0.6859556158234217]"
"[0.6588184230064601, 0.6616516539385894, 0.9100455712379459, 0.6369945527231085]",stable,0.3078149409569255,3154,"[0.6664840668072027, 0.42422399141498246, 0.7142981665375133, 0.6354666773823323]"
"[0.3694053039723869, 0.6034391242703778, 0.8768572818146878, 0.48688522146337837]",stable,0.2309718137351248,3155,"[0.3883706520194405, 0.4630275896173138, 0.7081621573427164, 0.5562743433003404]"
"[0.5333391694981112, 0.49808555548303773, 0.6133921847631439, 0.559645984438463]",stable,0.22882862115070685,3156,"[0.5673580326278362, 0.633405353620711, 0.746403140755947, 0.6829419398747818]"
"[0.6569518844273045, 0.6610751988300612, 0.9067059297995377, 0.637932254501714]",stable,0.19793093558692965,3157,"[0.5154396577985872, 0.7982562410456318, 0.8915096632460302, 0.6278634851437208]"
"[0.6541216398947302, 0.6638188196743726, 0.9064020044684676, 0.6377308791145542]",stable,0.48763757050251033,3158,"[0.28442400286928776, 0.4818819660296324, 0.6474979730484859, 0.6063981303725674]"
"[0.3445757886512458, 0.26812683981902247, 0.7067170741312863, 0.4145901316603468]",stable,0.6583754829512564,3159,"[0.5086355648880161, 0.7258861073681426, 0.776100056297448, 0.8529793663948051]"
"[0.5236240160811173, 0.3865971917373751, 0.8249478924918474, 0.5920390138161981]",stable,0.41748684711406275,3160,"[0.5687116903507459, 0.7530864678083596, 0.724260219930023, 0.4252757916680121]"
"[0.5333391694981112, 0.49808555548303773, 0.6133921847631439, 0.559645984438463]",stable,0.12611590680885765,3161,"[0.6289947136515439, 0.5353971533764649, 0.6800936589054938, 0.5294136039035499]"
"[0.5341709568385758, 0.4984100041603719, 0.6139721975817731, 0.5593830941729421]",stable,0.2436315239636065,3162,"[0.6558928974504047, 0.4336310941621545, 0.4222013620228985, 0.619113556175288]"
"[0.7518146274847894, 0.49726862394394367, 0.44933907295450864, 0.4700347255141214]",stable,0.3964918761107588,3163,"[0.6993266315078855, 0.5810037293254919, 0.7327849239957928, 0.7290669624159808]"
"[0.6550080122793018, 0.6621949943734142, 0.9029977479886113, 0.6395217827086997]",stable,0.38795502690675526,3164,"[0.9490063273684176, 0.579896333124157, 0.693179670872893, 0.5242941883615787]"
"[0.9212796276773563, 0.8424232316868306, 0.3886788840732974, 0.6657448561152884]",stable,0.4107117569543963,3165,"[0.8048988970361826, 0.4942328803703703, 0.4972043420310528, 0.5169988408369858]"
"[0.7525319824787271, 0.49722760038213865, 0.4499859009150025, 0.4706693757211871]",stable,0.5208430239337267,3166,"[1.0, 0.8853369373360278, 0.20845500573995732, 0.43794316100464203]"
"[0.9212796276773563, 0.8424232316868306, 0.3886788840732974, 0.6657448561152884]",stable,0.5985765916358929,3167,"[0.5197927604374425, 0.7058309957450298, 0.6967414287146292, 0.954781637784766]"
"[0.9260890861923643, 0.5602789864947613, 0.3641975996463485, 0.6737100496297319]",stable,0.3918367027018234,3168,"[0.8405430755872008, 0.6713329298875431, 0.687605030337348, 0.8448606765188484]"
"[0.9212796276773563, 0.8424232316868306, 0.3886788840732974, 0.6657448561152884]",stable,0.39743516698602094,3169,"[0.9692970310129144, 0.47609354239059887, 0.24992021534453426, 0.7126237589060355]"
"[0.8896536805147053, 0.632513922358342, 0.3545242612746252, 0.9128171561748143]",stable,0.19072264161239796,3170,"[1.0, 0.5893351770140977, 0.21836322593490665, 0.851216959702942]"
"[0.9311387807599718, 0.7671299902496164, 0.5207642487826079, 0.8507488316074006]",stable,0.3442913180314634,3171,"[0.9206319289497241, 0.8029627070693646, 0.21276064023939706, 1.0]"
"[0.9215341487148023, 0.6817248279888527, 0.1927023137821277, 0.5661549488361602]",stable,0.33761489287050556,3172,"[1.0, 0.5130292497443343, 0.4103563796221602, 0.7450276286229364]"
"[0.8911249647745092, 0.6319382057537521, 0.352708780803429, 0.9119958202218559]",stable,0.11968045710985564,3173,"[0.8944154309408265, 0.5894812497203783, 0.244244174958771, 0.8846934245435375]"
"[0.9311387807599718, 0.7671299902496164, 0.5207642487826079, 0.8507488316074006]",stable,0.2264053413988842,3174,"[0.8231996956006155, 0.8839703973576956, 0.41859998752412214, 0.7261722868759274]"
"[0.9204886604831891, 0.8427582894744989, 0.38892018329467504, 0.6662321741052936]",stable,0.1231524237740679,3175,"[0.8696651515081519, 0.804133276974845, 0.4899652867569695, 0.6959220022049595]"
"[0.9200820724113888, 0.8424492893745016, 0.3897285441223734, 0.6664696927300909]",stable,0.3283970594926843,3176,"[0.7853174939809631, 0.7987992604936947, 0.6440120086762648, 0.8185148561424329]"
"[0.9272486788520493, 0.5589776480704584, 0.36352315801935836, 0.6748014485234893]",stable,0.37940764677033234,3177,"[0.7671970798772332, 0.8803033488959814, 0.44959932421095034, 0.7624047343987908]"
"[0.9188686994547686, 0.8427497184183229, 0.3902037090437113, 0.6672310819496838]",stable,0.27641298027698025,3178,"[0.9177604360121987, 0.9038195952809734, 0.4722867368969147, 0.9240106646586194]"
"[0.9188686994547686, 0.8427497184183229, 0.3902037090437113, 0.6672310819496838]",stable,0.23766825932581162,3179,"[1.0, 0.8056877233935059, 0.3384061164391613, 0.8813509817440609]"
"[0.9215341487148023, 0.6817248279888527, 0.1927023137821277, 0.5661549488361602]",stable,0.2647052220601124,3180,"[0.7616860347089712, 0.6464462070237267, 0.26601227809879585, 0.7608303275294096]"
"[0.9310137495006469, 0.7684074631938347, 0.520311187923863, 0.8514335216359167]",stable,0.305877287124825,3181,"[1.0, 0.7296697916050016, 0.2305162967423891, 0.7938129882656283]"
"[0.9215341487148023, 0.6817248279888527, 0.1927023137821277, 0.5661549488361602]",anomaly,0.44041746337886606,3182,"[0.938964471290191, 0.3762644696191509, 0.23905966802339718, 0.8795376080188207]"
"[0.9215341487148023, 0.6817248279888527, 0.1927023137821277, 0.5661549488361602]",stable,0.40133056862681565,3183,"[0.5501565465171642, 0.7668898834568764, 0.30922043807173377, 0.6142729489963533]"
"[0.9272486788520493, 0.5589776480704584, 0.36352315801935836, 0.6748014485234893]",stable,0.350658130105202,3184,"[0.7483655327666611, 0.710089052893072, 0.14364116263164547, 0.8154399770010172]"
"[0.9310137495006469, 0.7684074631938347, 0.520311187923863, 0.8514335216359167]",stable,0.40956834406338505,3185,"[1.0, 0.5641205533447932, 0.19543372500714584, 0.7260994949153549]"
"[0.8911682603819607, 0.6313795615954183, 0.3512816149370519, 0.911636578173457]",stable,0.5118082286798707,3186,"[0.7395277710511584, 0.8504829525866059, 0.06626959394066614, 0.5804045192122806]"
"[0.9188686994547686, 0.8427497184183229, 0.3902037090437113, 0.6672310819496838]",stable,0.2688891385326667,3187,"[0.9988349304379487, 0.9716974074886293, 0.21746338515271432, 0.8066586427425391]"
"[0.9191073970126205, 0.6839749363168227, 0.19101654418424155, 0.5663449431078418]",stable,0.23359659211111047,3188,"[0.7521035842263286, 0.5490735454402735, 0.1267138097341804, 0.6322529657043597]"
"[0.9310137495006469, 0.7684074631938347, 0.520311187923863, 0.8514335216359167]",stable,0.6016446979482959,3189,"[0.4019823874021967, 0.6604239064035929, 0.5063757928821824, 0.5863910406757589]"
"[0.3575846255501406, 0.7095495096336116, 0.5869867729423791, 0.5097738115380874]",stable,0.5360940218548261,3190,"[0.6929212442313503, 0.4061088638991437, 0.7848152549258203, 0.7189001338227585]"
"[0.3694053039723869, 0.6034391242703778, 0.8768572818146878, 0.48688522146337837]",stable,0.41230679989196517,3191,"[0.380535480159654, 0.23758627459130852, 0.7063249964544686, 0.40355786433069063]"
"[0.34501432147451905, 0.2677543939016113, 0.7067122926962031, 0.41445559181486324]",stable,0.28475796793161146,3192,"[0.45636860012224784, 0.39584449240251124, 0.8732926938307911, 0.5710800520733239]"
"[0.3694053039723869, 0.6034391242703778, 0.8768572818146878, 0.48688522146337837]",stable,0.24529028013930354,3193,"[0.4623245280776171, 0.5652131929423554, 0.9686259462136562, 0.6909700806054393]"
"[0.5215366153029889, 0.5408075629471933, 0.8875174068818509, 0.8213469047579343]",stable,0.6561560650001015,3194,"[0.10755526885996469, 0.24895181221517737, 1.0, 0.41969019381722744]"
"[0.3853106419563346, 0.3684253249175941, 0.9084097093277658, 0.3482878109352065]",stable,0.3016840074036156,3195,"[0.4362734993400737, 0.3780620093904342, 0.7659310418136537, 0.6090999868514461]"
"[0.3694053039723869, 0.6034391242703778, 0.8768572818146878, 0.48688522146337837]",stable,0.5400383313479702,3196,"[0.41724273041294113, 0.08748599455367831, 1.0, 0.3975475538750647]"
"[0.523787252697232, 0.38682190052048576, 0.8243833959706777, 0.5934052708306307]",stable,0.4869055690739323,3197,"[0.26689574367288355, 0.23210358271249532, 0.8537624437806125, 0.21093579561613707]"
"[0.34501432147451905, 0.2677543939016113, 0.7067122926962031, 0.41445559181486324]",stable,0.28722865036115386,3198,"[0.2989013956073209, 0.5390123570666902, 0.6394517479508601, 0.46208995122431373]"
"[0.3445540918679241, 0.4214873044192526, 0.36282904284708367, 0.5098734547865241]",stable,0.10764953712807324,3199,"[0.4126135657981157, 0.4895432348140378, 0.4071442920936471, 0.5288702933274261]"
"[0.36188357247505004, 0.4712702361346702, 0.6109959786959943, 0.3154511470059075]",stable,0.2677786292372219,3200,"[0.2872406358055581, 0.7212913789962371, 0.6658821538147264, 0.29073754377708627]"
"[0.4478858488273501, 0.5833783307984649, 0.3522161454916878, 0.30434365231088]",stable,0.3250929451949296,3201,"[0.1816842619098853, 0.4815044213394768, 0.5081993742346693, 0.29370988249046764]"
"[0.34536432370042636, 0.4222974940668095, 0.3633566053381142, 0.5100996076262968]",stable,0.43961661762959464,3202,"[0.26834441019427757, 0.24861504580487367, 0.7239782471449917, 0.34542677426923474]"
"[0.3440905876036728, 0.2675237993462289, 0.7069203162437788, 0.4136239193143135]",stable,0.18290106566901634,3203,"[0.28304029718259827, 0.09889439850566856, 0.7410335222361947, 0.40239555293995055]"
"[0.34336379843199333, 0.26551630647907937, 0.7073264258389267, 0.4134902482860473]",stable,0.39263870848323673,3204,"[0.28290658860816714, 0.5522181728416249, 0.9623881074659966, 0.35643186091393236]"
"[0.5341709568385758, 0.4984100041603719, 0.6139721975817731, 0.5593830941729421]",stable,0.5527080764906724,3205,"[0.27884804534668717, 0.6037055208545624, 0.7214556751862725, 0.09284629509759515]"
"[0.4478858488273501, 0.5833783307984649, 0.3522161454916878, 0.30434365231088]",stable,0.43440086035254055,3206,"[0.36700903898847087, 0.6439899141804359, 0.7708395182522488, 0.36129764114235646]"
"[0.5341709568385758, 0.4984100041603719, 0.6139721975817731, 0.5593830941729421]",stable,0.4277966315488362,3207,"[0.17838446936265046, 0.7168414193229194, 0.5575525973273044, 0.48501590469205186]"
"[0.4478858488273501, 0.5833783307984649, 0.3522161454916878, 0.30434365231088]",stable,0.41378444658984886,3208,"[0.6380948602421288, 0.6943056031533779, 0.5258395496399072, 0.6086266685904008]"
"[0.9279619270985978, 0.5590280687104028, 0.3618752224015916, 0.675304370546939]",stable,0.5323104079957243,3209,"[0.46363460076740115, 0.4635197423720969, 0.4939835888585299, 0.4723757042751879]"
"[0.5335628848034795, 0.4981092260415075, 0.612937813023814, 0.5586330304669269]",stable,0.40972012066913055,3210,"[0.6212334700816802, 0.8550974911012543, 0.7574106267627961, 0.4496769362909794]"
"[0.5335628848034795, 0.4981092260415075, 0.612937813023814, 0.5586330304669269]",stable,0.2186194895177572,3211,"[0.3852394908463098, 0.4251185191681678, 0.48377941794355905, 0.49710972031171846]"
"[0.36188357247505004, 0.4712702361346702, 0.6109959786959943, 0.3154511470059075]",stable,0.5555958424004758,3212,"[0.8367138135870049, 0.7388281716657649, 0.6362419678799327, 0.42032427694260804]"
"[0.5335628848034795, 0.4981092260415075, 0.612937813023814, 0.5586330304669269]",stable,0.21895816082689668,3213,"[0.5245032565659092, 0.3849867174573215, 0.5878557357725751, 0.7441991555578977]"
"[0.7547756697019086, 0.6707180155606619, 0.20160429016257808, 0.7598725243172584]",stable,0.5712906130476162,3214,"[0.676608772578644, 0.4539582476990842, 0.565097745533945, 0.384172362367305]"
"[0.7515196730133927, 0.4966506756796979, 0.4515207255099218, 0.46951608220980195]",stable,0.38074608172809477,3215,"[0.7883903632183388, 0.416888839967246, 0.5768342247679198, 0.8181458391477368]"
"[0.9300478914732238, 0.6329365752000293, 0.6167788497214033, 0.6169019635800544]",stable,0.4062554678864515,3216,"[0.5634203150038589, 0.5551426967937023, 0.4723466830476185, 0.5559496291517707]"
"[0.9279619270985978, 0.5590280687104028, 0.3618752224015916, 0.675304370546939]",stable,0.5503313603588361,3217,"[0.6755660193019686, 0.43650076356330053, 0.8337087357251741, 0.7143057438565567]"
"[0.3681875645155631, 0.6032929576742313, 0.8765766388296039, 0.48337781131446783]",stable,0.29256125699495206,3218,"[0.34106276857595946, 0.4924347715634516, 0.8934418375531151, 0.21452401799187876]"
"[0.38486369374037116, 0.3696779455907846, 0.9082585187037794, 0.3469366615115365]",stable,0.24106826276494828,3219,"[0.5962177716309813, 0.3556395238802872, 0.9551509614563801, 0.4520431912805872]"
"[0.52545515123135, 0.38736782209238485, 0.824485872231716, 0.5947338474572892]",stable,0.4140293228050177,3220,"[0.6240209346601068, 0.6935733109528085, 0.6904111506831735, 0.37120032846542367]"
"[0.5335628848034795, 0.4981092260415075, 0.612937813023814, 0.5586330304669269]",stable,0.40505102124925085,3221,"[0.9186876209868193, 0.45019147341218246, 0.4970912184835116, 0.5639924064701095]"
"[0.753719251276201, 0.49603937038670426, 0.4521203372595743, 0.4707591917395428]",stable,0.2768145264204312,3222,"[0.7268941781678421, 0.5934925332921862, 0.6771951923299042, 0.5962617341236969]"
"[0.5335628848034795, 0.4981092260415075, 0.612937813023814, 0.5586330304669269]",stable,0.1291995507257181,3223,"[0.601660368920926, 0.4572546485706547, 0.556419435307722, 0.643437706308656]"
"[0.534144914582261, 0.4977600416186797, 0.6124547499664115, 0.5593578567561726]",stable,0.6001137598260554,3224,"[1.0, 0.5761280173576816, 0.28537373803969623, 0.7325399462994127]"
"[0.8911682603819607, 0.6313795615954183, 0.3512816149370519, 0.911636578173457]",stable,0.3191098584601395,3225,"[0.8979794945850682, 0.5319860263171101, 0.5290354144407446, 0.6660572208122134]"
"[0.9188686994547686, 0.8427497184183229, 0.3902037090437113, 0.6672310819496838]",stable,0.43493456749510856,3226,"[0.9923562517313237, 0.44232522112148953, 0.5413958711476301, 0.6910808145577939]"
"[0.929608598365167, 0.6315536909687565, 0.615576884854545, 0.6175753232681662]",anomaly,0.6004795907938922,3227,"[0.5990539149499132, 0.550933768493758, 0.12882222420287656, 0.5288078254649391]"
"[0.929608598365167, 0.6315536909687565, 0.615576884854545, 0.6175753232681662]",stable,0.17542463860526358,3228,"[1.0, 0.4757659597262296, 0.621271140887149, 0.5786316119887782]"
"[0.9188686994547686, 0.8427497184183229, 0.3902037090437113, 0.6672310819496838]",stable,0.23138831590173023,3229,"[0.832066209394655, 0.7639909178439638, 0.2049992810886187, 0.5930539179898907]"
"[0.9188686994547686, 0.8427497184183229, 0.3902037090437113, 0.6672310819496838]",stable,0.23197507390213654,3230,"[0.8817987201754918, 0.7033891340243884, 0.4123520367214122, 0.8475816590116881]"
"[0.9310137495006469, 0.7684074631938347, 0.520311187923863, 0.8514335216359167]",stable,0.2293578215549038,3231,"[0.8442341115338915, 0.6047753158356, 0.6289320142776076, 0.7708088282973831]"
"[0.9188686994547686, 0.8427497184183229, 0.3902037090437113, 0.6672310819496838]",stable,0.2896090318905137,3232,"[0.7706342400131956, 0.6069085410679121, 0.3177285680845492, 0.6992658973158901]"
"[0.9310137495006469, 0.7684074631938347, 0.520311187923863, 0.8514335216359167]",stable,0.36757598175914546,3233,"[0.6303791771785547, 0.669422388015469, 0.34750491812771234, 0.7802232393588067]"
"[0.9286613258646309, 0.5591940876293084, 0.3611324895437091, 0.6758600557484193]",stable,0.2915999026000211,3234,"[0.6713841381198903, 0.6565242791442678, 0.3115968644486189, 0.5927215717076377]"
"[0.9286613258646309, 0.5591940876293084, 0.3611324895437091, 0.6758600557484193]",stable,0.3166258704043729,3235,"[0.6664633942541491, 0.5267285930539738, 0.518464612830803, 0.7513370794872067]"
"[0.7549579521192797, 0.6699845733251131, 0.20293905197777318, 0.7591758964206909]",stable,0.7358141884158248,3236,"[0.30074363939139154, 0.4743627153561803, 0.7116519689960289, 0.5640986431830797]"
"[0.34336379843199333, 0.26551630647907937, 0.7073264258389267, 0.4134902482860473]",stable,0.19496409366287992,3237,"[0.28660980509165784, 0.4501364663679086, 0.6811726924306918, 0.41811202815396276]"
"[0.3458334433139073, 0.4223306825974137, 0.36477334430994296, 0.509946785422596]",stable,0.2089724383175761,3238,"[0.3583896620739087, 0.5247477542817706, 0.46626182006404326, 0.35920643228663296]"
"[0.3458334433139073, 0.4223306825974137, 0.36477334430994296, 0.509946785422596]",stable,0.7266190185089036,3239,"[0.5847265465256346, 0.0, 0.8901503236114705, 0.38141232524355123]"
"[0.52545515123135, 0.38736782209238485, 0.824485872231716, 0.5947338474572892]",stable,0.27159361430585477,3240,"[0.34145786442551224, 0.4917196396429899, 0.810718536109065, 0.4249420678866078]"
"[0.534144914582261, 0.4977600416186797, 0.6124547499664115, 0.5593578567561726]",stable,0.5024336799192456,3241,"[0.08360013564534613, 0.3376515085435263, 0.7653783827651208, 0.5800611187708744]"
"[0.34336379843199333, 0.26551630647907937, 0.7073264258389267, 0.4134902482860473]",stable,0.43694306709006864,3242,"[0.0, 0.5228072050036515, 0.6399446338135494, 0.3657238014399943]"
"[0.52545515123135, 0.38736782209238485, 0.824485872231716, 0.5947338474572892]",stable,0.6710374334633301,3243,"[0.12829968494337557, 0.1543275954729756, 0.6987389257742102, 0.1230997403992623]"
"[0.3610715345597456, 0.4716036768396221, 0.6102273452434452, 0.3169605920206372]",stable,0.2604361350002497,3244,"[0.22565407434050777, 0.49620421564768635, 0.40111717582691375, 0.38877175005740655]"
"[0.3458334433139073, 0.4223306825974137, 0.36477334430994296, 0.509946785422596]",stable,0.45290403391344514,3245,"[0.37275578060212256, 0.5764593895157485, 0.7275972529881839, 0.28858643512215]"
"[0.3458334433139073, 0.4223306825974137, 0.36477334430994296, 0.509946785422596]",stable,0.307744826321589,3246,"[0.06443308975960141, 0.4724997923709857, 0.41634830689993185, 0.6116512730599915]"
"[0.4478858488273501, 0.5833783307984649, 0.3522161454916878, 0.30434365231088]",stable,0.6491292478106794,3247,"[0.2753144943391705, 0.42089574120688567, 0.9118556039990395, 0.5323589863009124]"
"[0.38486369374037116, 0.3696779455907846, 0.9082585187037794, 0.3469366615115365]",stable,0.44758697737105557,3248,"[0.494723743399156, 0.21821216982889682, 0.5725984517303994, 0.5764041102126599]"
"[0.34514450366690114, 0.2649597872243713, 0.7057413908494146, 0.4154068819557721]",stable,0.49450192276418564,3249,"[0.011096798461378843, 0.37231002355706383, 0.8247872427565016, 0.08791902849028549]"
"[0.10114585020432566, 0.5815670311269063, 0.47275051227615555, 0.4633468183500319]",stable,0.6907489045352173,3250,"[0.2687080860800774, 0.25951038361067413, 0.9938842682268142, 0.1917661297429689]"
"[0.34514450366690114, 0.2649597872243713, 0.7057413908494146, 0.4154068819557721]",stable,0.10529786945073673,3251,"[0.34226118520654325, 0.2245419536831732, 0.6374249951614716, 0.34627948798229036]"
"[0.34511097670805974, 0.2644898124157527, 0.7049470141553688, 0.41460307504910376]",stable,0.06555715371634606,3252,"[0.40896329374899776, 0.2766326037531121, 0.7096967896953156, 0.407488704890781]"
"[0.3458449113866912, 0.2646293847299752, 0.7050016092765176, 0.41452130067946785]",stable,0.3979770788808039,3253,"[0.5356428608181845, 0.16338840455659373, 0.7801045026350312, 0.0882203459631038]"
"[0.38486369374037116, 0.3696779455907846, 0.9082585187037794, 0.3469366615115365]",stable,0.29727143995206634,3254,"[0.2832243582931189, 0.3595218303769936, 0.8260174916138161, 0.6137193845053017]"
"[0.3458449113866912, 0.2646293847299752, 0.7050016092765176, 0.41452130067946785]",stable,0.22050163582286997,3255,"[0.14818096907343034, 0.2619381686358498, 0.7944329852419234, 0.4538242733229004]"
"[0.38486369374037116, 0.3696779455907846, 0.9082585187037794, 0.3469366615115365]",stable,0.21582250115313986,3256,"[0.2564088280126223, 0.33011473111210643, 0.7447050633764656, 0.30494000943695376]"
"[0.3448285922574404, 0.26537353639340855, 0.7054527848912897, 0.4132760587335302]",stable,0.49784404179469827,3257,"[0.12007405727772612, 0.5521129894167409, 1.0, 0.24488213631316197]"
"[0.52545515123135, 0.38736782209238485, 0.824485872231716, 0.5947338474572892]",stable,0.2956722721113141,3258,"[0.26929770135953013, 0.3280665133883059, 0.9545738352021336, 0.5577753565949197]"
"[0.38486369374037116, 0.3696779455907846, 0.9082585187037794, 0.3469366615115365]",stable,0.38201515837111427,3259,"[0.14850921800316286, 0.5604186965671617, 0.6777820432822237, 0.37082605703594557]"
"[0.52545515123135, 0.38736782209238485, 0.824485872231716, 0.5947338474572892]",anomaly,0.652968538421935,3260,"[0.706490568808224, 0.21667606803820394, 0.7208033494122855, 0.0]"
"[0.52545515123135, 0.38736782209238485, 0.824485872231716, 0.5947338474572892]",stable,0.5754766224781257,3261,"[0.31770920216432397, 0.4406061103011084, 0.4591267973804885, 0.2052554850832905]"
"[0.3458334433139073, 0.4223306825974137, 0.36477334430994296, 0.509946785422596]",stable,0.2721000196489738,3262,"[0.3113272572772987, 0.3567953312640709, 0.3417290033798146, 0.2491368548315807]"
"[0.12680301379021003, 0.7393000672103883, 0.33561827838020153, 0.2688832205711837]",stable,0.48434036932816227,3263,"[0.24893832272709426, 0.37375638814189677, 0.273675471684554, 0.5556051539204999]"
"[0.3607515538895128, 0.4723497187198, 0.6098866317068976, 0.31554564996168943]",stable,0.5381601923477961,3264,"[0.05479002616134626, 0.43206498296416895, 0.1875812709744559, 0.4421918442977393]"
"[0.23508555139251913, 0.7105191076793492, 0.5567660803264791, 0.2485536931587542]",stable,0.23925793301732473,3265,"[0.3914535699903685, 0.5690572053556759, 0.45985214098569815, 0.30677413479160526]"
"[0.30371978327079563, 0.7104253255199319, 0.27671531275686084, 0.45163401297652217]",stable,0.45508121475855084,3266,"[0.1116257464649538, 0.31557507495509796, 0.21318318748429713, 0.35036337687210484]"
"[0.12680301379021003, 0.7393000672103883, 0.33561827838020153, 0.2688832205711837]",stable,0.3064025007045221,3267,"[0.19862609418651278, 0.6042688637741505, 0.1088033031075557, 0.40688857789835886]"
"[0.23508555139251913, 0.7105191076793492, 0.5567660803264791, 0.2485536931587542]",stable,0.2372554168774741,3268,"[0.00729403407926682, 0.6541612979193845, 0.5510170512039667, 0.28307764746642905]"
"[0.44733259119169344, 0.5832379276078493, 0.3532714003494722, 0.304367480570495]",stable,0.3496305836994755,3269,"[0.1385199154625177, 0.5124365748799372, 0.49818813944953605, 0.2749977078862421]"
"[0.3447067558652235, 0.421765865220024, 0.36371406672127565, 0.5104776966841995]",stable,0.601839456781314,3270,"[0.09265822164131544, 0.6189691802010533, 0.3528736332658738, 0.0008939393906623461]"
"[0.12680301379021003, 0.7393000672103883, 0.33561827838020153, 0.2688832205711837]",stable,0.25352482791342235,3271,"[0.29558746869244035, 0.9095247947168748, 0.2562440387317146, 0.29146459292660987]"
"[0.44733259119169344, 0.5832379276078493, 0.3532714003494722, 0.304367480570495]",stable,0.4636466047122786,3272,"[0.005569263758095688, 0.7038332300981229, 0.4044556645169926, 0.25288660339334584]"
"[0.1254253575398451, 0.7388970349704763, 0.33640052140448323, 0.26870144083052644]",stable,0.43625486456328993,3273,"[0.17488362023592924, 0.34464257592541514, 0.28629271132625, 0.4416893479178991]"
"[0.3607515538895128, 0.4723497187198, 0.6098866317068976, 0.31554564996168943]",stable,0.5124846841525584,3274,"[0.0, 0.7353625879399348, 0.3762263406638692, 0.40895853382429753]"
"[0.12401608385962212, 0.7388573220824927, 0.3368480025197572, 0.2702773632237149]",anomaly,0.41947688385861637,3275,"[0.2498136186503837, 1.0, 0.1271797756395803, 0.05123496381369669]"
"[0.12401608385962212, 0.7388573220824927, 0.3368480025197572, 0.2702773632237149]",stable,0.28773221388509007,3276,"[0.3950026503247184, 0.7844030204842882, 0.2624763570977701, 0.31211700252655905]"
"[0.14545481789379175, 0.45491570472217185, 0.39478154669004273, 0.2829760699185979]",stable,0.4239305947962402,3277,"[0.0, 0.8200000033448338, 0.264180197058955, 0.373622567531662]"
"[0.12263812737229299, 0.739758907429852, 0.33604058245908164, 0.2714256432715809]",stable,0.2849596661468186,3278,"[0.23764290439186297, 0.6351765131660055, 0.3507428864159203, 0.5097998819417598]"
"[0.14545481789379175, 0.45491570472217185, 0.39478154669004273, 0.2829760699185979]",stable,0.3840142847888857,3279,"[0.2187158851813187, 0.6435988064641618, 0.710863500435987, 0.3641590273356599]"
"[0.52545515123135, 0.38736782209238485, 0.824485872231716, 0.5947338474572892]",stable,0.5730103564155425,3280,"[0.19890912144816578, 0.663037288188945, 0.8488124568608773, 0.21378355971015478]"
"[0.52545515123135, 0.38736782209238485, 0.824485872231716, 0.5947338474572892]",stable,0.33541129103157663,3281,"[0.5467283223320218, 0.6757272187911706, 0.7140035993365428, 0.4655413087632171]"
"[0.534144914582261, 0.4977600416186797, 0.6124547499664115, 0.5593578567561726]",stable,0.33455553213527556,3282,"[0.4278717138574396, 0.7365002727753354, 0.5512152013491836, 0.3596424827799961]"
"[0.3582294612226846, 0.7097967643413339, 0.5866585933864783, 0.5083964598981049]",stable,0.2913895786442262,3283,"[0.540472510025832, 0.5765835953022045, 0.6546019373608423, 0.3371267564782445]"
"[0.3427547658005189, 0.4208793906304308, 0.3628241660845512, 0.5096870260087248]",stable,0.5126836327009674,3284,"[0.6902443096717245, 0.6098304294035973, 0.40716121971504293, 0.18653496464820968]"
"[0.30401287615655137, 0.7104105450851694, 0.27741052924523263, 0.4506880694708858]",stable,0.41991614171111497,3285,"[0.5812095846054774, 0.7609929578412961, 0.5846397515566918, 0.4002581639356275]"
"[0.534144914582261, 0.4977600416186797, 0.6124547499664115, 0.5593578567561726]",stable,0.09165510662761585,3286,"[0.4742632821562328, 0.44739547017734466, 0.6278876836879501, 0.5141905769045927]"
"[0.5336374431210235, 0.4973332232166345, 0.6125855375403229, 0.5589750831981083]",stable,0.5459985937361145,3287,"[0.8667720992693051, 0.6949561423298929, 0.62068856388681, 0.9437026336022396]"
"[0.9188686994547686, 0.8427497184183229, 0.3902037090437113, 0.6672310819496838]",stable,0.6206178895717954,3288,"[0.9798818882963682, 0.4488232597351558, 0.7421764339863058, 0.9872015519773916]"
"[0.9294088238958811, 0.6291194762170808, 0.6158308766606204, 0.6190991871848306]",stable,0.5505471631333324,3289,"[0.5112055476423629, 0.5700940954394336, 0.9667640761857755, 0.6587235794208656]"
"[0.6522425802670531, 0.6604238232400685, 0.9042240235308644, 0.6398910480300876]",stable,0.2965644023690492,3290,"[0.5132264893133219, 0.5015056508992286, 0.8205938100267005, 0.449166185734816]"
"[0.367826352352184, 0.6017852101332686, 0.8756866644685156, 0.4825881391059832]",stable,0.3618936935084265,3291,"[0.4541010070803351, 0.261630124127857, 0.9248268946890696, 0.40907974100596156]"
"[0.3855560668737708, 0.3685974673761553, 0.9084242024636323, 0.34755809230648077]",stable,0.30248490936010924,3292,"[0.29197211710576043, 0.5104770107801722, 0.7757877845344521, 0.5597300521381124]"
"[0.3448285922574404, 0.26537353639340855, 0.7054527848912897, 0.4132760587335302]",stable,0.33068102316777853,3293,"[0.4164380178777176, 0.3510341520242227, 1.0, 0.3126469066598099]"
"[0.38586182876489894, 0.36842357316475, 0.9093308935283488, 0.3472124370030484]",stable,0.24528919458258422,3294,"[0.3577860627221602, 0.47741646836287505, 0.7211276030112442, 0.4571151693391969]"
"[0.3427547658005189, 0.4208793906304308, 0.3628241660845512, 0.5096870260087248]",stable,0.32096425740027,3295,"[0.539036024750435, 0.3558108142983238, 0.5730817932746907, 0.636373775497485]"
"[0.5336828093532034, 0.49614395927614446, 0.6122535733027965, 0.5596254923770947]",stable,0.41592655356049685,3296,"[0.2622343289184743, 0.655633259565469, 0.36969807428503, 0.436985313741163]"
"[0.14545481789379175, 0.45491570472217185, 0.39478154669004273, 0.2829760699185979]",stable,0.3368234340351295,3297,"[0.3573625353101174, 0.5668189740428838, 0.5727526857956018, 0.1269341621648607]"
"[0.3427547658005189, 0.4208793906304308, 0.3628241660845512, 0.5096870260087248]",stable,0.32871187865391566,3298,"[0.08904306816862587, 0.589554548694002, 0.3832135622935894, 0.3879708100496771]"
"[0.4496909573905287, 0.5834961072369342, 0.353794602479235, 0.3032234755615408]",stable,0.2833218592604416,3299,"[0.40454063270717255, 0.6138394144618, 0.6184721156678298, 0.21803062471864643]"
"[0.3427547658005189, 0.4208793906304308, 0.3628241660845512, 0.5096870260087248]",stable,0.4905359018121612,3300,"[0.1039903357079908, 0.7189030785353668, 0.6691995488836149, 0.4791415819699]"
"[0.3582294612226846, 0.7097967643413339, 0.5866585933864783, 0.5083964598981049]",stable,0.3591807650424891,3301,"[0.24154696400928274, 0.48050868238968797, 0.5456630104083663, 0.26112665892804654]"
"[0.3427547658005189, 0.4208793906304308, 0.3628241660845512, 0.5096870260087248]",stable,0.3133979238503378,3302,"[0.2998519010331736, 0.4204861584195292, 0.5876391406222071, 0.2955943464035631]"
"[0.3427547658005189, 0.4208793906304308, 0.3628241660845512, 0.5096870260087248]",stable,0.48766678644747824,3303,"[0.12208417309524955, 0.6709416463603158, 0.39954859680322513, 0.15578934507991968]"
"[0.12263203996265515, 0.7390026737917252, 0.3367384727265997, 0.27015491472002423]",stable,0.2891637873442815,3304,"[0.2331557548661834, 0.5532254752304442, 0.38483088491968526, 0.4560961870061554]"
"[0.4496909573905287, 0.5834961072369342, 0.353794602479235, 0.3032234755615408]",stable,0.47485158402045613,3305,"[0.10118510199820291, 0.8867005068550925, 0.2660250550344524, 0.3694903164212788]"
"[0.4496909573905287, 0.5834961072369342, 0.353794602479235, 0.3032234755615408]",stable,0.4849513737802446,3306,"[0.0, 0.6056365521884648, 0.303470739192039, 0.4762355770276985]"
"[0.4496909573905287, 0.5834961072369342, 0.353794602479235, 0.3032234755615408]",stable,0.3201450482638619,3307,"[0.20420103573717477, 0.38425019555754114, 0.39551652971403695, 0.3312929921473674]"
"[0.3427547658005189, 0.4208793906304308, 0.3628241660845512, 0.5096870260087248]",stable,0.5737010393853977,3308,"[0.0, 0.5847891448854378, 0.20947055909363985, 0.1081047594731401]"
"[0.12263203996265515, 0.7390026737917252, 0.3367384727265997, 0.27015491472002423]",stable,0.24927399965191696,3309,"[0.2995990870678978, 0.8705919572317427, 0.24710750227526634, 0.34411937078514854]"
"[0.4496909573905287, 0.5834961072369342, 0.353794602479235, 0.3032234755615408]",stable,0.5001448735125675,3310,"[0.0, 0.7695202623686932, 0.46792174054751273, 0.32033918197265376]"
"[0.12129908300653933, 0.73933438671104, 0.33816437781160963, 0.2707003958858137]",stable,0.3830141037562506,3311,"[0.3094750006957921, 0.42959032662131325, 0.3737001721965221, 0.15201824796719685]"
"[0.3427547658005189, 0.4208793906304308, 0.3628241660845512, 0.5096870260087248]",stable,0.47404094622202075,3312,"[0.12068278191059967, 0.5303924493572034, 0.21285301762867515, 0.13430136130454856]"
"[0.12129908300653933, 0.73933438671104, 0.33816437781160963, 0.2707003958858137]",stable,0.35365455688039527,3313,"[0.08320116649642462, 0.39657159694773225, 0.34855167711977514, 0.19307392922260586]"
"[0.3427547658005189, 0.4208793906304308, 0.3628241660845512, 0.5096870260087248]",stable,0.450351235197207,3314,"[0.04448553145177987, 0.68763444662944, 0.33737942057189785, 0.30463580336075124]"
"[0.12047313083928386, 0.7387784733768293, 0.3381559374111826, 0.2710652927403829]",stable,0.5525836860282293,3315,"[0.43040118003384775, 0.4325850363029809, 0.6376501777972583, 0.4318201167907588]"
"[0.3427547658005189, 0.4208793906304308, 0.3628241660845512, 0.5096870260087248]",anomaly,0.3905535618837889,3316,"[0.6066096231144208, 0.4300796601494311, 0.13315956720116257, 0.6831293104507978]"
"[0.3427547658005189, 0.4208793906304308, 0.3628241660845512, 0.5096870260087248]",anomaly,0.47286038363008887,3317,"[0.6131982279714918, 0.7011464492919092, 0.09642267730629395, 0.5403121591797637]"
"[0.3427547658005189, 0.4208793906304308, 0.3628241660845512, 0.5096870260087248]",stable,0.2803340752113779,3318,"[0.382010206021339, 0.5859500981989579, 0.5576117089443172, 0.40080324031421155]"
"[0.3427547658005189, 0.4208793906304308, 0.3628241660845512, 0.5096870260087248]",anomaly,0.3321296445794981,3319,"[0.5467008461839296, 0.42084335461526934, 0.10771728670235697, 0.4493829971380819]"
"[0.3427547658005189, 0.4208793906304308, 0.3628241660845512, 0.5096870260087248]",anomaly,0.4925542293389194,3320,"[0.2515664786305097, 0.8564666656369405, 0.37888287627595174, 0.7201631738308678]"
"[0.3427547658005189, 0.4208793906304308, 0.3628241660845512, 0.5096870260087248]",stable,0.2599199853239328,3321,"[0.2610024962015463, 0.6339088970661827, 0.4090628247009869, 0.6252525097108363]"
"[0.5336828093532034, 0.49614395927614446, 0.6122535733027965, 0.5596254923770947]",anomaly,0.5179028844939828,3322,"[0.36040121151913174, 0.24285662540680192, 0.4391979140254194, 0.18002813870785306]"
"[0.5336828093532034, 0.49614395927614446, 0.6122535733027965, 0.5596254923770947]",stable,0.40658238881702835,3323,"[0.2601264222379471, 0.6803661290335761, 0.5298306419628653, 0.3365900814580968]"
"[0.4496909573905287, 0.5834961072369342, 0.353794602479235, 0.3032234755615408]",stable,0.2002868220043633,3324,"[0.47825234401233957, 0.5095860758472277, 0.4536601429617094, 0.4577007856978932]"
"[0.3619474376348102, 0.4758580428106647, 0.6100401394260797, 0.31558477029294185]",stable,0.3170598697946086,3325,"[0.12492210651430935, 0.6619574200416051, 0.5364902363625791, 0.249984564538715]"
"[0.4496909573905287, 0.5834961072369342, 0.353794602479235, 0.3032234755615408]",stable,0.3961868949182184,3326,"[0.15006884080694566, 0.6283871596066675, 0.570126080089932, 0.4387820539357018]"
"[0.4496909573905287, 0.5834961072369342, 0.353794602479235, 0.3032234755615408]",stable,0.5135751565988688,3327,"[0.18992301469037143, 0.32919496980570295, 0.7001531071783, 0.4111437013984531]"
"[0.34308808014994524, 0.26609063115085, 0.7053932379506943, 0.41325209966234955]",stable,0.21330171862691052,3328,"[0.24622635277352128, 0.3669516637239966, 0.5513166742276917, 0.4601870925614564]"
"[0.3420118387346517, 0.26721130929055165, 0.7036812761315498, 0.4137735995834507]",stable,0.348993586071086,3329,"[0.07013254936818633, 0.32204499838686745, 0.7160244013155861, 0.20230471550562207]"
"[0.3619474376348102, 0.4758580428106647, 0.6100401394260797, 0.31558477029294185]",stable,0.3032563278279251,3330,"[0.09253857162324851, 0.35602807785314705, 0.6235156345293095, 0.24599702846979235]"
"[0.1009331058701744, 0.5825680870456417, 0.4713595021649233, 0.46111452716088963]",stable,0.2743238278630877,3331,"[0.14940150219577406, 0.3519143177617438, 0.6038509088821769, 0.41475459885750177]"
"[0.33989524162982887, 0.26814211158144385, 0.7025842391288095, 0.41378437979525345]",stable,0.6444686937320481,3332,"[0.06679507525930067, 0.3306247417900145, 0.1222560968895734, 0.40533662408985405]"
"[0.1009331058701744, 0.5825680870456417, 0.4713595021649233, 0.46111452716088963]",stable,0.3694441592789917,3333,"[0.23590065094885046, 0.8506321255469096, 0.6287667000417559, 0.3140179809072438]"
"[0.4496909573905287, 0.5834961072369342, 0.353794602479235, 0.3032234755615408]",stable,0.4966316879681733,3334,"[0.0, 0.7114493264901848, 0.4451834946532677, 0.16287704559184274]"
"[0.1191915017878021, 0.7384877377716522, 0.33929452844567287, 0.2699143539409303]",stable,0.4031651718264801,3335,"[0.4894193870319148, 0.8062086148424963, 0.24948500886004224, 0.38314686588913893]"
"[0.14716240033260045, 0.45327384307281093, 0.39407328859387464, 0.28114050565882537]",stable,0.2153510901706377,3336,"[0.0, 0.3896351144414247, 0.29247204923088305, 0.17942216737061684]"
"[0.3442945110074714, 0.421887421144258, 0.3638563930945189, 0.50909627327792]",stable,0.26942724458553463,3337,"[0.29457874674150664, 0.17378412712891878, 0.42774901045629243, 0.4421494895328837]"
"[0.3619474376348102, 0.4758580428106647, 0.6100401394260797, 0.31558477029294185]",stable,0.381342447651375,3338,"[0.48980725958331683, 0.7002265471193951, 0.3424992758057726, 0.23099996740494505]"
"[0.3056450121069751, 0.7108766903605971, 0.278141915889035, 0.44976484266052813]",stable,0.3146775303128747,3339,"[0.16765032361964416, 0.6500167360187747, 0.5102641067645867, 0.3001160254458909]"
"[0.45007669106545933, 0.5846185153127271, 0.3536859935689132, 0.3025290187523427]",stable,0.2907112492930949,3340,"[0.16127570792877852, 0.5634197396429979, 0.33008690418262465, 0.292493208118365]"
"[0.3437359069145954, 0.41909974368341146, 0.36457428767161754, 0.5083440622246048]",stable,0.40809570267388395,3341,"[0.15926519888803475, 0.5825683561606372, 0.33770960292904945, 0.18420063429566533]"
"[0.1191915017878021, 0.7384877377716522, 0.33929452844567287, 0.2699143539409303]",stable,0.290410132011591,3342,"[0.13326573151670548, 0.6613799921422241, 0.6130636461387087, 0.3268777333530742]"
"[0.45007669106545933, 0.5846185153127271, 0.3536859935689132, 0.3025290187523427]",stable,0.5403995754664674,3343,"[0.07706015968400812, 0.6458407689132731, 0.029123081866271994, 0.5118161910579169]"
"[0.23135669077303178, 0.7098096498026779, 0.5572746822329219, 0.2527421919809491]",stable,0.47716493439903,3344,"[0.0, 0.7061977892323552, 0.2566671771567122, 0.5421943272462801]"
"[0.23135669077303178, 0.7098096498026779, 0.5572746822329219, 0.2527421919809491]",stable,0.20348840882933023,3345,"[0.35168731758080946, 0.7229233625269952, 0.46505869132375066, 0.38784331832401003]"
"[0.35816998718957666, 0.7099160970521126, 0.5855531397313627, 0.5073005222474313]",stable,0.39997557131744177,3346,"[0.3508331919671849, 0.7264908011842771, 0.24806680304585976, 0.29339661667273353]"
"[0.14577647228326274, 0.4537582927388401, 0.3923484175128929, 0.2801991969522768]",stable,0.33338321418118666,3347,"[0.19720541067982728, 0.7000897455306399, 0.5344949526273673, 0.44637563846434003]"
"[0.45007669106545933, 0.5846185153127271, 0.3536859935689132, 0.3025290187523427]",stable,0.335786640480063,3348,"[0.20931196697510943, 0.5794760538973104, 0.20523148120786994, 0.48341524931957125]"
"[0.23135669077303178, 0.7098096498026779, 0.5572746822329219, 0.2527421919809491]",stable,0.11113395461150039,3349,"[0.1934163967416585, 0.7987694575560467, 0.5238844490487832, 0.20935400362517093]"
"[0.45007669106545933, 0.5846185153127271, 0.3536859935689132, 0.3025290187523427]",stable,0.3588952590470129,3350,"[0.4425593023578607, 0.8403884412283695, 0.46391768395952926, 0.5287590239775019]"
"[0.35893025129019185, 0.7110915235762231, 0.5844573248144992, 0.5074938420828373]",stable,0.3643178162106735,3351,"[0.3035582269306773, 1.0, 0.7558559906512252, 0.6371695904968167]"
"[0.3619474376348102, 0.4758580428106647, 0.6100401394260797, 0.31558477029294185]",stable,0.3514235057303577,3352,"[0.14139227257595954, 0.598052571730008, 0.4247351974947876, 0.4755362477593852]"
"[0.45007669106545933, 0.5846185153127271, 0.3536859935689132, 0.3025290187523427]",stable,0.1916412256193556,3353,"[0.3898803931012488, 0.735287972654688, 0.2538417953438634, 0.2817296011314401]"
"[0.14577647228326274, 0.4537582927388401, 0.3923484175128929, 0.2801991969522768]",stable,0.19630279815096255,3354,"[0.24423601985773333, 0.4353979105129485, 0.23419860939699266, 0.3392926873784753]"
"[0.1191915017878021, 0.7384877377716522, 0.33929452844567287, 0.2699143539409303]",stable,0.46483399515772056,3355,"[0.3177532478636569, 0.6008376383041985, 0.65697524054862, 0.5081900164076625]"
"[0.35856259947388347, 0.7101071138862942, 0.5851048062049824, 0.5075000579250232]",stable,0.25417539348164114,3356,"[0.4634591445486044, 0.6127686201021736, 0.3792121262967865, 0.46584351616992725]"
"[0.30708305167202493, 0.7113214169507944, 0.2775377466291645, 0.4461603596881183]",stable,0.5381306431787892,3357,"[0.6975768100230715, 0.440743313996613, 0.5292627927189163, 0.468990278429114]"
"[0.7529901286625239, 0.4953212397842356, 0.4531221873304748, 0.4707362188394073]",stable,0.6606193911753265,3358,"[0.2470375963361235, 0.8410854985980203, 0.6317101220993749, 0.6409814593346853]"
"[0.3575756525434608, 0.7112662146359555, 0.5855172426288267, 0.5086813092649316]",stable,0.322484520510671,3359,"[0.466211957152352, 0.7136721601352957, 0.8052386156262744, 0.7182311815251938]"
"[0.6908682788372157, 0.7152867299765056, 0.6955210132634696, 0.4816173203311056]",stable,0.5433329288095468,3360,"[0.4216765599347842, 0.2446787658527559, 0.6833599684707823, 0.5151843144766056]"
"[0.34078416900270886, 0.2678870752148277, 0.7023752796651354, 0.4148865529983116]",stable,0.27378339778732985,3361,"[0.2397642790634147, 0.14355587598294092, 0.9134582499388557, 0.34605296164486876]"
"[0.1362872717034831, 0.32071580816427886, 0.9476352126892748, 0.46282868027182805]",stable,0.33740770424537375,3362,"[0.46923957105892, 0.30627560690083655, 1.0, 0.46883990938366044]"
"[0.5253222309931106, 0.38860845066637223, 0.8244435672077484, 0.5931515902646537]",stable,0.5500539539947769,3363,"[0.37628299941456245, 0.12606995500822182, 0.8802083171770895, 0.13674114919852715]"
"[0.34078416900270886, 0.2678870752148277, 0.7023752796651354, 0.4148865529983116]",stable,0.3789925334074646,3364,"[0.24999367283571544, 0.49766130592655133, 0.5950824930220111, 0.14826981117674504]"
"[0.1020269576422979, 0.5836321361909965, 0.47149159133126184, 0.46111198981610524]",stable,0.6060121088452664,3365,"[0.09878709326121946, 0.25276937117518167, 0.9664889798247868, 0.5740172397230925]"
"[0.38586182876489894, 0.36842357316475, 0.9093308935283488, 0.3472124370030484]",stable,0.31331962336503405,3366,"[0.2935977912385952, 0.1588295357781018, 0.7698972768347179, 0.5093393619496762]"
"[0.3402767885966432, 0.2667144135004543, 0.7031013226454534, 0.4159021745999392]",stable,0.30649806042051775,3367,"[0.13710442165551526, 0.35875426699908214, 0.8621413327962442, 0.2784358482059218]"
"[0.38586182876489894, 0.36842357316475, 0.9093308935283488, 0.3472124370030484]",stable,0.20084966685965666,3368,"[0.44041407420528284, 0.23471102590748355, 0.8352198459423981, 0.465505076362957]"
"[0.5253222309931106, 0.38860845066637223, 0.8244435672077484, 0.5931515902646537]",stable,0.29553648848929137,3369,"[0.4479273028074019, 0.5376794898129813, 0.8527863175226523, 0.3516430916314851]"
"[0.5336828093532034, 0.49614395927614446, 0.6122535733027965, 0.5596254923770947]",stable,0.39944792877722957,3370,"[0.8840039865824091, 0.35262189228876617, 0.6174066504182476, 0.6869384244502934]"
"[0.7529901286625239, 0.4953212397842356, 0.4531221873304748, 0.4707362188394073]",stable,0.29151803689892836,3371,"[0.7063878314367327, 0.5936074005878436, 0.5933653814751051, 0.7019994213193583]"
"[0.9286613258646309, 0.5591940876293084, 0.3611324895437091, 0.6758600557484193]",stable,0.4633386551180992,3372,"[0.7317820193484267, 0.4310265589133704, 0.7540187962142203, 0.7475167554072898]"
"[0.7529901286625239, 0.4953212397842356, 0.4531221873304748, 0.4707362188394073]",stable,0.308198465298686,3373,"[0.6676036179371532, 0.4283199104935691, 0.6181648126070762, 0.7073100794278132]"
"[0.7089364931353033, 0.3598753681606614, 0.5075958653224253, 0.6976852317962746]",stable,0.4351771602853545,3374,"[0.9555637053531304, 0.6782653773616186, 0.34701323011536567, 0.6603328779392715]"
"[0.891046578041617, 0.6323147508477426, 0.35207473729788774, 0.9108046961064211]",stable,0.24608473585651244,3375,"[0.9351177865746649, 0.5667850804680425, 0.2848169616515551, 0.6876507588455214]"
"[0.891046578041617, 0.6323147508477426, 0.35207473729788774, 0.9108046961064211]",stable,0.18765404917114267,3376,"[0.8562553334343092, 0.6878472169921516, 0.5111997559732058, 0.8359783297339995]"
"[0.9188686994547686, 0.8427497184183229, 0.3902037090437113, 0.6672310819496838]",stable,0.43311526098153197,3377,"[0.5977404442351575, 0.763730408993795, 0.40864437876115517, 0.3881587554227569]"
"[0.6639136700478782, 0.7923978908421259, 0.4292782924891692, 0.4776114441645859]",stable,0.37422045245901353,3378,"[0.42879868904225393, 0.9371311647799183, 0.6091321188844725, 0.6550002073136924]"
"[0.35820041602152036, 0.7132474861284464, 0.5857243906661569, 0.5099648083706224]",stable,0.45141248792278565,3379,"[0.0, 0.8254766503669531, 0.43515988658460864, 0.30946383326164056]"
"[0.11793685440056209, 0.7394034105358133, 0.3403036374787143, 0.2703306642495693]",stable,0.17482585441302695,3380,"[0.10210261499129028, 0.7327976214898302, 0.22150228850900383, 0.14322456971578307]"
"[0.11793685440056209, 0.7394034105358133, 0.3403036374787143, 0.2703306642495693]",stable,0.5054458033376272,3381,"[0.5907534509489878, 0.8168763217602435, 0.399827923569019, 0.4199125265585862]"
"[0.662883244426767, 0.7927426574747753, 0.42886349856071637, 0.4767987833532338]",stable,0.5550575923176926,3382,"[0.224401274819212, 0.8482041490845685, 0.24822000917539339, 0.19375382966265023]"
"[0.11904585877992302, 0.7405367515623628, 0.33934443301722134, 0.2695329888892889]",stable,0.2694477283326151,3383,"[0.1993554852188852, 0.982806968068368, 0.288285706368935, 0.33917917207279163]"
"[0.45020414300339406, 0.584886611548817, 0.35392909959489294, 0.3040843949182245]",stable,0.4020618297197521,3384,"[0.060648535194072484, 0.5448720799627117, 0.32997690570212307, 0.39197792716931046]"
"[0.45020414300339406, 0.584886611548817, 0.35392909959489294, 0.3040843949182245]",stable,0.37333273475838885,3385,"[0.32615787618495196, 0.4609023260783196, 0.6829871692155657, 0.28568498448005925]"
"[0.3437359069145954, 0.41909974368341146, 0.36457428767161754, 0.5083440622246048]",stable,0.36300828326837614,3386,"[0.13469795666128748, 0.19453913175107576, 0.38082974796628977, 0.31498832619763184]"
"[0.3437359069145954, 0.41909974368341146, 0.36457428767161754, 0.5083440622246048]",stable,0.7114719380262597,3387,"[0.09087615417402205, 0.19951584466934527, 0.9342974733137068, 0.24480532298798308]"
"[0.3402767885966432, 0.2667144135004543, 0.7031013226454534, 0.4159021745999392]",stable,0.17969801080573655,3388,"[0.2025230049711008, 0.2945777175400957, 0.6288933271610314, 0.3320446771500131]"
"[0.3616160528065708, 0.47571956395203185, 0.6107155748870935, 0.31530792042430406]",stable,0.44530764942320655,3389,"[0.07573190639053681, 0.34040070212683654, 0.7768220593072739, 0.04947602066300921]"
"[0.10169855746413739, 0.5833245166971213, 0.4703684589056337, 0.46056330677922586]",stable,0.4365661634126047,3390,"[0.4402512308918646, 0.5696818824190504, 0.724558424911586, 0.3548588032631156]"
"[0.3437359069145954, 0.41909974368341146, 0.36457428767161754, 0.5083440622246048]",stable,0.36309858923248284,3391,"[0.41251918323668, 0.21457048737527368, 0.5031041162335492, 0.251270694654837]"
"[0.34104532470983506, 0.2661596908821013, 0.7009736927900075, 0.41415077587711896]",stable,0.5484961116106293,3392,"[0.4553391818262404, 0.5792668413737246, 0.352780606595245, 0.15240588917516779]"
"[0.30708305167202493, 0.7113214169507944, 0.2775377466291645, 0.4461603596881183]",stable,0.3394455940421396,3393,"[0.2566032551104692, 0.4944881887432273, 0.4206922267271842, 0.23363919032686198]"
"[0.3437359069145954, 0.41909974368341146, 0.36457428767161754, 0.5083440622246048]",stable,0.2690227591658388,3394,"[0.19925751570159075, 0.5561087505217122, 0.5421579883405931, 0.4738215952849865]"
"[0.4502525867658737, 0.5848335948490521, 0.35391826475527366, 0.30265346561876166]",stable,0.374742666046579,3395,"[0.13420411274783628, 0.6613662726378187, 0.4114331525445591, 0.4797980809465624]"
"[0.4502525867658737, 0.5848335948490521, 0.35391826475527366, 0.30265346561876166]",stable,0.2073603238419565,3396,"[0.3087662911382836, 0.7282322614850479, 0.32541487063107655, 0.2625996145699242]"
"[0.1467943117445406, 0.45152881044309134, 0.3925201026115428, 0.2800790859586027]",stable,0.2816915425972597,3397,"[0.08186989489947576, 0.6396786734274695, 0.5438405286008521, 0.40983540759853554]"
"[0.4502525867658737, 0.5848335948490521, 0.35391826475527366, 0.30265346561876166]",stable,0.4871023420508571,3398,"[0.16606494243970854, 0.23602760034273135, 0.17057231155774175, 0.33764938089926627]"
"[0.11904585877992302, 0.7405367515623628, 0.33934443301722134, 0.2695329888892889]",stable,0.45875680309510947,3399,"[0.32337860843374044, 0.4340652295267195, 0.4545062046012291, 0.5175630361653084]"
"[0.36233747645872943, 0.47658160357099527, 0.611760004703832, 0.3156707725604399]",stable,0.24142181875082683,3400,"[0.15283403530948134, 0.42297126678198793, 0.5937526127322357, 0.4214746871351432]"
"[0.4502525867658737, 0.5848335948490521, 0.35391826475527366, 0.30265346561876166]",stable,0.3016913171960093,3401,"[0.2718120741013693, 0.5321355518057248, 0.5860067941776239, 0.25230999452799935]"
"[0.3435097147092525, 0.41926602685944814, 0.36557353119305763, 0.5084464952683904]",stable,0.47439071753706463,3402,"[0.3424569787444486, 0.6754954073487909, 0.7477356648540401, 0.3929300340948743]"
"[0.5336828093532034, 0.49614395927614446, 0.6122535733027965, 0.5596254923770947]",anomaly,0.6918505628720979,3403,"[0.38031916808319477, 0.5080185950823622, 1.0, 0.0076757695844632545]"
"[0.5336828093532034, 0.49614395927614446, 0.6122535733027965, 0.5596254923770947]",stable,0.5077592955020863,3404,"[0.10307059641179156, 0.24128309229487876, 0.666997739670736, 0.4929798701299276]"
"[0.3615145182554807, 0.4770866394640383, 0.6115258846081392, 0.3150947654874177]",stable,0.5495727740659382,3405,"[0.10295126672957272, 0.09563782206748545, 0.9047671310049377, 0.37577136784206666]"
"[0.13555361113367848, 0.320117648601193, 0.9463024104341244, 0.46136459481953523]",stable,0.10093264773454295,3406,"[0.1659551265141844, 0.2608218797967029, 0.9729156452744953, 0.3903794218994815]"
"[0.38586182876489894, 0.36842357316475, 0.9093308935283488, 0.3472124370030484]",stable,0.24394744028523613,3407,"[0.20824758175476932, 0.3871379037077916, 1.0, 0.4864691059446171]"
"[0.38586182876489894, 0.36842357316475, 0.9093308935283488, 0.3472124370030484]",stable,0.36423058794329605,3408,"[0.07093736953843047, 0.24486963050591304, 1.0, 0.4472126498004457]"
"[0.38586182876489894, 0.36842357316475, 0.9093308935283488, 0.3472124370030484]",stable,0.1868375317760113,3409,"[0.23006345533885678, 0.3316720474067787, 1.0, 0.37982483654747184]"
"[0.13801637203389194, 0.319081183175497, 0.94977844753668, 0.45874288435497734]",anomaly,0.42946324926226825,3410,"[0.04947688125605848, 0.3046264538941219, 0.8969693366608188, 0.04208751159517449]"
"[0.13801637203389194, 0.319081183175497, 0.94977844753668, 0.45874288435497734]",stable,0.2042856580238387,3411,"[0.24099316155582381, 0.21629194143290864, 0.8626771616223594, 0.34482998487452327]"
"[0.13801637203389194, 0.319081183175497, 0.94977844753668, 0.45874288435497734]",stable,0.10718238275353954,3412,"[0.17271167120532852, 0.3832987504887946, 0.9562267116796591, 0.536965792291433]"
"[0.1386471956551908, 0.320248775308466, 0.949895688702916, 0.46016511904473106]",stable,0.31572873203583096,3413,"[0.345028688411775, 0.09428544778663075, 0.8733489135758739, 0.473298188504206]"
"[0.1386471956551908, 0.320248775308466, 0.949895688702916, 0.46016511904473106]",stable,0.2616146375542327,3414,"[0.09417499451814293, 0.18435781474585577, 0.7383472960560039, 0.4031970023957006]"
"[0.3615145182554807, 0.4770866394640383, 0.6115258846081392, 0.3150947654874177]",stable,0.26442827766806337,3415,"[0.22311647591557374, 0.34580490017393084, 0.7565026092075975, 0.20322363355269193]"
"[0.10293987537799766, 0.5829154928246637, 0.4719816161871392, 0.4601223571165207]",stable,0.4267877992478878,3416,"[0.17776761924488177, 0.42837429754440737, 0.8283713695307299, 0.6202847653392107]"
"[0.34104532470983506, 0.2661596908821013, 0.7009736927900075, 0.41415077587711896]",stable,0.2334355267960297,3417,"[0.3285934878690984, 0.2369548097668481, 0.8026231139611437, 0.2064212232745861]"
"[0.34104532470983506, 0.2661596908821013, 0.7009736927900075, 0.41415077587711896]",anomaly,0.28554582192685174,3418,"[0.3643966993433422, 0.0, 0.6150746674296014, 0.46679587170078995]"
"[0.34127629580105784, 0.2633580099254476, 0.7010282435896638, 0.4150197202389439]",stable,0.5568429202020373,3419,"[0.21971547720138904, 0.7997246842321177, 0.6783351575428909, 0.3308008405302523]"
"[0.4520526610905301, 0.5844425094272367, 0.35534519517085594, 0.301487086179837]",stable,0.4065390828083375,3420,"[0.34081163385686436, 0.2853592300731693, 0.5902048451974945, 0.3925343075038558]"
"[0.3412714555724725, 0.2635871893019864, 0.6998738331897453, 0.4147854971896201]",stable,0.4522068813834353,3421,"[0.01438476345625439, 0.4931985575295448, 0.5030844807325313, 0.33611705098665934]"
"[0.4520526610905301, 0.5844425094272367, 0.35534519517085594, 0.301487086179837]",stable,0.44533962169938196,3422,"[0.16478175553759217, 0.5181526791726795, 0.6874211319692549, 0.33516253840295307]"
"[0.5253222309931106, 0.38860845066637223, 0.8244435672077484, 0.5931515902646537]",stable,0.7394810266016554,3423,"[0.06161172419646577, 0.4715171472783388, 0.5507077727290344, 0.09315197282735091]"
"[0.102263882157221, 0.5822306307231742, 0.4722190426340506, 0.45917575172621644]",stable,0.39969519043905666,3424,"[0.270405879098191, 0.3326842641694222, 0.310887785245981, 0.2513697112600608]"
"[0.11904585877992302, 0.7405367515623628, 0.33934443301722134, 0.2695329888892889]",stable,0.5047257035774619,3425,"[0.2871368732507596, 0.3719037753990245, 0.15168715544210853, 0.5048793756556587]"
"[0.3615145182554807, 0.4770866394640383, 0.6115258846081392, 0.3150947654874177]",stable,0.39961647882863766,3426,"[0.024421613947688187, 0.3738833292971213, 0.43344832325359073, 0.37591550972279064]"
"[0.34289023293498333, 0.4187455625576853, 0.3632231314595308, 0.5084072961517669]",stable,0.4601361588495654,3427,"[0.1444261236381929, 0.6928550423496258, 0.5809203921578965, 0.28522759775945433]"
"[0.4520526610905301, 0.5844425094272367, 0.35534519517085594, 0.301487086179837]",stable,0.4723788238957646,3428,"[0.00984704468129699, 0.5645335702982914, 0.5020111343159708, 0.37691044144011016]"
"[0.4520526610905301, 0.5844425094272367, 0.35534519517085594, 0.301487086179837]",stable,0.5910732969113037,3429,"[0.0, 0.6669909451724532, 0.0, 0.1922553053302478]"
"[0.11904585877992302, 0.7405367515623628, 0.33934443301722134, 0.2695329888892889]",stable,0.41238515271940407,3430,"[0.2245607860640605, 0.3466773885053269, 0.3941969937329092, 0.29771299986989774]"
"[0.34289023293498333, 0.4187455625576853, 0.3632231314595308, 0.5084072961517669]",stable,0.3345906279070635,3431,"[0.15988666565895063, 0.6317190044031147, 0.22791066450201578, 0.3867790428473948]"
"[0.22943398549503383, 0.7120902164890125, 0.5588425125434967, 0.2536880492481608]",stable,0.5521529958665006,3432,"[0.2542160828088784, 0.2994187086938547, 0.45053511215938885, 0.6033028546743419]"
"[0.3615145182554807, 0.4770866394640383, 0.6115258846081392, 0.3150947654874177]",stable,0.22629296092314277,3433,"[0.18968454751560693, 0.3647304539389, 0.6892302081341802, 0.2601303133524405]"
"[0.3615145182554807, 0.4770866394640383, 0.6115258846081392, 0.3150947654874177]",stable,0.2435035132727422,3434,"[0.23414952631783664, 0.49581040242464874, 0.8060321244963049, 0.3850151713075686]"
"[0.5253222309931106, 0.38860845066637223, 0.8244435672077484, 0.5931515902646537]",stable,0.38619503316846165,3435,"[0.4202811375329343, 0.3714977887036235, 0.5032790828299487, 0.4069431813508285]"
"[0.34192638347709087, 0.4174485315374263, 0.36417217472800745, 0.5094387696139688]",stable,0.6943253187099089,3436,"[0.0, 0.12429091704437553, 0.8807865353571429, 0.6205342778057374]"
"[0.14015559687278836, 0.3187882801152927, 0.9507904085475067, 0.46460383696684104]",stable,0.2696240895187613,3437,"[0.39498590019524366, 0.346056460046017, 0.9916796559012908, 0.39150676471689944]"
"[0.38595128044558863, 0.3682042877420173, 0.9101382343359268, 0.34764669511789004]",stable,0.3456954366463205,3438,"[0.3518739852778649, 0.03654257789100246, 0.9547276192591466, 0.26791984993377266]"
"[0.3412714555724725, 0.2635871893019864, 0.6998738331897453, 0.4147854971896201]",stable,0.3337201078730156,3439,"[0.4247381522924945, 0.007190415941252637, 0.8564877088158148, 0.2958939099808878]"
"[0.3412714555724725, 0.2635871893019864, 0.6998738331897453, 0.4147854971896201]",stable,0.3305901827691251,3440,"[0.10955209333875862, 0.1206791821758457, 0.8764719504123472, 0.3516474531750048]"
"[0.14015559687278836, 0.3187882801152927, 0.9507904085475067, 0.46460383696684104]",anomaly,0.5628538538212821,3441,"[0.5781047384519755, 0.555703737701095, 0.917981685177195, 0.20422015126583082]"
"[0.14015559687278836, 0.3187882801152927, 0.9507904085475067, 0.46460383696684104]",anomaly,0.5842795392187226,3442,"[0.4178631379976999, 0.2695473727836404, 0.7363616108713482, 0.0]"
"[0.14015559687278836, 0.3187882801152927, 0.9507904085475067, 0.46460383696684104]",stable,0.23788001028835112,3443,"[0.3246208554833746, 0.33953946187484046, 0.9457564745059888, 0.31593132564022275]"
"[0.385355839426538, 0.36792598846175345, 0.9104840424929176, 0.347338778909369]",stable,0.26255698083196677,3444,"[0.6033335107476938, 0.2776256528930601, 1.0, 0.2748498436380083]"
"[0.5253222309931106, 0.38860845066637223, 0.8244435672077484, 0.5931515902646537]",stable,0.49322877557468503,3445,"[0.1559941683755545, 0.20311860473983498, 0.8411885559154092, 0.32447980233485385]"
"[0.3620439472579803, 0.4761353885562868, 0.610550688195723, 0.31592222869339437]",stable,0.589366085495343,3446,"[0.20776004125196207, 0.2157210981663736, 1.0, 0.6385094106698688]"
"[0.14134163975663352, 0.3169800839407502, 0.95165373471334, 0.46765481194408715]",stable,0.5205077702195517,3447,"[0.6207441023825138, 0.2559234940110738, 0.7803290663159795, 0.3780916023551886]"
"[0.385355839426538, 0.36792598846175345, 0.9104840424929176, 0.347338778909369]",stable,0.3413711220824489,3448,"[0.39319174453324535, 0.05703087304656146, 0.7826936301313073, 0.288290668842975]"
"[0.3412714555724725, 0.2635871893019864, 0.6998738331897453, 0.4147854971896201]",stable,0.4666392261154875,3449,"[0.17114639355412387, 0.10486310407806343, 0.9894272326866329, 0.13234059241607188]"
"[0.3412714555724725, 0.2635871893019864, 0.6998738331897453, 0.4147854971896201]",stable,0.38008681118117404,3450,"[0.15810786523258136, 0.15017719811568656, 1.0, 0.32545722001726823]"
"[0.14134163975663352, 0.3169800839407502, 0.95165373471334, 0.46765481194408715]",stable,0.5360086927608321,3451,"[0.5017216505914058, 0.46955407911163305, 0.6779135200415248, 0.22430519231231238]"
"[0.34192638347709087, 0.4174485315374263, 0.36417217472800745, 0.5094387696139688]",stable,0.5508657800410252,3452,"[0.327364221405968, 0.11371958782280578, 0.7466147695756846, 0.2550228867524662]"
"[0.3412714555724725, 0.2635871893019864, 0.6998738331897453, 0.4147854971896201]",stable,0.3570185522472037,3453,"[0.3216115115879452, 0.3676047689147761, 0.928120133168419, 0.16148784041254527]"
"[0.3847429131973208, 0.3679228998122633, 0.9106536202878743, 0.34555175065459187]",stable,0.5588153577315178,3454,"[0.19433123109635128, 0.39495487685912006, 0.43706454749005796, 0.11971849867533557]"
"[0.10156375460058521, 0.5820965620835917, 0.47244474029830763, 0.4585525296785944]",stable,0.39743079545420834,3455,"[0.07081170956448493, 0.2641123885621921, 0.698561778536624, 0.5275648424184717]"
"[0.3412714555724725, 0.2635871893019864, 0.6998738331897453, 0.4147854971896201]",stable,0.4133008057772786,3456,"[0.5614980002819439, 0.5428706447273407, 0.4896392839885765, 0.40383054811030145]"
"[0.3071015488090168, 0.7115072504072147, 0.2780638688709437, 0.4441432086428634]",stable,0.5499231820174105,3457,"[0.0, 0.5385145541907768, 0.5918550750745839, 0.1618087424431292]"
"[0.10156375460058521, 0.5820965620835917, 0.47244474029830763, 0.4585525296785944]",stable,0.27551097529173746,3458,"[0.1882948010369609, 0.7974385298676182, 0.38300881386255553, 0.34017569468230946]"
"[0.11975976540112959, 0.741123367833551, 0.33979458127335876, 0.2702612642067427]",stable,0.6324654952794346,3459,"[0.6359377328938501, 0.4654073380206289, 0.4017252505363988, 0.5020330737586731]"
"[0.7514894569219, 0.4949377282231636, 0.4524632522433713, 0.4711374605691415]",stable,0.5877722486174594,3460,"[0.1912277897741601, 0.620843461243222, 0.4176275615505584, 0.35064969514751826]"
"[0.45306604386082094, 0.5840575847540895, 0.3565886589562052, 0.3024347108273413]",stable,0.47956016430180215,3461,"[0.0, 0.5910415000039466, 0.49384463060047956, 0.2261383527147478]"
"[0.34192638347709087, 0.4174485315374263, 0.36417217472800745, 0.5094387696139688]",stable,0.18625166217704575,3462,"[0.3128691768229222, 0.4902855882227383, 0.424247992206546, 0.3515431720411572]"
"[0.36329106960917157, 0.4760766268648166, 0.6111521420514892, 0.31510421943999184]",stable,0.3995719171770537,3463,"[0.11485245927119518, 0.4406283298023987, 0.3058545569430847, 0.3740344888457271]"
"[0.341613940394788, 0.4182317256953329, 0.36481815126003475, 0.50774096748953]",stable,0.42809620992184944,3464,"[0.22303201271125567, 0.7812513636833347, 0.1989037227896935, 0.4082732026773569]"
"[0.14460468049262667, 0.45100052912776223, 0.39308151529863977, 0.281583840932316]",stable,0.4347775764440912,3465,"[0.08446321761712053, 0.8131316232249061, 0.3020572003435114, 0.0671306054781805]"
"[0.11939959654619071, 0.7418581459497893, 0.3394095059577481, 0.2681885023829818]",stable,0.392467808232454,3466,"[0.23830301079468547, 0.42357770359621366, 0.49019859409750055, 0.3940978725348149]"
"[0.341613940394788, 0.4182317256953329, 0.36481815126003475, 0.50774096748953]",stable,0.30148209551639027,3467,"[0.17979985105323226, 0.4995105335406731, 0.598064513407676, 0.5685484041042118]"
"[0.3412714555724725, 0.2635871893019864, 0.6998738331897453, 0.4147854971896201]",stable,0.5946697142464544,3468,"[0.539618897030259, 0.8176824420760147, 0.6589754621514209, 0.3399781739598269]"
"[0.5336828093532034, 0.49614395927614446, 0.6122535733027965, 0.5596254923770947]",anomaly,0.5862995434986963,3469,"[0.15554712925317285, 0.9017712398167501, 0.5327552251223225, 0.7325621399098714]"
"[0.5336828093532034, 0.49614395927614446, 0.6122535733027965, 0.5596254923770947]",stable,0.6255848905422755,3470,"[0.017178404944948183, 0.48377149347537424, 0.49479285966312436, 0.22701527253571338]"
"[0.341613940394788, 0.4182317256953329, 0.36481815126003475, 0.50774096748953]",stable,0.29877863188473397,3471,"[0.5603575678007143, 0.5080857059679802, 0.292281394581535, 0.34015642912176325]"
"[0.30618774950360633, 0.7122653385949987, 0.27720343250049534, 0.4437533172736731]",stable,0.3839514690052228,3472,"[0.1537047119252123, 0.45091895622740774, 0.23490646036404286, 0.2112093679359281]"
"[0.11939959654619071, 0.7418581459497893, 0.3394095059577481, 0.2681885023829818]",stable,0.2537620876712931,3473,"[0.3251907567922032, 0.7355845281654527, 0.44595859365124585, 0.16497450558277832]"
"[0.4540503697685264, 0.5833605950404556, 0.3559986840536853, 0.30278078163738187]",stable,0.2002421600454438,3474,"[0.274113026670295, 0.5800173991487975, 0.4076848899798048, 0.37375144019855944]"
"[0.30618774950360633, 0.7122653385949987, 0.27720343250049534, 0.4437533172736731]",stable,0.5402430982817237,3475,"[0.24146738053673034, 0.24855118017468558, 0.273053475976746, 0.17426150622328282]"
"[0.11939959654619071, 0.7418581459497893, 0.3394095059577481, 0.2681885023829818]",stable,0.3662372800977142,3476,"[0.09943521100356564, 0.45445114834603784, 0.4830395981064858, 0.44282751005600807]"
"[0.45241457574036065, 0.5833302023505313, 0.35646855865301363, 0.30342596944248346]",stable,0.39368369314361407,3477,"[0.30720828525140664, 0.9389060356066712, 0.3861327405605792, 0.3845915198046261]"
"[0.45241457574036065, 0.5833302023505313, 0.35646855865301363, 0.30342596944248346]",stable,0.41173193563560867,3478,"[0.32119622682514376, 0.7644543051089282, 0.3207091006544368, 0.6472576903377829]"
"[0.1442803733268034, 0.45105195353945515, 0.39499332705982576, 0.2821410088477573]",stable,0.6023610964360702,3479,"[0.10395931184773724, 0.49972751261765763, 0.5696260991476996, 0.8551568789265843]"
"[0.5336828093532034, 0.49614395927614446, 0.6122535733027965, 0.5596254923770947]",stable,0.4650412548080589,3480,"[0.4591345714247593, 0.7366769077692317, 0.2300575308232967, 0.4773089405940645]"
"[0.1442803733268034, 0.45105195353945515, 0.39499332705982576, 0.2821410088477573]",stable,0.2018254908608748,3481,"[0.3035116286430818, 0.5531197651481946, 0.46355192689319624, 0.29829081732729906]"
"[0.341613940394788, 0.4182317256953329, 0.36481815126003475, 0.50774096748953]",stable,0.15695911166667975,3482,"[0.3954639288040296, 0.34800737028421286, 0.25038049113078453, 0.5686417337798871]"
"[0.36276204800770173, 0.47675842454874034, 0.609845945457168, 0.314955428270853]",stable,0.4283854155606671,3483,"[0.16733909055628576, 0.4304328342909226, 0.23393528756628873, 0.35818792689559903]"
"[0.11939959654619071, 0.7418581459497893, 0.3394095059577481, 0.2681885023829818]",stable,0.10315209107843813,3484,"[0.1646458884130413, 0.7124877491136483, 0.41632770826199694, 0.3107807189269047]"
"[0.11985662979737102, 0.7415614752746768, 0.3401864574961749, 0.26861872679251636]",stable,0.5651870204587655,3485,"[0.6512836867616523, 0.8974045324958603, 0.3860221812125185, 0.371738458991031]"
"[0.662722139459196, 0.794196294627846, 0.4282684802642136, 0.47533961218153653]",stable,0.32318767342648597,3486,"[0.5199747529836254, 0.5418507601496236, 0.5416917746717037, 0.38856206079944744]"
"[0.5335685755501236, 0.49652484928342344, 0.6116655583142041, 0.5581999637806143]",stable,0.5157864850043229,3487,"[0.5497084318439901, 0.7197067506720564, 0.1686663523607112, 0.6986162932051412]"
"[0.7526255712070605, 0.670549598067692, 0.20254958948212473, 0.7584877191114233]",stable,0.34236559967356417,3488,"[0.6097985425567232, 0.61733965523566, 0.5029544928795221, 0.6973302197726898]"
"[0.9289790291046169, 0.560400395082366, 0.3602712058549425, 0.6758244702749713]",stable,0.3140458534486475,3489,"[1.0, 0.7567940718045086, 0.3099957078060626, 0.44673340148165896]"
"[0.9188686994547686, 0.8427497184183229, 0.3902037090437113, 0.6672310819496838]",stable,0.3832476364111025,3490,"[0.7588903349513763, 0.7421999834304216, 0.369221057185542, 1.0]"
"[0.9128929169702071, 0.7114055493035774, 0.4507174398761297, 0.8770857186019987]",stable,0.29050548258648595,3491,"[0.6807578815237423, 0.7700718367349109, 0.33573550008914144, 0.7594244209169861]"
"[0.7518180690757874, 0.6716678254684473, 0.20404606038782155, 0.7584982438508117]",stable,0.31464069363939423,3492,"[0.4926306156509558, 0.6254989119691228, 0.3509546519170712, 0.6684597673964989]"
"[0.9289790291046169, 0.560400395082366, 0.3602712058549425, 0.6758244702749713]",stable,0.3439124951585649,3493,"[0.6207378028561439, 0.5761991963509169, 0.5092589003646086, 0.6472549842768156]"
"[0.6095296840569745, 0.6201702478211107, 0.3958380601238023, 0.6520318782590132]",stable,0.3865440832467805,3494,"[0.3623487050579571, 0.5386130046542398, 0.6814176392609707, 0.6415146551921119]"
"[0.5335685755501236, 0.49652484928342344, 0.6116655583142041, 0.5581999637806143]",stable,0.43626289579264715,3495,"[0.3822264802444192, 0.2641507695022707, 0.9483127223016068, 0.5486156819104671]"
"[0.5253222309931106, 0.38860845066637223, 0.8244435672077484, 0.5931515902646537]",stable,0.2011183114690818,3496,"[0.5512865804183134, 0.26707783567218585, 0.6678206307272073, 0.5713802064214566]"
"[0.36854650467912453, 0.6019115848292586, 0.8737017783295637, 0.47968546604696205]",stable,0.32547717198871057,3497,"[0.41997545040980744, 0.42416026262912276, 0.6569845463443134, 0.32243228851609673]"
"[0.3421868126119076, 0.4174846580845763, 0.36360072934376614, 0.5083888479819806]",stable,0.5852007470267951,3498,"[0.5282357255751705, 0.35422024203078584, 0.8772812360718529, 0.3084496897991569]"
"[0.38610951141044314, 0.36779239830958255, 0.9103357880572456, 0.3451983976940639]",stable,0.218594392943139,3499,"[0.30063461784317214, 0.39619976261098666, 0.8205427501061093, 0.5229841766101411]"
"[0.3412714555724725, 0.2635871893019864, 0.6998738331897453, 0.4147854971896201]",stable,0.30244494899153834,3500,"[0.22015755264706427, 0.3062864789527695, 0.6971972526460922, 0.14097173517503309]"
"[0.10221700453772369, 0.5814331403330103, 0.4721147229778631, 0.4576299337520745]",stable,0.5428172303312758,3501,"[0.09024941531943911, 0.11749515490795504, 0.5535695061206201, 0.18812300186399225]"
"[0.3632639199585974, 0.47629703716348054, 0.6102594419561781, 0.31502101476423233]",stable,0.2371255513503398,3502,"[0.15542656929306736, 0.5850041249837343, 0.5981353398983787, 0.34770033511315995]"
"[0.45241457574036065, 0.5833302023505313, 0.35646855865301363, 0.30342596944248346]",stable,0.39003336284389534,3503,"[0.1484535461283768, 0.6228484710192259, 0.37313019244792284, 0.06281339078281822]"
"[0.1442803733268034, 0.45105195353945515, 0.39499332705982576, 0.2821410088477573]",stable,0.36049768308869357,3504,"[0.2730197866496653, 0.5024628965185245, 0.7021234990243186, 0.41025312919811846]"
"[0.3421868126119076, 0.4174846580845763, 0.36360072934376614, 0.5083888479819806]",stable,0.4583900901232369,3505,"[0.0, 0.5396428477056582, 0.5034830262435193, 0.2664384817490658]"
"[0.3421868126119076, 0.4174846580845763, 0.36360072934376614, 0.5083888479819806]",stable,0.3113630869245003,3506,"[0.27066998903001016, 0.2641885517838891, 0.22666916221896202, 0.28571786747104067]"
"[0.11985662979737102, 0.7415614752746768, 0.3401864574961749, 0.26861872679251636]",stable,0.5387795341667098,3507,"[0.08301272043598137, 0.42235325514754607, 0.6472330852335553, 0.5731747862926325]"
"[0.3412714555724725, 0.2635871893019864, 0.6998738331897453, 0.4147854971896201]",stable,0.7955782065349356,3508,"[0.05933803581535718, 0.46821853343730274, 0.005197893573097356, 0.24446350374043618]"
"[0.23076394065193895, 0.7124165263734076, 0.5572746803366599, 0.25245591669725276]",stable,0.40428007339544597,3509,"[0.0, 0.6916609074312365, 0.2474177653637974, 0.36970896768204903]"
"[0.11865806349939731, 0.7410624695962424, 0.3392587705748511, 0.26962962920141165]",stable,0.32356564048222225,3510,"[0.2489333367572143, 0.7494505526082728, 0.04634902771338112, 0.31271790461924026]"
"[0.1429062745332148, 0.45189567634103806, 0.39602656229014666, 0.2819914609706269]",stable,0.31165640655216553,3511,"[0.0069315525985980675, 0.6036761138596792, 0.3081967717444103, 0.5008275124318847]"
"[0.45241457574036065, 0.5833302023505313, 0.35646855865301363, 0.30342596944248346]",stable,0.43489299045465435,3512,"[0.2520585512114635, 0.8251123308082613, 0.3333343900671635, 0.6034186179921759]"
"[0.1429062745332148, 0.45189567634103806, 0.39602656229014666, 0.2819914609706269]",stable,0.4371803794933604,3513,"[0.30105041328825055, 0.7797844555082005, 0.4638803054469932, 0.5143746222092569]"
"[0.3577034594760137, 0.713826068470879, 0.5846648768816424, 0.5100031545779149]",stable,0.6383811609551123,3514,"[0.13791336449598762, 0.6151428739255603, 0.0802138591338355, 0.2017603629045317]"
"[0.1429062745332148, 0.45189567634103806, 0.39602656229014666, 0.2819914609706269]",stable,0.4969398149871592,3515,"[0.13749927916134563, 0.8741699901189048, 0.14469048138052418, 0.2082722472136688]"
"[0.3067770379223996, 0.7146260963232769, 0.27534547749274846, 0.44652092023667905]",stable,0.37908921003688756,3516,"[0.23327273273763016, 0.7213857322598548, 0.5858265252245197, 0.2419199119129608]"
"[0.45241457574036065, 0.5833302023505313, 0.35646855865301363, 0.30342596944248346]",anomaly,0.6575550987560685,3517,"[0.09064465821922105, 0.8288353257352411, 0.8397089358492449, 0.21563526995812227]"
"[0.45241457574036065, 0.5833302023505313, 0.35646855865301363, 0.30342596944248346]",anomaly,0.6245264437154043,3518,"[0.084712435397467, 0.1810858766348413, 0.5492947801171589, 0.5397434796537569]"
"[0.45241457574036065, 0.5833302023505313, 0.35646855865301363, 0.30342596944248346]",stable,0.3051899405235337,3519,"[0.28188303703216383, 0.47288322417495393, 0.3746190276536639, 0.5304324001652997]"
"[0.36247918836460663, 0.4765245663752635, 0.6110582598437272, 0.3158491201071357]",stable,0.3741480834161432,3520,"[0.01035115264810299, 0.43992917135378384, 0.689770140864215, 0.22388254120018464]"
"[0.10190762301431354, 0.5816229488490205, 0.47183606610791495, 0.45713925713472814]",stable,0.49221202554684357,3521,"[0.14379125537366064, 0.5349274287610268, 0.9207139515022222, 0.2651845441398122]"
"[0.5256014175460697, 0.3873016698599831, 0.8227594496111834, 0.592917489363114]",stable,0.5107657089706724,3522,"[0.06043537717615019, 0.33003508999345615, 0.6827407726409651, 0.44588867151850103]"
"[0.36247918836460663, 0.4765245663752635, 0.6110582598437272, 0.3158491201071357]",stable,0.3507492976445245,3523,"[0.2470153492196855, 0.5360480285297998, 0.889006948854897, 0.1458648403099952]"
"[0.5256014175460697, 0.3873016698599831, 0.8227594496111834, 0.592917489363114]",stable,0.38264877501443906,3524,"[0.2017941118983589, 0.3141070650380926, 0.6486508903974886, 0.5161211791475873]"
"[0.3412714555724725, 0.2635871893019864, 0.6998738331897453, 0.4147854971896201]",stable,0.35890881459566004,3525,"[0.10533312507448729, 0.24000252503539704, 0.9224529296602997, 0.2629601013493021]"
"[0.3412714555724725, 0.2635871893019864, 0.6998738331897453, 0.4147854971896201]",stable,0.46466323815112487,3526,"[0.0, 0.549771753165302, 0.6521089045013456, 0.5383274960980515]"
"[0.3577034594760137, 0.713826068470879, 0.5846648768816424, 0.5100031545779149]",stable,0.5197775519828032,3527,"[0.6772644201754399, 0.3410831543859058, 0.7427465972896787, 0.5742089612808385]"
"[0.36854650467912453, 0.6019115848292586, 0.8737017783295637, 0.47968546604696205]",stable,0.41691861608285985,3528,"[0.17737240685385758, 0.7654600360873159, 0.5506955243367302, 0.5583776558103066]"
"[0.3561488814361675, 0.7142711888813656, 0.5843720376355656, 0.510420176140263]",stable,0.4512424526114663,3529,"[0.362759824128723, 0.5593643214465404, 0.650054421148484, 0.09177267119950921]"
"[0.3415520360268577, 0.4180678008855277, 0.36371671143123874, 0.5086208853733839]",stable,0.5088418065804599,3530,"[0.3890026166085934, 0.39799497824475005, 0.8644423356490857, 0.43419402483633235]"
"[0.3861368048557087, 0.36807732830897094, 0.9099028309590553, 0.34603797908219847]",stable,0.18744679378601728,3531,"[0.45310838503131534, 0.3739951313926023, 1.0, 0.49603327129802366]"
"[0.38676270747417235, 0.368132634879846, 0.9107448605762605, 0.34743980424309406]",stable,0.135994976174584,3532,"[0.48215079261452254, 0.4032620168295365, 1.0, 0.33346864222039346]"
"[0.38764593048473117, 0.36845790693493574, 0.9115712970524062, 0.34731044163177277]",stable,0.36506843787335813,3533,"[0.49272494314577253, 0.4759203314158345, 0.9078205958477006, 0.6799831411348051]"
"[0.36854650467912453, 0.6019115848292586, 0.8737017783295637, 0.47968546604696205]",stable,0.29440393239730017,3534,"[0.20661144178785704, 0.5626387546645869, 1.0, 0.2724244836331523]"
"[0.5268518020537442, 0.3877479871871597, 0.8228125895471309, 0.5936370380335287]",stable,0.09753784799819229,3535,"[0.45752295963805506, 0.3678200060954431, 0.7916997527982166, 0.5358269146945961]"
"[0.36854650467912453, 0.6019115848292586, 0.8737017783295637, 0.47968546604696205]",stable,0.08921842699302007,3536,"[0.39695795885197993, 0.5651390941790401, 0.8604235211821023, 0.4046908742059628]"
"[0.5335685755501236, 0.49652484928342344, 0.6116655583142041, 0.5581999637806143]",stable,0.17970313167489865,3537,"[0.40562107174742335, 0.48839649716218614, 0.6650260492717551, 0.6722580178626749]"
"[0.5325111581633244, 0.49645767281961156, 0.6121065541072418, 0.559142592326747]",stable,0.5895241948802751,3538,"[0.11907926701606643, 0.7109377535465269, 0.28738137050018453, 0.4005087440018161]"
"[0.3067770379223996, 0.7146260963232769, 0.27534547749274846, 0.44652092023667905]",stable,0.264755878923386,3539,"[0.13873151966863542, 0.6607112536899846, 0.3698867692954779, 0.27328260718954467]"
"[0.1190399652018037, 0.741282193757084, 0.33716345319088636, 0.2703400632868562]",stable,0.34443153876843136,3540,"[0.2152797326055343, 0.5189049860726571, 0.1771156310872839, 0.45555362707427477]"
"[0.23079830766681148, 0.7125393922074684, 0.5576658014995073, 0.25231158786459124]",stable,0.35887893771557045,3541,"[0.09005504949436102, 0.6631858188407039, 0.38186492805320943, 0.5273455946824925]"
"[0.3067770379223996, 0.7146260963232769, 0.27534547749274846, 0.44652092023667905]",stable,0.3361635989364689,3542,"[0.28937435917410503, 0.6226489464848102, 0.5910911386109299, 0.3790821078588091]"
"[0.45241457574036065, 0.5833302023505313, 0.35646855865301363, 0.30342596944248346]",stable,0.5209128174972621,3543,"[0.13529978689686825, 0.6884463756978256, 0.7458627490499284, 0.21336416446592338]"
"[0.5261296266119141, 0.38754040405078766, 0.8224884974976631, 0.5930348492487482]",stable,0.515232043378126,3544,"[0.5217688027243879, 0.763052637958717, 0.48474110019798894, 0.49123946850190975]"
"[0.6607912718326917, 0.7937696691940224, 0.429042077797553, 0.47555741843250054]",stable,0.5109112738964193,3545,"[0.397041393887903, 0.5461777930091467, 0.7709092386139245, 0.590845921246864]"
"[0.5325111581633244, 0.49645767281961156, 0.6121065541072418, 0.559142592326747]",stable,0.3599129394351364,3546,"[0.2649185801079388, 0.2871039295359828, 0.7299424178501976, 0.5738821829450964]"
"[0.3412714555724725, 0.2635871893019864, 0.6998738331897453, 0.4147854971896201]",stable,0.45563754270564566,3547,"[0.5805332424542071, 0.6027997496888976, 0.7841884023200363, 0.5826701598873424]"
"[0.6508895738932258, 0.6593365765692918, 0.9019592004891507, 0.6388114086311678]",stable,0.5226889832923753,3548,"[0.5854698746219981, 0.5739780093656516, 0.39045402017875297, 0.6381775923735897]"
"[0.6093614336413452, 0.619847225174569, 0.39580040949481593, 0.6519349951409334]",stable,0.12315992081125193,3549,"[0.6429649522088536, 0.6882270939499974, 0.34024408352799485, 0.5727083719297901]"
"[0.6095947914091752, 0.6203220853743984, 0.3954146016756019, 0.6513848102575228]",stable,0.10324765691432296,3550,"[0.5845425841130861, 0.6713179446258896, 0.4372388493840166, 0.5760016542429409]"
"[0.6094220175657538, 0.620673780955443, 0.39570304476324614, 0.6508649264229395]",anomaly,0.7237481934036993,3551,"[0.020732890714112273, 0.2532386264926198, 0.5013999032316694, 0.47458066519534764]"
"[0.6094220175657538, 0.620673780955443, 0.39570304476324614, 0.6508649264229395]",stable,0.5149311023123181,3552,"[0.3438128168761863, 0.4659900183961294, 0.7394515911789554, 0.4217019645918248]"
"[0.3415520360268577, 0.4180678008855277, 0.36371671143123874, 0.5086208853733839]",stable,0.4184105666987315,3553,"[0.35365339055210565, 0.15604817319011108, 0.6401798245252941, 0.33589329248647215]"
"[0.3413991043866955, 0.2624785396513485, 0.6992584310385653, 0.41397217549164955]",stable,0.2957174499289625,3554,"[0.39877041730439533, 0.3330208476090295, 0.6930781857220761, 0.6952957081056481]"
"[0.3692760731840173, 0.6007256068488698, 0.8722136911902931, 0.4801491309618198]",stable,0.6355349808510267,3555,"[0.18875763864454714, 0.0, 0.7825689392027023, 0.43105360780670643]"
"[0.14134163975663352, 0.3169800839407502, 0.95165373471334, 0.46765481194408715]",stable,0.21316677671560333,3556,"[0.2893818063737959, 0.1763572704826497, 1.0, 0.5052320222083264]"
"[0.14134163975663352, 0.3169800839407502, 0.95165373471334, 0.46765481194408715]",anomaly,0.39150834236229065,3557,"[0.027628524575159297, 0.34930600000639345, 1.0, 0.09756592619048576]"
"[0.14134163975663352, 0.3169800839407502, 0.95165373471334, 0.46765481194408715]",stable,0.623022227880781,3558,"[0.7420257772600243, 0.2523109517870026, 0.8200297247021836, 0.3913115953469106]"
"[0.5248166450726613, 0.3869783467678829, 0.8211543705721416, 0.5940890849070667]",stable,0.46560250439452067,3559,"[0.5294162856383426, 0.19974098701125545, 0.5938302071971729, 0.2334917592620281]"
"[0.38764593048473117, 0.36845790693493574, 0.9115712970524062, 0.34731044163177277]",stable,0.34064871394780677,3560,"[0.6159593061561193, 0.3312203791063026, 0.7623150511532157, 0.5479356852705592]"
"[0.3692760731840173, 0.6007256068488698, 0.8722136911902931, 0.4801491309618198]",stable,0.5921816420689315,3561,"[0.25064245208458347, 0.12358595361942448, 0.5421499447605996, 0.48106332851799705]"
"[0.3404730160978985, 0.26106126836530846, 0.6976552832194023, 0.4146567790939592]",stable,0.24005342089950518,3562,"[0.24673866099077668, 0.1398882522941099, 0.6236844996127484, 0.24529049287667917]"
"[0.362322045324228, 0.47714255959827323, 0.6124889392680006, 0.31483866194967464]",stable,0.3957586627951467,3563,"[0.3719786430472046, 0.09797770555245033, 0.6333439966386811, 0.42588256919493817]"
"[0.3407912547539521, 0.25941395965002706, 0.6970056742640416, 0.41477017091316104]",stable,0.6059746683534896,3564,"[0.5986926665649591, 0.7498791804087392, 0.4943234106293173, 0.552813380474598]"
"[0.6599521014912358, 0.7931765544807078, 0.4299242579709552, 0.4766014179195559]",stable,0.2842785869546665,3565,"[0.6702572268076332, 0.7761267280681601, 0.5848963868642588, 0.7140904957289038]"
"[0.9289790291046169, 0.560400395082366, 0.3602712058549425, 0.6758244702749713]",stable,0.24758775272014985,3566,"[0.7399717528780086, 0.6083196603993741, 0.3724099503418441, 0.523731276067694]"
"[0.7513436631998254, 0.4963729425545081, 0.451449919307909, 0.47180320506912315]",stable,0.45201868286414215,3567,"[0.9424594225944674, 0.7874529840093903, 0.5602265180899663, 0.7387034058807272]"
"[0.919054453180278, 0.8423143110607723, 0.39154247131966613, 0.6677938561538652]",stable,0.48079770785439363,3568,"[0.8427892202905266, 0.42535952568300606, 0.4293908724845539, 0.8915487569050073]"
"[0.9294088238958811, 0.6291194762170808, 0.6158308766606204, 0.6190991871848306]",stable,0.24725217183903267,3569,"[1.0, 0.4010958469077702, 0.5513658378887831, 0.6190244335129275]"
"[0.919054453180278, 0.8423143110607723, 0.39154247131966613, 0.6677938561538652]",stable,0.2662693200251197,3570,"[1.0, 0.8206267583196237, 0.45323591502023586, 0.42270053046513834]"
"[0.9196868402648071, 0.842144877054982, 0.39202445134857683, 0.665879064546922]",stable,0.4225649969691034,3571,"[1.0, 0.4882099951459083, 0.17742669994606503, 0.6377921014173209]"
"[0.9296490382640074, 0.5597193535735315, 0.3585462576859908, 0.6754656743423519]",stable,0.23840752393739278,3572,"[0.8520140895649633, 0.7726811476023199, 0.4165870006953134, 0.6297545307839044]"
"[0.9191622452981416, 0.8416063985320931, 0.3922148587078539, 0.6655990294014722]",stable,0.35846209123418926,3573,"[0.7661968434162392, 0.528091107551706, 0.4095573623553802, 0.7462467607261353]"
"[0.9281214476579535, 0.5594237624892154, 0.35902299698196644, 0.6761271798225742]",stable,0.24144464712394048,3574,"[0.7367716099486008, 0.6412330607706833, 0.23922238146469849, 0.6509119370161666]"
"[0.7516508861965965, 0.6713296614162498, 0.20443690839978687, 0.7573028404415377]",stable,0.4089090903409586,3575,"[0.6669367854906384, 0.7612108081793845, 0.5586471678801868, 0.594555684274609]"
"[0.6600452306112279, 0.7927503445300235, 0.43164056343641166, 0.4781741414709566]",stable,0.35322455718636453,3576,"[0.8007608472590086, 0.7652382995854697, 0.5244596162939577, 0.7873576045483583]"
"[0.7516508861965965, 0.6713296614162498, 0.20443690839978687, 0.7573028404415377]",stable,0.5787397148825706,3577,"[0.6084063784695147, 0.36398954677806783, 0.6682653375157125, 0.6878340642436872]"
"[0.6853791559076545, 0.3738633580426064, 0.513689826517608, 0.7236636607566068]",stable,0.2661975734510774,3578,"[0.5316652771811924, 0.43803871517541715, 0.7201522803999666, 0.745753709915886]"
"[0.3692760731840173, 0.6007256068488698, 0.8722136911902931, 0.4801491309618198]",stable,0.25554627020884896,3579,"[0.2687025473150908, 0.4470052784864459, 0.7054541418595542, 0.41891045472609556]"
"[0.3415520360268577, 0.4180678008855277, 0.36371671143123874, 0.5086208853733839]",stable,0.4665553538416491,3580,"[0.49234043249115717, 0.4499423577059657, 0.7780356306086649, 0.3594210075946748]"
"[0.3886064305031387, 0.3692054707034773, 0.9103461991951243, 0.3474215477415242]",stable,0.645787339203578,3581,"[0.5157908248746268, 0.5104109977329611, 0.3067740895733581, 0.4763677571741843]"
"[0.3067770379223996, 0.7146260963232769, 0.27534547749274846, 0.44652092023667905]",stable,0.32430595519213956,3582,"[0.1756824594300116, 0.4527658643602054, 0.3808320298769959, 0.35546944992828167]"
"[0.3415520360268577, 0.4180678008855277, 0.36371671143123874, 0.5086208853733839]",stable,0.33890272827015155,3583,"[0.4490952241305354, 0.6297253148715269, 0.6051859437406886, 0.5221570791737349]"
"[0.35694329462158947, 0.7135485745735892, 0.5845499342689428, 0.5105204915508056]",stable,0.23755852638828953,3584,"[0.27136878902536765, 0.5727448552514156, 0.41355010400511083, 0.5038550488407467]"
"[0.3615286597478794, 0.47688715891088485, 0.613276779967929, 0.31572062629523756]",stable,0.18482923099216964,3585,"[0.38229595255731497, 0.48635133381199086, 0.752390954078758, 0.19618719944974308]"
"[0.3408209605372588, 0.419679020201839, 0.36423580927054994, 0.5085712412428356]",stable,0.32971932568747414,3586,"[0.2980769310256109, 0.5211540333371325, 0.38544373337054955, 0.19850539769106568]"
"[0.3408209605372588, 0.419679020201839, 0.36423580927054994, 0.5085712412428356]",stable,0.3280899919582532,3587,"[0.19103992197159853, 0.4644062944789514, 0.19469082324429066, 0.2751988950694846]"
"[0.1190399652018037, 0.741282193757084, 0.33716345319088636, 0.2703400632868562]",stable,0.3553991904615227,3588,"[0.18675133371230446, 0.4455791238409239, 0.3300080915052924, 0.08532046865848264]"
"[0.3408209605372588, 0.419679020201839, 0.36423580927054994, 0.5085712412428356]",stable,0.18821892084342418,3589,"[0.27872180496085, 0.2641442902362727, 0.35596319423569867, 0.42306937778253617]"
"[0.3617031748135049, 0.47696668979240675, 0.6144458066411292, 0.314716143716704]",stable,0.173577162379423,3590,"[0.38250379273279633, 0.30474038128414827, 0.6128322078766297, 0.320360658798942]"
"[0.34120838013374055, 0.2598672238663683, 0.6961639396001675, 0.4138260757920188]",stable,0.5210564626401152,3591,"[0.5096839189602349, 0.5511314250229802, 0.4726904824326871, 0.7429774226559913]"
"[0.6087388799040722, 0.6201974634490564, 0.3962303559801601, 0.6514958339313851]",stable,0.627847748397199,3592,"[0.3415997826455594, 0.2631988033568867, 0.8336588378326312, 0.587952322539762]"
"[0.5258064561150045, 0.3869308962703673, 0.8195398108793022, 0.5951548548603224]",stable,0.27549529730323025,3593,"[0.2952229291399038, 0.4648667464620961, 0.8973299638099218, 0.4921811141016153]"
"[0.5325111581633244, 0.49645767281961156, 0.6121065541072418, 0.559142592326747]",stable,0.34977306751112375,3594,"[0.4143986974883098, 0.6244169343873306, 0.80225430861831, 0.3227934771964448]"
"[0.5325111581633244, 0.49645767281961156, 0.6121065541072418, 0.559142592326747]",stable,0.4426962699013738,3595,"[0.20096525859003855, 0.27530648051533857, 0.8031128105321272, 0.5333343763930554]"
"[0.34120838013374055, 0.2598672238663683, 0.6961639396001675, 0.4138260757920188]",stable,0.6456637553779768,3596,"[0.5036944889753867, 0.7954023914240819, 0.8638384519611437, 0.6887211315055277]"
"[0.68846749499901, 0.7169120587399899, 0.6949409251505799, 0.4793690799125139]",stable,0.2558906971706652,3597,"[0.6947963295645373, 0.509105355650401, 0.5733158449564277, 0.3929763211283844]"
"[0.7506368215293844, 0.4965320977182067, 0.45297324337851547, 0.470817869019864]",stable,0.6804811102617416,3598,"[0.371955458998571, 0.3550427585616266, 1.0, 0.490754306516884]"
"[0.38845505803491537, 0.369076718774915, 0.9111612337478958, 0.34872457282130015]",stable,0.5775059843144497,3599,"[0.15598060008037584, 0.5797455302920346, 0.4338809215621261, 0.2633375493835257]"
"[0.34018076305708966, 0.4180755693774517, 0.364150524579469, 0.5076897787329356]",stable,0.5940923593278862,3600,"[0.09457439513808424, 0.5251095986511052, 0.8600935485412557, 0.6953263343677418]"
"[0.35694329462158947, 0.7135485745735892, 0.5845499342689428, 0.5105204915508056]",stable,0.2725056542402336,3601,"[0.21450833106450848, 0.4837691260593523, 0.5766249703732084, 0.5438403465495176]"
"[0.34120838013374055, 0.2598672238663683, 0.6961639396001675, 0.4138260757920188]",stable,0.30492102103824537,3602,"[0.27968123605599043, 0.41423344879200874, 0.44580754360746133, 0.4656332490442983]"
"[0.3617031748135049, 0.47696668979240675, 0.6144458066411292, 0.314716143716704]",stable,0.28716412374613304,3603,"[0.21722289825207136, 0.47739424608782904, 0.8463639309615412, 0.40304781673908197]"
"[0.5258064561150045, 0.3869308962703673, 0.8195398108793022, 0.5951548548603224]",stable,0.7829462045438697,3604,"[0.5745971757913295, 0.8357552674363258, 0.2606578045472687, 0.2839767519531928]"
"[0.6589209141004397, 0.7933161987787907, 0.4293907902931335, 0.4756189126615123]",stable,0.6621494483434855,3605,"[0.17736784748646245, 0.39256177255366764, 0.2453391431360776, 0.5854798111468409]"
"[0.3617031748135049, 0.47696668979240675, 0.6144458066411292, 0.314716143716704]",stable,0.46294201464970647,3606,"[0.18443517578908863, 0.8099914408309754, 0.39048462291729036, 0.4624566893720009]"
"[0.45298553293976845, 0.5826732725792019, 0.35602086073337713, 0.3049840035661925]",stable,0.4941973078869182,3607,"[0.0618776752786815, 0.47082991534854624, 0.15662907803542916, 0.5024671755944505]"
"[0.23158987593042352, 0.7113246564544595, 0.5581174952442562, 0.25402470299964824]",stable,0.46919677001200555,3608,"[0.10376270020098055, 0.830238088046655, 0.34170183515940405, 0.6319528443066154]"
"[0.45298553293976845, 0.5826732725792019, 0.35602086073337713, 0.3049840035661925]",stable,0.36974849656119957,3609,"[0.19080077956211589, 0.5140916604701448, 0.43171641160621455, 0.5448586622197222]"
"[0.3067770379223996, 0.7146260963232769, 0.27534547749274846, 0.44652092023667905]",stable,0.4252726653021916,3610,"[0.3451632531493227, 0.6444602742736741, 0.6841580601749664, 0.36089167295176805]"
"[0.3379250818189915, 0.4177790449591768, 0.3637752279894144, 0.508050723204908]",stable,0.520153359336365,3611,"[0.41279871457624656, 0.7429927401515325, 0.7577578830872389, 0.571036247637428]"
"[0.35741664563815434, 0.7137981014005209, 0.5860177982419791, 0.5110333369413702]",stable,0.4842539728741046,3612,"[0.6715103908339598, 0.6126964009717699, 0.9306318771711674, 0.5938983612123421]"
"[0.6512714408736097, 0.6584728696137822, 0.9024901759832621, 0.6379796855308192]",stable,0.29406175191571654,3613,"[0.45650665120099093, 0.5623054148721858, 0.777021627434281, 0.48452462821091197]"
"[0.5325111581633244, 0.49645767281961156, 0.6121065541072418, 0.559142592326747]",stable,0.42133873362540186,3614,"[0.7671917815361582, 0.8324172279181662, 0.6775468851097559, 0.4863409860075311]"
"[0.5325111581633244, 0.49645767281961156, 0.6121065541072418, 0.559142592326747]",stable,0.342951257277644,3615,"[0.25911517563107217, 0.5239343739605694, 0.8121547596161832, 0.5133610679899142]"
"[0.5325111581633244, 0.49645767281961156, 0.6121065541072418, 0.559142592326747]",stable,0.38517413912465837,3616,"[0.5272763431797749, 0.24569352421386742, 0.8850466693097194, 0.4544872080896989]"
"[0.5258064561150045, 0.3869308962703673, 0.8195398108793022, 0.5951548548603224]",stable,0.2659373889783255,3617,"[0.2762561121616364, 0.3277798416875821, 0.80077504697274, 0.5273584164093226]"
"[0.34120838013374055, 0.2598672238663683, 0.6961639396001675, 0.4138260757920188]",stable,0.5047638039862778,3618,"[0.3811454098070258, 0.6598470225524804, 1.0, 0.38397074931081476]"
"[0.5325111581633244, 0.49645767281961156, 0.6121065541072418, 0.559142592326747]",stable,0.3758581316311769,3619,"[0.6323365588675418, 0.6332176888075649, 0.7112689918669207, 0.8797166609162916]"
"[0.9281214476579535, 0.5594237624892154, 0.35902299698196644, 0.6761271798225742]",stable,0.4457993276749223,3620,"[0.6822442881002772, 0.5947158748068647, 0.5656015171272251, 0.3689444251210527]"
"[0.7497924692648275, 0.497744243114363, 0.45436371589393165, 0.469560172181607]",stable,0.3526053974791746,3621,"[0.6941876527477937, 0.4881504587116122, 0.5680045034384097, 0.7985471041692743]"
"[0.5258064561150045, 0.3869308962703673, 0.8195398108793022, 0.5951548548603224]",stable,0.6675180459593498,3622,"[0.7239654109748113, 0.6219619407744845, 0.3038315666977873, 0.8869060935771107]"
"[0.7513466502051483, 0.6707871589916151, 0.2055291573920726, 0.7587270520144561]",stable,0.3166018092392842,3623,"[0.9301829968705647, 0.8548771133069994, 0.38787613888575456, 0.7253394227895822]"
"[0.9192470203102372, 0.8417084809534385, 0.3921814839399915, 0.6660585708890732]",stable,0.23200262522722803,3624,"[1.0, 1.0, 0.3111209239171288, 0.5408501247272334]"
"[0.919863455269701, 0.8429168131599007, 0.39156270103905366, 0.6651027812237156]",stable,0.32029566224320155,3625,"[1.0, 0.6488518402895571, 0.14990153239840598, 0.6548017460053959]"
"[0.919863455269701, 0.8429168131599007, 0.39156270103905366, 0.6651027812237156]",stable,0.4139946512381894,3626,"[0.7463452596190957, 0.6568609254375342, 0.337258774626111, 0.3430510815667069]"
"[0.6600562952110717, 0.7915440523717614, 0.4281942706091461, 0.47389725251742393]",stable,0.38472039488443194,3627,"[1.0, 0.9013535487548014, 0.3162018077139495, 0.5624840606390755]"
"[0.9204705503055366, 0.8433595157022864, 0.3909917851805302, 0.6643253666738319]",stable,0.4104598128630582,3628,"[0.6491893572856358, 0.6765887624219146, 0.6479374595403982, 0.6967322882697825]"
"[0.9281214476579535, 0.5594237624892154, 0.35902299698196644, 0.6761271798225742]",stable,0.27466303942936066,3629,"[0.9928476712797744, 0.7656024333948547, 0.30402378419352016, 0.8364884702279207]"
"[0.9200656536582204, 0.6854840647910222, 0.1921940683988616, 0.5662879461354497]",stable,0.4334718069197005,3630,"[1.0, 0.6701255967471336, 0.5161128334822989, 0.8426012805138478]"
"[0.7513466502051483, 0.6707871589916151, 0.2055291573920726, 0.7587270520144561]",stable,0.2958965767644062,3631,"[0.8443923085459181, 0.6130912836126519, 0.4764146559449376, 0.711934720988445]"
"[0.9273461778513605, 0.5599206839810992, 0.3601099567871791, 0.6764587311296656]",stable,0.24877178948924442,3632,"[0.7881123459777579, 0.7569966869866973, 0.3169608316545318, 0.7188915644913316]"
"[0.7517462773331114, 0.6717242190785182, 0.2067403712427515, 0.7582940575848569]",stable,0.47443401490084075,3633,"[1.0, 0.8197506166431815, 0.5353629812283814, 0.9414690818300402]"
"[0.7517462773331114, 0.6717242190785182, 0.2067403712427515, 0.7582940575848569]",stable,0.48357881939208214,3634,"[1.0, 0.5642598133307566, 0.6041040529793559, 0.8109445056426138]"
"[0.9303376551604089, 0.6261191653051161, 0.614982652466254, 0.6190982035838845]",stable,0.2381426119709347,3635,"[0.9491732457986398, 0.5905713701156827, 0.3813033414946676, 0.597019751585095]"
"[0.927546426181152, 0.5602018829364623, 0.36030439150926613, 0.6757299331521924]",stable,0.2622422157922306,3636,"[0.9684314063861925, 0.8074349799793508, 0.3002470472230591, 0.7243952109292894]"
"[0.9208311582459927, 0.8430894064111365, 0.39030949391769204, 0.6647770196381586]",stable,0.3218919386650929,3637,"[0.8467719602194348, 0.8900415785721295, 0.08079250321487247, 0.6759296588267186]"
"[0.9200656536582204, 0.6854840647910222, 0.1921940683988616, 0.5662879461354497]",stable,0.36584788623699377,3638,"[0.7713290870263909, 0.648752147960564, 0.16153392633970265, 0.8970942816030828]"
"[0.7519568451792756, 0.6714772075611208, 0.20625428043734237, 0.7597865331119347]",anomaly,0.40264615837058504,3639,"[1.0, 0.6265350417233245, 0.0040756113038337705, 1.0]"
"[0.7519568451792756, 0.6714772075611208, 0.20625428043734237, 0.7597865331119347]",stable,0.19703778349858175,3640,"[0.7717014891463755, 0.5901552543765678, 0.1419116952107012, 0.5934110276514005]"
"[0.9208311582459927, 0.8430894064111365, 0.39030949391769204, 0.6647770196381586]",stable,0.28014784421160555,3641,"[0.9065276436892438, 0.7126433370853474, 0.6163823711672558, 0.5640144211341006]"
"[0.9208311582459927, 0.8430894064111365, 0.39030949391769204, 0.6647770196381586]",stable,0.31203969622522765,3642,"[0.8050105518313563, 0.9133172938089804, 0.11070971768913934, 0.6356846131605697]"
"[0.7519568451792756, 0.6714772075611208, 0.20625428043734237, 0.7597865331119347]",stable,0.23664536084329293,3643,"[0.9813891092941778, 0.6325798010424251, 0.19021368895209134, 0.7198922455172836]"
"[0.9208311582459927, 0.8430894064111365, 0.39030949391769204, 0.6647770196381586]",anomaly,0.5323934220998796,3644,"[0.8257325504610514, 0.4704525836792629, 0.2381044924420337, 1.0]"
"[0.9208311582459927, 0.8430894064111365, 0.39030949391769204, 0.6647770196381586]",stable,0.3699692885684253,3645,"[0.950166988284068, 0.548486737335536, 0.17034384689060478, 0.6357758979134568]"
"[0.9208311582459927, 0.8430894064111365, 0.39030949391769204, 0.6647770196381586]",stable,0.38620373528654445,3646,"[1.0, 0.7657038667850425, 0.14447733345780178, 0.3882564113916678]"
"[0.9208311582459927, 0.8430894064111365, 0.39030949391769204, 0.6647770196381586]",stable,0.43200888537074666,3647,"[0.926577814266048, 0.4782310214645999, 0.20000583815565978, 0.7961601636166498]"
"[0.9275376206182875, 0.5594566932867181, 0.35884713193332424, 0.6768247534291421]",stable,0.2623521068081976,3648,"[0.8970710851030701, 0.37596263311200445, 0.5308831346184915, 0.7448979627049476]"
"[0.930028434232212, 0.6272428558477166, 0.6150008306312021, 0.6183828297858354]",stable,0.4590912099428487,3649,"[0.6303988464534296, 0.6078239210448819, 0.6479880010804845, 0.27266386772101175]"
"[0.5325111581633244, 0.49645767281961156, 0.6121065541072418, 0.559142592326747]",stable,0.30614769097641453,3650,"[0.7277761350793266, 0.32616715141797387, 0.5447848136573941, 0.41059320975063185]"
"[0.7495239773845165, 0.49565183955708997, 0.45546641220812023, 0.4688410628836683]",stable,0.3090599293858389,3651,"[0.5445786793891466, 0.4929606362822243, 0.629857268381544, 0.6208149142187002]"
"[0.5326100722717327, 0.4964290085856986, 0.6122520517652278, 0.5596481031619269]",stable,0.5195706211538464,3652,"[0.13236873555416984, 0.6991575634418123, 0.8248938179494254, 0.4065301255474452]"
"[0.5258064561150045, 0.3869308962703673, 0.8195398108793022, 0.5951548548603224]",stable,0.3771721630232497,3653,"[0.36169668256656884, 0.5796146106186579, 0.5492690018067473, 0.6669427283051526]"
"[0.5326100722717327, 0.4964290085856986, 0.6122520517652278, 0.5596481031619269]",stable,0.2905380714584634,3654,"[0.4672499240681409, 0.2510468991253908, 0.748086094522326, 0.5980818796961166]"
"[0.3687942478508512, 0.5986984075475484, 0.8713425129195369, 0.47769232833532094]",stable,0.4069463619234961,3655,"[0.1639224032406305, 0.43255322813537994, 1.0, 0.19577762643949315]"
"[0.5252208907945359, 0.38557205629891755, 0.8188252737157323, 0.5951841251086804]",stable,0.15184911648776356,3656,"[0.6050386801617336, 0.3499847077699829, 0.8066620986416525, 0.4716006615083852]"
"[0.5252208907945359, 0.38557205629891755, 0.8188252737157323, 0.5951841251086804]",stable,0.261103669426946,3657,"[0.4473903392728838, 0.6278824378767248, 0.8521066114101765, 0.5472720913495382]"
"[0.5326100722717327, 0.4964290085856986, 0.6122520517652278, 0.5596481031619269]",stable,0.49373857850508224,3658,"[0.24326009479480745, 0.11687981438736472, 0.7275216512455243, 0.5075932949558682]"
"[0.34023859513038474, 0.2584515069408336, 0.6964744119926958, 0.41475446410057176]",stable,0.44445230588488527,3659,"[0.05531584050531896, 0.329398916194135, 0.5806903376778494, 0.10183692007570433]"
"[0.10246588810871823, 0.5817246269766496, 0.4708933792053323, 0.458283646574096]",stable,0.7500786229452708,3660,"[0.26391884577735275, 0.10043853897892999, 0.9952859157139125, 0.6312780170416705]"
"[0.14134163975663352, 0.3169800839407502, 0.95165373471334, 0.46765481194408715]",stable,0.3347686177379018,3661,"[0.22587594127265131, 0.07974958149783934, 0.7844999427925592, 0.3237615256290795]"
"[0.14134163975663352, 0.3169800839407502, 0.95165373471334, 0.46765481194408715]",stable,0.4359695715958425,3662,"[0.369447544049915, 0.12828493314810785, 0.7438236293490924, 0.2242663340827996]"
"[0.34023859513038474, 0.2584515069408336, 0.6964744119926958, 0.41475446410057176]",stable,0.5245758437658652,3663,"[0.13221474979487063, 0.5681516225160115, 0.9688457078456835, 0.1661471205996582]"
"[0.5252208907945359, 0.38557205629891755, 0.8188252737157323, 0.5951841251086804]",stable,0.43011428950328684,3664,"[0.19943654081862922, 0.41726860054149306, 0.5775549533222188, 0.45501700726008165]"
"[0.34023859513038474, 0.2584515069408336, 0.6964744119926958, 0.41475446410057176]",stable,0.3212372238748148,3665,"[0.19607142971211944, 0.4772748506471183, 0.8820497655735857, 0.40541022466714066]"
"[0.5252208907945359, 0.38557205629891755, 0.8188252737157323, 0.5951841251086804]",stable,0.5248541175147352,3666,"[0.21507493269366193, 0.46624223058873554, 0.40774845539144833, 0.533625195924553]"
"[0.36156534213297004, 0.478362469663084, 0.6150267420872446, 0.3151009397936628]",stable,0.22234766800185576,3667,"[0.4892029137042613, 0.5956987560894279, 0.504852315796615, 0.40019457920609247]"
"[0.3067770379223996, 0.7146260963232769, 0.27534547749274846, 0.44652092023667905]",stable,0.37572522051930496,3668,"[0.3580824039881869, 0.49749371108972845, 0.5759612864168377, 0.41456996634103926]"
"[0.3366965803277382, 0.41826367681547233, 0.36421496026343475, 0.5083064679321044]",stable,0.3458253037283244,3669,"[0.27482647947670436, 0.5255402670601433, 0.6858081098411186, 0.47937878828694275]"
"[0.34023859513038474, 0.2584515069408336, 0.6964744119926958, 0.41475446410057176]",stable,0.3239355841936093,3670,"[0.0721064244619162, 0.37185867415998086, 0.5544485444036616, 0.4173753644002284]"
"[0.3067770379223996, 0.7146260963232769, 0.27534547749274846, 0.44652092023667905]",stable,0.34687110360470147,3671,"[0.1146117651226183, 0.537009221035242, 0.4945760642075519, 0.38502079090895436]"
"[0.10233579106134036, 0.5799061886998063, 0.47165936384962187, 0.4574681384466745]",stable,0.25575662470612365,3672,"[0.10574555570946008, 0.8338126610366037, 0.4411592347735543, 0.45850255516141925]"
"[0.10233579106134036, 0.5799061886998063, 0.47165936384962187, 0.4574681384466745]",stable,0.45693303638013205,3673,"[0.39991407433036197, 0.8641627552674667, 0.37986030922807307, 0.28138263933904156]"
"[0.1451527536718886, 0.4536540419049476, 0.39553168639248043, 0.27992418594107504]",stable,0.2053593250074457,3674,"[0.0, 0.5822453987347664, 0.4479391723198236, 0.3225955913130953]"
"[0.10161000530913226, 0.5799227788418982, 0.4714911355408999, 0.45651159555920223]",stable,0.39986173409613823,3675,"[0.12554159520609715, 0.8232074697227867, 0.3952959561235204, 0.14939022017820053]"
"[0.11910248087492191, 0.7420699367952158, 0.3377224195652386, 0.2691770840261961]",anomaly,0.4680782074173378,3676,"[0.34063815332965847, 0.9625673496552595, 0.3728370431106158, 0.6158282173351035]"
"[0.11910248087492191, 0.7420699367952158, 0.3377224195652386, 0.2691770840261961]",stable,0.3357554655412279,3677,"[0.1876969788968415, 0.6285800619782517, 0.2438927695196165, 0.5630181508774337]"
"[0.1451527536718886, 0.4536540419049476, 0.39553168639248043, 0.27992418594107504]",stable,0.3123224196951768,3678,"[0.3349879904862856, 0.43988678401522824, 0.2528920011932496, 0.07750813044069171]"
"[0.11910248087492191, 0.7420699367952158, 0.3377224195652386, 0.2691770840261961]",stable,0.18691364499650082,3679,"[0.206280468230192, 0.71008223549035, 0.30378588619451086, 0.42780182318932436]"
"[0.1451527536718886, 0.4536540419049476, 0.39553168639248043, 0.27992418594107504]",stable,0.5915019312481178,3680,"[0.10486206656261574, 0.6370737956952824, 0.8353660272637086, 0.6279962211757101]"
"[0.35741664563815434, 0.7137981014005209, 0.5860177982419791, 0.5110333369413702]",stable,0.12735445735161896,3681,"[0.28671857804205925, 0.6194889948816935, 0.6337995333237278, 0.5044273346933128]"
"[0.3568225442297838, 0.7130055879003627, 0.58641932542754, 0.510977824317437]",stable,0.2933167103885102,3682,"[0.5625806262647882, 0.7023529643637928, 0.47792772528215793, 0.33261191227117126]"
"[0.6588066071476578, 0.7904005768844797, 0.42883187900238984, 0.4720859020014463]",stable,0.3868348460152781,3683,"[0.8986957602267884, 0.609085436331176, 0.6252553909785231, 0.6157417966794543]"
"[0.9208311582459927, 0.8430894064111365, 0.39030949391769204, 0.6647770196381586]",stable,0.3140952110994403,3684,"[0.8592599772684328, 0.5782806479627774, 0.5370703935599459, 0.7213663392476523]"
"[0.9208311582459927, 0.8430894064111365, 0.39030949391769204, 0.6647770196381586]",stable,0.4015658041372593,3685,"[0.8102838073287116, 0.528931021722441, 0.277065123359146, 0.47109015863782244]"
"[0.7502560235284224, 0.49605279355908216, 0.45331699908945783, 0.46886816042287494]",anomaly,0.6799161181129127,3686,"[0.5687803021451108, 0.6476054958881766, 0.061413919923063276, 0.9716566300348843]"
"[0.7502560235284224, 0.49605279355908216, 0.45331699908945783, 0.46886816042287494]",stable,0.338781704391906,3687,"[0.7850534605591903, 0.5405010666955515, 0.31662569495775783, 0.7736664871845805]"
"[0.7523089368322535, 0.6700838443604233, 0.2074284444216021, 0.7599341921978139]",stable,0.28132573099423813,3688,"[0.5796693470259838, 0.5575774225929303, 0.31888739436733116, 0.6041813543776451]"
"[0.6085411279797315, 0.6197714767765657, 0.3957042133841544, 0.6511739667235366]",stable,0.5193895519114364,3689,"[0.3838988525551006, 0.24235937453392664, 0.6683518144778146, 0.7014208116540503]"
"[0.34023859513038474, 0.2584515069408336, 0.6964744119926958, 0.41475446410057176]",stable,0.6074451963707488,3690,"[0.726426799888525, 0.6976114807476871, 0.6510696507508927, 0.5726318284126255]"
"[0.5326100722717327, 0.4964290085856986, 0.6122520517652278, 0.5596481031619269]",stable,0.3488826896433289,3691,"[0.3508885889996293, 0.596814379319702, 0.6295475127670995, 0.2797908573713642]"
"[0.3366965803277382, 0.41826367681547233, 0.36421496026343475, 0.5083064679321044]",stable,0.3782075945126481,3692,"[0.5462774392315459, 0.6046958066412551, 0.6030751753513939, 0.4228330408044743]"
"[0.5327211890762841, 0.49730922645606895, 0.6121774430138959, 0.5585357855817851]",stable,0.24994587016639716,3693,"[0.3443131480334485, 0.6543163203088673, 0.6542320671114346, 0.5349661195775344]"
"[0.3567182992614811, 0.7125165106704335, 0.5869844316082392, 0.5111777267779378]",stable,0.4318386409404282,3694,"[0.43756309297115953, 0.5772500491216774, 0.3425237187333322, 0.19197453854184465]"
"[0.30549987032331066, 0.7152215181795015, 0.276370755598445, 0.44584051470835345]",stable,0.4512153376111355,3695,"[0.1720118571625609, 0.5705075548311325, 0.5195676571883542, 0.7709395259449326]"
"[0.5327211890762841, 0.49730922645606895, 0.6121774430138959, 0.5585357855817851]",stable,0.4163596213548461,3696,"[0.15125416932820168, 0.5815397822046708, 0.5322799018208599, 0.43870322102249787]"
"[0.10195961209799895, 0.5799341661895234, 0.4719192254442799, 0.45638618447091556]",stable,0.42719603255680993,3697,"[0.4237473819995925, 0.6078503363252125, 0.2681235422056617, 0.2649780124606846]"
"[0.30549987032331066, 0.7152215181795015, 0.276370755598445, 0.44584051470835345]",stable,0.41832941404459034,3698,"[0.13248641554205381, 0.6820123731047365, 0.4939851625712201, 0.13502390369659478]"
"[0.4529114696928887, 0.5829608105072608, 0.35643697472053043, 0.3044769432110174]",stable,0.3444169900161382,3699,"[0.14688522388609143, 0.7332674188028164, 0.37344924803448276, 0.3501880572704243]"
"[0.30549987032331066, 0.7152215181795015, 0.276370755598445, 0.44584051470835345]",stable,0.46034650435110347,3700,"[0.2108389103657427, 0.3629660984188675, 0.44215641828677676, 0.2191481239572688]"
"[0.3366965803277382, 0.41826367681547233, 0.36421496026343475, 0.5083064679321044]",stable,0.48809129510177474,3701,"[0.03612146701226257, 0.5286501120922883, 0.6962721881757031, 0.3488055403247268]"
"[0.5252208907945359, 0.38557205629891755, 0.8188252737157323, 0.5951841251086804]",stable,0.5721313195159452,3702,"[0.11373216979401488, 0.03634978165689007, 0.9601562886902713, 0.46837471551882803]"
"[0.14134163975663352, 0.3169800839407502, 0.95165373471334, 0.46765481194408715]",stable,0.4776576738211531,3703,"[0.49093173472149476, 0.24794857634573064, 0.7042309420376668, 0.2677542579517985]"
"[0.38845505803491537, 0.369076718774915, 0.9111612337478958, 0.34872457282130015]",stable,0.4353070514599264,3704,"[0.0, 0.22773930155556327, 0.8854418258843828, 0.4827288395098601]"
"[0.1389047149332433, 0.31544144976169525, 0.950512150078358, 0.4679147089710832]",stable,0.1351290669597568,3705,"[0.18619299309863838, 0.38715013221641986, 1.0, 0.37608605845117654]"
"[0.13970621117333473, 0.316656851159233, 0.9513509271956739, 0.4663582911656611]",stable,0.23001010913520553,3706,"[0.24023748724056287, 0.3202253484253541, 0.9001545796087855, 0.2659479305110579]"
"[0.3871197646043356, 0.36863661633933337, 0.9110620747015975, 0.3479788373049917]",anomaly,0.40451636505613403,3707,"[0.5238177054084718, 0.0, 0.8167434898837506, 0.3605570816173787]"
"[0.3871197646043356, 0.36863661633933337, 0.9110620747015975, 0.3479788373049917]",stable,0.2137978524921688,3708,"[0.3481716060890805, 0.22285443946101466, 1.0, 0.470576410799609]"
"[0.5252208907945359, 0.38557205629891755, 0.8188252737157323, 0.5951841251086804]",stable,0.4559138922581272,3709,"[0.43588018804673556, 0.6831206482598062, 0.9942239553797196, 0.3113252625041948]"
"[0.5327211890762841, 0.49730922645606895, 0.6121774430138959, 0.5585357855817851]",stable,0.44956057727135806,3710,"[0.4867273179904891, 0.2748215871082177, 1.0, 0.5676017157205201]"
"[0.3705081541051796, 0.6000349519127419, 0.8725618722248408, 0.4765536541845338]",stable,0.350420658251909,3711,"[0.5790221939569739, 0.44856495145722514, 0.6626018601607719, 0.5874146717265326]"
"[0.5330945842769348, 0.49691612746414277, 0.6125840915392738, 0.5587686798248879]",stable,0.5067911260148237,3712,"[0.36796179128249795, 0.7911101380267678, 0.9062330307494388, 0.7970722482728914]"
"[0.6893556001941779, 0.7167168534898499, 0.6933012548701161, 0.47775588964590215]",stable,0.8355683718707905,3713,"[0.1352774145786551, 0.17125395407364424, 0.9838406503266965, 0.38168844800199875]"
"[0.13970621117333473, 0.316656851159233, 0.9513509271956739, 0.4663582911656611]",stable,0.5237863692077295,3714,"[0.4762851626936453, 0.48276786291484675, 0.5963520320353359, 0.3800467266463571]"
"[0.3366965803277382, 0.41826367681547233, 0.36421496026343475, 0.5083064679321044]",stable,0.5097433960904707,3715,"[0.2303691793252341, 0.34761614625119747, 0.803752795642718, 0.28392235229741175]"
"[0.3857202058072008, 0.36844893357068925, 0.9101039561385719, 0.3474069044031383]",stable,0.288191289283575,3716,"[0.10988535011311401, 0.43788974780085854, 0.9259167529515088, 0.39096468647655697]"
"[0.13920919682233104, 0.3186773994365934, 0.9509270242916046, 0.46510173108750935]",stable,0.41041738489615687,3717,"[0.433241733873364, 0.49436771479580255, 0.7296580551497597, 0.5115802569270845]"
"[0.5322957614737062, 0.49689574016279603, 0.6135206832481578, 0.5583911724417056]",stable,0.1920806847767259,3718,"[0.40609320373037455, 0.4328132086151691, 0.5623688807693056, 0.6777428634098225]"
"[0.5322957614737062, 0.49689574016279603, 0.6135206832481578, 0.5583911724417056]",stable,0.26792179446630715,3719,"[0.6554494885733757, 0.4737994846345755, 0.5726969645889912, 0.7916619044826511]"
"[0.5252208907945359, 0.38557205629891755, 0.8188252737157323, 0.5951841251086804]",stable,0.45239949395030815,3720,"[0.763595984208888, 0.6862923043940018, 0.5910900114356661, 0.5207086280237043]"
"[0.5322957614737062, 0.49689574016279603, 0.6135206832481578, 0.5583911724417056]",stable,0.43553177799807785,3721,"[0.7912281765304329, 0.7095618619198988, 0.6149928111294708, 0.8366228880590165]"
"[0.9275376206182875, 0.5594566932867181, 0.35884713193332424, 0.6768247534291421]",stable,0.46155081937348547,3722,"[0.8251473909175467, 0.8719964889794861, 0.6552424337507173, 0.5463866420695219]"
"[0.5322957614737062, 0.49689574016279603, 0.6135206832481578, 0.5583911724417056]",stable,0.42021855265382063,3723,"[0.8661286339853825, 0.6438442956718411, 0.4051239712083378, 0.5691697470168562]"
"[0.9269843865044776, 0.5602169419568543, 0.35926404039526133, 0.6758548885065088]",stable,0.2911975301126787,3724,"[1.0, 0.7725332738073403, 0.31895429377525814, 0.49485317225336833]"
"[0.9208311582459927, 0.8430894064111365, 0.39030949391769204, 0.6647770196381586]",stable,0.29711172676199554,3725,"[1.0, 0.6247862930383739, 0.4412560917443528, 0.48657525888234887]"
"[0.9276363116249733, 0.5607934540200822, 0.35999611228230677, 0.674164891813436]",stable,0.6616558311792434,3726,"[0.48652004507573915, 0.9750329384461003, 0.5054473716033, 0.4495441914682443]"
"[0.6566257645897854, 0.7927376953852597, 0.42980169536442675, 0.47180056389343106]",stable,0.1805974845674696,3727,"[0.554966973734087, 0.7135563936076986, 0.5021141865187144, 0.5756377766147222]"
"[0.6081791404510446, 0.6204051586470464, 0.39642319968911766, 0.6506635870606392]",stable,0.42796744184611213,3728,"[0.42439594186799123, 0.6270456993323823, 0.1598999678208808, 0.34506167082826666]"
"[0.30549987032331066, 0.7152215181795015, 0.276370755598445, 0.44584051470835345]",anomaly,0.3856191503580047,3729,"[0.3974690238011583, 0.5203836674954817, 0.04413373294668588, 0.6657222583390503]"
"[0.30549987032331066, 0.7152215181795015, 0.276370755598445, 0.44584051470835345]",stable,0.24992182007451588,3730,"[0.39405243035053017, 0.8794107444207298, 0.12017313399481316, 0.5029681022091379]"
"[0.14574990055092366, 0.45282960605507416, 0.3959555475915195, 0.2793716762866768]",stable,0.40787038262840647,3731,"[0.40159794731567666, 0.37220972214885906, 0.3019736136441944, 0.5718915156182552]"
"[0.36238290415965746, 0.4795168480723119, 0.6146753648917775, 0.31615057175283173]",stable,0.2170469654457997,3732,"[0.2692965051548258, 0.6484106079067029, 0.5609032683048994, 0.3999823500185821]"
"[0.35599580509531037, 0.7119867098211465, 0.5867688848040793, 0.5102587567220754]",stable,0.31822512384271495,3733,"[0.23900539780921032, 0.5559992845224541, 0.33934546479025945, 0.46520269802745123]"
"[0.36238290415965746, 0.4795168480723119, 0.6146753648917775, 0.31615057175283173]",stable,0.40572062145985877,3734,"[0.49655807214614733, 0.6471767435434472, 0.31946063800846436, 0.13910630763961623]"
"[0.3063853959235828, 0.7168634104419138, 0.2748087793824087, 0.4464117905833613]",stable,0.1535797209533007,3735,"[0.2551125555861945, 0.8497910403114531, 0.33214628666909934, 0.4471060580000339]"
"[0.10195961209799895, 0.5799341661895234, 0.4719192254442799, 0.45638618447091556]",stable,0.24216442726647822,3736,"[0.304750558651778, 0.6591471858019169, 0.4674256925072811, 0.35044021940025133]"
"[0.4530419099914091, 0.5838944382819272, 0.35442392865491223, 0.30340120262520576]",stable,0.3133582049587729,3737,"[0.20587465912994404, 0.5059981923248811, 0.4515898467012067, 0.1564567438913355]"
"[0.3363751115480265, 0.41916251655116227, 0.3633609323997837, 0.5085072647730995]",stable,0.49425119199658585,3738,"[0.0, 0.7286121415674928, 0.17735283947436206, 0.4806156161198043]"
"[0.23124852359269968, 0.7102524228491666, 0.5560803355678088, 0.25372752822461603]",stable,0.404106556124007,3739,"[0.27339171206878193, 0.7182946905708244, 0.15425927899449027, 0.25262263380895184]"
"[0.11936707842740923, 0.7419861032905263, 0.33806267507446947, 0.2699486171047126]",stable,0.32130846832645216,3740,"[0.2953369750711045, 0.6963991630024418, 0.22362266638654124, 0.5089026766646527]"
"[0.14629156504262653, 0.4533086023277751, 0.3964567574934086, 0.27826433455338545]",stable,0.5742382724075923,3741,"[0.40689510774401316, 0.9005121416437855, 0.287307353266447, 0.5017163182305855]"
"[0.14629156504262653, 0.4533086023277751, 0.3964567574934086, 0.27826433455338545]",stable,0.4608921442707359,3742,"[0.497639955520199, 0.5979369798274026, 0.20342066529205327, 0.4537510197712422]"
"[0.3072624674036608, 0.7184632583219374, 0.2744294897832731, 0.4475666475806997]",stable,0.4320658600806128,3743,"[0.5421225091162928, 1.0, 0.476607575057178, 0.34087666129230476]"
"[0.6551944738963666, 0.795328474192944, 0.43038676886058613, 0.470164015110917]",stable,0.14114925146297586,3744,"[0.7232369812952464, 0.6820306691248653, 0.4501080359802766, 0.4246886661251065]"
"[0.6560345048519083, 0.7939297358587701, 0.4306302412941626, 0.46960259104936375]",stable,0.36574906189251977,3745,"[0.8603608676847693, 0.7226828700599511, 0.3954393243146094, 0.762362897789768]"
"[0.7523089368322535, 0.6700838443604233, 0.2074284444216021, 0.7599341921978139]",stable,0.3150488373836983,3746,"[1.0, 0.7304111970286418, 0.23684624422391354, 0.5771772204060737]"
"[0.9208311582459927, 0.8430894064111365, 0.39030949391769204, 0.6647770196381586]",stable,0.4161675281698124,3747,"[0.7276837197363512, 0.7258886777156076, 0.13929599264158485, 0.9079758886126721]"
"[0.7520497240207177, 0.670671263658899, 0.20671126071865456, 0.7614925258442861]",stable,0.5988250549271924,3748,"[0.6359180163655138, 0.7126665817809216, 0.7138190344996356, 0.467923161106804]"
"[0.5322957614737062, 0.49689574016279603, 0.6135206832481578, 0.5583911724417056]",stable,0.7780678783784983,3749,"[0.9852303700328914, 0.7074010598175098, 0.01950480578342756, 0.6138214119381101]"
"[0.9208311582459927, 0.8430894064111365, 0.39030949391769204, 0.6647770196381586]",stable,0.3620463683377626,3750,"[0.7829400898423455, 0.5889756174512353, 0.6054198196191919, 0.6996676504450244]"
"[0.9208311582459927, 0.8430894064111365, 0.39030949391769204, 0.6647770196381586]",stable,0.31435929268644625,3751,"[0.9070733371881246, 0.5310381165476323, 0.3566649868345859, 0.6759361816013433]"
"[0.9274543383998683, 0.5605301324495295, 0.3599666332960438, 0.6741805669443024]",stable,0.46722102418362127,3752,"[0.5210576665095762, 0.6141997560190506, 0.17855061622309876, 0.5424800325073417]"
"[0.6075944325722428, 0.6203635116495431, 0.39496096758531885, 0.6499375229361205]",stable,0.49632128855269636,3753,"[0.2034470095450592, 0.7081964354982246, 0.21907903483316898, 0.4393416892863173]"
"[0.14629156504262653, 0.4533086023277751, 0.3964567574934086, 0.27826433455338545]",stable,0.20906347441225653,3754,"[0.0853968309458697, 0.6373085441597455, 0.47222653793315006, 0.29832248677522294]"
"[0.4534230898677235, 0.5840144600045382, 0.35313330247232366, 0.30468624379739406]",stable,0.08927290444956704,3755,"[0.43902222207707364, 0.5293155493218868, 0.41271156438190404, 0.3396251383663773]"
"[0.30625455033707244, 0.7183635804304449, 0.27389210672550507, 0.44748679361667654]",stable,0.3215495804397084,3756,"[0.48512646975070073, 0.6466651821258331, 0.5293779965662299, 0.41609780033745125]"
"[0.3570542531662562, 0.7114512874629881, 0.5862984676873756, 0.5094869456041686]",stable,0.24548650675343142,3757,"[0.18253730608726246, 0.6741001129666095, 0.42813495823858, 0.4512061235199526]"
"[0.4533010486152604, 0.5835509099140073, 0.35363820299698107, 0.30498233612424985]",stable,0.15274394668358793,3758,"[0.4192124557373642, 0.4707067311124108, 0.39988788346514514, 0.39039802233743814]"
"[0.30625455033707244, 0.7183635804304449, 0.27389210672550507, 0.44748679361667654]",stable,0.28641381139939887,3759,"[0.4393861120173661, 0.6314897933669119, 0.4990975253599069, 0.5252320390265428]"
"[0.3577236178723628, 0.7108011940150526, 0.5855895169367457, 0.5096149544937814]",stable,0.2952618527877604,3760,"[0.45982679248038505, 0.5461916661015819, 0.39351763158367076, 0.6226043240098751]"
"[0.6066093149716303, 0.6198690326792233, 0.39495134534530785, 0.6497553016099454]",stable,0.37195039283670195,3761,"[0.3699025555194848, 0.5216666230054827, 0.4437326590264105, 0.38462575793203363]"
"[0.30625455033707244, 0.7183635804304449, 0.27389210672550507, 0.44748679361667654]",stable,0.9179878270950843,3762,"[0.8295351125818133, 0.507197546300383, 0.9821698397217964, 0.2970518813024194]"
"[0.5252208907945359, 0.38557205629891755, 0.8188252737157323, 0.5951841251086804]",stable,0.5016067611394306,3763,"[0.28082320536491695, 0.057030490326524685, 0.9176499792660434, 0.3228364958207849]"
"[0.13920919682233104, 0.3186773994365934, 0.9509270242916046, 0.46510173108750935]",stable,0.3278948356365807,3764,"[0.1838127992832464, 0.5300895418651009, 0.7408240742184297, 0.5942806701177796]"
"[0.3577236178723628, 0.7108011940150526, 0.5855895169367457, 0.5096149544937814]",stable,0.6188309984743225,3765,"[0.10094704636233162, 0.6776939295032629, 1.0, 0.12989735210997383]"
"[0.5252208907945359, 0.38557205629891755, 0.8188252737157323, 0.5951841251086804]",anomaly,0.42648177996639225,3766,"[0.21592097373808175, 0.1098698352435824, 0.8009002940237008, 0.6946187788284381]"
"[0.5252208907945359, 0.38557205629891755, 0.8188252737157323, 0.5951841251086804]",stable,0.2951946794282519,3767,"[0.5231606254537094, 0.3622059497244985, 0.7402372058742035, 0.31161121609591524]"
"[0.3857202058072008, 0.36844893357068925, 0.9101039561385719, 0.3474069044031383]",stable,0.3059700768181557,3768,"[0.3120033316811024, 0.13979876524867846, 0.7229745173973714, 0.3176548614496791]"
"[0.33996177882205847, 0.25728824476738105, 0.6967342169476436, 0.4138025072118376]",stable,0.28964787287356175,3769,"[0.44010282213456453, 0.22327022671309527, 0.9653952682101928, 0.3907444134783576]"
"[0.3705081541051796, 0.6000349519127419, 0.8725618722248408, 0.4765536541845338]",stable,0.5134282144421126,3770,"[0.1336723725044754, 0.1461523934808917, 0.9075392992298734, 0.4934221659821165]"
"[0.13920919682233104, 0.3186773994365934, 0.9509270242916046, 0.46510173108750935]",stable,0.32211189925993516,3771,"[0.4372809506895358, 0.2358164839067248, 0.9688097052064203, 0.37721780996298293]"
"[0.38617649558492056, 0.3672751950780878, 0.9106234760418271, 0.34767071772667674]",stable,0.09036938019516412,3772,"[0.42120922012111406, 0.2995269831791549, 0.8763068057915809, 0.3819034362261248]"
"[0.3864838001861152, 0.36668091251757085, 0.9103224526185795, 0.3479710047310579]",stable,0.35838507093434896,3773,"[0.2671742984946708, 0.0774437383322252, 0.7357663098888775, 0.3391896620454867]"
"[0.3392551042557732, 0.25554218159810765, 0.6971131693062963, 0.4130781106568244]",stable,0.3409923273856712,3774,"[0.29068262907252823, 0.5599422650996867, 0.8304046320478362, 0.47215820133822234]"
"[0.5322957614737062, 0.49689574016279603, 0.6135206832481578, 0.5583911724417056]",stable,0.4881488682024839,3775,"[0.2621247156324666, 0.3492721398255887, 0.9524052301027395, 0.38909421427924445]"
"[0.38540241684217047, 0.36652953188546666, 0.9106883898140938, 0.34832859785756387]",stable,0.2974470745108349,3776,"[0.4692728453647113, 0.09695032938405598, 1.0, 0.37645337730921]"
"[0.36957995032573016, 0.599568757880032, 0.8720716717576663, 0.47650254426771627]",stable,0.3209721267951346,3777,"[0.530104884290266, 0.3392533641077608, 0.8549442815174487, 0.3805994680719027]"
"[0.3866498519063782, 0.36629439250807266, 0.9102078371563642, 0.348606795014584]",anomaly,0.5647619006426011,3778,"[0.032348705379331155, 0.22216863984442883, 0.5697997617812369, 0.5868856476759208]"
"[0.3866498519063782, 0.36629439250807266, 0.9102078371563642, 0.348606795014584]",stable,0.6319895537906406,3779,"[0.04805568319970549, 0.3828293170179526, 0.426137302974991, 0.5725869263368574]"
"[0.4523219895654798, 0.582094839366423, 0.35477440413446104, 0.3063578286910913]",stable,0.29170611538217,3780,"[0.29030996810877957, 0.5872571943247186, 0.42752524265255926, 0.5377130279866069]"
"[0.36238290415965746, 0.4795168480723119, 0.6146753648917775, 0.31615057175283173]",stable,0.2941343098800797,3781,"[0.168861586266291, 0.4806774003915377, 0.5553550013922511, 0.5295615352997961]"
"[0.4523219895654798, 0.582094839366423, 0.35477440413446104, 0.3063578286910913]",stable,0.38868090347496204,3782,"[0.17953127549149112, 0.5898642736279174, 0.6283985031233886, 0.3479217479585275]"
"[0.4523219895654798, 0.582094839366423, 0.35477440413446104, 0.3063578286910913]",stable,0.3947985557732533,3783,"[0.3754250433739995, 0.23206921165131972, 0.38857999379705854, 0.4685059133460855]"
"[0.36238290415965746, 0.4795168480723119, 0.6146753648917775, 0.31615057175283173]",stable,0.40808604323657427,3784,"[0.22579651062150918, 0.5854016541524656, 0.6535078868889624, 0.6837900947389106]"
"[0.5322957614737062, 0.49689574016279603, 0.6135206832481578, 0.5583911724417056]",stable,0.34140990926860915,3785,"[0.6576392796721519, 0.6869590138742958, 0.6267063485753753, 0.304320672760255]"
"[0.5322957614737062, 0.49689574016279603, 0.6135206832481578, 0.5583911724417056]",stable,0.32568853136396947,3786,"[0.23308188045819106, 0.4745164496344386, 0.650407186963258, 0.43721928597963977]"
"[0.3392551042557732, 0.25554218159810765, 0.6971131693062963, 0.4130781106568244]",stable,0.5109666176074742,3787,"[0.6716647602607597, 0.5478895045952984, 0.7832118887979573, 0.653308745968272]"
"[0.6516422284988306, 0.6564622629770824, 0.9003214798526201, 0.6382583957205911]",stable,0.21705052725876173,3788,"[0.7800548938896739, 0.7352240977895916, 0.8143429071786854, 0.5077770669089725]"
"[0.5322957614737062, 0.49689574016279603, 0.6135206832481578, 0.5583911724417056]",stable,0.2892079867242718,3789,"[0.7243383622002436, 0.5577960293355937, 0.6015341232040828, 0.765534543680743]"
"[0.9274543383998683, 0.5605301324495295, 0.3599666332960438, 0.6741805669443024]",stable,0.4229274752098287,3790,"[0.5945027837972816, 0.5573397624645824, 0.23231419379411916, 0.44679193969208564]"
"[0.6647732015209039, 0.5044597718016349, 0.17665222638151387, 0.36674363915872665]",stable,0.6564634807754047,3791,"[0.6249340112365891, 0.7225698967823135, 0.7726975164761593, 0.5295782977733877]"
"[0.5322957614737062, 0.49689574016279603, 0.6135206832481578, 0.5583911724417056]",stable,0.5359973850293032,3792,"[0.9179169614771814, 0.8393583754784076, 0.5168577145884804, 0.6677762754892206]"
"[0.920809410508912, 0.8430615628967132, 0.3912538836241905, 0.6647994021445098]",stable,0.1793799453184416,3793,"[0.8973487129939172, 0.8630237917524172, 0.5671129573513716, 0.6821734074825833]"
"[0.9206356275643565, 0.8432094312586073, 0.392556543429577, 0.6649280984803474]",stable,0.3708510653597728,3794,"[0.839775518131816, 0.7071103606251429, 0.4327814425347286, 0.9978712705769136]"
"[0.7520497240207177, 0.670671263658899, 0.20671126071865456, 0.7614925258442861]",anomaly,0.39175108249684226,3795,"[1.0, 0.5151714246494676, 0.10219544316385637, 1.0]"
"[0.7520497240207177, 0.670671263658899, 0.20671126071865456, 0.7614925258442861]",stable,0.40105594288915347,3796,"[1.0, 0.7335167147642094, 0.5125575692638485, 0.8047939668497963]"
"[0.7520497240207177, 0.670671263658899, 0.20671126071865456, 0.7614925258442861]",stable,0.395749254868471,3797,"[1.0, 0.6329870769971021, 0.46032191980427123, 0.9329558427506895]"
"[0.9134632613737335, 0.7117744806968616, 0.4518618399162802, 0.8767239243475936]",stable,0.21768660398442394,3798,"[0.8438619310311117, 0.7898666489746852, 0.5976278674886158, 1.0]"
"[0.9131063314745406, 0.7121749533546965, 0.4526093580063947, 0.8773561093509393]",stable,0.25143598478673085,3799,"[0.8965155645928613, 0.721546115140205, 0.5154442282843532, 0.6346448378700028]"
"[0.9206356275643565, 0.8432094312586073, 0.392556543429577, 0.6649280984803474]",stable,0.17139685215792702,3800,"[0.93049105349265, 0.81911683326112, 0.4145474473285622, 0.8329033894515354]"
"[0.9131950290358575, 0.7127205751909538, 0.452415164584569, 0.8771293097596158]",stable,0.3404424235622412,3801,"[0.6943315732841633, 0.6955928397858757, 0.23785838803119552, 0.7299156493463307]"
"[0.7514484932838785, 0.6709308634102217, 0.20703570996149354, 0.7611636000474323]",stable,0.2585825499437594,3802,"[0.8949986980714403, 0.6004646032636838, 0.14810771043513504, 0.9556379451257687]"
"[0.752928392302307, 0.6702044071200512, 0.20642820481173724, 0.7631684902028791]",stable,0.27657385000051143,3803,"[0.9413296057301033, 0.7474589913032073, 0.3932088760766697, 0.775117856192263]"
"[0.9133378441459805, 0.7128969123285794, 0.4521146250489959, 0.876611485122218]",stable,0.2829545697457033,3804,"[0.9068964711203706, 0.7265522224372507, 0.46926898982611476, 0.5945812428990646]"
"[0.9205346043552095, 0.8423516576643325, 0.3931206055354339, 0.6644108421893086]",stable,0.4572577933724335,3805,"[0.5639445318937216, 0.8259175947895895, 0.6171772405613396, 0.4870503175508341]"
"[0.5322957614737062, 0.49689574016279603, 0.6135206832481578, 0.5583911724417056]",stable,0.4370979733246061,3806,"[0.39397956541588885, 0.6706066700121467, 0.3719491492563683, 0.26961621679578884]"
"[0.30625455033707244, 0.7183635804304449, 0.27389210672550507, 0.44748679361667654]",anomaly,0.30953448599460054,3807,"[0.4354719076939525, 0.9008577746283042, 0.06347644954581738, 0.40830015207443543]"
"[0.30625455033707244, 0.7183635804304449, 0.27389210672550507, 0.44748679361667654]",stable,0.2026332265966974,3808,"[0.3780179272023415, 0.5530909859225916, 0.23834255271252022, 0.3618629594581756]"
"[0.30625455033707244, 0.7183635804304449, 0.27389210672550507, 0.44748679361667654]",stable,0.35557840247329947,3809,"[0.6055879042793503, 0.5888426715578969, 0.4092988708310908, 0.4059550476575411]"
"[0.7485337840135525, 0.49715743496383, 0.4527929737530488, 0.4681191947947162]",stable,0.5339593378691575,3810,"[0.347536123103927, 0.7861397888119085, 0.2899335641887782, 0.587615899031608]"
"[0.10248709811243137, 0.5789422395441656, 0.4718793411892241, 0.4565651730602865]",stable,0.369518810997617,3811,"[0.2817766127828052, 0.5320977611053276, 0.1981900477710781, 0.29134051655156906]"
"[0.11936707842740923, 0.7419861032905263, 0.33806267507446947, 0.2699486171047126]",stable,0.46807508044629814,3812,"[0.19684009533853458, 0.48417858357512233, 0.484598620422882, 0.6237207359673155]"
"[0.5322957614737062, 0.49689574016279603, 0.6135206832481578, 0.5583911724417056]",stable,0.46260915779570533,3813,"[0.2023149645767119, 0.6583886790624268, 0.43000769374158837, 0.3454054453997315]"
"[0.4512347232825886, 0.5825826096713566, 0.35396082129593615, 0.30651162802610593]",stable,0.3241183788152246,3814,"[0.21029087031966046, 0.7640117049509514, 0.3254220325754827, 0.19132567345878337]"
"[0.3066514885367538, 0.7190152747418052, 0.2740463515088058, 0.4488341888610509]",stable,0.25554976759666853,3815,"[0.19056403622108817, 0.8265899719027132, 0.44153018415073614, 0.33835234660686814]"
"[0.12088222562073568, 0.7429826403958777, 0.33891152429481786, 0.2698531104304717]",stable,0.47547436788751957,3816,"[0.24081477971263052, 0.4544981412613677, 0.0, 0.15320093751326874]"
"[0.12088222562073568, 0.7429826403958777, 0.33891152429481786, 0.2698531104304717]",stable,0.18144797711006128,3817,"[0.06610002814344501, 0.6455999286680351, 0.23445791714340875, 0.17223994202331752]"
"[0.12088222562073568, 0.7429826403958777, 0.33891152429481786, 0.2698531104304717]",stable,0.4945123763195309,3818,"[0.46388831738015834, 0.4660830429702314, 0.2859949883228273, 0.487604722400064]"
"[0.36238290415965746, 0.4795168480723119, 0.6146753648917775, 0.31615057175283173]",stable,0.5328716063174689,3819,"[0.0, 0.49747001528514634, 0.2293531535705431, 0.378080022272871]"
"[0.23021453888606894, 0.7080440652465, 0.555391175641262, 0.2561105043388343]",stable,0.6412383129098045,3820,"[0.21045786086571006, 0.2161873456934309, 0.14602330301893082, 0.22017779066212007]"
"[0.12088222562073568, 0.7429826403958777, 0.33891152429481786, 0.2698531104304717]",stable,0.41105827249628685,3821,"[0.23383623750770755, 0.42659524557063894, 0.17815967404345326, 0.4438305619083306]"
"[0.23021453888606894, 0.7080440652465, 0.555391175641262, 0.2561105043388343]",stable,0.5183537500651368,3822,"[0.17183005003567897, 0.543781490735349, 0.08115019425313216, 0.14037304344020757]"
"[0.12088222562073568, 0.7429826403958777, 0.33891152429481786, 0.2698531104304717]",stable,0.21649285825675102,3823,"[0.17664081672516552, 0.5796886962118054, 0.38074195088676166, 0.14597639591893902]"
"[0.33752271149296803, 0.41942843940156976, 0.363475384090956, 0.5082053778151323]",stable,0.26448045629306544,3824,"[0.30527877987644947, 0.5593190128746984, 0.3273755975449028, 0.2890303940702123]"
"[0.3066514885367538, 0.7190152747418052, 0.2740463515088058, 0.4488341888610509]",stable,0.2441182076680083,3825,"[0.2939934477606897, 0.6095967218438413, 0.07016837347920715, 0.5256119439404376]"
"[0.23021453888606894, 0.7080440652465, 0.555391175641262, 0.2561105043388343]",stable,0.3596858890217678,3826,"[0.2538748695856063, 0.6334586435772566, 0.2071430459818864, 0.3005445293167256]"
"[0.10248709811243137, 0.5789422395441656, 0.4718793411892241, 0.4565651730602865]",stable,0.08385467679630013,3827,"[0.16419617520212704, 0.575536579316517, 0.5179863194121122, 0.4895218819815045]"
"[0.4500480895963599, 0.5823934747380504, 0.3537446812654399, 0.30636950417280595]",stable,0.434007641054195,3828,"[0.3074441660362935, 0.39148646687835503, 0.6625306524125317, 0.4967178476158401]"
"[0.3392551042557732, 0.25554218159810765, 0.6971131693062963, 0.4130781106568244]",stable,0.22949313032931365,3829,"[0.42569801607287133, 0.4192496244596729, 0.5825581684772995, 0.48568489272106835]"
"[0.5314497476213186, 0.49627950114927916, 0.6132749490039446, 0.5578141384756687]",stable,0.2453664111293497,3830,"[0.43324411396014684, 0.3766468127576824, 0.6146182906576833, 0.36742888555647535]"
"[0.33752271149296803, 0.41942843940156976, 0.363475384090956, 0.5082053778151323]",stable,0.2650072895419411,3831,"[0.5544126920554022, 0.47659741330469174, 0.4918490695829244, 0.5668526721948942]"
"[0.5316305582074138, 0.49612452407963675, 0.6123188397171649, 0.557885308032513]",stable,0.33216090221158723,3832,"[0.7426815625544012, 0.5094808703322959, 0.5258532079080104, 0.3167761189650569]"
"[0.7484649343493273, 0.4973024165564002, 0.4536525059195777, 0.46633868802024964]",stable,0.21790945534305126,3833,"[0.625309403078478, 0.6144209634945161, 0.5871772446601216, 0.4941170240516602]"
"[0.5316305582074138, 0.49612452407963675, 0.6123188397171649, 0.557885308032513]",stable,0.5224929795104122,3834,"[0.9206931341894973, 0.8170188012306511, 0.5777764917739647, 0.6900326299809825]"
"[0.9205357615072846, 0.8421667463035026, 0.39446845871965674, 0.6645978625381529]",stable,0.2947591651009056,3835,"[0.8974405392052764, 0.5918271662381018, 0.36244079114283473, 0.5140857391723884]"
"[0.9271910594595649, 0.5608046678336398, 0.35998833643505074, 0.6727762263498119]",stable,0.27945429198215477,3836,"[0.9782196605069092, 0.8048408046805907, 0.48190284426536995, 0.6400042890298174]"
"[0.9209537607753978, 0.8418962684656556, 0.3951020412236112, 0.6644196482373679]",stable,0.19038327242102257,3837,"[1.0, 0.6990239905935021, 0.45294692411113374, 0.5854325339620937]"
"[0.9215224387554308, 0.8408684103514674, 0.39551819146021205, 0.6638513956166824]",stable,0.3244858359486341,3838,"[0.8305760587120667, 0.5348949352014365, 0.42701764840442824, 0.7129210441290242]"
"[0.9263509290182824, 0.5605793658107511, 0.3605712000173932, 0.673125311721805]",stable,0.14673184651989296,3839,"[0.9070082041331683, 0.6981407527646355, 0.3286541618420762, 0.7079715636091349]"
"[0.9261841813899624, 0.5617652398362156, 0.3602960531365714, 0.6734257104449717]",stable,0.15927462865687672,3840,"[0.9983531041515341, 0.49579392583109705, 0.4810658020747226, 0.7083900836135879]"
"[0.926801009789634, 0.5612013824515564, 0.3613282732129659, 0.6737245512412847]",stable,0.35898906440089345,3841,"[0.7948908356300531, 0.5598350993836084, 0.5480351412225768, 0.9505124357688374]"
"[0.9265382818248241, 0.6271060211995009, 0.6128179480375874, 0.6208259076265612]",stable,0.25508308643232613,3842,"[1.0, 0.6208332173818714, 0.47691938566230596, 0.8237125499251361]"
"[0.9137755318018089, 0.7124319441722828, 0.45223990161774996, 0.8763443187828389]",stable,0.15362940569080522,3843,"[0.864450851898717, 0.7465667596964418, 0.3544572256263115, 0.7741560959269123]"
"[0.913527669088728, 0.7126034759085851, 0.4517485313866372, 0.8758308101252714]",stable,0.2595653058521955,3844,"[0.8448092481780766, 0.8488475545376623, 0.6322145605494347, 0.9831690138852398]"
"[0.9131840769841747, 0.7132846963017304, 0.45265086153245115, 0.8763675011440712]",stable,0.5561548540358814,3845,"[0.6444677520527284, 0.7470784384279341, 0.015134394565426701, 0.6653293943746771]"
"[0.7518216510752707, 0.6709888360109479, 0.20447622715616265, 0.7621701320821832]",stable,0.24884526263498247,3846,"[0.5449061510912518, 0.6715748920100792, 0.336245792764368, 0.8039598284202478]"
"[0.6062006847472569, 0.6202114555886993, 0.39456256685139435, 0.6507765236418017]",stable,0.33382508215412143,3847,"[0.8544952968117191, 0.578778662377517, 0.5369961381899973, 0.4840882742136712]"
"[0.7496978455407504, 0.49824981476362246, 0.4546216179227221, 0.4665450785573824]",stable,0.44255661265072777,3848,"[0.8111418772195179, 0.7640155453995492, 0.7751414086373302, 0.6033538010562084]"
"[0.5316305582074138, 0.49612452407963675, 0.6123188397171649, 0.557885308032513]",stable,0.22831575674539567,3849,"[0.5035647515414875, 0.6550020915720701, 0.5820364345865965, 0.7165714440419607]"
"[0.926801009789634, 0.5612013824515564, 0.3613282732129659, 0.6737245512412847]",stable,0.4879178638639239,3850,"[0.9869457631631333, 0.7585026699635037, 0.7979863797688479, 0.6040944539820144]"
"[0.9215224387554308, 0.8408684103514674, 0.39551819146021205, 0.6638513956166824]",stable,0.616150927664626,3851,"[0.5579152996451378, 0.6722905870032885, 0.7836873491372656, 0.925266843808797]"
"[0.5225198229879119, 0.5443611581919527, 0.8847111891049703, 0.8241555517593089]",stable,0.7528123627877813,3852,"[0.9718745058789331, 0.6232167773624415, 0.2886757047865018, 0.7664466677940183]"
"[0.9271829885700517, 0.5617269366457165, 0.3607125734805382, 0.6745103318900366]",stable,0.29803831220040167,3853,"[0.7066646992250903, 0.5651083675123469, 0.31613554331262106, 0.47906219577628695]"
"[0.749203211675053, 0.49901830387567675, 0.45302982396168645, 0.46668895346794453]",anomaly,0.6082752260884605,3854,"[1.0, 0.9455188893826039, 0.6556919265853504, 0.7248846562613611]"
"[0.749203211675053, 0.49901830387567675, 0.45302982396168645, 0.46668895346794453]",stable,0.5919221429104198,3855,"[1.0, 0.6749889160926424, 0.07031522737223633, 0.7984067181820398]"
"[0.922983634612926, 0.6848826852222683, 0.19074575580476474, 0.5669840845368994]",stable,0.38553167096968843,3856,"[0.7166914033132435, 0.45554535768716936, 0.37145250058873847, 0.42266621587637293]"
"[0.7488337593073052, 0.49852429312353463, 0.45210280892335747, 0.4661886950862222]",stable,0.4541741791716211,3857,"[0.8717095987308676, 0.9069307356574396, 0.5626751038200806, 0.5764323271483189]"
"[0.9211666327552553, 0.8413402841036529, 0.3967121694056397, 0.6632269736990513]",stable,0.5733482843710007,3858,"[0.5078984346618213, 0.45283492677224146, 0.48023046308213724, 0.658134471177233]"
"[0.5314451509922139, 0.4957863241006727, 0.6112868992747038, 0.5586685046195812]",stable,0.2856610052239223,3859,"[0.7763064123358485, 0.6187139102416626, 0.6917403354593373, 0.5508438148250504]"
"[0.5314451509922139, 0.4957863241006727, 0.6112868992747038, 0.5586685046195812]",stable,0.1769254635773409,3860,"[0.4104784314987804, 0.4055880472814115, 0.51928981935699, 0.5502732331824166]"
"[0.5305074244845128, 0.49508711265246136, 0.6105737436164269, 0.5586034249960373]",stable,0.2829694670301063,3861,"[0.4686315560354674, 0.373443605807565, 0.8341356594863003, 0.6656829430657697]"
"[0.36957995032573016, 0.599568757880032, 0.8720716717576663, 0.47650254426771627]",stable,0.5828488778893073,3862,"[0.27146411964414024, 0.07103634558172162, 0.9367621185410884, 0.26073708486427905]"
"[0.3392551042557732, 0.25554218159810765, 0.6971131693062963, 0.4130781106568244]",stable,0.2761686232683958,3863,"[0.42188605719503547, 0.28470289773788543, 0.957336631503332, 0.3835038574842795]"
"[0.38695101605414456, 0.36559702930490867, 0.910610647364458, 0.34890506050577796]",stable,0.3139511451616353,3864,"[0.3816532957815436, 0.0803597847726307, 1.0, 0.4447513628614122]"
"[0.36957995032573016, 0.599568757880032, 0.8720716717576663, 0.47650254426771627]",stable,0.4435944699823176,3865,"[0.4037867947453061, 0.20578056133448044, 0.8885437754944638, 0.2758399626695658]"
"[0.3392551042557732, 0.25554218159810765, 0.6971131693062963, 0.4130781106568244]",stable,0.2248964298166276,3866,"[0.5034493665701786, 0.16785112199698848, 0.7240327822149752, 0.28977255168167765]"
"[0.38695101605414456, 0.36559702930490867, 0.910610647364458, 0.34890506050577796]",anomaly,0.6097531257415868,3867,"[0.0, 0.0, 0.8453883963060767, 0.638995831914666]"
"[0.38695101605414456, 0.36559702930490867, 0.910610647364458, 0.34890506050577796]",stable,0.41183890718096583,3868,"[0.0, 0.2766628603977743, 1.0, 0.4119958988174802]"
"[0.1369270788416371, 0.3179886365015308, 0.9517314993032175, 0.4642311436732466]",stable,0.4821433213518598,3869,"[0.6039392150193978, 0.3552778608900605, 1.0, 0.36107343639030054]"
"[0.5246606003513768, 0.3854519726306863, 0.8189768616936588, 0.5958821332072654]",stable,0.5692594071225959,3870,"[0.0, 0.271422565314555, 1.0, 0.6507951981495667]"
"[0.13471857756999778, 0.31723757083722476, 0.9525100235080044, 0.46724024132609043]",stable,0.300692609902648,3871,"[0.029568908068241584, 0.11515918128525479, 1.0, 0.27679702337751266]"
"[0.13471857756999778, 0.31723757083722476, 0.9525100235080044, 0.46724024132609043]",stable,0.4986221860922024,3872,"[0.5309318402363865, 0.1798326378629445, 0.7544298457030318, 0.2841466518541862]"
"[0.38695101605414456, 0.36559702930490867, 0.910610647364458, 0.34890506050577796]",stable,0.26801319050040245,3873,"[0.35353148996394473, 0.18186745260011056, 0.8287731527105691, 0.5228598611603212]"
"[0.36957995032573016, 0.599568757880032, 0.8720716717576663, 0.47650254426771627]",stable,0.200737273075686,3874,"[0.48942574615529094, 0.46033651868872877, 0.8836053172066309, 0.5565887266981147]"
"[0.36957995032573016, 0.599568757880032, 0.8720716717576663, 0.47650254426771627]",stable,0.4402673565536019,3875,"[0.665045010379695, 0.29278414394216623, 0.7606712706050877, 0.4794849607447639]"
"[0.5243151606043565, 0.38618613484694164, 0.8196104740026096, 0.5954969037316854]",stable,0.5586286069787284,3876,"[0.6402429198925779, 0.5464392822056849, 0.297168893179288, 0.5961282117803813]"
"[0.6064246468205813, 0.6197261123427583, 0.3939218189982884, 0.6504169952742923]",stable,0.30963747034928857,3877,"[0.7325857803322137, 0.6140959026780843, 0.6681364971687676, 0.7192162863342951]"
"[0.9271829885700517, 0.5617269366457165, 0.3607125734805382, 0.6745103318900366]",stable,0.3216430628632009,3878,"[0.8607535844307966, 0.7556076635391588, 0.5370358520200532, 0.5002640712757223]"
"[0.9211666327552553, 0.8413402841036529, 0.3967121694056397, 0.6632269736990513]",stable,0.40930806066007924,3879,"[0.7103017077897986, 0.5028412237962588, 0.3097387788746484, 0.6936093279722524]"
"[0.6071035818595957, 0.6189621588228466, 0.39337160304976787, 0.6506992981023836]",stable,0.4821662601309295,3880,"[1.0, 0.4462823774196857, 0.31013232253309414, 0.85409453475927]"
"[0.9277948962291269, 0.5607568142992793, 0.3602875293549294, 0.6760194428385176]",stable,0.18588545972118478,3881,"[0.8048275513775647, 0.595527549769491, 0.4951945684906669, 0.6711693931065723]"
"[0.9211666327552553, 0.8413402841036529, 0.3967121694056397, 0.6632269736990513]",stable,0.3084749990473541,3882,"[1.0, 0.591989479654883, 0.4556537349043012, 0.8158447754897946]"
"[0.9136159969991788, 0.7126812375124426, 0.45266580120096783, 0.876066393056239]",stable,0.34237228822306004,3883,"[1.0, 0.7009507814981922, 0.4000671478745312, 0.5491835916753904]"
"[0.9217257346506081, 0.8403446138724084, 0.39673596357917795, 0.6624181553868267]",stable,0.3595707118184138,3884,"[0.931947283837792, 0.5547390604975949, 0.5248310809637153, 0.8390752399136662]"
"[0.9250253300807411, 0.6298241142908539, 0.6127198879919542, 0.6197907909061401]",stable,0.6345248341763474,3885,"[1.0, 0.6255161519867084, 0.0, 0.4729700009037277]"
"[0.9217257346506081, 0.8403446138724084, 0.39673596357917795, 0.6624181553868267]",stable,0.2433575590522548,3886,"[0.8403883731077125, 0.6152821856335321, 0.4187204162856686, 0.7007681540769007]"
"[0.9270665085364485, 0.5612111923937314, 0.36077447007935226, 0.6762256820988374]",stable,0.2678760485992254,3887,"[1.0, 0.6422872187793279, 0.1162350664673251, 0.6681361046891844]"
"[0.9217257346506081, 0.8403446138724084, 0.39673596357917795, 0.6624181553868267]",stable,0.1819869437465515,3888,"[0.9509093030435365, 0.7361017925502464, 0.5335220250048635, 0.6105474060910032]"
"[0.9217257346506081, 0.8403446138724084, 0.39673596357917795, 0.6624181553868267]",stable,0.35319689836598195,3889,"[1.0, 0.6470392727915893, 0.5030972217533543, 0.9268827395348694]"
"[0.9140436405783908, 0.7123562772910523, 0.4529154616987519, 0.8763179591279154]",stable,0.37649222016885653,3890,"[0.9682478183315049, 0.6827655890079423, 0.30694093495862884, 0.5348152099856684]"
"[0.9217257346506081, 0.8403446138724084, 0.39673596357917795, 0.6624181553868267]",stable,0.3918269960217265,3891,"[0.6474029674295376, 0.5949165172848296, 0.4990715035644563, 0.7494118382431354]"
"[0.9270665085364485, 0.5612111923937314, 0.36077447007935226, 0.6762256820988374]",stable,0.5116017038944581,3892,"[0.6239140420568415, 0.9127865634517018, 0.5649748071735862, 0.6089065444699636]"
"[0.6556427918909928, 0.795379209366001, 0.4322685896585458, 0.47130141974961504]",stable,0.3142322295532612,3893,"[0.6366977444302334, 0.5926360834042763, 0.6259415707044425, 0.6119036265416388]"
"[0.5313242730994799, 0.4958374893505522, 0.6106919576709501, 0.5590134265463881]",anomaly,0.5127448813410084,3894,"[0.4764773128558236, 1.0, 0.5988392990804893, 0.6337048024436014]"
"[0.5313242730994799, 0.4958374893505522, 0.6106919576709501, 0.5590134265463881]",stable,0.21094054465503095,3895,"[0.6606882516802739, 0.5028227546118477, 0.7771541888787453, 0.560564579556521]"
"[0.36957995032573016, 0.599568757880032, 0.8720716717576663, 0.47650254426771627]",stable,0.2902489689711081,3896,"[0.3249913680100917, 0.34824157958234647, 0.7831514096332792, 0.3707473611865715]"
"[0.33911795294571856, 0.25643352196334074, 0.6979404600786712, 0.41267108421961046]",stable,0.3663053498049926,3897,"[0.506087885469192, 0.4949441803487748, 0.9185455999300268, 0.4399966955865183]"
"[0.5313242730994799, 0.4958374893505522, 0.6106919576709501, 0.5590134265463881]",stable,0.5683424373593433,3898,"[0.15672608823586887, 0.4627818649451372, 1.0, 0.38570474276644084]"
"[0.13506790313612274, 0.3195477977278265, 0.953263832658671, 0.46594602706323884]",stable,0.2975060229524682,3899,"[0.33423618440895586, 0.26337303629687664, 0.7641660400595643, 0.3663054206813963]"
"[0.3390714599120351, 0.2564996125760411, 0.698571179888013, 0.41222950647162754]",stable,0.054853118272065134,3900,"[0.32132073975332026, 0.27646524254793364, 0.6989635810376387, 0.36432338829054967]"
"[0.33890400028789625, 0.25668796757577594, 0.6985748817856511, 0.41177756196048526]",stable,0.2577260747955117,3901,"[0.3356390226080084, 0.3831412528236673, 0.6989092657298293, 0.18723018524981244]"
"[0.33752271149296803, 0.41942843940156976, 0.363475384090956, 0.5082053778151323]",stable,0.5357925987060448,3902,"[0.25940507130947255, 0.3338070115851382, 0.8778925319863656, 0.6031543755463697]"
"[0.33890400028789625, 0.25668796757577594, 0.6985748817856511, 0.41177756196048526]",stable,0.32551923436887126,3903,"[0.3581926800944971, 0.36323447675392484, 1.0, 0.46992786949906123]"
"[0.3867073013426221, 0.3655770076731207, 0.9113681842511998, 0.34993067753114476]",stable,0.6104668886819559,3904,"[0.31394558029960823, 0.5384688079301959, 1.0, 0.9240633980486437]"
"[0.5170310271276934, 0.5442060963429591, 0.8877451051811552, 0.8267847056090283]",stable,0.16512487136656562,3905,"[0.6077950808530229, 0.62734509573178, 0.849099842176285, 0.723718900789581]"
"[0.6508592437194413, 0.6559423135619877, 0.899406807751257, 0.6397844761682515]",stable,0.3989934055421901,3906,"[0.5316639919628329, 0.3068027020341512, 0.9941452616334963, 0.5209804920472316]"
"[0.5256391711973266, 0.3873185292135912, 0.8191982770596593, 0.5951577549532857]",stable,0.244217586537592,3907,"[0.44971888850755753, 0.503090860274941, 1.0, 0.5069203218935162]"
"[0.5313242730994799, 0.4958374893505522, 0.6106919576709501, 0.5590134265463881]",stable,0.43303850817223405,3908,"[0.4858347285890449, 0.6267443726735764, 1.0, 0.6884571864455891]"
"[0.5162311220369588, 0.5463224624027186, 0.8906234358175359, 0.823237846143299]",stable,0.491662669681117,3909,"[0.4927808062980078, 0.4234292879780447, 0.5580053178791454, 0.4834662776613904]"
"[0.5310300481620641, 0.49528475498893, 0.6102897695809364, 0.5584367307533729]",stable,0.33720685076105067,3910,"[0.6379523624325089, 0.4711962395087761, 0.8788381283691918, 0.3864553325577117]"
"[0.5256391711973266, 0.3873185292135912, 0.8191982770596593, 0.5951577549532857]",stable,0.22214781773964604,3911,"[0.5501788692671925, 0.20018948976375778, 0.8906007475620741, 0.502249919191918]"
"[0.3720418466135175, 0.5972835024807553, 0.8740535155805605, 0.4764333616420867]",stable,0.21945505621474407,3912,"[0.3269032899139651, 0.7542995288772268, 0.7869996925856718, 0.5942918859580433]"
"[0.3627358427856482, 0.4779228830278057, 0.6153487795046092, 0.3155294351712367]",anomaly,0.6620969501220962,3913,"[0.34151008409503203, 0.7892168762476306, 0.17725980484409687, 0.7016588676095655]"
"[0.3627358427856482, 0.4779228830278057, 0.6153487795046092, 0.3155294351712367]",stable,0.14305053517928362,3914,"[0.284699423492221, 0.4501288269388447, 0.6216107750679555, 0.1990732170606171]"
"[0.33752271149296803, 0.41942843940156976, 0.363475384090956, 0.5082053778151323]",stable,0.46457134524108196,3915,"[0.48354007609036403, 0.8007591578673774, 0.5112250731335574, 0.673318601384007]"
"[0.9270665085364485, 0.5612111923937314, 0.36077447007935226, 0.6762256820988374]",stable,0.5793635163983731,3916,"[0.5227964688978194, 0.7229524179580417, 0.6570930362881339, 0.4348485861328033]"
"[0.5310300481620641, 0.49528475498893, 0.6102897695809364, 0.5584367307533729]",stable,0.3629622547981162,3917,"[0.4243072630802546, 0.3780168779759525, 0.8844670323494044, 0.3811603387713207]"
"[0.3870232674076442, 0.36568154439835454, 0.9111421241511848, 0.3501931116592135]",stable,0.4731082007953955,3918,"[0.5781143661771833, 0.6823877119820242, 0.6543381492365435, 0.4953291978452873]"
"[0.5310300481620641, 0.49528475498893, 0.6102897695809364, 0.5584367307533729]",stable,0.2854495573165064,3919,"[0.33526300267761255, 0.412669931193267, 0.7658663584081893, 0.4483121214575139]"
"[0.3388699722728469, 0.2581457429366871, 0.6992037740905346, 0.4121190064417659]",stable,0.33479370293178456,3920,"[0.4737944634001485, 0.4266066431435592, 0.4434041510112073, 0.4204666498684498]"
"[0.36211650612458923, 0.47770229528106795, 0.615398477882096, 0.3146051794719461]",stable,0.49746816900554874,3921,"[0.5935259617888201, 0.4864771672522158, 0.9177346125037668, 0.6346678394728192]"
"[0.3720418466135175, 0.5972835024807553, 0.8740535155805605, 0.4764333616420867]",stable,0.4642795760187112,3922,"[0.7333759517000917, 0.36719503158020594, 0.7248064696246377, 0.37755058234520167]"
"[0.3870232674076442, 0.36568154439835454, 0.9111421241511848, 0.3501931116592135]",stable,0.5742400854186612,3923,"[0.36824649854533825, 0.6245323026954479, 0.6577797546651988, 0.7953929581441257]"
"[0.5310300481620641, 0.49528475498893, 0.6102897695809364, 0.5584367307533729]",stable,0.2124083581357968,3924,"[0.5067106033735841, 0.6392755356165067, 0.5198519144794468, 0.6833908210026641]"
"[0.6064516794018944, 0.6190940638669612, 0.3941929037733372, 0.6509115807186192]",stable,0.48735724986727363,3925,"[1.0, 0.725612938108245, 0.6605963956610865, 0.633030940545899]"
"[0.9217257346506081, 0.8403446138724084, 0.39673596357917795, 0.6624181553868267]",stable,0.3847815387291889,3926,"[0.8486876064343393, 0.5741986075885035, 0.6499859540568858, 0.7504693338890746]"
"[0.9217257346506081, 0.8403446138724084, 0.39673596357917795, 0.6624181553868267]",stable,0.1950082270575543,3927,"[0.7698205134559539, 0.7372079014875498, 0.39912077817937086, 0.7280698393842648]"
"[0.9206559795717726, 0.8396182989964587, 0.39675275804819343, 0.6628804911896256]",stable,0.3402445681903655,3928,"[0.6173951466985823, 0.7214836929475067, 0.409149956293504, 0.5644439240134353]"
"[0.6551819768886746, 0.7944889019392721, 0.4319900519071598, 0.47242361859616705]",stable,0.45161225177076786,3929,"[0.872344218997219, 0.4588192777376139, 0.615570497943846, 0.5744937404396442]"
"[0.9206559795717726, 0.8396182989964587, 0.39675275804819343, 0.6628804911896256]",stable,0.2735515177820033,3930,"[0.9194726632161496, 0.6108155923001848, 0.3289853941958279, 0.7966188119813873]"
"[0.9270037494842146, 0.5616211461119666, 0.3605117504439512, 0.6772206666433214]",stable,0.18948312338591367,3931,"[0.8246394529968569, 0.67072562946896, 0.34883514573107843, 0.7929154092486471]"
"[0.752557184428014, 0.6709861773590087, 0.20593439805085878, 0.7624806904374001]",stable,0.4678536623330616,3932,"[1.0, 0.7934593657162455, 0.583469612328512, 0.7737315790336751]"
"[0.9144670709203692, 0.7127557998941321, 0.4535585855934798, 0.8758126075018354]",stable,0.4505584400127158,3933,"[0.8900887430798923, 0.6797878033353009, 0.056498357826894774, 0.6668511475929835]"
"[0.9206559795717726, 0.8396182989964587, 0.39675275804819343, 0.6628804911896256]",stable,0.44270131351701036,3934,"[0.5556005804153606, 0.7482252060955409, 0.20365764348370108, 0.7935732141613688]"
"[0.7505876183878875, 0.671758567646374, 0.2059116305051872, 0.7627916156746397]",stable,0.34364377005428426,3935,"[0.8097044346815021, 0.5862161399100705, 0.5321262577134087, 0.7921642692968309]"
"[0.9247053279006515, 0.6295449797320039, 0.6128198348180777, 0.6208064529213794]",stable,0.45246925809083505,3936,"[1.0, 0.6633263693312058, 0.2555830556416468, 0.3556652769582348]"
"[0.9206559795717726, 0.8396182989964587, 0.39675275804819343, 0.6628804911896256]",stable,0.33248365421176057,3937,"[0.852201140554974, 0.6552602095158329, 0.3344085050909015, 0.4021419165608597]"
"[0.749995190557279, 0.5002853708358076, 0.4507804010151276, 0.4654690683612181]",stable,0.40548631704682153,3938,"[0.6461981577399132, 0.7173912800181826, 0.45474295141875065, 0.7918042513907211]"
"[0.9270037494842146, 0.5616211461119666, 0.3605117504439512, 0.6772206666433214]",stable,0.3131533055237849,3939,"[0.6774563957911743, 0.3763298714739967, 0.38093774683228443, 0.7094857133634777]"
"[0.526291928799168, 0.3882719776562703, 0.8201457418235449, 0.5955376596121273]",stable,0.7001349157281489,3940,"[0.7946824034865303, 0.708665059046105, 0.26529155072155997, 0.6829479183512659]"
"[0.7510242004185671, 0.672123978452312, 0.20649955050732952, 0.7620010840179726]",stable,0.3949791205185154,3941,"[0.7024827256355651, 0.443776484996478, 0.439429425962337, 0.5446227819167195]"
"[0.7494672742803711, 0.4996574943264817, 0.4506542790700966, 0.46634855406739034]",stable,0.1983389818146638,3942,"[0.701429988961441, 0.4927123302938424, 0.6156744623723822, 0.5650950716055042]"
"[0.5323209568044837, 0.4952652669230581, 0.6103305627081443, 0.5584871727295253]",stable,0.262946179444304,3943,"[0.370018169971234, 0.7006937425905615, 0.6143715574076972, 0.5343767928635634]"
"[0.35782276748606334, 0.7107196823100164, 0.5858216301663501, 0.5098146467386989]",stable,0.30667298019155553,3944,"[0.39132229617498077, 0.40801199671069255, 0.5599668371476476, 0.5348283452707349]"
"[0.5312608164989986, 0.49460922729740125, 0.6099518880798698, 0.5583092868087826]",stable,0.3293499457147819,3945,"[0.2835472361239376, 0.6891082362613096, 0.5370829189278954, 0.4953043847226425]"
"[0.35722856323516633, 0.7105467907416266, 0.5854317204764424, 0.5096985646425705]",stable,0.3683385564534887,3946,"[0.4827382235160193, 0.5080549348383313, 0.8143728542817741, 0.3468992314400261]"
"[0.38782089204188064, 0.3668679893186877, 0.9103357135689396, 0.35016566265738697]",stable,0.42004367304487134,3947,"[0.3927255203734831, 0.6213132947826434, 0.5917728458713658, 0.4511008782048261]"
"[0.35751028511721644, 0.7098385883927458, 0.5854820468684656, 0.5092335036390963]",stable,0.5649300970494785,3948,"[0.8832760951256604, 0.6304781435610561, 0.4232949642969316, 0.6097998877917977]"
"[0.9266453260878331, 0.5621855477304016, 0.3610263669509428, 0.6766680373084728]",stable,0.3949485850354276,3949,"[0.5720196492417687, 0.6972680101639995, 0.4664699559106108, 0.705983426324096]"
"[0.606229537271829, 0.6195984119075872, 0.39465920733551313, 0.651266882948332]",stable,0.30977758157711643,3950,"[0.9097214373363911, 0.5870256301399215, 0.36502612541843, 0.6950357187448251]"
"[0.926507733496358, 0.56238749961991, 0.3610588853124671, 0.6768173680518577]",stable,0.26804486785031967,3951,"[0.7249175657230587, 0.4979858703088966, 0.23452848612660507, 0.7819455929107489]"
"[0.7507682530195915, 0.6704167420979648, 0.20677434399379302, 0.7621966184188821]",stable,0.35513919466576915,3952,"[0.9071247546831425, 0.730818151181869, 0.3371157585643346, 0.4775226340019422]"
"[0.9206559795717726, 0.8396182989964587, 0.39675275804819343, 0.6628804911896256]",stable,0.31461223585934367,3953,"[0.7023322418698287, 0.7200274558540395, 0.5078198082026841, 0.8199720094671354]"
"[0.926507733496358, 0.56238749961991, 0.3610588853124671, 0.6768173680518577]",anomaly,0.6291178933545158,3954,"[0.39568379038358914, 0.6017355333719991, 0.24753894683753314, 0.9923807071226813]"
"[0.926507733496358, 0.56238749961991, 0.3610588853124671, 0.6768173680518577]",stable,0.38530351956855874,3955,"[1.0, 0.932097373131827, 0.4293158166116131, 0.6354254640910296]"
"[0.9212108328614804, 0.8402650058085941, 0.3969804717444411, 0.6626884979931319]",stable,0.4076614680100271,3956,"[1.0, 0.563595005686798, 0.22240485706060564, 0.8928128240259856]"
"[0.9271004130649356, 0.5623972375720622, 0.35994070766527464, 0.6785592668903587]",stable,0.29259178334353003,3957,"[0.9653043245949127, 0.6044828830856745, 0.1299612112318475, 0.5068366927019697]"
"[0.9212108328614804, 0.8402650058085941, 0.3969804717444411, 0.6626884979931319]",stable,0.2776765261703529,3958,"[0.8780523762296678, 0.6913855800100799, 0.2517173317908912, 0.8415044300348118]"
"[0.752004021206097, 0.6706203230485678, 0.20721068368114348, 0.7629665971724349]",stable,0.34459387643719797,3959,"[0.7498743099028451, 0.3816077344757125, 0.3304248544939976, 0.6214378164771363]"
"[0.752004021206097, 0.6706203230485678, 0.20721068368114348, 0.7629665971724349]",stable,0.5258130335771624,3960,"[0.8339342448541691, 0.4071685253506466, 0.5811224499584197, 0.5168976514240203]"
"[0.7503954827482149, 0.498641132030044, 0.4520879952337046, 0.4669040386537269]",stable,0.46401797595023825,3961,"[0.3314084850884025, 0.40327570300744514, 0.6269835891376924, 0.45798529562125423]"
"[0.3388082940581301, 0.41949615830479603, 0.36422942906190175, 0.5073776539665787]",stable,0.398870325647599,3962,"[0.6583806920026736, 0.3212163470247773, 0.5716541566471517, 0.5728534528173358]"
"[0.752004021206097, 0.6706203230485678, 0.20721068368114348, 0.7629665971724349]",stable,0.7464342706545485,3963,"[0.43629352139097216, 0.6477428701317733, 0.8064997794971535, 0.4502043831852896]"
"[0.5312608164989986, 0.49460922729740125, 0.6099518880798698, 0.5583092868087826]",stable,0.15219087208603008,3964,"[0.5386038176991093, 0.49792533708255365, 0.7319137518472865, 0.4676315658297436]"
"[0.5313156150154174, 0.4946339743853501, 0.6108620512423132, 0.5576325873984912]",stable,0.29535167651750127,3965,"[0.5718224016935674, 0.28954437216668627, 0.8174347178981842, 0.5869208360177274]"
"[0.3727637755436013, 0.5978504616678454, 0.8732944848380504, 0.47613865401897665]",stable,0.5058789750417304,3966,"[0.8213922289053002, 0.36785895965673715, 0.840875743601129, 0.4497003779244661]"
"[0.5267255523505432, 0.38733171474684575, 0.8201199225480653, 0.595455594625514]",stable,0.5267915179027122,3967,"[0.1900267068053539, 0.0671178438964635, 0.6280376969121754, 0.4382592643485062]"
"[0.3618747106833594, 0.4771162591214331, 0.6154896992305653, 0.31573415676446037]",stable,0.5467818105526655,3968,"[0.28430383201020654, 0.11518694325997345, 1.0, 0.43452854238676464]"
"[0.13506790313612274, 0.3195477977278265, 0.953263832658671, 0.46594602706323884]",stable,0.4754569966207382,3969,"[0.4480620543444874, 0.05159695870687406, 1.0, 0.2333259602693809]"
"[0.3388699722728469, 0.2581457429366871, 0.6992037740905346, 0.4121190064417659]",stable,0.28728132712492843,3970,"[0.25526678431388183, 0.18019584044708475, 0.9625651327680048, 0.4018391555101387]"
"[0.13506790313612274, 0.3195477977278265, 0.953263832658671, 0.46594602706323884]",stable,0.33290518483193104,3971,"[0.40608663110853327, 0.20569829638383738, 0.8677700426796919, 0.33516447601358224]"
"[0.38797184856309264, 0.36553600838534184, 0.9099839311648963, 0.35004168590826457]",stable,0.23488027932737243,3972,"[0.40111300254835675, 0.16979946358741527, 0.8742663805221623, 0.2259146650969477]"
"[0.3388699722728469, 0.2581457429366871, 0.6992037740905346, 0.4121190064417659]",stable,0.17080424960375587,3973,"[0.29794055343080134, 0.20978224596351386, 0.8457419183390933, 0.3514031205743176]"
"[0.33849099617245754, 0.25769793277952807, 0.7005606087595027, 0.4115568223133636]",stable,0.3179795481789897,3974,"[0.21767196607414988, 0.39038868290590745, 0.44883354308839185, 0.4859907142291413]"
"[0.3618747106833594, 0.4771162591214331, 0.6154896992305653, 0.31573415676446037]",stable,0.3805936848352327,3975,"[0.33921365430087624, 0.7420806083030198, 0.37565168793838266, 0.44461259352670324]"
"[0.10290688775249733, 0.578919071787515, 0.472192994102305, 0.4567893683590703]",stable,0.4736344968836773,3976,"[0.22365458501713661, 0.5479012219746558, 0.48363835083111206, 0.0]"
"[0.10290688775249733, 0.578919071787515, 0.472192994102305, 0.4567893683590703]",stable,0.5217916007229054,3977,"[0.4020561272899159, 0.4951861288411563, 0.5690601942478197, 0.04889018121760669]"
"[0.33767617884332657, 0.41922412582443264, 0.3650201217163549, 0.5071777760251074]",stable,0.28557765808017443,3978,"[0.47883334302865965, 0.49562224123088205, 0.5938592076370749, 0.448652102077479]"
"[0.5309268574451451, 0.4946412948805022, 0.6107361042526448, 0.5568253245442615]",stable,0.4881196760064034,3979,"[0.4264498274403181, 0.4995257252006999, 0.6810700857258898, 0.08525916619897156]"
"[0.33767617884332657, 0.41922412582443264, 0.3650201217163549, 0.5071777760251074]",stable,0.6092150965846135,3980,"[0.024273637583946406, 0.36879879449010655, 0.8706948599923168, 0.38604881141249553]"
"[0.13333674273686996, 0.32031734455223715, 0.9519736924607592, 0.464697633068696]",stable,0.4206530724793713,3981,"[0.39054266734991483, 0.4237956487128775, 0.7341680114474118, 0.23524819285008527]"
"[0.33767617884332657, 0.41922412582443264, 0.3650201217163549, 0.5071777760251074]",stable,0.5255653933261704,3982,"[0.6320623618347426, 0.27238325872698044, 0.6033161375509837, 0.8406572004477355]"
"[0.752004021206097, 0.6706203230485678, 0.20721068368114348, 0.7629665971724349]",stable,0.6981279849491454,3983,"[0.11724214338913819, 0.49824738254545764, 0.42044278786215, 0.6666354964401475]"
"[0.4500480895963599, 0.5823934747380504, 0.3537446812654399, 0.30636950417280595]",stable,0.38165392384048247,3984,"[0.35638613975698297, 0.3638949164261872, 0.598715862144788, 0.47705827735176426]"
"[0.3386551718016734, 0.2586722170331672, 0.6996262532859732, 0.4121577530935324]",stable,0.5555556824761756,3985,"[0.4171184733947709, 0.7565017514268063, 0.4992049808704264, 0.5325018218440344]"
"[0.35797964093042556, 0.710206014873329, 0.5848026998921032, 0.5094167187430721]",stable,0.20919495537713836,3986,"[0.43311583498231965, 0.7426950596356713, 0.4935168704108012, 0.6789113823905752]"
"[0.358566642446456, 0.7104598355355347, 0.5840895293492805, 0.5107408958028183]",stable,0.42911322688067527,3987,"[0.6915406850119304, 0.9051659682964519, 0.5488876116413086, 0.6954482191999181]"
"[0.9271004130649356, 0.5623972375720622, 0.35994070766527464, 0.6785592668903587]",stable,0.19663437558777863,3988,"[0.8241823289548296, 0.5328816937085458, 0.48054708303318916, 0.5660609090492095]"
"[0.7511975136852433, 0.4990133120482886, 0.4523973331445685, 0.46798183072324306]",stable,0.12974438478677014,3989,"[0.7428813722505049, 0.6011517210868181, 0.40551331287657705, 0.5322786519348978]"
"[0.751108092809601, 0.5001115745110685, 0.4518932038943751, 0.4686731943921856]",stable,0.29872179440021385,3990,"[0.7674710097753745, 0.405930924679263, 0.6290775528681888, 0.6893600247061838]"
"[0.752004021206097, 0.6706203230485678, 0.20721068368114348, 0.7629665971724349]",stable,0.540096391633661,3991,"[0.611244919088541, 0.3171312988282245, 0.5781256810588526, 0.8597062576163498]"
"[0.752004021206097, 0.6706203230485678, 0.20721068368114348, 0.7629665971724349]",stable,0.554873712267542,3992,"[0.5040236522507711, 0.638003851428494, 0.6724204071895303, 0.5929470332668343]"
"[0.5307290397598924, 0.495695431325708, 0.6111896653036513, 0.5570909253436922]",stable,0.3771152846960689,3993,"[0.36363047374968804, 0.3618168416312354, 0.38335689210240115, 0.7679528656401271]"
"[0.5307290397598924, 0.495695431325708, 0.6111896653036513, 0.5570909253436922]",stable,0.22319394741715287,3994,"[0.3327758494112384, 0.5747360488987259, 0.6374567659112154, 0.4963233945909259]"
"[0.358366713818276, 0.7094077131585053, 0.5845032288575125, 0.5106291322275324]",stable,0.4360233995564114,3995,"[0.5963387621464497, 0.44534600966936544, 0.7778442625410437, 0.3482210948038241]"
"[0.5267255523505432, 0.38733171474684575, 0.8201199225480653, 0.595455594625514]",stable,0.2380716770812306,3996,"[0.3768238515440347, 0.3259173230145455, 0.7533709825801103, 0.4342710574487375]"
"[0.33900215979933124, 0.25928353617845246, 0.7001148417341017, 0.41235878313312524]",stable,0.33760841583748613,3997,"[0.5698884769885388, 0.2794696117010743, 0.9440129008412983, 0.3844802950493177]"
"[0.5267255523505432, 0.38733171474684575, 0.8201199225480653, 0.595455594625514]",stable,0.5359168192913419,3998,"[0.17128384679877107, 0.1721765015305219, 0.8262745916261324, 0.2570203934005618]"
"[0.3629010529143599, 0.47701748008597483, 0.6165499237977148, 0.31128950345656253]",stable,0.43019150980103954,3999,"[0.29300051344371003, 0.33770456292213535, 1.0, 0.42849274512833924]"
"[0.3871933949965403, 0.3653078817831844, 0.9107217677946923, 0.35068472737728157]",stable,0.25166355705063276,4000,"[0.5598848268908148, 0.23976263925446625, 0.8263782219257771, 0.4538194627788223]"
"[0.3727637755436013, 0.5978504616678454, 0.8732944848380504, 0.47613865401897665]",stable,0.3736148442757447,4001,"[0.31950000285868047, 0.27226081766160337, 1.0, 0.5973332022709157]"
"[0.3727637755436013, 0.5978504616678454, 0.8732944848380504, 0.47613865401897665]",stable,0.43901532252684744,4002,"[0.2223384921095631, 0.31795179245811234, 0.8702087934246976, 0.17322959010661507]"
"[0.33900215979933124, 0.25928353617845246, 0.7001148417341017, 0.41235878313312524]",stable,0.31612325911407163,4003,"[0.18317320104386992, 0.20297472986155402, 0.964855831999842, 0.4612748027010786]"
"[0.13410345748005456, 0.3185120735569959, 0.9521718792228989, 0.4646449741399634]",stable,0.16367392068411218,4004,"[0.19413344386798664, 0.336677388711724, 1.0, 0.3212293360992178]"
"[0.13501300272835656, 0.3187873056047948, 0.9528965477195217, 0.46247200992722487]",stable,0.44610011459145393,4005,"[0.5586175528870547, 0.32693334007418184, 0.8286700812197199, 0.3987074079387196]"
"[0.5267255523505432, 0.38733171474684575, 0.8201199225480653, 0.595455594625514]",stable,0.3630510467204165,4006,"[0.3473148708787096, 0.2675237527479843, 1.0, 0.3654402041052976]"
"[0.38686917935330595, 0.364512888864199, 0.9114476070809142, 0.35080469060271263]",stable,0.27543662833488486,4007,"[0.32017959867468415, 0.11816058029284068, 1.0, 0.29707527754742974]"
"[0.33900215979933124, 0.25928353617845246, 0.7001148417341017, 0.41235878313312524]",stable,0.3003316216816553,4008,"[0.24086811802310157, 0.18130600770519298, 0.9676198139115925, 0.3582349645306281]"
"[0.13501300272835656, 0.3187873056047948, 0.9528965477195217, 0.46247200992722487]",stable,0.38729859038891,4009,"[0.3826567862840561, 0.23587054930548784, 0.6689834360941531, 0.4279624292943501]"
"[0.33939544472261707, 0.2590726083687861, 0.6998343786202282, 0.41249935652196507]",stable,0.40700298827131,4010,"[0.30066294906188834, 0.09311610096005371, 0.960295456648715, 0.15025959843291853]"
"[0.33939544472261707, 0.2590726083687861, 0.6998343786202282, 0.41249935652196507]",stable,0.32897476678571297,4011,"[0.33618923782236954, 0.07893974524851854, 0.8640208535652206, 0.19157160704657802]"
"[0.33939544472261707, 0.2590726083687861, 0.6998343786202282, 0.41249935652196507]",stable,0.4673085596497767,4012,"[0.46894241701515904, 0.0, 0.8874010779393433, 0.09738828278555939]"
"[0.33939544472261707, 0.2590726083687861, 0.6998343786202282, 0.41249935652196507]",stable,0.3237771329183885,4013,"[0.16172753565213827, 0.23911680516144934, 0.9409962455044689, 0.5337778202599004]"
"[0.13541172710035332, 0.31759819365787917, 0.9527189312685508, 0.4635362757530857]",stable,0.411980748234415,4014,"[0.15818954432148025, 0.06873206143070046, 0.7782073557321969, 0.1863708627006393]"
"[0.38686917935330595, 0.364512888864199, 0.9114476070809142, 0.35080469060271263]",stable,0.3832050605980614,4015,"[0.26965587956820175, 0.062394074026158736, 1.0, 0.5351680715942018]"
"[0.13541172710035332, 0.31759819365787917, 0.9527189312685508, 0.4635362757530857]",stable,0.43330092743142656,4016,"[0.3504942545834132, 0.6862128011621171, 0.9988390402441133, 0.4044989420818231]"
"[0.5307290397598924, 0.495695431325708, 0.6111896653036513, 0.5570909253436922]",stable,0.2537619988134737,4017,"[0.5542125449216802, 0.68299103563128, 0.7806584811047158, 0.5504310375127178]"
"[0.5307290397598924, 0.495695431325708, 0.6111896653036513, 0.5570909253436922]",stable,0.23619288640424607,4018,"[0.48546415279469, 0.5692286542220364, 0.6738154074355727, 0.3463563739552179]"
"[0.33767617884332657, 0.41922412582443264, 0.3650201217163549, 0.5071777760251074]",stable,0.26262966498115964,4019,"[0.20325591013611205, 0.48809155097093104, 0.5225727536889334, 0.3610956819786396]"
"[0.33767617884332657, 0.41922412582443264, 0.3650201217163549, 0.5071777760251074]",stable,0.5645007776639926,4020,"[0.34642169138029333, 0.7565321392183876, 0.7172491129642025, 0.22302520113185512]"
"[0.4500480895963599, 0.5823934747380504, 0.3537446812654399, 0.30636950417280595]",stable,0.3292585804513192,4021,"[0.24525756854266034, 0.6297288182627798, 0.5694369234559432, 0.43944195511439343]"
"[0.35749664347000204, 0.7087947985823843, 0.5843873342005773, 0.5100815385574313]",stable,0.33602447500801097,4022,"[0.22102194841953912, 0.5343132628680305, 0.3421225796035172, 0.4383104594929539]"
"[0.36383664909665253, 0.47772138217861654, 0.616987064894187, 0.31155718949090344]",stable,0.2997213762267813,4023,"[0.33158865873528, 0.4963676192954214, 0.40088998859054154, 0.5158788524131911]"
"[0.36383664909665253, 0.47772138217861654, 0.616987064894187, 0.31155718949090344]",stable,0.2703643761157218,4024,"[0.3958840434891741, 0.4323166475523547, 0.623122168402024, 0.5760768125126379]"
"[0.5297447697141208, 0.4952328124660485, 0.611276763866413, 0.5572295084617137]",stable,0.42085533261724983,4025,"[0.47039223144192055, 0.31293369621244915, 0.2648603573491527, 0.41454386551944744]"
"[0.36383664909665253, 0.47772138217861654, 0.616987064894187, 0.31155718949090344]",stable,0.6336641605221159,4026,"[0.7708372870331186, 0.6139440992214626, 0.4803144902968374, 0.7572529688784854]"
"[0.9271004130649356, 0.5623972375720622, 0.35994070766527464, 0.6785592668903587]",stable,0.32804541428628514,4027,"[0.9942130362683645, 0.8438086537310521, 0.3603920095507485, 0.8332108133521222]"
"[0.9148579825152123, 0.7133982158443131, 0.4531018866913095, 0.875603775177572]",anomaly,0.2945092410443407,4028,"[0.9023927163022621, 0.4901446322859693, 0.2709127521112419, 0.935145918807756]"
"[0.9148579825152123, 0.7133982158443131, 0.4531018866913095, 0.875603775177572]",stable,0.4040950087856931,4029,"[0.8650249679219031, 0.6130749755289473, 0.10440719719772323, 0.7048504216127028]"
"[0.7530907610783644, 0.6700670023993407, 0.2062221886188029, 0.7624077877920529]",stable,0.3448313017768256,4030,"[1.0, 0.7136403670240298, 0.4366432503643892, 0.8167396441891924]"
"[0.9152733094297724, 0.71339939706958, 0.4530216006604465, 0.8753166330751897]",stable,0.34518005019424075,4031,"[0.6760001872361516, 0.8556170840657011, 0.3965385908143352, 0.6791497674938367]"
"[0.6554298127261445, 0.7952166183931582, 0.4315680107036738, 0.4748846441782822]",stable,0.5404671655557871,4032,"[1.0, 0.5641595899785806, 0.7412211465235914, 0.6301383983457208]"
"[0.9212108328614804, 0.8402650058085941, 0.3969804717444411, 0.6626884979931319]",stable,0.30852674461841534,4033,"[0.7711151725036609, 0.7607891637324309, 0.6380417429631033, 0.7534249235967134]"
"[0.9271004130649356, 0.5623972375720622, 0.35994070766527464, 0.6785592668903587]",stable,0.15416004848388545,4034,"[1.0, 0.6649838302904979, 0.4396831284622441, 0.6389599222857855]"
"[0.9276836097604162, 0.5632179303138097, 0.3605786470316504, 0.6782424721335222]",stable,0.34561537171495726,4035,"[0.8304028785677926, 0.8436621838499702, 0.29336280404908177, 0.8420090609573266]"
"[0.925917115030306, 0.6830870914195744, 0.18930134378364874, 0.5638743940485886]",stable,0.4733765757495819,4036,"[1.0, 0.4855844883163469, 0.5968141473284678, 0.6801634534542672]"
"[0.9212108328614804, 0.8402650058085941, 0.3969804717444411, 0.6626884979931319]",stable,0.2359392064465164,4037,"[0.859278234887276, 1.0, 0.40285648058222623, 0.8248053280805329]"
"[0.9207807453755485, 0.84137427660159, 0.39702127736137016, 0.6638143093131833]",stable,0.2768139430450973,4038,"[0.7605472975320331, 0.9537818912265812, 0.2032665956935742, 0.6916504865378728]"
"[0.925917115030306, 0.6830870914195744, 0.18930134378364874, 0.5638743940485886]",stable,0.5057269378178454,4039,"[0.739829910506374, 0.8269518018250671, 0.6336796614694995, 0.6182999745941371]"
"[0.5297447697141208, 0.4952328124660485, 0.611276763866413, 0.5572295084617137]",stable,0.7027071257399925,4040,"[1.0, 0.6820187104014235, 0.20594975169756477, 0.828298437875039]"
"[0.925917115030306, 0.6830870914195744, 0.18930134378364874, 0.5638743940485886]",stable,0.45885478521219925,4041,"[1.0, 0.6500236519158156, 0.5800305667964365, 0.7903626350649934]"
"[0.9156846040441909, 0.7130917478212607, 0.4536381490397474, 0.8749042350265965]",stable,0.2440317772815428,4042,"[0.8681862722800172, 0.6495565114332044, 0.5866092131610533, 0.686284547171987]"
"[0.9207807453755485, 0.84137427660159, 0.39702127736137016, 0.6638143093131833]",stable,0.18382461520376867,4043,"[0.8849956108928282, 0.7323634751569434, 0.2573558853979333, 0.6972976896825936]"
"[0.9207807453755485, 0.84137427660159, 0.39702127736137016, 0.6638143093131833]",stable,0.17251665704438127,4044,"[0.8065238870954202, 0.8375102995412835, 0.42615623141925896, 0.7896856381654898]"
"[0.919992767042582, 0.8413476284839326, 0.3972222080790107, 0.6646823874431993]",stable,0.7777888749878779,4045,"[0.3152679687227518, 0.47000787357796675, 0.5415883449757943, 0.9484581039797371]"
"[0.5297447697141208, 0.4952328124660485, 0.611276763866413, 0.5572295084617137]",stable,0.3185066007171837,4046,"[0.6368404614796466, 0.5706756833414427, 0.8161856924261703, 0.35156553073044006]"
"[0.5267255523505432, 0.38733171474684575, 0.8201199225480653, 0.595455594625514]",stable,0.13194133321302304,4047,"[0.4557960917761576, 0.36993250455140425, 0.9124768068533867, 0.6549955008955526]"
"[0.37251633642182136, 0.5988322654400039, 0.8746894243425621, 0.4753426572196749]",stable,0.38491211619004384,4048,"[0.31205449533623103, 0.5141380812904368, 0.5366960814592264, 0.32339168387555417]"
"[0.33776685431666076, 0.4200054185599108, 0.364227508629029, 0.5057886837464735]",stable,0.3500439391118703,4049,"[0.5258910951747267, 0.3739112273154565, 0.5941685780365823, 0.6850718660134156]"
"[0.5297168445362991, 0.4943536705446674, 0.6111527915053274, 0.5581559023570158]",stable,0.49778710744050975,4050,"[0.4116994082202336, 0.2060408816562549, 0.9636215851952946, 0.3953511902093079]"
"[0.37251633642182136, 0.5988322654400039, 0.8746894243425621, 0.4753426572196749]",stable,0.46218154920219895,4051,"[0.49198597667414756, 0.4276590257390444, 0.5487940466902383, 0.22269524615822836]"
"[0.33776685431666076, 0.4200054185599108, 0.364227508629029, 0.5057886837464735]",anomaly,0.5421594147167462,4052,"[0.8051708983080509, 0.17357739515755952, 0.45967710837545167, 0.430736076751397]"
"[0.33776685431666076, 0.4200054185599108, 0.364227508629029, 0.5057886837464735]",stable,0.30030038592202696,4053,"[0.4886553295207188, 0.5825522784885164, 0.555050925437506, 0.5734490987644233]"
"[0.5294214379534532, 0.4949881929039757, 0.610749180958077, 0.5582659253527527]",stable,0.3291860076355665,4054,"[0.6239662891125872, 0.6083591468196317, 0.42913367988105366, 0.7897557422327537]"
"[0.6063432343990134, 0.6195263653365106, 0.3948801975441384, 0.6521546320463091]",stable,0.3237729549632863,4055,"[0.6919416269701916, 0.6355517806617493, 0.4282837879157093, 0.34210749406753244]"
"[0.7504786623219477, 0.5015524277679906, 0.45164203989460205, 0.46732675077171054]",stable,0.30655238306513316,4056,"[0.8653858528841507, 0.27516460037434093, 0.4008332888375517, 0.6314539074034499]"
"[0.7530907610783644, 0.6700670023993407, 0.2062221886188029, 0.7624077877920529]",stable,0.42532056869048396,4057,"[0.7921951806757381, 0.3851437694274221, 0.5091467765381513, 0.8425568730386855]"
"[0.7530907610783644, 0.6700670023993407, 0.2062221886188029, 0.7624077877920529]",stable,0.3286404052509844,4058,"[1.0, 0.612258101972036, 0.3341176076034975, 0.5970559310356641]"
"[0.9282575493654922, 0.5636071380253829, 0.3603686387822206, 0.6775981345057615]",stable,0.2509414399734875,4059,"[1.0, 0.43021489149011366, 0.5538342259944335, 0.6265863495749219]"
"[0.919992767042582, 0.8413476284839326, 0.3972222080790107, 0.6646823874431993]",stable,0.454091853843005,4060,"[1.0, 0.6968500833714587, 0.5244084264175444, 0.2612689770038761]"
"[0.9985323978770484, 0.8404420696145876, 0.49575776313661607, 0.33493750393731964]",stable,0.7301923419530134,4061,"[0.9817669918496851, 0.3709096691942347, 0.436240247025818, 0.8907223252837346]"
"[0.9265462513862756, 0.6253203662786367, 0.6131154804021562, 0.6223276152785684]",stable,0.4504527905032964,4062,"[0.7733129401360528, 0.40863182255933606, 0.24988758812856504, 0.6455405877463962]"
"[0.927037513072347, 0.5623868599508471, 0.35949870924951466, 0.6773457128777349]",stable,0.38049776180768863,4063,"[0.7355480867194508, 0.6275794479809008, 0.545723199624281, 0.4143234476865508]"
"[0.7503214983682372, 0.502879027980758, 0.4526323678917566, 0.46676882126555097]",stable,0.36344920520556556,4064,"[0.7247710589266396, 0.7685935714252279, 0.6991890401146721, 0.4598342273079138]"
"[0.5294214379534532, 0.4949881929039757, 0.610749180958077, 0.5582659253527527]",stable,0.4702842283881757,4065,"[0.8195878598544114, 0.5917892194551916, 0.9488118727797816, 0.6736517161969932]"
"[0.9030220991352534, 0.4856996152695838, 0.9446959029878407, 0.6680320643728376]",stable,0.7413925068224904,4066,"[0.255121967604911, 0.5804850436362247, 0.6141924309297323, 0.7760665323096443]"
"[0.5294214379534532, 0.4949881929039757, 0.610749180958077, 0.5582659253527527]",stable,0.22750887954719337,4067,"[0.35568742210468085, 0.46404611973195803, 0.7527110952127127, 0.5798572434888648]"
"[0.3396186702103021, 0.25675946007977907, 0.6990775954845976, 0.4129841468360617]",stable,0.5053260322569854,4068,"[0.4726088726425208, 0.48384107050768155, 0.5503456188455442, 0.8179295089086945]"
"[0.5294214379534532, 0.4949881929039757, 0.610749180958077, 0.5582659253527527]",stable,0.2576358568079657,4069,"[0.343392714607146, 0.5301087619608278, 0.6169940551900823, 0.38363174777497433]"
"[0.5294214379534532, 0.4949881929039757, 0.610749180958077, 0.5582659253527527]",stable,0.372343104657324,4070,"[0.1988425664981239, 0.6538332290168328, 0.5703287444084633, 0.5083515973033877]"
"[0.4500480895963599, 0.5823934747380504, 0.3537446812654399, 0.30636950417280595]",stable,0.17914655876466531,4071,"[0.41562020849027387, 0.5901345289734349, 0.3601392937465986, 0.48188986062842487]"
"[0.306460786148197, 0.7184257341983774, 0.27437372915883085, 0.4473954034376672]",stable,0.32477749789768945,4072,"[0.3104069070086269, 0.6523053090917441, 0.43134423186655935, 0.17089368204295388]"
"[0.44977044539389144, 0.5824559025947874, 0.3537962507209331, 0.3077849909184158]",stable,0.25704546733173395,4073,"[0.27049802900143366, 0.7170565883652485, 0.3442541548743493, 0.4331858553236301]"
"[0.10364696113761322, 0.5788804306330672, 0.4725043064785868, 0.45854378686259645]",stable,0.4196521021917024,4074,"[0.03163631187942734, 0.755040835128505, 0.19432304436583742, 0.20853368593727165]"
"[0.1306508407301852, 0.7037093412831364, 0.29044504063262605, 0.22417253129732986]",stable,0.2593906277516359,4075,"[0.3707112531678911, 0.7147536734741877, 0.38805667257406795, 0.2262910642351106]"
"[0.30612468561411504, 0.7184129384429276, 0.27502681724963013, 0.44726260392258277]",stable,0.4137594833572465,4076,"[0.27714864490888536, 0.6435312272025825, 0.16328875553599312, 0.05705159175185809]"
"[0.44913797185608345, 0.5835142847618227, 0.3540703340957582, 0.3071330395049494]",stable,0.6247193300254402,4077,"[0.0, 0.8733640734474524, 0.1381993855539626, 0.547832348018705]"
"[0.10364696113761322, 0.5788804306330672, 0.4725043064785868, 0.45854378686259645]",stable,0.2868209422459648,4078,"[0.25944568906707954, 0.6700380897862965, 0.26224519198486984, 0.5325329430710901]"
"[0.10364696113761322, 0.5788804306330672, 0.4725043064785868, 0.45854378686259645]",stable,0.3737099785624773,4079,"[0.22081162420481928, 0.5570352748824275, 0.41894739936735415, 0.1084208988983498]"
"[0.33776685431666076, 0.4200054185599108, 0.364227508629029, 0.5057886837464735]",stable,0.4830347644875236,4080,"[0.1259216178380113, 0.6329716575956, 0.517642775708992, 0.16002385565865343]"
"[0.44913797185608345, 0.5835142847618227, 0.3540703340957582, 0.3071330395049494]",stable,0.4684286895056405,4081,"[0.08901157532933571, 0.4322465417641884, 0.20424231188096664, 0.09641035595085987]"
"[0.2560716508380115, 0.3833982273071866, 0.1879622655978163, 0.23744467161143562]",stable,0.283294538440791,4082,"[0.23506858776792838, 0.5896601251848366, 0.3764864271297327, 0.2790299677466407]"
"[0.33776685431666076, 0.4200054185599108, 0.364227508629029, 0.5057886837464735]",stable,0.42624381483231977,4083,"[0.09133831327985517, 0.4704964139019497, 0.37392739654622026, 0.16182162804339534]"
"[0.33776685431666076, 0.4200054185599108, 0.364227508629029, 0.5057886837464735]",stable,0.43309691543354045,4084,"[0.46904230445807504, 0.8188223663086509, 0.2780780018909473, 0.4436356546539163]"
"[0.10364696113761322, 0.5788804306330672, 0.4725043064785868, 0.45854378686259645]",anomaly,0.46901486178515833,4085,"[0.03932675220378801, 0.9646309320194268, 0.37992111659493816, 0.216753061380413]"
"[0.10364696113761322, 0.5788804306330672, 0.4725043064785868, 0.45854378686259645]",stable,0.49514865124409996,4086,"[0.0, 0.9848626168579482, 0.2727741360655531, 0.2861610215679302]"
"[0.10364696113761322, 0.5788804306330672, 0.4725043064785868, 0.45854378686259645]",stable,0.49791097306885185,4087,"[0.05998243648039875, 0.7256703363648432, 0.0, 0.42388617120201794]"
"[0.23135165739926306, 0.7070277308041077, 0.5553919484019529, 0.2534637293489202]",stable,0.3912472037655883,4088,"[0.08791032707442181, 0.7778500888176781, 0.27665119133597205, 0.4765931607664565]"
"[0.10364696113761322, 0.5788804306330672, 0.4725043064785868, 0.45854378686259645]",stable,0.38525642698538454,4089,"[0.2816342127666786, 0.5845309642842387, 0.13239588123533583, 0.42633535102523196]"
"[0.23135165739926306, 0.7070277308041077, 0.5553919484019529, 0.2534637293489202]",stable,0.32570510984058504,4090,"[0.0, 0.6216345171455155, 0.3879260424584488, 0.3847016758524411]"
"[0.44913797185608345, 0.5835142847618227, 0.3540703340957582, 0.3071330395049494]",stable,0.45908537795789617,4091,"[0.19768520014191113, 0.9665681957764463, 0.32624372099501864, 0.3020077383677243]"
"[0.1029559813966958, 0.5791654578764834, 0.4719404513851192, 0.45805150612252876]",stable,0.39066544077391435,4092,"[0.2884944184547426, 0.2702395117962994, 0.392880361497966, 0.5865397819092032]"
"[0.36425398670357473, 0.47801049951036634, 0.6158790274961047, 0.311520227620277]",stable,0.3052110062697423,4093,"[0.45254379588143845, 0.2614426216060723, 0.6978509771447282, 0.48967078662686386]"
"[0.34061800760562194, 0.2568009039870914, 0.6990667404550411, 0.41366278966606884]",stable,0.613668725631425,4094,"[0.09387743536949036, 0.7266830856747375, 1.0, 0.347645341496756]"
"[0.5260564064960679, 0.38716757125443596, 0.8209912139094363, 0.5960172918544766]",stable,0.5705731594363063,4095,"[0.08040289534734976, 0.28033933193590466, 0.559407440629067, 0.37897274548103066]"
"[0.38686917935330595, 0.364512888864199, 0.9114476070809142, 0.35080469060271263]",stable,0.4528804250750153,4096,"[0.0, 0.3667543149352998, 0.7430465125104554, 0.5153311773434964]"
"[0.34061800760562194, 0.2568009039870914, 0.6990667404550411, 0.41366278966606884]",stable,0.2864223136256256,4097,"[0.25160408537026946, 0.39052285279510335, 0.5247099604148854, 0.5743874519054122]"
"[0.36425398670357473, 0.47801049951036634, 0.6158790274961047, 0.311520227620277]",stable,0.4225565482575501,4098,"[0.15216515226854233, 0.1897305929035523, 0.8404337914434389, 0.30502282670542724]"
"[0.38686917935330595, 0.364512888864199, 0.9114476070809142, 0.35080469060271263]",stable,0.48965811383125774,4099,"[0.12907456879855267, 0.4124230407115674, 0.49816368067075195, 0.3363817668121037]"
"[0.3365576114165865, 0.41840498576947843, 0.3659162167063039, 0.507122164695774]",stable,0.19599147606340428,4100,"[0.2566445851322211, 0.3458584018826277, 0.43583555749045383, 0.3592206911728765]"
"[0.3365576114165865, 0.41840498576947843, 0.3659162167063039, 0.507122164695774]",stable,0.5405938897203431,4101,"[0.14741004949689304, 0.4043688049659008, 0.7904495187718876, 0.23136971323151723]"
"[0.5260564064960679, 0.38716757125443596, 0.8209912139094363, 0.5960172918544766]",stable,0.5900876748380515,4102,"[0.039406635556566594, 0.5600945440529573, 0.6770919029909594, 0.34951229223735747]"
"[0.5260564064960679, 0.38716757125443596, 0.8209912139094363, 0.5960172918544766]",stable,0.4619210779031855,4103,"[0.3888170884590493, 0.5886313947699092, 0.6491083418998018, 0.24330627994781578]"
"[0.5294214379534532, 0.4949881929039757, 0.610749180958077, 0.5582659253527527]",stable,0.41593896932924124,4104,"[0.2848239776022323, 0.4954343835028026, 0.3608851329589664, 0.3329992677492536]"
"[0.3365576114165865, 0.41840498576947843, 0.3659162167063039, 0.507122164695774]",stable,0.11369631600554551,4105,"[0.3711096589022743, 0.44774874325321024, 0.3641123662859448, 0.611375214090871]"
"[0.36443593560546717, 0.47882991354932586, 0.6161251705657617, 0.31101493911899947]",stable,0.39352393575557243,4106,"[0.17600424195028078, 0.38739340857068805, 0.32425897480291377, 0.15036602325895276]"
"[0.33686338174831826, 0.418664665039246, 0.3659002534282476, 0.5080447580532527]",stable,0.2769107563759322,4107,"[0.2077756148100151, 0.3781361947073377, 0.12436369726290697, 0.5022611128431733]"
"[0.1029559813966958, 0.5791654578764834, 0.4719404513851192, 0.45805150612252876]",stable,0.165396707448424,4108,"[0.0, 0.5956146356539403, 0.559993303084724, 0.364604962112406]"
"[0.44913797185608345, 0.5835142847618227, 0.3540703340957582, 0.3071330395049494]",anomaly,0.5803460634317483,4109,"[0.018776138916435314, 0.6688825736501023, 0.6583556678769114, 0.07972825286330315]"
"[0.44913797185608345, 0.5835142847618227, 0.3540703340957582, 0.3071330395049494]",stable,0.4258593698629596,4110,"[0.09443472203846619, 0.6811635829565127, 0.43267284355793767, 0.506702745465625]"
"[0.44913797185608345, 0.5835142847618227, 0.3540703340957582, 0.3071330395049494]",stable,0.492196649358444,4111,"[0.07954086974177148, 0.29631586254911835, 0.46591520671162073, 0.4103963655043409]"
"[0.33686338174831826, 0.418664665039246, 0.3659002534282476, 0.5080447580532527]",stable,0.6688591098754317,4112,"[0.04159903491717448, 0.1043516177378424, 0.8522232055710135, 0.35028301088688935]"
"[0.13541172710035332, 0.31759819365787917, 0.9527189312685508, 0.4635362757530857]",stable,0.30598450077757483,4113,"[0.1432178891699153, 0.46826358767055115, 0.849693102417218, 0.21807508495839487]"
"[0.5260564064960679, 0.38716757125443596, 0.8209912139094363, 0.5960172918544766]",stable,0.6945151973124684,4114,"[0.07131797984089991, 0.514563579791641, 0.41470188055218826, 0.28899358392612995]"
"[0.33686338174831826, 0.418664665039246, 0.3659002534282476, 0.5080447580532527]",stable,0.5689924072075835,4115,"[0.1616062018640066, 0.3037295427360666, 0.8937904423016537, 0.4739985172735221]"
"[0.1357969399645247, 0.317394242909029, 0.951852335842567, 0.4636901322460333]",stable,0.4337007234807436,4116,"[0.5025481167366457, 0.2503098122168873, 0.7340477546284669, 0.42306088853110985]"
"[0.34203844715940285, 0.2567439645855984, 0.6993735914565624, 0.4137452291297973]",stable,0.2192542383161065,4117,"[0.37902628446565606, 0.17770465712691358, 0.6490834691310873, 0.2189940741038966]"
"[0.34236008052728334, 0.2560566662598707, 0.6989362860450365, 0.4120517408252242]",stable,0.3325220513499509,4118,"[0.1614680721297487, 0.39626194296597556, 0.8931051229969835, 0.26890866878756514]"
"[0.5260564064960679, 0.38716757125443596, 0.8209912139094363, 0.5960172918544766]",anomaly,0.5615251760318943,4119,"[0.43275444692406406, 0.7226447690298361, 0.911001210796377, 0.1647882136479483]"
"[0.5260564064960679, 0.38716757125443596, 0.8209912139094363, 0.5960172918544766]",stable,0.4381126306222047,4120,"[0.2122935331052554, 0.4523135161639966, 0.6055804534261938, 0.38901548866880153]"
"[0.5294214379534532, 0.4949881929039757, 0.610749180958077, 0.5582659253527527]",stable,0.6599849906833205,4121,"[0.08331843128803897, 0.6141337088076115, 0.4264853775040088, 0.12418817638600696]"
"[0.44913797185608345, 0.5835142847618227, 0.3540703340957582, 0.3071330395049494]",stable,0.2961188443531959,4122,"[0.4676258803087421, 0.4346980670935183, 0.451236237096086, 0.5432624275004913]"
"[0.36331724146943617, 0.47863494003913964, 0.6160476358809119, 0.3115884725715716]",stable,0.2728247017988561,4123,"[0.23894119199827735, 0.34737662093657107, 0.412467128175159, 0.32862216794922644]"
"[0.33801042120937463, 0.41880530891691503, 0.3666488146884918, 0.5083536849782285]",stable,0.28039960077202913,4124,"[0.45228398285205884, 0.5281567385087261, 0.42534500803734476, 0.2843837964771395]"
"[0.30719109499298597, 0.7188903199035616, 0.2749375471521674, 0.44801162584808585]",stable,0.4316782102134318,4125,"[0.1243375827699974, 0.6818547202416624, 0.3341866417236407, 0.06326680211301167]"
"[0.44916294019732134, 0.5830749391566393, 0.35463600611116763, 0.3069524899571096]",stable,0.3752387809756852,4126,"[0.15501506582063754, 0.7002736901545195, 0.30741135066898007, 0.5026958306629954]"
"[0.10222257849699234, 0.5799447164479143, 0.4722614069369115, 0.457756800170772]",stable,0.2721367386221533,4127,"[0.07864944525005578, 0.623302219542275, 0.3535856765686493, 0.2178841050931405]"
"[0.44916294019732134, 0.5830749391566393, 0.35463600611116763, 0.3069524899571096]",stable,0.3576769298115068,4128,"[0.14543148098005818, 0.5537053086032997, 0.1895247453877141, 0.2200290570715543]"
"[0.44916294019732134, 0.5830749391566393, 0.35463600611116763, 0.3069524899571096]",stable,0.43969162780122656,4129,"[0.056127975888220466, 0.7112704087292661, 0.3479741341194603, 0.1573737968499161]"
"[0.1305383914248527, 0.7013613742916357, 0.29087584472217193, 0.22116514047281507]",stable,0.2670199991638073,4130,"[0.07823926857470179, 0.829019777068949, 0.10630070125162591, 0.3560718872118758]"
"[0.10222257849699234, 0.5799447164479143, 0.4722614069369115, 0.457756800170772]",stable,0.5201072291506031,4131,"[0.24179349074347944, 0.5158030914047003, 0.10705999521001702, 0.12079200812433222]"
"[0.25572340303082775, 0.38662761423639425, 0.18598903949079684, 0.23459948469711603]",stable,0.45028808207253995,4132,"[0.12070520517581848, 0.7237896077886344, 0.33043971704656966, 0.4581732643809362]"
"[0.10222257849699234, 0.5799447164479143, 0.4722614069369115, 0.457756800170772]",stable,0.22930971904601669,4133,"[0.029503894112797205, 0.4477478791210783, 0.3903092138350059, 0.3057608316815883]"
"[0.33801042120937463, 0.41880530891691503, 0.3666488146884918, 0.5083536849782285]",stable,0.4857962225399224,4134,"[0.3345203093948235, 0.8120048722718508, 0.08146461646310496, 0.5012921402739298]"
"[0.14863976033082626, 0.4536237104564604, 0.3982412321337453, 0.27787440650053413]",stable,0.3169046375932343,4135,"[0.045524578189173465, 0.668573963953124, 0.23324577823810452, 0.1499341968106775]"
"[0.1606931293225433, 0.9051901856935396, 0.2641606211081772, 0.43290234068461364]",stable,0.611274999782449,4136,"[0.1884879348521328, 0.4169542961592543, 0.6007038618682645, 0.2871321879990644]"
"[0.5294214379534532, 0.4949881929039757, 0.610749180958077, 0.5582659253527527]",stable,0.6560326562009974,4137,"[0.18184972590310008, 0.9792838527487282, 0.3479630600090192, 0.4809747908248818]"
"[0.10222257849699234, 0.5799447164479143, 0.4722614069369115, 0.457756800170772]",stable,0.24755876510614785,4138,"[0.15521240356494947, 0.4936912337716628, 0.2640810006795119, 0.37001470196888364]"
"[0.10222257849699234, 0.5799447164479143, 0.4722614069369115, 0.457756800170772]",stable,0.2685426799898318,4139,"[0.18694389368297493, 0.4422662252569272, 0.39654576749237974, 0.257134655988836]"
"[0.33801042120937463, 0.41880530891691503, 0.3666488146884918, 0.5083536849782285]",stable,0.43366576625121617,4140,"[0.19248470004902257, 0.6439649659040657, 0.09507928764559026, 0.3023406219309126]"
"[0.10222257849699234, 0.5799447164479143, 0.4722614069369115, 0.457756800170772]",stable,0.2602189341824092,4141,"[0.2936874196217113, 0.4379585339319313, 0.4323499786192725, 0.5542042479560767]"
"[0.3620411151437624, 0.4781847163611843, 0.6159356375304547, 0.3114099595454949]",stable,0.45542432349631745,4142,"[0.6580984613597592, 0.8048879405195363, 0.7276123154879469, 0.3349617133769179]"
"[0.5294214379534532, 0.4949881929039757, 0.610749180958077, 0.5582659253527527]",stable,0.5275419452182907,4143,"[0.166725660052556, 0.663378987422989, 0.7506834590854891, 0.24391705103668873]"
"[0.3620411151437624, 0.4781847163611843, 0.6159356375304547, 0.3114099595454949]",stable,0.35532077544669555,4144,"[0.10136776623282565, 0.428242824948227, 0.7151129043549277, 0.5258206305927209]"
"[0.34236008052728334, 0.2560566662598707, 0.6989362860450365, 0.4120517408252242]",anomaly,0.46687852171383265,4145,"[0.281871381114183, 0.39156282078677274, 0.8623924678383189, 0.0006676988402463113]"
"[0.34236008052728334, 0.2560566662598707, 0.6989362860450365, 0.4120517408252242]",stable,0.4532522317402392,4146,"[0.5275973063885099, 0.6539761872540162, 0.8114997867471287, 0.4013620797349766]"
"[0.5294214379534532, 0.4949881929039757, 0.610749180958077, 0.5582659253527527]",stable,0.43588353995106,4147,"[0.4655631267761037, 0.5782314112872349, 1.0, 0.3925223192551623]"
"[0.5294214379534532, 0.4949881929039757, 0.610749180958077, 0.5582659253527527]",stable,0.4420370953705401,4148,"[0.38248401762969775, 0.39906902027850605, 1.0, 0.4438565708826683]"
"[0.3868338151458575, 0.3647915673433466, 0.9121617392818746, 0.35155510899206704]",stable,0.2294048097873831,4149,"[0.5072148883991188, 0.4663591152009422, 0.8525215051468298, 0.5073178762071189]"
"[0.37521337729487536, 0.5992077335667565, 0.8753646519301926, 0.47363829944305313]",stable,0.36589652639150066,4150,"[0.18213701024862025, 0.7552735763723349, 0.6188123383500058, 0.3934750433987539]"
"[0.44916294019732134, 0.5830749391566393, 0.35463600611116763, 0.3069524899571096]",stable,0.7403041571115909,4151,"[0.3485293326411542, 0.8579315667087258, 0.8698201606905905, 0.7507567747808519]"
"[0.6870644417612577, 0.719888453746307, 0.6921413169068725, 0.48094698633567945]",stable,0.5810703546324368,4152,"[0.2146100741071153, 0.7298064551501, 0.4561696819567564, 0.2387721563794806]"
"[0.44916294019732134, 0.5830749391566393, 0.35463600611116763, 0.3069524899571096]",stable,0.3232191767350916,4153,"[0.23281588798246705, 0.6121401991067733, 0.18012432960643562, 0.14457800109019306]"
"[0.16115305533516408, 0.9068009175860436, 0.2659824132581955, 0.4339473939485325]",anomaly,0.2884197142740371,4154,"[0.1069779956304648, 0.9665064665595832, 0.5231952186609504, 0.33134225447432164]"
"[0.16115305533516408, 0.9068009175860436, 0.2659824132581955, 0.4339473939485325]",stable,0.6139263751207019,4155,"[0.14948910943670735, 0.4828819250374829, 0.6465983227046154, 0.20548784902249825]"
"[0.10222257849699234, 0.5799447164479143, 0.4722614069369115, 0.457756800170772]",stable,0.08676000839413905,4156,"[0.09454736647331322, 0.573675625150023, 0.38664948535403765, 0.4477724346862149]"
"[0.44916294019732134, 0.5830749391566393, 0.35463600611116763, 0.3069524899571096]",stable,0.4589866726397426,4157,"[0.2698713579302587, 0.717235524961201, 0.7533785615138717, 0.2678550998066965]"
"[0.44916294019732134, 0.5830749391566393, 0.35463600611116763, 0.3069524899571096]",stable,0.3885666286579551,4158,"[0.24513746561627808, 0.4103956683681182, 0.15105843996714025, 0.5021336228347728]"
"[0.10217241371252385, 0.5799037419949868, 0.4717018518938862, 0.4576915428800233]",stable,0.3168377822171453,4159,"[0.2681186429269178, 0.5231551022726174, 0.2096632503695418, 0.42665297895335896]"
"[0.10217241371252385, 0.5799037419949868, 0.4717018518938862, 0.4576915428800233]",stable,0.430105827159886,4160,"[0.18063386165618384, 0.5492465598402565, 0.07282007198403165, 0.32062117196875695]"
"[0.10217241371252385, 0.5799037419949868, 0.4717018518938862, 0.4576915428800233]",anomaly,0.6174135365074905,4161,"[0.14823325290533257, 0.6094791389019771, 0.0, 0.06310247438824049]"
"[0.10217241371252385, 0.5799037419949868, 0.4717018518938862, 0.4576915428800233]",stable,0.43294658209019443,4162,"[0.09015078776466323, 0.39746253384712144, 0.2309073898758465, 0.14780211730351012]"
"[0.2517811979054429, 0.38688558851284016, 0.18705852402377424, 0.23253288071155398]",stable,0.2601825056741203,4163,"[0.4314546860158236, 0.5435837986318626, 0.27323958281375416, 0.2911065094231617]"
"[0.3044113387020245, 0.7195992235687788, 0.27399561003361517, 0.4490663254710645]",stable,0.296024931444883,4164,"[0.42448899856757016, 0.45105093238736693, 0.2410160052739403, 0.45157164213793277]"
"[0.3620411151437624, 0.4781847163611843, 0.6159356375304547, 0.3114099595454949]",stable,0.3141445970192097,4165,"[0.47010898429969294, 0.7377746948091455, 0.548956180692174, 0.18838573858273366]"
"[0.4490235051250261, 0.5827639852942395, 0.35399508939229035, 0.3068277184568423]",stable,0.5272865883572747,4166,"[0.045013161857019715, 0.7737817379548281, 0.0824382418773959, 0.37447301045999837]"
"[0.10217241371252385, 0.5799037419949868, 0.4717018518938862, 0.4576915428800233]",anomaly,0.5850811887955322,4167,"[0.32589460229025413, 0.8273468854713787, 0.0, 0.3652922274778857]"
"[0.10217241371252385, 0.5799037419949868, 0.4717018518938862, 0.4576915428800233]",stable,0.3338265836777931,4168,"[0.37025806831609076, 0.5719183550985637, 0.507397741351622, 0.26216070940944464]"
"[0.5294214379534532, 0.4949881929039757, 0.610749180958077, 0.5582659253527527]",stable,0.778116595066284,4169,"[0.1665934706089895, 0.6935495349692242, 0.13197381035405523, 0.10531025470664948]"
"[0.16115305533516408, 0.9068009175860436, 0.2659824132581955, 0.4339473939485325]",stable,0.35825638780147356,4170,"[0.0, 0.6667582428665627, 0.08929019577520803, 0.3176000400844952]"
"[0.10217241371252385, 0.5799037419949868, 0.4717018518938862, 0.4576915428800233]",stable,0.24801869519450237,4171,"[0.0605085946386657, 0.7771725666076346, 0.36581832386638025, 0.3594515883067587]"
"[0.16115305533516408, 0.9068009175860436, 0.2659824132581955, 0.4339473939485325]",stable,0.6484638206942764,4172,"[0.2964110340770844, 0.33620076000475174, 0.2878684755231542, 0.15799981489988757]"
"[0.25281910107222527, 0.38570687157079153, 0.189402941500504, 0.23079955359965476]",stable,0.26562329057337214,4173,"[0.1948409222516267, 0.6399271743663585, 0.2302497884885254, 0.2607634654494153]"
"[0.16115305533516408, 0.9068009175860436, 0.2659824132581955, 0.4339473939485325]",anomaly,0.7311524109242875,4174,"[0.22309024145880785, 0.38556138714144383, 0.0, 0.0]"
"[0.16115305533516408, 0.9068009175860436, 0.2659824132581955, 0.4339473939485325]",stable,0.4340624755144704,4175,"[0.28815317476100216, 0.5915363928381037, 0.17416075381945625, 0.18006107173139368]"
"[0.25362214820151563, 0.39038481523595775, 0.18905652814411653, 0.22964640628446703]",stable,0.40951445096229433,4176,"[0.06620551003653663, 0.640134617663614, 0.3480455325524868, 0.44160069841007743]"
"[0.4490235051250261, 0.5827639852942395, 0.35399508939229035, 0.3068277184568423]",stable,0.52808607524367,4177,"[0.2328593372487599, 0.2524821307846536, 0.003498845703205966, 0.32146449180944003]"
"[0.2531607524025655, 0.38732031113703985, 0.18493302408987408, 0.231686808185022]",stable,0.3964807226749172,4178,"[0.3119644215610213, 0.6332475076190653, 0.49021979122004733, 0.22401244879637716]"
"[0.4490235051250261, 0.5827639852942395, 0.35399508939229035, 0.3068277184568423]",stable,0.4948373564588536,4179,"[0.0, 0.780766221300676, 0.31261552211087246, 0.3550433501593957]"
"[0.16115305533516408, 0.9068009175860436, 0.2659824132581955, 0.4339473939485325]",stable,0.21880233851808106,4180,"[0.10213456349176202, 0.804515343326152, 0.355237687423711, 0.27281875498737795]"
"[0.12990210158021684, 0.7017448907692843, 0.2895794694480742, 0.22173510406253374]",stable,0.36906376910574695,4181,"[0.1467883927044262, 0.46600810765047834, 0.21651131131356524, 0.4956185321669665]"
"[0.1019388623899525, 0.5802948515772507, 0.4708988887812797, 0.45758705687697165]",stable,0.18334678570010457,4182,"[0.0, 0.44531637680179614, 0.44379534458386716, 0.5229378135706265]"
"[0.4490235051250261, 0.5827639852942395, 0.35399508939229035, 0.3068277184568423]",stable,0.5288474098004406,4183,"[0.0, 0.7931239916858092, 0.17206293050291163, 0.3334140301728269]"
"[0.12916402145760197, 0.70226409020631, 0.28891176184043127, 0.22236964341543314]",stable,0.2525452398633997,4184,"[0.0, 0.7861349179349038, 0.2363151280502828, 0.41548886076220004]"
"[0.10128119231001734, 0.5794240227077316, 0.47072402720581247, 0.458008674662092]",anomaly,0.6021150762883999,4185,"[0.0, 0.7758364005438345, 0.0239758056647546, 0.12018787962318858]"
"[0.10128119231001734, 0.5794240227077316, 0.47072402720581247, 0.458008674662092]",stable,0.3597990491888096,4186,"[0.2145974544916665, 0.6906015884947881, 0.32075420830500423, 0.17206570341279778]"
"[0.1577242669237776, 0.9042335558913385, 0.2653511944239846, 0.43355465919988706]",stable,0.2740022666702551,4187,"[0.19358933038801332, 0.6668860803516719, 0.369004900779477, 0.515487707335915]"
"[0.14894619339764348, 0.45353285057486414, 0.39822766841661433, 0.2777084884964406]",stable,0.48482912522349547,4188,"[0.3803982781830093, 0.7421715545713888, 0.7109843266022068, 0.2966870139732712]"
"[0.4490235051250261, 0.5827639852942395, 0.35399508939229035, 0.3068277184568423]",stable,0.3332720203004617,4189,"[0.2467417490220281, 0.34427253015286935, 0.2878195247340529, 0.40114076702253065]"
"[0.36210065828269233, 0.4788639456273972, 0.6151491310364052, 0.31105308092132056]",stable,0.2755107036689326,4190,"[0.256573498529111, 0.4565812488941572, 0.4939817963752615, 0.533745974449384]"
"[0.36210065828269233, 0.4788639456273972, 0.6151491310364052, 0.31105308092132056]",anomaly,0.42088500096925524,4191,"[0.3169483717832654, 0.717594574537385, 0.46900152505409776, 0.0]"
"[0.36210065828269233, 0.4788639456273972, 0.6151491310364052, 0.31105308092132056]",anomaly,0.6354677912364554,4192,"[0.5724389712767702, 0.6672310493684899, 0.07634472168034817, 0.12724679573931874]"
"[0.36210065828269233, 0.4788639456273972, 0.6151491310364052, 0.31105308092132056]",stable,0.4170923519322834,4193,"[0.18549000352265083, 0.5565270454372315, 0.26401070736838905, 0.19510068975364486]"
"[0.1577242669237776, 0.9042335558913385, 0.2653511944239846, 0.43355465919988706]",stable,0.46208153671808927,4194,"[0.2573405394482949, 0.49224451515828893, 0.40764670576943507, 0.5502292605099856]"
"[0.36210065828269233, 0.4788639456273972, 0.6151491310364052, 0.31105308092132056]",stable,0.38045722280306105,4195,"[0.46533634010747554, 0.4658487665307247, 0.3179694925651424, 0.5246062592455057]"
"[0.36210065828269233, 0.4788639456273972, 0.6151491310364052, 0.31105308092132056]",stable,0.36004551840522053,4196,"[0.3512653451130803, 0.5633786417527177, 0.35188574472246825, 0.5414115556461806]"
"[0.36210065828269233, 0.4788639456273972, 0.6151491310364052, 0.31105308092132056]",stable,0.3748078932174011,4197,"[0.41707373243499685, 0.6037595501480683, 0.626886705077235, 0.6599402192101433]"
"[0.5294214379534532, 0.4949881929039757, 0.610749180958077, 0.5582659253527527]",stable,0.11681992214242304,4198,"[0.6086673660572077, 0.5420031653982186, 0.5408552800515581, 0.541791336867098]"
"[0.5299874802970514, 0.4953240141360774, 0.6102499388087447, 0.5581482497207122]",stable,0.4666024974160226,4199,"[0.9112198887139048, 0.669752619439464, 0.609028111820696, 0.7629723453693482]"
"[0.919992767042582, 0.8413476284839326, 0.3972222080790107, 0.6646823874431993]",stable,0.22692999704438999,4200,"[0.9460249082047743, 0.7089561710271142, 0.5788460309208626, 0.6472227152283619]"
"[0.919992767042582, 0.8413476284839326, 0.3972222080790107, 0.6646823874431993]",stable,0.226343027866347,4201,"[0.8903699869032123, 0.8558182407782498, 0.4036767006901771, 0.8885184838742273]"
"[0.915562311207761, 0.7137812477872365, 0.4533967893858848, 0.8749700043447011]",stable,0.5088178227178544,4202,"[0.8037069156217163, 0.6413463679449358, 0.23950913383360112, 0.43294149148811345]"
"[0.919992767042582, 0.8413476284839326, 0.3972222080790107, 0.6646823874431993]",stable,0.41420694102329986,4203,"[0.9148259785477764, 0.4551241500968778, 0.25295462238508937, 0.6251984318513314]"
"[0.9269421104588739, 0.561548870030113, 0.35866633357088634, 0.6769383122447161]",stable,0.4778601349149876,4204,"[0.6086459312565067, 0.4862742687958164, 0.6088304958688319, 0.9194037265968036]"
"[0.7530907610783644, 0.6700670023993407, 0.2062221886188029, 0.7624077877920529]",stable,0.4232738699395081,4205,"[0.7672055605919285, 0.6661906628157159, 0.6163407766536231, 0.6587291537924799]"
"[0.919992767042582, 0.8413476284839326, 0.3972222080790107, 0.6646823874431993]",stable,0.36013062197703344,4206,"[0.8838104000882847, 0.5007258092059917, 0.29478576849801563, 0.7079079965760324]"
"[0.9266077561149157, 0.5610773734345772, 0.3581711353920269, 0.6771783873170518]",stable,0.4446492303680759,4207,"[0.6400575838058694, 0.8347823005966217, 0.48259416336057587, 0.5184129635783307]"
"[0.6552489629741414, 0.7956820970073165, 0.43216831838199027, 0.47539674205357685]",stable,0.29379841076715146,4208,"[0.45803238527400086, 0.6060545241232562, 0.5388329600282087, 0.48473298723740266]"
"[0.3582640918807196, 0.7080105216781161, 0.5840395908862844, 0.5098880381656754]",stable,0.332338371597,4209,"[0.5608583507493315, 0.7388501305072372, 0.3325870950864982, 0.43760442735002225]"
"[0.6541513977157134, 0.795021260187548, 0.43101039718087986, 0.4749572965337681]",stable,0.4368422935547967,4210,"[0.2544357206391504, 0.6321781932982562, 0.4059411183048913, 0.41240944477075775]"
"[0.14894619339764348, 0.45353285057486414, 0.39822766841661433, 0.2777084884964406]",stable,0.31039434140042194,4211,"[0.27719170614209815, 0.7324390668934868, 0.4365529136155672, 0.30301132852643364]"
"[0.4490235051250261, 0.5827639852942395, 0.35399508939229035, 0.3068277184568423]",anomaly,0.524397816116579,4212,"[0.32533357296805904, 0.15641376277209906, 0.23371502278367995, 0.5587246488922724]"
"[0.4490235051250261, 0.5827639852942395, 0.35399508939229035, 0.3068277184568423]",anomaly,0.5301279901837349,4213,"[0.20474448256686412, 0.8203637300227279, 0.34766455345591957, 0.7128692566447359]"
"[0.4490235051250261, 0.5827639852942395, 0.35399508939229035, 0.3068277184568423]",stable,0.32138524900491505,4214,"[0.16098816643013303, 0.6424905993191292, 0.2589653290753245, 0.21892892340201023]"
"[0.1577242669237776, 0.9042335558913385, 0.2653511944239846, 0.43355465919988706]",stable,0.5080348012963651,4215,"[0.16495148698816775, 0.5280771457528968, 0.5670982954331804, 0.2738606744581797]"
"[0.3374266273411403, 0.42111686268873044, 0.36636887704584825, 0.5083407421031872]",stable,0.3322855887786608,4216,"[0.3320495836521313, 0.7302410545312874, 0.4864845944771754, 0.4883595420693706]"
"[0.3580654971214121, 0.7081789348057916, 0.583300537883185, 0.5097249434982791]",stable,0.37351226574708346,4217,"[0.33363337458788095, 0.3562423340283968, 0.4924558353964399, 0.5922013226342097]"
"[0.36210065828269233, 0.4788639456273972, 0.6151491310364052, 0.31105308092132056]",stable,0.21777108857744462,4218,"[0.281405788501346, 0.47867065358798677, 0.6742434200721853, 0.5044966454374863]"
"[0.34236008052728334, 0.2560566662598707, 0.6989362860450365, 0.4120517408252242]",stable,0.7797214243353614,4219,"[0.7527423045442958, 0.6006846654829431, 0.14768575390426103, 0.5420760567989269]"
"[0.919992767042582, 0.8413476284839326, 0.3972222080790107, 0.6646823874431993]",stable,0.6332902400901863,4220,"[0.6649702667319863, 0.30601039103516847, 0.4652834466074911, 0.4530181189907445]"
"[0.749432423038693, 0.5008283130125747, 0.45276414996171216, 0.4666255847835217]",stable,0.7038494997612597,4221,"[0.1374631266245311, 0.39683595539396993, 0.6141873939461511, 0.7564976676390387]"
"[0.5299874802970514, 0.4953240141360774, 0.6102499388087447, 0.5581482497207122]",stable,0.54863399136531,4222,"[0.049307302172566236, 0.5132383262171006, 0.8708585319006643, 0.5168195494150143]"
"[0.3580654971214121, 0.7081789348057916, 0.583300537883185, 0.5097249434982791]",stable,0.6392013957720962,4223,"[0.3659945454053701, 0.10331645213479931, 0.7572212580209499, 0.6211184563890728]"
"[0.37521337729487536, 0.5992077335667565, 0.8753646519301926, 0.47363829944305313]",stable,0.36930041723521045,4224,"[0.1893264805772666, 0.5919800342778396, 0.7802146957455812, 0.16913360982423442]"
"[0.36210065828269233, 0.4788639456273972, 0.6151491310364052, 0.31105308092132056]",stable,0.2890362003608682,4225,"[0.39115684548458624, 0.3231190916658858, 0.75967795155761, 0.5048380741679425]"
"[0.34278074229415667, 0.25663479061681915, 0.6994599210925587, 0.4128516230092132]",stable,0.4204612945380764,4226,"[0.23295502838886434, 0.2254446854441653, 0.8433707889625521, 0.034641559396342114]"
"[0.34278074229415667, 0.25663479061681915, 0.6994599210925587, 0.4128516230092132]",stable,0.27171845511938425,4227,"[0.6024273536715603, 0.25176869716792627, 0.7721042991472505, 0.3794799055782806]"
"[0.3868338151458575, 0.3647915673433466, 0.9121617392818746, 0.35155510899206704]",stable,0.7043936512343475,4228,"[0.4236099509050025, 0.426673950745999, 0.21370518351094753, 0.2954574970740759]"
"[0.2568661697613141, 0.3881758250415825, 0.18555850581641914, 0.23307312750869705]",stable,0.36197489956071854,4229,"[0.0, 0.4313230187924198, 0.3967775575228617, 0.36934649472255465]"
"[0.3373955351054579, 0.42058510425708834, 0.36740237670445963, 0.5090281239108185]",stable,0.46349091641938045,4230,"[0.40056154803800154, 0.7049343953053515, 0.5622326138314544, 0.20567924259613174]"
"[0.4490235051250261, 0.5827639852942395, 0.35399508939229035, 0.3068277184568423]",stable,0.48433389430307894,4231,"[0.0, 0.6784683674053219, 0.22297275875464387, 0.3882588742575362]"
"[0.10128119231001734, 0.5794240227077316, 0.47072402720581247, 0.458008674662092]",stable,0.20649904165639338,4232,"[0.2651108991897659, 0.6668478873285377, 0.39871988936175967, 0.4034728756232756]"
"[0.14789941465900475, 0.4539449329638058, 0.39954594019710893, 0.2783997498522504]",stable,0.417759825193577,4233,"[0.17388604890054635, 0.5186852328471053, 0.7845220792352228, 0.42485804537999317]"
"[0.36210065828269233, 0.4788639456273972, 0.6151491310364052, 0.31105308092132056]",stable,0.3306665683004805,4234,"[0.5626054933312291, 0.6248610867892005, 0.39870064968102326, 0.34224731444780343]"
"[0.30267135552037977, 0.7179219582667974, 0.27705368897574806, 0.4489286824390363]",stable,0.4514508602785778,4235,"[0.015608570064627764, 0.547061431264818, 0.42567820684142477, 0.18412636097176918]"
"[0.3373955351054579, 0.42058510425708834, 0.36740237670445963, 0.5090281239108185]",stable,0.38918190300735733,4236,"[0.0, 0.601524632502507, 0.37291382343053486, 0.5787225827482385]"
"[0.449910864407887, 0.5830928688996688, 0.3543443515820461, 0.3071044340505217]",stable,0.29724617593904823,4237,"[0.18734519650031775, 0.5822653572095057, 0.44130013892804837, 0.41597392205372274]"
"[0.449910864407887, 0.5830928688996688, 0.3543443515820461, 0.3071044340505217]",stable,0.32489094130500196,4238,"[0.1998819555525003, 0.6561577700915822, 0.5455907155468908, 0.3406606102730449]"
"[0.449910864407887, 0.5830928688996688, 0.3543443515820461, 0.3071044340505217]",stable,0.4940291935794518,4239,"[0.0, 0.7336587890968949, 0.470282701929486, 0.23271854297978034]"
"[0.1577242669237776, 0.9042335558913385, 0.2653511944239846, 0.43355465919988706]",stable,0.28715768757645416,4240,"[0.1571446845324078, 0.6562936100683349, 0.3359817802109897, 0.3070781584767147]"
"[0.12956402257190502, 0.7009837099929666, 0.2900467669105254, 0.22244723347591813]",anomaly,0.2825742716511364,4241,"[0.37353826831739767, 0.7515731908419812, 0.30635415014207557, 0.09016133063039669]"
"[0.12956402257190502, 0.7009837099929666, 0.2900467669105254, 0.22244723347591813]",stable,0.17742282723633648,4242,"[0.27720144549391185, 0.6277439303391013, 0.2386594655745679, 0.26340246409600077]"
"[0.1303752172033446, 0.700581293621242, 0.28976441910098716, 0.22267226221558892]",stable,0.3195275626586167,4243,"[0.11057374807780015, 0.42868603321568816, 0.33441155844297266, 0.3832504843897049]"
"[0.3373955351054579, 0.42058510425708834, 0.36740237670445963, 0.5090281239108185]",stable,0.6071065014222742,4244,"[0.08811140488154799, 0.7408032331403858, 0.19273686701754505, 0.09262923324467759]"
"[0.13014426740923643, 0.7008010856404723, 0.28923421389834536, 0.22196164457093914]",stable,0.2804056887044789,4245,"[0.21889020533019915, 0.5243888687165924, 0.2300144899523736, 0.41202285254386195]"
"[0.10118426754492359, 0.5795828885949706, 0.46991361897617523, 0.45850981577978484]",stable,0.426149819537015,4246,"[0.3838536638997209, 0.43815608839438447, 0.22704078821064727, 0.30780172270974554]"
"[0.259568031338727, 0.3892392349001527, 0.18644110756948784, 0.23466309761935766]",stable,0.31424454418509973,4247,"[0.16789842578838413, 0.3664958686282609, 0.4831143402787764, 0.27725475469898425]"
"[0.3373955351054579, 0.42058510425708834, 0.36740237670445963, 0.5090281239108185]",anomaly,0.6975556525979594,4248,"[0.0, 1.0, 0.39037466784259983, 0.700074698843116]"
"[0.3373955351054579, 0.42058510425708834, 0.36740237670445963, 0.5090281239108185]",stable,0.4906826855824318,4249,"[0.03663514630880535, 0.7310748803094149, 0.16789471823955673, 0.6277946159955045]"
"[0.10118426754492359, 0.5795828885949706, 0.46991361897617523, 0.45850981577978484]",stable,0.28429128200664405,4250,"[0.08120534529521894, 0.5303050301889853, 0.3326854453025015, 0.21527639555996972]"
"[0.3373955351054579, 0.42058510425708834, 0.36740237670445963, 0.5090281239108185]",stable,0.21694042718082113,4251,"[0.3948252973473793, 0.3719170080578827, 0.23047161382953169, 0.35854106817156683]"
"[0.2623858910472406, 0.38887835517427205, 0.18735840978323873, 0.23724388867252869]",stable,0.3929355978879766,4252,"[0.2605784366335774, 0.6217185229431138, 0.4968127033973012, 0.30371654194681413]"
"[0.449910864407887, 0.5830928688996688, 0.3543443515820461, 0.3071044340505217]",stable,0.4336721401459186,4253,"[0.10333688335297558, 0.48887335069819343, 0.4400084819983663, 0.07963500765570111]"
"[0.10118426754492359, 0.5795828885949706, 0.46991361897617523, 0.45850981577978484]",stable,0.36473379173274967,4254,"[0.1793994835145053, 0.5615891426149597, 0.21016471570187611, 0.21536407517142842]"
"[0.1304119588011129, 0.7000444989935946, 0.28880448836466893, 0.221925788215507]",stable,0.31967084224635123,4255,"[0.18955878312211752, 0.4506601806457433, 0.3082993317934608, 0.41197450143687103]"
"[0.3373955351054579, 0.42058510425708834, 0.36740237670445963, 0.5090281239108185]",stable,0.2776398379276854,4256,"[0.2974670804827667, 0.5700837003133434, 0.5714461649621811, 0.4017625638898973]"
"[0.5299874802970514, 0.4953240141360774, 0.6102499388087447, 0.5581482497207122]",stable,0.7100402240033157,4257,"[0.11669681000623966, 1.0, 0.4786315459363601, 0.3105059885793259]"
"[0.10118426754492359, 0.5795828885949706, 0.46991361897617523, 0.45850981577978484]",stable,0.2552380551591307,4258,"[0.14114300031318608, 0.5034376036974091, 0.5645393456677841, 0.23760795541431812]"
"[0.10118426754492359, 0.5795828885949706, 0.46991361897617523, 0.45850981577978484]",stable,0.24562104937647744,4259,"[0.14475774493391896, 0.4355805288276424, 0.3749762771841108, 0.28915435091392827]"
"[0.3373955351054579, 0.42058510425708834, 0.36740237670445963, 0.5090281239108185]",stable,0.30124772437017916,4260,"[0.2270132516890791, 0.6258269552848986, 0.24782293722271917, 0.3602246186231117]"
"[0.14656261863891482, 0.4542089891667253, 0.3985075155253841, 0.27908124119704536]",stable,0.22289482847567477,4261,"[0.23743944627355962, 0.5422480413883213, 0.2623562659772002, 0.15605494607825873]"
"[0.2618767799294104, 0.3920083487704772, 0.18888897827699305, 0.23558697147672727]",stable,0.23559057421929308,4262,"[0.14386699091951863, 0.508578017927743, 0.35564305432976523, 0.22212596441302918]"
"[0.3373955351054579, 0.42058510425708834, 0.36740237670445963, 0.5090281239108185]",stable,0.24492957069561344,4263,"[0.12482045751094488, 0.4759688677394272, 0.45375225457085555, 0.44361659341492554]"
"[0.449910864407887, 0.5830928688996688, 0.3543443515820461, 0.3071044340505217]",stable,0.30920599205045357,4264,"[0.38685448085703167, 0.779213619521155, 0.5832769625415861, 0.33464982982377794]"
"[0.449910864407887, 0.5830928688996688, 0.3543443515820461, 0.3071044340505217]",stable,0.4101765894973655,4265,"[0.18358461804880966, 0.6357894609324652, 0.33934099040489224, 0.0]"
"[0.13069937858083017, 0.6996971744635344, 0.28907765864596746, 0.22072618936028807]",stable,0.4486140861513999,4266,"[0.1955986779589851, 0.6408969407372554, 0.5343942116721874, 0.5859726822370153]"
"[0.449910864407887, 0.5830928688996688, 0.3543443515820461, 0.3071044340505217]",stable,0.35957753949673693,4267,"[0.24299366238863554, 0.405854683352993, 0.27820508032046165, 0.529074511707238]"
"[0.36163566851434753, 0.4795202028553537, 0.6148347212085331, 0.3117056671297275]",stable,0.2454377560511519,4268,"[0.31278512306883144, 0.585428251650366, 0.5141279459914345, 0.502742173931193]"
"[0.35772504318116716, 0.7072559973384576, 0.5827804432073073, 0.509672441471459]",stable,0.40657823822939354,4269,"[0.30389396788165424, 0.3132180068481166, 0.5221537610564277, 0.4507950553582333]"
"[0.3424483767008874, 0.2571184078495653, 0.6979444838272927, 0.4131759258498031]",stable,0.5940385890033671,4270,"[0.7165773755428386, 0.5513394712535594, 0.466674657179017, 0.6830973414176125]"
"[0.6070453626865537, 0.6190920539092307, 0.3953374870959529, 0.6523517193671454]",stable,0.5526147169644496,4271,"[0.7494961828282347, 0.28665857338196155, 0.5432374678121771, 0.26157765935890026]"
"[0.3868338151458575, 0.3647915673433466, 0.9121617392818746, 0.35155510899206704]",stable,0.5502026898789009,4272,"[0.7019277673315757, 0.4060509816655407, 0.6630117695699869, 0.725267236930561]"
"[0.7530907610783644, 0.6700670023993407, 0.2062221886188029, 0.7624077877920529]",stable,0.6163941305839002,4273,"[0.6423014039702319, 0.40761829977005903, 0.6915600821848449, 0.5109415870275501]"
"[0.5307840329472159, 0.494701987793056, 0.6108266064922632, 0.5578134506945196]",stable,0.6259884092316248,4274,"[1.0, 0.854197534300087, 0.47551282251466975, 0.7132193600491418]"
"[0.9205407617888658, 0.841435641537468, 0.39775844516418646, 0.6650148324610482]",stable,0.3529706957218948,4275,"[0.9734005247960847, 0.8019962110565668, 0.5936130680304899, 0.3788686189294703]"
"[0.9239952276192979, 0.48485518583507325, 0.555258576269175, 0.8735050508485204]",stable,0.40178858501451975,4276,"[1.0, 0.7398300176120206, 0.25819320525921885, 0.9224677114212687]"
"[0.9223770464615474, 0.6822990202019543, 0.19010815159191033, 0.5636711525309451]",stable,0.2796225942605165,4277,"[0.973865579128729, 0.6658688348609806, 0.35049613675456115, 0.7862547760298193]"
"[0.915842615380458, 0.713550899648168, 0.4529020747097726, 0.8745434888239564]",stable,0.31175228118737974,4278,"[0.8471519802568058, 1.0, 0.5391704825830066, 0.8199929967777081]"
"[0.9200415183770829, 0.8425143106426553, 0.39872043181329403, 0.6660691056876922]",stable,0.40193519849441406,4279,"[0.9520275752237828, 1.0, 0.07610378179150662, 0.8439610693412118]"
"[0.9223770464615474, 0.6822990202019543, 0.19010815159191033, 0.5636711525309451]",stable,0.39176719125683906,4280,"[1.0, 0.6288841249249323, 0.5479446392526593, 0.6923416864165373]"
"[0.9200415183770829, 0.8425143106426553, 0.39872043181329403, 0.6660691056876922]",stable,0.3200141339103449,4281,"[0.8139071012529356, 0.6424847017489864, 0.6057421961519321, 0.7570343521286762]"
"[0.9200415183770829, 0.8425143106426553, 0.39872043181329403, 0.6660691056876922]",stable,0.5271648928185909,4282,"[0.6186347717132413, 0.45544158177126515, 0.5659630500845039, 0.7623053072118637]"
"[0.7530907610783644, 0.6700670023993407, 0.2062221886188029, 0.7624077877920529]",stable,0.5208521372585339,4283,"[0.5810833595403013, 0.22350694013276654, 0.35324716647294, 0.6186435037074097]"
"[0.685594000854906, 0.37425467422796044, 0.5153405457544393, 0.726560773151738]",anomaly,0.6488209309139598,4284,"[0.19507014931023833, 0.022207828247298778, 0.6159705710051923, 0.5114060202157562]"
"[0.685594000854906, 0.37425467422796044, 0.5153405457544393, 0.726560773151738]",stable,0.52410036558684,4285,"[0.6773138503959303, 0.2869175262327939, 0.9858873694723116, 0.513088195086713]"
"[0.5258803175418908, 0.3879076791417865, 0.8212858895284773, 0.5951883253530994]",stable,0.3872508130945271,4286,"[0.6981612945583862, 0.1341851960492292, 0.6149884929653837, 0.7107250855000363]"
"[0.6857368110106273, 0.3715266119759294, 0.5164729087909273, 0.7263808221556959]",stable,0.603825228771213,4287,"[0.372937638861652, 0.32832963187298614, 0.8500043916180202, 0.33439567489030525]"
"[0.38672264573558385, 0.36449987185958377, 0.9116644805005637, 0.35141783351925293]",stable,0.32890566627135215,4288,"[0.1920573627126639, 0.14884043695913002, 0.7703426131779059, 0.41309037883613275]"
"[0.1357969399645247, 0.317394242909029, 0.951852335842567, 0.4636901322460333]",stable,0.25236315401518294,4289,"[0.18145754629918792, 0.09773374728907178, 1.0, 0.5687298372809374]"
"[0.1357969399645247, 0.317394242909029, 0.951852335842567, 0.4636901322460333]",stable,0.5531204802839647,4290,"[0.6493580222069999, 0.12806988034745845, 0.9937462123994993, 0.3958781173578964]"
"[0.37521337729487536, 0.5992077335667565, 0.8753646519301926, 0.47363829944305313]",stable,0.3262664531187716,4291,"[0.33836892297731186, 0.3160234379220093, 0.8034447194282887, 0.33318737340176796]"
"[0.38633888603115313, 0.36411513825690467, 0.9108055935079266, 0.35127314732784437]",stable,0.28077352513348436,4292,"[0.3419173810887541, 0.1264125027775982, 0.7883971695303669, 0.4245816539287684]"
"[0.34244387673807275, 0.25601073068793845, 0.698711032011217, 0.41327258456233673]",stable,0.23456070367719745,4293,"[0.3556796325618695, 0.02345348873159736, 0.7234382527901883, 0.4254886495393537]"
"[0.34255510157692814, 0.2540564681504902, 0.6989188237824688, 0.4133752405705469]",stable,0.2831427497276149,4294,"[0.20727471863758715, 0.20129558784155632, 0.9227457421621599, 0.3185763226823269]"
"[0.1357969399645247, 0.317394242909029, 0.951852335842567, 0.4636901322460333]",stable,0.3980899484566853,4295,"[0.15114695315774002, 0.0859555901246214, 0.7880439119142019, 0.18468666559255617]"
"[0.38633888603115313, 0.36411513825690467, 0.9108055935079266, 0.35127314732784437]",stable,0.24284382015258324,4296,"[0.43186993980162014, 0.3526851956612001, 0.9845988830054061, 0.5778210472656966]"
"[0.37521337729487536, 0.5992077335667565, 0.8753646519301926, 0.47363829944305313]",stable,0.5827632800219354,4297,"[0.2071255662961579, 0.06192279630280012, 0.7290257276451058, 0.4380104484843691]"
"[0.1357969399645247, 0.317394242909029, 0.951852335842567, 0.4636901322460333]",stable,0.2944671367176601,4298,"[0.1143270779556242, 0.17167993895660483, 0.6971483926481878, 0.45172424001390427]"
"[0.38633888603115313, 0.36411513825690467, 0.9108055935079266, 0.35127314732784437]",anomaly,0.5714973902079051,4299,"[0.2065607046346385, 0.0, 0.5358609383198074, 0.49662012578362813]"
"[0.38633888603115313, 0.36411513825690467, 0.9108055935079266, 0.35127314732784437]",anomaly,0.496692568062458,4300,"[0.46922137426935506, 0.23543268081890656, 0.4486750505350845, 0.2527328676891722]"
"[0.38633888603115313, 0.36411513825690467, 0.9108055935079266, 0.35127314732784437]",stable,0.4284707621522322,4301,"[0.08214208504037691, 0.4179059955762098, 0.6147854877499206, 0.37429793705904324]"
"[0.449910864407887, 0.5830928688996688, 0.3543443515820461, 0.3071044340505217]",stable,0.5128023520394231,4302,"[0.23718903227538685, 0.4549588136336021, 0.7970267327168914, 0.3801088702528036]"
"[0.36163566851434753, 0.4795202028553537, 0.6148347212085331, 0.3117056671297275]",stable,0.1606972277760225,4303,"[0.37132767154450247, 0.43351202434606045, 0.7673902060874089, 0.3301375860691767]"
"[0.5307840329472159, 0.494701987793056, 0.6108266064922632, 0.5578134506945196]",stable,0.2696675608133161,4304,"[0.6029872476655959, 0.579329271889331, 0.856479684457067, 0.557535579786662]"
"[0.6500193841395492, 0.6545982251115903, 0.8986537003250431, 0.6383415130738377]",stable,0.24500754293484978,4305,"[0.5461227292612783, 0.5447799545869704, 0.8663921451891708, 0.44825384719497485]"
"[0.5307840329472159, 0.494701987793056, 0.6108266064922632, 0.5578134506945196]",stable,0.3771700250422434,4306,"[0.434233030595025, 0.5755662291986845, 0.9138503043737435, 0.743750925990059]"
"[0.5141811697509103, 0.5470535565726178, 0.8912041075314411, 0.821250673139468]",stable,0.724918603131661,4307,"[0.8273649993299312, 0.8075538148094002, 0.3995503828318339, 0.47797367055387396]"
"[0.6561423586538078, 0.7951653125395233, 0.43064878782054594, 0.47499196749951644]",stable,0.1902687203750144,4308,"[0.7567360243741875, 0.6379742506989681, 0.4415115169489052, 0.43955086758141904]"
"[0.7495077178978218, 0.5022421886588261, 0.45264814343580695, 0.4663464639876237]",stable,0.5761380780841099,4309,"[0.6783114375736589, 0.7970908870966776, 0.8919346568142044, 0.6830439002433651]"
"[0.6505071781642753, 0.6570549951458159, 0.8985378547472701, 0.6391122438871053]",stable,0.2993458222993743,4310,"[0.6901898647516121, 0.6851128090863168, 0.6539516191012189, 0.8047127816962389]"
"[0.9266077561149157, 0.5610773734345772, 0.3581711353920269, 0.6771783873170518]",stable,0.42328988641695037,4311,"[0.8797438525133585, 0.8062938751785244, 0.6321059680509901, 0.8816451993200399]"
"[0.9156698940270269, 0.7139946459425716, 0.45375950960614214, 0.8745774683000143]",stable,0.30126652021134515,4312,"[0.745484513823668, 0.6193649784661209, 0.5128243194022395, 0.6524175555291946]"
"[0.6079215598456493, 0.619093781279844, 0.3960810746421952, 0.6523521360517154]",stable,0.3071107384132179,4313,"[0.6848368880686184, 0.6120466024067895, 0.6933152799698232, 0.6505626148169934]"
"[0.5307840329472159, 0.494701987793056, 0.6108266064922632, 0.5578134506945196]",stable,0.29486995273719485,4314,"[0.8107571734380122, 0.4807163438887506, 0.644570890298503, 0.4727896028285107]"
"[0.7501327123421093, 0.5020225371815804, 0.45460653881195695, 0.46641221030232666]",stable,0.5017879234200104,4315,"[0.5800043026989394, 0.38652289058466643, 0.911712791975849, 0.4427236207092786]"
"[0.5258803175418908, 0.3879076791417865, 0.8212858895284773, 0.5951883253530994]",stable,0.17507949014950983,4316,"[0.465837177207607, 0.5189926857836622, 0.7367603631342476, 0.543036569953232]"
"[0.5303266607236975, 0.49487304904651097, 0.6117134639334039, 0.557709388154088]",stable,0.28461421787852775,4317,"[0.6030829598334858, 0.47640306529777, 0.5547198853255575, 0.2891533127131374]"
"[0.5303266607236975, 0.49487304904651097, 0.6117134639334039, 0.557709388154088]",stable,0.4155958800926086,4318,"[0.30575016925557474, 0.5940911302124409, 0.28166877599618856, 0.6169682386660177]"
"[0.14654250201414323, 0.45461472818732995, 0.39818763148661085, 0.27865620181806017]",stable,0.33340266919064243,4319,"[0.18144306797955953, 0.28144277145148006, 0.6800094862664254, 0.301617166246424]"
"[0.38633888603115313, 0.36411513825690467, 0.9108055935079266, 0.35127314732784437]",stable,0.19064033080477985,4320,"[0.2113202849305602, 0.3252311523886474, 0.9736761036480425, 0.33553912063833546]"
"[0.13689148119591651, 0.31750782130728433, 0.9521686223325014, 0.46183287120824057]",anomaly,0.6621056102794578,4321,"[0.3986763002147515, 0.0, 0.43356048057094865, 0.45250943824930495]"
"[0.13689148119591651, 0.31750782130728433, 0.9521686223325014, 0.46183287120824057]",stable,0.23887778009218513,4322,"[0.11922332072070708, 0.18594153181486966, 0.9515238607265422, 0.26323698585594474]"
"[0.34255510157692814, 0.2540564681504902, 0.6989188237824688, 0.4133752405705469]",stable,0.31108896984178075,4323,"[0.21131890073216636, 0.1141466792376086, 0.9430262690711317, 0.43312904693917026]"
"[0.13689148119591651, 0.31750782130728433, 0.9521686223325014, 0.46183287120824057]",stable,0.548858696520698,4324,"[0.1960743719283535, 0.35255432616518706, 0.4252057490778107, 0.3246281814219295]"
"[0.3366280402053211, 0.4204653447375429, 0.36667719543304506, 0.509191102673391]",stable,0.48742160925753797,4325,"[0.508498920808235, 0.4505665334619996, 0.8186800595004229, 0.4560163447120317]"
"[0.37705111226225607, 0.5986224886314899, 0.8752681733630848, 0.47336534834361144]",stable,0.23388634026180252,4326,"[0.4815163028928371, 0.5208991060581043, 0.6819196802479148, 0.49247765116195946]"
"[0.5299853295500552, 0.49505504944519346, 0.6122044164950438, 0.557253222161136]",stable,0.49875736933859316,4327,"[0.7943378615586678, 0.6731082152181893, 0.6202677552775937, 0.940800748572246]"
"[0.9266077561149157, 0.5610773734345772, 0.3581711353920269, 0.6771783873170518]",stable,0.30732866702197,4328,"[0.7394177119835382, 0.38835757850150066, 0.46103297682584166, 0.5393447522103966]"
"[0.7500244800152551, 0.500874406285822, 0.4546714523272487, 0.4671489026448324]",stable,0.27741511286723225,4329,"[0.842661070418861, 0.4215300669380636, 0.2595164618629548, 0.6220573029202302]"
"[0.9259620123787923, 0.5600039326153732, 0.3574122532879571, 0.6767543789755378]",stable,0.323853388666987,4330,"[0.8167976335539306, 0.8572117777358945, 0.3609524438416378, 0.7447184841821279]"
"[0.9193439245607103, 0.8426136178527447, 0.3984652427053775, 0.6666005204072492]",stable,0.3591889166885825,4331,"[0.9864462761820569, 0.7639774719581469, 0.06450393044009362, 0.7490635469567016]"
"[0.9223770464615474, 0.6822990202019543, 0.19010815159191033, 0.5636711525309451]",stable,0.39744986936114224,4332,"[0.5886592216407159, 0.6481780537043145, 0.37292235790695494, 0.6732774373266135]"
"[0.6078004130644862, 0.6192767012321991, 0.3959354223356843, 0.652483741720111]",stable,0.35527122215797385,4333,"[0.5873108293453096, 0.8531647315476569, 0.6610065328550898, 0.6236477590630236]"
"[0.5299853295500552, 0.49505504944519346, 0.6122044164950438, 0.557253222161136]",stable,0.25810695606275613,4334,"[0.7541420210970923, 0.4109689122938809, 0.6861666037210243, 0.4953493062721745]"
"[0.5257193786832458, 0.3884878537188255, 0.8212617614726619, 0.5938996959027192]",stable,0.2825418742291795,4335,"[0.5333464925523304, 0.2498813133949294, 0.6624931841554447, 0.40587708113770626]"
"[0.38633888603115313, 0.36411513825690467, 0.9108055935079266, 0.35127314732784437]",stable,0.329554598196389,4336,"[0.6002343143746459, 0.41063467478520455, 0.7637106949978999, 0.5488940027041287]"
"[0.37705111226225607, 0.5986224886314899, 0.8752681733630848, 0.47336534834361144]",stable,0.47159354194724984,4337,"[0.7801021566417482, 0.7068916736629484, 0.6752646383861717, 0.5640664729249286]"
"[0.5299853295500552, 0.49505504944519346, 0.6122044164950438, 0.557253222161136]",stable,0.4144292159097553,4338,"[0.9079167889639936, 0.37407146583148054, 0.5022718769048086, 0.5103789624864461]"
"[0.7516034031047424, 0.4996063768812786, 0.45514745657302424, 0.4675812032432486]",stable,0.2568714126749071,4339,"[0.8530621897626589, 0.5217413202254406, 0.6875228847737058, 0.5022329263058383]"
"[0.9193439245607103, 0.8426136178527447, 0.3984652427053775, 0.6666005204072492]",stable,0.547987203458564,4340,"[0.8600922322523772, 0.4174502459746816, 0.739021483893449, 0.6605370301529382]"
"[0.2932634676927423, 0.5346099805350591, 0.558048423182181, 0.7546322526546689]",stable,0.37898206476827073,4341,"[0.49154399118834147, 0.3599820532367115, 0.8256562419405814, 0.707692059161384]"
"[0.37705111226225607, 0.5986224886314899, 0.8752681733630848, 0.47336534834361144]",stable,0.27002125570321583,4342,"[0.6107064854479791, 0.5526346204772734, 0.8321254542228553, 0.3536136599179377]"
"[0.5260861018486684, 0.38843004481504617, 0.8207785197816906, 0.5945250292669018]",stable,0.3297975413363389,4343,"[0.25817608753563515, 0.3247155918848279, 0.6777892045998813, 0.48278798646584736]"
"[0.34185194312658407, 0.2546452941816097, 0.6987427436226139, 0.4139536801196744]",stable,0.1520190432723301,4344,"[0.3350775903183889, 0.2103962815721807, 0.5653989381098279, 0.47161954589765054]"
"[0.3417959567397395, 0.2542795998625235, 0.6976407287010207, 0.4144302575227982]",stable,0.3396445397958526,4345,"[0.22008910790504782, 0.3497780234439176, 1.0, 0.41661623851193397]"
"[0.13808001872033268, 0.31796882419495054, 0.9528519277277514, 0.46118691931257905]",stable,0.14072020044049627,4346,"[0.0, 0.3199201996353737, 0.9329713669168181, 0.44282830613131396]"
"[0.13613522972427167, 0.3179963083560832, 0.9525719198290059, 0.46092834729594145]",stable,0.2737544618759335,4347,"[0.34642717897335934, 0.23564639656435155, 0.8538013516342705, 0.34184153709269427]"
"[0.3860246206212492, 0.3631035733616877, 0.9103567412097089, 0.35119888268032345]",stable,0.3744551200344472,4348,"[0.22558712427957073, 0.13260975575361264, 0.6960861698778994, 0.22695247833306872]"
"[0.3860246206212492, 0.3631035733616877, 0.9103567412097089, 0.35119888268032345]",stable,0.2921636576472548,4349,"[0.4544680818058632, 0.6329482234627872, 0.8223262985965568, 0.3616679540832841]"
"[0.5299853295500552, 0.49505504944519346, 0.6122044164950438, 0.557253222161136]",stable,0.2706054402006525,4350,"[0.4501873781182507, 0.41116778234418117, 0.4131772798074515, 0.6994176216911808]"
"[0.36341679826150564, 0.47917179635842544, 0.6154903286482204, 0.31167644418308116]",stable,0.10043888878711203,4351,"[0.3466282086919534, 0.501374011189705, 0.6989224352667138, 0.26317635260748684]"
"[0.5299853295500552, 0.49505504944519346, 0.6122044164950438, 0.557253222161136]",stable,0.3343851929136923,4352,"[0.2794053323056036, 0.6214845537120588, 0.7034755159943729, 0.714441927442133]"
"[0.5299853295500552, 0.49505504944519346, 0.6122044164950438, 0.557253222161136]",stable,0.4382951287994299,4353,"[0.3934686192642273, 0.48221858950449015, 0.9533646212747979, 0.31869348600922154]"
"[0.38608277686064746, 0.3640341594253033, 0.9106927402727174, 0.3509449342688305]",stable,0.5096659131301083,4354,"[0.5779118411273714, 0.6332738494596096, 0.7418617067746711, 0.7001827107872256]"
"[0.6492767487229718, 0.6566519248799481, 0.8958823268155311, 0.6401473365464294]",stable,0.3136849885234063,4355,"[0.40491374943327196, 0.6097457207275198, 0.9738947852643769, 0.4657946453086698]"
"[0.5299853295500552, 0.49505504944519346, 0.6122044164950438, 0.557253222161136]",stable,0.24430367734966868,4356,"[0.6372486537887214, 0.40741302886026337, 0.8053652262885632, 0.6137035882143713]"
"[0.37815931864872576, 0.5991008988096723, 0.8757490653329244, 0.4721098946878718]",stable,0.4492329562708489,4357,"[0.41573343594323475, 0.2644631537314453, 0.5795615951769503, 0.49835864324753515]"
"[0.3424020016512435, 0.25436307161554744, 0.6966728669508233, 0.41511819511070586]",stable,0.46117761254480666,4358,"[0.5670418693596203, 0.6205100781807812, 0.6185829930760158, 0.5636444935565573]"
"[0.530242666632066, 0.495926264922524, 0.612248712165745, 0.5572976059902709]",stable,0.37602002785019506,4359,"[0.6767572959709478, 0.6587006284128384, 0.7137020928702154, 0.8456311678038557]"
"[0.9259620123787923, 0.5600039326153732, 0.3574122532879571, 0.6767543789755378]",stable,0.40478071048304237,4360,"[0.843571081727804, 0.7950384910843595, 0.6764813348645142, 0.6803370641140316]"
"[0.9193439245607103, 0.8426136178527447, 0.3984652427053775, 0.6666005204072492]",stable,0.46969949924668175,4361,"[0.608280394452047, 0.49390455767005104, 0.4431870136430588, 0.650505354063892]"
"[0.6078034129481584, 0.6184931253349357, 0.39623074478135545, 0.6524713767972596]",stable,0.4431346911382521,4362,"[0.8949671695644513, 0.6999795734865071, 0.4743185624865089, 0.9705398959403848]"
"[0.9155713096248241, 0.7139279075023046, 0.45385740985795336, 0.8750344322411588]",stable,0.2575319384398115,4363,"[0.7054806543335637, 0.7144859162700147, 0.33981577742278124, 0.7792283229704454]"
"[0.7526373314903186, 0.6704900396742995, 0.20749450851217413, 0.7625679833651804]",stable,0.5935976081573455,4364,"[1.0, 0.8649618713650975, 0.7031541051459197, 0.6749774497351725]"
"[0.9193439245607103, 0.8426136178527447, 0.3984652427053775, 0.6666005204072492]",stable,0.4805454191472318,4365,"[0.8804855414605668, 0.3660090216402924, 0.35206666156669736, 0.6561527233325636]"
"[0.9256148637458287, 0.5585230554323574, 0.3573714472442834, 0.6765971144286449]",stable,0.40563655383955716,4366,"[1.0, 0.9032074803414202, 0.5023702345160861, 0.8150740591887582]"
"[0.9198852405032559, 0.8430202880707895, 0.3991625916437044, 0.6675969871104808]",stable,0.30454579929403364,4367,"[1.0, 0.6532627804521988, 0.24599233286001032, 0.8314894192266018]"
"[0.9223770464615474, 0.6822990202019543, 0.19010815159191033, 0.5636711525309451]",stable,0.3845997252933448,4368,"[0.8250284694219038, 0.47821207398442006, 0.472734188367461, 0.4336279098605963]"
"[0.7523303839593678, 0.4993945521001216, 0.45532158263039496, 0.46724503202163814]",stable,0.6599387246020888,4369,"[1.0, 0.8403898259598885, 0.33394070143549137, 0.9603654903331634]"
"[0.7526373314903186, 0.6704900396742995, 0.20749450851217413, 0.7625679833651804]",stable,0.23918937116929834,4370,"[0.7039169948302643, 0.5742342223049778, 0.200240582086145, 0.5492136249609874]"
"[0.686959224687986, 0.7200347789978188, 0.6915902875008779, 0.4855991732509489]",stable,0.8070032558859734,4371,"[1.0, 0.6781083537327209, 0.14993890571750865, 0.9936500402704552]"
"[0.9223770464615474, 0.6822990202019543, 0.19010815159191033, 0.5636711525309451]",stable,0.37585770832898713,4372,"[0.8760950946411056, 0.5439968118170593, 0.36738658179097844, 0.8612813929260354]"
"[0.9252397139798838, 0.5584130081322414, 0.35744731947569774, 0.6779962377505948]",stable,0.1738564067490586,4373,"[1.0, 0.7047753008563951, 0.30261663348733064, 0.6635523828476]"
"[0.9198852405032559, 0.8430202880707895, 0.3991625916437044, 0.6675969871104808]",stable,0.3497133409193971,4374,"[0.8099207871114065, 0.6002610777348449, 0.6099746906637492, 0.5849322152238442]"
"[0.9198852405032559, 0.8430202880707895, 0.3991625916437044, 0.6675969871104808]",stable,0.5849255181669417,4375,"[0.6567523529427803, 0.6071500188911493, 0.8649531507416188, 0.6850129699804698]"
"[0.6494013421266354, 0.6558268931134681, 0.8953668405476326, 0.6408950971036634]",stable,0.4005136367508648,4376,"[0.8281248642601543, 0.8324554957685624, 0.600226989241278, 0.5400790232138071]"
"[0.530242666632066, 0.495926264922524, 0.612248712165745, 0.5572976059902709]",stable,0.15569912446227582,4377,"[0.49358676286718267, 0.3480062727494815, 0.6101933619788213, 0.5891411850704406]"
"[0.5299898672957565, 0.49490612704546855, 0.6122345373368696, 0.557517216880479]",stable,0.3236740221370872,4378,"[0.5819035003019727, 0.533138422495049, 0.9083018515544732, 0.6713253200679336]"
"[0.6482948201295097, 0.6538156067098874, 0.8955788899084005, 0.6413939532178318]",stable,0.12342431549958126,4379,"[0.6189258673058645, 0.7411398159246823, 0.910781402250837, 0.7221057390367038]"
"[0.6478211273420315, 0.6552240616972228, 0.8958240917203752, 0.6426957562149104]",stable,0.39373287814658176,4380,"[0.8187864699838328, 0.6870028819011933, 0.6595807578505896, 0.3800636471012394]"
"[0.5299898672957565, 0.49490612704546855, 0.6122345373368696, 0.557517216880479]",stable,0.41996780940549083,4381,"[0.6061074549367232, 0.8057966645090234, 0.606053077840531, 0.8293405732402361]"
"[0.9252397139798838, 0.5584130081322414, 0.35744731947569774, 0.6779962377505948]",stable,0.38685546498886764,4382,"[0.8407362454799994, 0.6848650704501935, 0.6349397021022739, 0.9005364995528239]"
"[0.7526373314903186, 0.6704900396742995, 0.20749450851217413, 0.7625679833651804]",stable,0.6649577662097984,4383,"[1.0, 0.6130942331452902, 0.7649475563467614, 0.5038550885893143]"
"[0.9198852405032559, 0.8430202880707895, 0.3991625916437044, 0.6675969871104808]",stable,0.2659879936430366,4384,"[0.7784046294787755, 0.6409596800030506, 0.3050777380851699, 0.7000377094290801]"
"[0.7528804192071908, 0.6702114513755142, 0.20841510501757976, 0.7619780751205002]",stable,0.6643576051157282,4385,"[1.0, 0.7005819481559691, 0.7962746871060886, 0.5781257296474979]"
"[0.9198852405032559, 0.8430202880707895, 0.3991625916437044, 0.6675969871104808]",stable,0.31540152610209243,4386,"[0.8151812508283136, 0.6807882064828354, 0.14987810173602806, 0.6748902722953286]"
"[0.7534626699700051, 0.6703102995540873, 0.20786803022055592, 0.7611641704211995]",stable,0.3836449993307653,4387,"[0.8607479672019884, 0.5637383018979946, 0.4672388195055944, 1.0]"
"[0.9241472489796384, 0.6304992322262309, 0.6175037010747465, 0.6242417605065962]",stable,0.23445467020355198,4388,"[1.0, 0.6936132220511168, 0.4653309133874197, 0.7728197518739294]"
"[0.7534626699700051, 0.6703102995540873, 0.20786803022055592, 0.7611641704211995]",stable,0.38933604986684384,4389,"[1.0, 0.9125088042343672, 0.36357476776431413, 0.6722979741387294]"
"[0.9204193388999009, 0.8434835448452134, 0.3989253394845084, 0.6676283270240024]",stable,0.39049996009350707,4390,"[1.0, 0.656169969426631, 0.4234168212474673, 1.0]"
"[0.7534626699700051, 0.6703102995540873, 0.20786803022055592, 0.7611641704211995]",stable,0.47477199749772964,4391,"[0.9558301119403798, 1.0, 0.48120939031717447, 0.7288366230541903]"
"[0.9206538473306325, 0.8445200776608079, 0.3994702669734665, 0.6680336799778447]",stable,0.3850512500298615,4392,"[0.6935319249363944, 0.7906655725067555, 0.15882780135121938, 0.4786372873739665]"
"[0.9206538473306325, 0.8445200776608079, 0.3994702669734665, 0.6680336799778447]",stable,0.3603188763519023,4393,"[0.8661298912266848, 0.5501807855295858, 0.2621489236490176, 0.521869181410196]"
"[0.9206538473306325, 0.8445200776608079, 0.3994702669734665, 0.6680336799778447]",stable,0.7068190434827119,4394,"[0.5854115477505136, 0.3789676138334225, 0.7921188155841338, 0.5403865824776003]"
"[0.37815931864872576, 0.5991008988096723, 0.8757490653329244, 0.4721098946878718]",stable,0.12418556843327633,4395,"[0.47883093159971263, 0.5483576596496869, 0.8485060276045724, 0.4277227081603754]"
"[0.5299898672957565, 0.49490612704546855, 0.6122345373368696, 0.557517216880479]",stable,0.3413789571863839,4396,"[0.3459719725397145, 0.3029709339631628, 0.8261602475085705, 0.5661008643108326]"
"[0.3424020016512435, 0.25436307161554744, 0.6966728669508233, 0.41511819511070586]",stable,0.41526210702039845,4397,"[0.43675118521147904, 0.5054577367454618, 0.8775389742004316, 0.6754636761166323]"
"[0.5122926335426315, 0.5460390243817116, 0.8908708115965385, 0.8176948927242769]",stable,0.5225024934385661,4398,"[0.5088142343822607, 0.41557159485524536, 0.8863183515135274, 0.31177564884364617]"
"[0.38703418350810187, 0.36443367442863617, 0.9105037915226462, 0.3506412963973174]",stable,0.3032458867713755,4399,"[0.3590468245103218, 0.4958359439942444, 0.6388358770838625, 0.3608766956360473]"
"[0.5299898672957565, 0.49490612704546855, 0.6122345373368696, 0.557517216880479]",stable,0.30757878377959197,4400,"[0.3078306383749218, 0.4301174483518551, 0.7706786952968641, 0.43123237551732396]"
"[0.3424020016512435, 0.25436307161554744, 0.6966728669508233, 0.41511819511070586]",stable,0.5559994348223491,4401,"[0.6075809476047719, 0.5822024478348691, 0.9634081650548216, 0.6604529099214]"
"[0.647182394330329, 0.6540649884613124, 0.896896854789176, 0.6429776157975532]",stable,0.5082492183123952,4402,"[0.2905395300535911, 0.3572698311047794, 1.0, 0.4629623073013265]"
"[0.1382797338955122, 0.31854177394981514, 0.9532306431647142, 0.4609565967404607]",stable,0.29557462353392716,4403,"[0.4055268807943158, 0.19442637662447956, 0.9361229409380053, 0.4766414691648196]"
"[0.3792079812836318, 0.5985723234017558, 0.8754652836899207, 0.4716475281615437]",stable,0.47428992484869703,4404,"[0.12093649009909685, 0.23776168658753183, 0.7460254468656793, 0.36530946978672074]"
"[0.38703418350810187, 0.36443367442863617, 0.9105037915226462, 0.3506412963973174]",stable,0.1919485836262577,4405,"[0.3388245231632124, 0.42085881004617565, 0.8124703450145706, 0.4980378188863076]"
"[0.3424020016512435, 0.25436307161554744, 0.6966728669508233, 0.41511819511070586]",stable,0.376406423886701,4406,"[0.03356206653032534, 0.4570232704757101, 0.7664585985685466, 0.3961844718049148]"
"[0.36326883628024176, 0.4794435891029507, 0.6162370255367108, 0.3116813404059998]",stable,0.27982803042451576,4407,"[0.5758657163175086, 0.6350998342239651, 0.5252637988117596, 0.33620273073691254]"
"[0.30205101970759257, 0.7160764383434106, 0.27684329867888835, 0.44960676357075474]",stable,0.3488670724313584,4408,"[0.5259488413268731, 0.6150163312477206, 0.5245580757383161, 0.44810887132725463]"
"[0.5299621890356957, 0.4957287996769908, 0.6116340136272904, 0.5567678446506623]",stable,0.520077887235844,4409,"[0.2277992275096349, 0.6721519675222469, 0.5014813216521339, 0.18809481367121772]"
"[0.4508872586087368, 0.5834960236696246, 0.35566930853731515, 0.30733000224188906]",stable,0.1431630005414676,4410,"[0.34138299209077533, 0.5101785604508509, 0.30206598540621277, 0.32332042671611416]"
"[0.30205101970759257, 0.7160764383434106, 0.27684329867888835, 0.44960676357075474]",stable,0.40562583700693244,4411,"[0.6102664741138814, 0.504662383157552, 0.1740373178358096, 0.5690663001740025]"
"[0.6900970739393425, 0.7209472941664868, 0.6901722090191551, 0.4850123263982265]",stable,0.4268333248124516,4412,"[0.9142212070058966, 0.5580880844472744, 0.38007840255379827, 0.581312737347904]"
"[0.9251568680627862, 0.558410565097016, 0.357617477995082, 0.6772692941385444]",stable,0.40811529603040836,4413,"[0.8056740408049541, 0.7713258078686822, 0.07584062020688659, 0.5112848049386302]"
"[0.9206538473306325, 0.8445200776608079, 0.3994702669734665, 0.6680336799778447]",stable,0.45247987463451406,4414,"[0.8842217312325589, 0.5003642315328953, 0.1464607723705677, 0.8127875644944555]"
"[0.7546734020187325, 0.6687367248501873, 0.20729944449972268, 0.7616421648107667]",stable,0.2438996816814215,4415,"[0.9043314098590642, 0.4843673512441339, 0.156109204433114, 0.7834831540648366]"
"[0.9250014541955942, 0.5578580037996065, 0.35611368490879863, 0.6780619348842631]",stable,0.3605712506101737,4416,"[0.6999479593594751, 0.6710593882129879, 0.47190041467248006, 0.44753768235069646]"
"[0.6566401495709177, 0.7937550179449034, 0.4311175563074998, 0.4746799869864617]",stable,0.30671716720979275,4417,"[0.7055816839548568, 0.6568798818527022, 0.5582483879450023, 0.7129720255447065]"
"[0.9250014541955942, 0.5578580037996065, 0.35611368490879863, 0.6780619348842631]",stable,0.5820995592374818,4418,"[0.3590422519357047, 0.4476777354220003, 0.3000565327938538, 0.7350530078590771]"
"[0.36326883628024176, 0.4794435891029507, 0.6162370255367108, 0.3116813404059998]",anomaly,0.6378809423076173,4419,"[0.9956225216952312, 0.557552847802548, 0.5871631652102054, 0.30304609562379914]"
"[0.36326883628024176, 0.4794435891029507, 0.6162370255367108, 0.3116813404059998]",stable,0.7459195395606711,4420,"[1.0, 0.5960052143549683, 0.3292440341348257, 0.5462400645057268]"
"[0.9255569989793305, 0.5581405757296463, 0.35591465045862103, 0.6770854765851628]",stable,0.3378922240844123,4421,"[0.5996405545187948, 0.5658506124529744, 0.44344779914436083, 0.6921894344041696]"
"[0.6077527119641252, 0.6181661532052342, 0.3965240184109393, 0.6527180728072404]",stable,0.3944565049735098,4422,"[0.9539563004085612, 0.7601260150154177, 0.49168708807370254, 0.7335289475166866]"
"[0.9208729424166714, 0.8439648535644568, 0.40007695658596804, 0.6684645698958634]",stable,0.46032310037060314,4423,"[1.0, 0.5367887092374319, 0.09672179689828514, 0.5297031597695168]"
"[0.9208729424166714, 0.8439648535644568, 0.40007695658596804, 0.6684645698958634]",stable,0.5839222305035657,4424,"[0.5328824860965296, 0.4102204896135132, 0.4337066840322149, 0.6343552566012521]"
"[0.6840193466857498, 0.37196137464601464, 0.5155429512093688, 0.7253468270371066]",stable,0.4473242043749239,4425,"[0.6985164158511832, 0.7952363108639057, 0.37159367183099057, 0.7277368357101436]"
"[0.6083129817412057, 0.6192591788697939, 0.39637012738266797, 0.6531811515905916]",stable,0.4938636972651229,4426,"[0.8449303145086154, 0.5176544775484934, 0.8103748475874304, 0.7318587572226873]"
"[0.292925464390617, 0.5367288725637664, 0.561595425445893, 0.7536520008202169]",stable,0.7379469165399976,4427,"[1.0, 0.6074158866925504, 0.4072360159175144, 0.879301399733514]"
"[0.7546734020187325, 0.6687367248501873, 0.20729944449972268, 0.7616421648107667]",stable,0.3860709933458912,4428,"[0.7830324410577296, 0.3918833388538174, 0.4705559712783161, 0.8095460329080766]"
"[0.6851194921787719, 0.3721827298038791, 0.5150430958768015, 0.7262823737690062]",stable,0.4743945598410342,4429,"[0.8322494142476332, 0.6769902720738131, 0.18302608753826174, 0.7424085260710203]"
"[0.7553851085529425, 0.6688124454669178, 0.2070767531514524, 0.7614657094094847]",stable,0.4057120525922031,4430,"[1.0, 0.9066657726633667, 0.34886092498951093, 0.5938683709500158]"
"[0.9213901127276736, 0.8443746634932078, 0.399742211281416, 0.6679770130400082]",stable,0.33155354966484857,4431,"[0.6156694698633792, 0.7487427563451425, 0.32595066056649946, 0.7112435150977839]"
"[0.6083581135701761, 0.6200535566457163, 0.39593810611385716, 0.6535373624096542]",stable,0.321037949976958,4432,"[0.7160606771198997, 0.9208555082130094, 0.37611517465873784, 0.6292317981895214]"
"[0.6573077959478725, 0.7951831133411743, 0.43049955201931145, 0.47641652419099045]",anomaly,0.3663081762123036,4433,"[0.5410139747731912, 0.8706446915406656, 0.09175994812937616, 0.4616361964305142]"
"[0.6573077959478725, 0.7951831133411743, 0.43049955201931145, 0.47641652419099045]",stable,0.35138315594109876,4434,"[0.5957607560215474, 0.5025215197545894, 0.45124120864120687, 0.2931106064595275]"
"[0.30205101970759257, 0.7160764383434106, 0.27684329867888835, 0.44960676357075474]",stable,0.17858277356282318,4435,"[0.22453804006559333, 0.7183303034682924, 0.3375312816860174, 0.5985880839130542]"
"[0.1469094047542485, 0.4538587252093882, 0.3983877656909901, 0.278996735000311]",stable,0.34518960017047157,4436,"[0.2732948288859785, 0.7570373697334066, 0.31546731148621016, 0.2127434904613106]"
"[0.13146602078677183, 0.700005455083265, 0.28921953849994725, 0.22068327162427206]",stable,0.40101033501789274,4437,"[0.4501773978160457, 0.5616294418040568, 0.2726635196769591, 0.4202085184802825]"
"[0.3013941300496095, 0.7160955388953164, 0.27735760361962675, 0.4508693171329776]",stable,0.09508188074889526,4438,"[0.2247080623904052, 0.6885636534637631, 0.3108226924911141, 0.48667286702851664]"
"[0.1469094047542485, 0.4538587252093882, 0.3983877656909901, 0.278996735000311]",anomaly,0.5466281031088607,4439,"[0.41181636710141184, 0.5864368428669176, 0.041706700811678155, 0.5685278129234523]"
"[0.1469094047542485, 0.4538587252093882, 0.3983877656909901, 0.278996735000311]",stable,0.49000110822739334,4440,"[0.2552733785914639, 0.6850825384636321, 0.41100530980240557, 0.6970095111244912]"
"[0.5299621890356957, 0.4957287996769908, 0.6116340136272904, 0.5567678446506623]",stable,0.6180886560884545,4441,"[0.18330643744151662, 0.4530955854597226, 0.5313033627962241, 0.05318788848236078]"
"[0.10180307015664569, 0.5783080332091454, 0.4711210633328281, 0.45868705181335756]",stable,0.20819594227853255,4442,"[0.0, 0.534439861793276, 0.6293128447104392, 0.381017050338315]"
"[0.4511498295943593, 0.5821614892075082, 0.35535842056847, 0.3081985594004516]",stable,0.46014192670184345,4443,"[0.5056040221736006, 0.5963952134782774, 0.5379322575728207, 0.7268028221048823]"
"[0.607731564232392, 0.6199092984556709, 0.39680392411055815, 0.6539841030175519]",stable,0.5351341514320812,4444,"[0.43001356742188307, 0.8670141389183202, 0.832627035879082, 0.7154844014470952]"
"[0.6900970739393425, 0.7209472941664868, 0.6901722090191551, 0.4850123263982265]",stable,0.1505052874380899,4445,"[0.6163186823875799, 0.7873703541658581, 0.6306690701220363, 0.581220143380876]"
"[0.5299621890356957, 0.4957287996769908, 0.6116340136272904, 0.5567678446506623]",stable,0.2551083241093093,4446,"[0.4427378636717116, 0.3092173606293863, 0.7554129140074837, 0.5118982000731485]"
"[0.3792079812836318, 0.5985723234017558, 0.8754652836899207, 0.4716475281615437]",stable,0.1810376513087441,4447,"[0.3194206793960658, 0.42834275568852975, 0.8759172701564436, 0.4567545865852895]"
"[0.386514079630317, 0.36492528274602, 0.9102377413582907, 0.35145755247568644]",stable,0.43244097482843086,4448,"[0.38179224269214007, 0.657859292721653, 0.6615896692067321, 0.549817586205775]"
"[0.357904649147667, 0.7068873652144516, 0.5833685717595417, 0.5099720321038047]",anomaly,0.5375572380890975,4449,"[0.27700652187165625, 0.40527242056383156, 0.9616039892178387, 0.7299485566894164]"
"[0.357904649147667, 0.7068873652144516, 0.5833685717595417, 0.5099720321038047]",stable,0.6560873152209401,4450,"[0.5576813285027858, 0.2322505165564252, 0.8201657238019876, 0.17953775080080842]"
"[0.386514079630317, 0.36492528274602, 0.9102377413582907, 0.35145755247568644]",stable,0.30198996789620275,4451,"[0.18629171331025662, 0.1585108617466212, 0.9615048853987852, 0.2748174097268678]"
"[0.17799465386220897, 0.09252158590773958, 0.9075407133007438, 0.4281832777250899]",stable,0.3813534485416338,4452,"[0.41332698826538306, 0.28851532912485933, 0.6823915656519224, 0.4588990559457395]"
"[0.34297862755867553, 0.25464073224570444, 0.6965567588101819, 0.41547413706871433]",stable,0.4784643732819613,4453,"[0.02898495685552796, 0.41209013199463296, 1.0, 0.2994223505534552]"
"[0.13678254516893706, 0.3198232583065934, 0.9538713192857454, 0.458743798847488]",stable,0.19927139009857564,4454,"[0.1112603743057351, 0.18168184989185462, 0.8991386854231499, 0.3284403231536155]"
"[0.13678254516893706, 0.3198232583065934, 0.9538713192857454, 0.458743798847488]",stable,0.5535417029156087,4455,"[0.6633827825667521, 0.3598897655864534, 1.0, 0.6180153488783462]"
"[0.5268572501642875, 0.3878133002918421, 0.819810036565187, 0.5934844388506576]",stable,0.3511406715107201,4456,"[0.5453964437452742, 0.24490874786393607, 0.5970535779389605, 0.36345418317534817]"
"[0.386514079630317, 0.36492528274602, 0.9102377413582907, 0.35145755247568644]",stable,0.6095901287793735,4457,"[0.4414211458581434, 0.5156161241889762, 0.6572644524560047, 0.8823832766506228]"
"[0.5299621890356957, 0.4957287996769908, 0.6116340136272904, 0.5567678446506623]",stable,0.2546920503617794,4458,"[0.4519329071310792, 0.5056845648597981, 0.4906068350837593, 0.7666077276003869]"
"[0.5299621890356957, 0.4957287996769908, 0.6116340136272904, 0.5567678446506623]",anomaly,0.6712987565780316,4459,"[1.0, 0.7983069939703047, 0.8873353978206935, 0.8060501343126747]"
"[0.5299621890356957, 0.4957287996769908, 0.6116340136272904, 0.5567678446506623]",stable,0.37166375996497125,4460,"[0.6929078816540838, 0.4724512586372125, 0.3542658305541987, 0.7684336807064853]"
"[0.7553851085529425, 0.6688124454669178, 0.2070767531514524, 0.7614657094094847]",stable,0.34335910288311056,4461,"[0.5723792404326495, 0.6181671869918749, 0.4258675366224821, 0.5771562505410871]"
"[0.6075173077245148, 0.6198987402043752, 0.396980067216691, 0.6535184796692097]",stable,0.22217227100997222,4462,"[0.7932242836430555, 0.530498499743789, 0.4317765876348473, 0.5782175084052393]"
"[0.752731304544502, 0.4996994927632948, 0.45509074934612487, 0.46833299747637935]",stable,0.6283465551902143,4463,"[0.1880059051488694, 0.6935901854362481, 0.2609442306435, 0.4434704701047312]"
"[0.1469094047542485, 0.4538587252093882, 0.3983877656909901, 0.278996735000311]",anomaly,0.6405885041806738,4464,"[0.18008595769966396, 0.7947389336133958, 0.6250922058834494, 0.7705847010232367]"
"[0.1469094047542485, 0.4538587252093882, 0.3983877656909901, 0.278996735000311]",stable,0.2167191961046313,4465,"[0.3386115654177469, 0.5430731556129635, 0.4045316299033734, 0.32611923384629]"
"[0.29981017761161, 0.7156785619045611, 0.2774997012520881, 0.451106022990205]",stable,0.1966944173645592,4466,"[0.22849200523656513, 0.7996821095226071, 0.35658494301391225, 0.30865834615929527]"
"[0.1319848763185889, 0.7005384853209086, 0.2895797813048348, 0.22115372656830964]",stable,0.47237664120522826,4467,"[0.2570594499817064, 0.6831288233438928, 0.4200790307327559, 0.6572304305412663]"
"[0.5299621890356957, 0.4957287996769908, 0.6116340136272904, 0.5567678446506623]",stable,0.47124743772902755,4468,"[0.3442786151429705, 0.8745598953525668, 0.7877567035943893, 0.44247192617325454]"
"[0.36326883628024176, 0.4794435891029507, 0.6162370255367108, 0.3116813404059998]",stable,0.2752782725659696,4469,"[0.5132100878562452, 0.5648521503166283, 0.4968675614759037, 0.48987240960973705]"
"[0.5298482291637266, 0.49619902655209036, 0.6108532894629953, 0.5563127736639893]",stable,0.25855668518464353,4470,"[0.605624055153032, 0.7222652490278567, 0.5802766487459589, 0.4610829687324032]"
"[0.5298482291637266, 0.49619902655209036, 0.6108532894629953, 0.5563127736639893]",anomaly,0.3879968250088143,4471,"[0.4094885809548222, 0.31104574965630594, 0.5325961945002573, 0.8655847938059595]"
"[0.5298482291637266, 0.49619902655209036, 0.6108532894629953, 0.5563127736639893]",stable,0.3404830102120604,4472,"[0.6927111634990853, 0.2965464359917492, 0.8006886531614079, 0.4400986495878735]"
"[0.5268572501642875, 0.3878133002918421, 0.819810036565187, 0.5934844388506576]",stable,0.27834850934012617,4473,"[0.39671014144741523, 0.3059803343447989, 0.6044036185392182, 0.5072112477537671]"
"[0.3434119462190686, 0.2550547612948907, 0.6958135883241258, 0.41621395247746473]",stable,0.6284368973760834,4474,"[0.6213065582477003, 0.7797102771553399, 0.837459991072717, 0.5658147708399458]"
"[0.6467780843915379, 0.6560281960971566, 0.8959681537936064, 0.6417719463450905]",stable,0.3648518272082423,4475,"[0.3894912423960043, 0.5357760429958512, 1.0, 0.8458237324253595]"
"[0.5093687908962833, 0.5457946676820482, 0.8934691256061447, 0.818364627002874]",stable,0.18934164720532326,4476,"[0.5705282793428864, 0.5201686683226806, 1.0, 0.6765751446810557]"
"[0.510791104581088, 0.5451987142085746, 0.8959465878013506, 0.8150671971814364]",stable,0.33790368348969047,4477,"[0.48504173323137983, 0.39415012017462225, 0.7370889160043168, 0.5592070175078735]"
"[0.3792079812836318, 0.5985723234017558, 0.8754652836899207, 0.4716475281615437]",stable,0.1079726474580947,4478,"[0.38997651628093966, 0.5112167681818749, 0.8754295408956021, 0.534186611523876]"
"[0.5298482291637266, 0.49619902655209036, 0.6108532894629953, 0.5563127736639893]",stable,0.4828240570798916,4479,"[0.4078894475857018, 0.15525828202349545, 0.9281311012181894, 0.5929095573917035]"
"[0.3793189971083463, 0.5976717506675302, 0.875464915207505, 0.4722922609797121]",stable,0.43231819191397064,4480,"[0.7372716063027545, 0.6056484434704622, 0.69659561361267, 0.6357275507722892]"
"[0.5298482291637266, 0.49619902655209036, 0.6108532894629953, 0.5563127736639893]",stable,0.45045084302702604,4481,"[0.46088855725181554, 0.786297525087391, 0.8729023271039463, 0.7692063824280282]"
"[0.6888628864062907, 0.7204188737683169, 0.6883613724127463, 0.4874900339947919]",stable,0.5079626361030323,4482,"[0.8604901746876787, 0.6621903257982162, 0.5886826938225047, 0.9514336844844994]"
"[0.7553851085529425, 0.6688124454669178, 0.2070767531514524, 0.7614657094094847]",stable,0.5401529970691143,4483,"[0.7859410409462799, 0.6872857236646479, 0.6903900319297509, 1.0]"
"[0.9255569989793305, 0.5581405757296463, 0.35591465045862103, 0.6770854765851628]",stable,0.459434824523298,4484,"[0.6762218541013496, 0.8657108293608826, 0.5835342169675936, 0.6270633261224504]"
"[0.6575179521495778, 0.7959667546302822, 0.43219993718540345, 0.4780903775457845]",stable,0.29950424802228454,4485,"[0.7591224768696182, 0.6483433731794547, 0.3292620886826486, 0.6948631888816533]"
"[0.7554190846285487, 0.6686263629915773, 0.20818752892900874, 0.7608602319501407]",stable,0.39296099639400167,4486,"[0.7462072272654316, 0.7661333166639233, 0.5514211958552272, 0.9252272914383753]"
"[0.9255569989793305, 0.5581405757296463, 0.35591465045862103, 0.6770854765851628]",stable,0.1941711442010666,4487,"[1.0, 0.701412454010914, 0.29831817793846765, 0.7682802576111668]"
"[0.9261043739868355, 0.559194045422891, 0.35549114698420814, 0.6777560264456481]",stable,0.23169249220066213,4488,"[1.0, 0.5777339836724847, 0.5710233291595586, 0.7154786527421988]"
"[0.9213901127276736, 0.8443746634932078, 0.399742211281416, 0.6679770130400082]",stable,0.4162103495778961,4489,"[0.7148252945408827, 0.6002058569069675, 0.36668543388152824, 0.40368385319398054]"
"[0.7523632850299038, 0.5006752827064372, 0.454232445312488, 0.4677053358814046]",stable,0.4871159553158187,4490,"[0.8065615172907209, 0.8574836650924109, 0.2073736101898837, 0.6823981380990404]"
"[0.9199115527081504, 0.6817214309518451, 0.18956430176824224, 0.5625380630677969]",stable,0.4923005704472411,4491,"[0.6813313960436949, 0.8723471260784905, 0.5664185235974739, 0.4783828472127449]"
"[0.6577796383462164, 0.7968060993714713, 0.43367486670641525, 0.47809359149816866]",stable,0.3880163865718893,4492,"[0.9844005036252363, 0.641969464901483, 0.293776920221245, 0.4599357334766445]"
"[0.9213901127276736, 0.8443746634932078, 0.399742211281416, 0.6679770130400082]",stable,0.2300966776834698,4493,"[0.8532896400450433, 1.0, 0.3218557303811321, 0.5337337359960895]"
"[0.920947901866098, 0.8453852176263688, 0.39923645491193366, 0.667105303448814]",stable,0.10760311869618276,4494,"[1.0, 0.8418153768956118, 0.3345595977840756, 0.633439930689963]"
"[0.9214579154024457, 0.8453621863958479, 0.3988191848659475, 0.6668881074955311]",stable,0.17594171286835725,4495,"[0.8686523426975198, 0.7413197203091755, 0.5299962960249828, 0.6552782592221919]"
"[0.9214579154024457, 0.8453621863958479, 0.3988191848659475, 0.6668881074955311]",stable,0.3926729308802388,4496,"[0.7497789611975905, 0.8487297005535577, 0.12425337076562426, 0.8889706167235845]"
"[0.920550057172676, 0.6813278471295643, 0.1905961098717373, 0.5615221984183796]",stable,0.39664155405561247,4497,"[0.9132098857581177, 0.5710852880726334, 0.47105200609926223, 0.8193238910642021]"
"[0.9243411332152407, 0.6310521392693662, 0.6162276270084136, 0.6254062689918455]",stable,0.49472261612888624,4498,"[0.5897236805632475, 0.8265444371980717, 0.7256776143278296, 0.9127824841113894]"
"[0.9261043739868355, 0.559194045422891, 0.35549114698420814, 0.6777560264456481]",stable,0.2675134184181445,4499,"[0.8590056095427605, 0.6534026676565674, 0.5954439241398127, 0.7024255435869501]"
"[0.9214579154024457, 0.8453621863958479, 0.3988191848659475, 0.6668881074955311]",stable,0.21569322992922904,4500,"[0.8265870324858535, 0.7029791048112867, 0.2958578086647101, 0.5853461054281243]"
"[0.9214579154024457, 0.8453621863958479, 0.3988191848659475, 0.6668881074955311]",stable,0.19523742362906854,4501,"[1.0, 0.7728612853869282, 0.23744228467173345, 0.6413948148680868]"
"[0.9214579154024457, 0.8453621863958479, 0.3988191848659475, 0.6668881074955311]",stable,0.37195334920472795,4502,"[1.0, 0.7034142352544326, 0.4314945757669056, 1.0]"
"[0.7554190846285487, 0.6686263629915773, 0.20818752892900874, 0.7608602319501407]",stable,0.35507947197497153,4503,"[0.5991580776829495, 0.8535669321668522, 0.3916127505822285, 0.576968679504237]"
"[0.6571424474694418, 0.7974230649453342, 0.43321766979202186, 0.47916832071562593]",stable,0.24271184267016233,4504,"[0.5251506449131107, 0.9809231810885651, 0.35233944136314355, 0.5148561641907237]"
"[0.6557231807752878, 0.799396184473756, 0.4323480114218189, 0.47955206096804637]",stable,0.1984173134788728,4505,"[0.6248920086086871, 0.6399032318570554, 0.5018071375196693, 0.3892398415382455]"
"[0.6553951895820261, 0.7976994509352806, 0.4330869382952003, 0.47859129267624]",stable,0.09907547334798711,4506,"[0.5654207931549945, 0.8050909390935373, 0.46771272600847, 0.45698161579848484]"
"[0.654448090672268, 0.7977772560737886, 0.43345142027112943, 0.47836382239331626]",stable,0.6792982899245313,4507,"[0.10641555006571204, 0.7145881463691132, 0.04084290200571683, 0.4716836620137389]"
"[0.1011707529507038, 0.5780355600947611, 0.47210362098113623, 0.45820462944394735]",stable,0.536684193849374,4508,"[0.5008264722920951, 0.5570252864959913, 0.11606538331383237, 0.491379494138967]"
"[0.6888628864062907, 0.7204188737683169, 0.6883613724127463, 0.4874900339947919]",stable,0.8020842245330118,4509,"[0.1540592127783577, 0.5132306138080726, 0.2934640077324653, 0.08942819178681843]"
"[0.3377158286024676, 0.4206086633638716, 0.36651623080692675, 0.5125198100670187]",stable,0.3779416720714932,4510,"[0.2650433148421869, 0.7428584575845685, 0.18631602425582408, 0.4772839062810171]"
"[0.14696197687207282, 0.45429528321379026, 0.39761626747070683, 0.277602848653153]",stable,0.19049727834094857,4511,"[0.14444800224271157, 0.6148921089393251, 0.3267861951679565, 0.35159374952171324]"
"[0.13205116954158955, 0.7000829194890916, 0.2897776877615535, 0.22184755647763627]",stable,0.3570614681323562,4512,"[0.46720040622936077, 0.6871842383337539, 0.22809698606943332, 0.3276634165159998]"
"[0.2995228481672346, 0.7159031891415861, 0.27674611714468095, 0.4513223691331043]",stable,0.18237041842897705,4513,"[0.2750183411065193, 0.6666269120548877, 0.30079634240042363, 0.2791250002992732]"
"[0.13280760960277965, 0.6999059035767413, 0.2898359875215475, 0.2221506117359518]",stable,0.568491556944389,4514,"[0.5683096209587077, 0.5906530414463094, 0.27529433406860676, 0.5705368928280179]"
"[0.6072811168403834, 0.6197225612961941, 0.39624702063146156, 0.6530185905918532]",stable,0.4731479775726646,4515,"[0.19896938794951857, 0.6003783269022486, 0.23345853024545019, 0.47901787586685235]"
"[0.1011707529507038, 0.5780355600947611, 0.47210362098113623, 0.45820462944394735]",stable,0.24430379646461817,4516,"[0.2568441784651316, 0.6688802639792959, 0.30735028338690384, 0.4508761177722933]"
"[0.14696197687207282, 0.45429528321379026, 0.39761626747070683, 0.277602848653153]",stable,0.3490280309343317,4517,"[0.13226240563796351, 0.7564025622580969, 0.23571269718495896, 0.21339292059990309]"
"[0.132804740108228, 0.7002032544119063, 0.28955112809872335, 0.22210451862470942]",stable,0.7886893051491286,4518,"[0.6255824190036903, 0.6369246277517625, 0.6997699823137349, 0.6769861365139633]"
"[0.9261043739868355, 0.559194045422891, 0.35549114698420814, 0.6777560264456481]",stable,0.4053665156571616,4519,"[0.6757425950150905, 0.8295668825732547, 0.3619461565783511, 0.5089429540000187]"
"[0.654669908425839, 0.7981083980164914, 0.43270657377432964, 0.4786823550142194]",stable,0.19016994899693707,4520,"[0.5154764228255906, 0.6950603624714727, 0.35487852699683103, 0.46802024579215956]"
"[0.6532349240382076, 0.7970460471345839, 0.43190422277662344, 0.4785724363624456]",stable,0.15774473629287372,4521,"[0.6066667258546644, 0.883963860092499, 0.47244115570927275, 0.5948344490969295]"
"[0.6527597383424572, 0.7979329635933381, 0.43231786494940555, 0.47975878343116485]",stable,0.5100099993496797,4522,"[0.4007121617966497, 0.5547984728423325, 0.7451592381481689, 0.6787515300738678]"
"[0.5298482291637266, 0.49619902655209036, 0.6108532894629953, 0.5563127736639893]",stable,0.3257533256335927,4523,"[0.6080460596690486, 0.6531913255878243, 0.4647173673170174, 0.32393799283004043]"
"[0.29917302300574194, 0.7155177553287804, 0.2769969709663385, 0.4513187113350649]",stable,0.4062235323156063,4524,"[0.4561104489857116, 0.7048908443710591, 0.6055594598357459, 0.6311018089977407]"
"[0.3586320995168377, 0.7068725761711673, 0.5835329487082542, 0.5108692897104266]",stable,0.40419961911957536,4525,"[0.6996773378748099, 0.7367018373566919, 0.7983769836016772, 0.5150803866700259]"
"[0.5298482291637266, 0.49619902655209036, 0.6108532894629953, 0.5563127736639893]",stable,0.6166284585488535,4526,"[0.22700135110752767, 0.7999908336727032, 0.19513674993643781, 0.4033267578507608]"
"[0.14696197687207282, 0.45429528321379026, 0.39761626747070683, 0.277602848653153]",anomaly,0.6473133924893792,4527,"[0.4585086818184714, 1.0, 0.5368965802911527, 0.3466002056392885]"
"[0.14696197687207282, 0.45429528321379026, 0.39761626747070683, 0.277602848653153]",stable,0.4804150366119726,4528,"[0.21876057019343106, 0.8748678645821386, 0.25048816359066955, 0.44227098233355316]"
"[0.1011707529507038, 0.5780355600947611, 0.47210362098113623, 0.45820462944394735]",stable,0.4996501172823415,4529,"[0.5204579248078257, 0.6951654896574608, 0.272210835680452, 0.6002326590778385]"
"[0.606761217486895, 0.6201743153582375, 0.39550428898504836, 0.6527025071696135]",stable,0.32950768401626507,4530,"[0.4801754829881781, 0.46706271659755455, 0.5821671176724746, 0.467593911046853]"
"[0.5295126025003783, 0.4960021595929381, 0.6106594639779243, 0.5557133218895491]",stable,0.339008087575598,4531,"[0.420887382773739, 0.766285269217334, 0.6591286025198495, 0.7222210644776166]"
"[0.6889817265323184, 0.7205978074341233, 0.6895703351730643, 0.48779322468353076]",stable,0.33858610647202114,4532,"[0.4147419803711323, 0.5269905602904803, 0.7297590728398142, 0.5060746999944733]"
"[0.5295126025003783, 0.4960021595929381, 0.6106594639779243, 0.5557133218895491]",stable,0.26904264396473476,4533,"[0.6155475964416193, 0.464973827315521, 0.8618484751293947, 0.5253283360923772]"
"[0.5264904473841743, 0.3878688864311647, 0.8190844127006179, 0.5931837597160717]",stable,0.44356304093275284,4534,"[0.345301423769433, 0.7022029297890111, 0.7379534412389426, 0.3512528115944227]"
"[0.5295126025003783, 0.4960021595929381, 0.6106594639779243, 0.5557133218895491]",stable,0.3291070636860253,4535,"[0.3586472212083867, 0.4230458754296995, 0.8736596759229875, 0.4877078076872109]"
"[0.3863013555202259, 0.36536895139246034, 0.9099585194847388, 0.3524976307597439]",stable,0.22216639767417495,4536,"[0.33267327289381526, 0.37608279679810747, 0.6954716968796659, 0.3715384672628602]"
"[0.3433260368324666, 0.2560229855789164, 0.6958108531925701, 0.4158565485957479]",stable,0.31379211074618674,4537,"[0.3149053222496775, 0.18569434571213383, 1.0, 0.40241790550178186]"
"[0.13678254516893706, 0.3198232583065934, 0.9538713192857454, 0.458743798847488]",stable,0.21550736892287378,4538,"[0.299579273287234, 0.2807411762409174, 1.0, 0.3311295870565944]"
"[0.38564437004876384, 0.3647278318837365, 0.9106406519128847, 0.3523357516407806]",stable,0.2810578596683692,4539,"[0.26117163398055, 0.18475510293881592, 1.0, 0.5044040987831804]"
"[0.13678254516893706, 0.3198232583065934, 0.9538713192857454, 0.458743798847488]",stable,0.24830382191606462,4540,"[0.037469164567472846, 0.28332709966651054, 0.7703913832438923, 0.32914910803714326]"
"[0.38564437004876384, 0.3647278318837365, 0.9106406519128847, 0.3523357516407806]",stable,0.2674989426800604,4541,"[0.2578241181119511, 0.33085929600140457, 0.9026688783656811, 0.584729900950653]"
"[0.13841824210059944, 0.3199723939511179, 0.9531793944084473, 0.46044631374077405]",stable,0.2799669489634649,4542,"[0.25197606872478523, 0.11982257737161062, 0.7937373048466697, 0.45835262711990765]"
"[0.13841824210059944, 0.3199723939511179, 0.9531793944084473, 0.46044631374077405]",stable,0.4977079425996113,4543,"[0.3008360091500066, 0.39561085096394294, 0.5234109339900229, 0.6362631483264265]"
"[0.5295126025003783, 0.4960021595929381, 0.6106594639779243, 0.5557133218895491]",stable,0.4255206594004221,4544,"[0.1411028332612572, 0.6216677675614899, 0.7307133015430813, 0.5547573951372408]"
"[0.3586320995168377, 0.7068725761711673, 0.5835329487082542, 0.5108692897104266]",stable,0.4334705225057829,4545,"[0.3720648993699034, 0.5691026496239163, 0.9601076329151648, 0.6749644094525279]"
"[0.5076382362808338, 0.5457419854680141, 0.8974047933721192, 0.8118830429148702]",stable,0.4263348436769739,4546,"[0.8368257320337138, 0.29173079541950186, 0.8309538730548528, 0.7451029403981453]"
"[0.3003655126069011, 0.5392724499952554, 0.5589986860318027, 0.7493186735733183]",stable,0.4078301018290037,4547,"[0.359300320196187, 0.42996646661461196, 0.7792357111737723, 0.4293187748763416]"
"[0.3854462944859625, 0.36521834793434454, 0.9096526448396582, 0.3529145713643563]",stable,0.6386669715202024,4548,"[0.8194328951882797, 0.7156606802435602, 0.5992899463979426, 0.373317954987876]"
"[0.5295126025003783, 0.4960021595929381, 0.6106594639779243, 0.5557133218895491]",stable,0.45806795898631164,4549,"[0.743419970524078, 0.6837327336373983, 0.2543750734794977, 0.5991708599141655]"
"[0.7553109845014814, 0.6687624564208189, 0.20860363293396808, 0.7594035709408077]",stable,0.3387180228157076,4550,"[0.7542748654911123, 0.6628778778024885, 0.4822642744211283, 0.5598940461734442]"
"[0.7523816656112616, 0.5022349230438993, 0.4545019821308403, 0.46859176578805883]",stable,0.47777325299840084,4551,"[0.8521967817707151, 0.7009065568628133, 0.33888058875087096, 0.8753662723335729]"
"[0.7553109845014814, 0.6687624564208189, 0.20860363293396808, 0.7594035709408077]",stable,0.3969134145119409,4552,"[0.8158494855330741, 0.8181880309782279, 0.4157549884863598, 0.4616861511055376]"
"[0.6544071095262007, 0.7981375602335895, 0.43215056316695055, 0.47957623158949186]",stable,0.5131061324870849,4553,"[1.0, 0.7829693026610497, 0.5222311688616512, 0.8476779372221981]"
"[0.7553109845014814, 0.6687624564208189, 0.20860363293396808, 0.7594035709408077]",stable,0.39476493469516505,4554,"[1.0, 0.7073746452027673, 0.48245675820686096, 0.8989750723835451]"
"[0.9173790828325066, 0.7134734982538347, 0.45426666368031443, 0.8765623039934572]",stable,0.4223331473814779,4555,"[0.5783784556145375, 0.5716520136886272, 0.36902017388990765, 0.6866582107855872]"
"[0.6065922724757501, 0.6198854921340137, 0.39534664544281534, 0.6529046244530419]",stable,0.19901845742469396,4556,"[0.7675969199488683, 0.617083719158248, 0.29769941172334646, 0.7172709021370074]"
"[0.7554206803536901, 0.6683010391238317, 0.20939913095887325, 0.7590273863979166]",stable,0.5070839424121732,4557,"[0.6172598401745035, 0.7288352554185654, 0.5774187403981614, 0.4444755105189296]"
"[0.5295126025003783, 0.4960021595929381, 0.6106594639779243, 0.5557133218895491]",stable,0.48750720792399665,4558,"[0.9614991622558843, 0.6936030582878789, 0.5920204867127671, 0.6636825921932531]"
"[0.9214579154024457, 0.8453621863958479, 0.3988191848659475, 0.6668881074955311]",stable,0.43877371194804216,4559,"[1.0, 0.633904141235462, 0.7395877737833734, 0.8266246881147139]"
"[0.9214579154024457, 0.8453621863958479, 0.3988191848659475, 0.6668881074955311]",stable,0.37585922804381494,4560,"[0.823371482499116, 0.6075602637546932, 0.337985264580166, 0.3996827731235794]"
"[0.7530577591054316, 0.5032380215268591, 0.4533922991065482, 0.46793548966744475]",stable,0.5725732170304798,4561,"[0.9863971037519204, 0.6823157558675013, 0.04051789470109862, 0.7341285217904658]"
"[0.9214579154024457, 0.8453621863958479, 0.3988191848659475, 0.6668881074955311]",stable,0.39481873137548845,4562,"[1.0, 0.45907454865259834, 0.4074709542617321, 0.6463947084342997]"
"[0.9266437581183185, 0.5584632461763925, 0.35587056163586894, 0.6775271117156383]",stable,0.4249025708515977,4563,"[0.828009135606408, 0.43682528600089443, 0.3427423919410631, 0.2827546914998407]"
"[0.753764847562988, 0.5026114862860481, 0.4523484320578173, 0.46618850100548626]",anomaly,0.6420651091950702,4564,"[0.6145857998318458, 0.9831453378965573, 0.7090184034763615, 0.7761635650779093]"
"[0.753764847562988, 0.5026114862860481, 0.4523484320578173, 0.46618850100548626]",stable,0.307769466630997,4565,"[0.6780960249301389, 0.6228479928905751, 0.7089095820799631, 0.37282987713741333]"
"[0.5295126025003783, 0.4960021595929381, 0.6106594639779243, 0.5557133218895491]",stable,0.41837061128836817,4566,"[0.5714091078737218, 0.7870855961030965, 0.6681613157522847, 0.8476767121617892]"
"[0.9266437581183185, 0.5584632461763925, 0.35587056163586894, 0.6775271117156383]",stable,0.4728111805808039,4567,"[0.5481245035808557, 0.6466988792031684, 0.5425521490124251, 0.48352184264917597]"
"[0.5296375145881668, 0.49701354697287253, 0.6102023679043304, 0.5552288153174662]",stable,0.40445684725849146,4568,"[0.6702840863207208, 0.6134590976389097, 0.9386036209756891, 0.4055727634338119]"
"[0.5264904473841743, 0.3878688864311647, 0.8190844127006179, 0.5931837597160717]",stable,0.3655630991599367,4569,"[0.4608496319744874, 0.6846895384288175, 1.0, 0.5010169889167373]"
"[0.3854462944859625, 0.36521834793434454, 0.9096526448396582, 0.3529145713643563]",stable,0.4997610785585205,4570,"[0.5953423828524431, 0.40518286666182546, 0.4591384839615716, 0.3867464471861394]"
"[0.7522842637806464, 0.5017009384390927, 0.45241189048682434, 0.46544605190437083]",stable,0.40018366743126244,4571,"[0.44345259356625766, 0.7134550920175569, 0.513076796828146, 0.5929212052958972]"
"[0.35925577962014227, 0.706920977022979, 0.5830148887679593, 0.5114726126191432]",stable,0.5026584915931074,4572,"[0.8361398337309888, 0.6127238158287157, 0.5787262500358592, 0.6393618635600596]"
"[0.9214579154024457, 0.8453621863958479, 0.3988191848659475, 0.6668881074955311]",stable,0.7971668766563268,4573,"[0.29937491740594524, 0.36037240346416266, 0.4714160895570937, 0.577432125455028]"
"[0.36326883628024176, 0.4794435891029507, 0.6162370255367108, 0.3116813404059998]",stable,0.5629064081336012,4574,"[0.8307456061184, 0.6372169144418348, 0.6797800547068251, 0.5751181549079798]"
"[0.9214579154024457, 0.8453621863958479, 0.3988191848659475, 0.6668881074955311]",stable,0.45581775741897945,4575,"[0.6469109152793941, 0.5985019033503916, 0.609865503682377, 0.502835601660808]"
"[0.5296375145881668, 0.49701354697287253, 0.6102023679043304, 0.5552288153174662]",stable,0.13577326187445843,4576,"[0.542591545271783, 0.5740379742941654, 0.499405754486141, 0.5628393198976749]"
"[0.5297238747927241, 0.4975270431550145, 0.6094637238148758, 0.5552795520146676]",stable,0.4781424944158903,4577,"[0.7091298173981845, 0.5152155784423795, 0.2586091861231249, 0.285053791169053]"
"[0.6890424925264557, 0.7183183821937716, 0.686804044982182, 0.485080446215856]",stable,0.29938550860388163,4578,"[0.743359384767521, 0.5692985568597128, 0.6663395206356788, 0.7381726287896276]"
"[0.9266437581183185, 0.5584632461763925, 0.35587056163586894, 0.6775271117156383]",stable,0.4734224162165558,4579,"[0.7328296037248019, 0.7748040883023635, 0.6901400686370953, 0.844934980259595]"
"[0.9266437581183185, 0.5584632461763925, 0.35587056163586894, 0.6775271117156383]",stable,0.19252106830866286,4580,"[0.7944506941303964, 0.4674906876860365, 0.4616017060360459, 0.6659394337022633]"
"[0.7554206803536901, 0.6683010391238317, 0.20939913095887325, 0.7590273863979166]",stable,0.39011712346610544,4581,"[1.0, 0.8163733305843839, 0.1899008877044399, 0.49432615588617723]"
"[0.9214579154024457, 0.8453621863958479, 0.3988191848659475, 0.6668881074955311]",stable,0.3594556256106482,4582,"[0.9822442297272792, 0.7258037752422444, 0.06625778798134307, 0.6918295268322794]"
"[0.9214579154024457, 0.8453621863958479, 0.3988191848659475, 0.6668881074955311]",stable,0.3434958183540952,4583,"[1.0, 0.5992013249483314, 0.5448899048547462, 0.8397715746842439]"
"[0.9231200836295301, 0.6317393201884901, 0.6171769029569278, 0.6279533735136977]",stable,0.34208540926991676,4584,"[0.8578988009058452, 0.7772044104377077, 0.3277780710412709, 0.7165921636672413]"
"[0.9210504851813136, 0.8449252775756034, 0.3983637931106611, 0.6672067232402216]",stable,0.2876746171324741,4585,"[0.7369153096270659, 0.7574765074047772, 0.21078034500299267, 0.5896432972098457]"
"[0.7552569160109767, 0.6690902025599462, 0.20941135409200703, 0.7575284121573141]",stable,0.68991470298273,4586,"[0.6914093027480074, 0.7433562954717492, 0.7300650373141118, 0.3155894239889894]"
"[0.5297238747927241, 0.4975270431550145, 0.6094637238148758, 0.5552795520146676]",stable,0.2954336764659511,4587,"[0.7410293671399182, 0.5877028380317608, 0.48922398782351995, 0.6968485387355388]"
"[0.6073877582429937, 0.6196950622280831, 0.3959021326758373, 0.6531646476144768]",stable,0.4239619043753684,4588,"[0.812780437602042, 0.30555620379880927, 0.47004849030743706, 0.47047190308963327]"
"[0.7528444135382519, 0.4998847834887197, 0.45257519233701515, 0.46549258756349365]",stable,0.30619262192707963,4589,"[1.0, 0.5278444190555834, 0.3242133380657729, 0.589627719376955]"
"[0.9271753250884756, 0.5582413706175461, 0.35564116146507113, 0.676890159597242]",stable,0.44789466920916265,4590,"[0.6753224994255748, 0.6852062298243086, 0.45348228856143635, 0.3429937276206219]"
"[0.6546162634251945, 0.7970082469294967, 0.43236388042089546, 0.4782104065498032]",stable,0.5187475127593183,4591,"[0.9293102985359417, 0.8232136033878176, 0.4191897994506491, 0.9172797540930318]"
"[0.9174330702338797, 0.7139700598155269, 0.45410794483764627, 0.8767465458491115]",stable,0.39031585506121125,4592,"[0.8272150135843984, 0.8069338423534498, 0.40973709871197816, 0.5112384992661538]"
"[0.6563251619416223, 0.797106520151516, 0.432139852879223, 0.4785374173687769]",stable,0.32681540384399127,4593,"[0.904312158954111, 0.7467487311864831, 0.4834042484559982, 0.6789041120541466]"
"[0.9209438716384651, 0.8442999492546536, 0.3989054520619053, 0.6672812289014567]",stable,0.32156570605554646,4594,"[0.7067955679722885, 0.6994816483101115, 0.5705869271581605, 0.5830307798331517]"
"[0.5297238747927241, 0.4975270431550145, 0.6094637238148758, 0.5552795520146676]",stable,0.746865913484067,4595,"[1.0, 0.9383416869304135, 0.31341504734870673, 0.789131406358861]"
"[0.9214442268812597, 0.8448951501260191, 0.39836437355106225, 0.6680524325562504]",stable,0.21770518648897585,4596,"[0.9820016673186178, 0.809028017574249, 0.3908578746609934, 0.8739299347482158]"
"[0.9177239197702974, 0.7143982488144399, 0.4538230346116253, 0.8767338584117201]",anomaly,0.37345786536989517,4597,"[0.7531226645946032, 1.0, 0.5787802355201936, 1.0]"
"[0.9177239197702974, 0.7143982488144399, 0.4538230346116253, 0.8767338584117201]",anomaly,0.31610050262213535,4598,"[0.9890706802292414, 0.988920010951023, 0.5857632817175455, 0.8313605089978331]"
"[0.9177239197702974, 0.7143982488144399, 0.4538230346116253, 0.8767338584117201]",stable,0.3199995333021869,4599,"[0.6221689510095432, 0.8238129493122177, 0.3983675730969013, 0.8770110904760952]"
"[0.9271753250884756, 0.5582413706175461, 0.35564116146507113, 0.676890159597242]",stable,0.522196405193169,4600,"[0.8776968576773464, 0.9617525182195957, 0.28883955703064623, 0.9977597067112953]"
"[0.9223658881170315, 0.684098545396022, 0.18943569585630937, 0.5647242185383156]",stable,0.12498106959878331,4601,"[0.818095915869677, 0.7123108888090647, 0.24807993845236906, 0.5420756615186973]"
"[0.9214442268812597, 0.8448951501260191, 0.39836437355106225, 0.6680524325562504]",stable,0.520064885833677,4602,"[0.5911570365673944, 0.5419833020105679, 0.26033570073612133, 0.8929309667563732]"
"[0.7538174433842786, 0.6679752297481095, 0.20985805888713085, 0.7587161538643233]",stable,0.2838406499549276,4603,"[0.6893741374901363, 0.5991080978522402, 0.3716414468309704, 0.5454181735126102]"
"[0.6078700310620946, 0.619573962437637, 0.39575942275910275, 0.6525308448256423]",stable,0.1815324943108208,4604,"[0.7645453272200967, 0.6630669923293921, 0.31517394623554545, 0.6479226576748638]"
"[0.7539107293306769, 0.6679325494227293, 0.21077384921189968, 0.7577527321583281]",stable,0.26512209134178344,4605,"[0.7819454171115501, 0.8384186165914205, 0.1971094873407318, 0.9583806607088572]"
"[0.9213914023950937, 0.6843622121568916, 0.1899837728899174, 0.5645125497811229]",stable,0.8447581183776312,4606,"[0.5922484634255526, 0.34507039961907643, 0.8809912288718362, 0.6770779352848796]"
"[0.38014835755624654, 0.5988804284325875, 0.8738780928920674, 0.471706938155377]",stable,0.48637813793947504,4607,"[0.5974488040610526, 0.5316002674682037, 0.44932572948059646, 0.404083867560913]"
"[0.7514187657448832, 0.5001757512316507, 0.45254538075117645, 0.4649292048111764]",stable,0.33607023293268035,4608,"[0.5142419674976679, 0.4647394688728148, 0.664513333872948, 0.5674193242304506]"
"[0.5296213456053397, 0.4973099069014901, 0.6098282907689028, 0.5553599478571563]",stable,0.17576083653170252,4609,"[0.44040764567120994, 0.4780429788714091, 0.6654536731312803, 0.415834359796364]"
"[0.5296213456053397, 0.4973099069014901, 0.6098282907689028, 0.5553599478571563]",stable,0.3277509011674296,4610,"[0.32578856097482134, 0.6467240577028242, 0.4127080822078071, 0.48686261912838547]"
"[0.14696197687207282, 0.45429528321379026, 0.39761626747070683, 0.277602848653153]",stable,0.4661618724406701,4611,"[0.4637157331903673, 0.5312808228893838, 0.37045838076874327, 0.6097317770023454]"
"[0.6070270234722015, 0.619057628288232, 0.39561146344921755, 0.6522805578793073]",stable,0.2830147484976891,4612,"[0.41338942054567673, 0.49935409029536293, 0.4305938976705451, 0.4878143945264158]"
"[0.3638045224565679, 0.47943386264300947, 0.6165788078116731, 0.3124046252628773]",stable,0.1483394057630337,4613,"[0.29535328334059785, 0.5530224890502338, 0.5807550585687377, 0.41545985423887594]"
"[0.5296213456053397, 0.4973099069014901, 0.6098282907689028, 0.5553599478571563]",stable,0.525485816483663,4614,"[0.2590820705126969, 0.5298759011216937, 0.4461243834057637, 0.1369291522740159]"
"[0.33800978671858334, 0.4207544048365628, 0.36784676250467313, 0.5128363998295967]",stable,0.48629263528568717,4615,"[0.19670185343441693, 0.5045661453925593, 0.29085936836380094, 0.06165890879926145]"
"[0.14778037171616495, 0.4548469665561837, 0.39797034130964887, 0.27657603335111547]",stable,0.21403839468847288,4616,"[0.154809918677475, 0.25946941941620294, 0.31382434938782894, 0.29916111664506984]"
"[0.33800978671858334, 0.4207544048365628, 0.36784676250467313, 0.5128363998295967]",stable,0.30908446035366316,4617,"[0.1840367200431578, 0.49228963083495586, 0.49344922179461104, 0.28715469469522287]"
"[0.33800978671858334, 0.4207544048365628, 0.36784676250467313, 0.5128363998295967]",stable,0.33845970479403753,4618,"[0.19488124765660397, 0.6132020718950212, 0.2113939079975114, 0.3324047151520764]"
"[0.1011707529507038, 0.5780355600947611, 0.47210362098113623, 0.45820462944394735]",stable,0.30593825119966966,4619,"[0.14172155293573607, 0.5880419672145641, 0.3176087357733127, 0.19746520314086546]"
"[0.13285142499214164, 0.6996160225417632, 0.2896980265682238, 0.22197551697296156]",stable,0.4054156620445895,4620,"[0.23283509491330104, 0.32666037995976555, 0.1686254450048276, 0.24668671767170108]"
"[0.14809178103478585, 0.45371074437732606, 0.3980518728820457, 0.27681462144203683]",stable,0.44492395569591786,4621,"[0.4035050103899056, 0.6719669676490632, 0.21828030183187414, 0.5065270761931948]"
"[0.14809178103478585, 0.45371074437732606, 0.3980518728820457, 0.27681462144203683]",stable,0.5876938439885827,4622,"[0.20760891800047923, 0.8750609568000594, 0.21645718852196474, 0.6392082386222565]"
"[0.1011707529507038, 0.5780355600947611, 0.47210362098113623, 0.45820462944394735]",stable,0.5169960459765283,4623,"[0.6035244810985265, 0.6302570960897826, 0.4256777534326829, 0.35798889528986333]"
"[0.29964322983338215, 0.7152947840730864, 0.2769580447349554, 0.45166079388840213]",stable,0.43441354227260326,4624,"[0.5258949385477746, 0.5286426016293881, 0.4873456200630237, 0.6933699599335261]"
"[0.6065553253040362, 0.6185319595285875, 0.3961448015690653, 0.6525194497517155]",anomaly,0.3791895657924524,4625,"[0.42575908180783495, 0.8026862763106848, 0.26113677679383934, 0.8953310351432322]"
"[0.6065553253040362, 0.6185319595285875, 0.3961448015690653, 0.6525194497517155]",anomaly,0.4577429249648624,4626,"[0.7048851794998475, 0.8223540624090511, 0.1308362227630033, 0.355993340414761]"
"[0.6065553253040362, 0.6185319595285875, 0.3961448015690653, 0.6525194497517155]",stable,0.2554815023147717,4627,"[0.5874565664198128, 0.43022424072256726, 0.24083186509852053, 0.7254860875875396]"
"[0.6064449278538384, 0.6174434756048534, 0.39524703893050717, 0.6529412222247549]",stable,0.20505737390341613,4628,"[0.545778630880362, 0.6190251121420985, 0.4135349116108317, 0.4579253789135417]"
"[0.29964322983338215, 0.7152947840730864, 0.2769580447349554, 0.45166079388840213]",stable,0.6038794560210916,4629,"[0.8146671426165133, 0.6489027533069525, 0.48635039930287455, 0.677863593970839]"
"[0.9214442268812597, 0.8448951501260191, 0.39836437355106225, 0.6680524325562504]",stable,0.0370809338386864,4630,"[0.9467501644899404, 0.8649453535596933, 0.3821240899853894, 0.6597549806540448]"
"[0.9216033837215658, 0.8450212520344071, 0.3982622334028505, 0.668000247324161]",stable,0.28350224437239674,4631,"[1.0, 1.0, 0.36522701835830307, 0.4463749884607907]"
"[0.9240410920402794, 0.49135424065864863, 0.5510121809587581, 0.8744022674346339]",anomaly,0.7160261036769022,4632,"[0.7148492309136386, 0.9165355868516174, 0.08862659996610439, 0.6017256389445504]"
"[0.9240410920402794, 0.49135424065864863, 0.5510121809587581, 0.8744022674346339]",stable,0.18354374655847913,4633,"[0.846697842761417, 0.5295186154303297, 0.698936711175996, 0.8083103424361355]"
"[0.9221430301068902, 0.6318939457120799, 0.6159982858068914, 0.6284030151394377]",stable,0.5028375735362787,4634,"[0.5041283294870453, 0.5792562385591293, 0.44721901437175826, 0.4119494063798243]"
"[0.29964322983338215, 0.7152947840730864, 0.2769580447349554, 0.45166079388840213]",stable,0.8760141481094466,4635,"[0.7995959169044151, 0.4630377585183427, 0.6682873261304945, 1.0]"
"[0.9221430301068902, 0.6318939457120799, 0.6159982858068914, 0.6284030151394377]",stable,0.34073507075902043,4636,"[0.6618904235357614, 0.6395709196386509, 0.5252129324161904, 0.8285730750863344]"
"[0.9271753250884756, 0.5582413706175461, 0.35564116146507113, 0.676890159597242]",stable,0.35922530087694826,4637,"[0.7927114933025736, 0.7019637090176619, 0.5318074709493527, 0.9203477854360675]"
"[0.9171633259296349, 0.7143424885462929, 0.4541727406041712, 0.8769294365598114]",stable,0.23969349991567962,4638,"[0.8907117958366142, 0.7393319622141086, 0.3945264729458702, 0.6476454654283653]"
"[0.9214103112972849, 0.8443606939730302, 0.39823888489999437, 0.6678730299373122]",anomaly,0.591316951406199,4639,"[0.9481624816953276, 0.3487728239614395, 0.19363978316864186, 0.9158083623677942]"
"[0.9214103112972849, 0.8443606939730302, 0.39823888489999437, 0.6678730299373122]",stable,0.37510021360287715,4640,"[0.8436248388966664, 0.5780992484905814, 0.2698280185718239, 0.8852783716076179]"
"[0.7546841268269355, 0.6671581244146936, 0.2112829368787956, 0.7588520911190978]",stable,0.32875627359106485,4641,"[0.7921492146252748, 0.40291492559091074, 0.4023477593066752, 0.7774751984785965]"
"[0.7546841268269355, 0.6671581244146936, 0.2112829368787956, 0.7588520911190978]",anomaly,0.4684836020596229,4642,"[0.9263517140205484, 0.9497813898625438, 0.2323336169166907, 0.42766017756531155]"
"[0.7546841268269355, 0.6671581244146936, 0.2112829368787956, 0.7588520911190978]",stable,0.21332505916457772,4643,"[0.8225283679725941, 0.8017663170439084, 0.27932684553693704, 0.6241101125728444]"
"[0.9207961377362619, 0.8440961326256442, 0.3975003008045716, 0.6676012105748]",stable,0.49289247312870127,4644,"[0.7620992219215729, 0.7152954714790338, 0.8313948867250529, 0.7811976760784552]"
"[0.6485522557381539, 0.6569400003338008, 0.8949747189156286, 0.6439169575717577]",stable,0.7266757095477872,4645,"[0.8309955546494612, 0.299746966185483, 0.33215604151029854, 0.4193723022161403]"
"[0.7521421910985612, 0.49835367136759456, 0.451450932212623, 0.4645150511512215]",stable,0.4860142137237392,4646,"[0.6817647013100134, 0.3723596903757219, 0.7590570274600945, 0.8120216435965886]"
"[0.7546841268269355, 0.6671581244146936, 0.2112829368787956, 0.7588520911190978]",stable,0.37298556436550073,4647,"[0.510736574936129, 0.6621877112299966, 0.4632523664505557, 0.6319878932317955]"
"[0.6058948798485643, 0.6177006263843081, 0.39563787414613966, 0.6528208007937609]",stable,0.6198923983213223,4648,"[0.15235603913597073, 0.6314039307989283, 0.6778095161211708, 0.33855898419035513]"
"[0.36333244494542327, 0.47994137041133517, 0.6163317474720666, 0.3131153509799532]",stable,0.2954382543146211,4649,"[0.12582458612356268, 0.4644261382365531, 0.7596409414504002, 0.4135918736216573]"
"[0.36333244494542327, 0.47994137041133517, 0.6163317474720666, 0.3131153509799532]",stable,0.2670932846193829,4650,"[0.28980766163290655, 0.23601704249320818, 0.5364682990963718, 0.32057730721481165]"
"[0.34290128782294627, 0.25586420825283934, 0.6945462297473621, 0.4151003641403436]",stable,0.4855677800419463,4651,"[0.2980699491032723, 0.65277308534454, 0.45360961591171944, 0.280270428730267]"
"[0.453761354922011, 0.5837485778385263, 0.3571818056358198, 0.31078111713503753]",stable,0.27019700339042196,4652,"[0.5061157140720998, 0.5612314471141501, 0.612056601229601, 0.3800433659731802]"
"[0.5296213456053397, 0.4973099069014901, 0.6098282907689028, 0.5553599478571563]",stable,0.2955342825144618,4653,"[0.3706336924011249, 0.6956103366501226, 0.5109080663385661, 0.44153918072692855]"
"[0.3593388300783976, 0.706838417604199, 0.5824885615969418, 0.5109621496126308]",stable,0.30964474485815086,4654,"[0.3127439222087755, 0.8171511454185925, 0.8672638140851983, 0.4899160043292755]"
"[0.3643104125421813, 0.48049815175861477, 0.6163024656484881, 0.31357376204155063]",stable,0.46845196740376677,4655,"[0.5165503241068882, 0.6129926127883571, 0.25157463268979, 0.5273238047384355]"
"[0.6053843395300404, 0.6176737234494741, 0.394814655623532, 0.6521036751020162]",stable,0.2541773733930347,4656,"[0.5421535515177118, 0.5360693349299894, 0.5629341921428479, 0.49183967475504636]"
"[0.5297037943284474, 0.49756490313851964, 0.6095197769621524, 0.5549420513235898]",stable,0.21760499008764278,4657,"[0.6593788926338635, 0.5525020005607789, 0.5536539789609215, 0.3987459293133854]"
"[0.7513064857069873, 0.4988414941531188, 0.4523716803815266, 0.4639225365400698]",stable,0.5145817032659585,4658,"[0.3295627501330035, 0.6327127652653839, 0.3091522872331364, 0.6841343414851951]"
"[0.14809178103478585, 0.45371074437732606, 0.3980518728820457, 0.27681462144203683]",stable,0.4086748949866785,4659,"[0.30193371883587933, 0.3848216947395911, 0.7570000187208062, 0.3755990099095613]"
"[0.3425787085395835, 0.2568796215322626, 0.6950379918652633, 0.4147893298550619]",stable,0.3825092068641227,4660,"[0.2057909540051244, 0.5714836913315225, 0.5833754409734382, 0.28767458822643033]"
"[0.453761354922011, 0.5837485778385263, 0.3571818056358198, 0.31078111713503753]",stable,0.3778795972460642,4661,"[0.7256309586200582, 0.4561741379899844, 0.459456680516506, 0.5160724244653411]"
"[0.7510772399294254, 0.4984605356159479, 0.4524349393113032, 0.46438816053940263]",stable,0.316945571281542,4662,"[0.7684556501524712, 0.7796386147415251, 0.5689597449295983, 0.551067705461903]"
"[0.5297037943284474, 0.49756490313851964, 0.6095197769621524, 0.5549420513235898]",stable,0.2146903870150823,4663,"[0.5815681854442784, 0.5709433532042917, 0.5175391729629247, 0.38301992137880286]"
"[0.7495771598012384, 0.49910197647956156, 0.45301108297193704, 0.463668087626477]",stable,0.34382158655273853,4664,"[0.7431558514413901, 0.5984496412210046, 0.313083317090435, 0.7615309957308991]"
"[0.754585594558683, 0.6665708724215852, 0.2121530255985532, 0.7588749877397114]",stable,0.2698466175627545,4665,"[0.7410898140092299, 0.5539585539924137, 0.09532312282332916, 0.9740593284175569]"
"[0.7544712235370775, 0.6656165307399821, 0.21116294167672928, 0.7606985838471507]",stable,0.5431935825764167,4666,"[0.9895168343820088, 0.35418401386667514, 0.5802456312004287, 0.6794546012844682]"
"[0.9221430301068902, 0.6318939457120799, 0.6159982858068914, 0.6284030151394377]",stable,0.1873955088013619,4667,"[0.9533684463209016, 0.734293087094577, 0.46339673240622875, 0.6476184215888248]"
"[0.9209972013695004, 0.8434183360482921, 0.3979070689008782, 0.667477860025504]",stable,0.4470277598426433,4668,"[0.7789258451068735, 0.6120345168648882, 0.27324712165833653, 1.0]"
"[0.7546767245586724, 0.6651662617158216, 0.21168465747489404, 0.7627095201173428]",stable,0.2672232130182939,4669,"[0.9515444376104604, 0.717082769934745, 0.2934239954753243, 0.6101490208680771]"
"[0.9209972013695004, 0.8434183360482921, 0.3979070689008782, 0.667477860025504]",stable,0.32097307395404545,4670,"[0.6931766113517627, 0.8089421840752771, 0.1902045830041927, 0.7498948805064081]"
"[0.7541642236152815, 0.6663643944021503, 0.21150565685430486, 0.7626027314539183]",stable,0.38385134706214774,4671,"[0.8184735216143346, 0.9016654779614748, 0.38893763761020395, 1.0]"
"[0.9167227464460844, 0.7151787518918964, 0.4538815124658052, 0.8774788587180264]",stable,0.20268083177242804,4672,"[1.0, 0.8793353443219608, 0.49787824233307737, 0.8049439048597924]"
"[0.9214818811156997, 0.8436386857923023, 0.3985203889832843, 0.6683212099938126]",stable,0.441760812224894,4673,"[0.5940945263460586, 0.5501494579299143, 0.4326324741539041, 0.6424257677580266]"
"[0.6053201928642223, 0.6172900628499313, 0.3950295295924546, 0.6520486869921072]",stable,0.4762436992264645,4674,"[0.7145346963261381, 0.4659643385364257, 0.5979253099456612, 0.2637008007324667]"
"[0.3854462944859625, 0.36521834793434454, 0.9096526448396582, 0.3529145713643563]",stable,0.4294420221233762,4675,"[0.29088340814138464, 0.3952039938273299, 0.5275631467281539, 0.5219908481298325]"
"[0.3643104125421813, 0.48049815175861477, 0.6163024656484881, 0.31357376204155063]",stable,0.34876374220981093,4676,"[0.654169334877476, 0.2908332580120664, 0.6542020635172122, 0.29912379372626974]"
"[0.3854462944859625, 0.36521834793434454, 0.9096526448396582, 0.3529145713643563]",stable,0.33392173428795807,4677,"[0.5349498647237371, 0.6002914743261556, 0.7783499270697725, 0.4819596358598954]"
"[0.3854462944859625, 0.36521834793434454, 0.9096526448396582, 0.3529145713643563]",stable,0.5736370221055651,4678,"[0.7457091425641759, 0.46247337261970084, 0.6644629939161089, 0.713044559949247]"
"[0.7541642236152815, 0.6663643944021503, 0.21150565685430486, 0.7626027314539183]",stable,0.5562673052853427,4679,"[1.0, 0.5215103247027713, 0.6676813692570448, 0.6214676759782517]"
"[0.9214818811156997, 0.8436386857923023, 0.3985203889832843, 0.6683212099938126]",stable,0.3302480583094912,4680,"[0.7159199696711657, 0.8858615109093311, 0.37150506206713285, 0.4147556647570654]"
"[0.6569094247625, 0.7979766671197299, 0.43154539414577114, 0.47791210606866213]",stable,0.26569798523219823,4681,"[0.7847624236277119, 0.8870935754239628, 0.48918762208746036, 0.6852393359489527]"
"[0.9206482258871144, 0.8439036546315197, 0.39907323796562677, 0.6684243692984171]",stable,0.21218158669091308,4682,"[1.0, 0.8927345710152816, 0.5895267312497792, 0.6766298660412359]"
"[0.9211291457302228, 0.8441995995793, 0.4002275015612883, 0.6684740995817069]",stable,0.25446148113862493,4683,"[0.8313417941522417, 0.6785707688390656, 0.24604071189912458, 0.5944308608547759]"
"[0.9211291457302228, 0.8441995995793, 0.4002275015612883, 0.6684740995817069]",stable,0.44571058165246213,4684,"[0.9828410738595071, 0.7641879604472895, 0.6052760068817997, 0.28584790001772603]"
"[0.9210777728647794, 0.48858636382907045, 0.5574129010811635, 0.8714578792045622]",anomaly,0.3640974494276719,4685,"[0.8380746582915028, 0.23288569513143292, 0.8028844721139478, 0.8652682513361544]"
"[0.9210777728647794, 0.48858636382907045, 0.5574129010811635, 0.8714578792045622]",stable,0.5922482448949139,4686,"[0.5843980300887424, 0.7125545977724972, 0.7228732641122582, 0.4716256233331177]"
"[0.5297037943284474, 0.49756490313851964, 0.6095197769621524, 0.5549420513235898]",stable,0.47749619074512495,4687,"[0.22149909288234348, 0.30588114541063804, 0.3174088625598024, 0.45034269715271347]"
"[0.3643104125421813, 0.48049815175861477, 0.6163024656484881, 0.31357376204155063]",stable,0.42880006965101475,4688,"[0.30612798689629866, 0.257937678690474, 0.2611167767188782, 0.3828144096841037]"
"[0.14809178103478585, 0.45371074437732606, 0.3980518728820457, 0.27681462144203683]",stable,0.4150176094250991,4689,"[0.28091891112766676, 0.4803767495307776, 0.594360945276438, 0.6164441871588959]"
"[0.5297037943284474, 0.49756490313851964, 0.6095197769621524, 0.5549420513235898]",stable,0.7769264186741163,4690,"[0.0, 0.47706802931495, 0.12824327792471768, 0.25331088591529716]"
"[0.1011707529507038, 0.5780355600947611, 0.47210362098113623, 0.45820462944394735]",stable,0.4693098771601091,4691,"[0.502368789739912, 0.7928684885655211, 0.4886358595272937, 0.3447789092132513]"
"[0.6554090302477177, 0.7979270731531841, 0.4320996705086986, 0.47661955075938633]",stable,0.4714369191017807,4692,"[0.30754303564225394, 0.6345939792279375, 0.37270690503567006, 0.21009221946369577]"
"[0.29988068634369663, 0.7146393712254063, 0.27721355459605207, 0.45350582204393225]",stable,0.16656014540803066,4693,"[0.2079221576500641, 0.6498410052836671, 0.19223983171032946, 0.36481225277835616]"
"[0.1011707529507038, 0.5780355600947611, 0.47210362098113623, 0.45820462944394735]",stable,0.33493145756413784,4694,"[0.022827707412671372, 0.5058594834832749, 0.176002389077854, 0.3435044859732645]"
"[0.1011707529507038, 0.5780355600947611, 0.47210362098113623, 0.45820462944394735]",stable,0.4902071777544391,4695,"[0.3675068269563737, 0.500884931069503, 0.2598893404572069, 0.11413915255337559]"
"[0.14809178103478585, 0.45371074437732606, 0.3980518728820457, 0.27681462144203683]",stable,0.38107845640203136,4696,"[0.3694175416264836, 0.6463342332972732, 0.20185591200704453, 0.42047753970873303]"
"[0.14809178103478585, 0.45371074437732606, 0.3980518728820457, 0.27681462144203683]",stable,0.22555594973316656,4697,"[0.15743391720930575, 0.6178960104689627, 0.24835050719059865, 0.3145095874224115]"
"[0.1342258775079055, 0.6994618109159986, 0.2895700918749401, 0.22177199305641693]",stable,0.19056203417607187,4698,"[0.27128856678396057, 0.7767479385229248, 0.38501392448085464, 0.2712193122431842]"
"[0.45270942456748037, 0.5841143720931263, 0.3572934969984086, 0.31005673657625094]",stable,0.33424390853595537,4699,"[0.24161998585690267, 0.640455874446933, 0.1652707583266715, 0.47471742467079003]"
"[0.14809178103478585, 0.45371074437732606, 0.3980518728820457, 0.27681462144203683]",stable,0.14034039616138907,4700,"[0.15736625696246379, 0.565840735410951, 0.33773584801133283, 0.21852008357100397]"
"[0.33674128228126987, 0.4196658492517941, 0.36869388253784063, 0.5124229172375298]",stable,0.37789856577977177,4701,"[0.11595907268686076, 0.6035920058183412, 0.1433069428705791, 0.4152918804722244]"
"[0.1011707529507038, 0.5780355600947611, 0.47210362098113623, 0.45820462944394735]",stable,0.38543988196214807,4702,"[0.14165908546073366, 0.5174453949994788, 0.2046647303767512, 0.19038030414175577]"
"[0.14815802729141211, 0.45451167288470906, 0.39762104413296917, 0.27639823188581514]",stable,0.25217373830830825,4703,"[0.3673914487806039, 0.4762384683000329, 0.49291333672785986, 0.3537004086179092]"
"[0.5297037943284474, 0.49756490313851964, 0.6095197769621524, 0.5549420513235898]",stable,0.44582461340631446,4704,"[0.1189134635924293, 0.6416575549579251, 0.5550080776718033, 0.47571659818627565]"
"[0.45270942456748037, 0.5841143720931263, 0.3572934969984086, 0.31005673657625094]",stable,0.26636262700715957,4705,"[0.24889101034754885, 0.6826695693096654, 0.47473121960012726, 0.23322993459440025]"
"[0.45270942456748037, 0.5841143720931263, 0.3572934969984086, 0.31005673657625094]",stable,0.5533217845413316,4706,"[0.0, 0.5231186757078978, 0.4978893022170934, 0.5888604645519997]"
"[0.24067507433652346, 0.705515929230944, 0.5524530529117974, 0.2565768681322842]",stable,0.1747658030638519,4707,"[0.18609918398998138, 0.7463031337710173, 0.4840417232740966, 0.40225065450596004]"
"[0.45270942456748037, 0.5841143720931263, 0.3572934969984086, 0.31005673657625094]",stable,0.2935062025788467,4708,"[0.2687312804945223, 0.6191286716542788, 0.4569299401929695, 0.5128978356402814]"
"[0.3586822536321376, 0.7062028397349966, 0.5815787165143043, 0.5109761763229761]",stable,0.43089243875919797,4709,"[0.10720166599102207, 0.8186454790393534, 0.2937905100362862, 0.34677992515394257]"
"[0.45270942456748037, 0.5841143720931263, 0.3572934969984086, 0.31005673657625094]",stable,0.3312828889381958,4710,"[0.1925555187346384, 0.44768554517061965, 0.22332826464983369, 0.23583551663549013]"
"[0.14815802729141211, 0.45451167288470906, 0.39762104413296917, 0.27639823188581514]",stable,0.2729868288091146,4711,"[0.4130726164529183, 0.5111945637872335, 0.37264398568122054, 0.25392011847125856]"
"[0.2999687813030403, 0.7135261787667608, 0.2757502699174709, 0.45341350423371085]",stable,0.4258974380747566,4712,"[0.5566208191543391, 0.3815215698405082, 0.22689323758434685, 0.3995220460168219]"
"[0.6889908620300487, 0.7189421966131737, 0.6852411035032465, 0.484888443667914]",stable,0.33707613195358066,4713,"[0.5168269370287549, 0.8537998060264762, 0.8857635825851248, 0.6448386303734114]"
"[0.6889908620300487, 0.7189421966131737, 0.6852411035032465, 0.484888443667914]",stable,0.43817522611763804,4714,"[0.7514684259942398, 0.6934442693025675, 0.25971947663682093, 0.5647338164590607]"
"[0.9211291457302228, 0.8441995995793, 0.4002275015612883, 0.6684740995817069]",stable,0.3496092370091456,4715,"[0.8636478015156754, 0.5510066363206327, 0.5390596501933491, 0.7854614256953197]"
"[0.922838181623793, 0.630908377667354, 0.6164597419091249, 0.6283410924683557]",stable,0.38177631496957537,4716,"[0.9879122627826755, 0.48025241402444563, 0.29054803512260713, 0.7406035467057414]"
"[0.9276122814747648, 0.5576802989873799, 0.35517286559210376, 0.6773485292886701]",anomaly,0.53119361699486,4717,"[0.4630083984159653, 0.7127688994101294, 0.2190765858942797, 0.8314109168272634]"
"[0.9276122814747648, 0.5576802989873799, 0.35517286559210376, 0.6773485292886701]",stable,0.3691044051559026,4718,"[0.8182188252231716, 0.7747506855248845, 0.25679279803332367, 0.9371040744275788]"
"[0.9193021337639269, 0.6846895864442163, 0.19206770802938578, 0.5652014229523825]",stable,0.36323118712874614,4719,"[0.9385164027600836, 1.0, 0.3065917728438331, 0.7031553603791861]"
"[0.9212338882424509, 0.8451381562083403, 0.39966343090636386, 0.6686830228395231]",stable,0.28960813887356623,4720,"[1.0, 0.8204224325890558, 0.24833254827489645, 0.9013993108564221]"
"[0.9193021337639269, 0.6846895864442163, 0.19206770802938578, 0.5652014229523825]",stable,0.22672894679396874,4721,"[0.8967402041864445, 0.6924524911051491, 0.2367007618765194, 0.7862095731721135]"
"[0.7553425375042992, 0.6665799985071338, 0.21171388086275292, 0.7627978293193579]",stable,0.35134107558153765,4722,"[0.8942431252578252, 0.8256729868455196, 0.394775074397794, 0.5499006743463399]"
"[0.9210722669072136, 0.8450215983079642, 0.39963415931050417, 0.6679717512916598]",stable,0.4051650492297522,4723,"[0.9348298878350672, 0.6411166287719888, 0.14058294012942016, 0.43284481913993883]"
"[0.9210722669072136, 0.8450215983079642, 0.39963415931050417, 0.6679717512916598]",stable,0.10918183303580273,4724,"[1.0, 0.8357320757970985, 0.4511114888012853, 0.6136129899563475]"
"[0.9215420748422897, 0.8449663035311138, 0.39994057198604455, 0.6676481872360924]",stable,0.2257941285525181,4725,"[0.8316324734726689, 0.6421643824878557, 0.4336012298100852, 0.6423975831569044]"
"[0.926926711417607, 0.558283756726669, 0.3557330681936608, 0.6770988796734432]",stable,0.14741848647718758,4726,"[0.9789985622457734, 0.5821552580006918, 0.48641909244866555, 0.6400577269119732]"
"[0.9272960153241898, 0.5584530581541444, 0.35665991942951186, 0.6768361764623689]",stable,0.3450626790584971,4727,"[0.9412135241574366, 0.6306981376067227, 0.6329912727690763, 0.8699583841012609]"
"[0.9272960153241898, 0.5584530581541444, 0.35665991942951186, 0.6768361764623689]",stable,0.44469781768577415,4728,"[0.6416597001776302, 0.4257221503019081, 0.6624077152085647, 0.6056404181550294]"
"[0.530435532275174, 0.49709534266246336, 0.6098654497611485, 0.5552734131983051]",stable,0.35499134932760934,4729,"[0.778618422039226, 0.7145743076982314, 0.5751732766939346, 0.6814616227134846]"
"[0.9272960153241898, 0.5584530581541444, 0.35665991942951186, 0.6768361764623689]",stable,0.5438566543858397,4730,"[0.6221096751636659, 0.8289245665090921, 0.675009777337656, 0.5090866922984897]"
"[0.530435532275174, 0.49709534266246336, 0.6098654497611485, 0.5552734131983051]",stable,0.2838515889696115,4731,"[0.683012737655045, 0.7289388403326671, 0.600937525714998, 0.6141020262986863]"
"[0.530435532275174, 0.49709534266246336, 0.6098654497611485, 0.5552734131983051]",stable,0.3534978269918652,4732,"[0.24757886664722625, 0.4796751999241788, 0.8207670366171405, 0.5683072033766188]"
"[0.3425787085395835, 0.2568796215322626, 0.6950379918652633, 0.4147893298550619]",stable,0.46196340554798815,4733,"[0.5304487615597886, 0.5739863798411965, 0.8012168708054871, 0.6722468617811583]"
"[0.5081451368425883, 0.5463696386763071, 0.8952672839817497, 0.8087800166674545]",stable,0.336836783554457,4734,"[0.2438806104546472, 0.6998717403943726, 0.9551464866963841, 0.6804255671977705]"
"[0.3643313719723747, 0.48046917432012104, 0.6154630838190961, 0.3138467324264238]",stable,0.5643175822211903,4735,"[0.5845525262698527, 0.3709778995751343, 1.0, 0.6456599293500161]"
"[0.5756832261277626, 0.3887306223139626, 0.8425384079356939, 0.5447256251302994]",stable,0.31609167796098675,4736,"[0.35312144784160404, 0.5079539507666225, 0.6904218478792494, 0.4305916957685262]"
"[0.530435532275174, 0.49709534266246336, 0.6098654497611485, 0.5552734131983051]",stable,0.632322539781663,4737,"[0.16366127864397667, 0.20081306788427694, 1.0, 0.39614991540051536]"
"[0.13841824210059944, 0.3199723939511179, 0.9531793944084473, 0.46044631374077405]",stable,0.4775972419924338,4738,"[0.1472735665015523, 0.7477053214994599, 0.8171070076885425, 0.29750596560131914]"
"[0.36425562924176136, 0.48065488226908387, 0.6159695619546377, 0.31463554974630287]",stable,0.325946272665044,4739,"[0.1436817543435459, 0.4242217146402089, 0.6038953845657841, 0.5475682658004789]"
"[0.3425787085395835, 0.2568796215322626, 0.6950379918652633, 0.4147893298550619]",stable,0.5626338277222326,4740,"[0.6297198072235337, 0.580324071209679, 0.34816898196581303, 0.31901672684045657]"
"[0.2999687813030403, 0.7135261787667608, 0.2757502699174709, 0.45341350423371085]",anomaly,0.5624947041894224,4741,"[0.0076361948014425085, 0.6126080880922824, 0.026093891627753385, 0.05538186872679435]"
"[0.2999687813030403, 0.7135261787667608, 0.2757502699174709, 0.45341350423371085]",stable,0.38465315431346947,4742,"[0.20040062445407242, 0.7873372264886646, 0.3728192530987967, 0.10245229127230765]"
"[0.13456698445092696, 0.6999147769756515, 0.28999921126269196, 0.22115694304722047]",stable,0.423835253653823,4743,"[0.25097956556125955, 0.4133806117103237, 0.5742881785148581, 0.27739206048667575]"
"[0.530435532275174, 0.49709534266246336, 0.6098654497611485, 0.5552734131983051]",anomaly,0.6855718993548503,4744,"[0.4048242936103813, 0.9456163553914705, 0.25096544932510634, 0.20278180090991582]"
"[0.530435532275174, 0.49709534266246336, 0.6098654497611485, 0.5552734131983051]",stable,0.5070830258928966,4745,"[0.070561101575106, 0.5336301196565632, 0.39942057939771486, 0.5500898097515381]"
"[0.2401181774962526, 0.7059321251956386, 0.551754978119576, 0.25806333534017883]",stable,0.4374935225078531,4746,"[0.4504604721505934, 0.4920043514003712, 0.26611440467590186, 0.3987796162661817]"
"[0.2999687813030403, 0.7135261787667608, 0.2757502699174709, 0.45341350423371085]",stable,0.3669858997342637,4747,"[0.0, 0.5083273277442965, 0.2546568343495101, 0.499737141421831]"
"[0.10047540115994417, 0.577817875155969, 0.4723231764466435, 0.4596683671522277]",stable,0.31756737020709586,4748,"[0.07141856721636045, 0.7379482033455594, 0.20913860483961982, 0.3882758305440697]"
"[0.10047540115994417, 0.577817875155969, 0.4723231764466435, 0.4596683671522277]",stable,0.25325216862464894,4749,"[0.1893355446091277, 0.6996151981001514, 0.6453671354886574, 0.35260886882548176]"
"[0.45366100641342827, 0.582925497939027, 0.356695235599308, 0.31034931581462516]",stable,0.4980013129163642,4750,"[0.0, 0.7644703105639548, 0.4427222754656669, 0.35321921606164747]"
"[0.2396052216085039, 0.7058683178512397, 0.5527005554667385, 0.25901834072891927]",stable,0.36798772842047683,4751,"[0.12195291344210193, 0.4969775013310982, 0.27353533720168416, 0.2610944755399875]"
"[0.33674128228126987, 0.4196658492517941, 0.36869388253784063, 0.5124229172375298]",stable,0.5227104797425933,4752,"[0.15015828046919452, 0.8338625631852963, 0.3938444328023735, 0.25508741433206805]"
"[0.1346469398151232, 0.7006016886998035, 0.29053175086033134, 0.22133094546406584]",stable,0.5042441891185445,4753,"[0.0, 0.5593050015660026, 0.7344009618487932, 0.3597064259500759]"
"[0.36349538720363717, 0.48020337709754857, 0.6156898211261829, 0.31438559344254696]",stable,0.4942355886548589,4754,"[0.27591177741357514, 0.16774287103635727, 0.8375011310086645, 0.6139955120857037]"
"[0.15816332099695093, 0.22370901086681994, 0.9337709802965324, 0.44729028818611105]",stable,0.8011291292586763,4755,"[0.35941724612296044, 0.8466255212355668, 0.48146003893074, 0.5405349813270784]"
"[0.35868754134789893, 0.7072130748537058, 0.5808584382583073, 0.5111888295963869]",stable,0.4455279946409384,4756,"[0.11737274286468133, 0.35254105450262574, 0.6260604530214463, 0.622664826489064]"
"[0.3425787085395835, 0.2568796215322626, 0.6950379918652633, 0.4147893298550619]",stable,0.3177859752313734,4757,"[0.26025272950116257, 0.2586842135942023, 1.0, 0.38007224082041924]"
"[0.35868754134789893, 0.7072130748537058, 0.5808584382583073, 0.5111888295963869]",stable,0.35859783042362736,4758,"[0.5294700020780314, 0.45240600916103807, 0.422134392417737, 0.6076553607695686]"
"[0.6048916607128879, 0.6163585145240053, 0.39518266441067645, 0.6517978772394375]",stable,0.39524071413952855,4759,"[0.8460528864597281, 0.8949988998626124, 0.5154093631402628, 0.5745867259674616]"
"[0.9210953932542271, 0.8452623543969805, 0.4006238192709808, 0.6670975277019585]",stable,0.3639482240118579,4760,"[0.6999510740652134, 0.568391851174549, 0.4273028379423197, 0.5884562264671427]"
"[0.6054257023609346, 0.6160890388872106, 0.3953631148237756, 0.6514420252688067]",stable,0.2981577269811669,4761,"[0.5983822438934128, 0.44158260801152904, 0.1696514779735694, 0.5651275860084839]"
"[0.6882694827108271, 0.7201301076390688, 0.6843051143551886, 0.4864073726903036]",stable,0.4337666822051336,4762,"[0.858748082336109, 0.825604642236843, 0.3261886575532612, 0.3459854813055613]"
"[0.9203008099469367, 0.4928474481263457, 0.5586050910978322, 0.8696350469418008]",stable,0.2681561065520141,4763,"[0.8236247590572796, 0.6075275962781934, 0.42533426976411826, 0.6917339776183616]"
"[0.9265659360547045, 0.558798653493046, 0.35714354161496686, 0.6769410905550167]",stable,0.3417462795432506,4764,"[0.6855831123128963, 0.4702747213384493, 0.44810365710065253, 0.8833571002776088]"
"[0.7553425375042992, 0.6665799985071338, 0.21171388086275292, 0.7627978293193579]",stable,0.2821204353007474,4765,"[0.7927161390527478, 0.8355212936105713, 0.31026876733423725, 0.5629455661774383]"
"[0.9203402211706889, 0.8452050540394135, 0.40009231896547054, 0.6664848691047555]",stable,0.49791256099806935,4766,"[0.8581303305513361, 0.5507417220882156, 0.7960987574608098, 0.6437451524130281]"
"[0.2999603750760837, 0.5380454562355788, 0.559735399766066, 0.7465504551063512]",stable,0.4659356703606368,4767,"[0.5896740322128815, 0.5687781592956067, 0.22231525133665442, 0.611032226888388]"
"[0.6053377042036829, 0.6158247322973133, 0.3943963669830654, 0.6512162722052289]",stable,0.4565523182656067,4768,"[0.7147724709210003, 0.3583236474915254, 0.1528393717824394, 0.3832471311820257]"
"[0.6882694827108271, 0.7201301076390688, 0.6843051143551886, 0.4864073726903036]",stable,0.616615428473382,4769,"[0.7972655460277565, 0.8631901724979291, 0.11277446609660031, 0.6320816008726456]"
"[0.9203402211706889, 0.8452050540394135, 0.40009231896547054, 0.6664848691047555]",stable,0.543022863500569,4770,"[0.6618622538143962, 0.44662692416188504, 0.35712400112537424, 0.40696190534038734]"
"[0.7488077308013538, 0.4986416690030907, 0.45216996821889704, 0.4631706649748446]",stable,0.40924761725519126,4771,"[0.6294380015686953, 0.8000496158026769, 0.3433905461642913, 0.2383267926645299]"
"[0.634526214691823, 0.7133520905515459, 0.507542423158734, 0.22460796468581423]",stable,0.553262204441763,4772,"[0.23283882783481508, 0.4110864421517419, 0.2793100059599328, 0.26054891126191393]"
"[0.1479721754201404, 0.4548128489729813, 0.3967410036582792, 0.2762896946067667]",stable,0.4522976374282986,4773,"[0.4063305864282265, 0.7768145198701261, 0.22304245569669018, 0.33928034994611017]"
"[0.1479721754201404, 0.4548128489729813, 0.3967410036582792, 0.2762896946067667]",stable,0.13219487582813771,4774,"[0.09674704930882418, 0.5746844575392746, 0.4187016058755815, 0.2763222534656101]"
"[0.33674128228126987, 0.4196658492517941, 0.36869388253784063, 0.5124229172375298]",stable,0.38396815109827137,4775,"[0.45545600508827705, 0.6834494466630755, 0.3327511257447058, 0.7623522824941018]"
"[0.6045050280974863, 0.6162004251549008, 0.3940538934206301, 0.6518336944846116]",stable,0.22649924361147805,4776,"[0.7228034371063261, 0.7221445424636185, 0.23785998942795267, 0.6107642149925134]"
"[0.755075823566611, 0.6670354455887444, 0.21192819322804143, 0.7615516521527445]",stable,0.3858819049173784,4777,"[0.664869819859266, 0.6027279970438276, 0.0005308001113542016, 0.45832992522189475]"
"[0.6882694827108271, 0.7201301076390688, 0.6843051143551886, 0.4864073726903036]",stable,0.28239174003301365,4778,"[0.7327262793900231, 0.7405090506309768, 0.40618974174256006, 0.48412126968100316]"
"[0.6561524653356245, 0.7973749767827782, 0.4318505365782549, 0.4766916826720942]",stable,0.6094570107229477,4779,"[0.4007356902446309, 0.3269320406320766, 0.2594855037708244, 0.7115828451552072]"
"[0.36349538720363717, 0.48020337709754857, 0.6156898211261829, 0.31438559344254696]",stable,0.4656290260714121,4780,"[0.27012004455686833, 0.37194319418204436, 0.38197104813749955, 0.690878227173376]"
"[0.36349538720363717, 0.48020337709754857, 0.6156898211261829, 0.31438559344254696]",stable,0.3284663525199898,4781,"[0.1478648821098892, 0.627006713234781, 0.6499572743950869, 0.5110277866673063]"
"[0.35868754134789893, 0.7072130748537058, 0.5808584382583073, 0.5111888295963869]",stable,0.25053634135063685,4782,"[0.35636747126189305, 0.6996962183074171, 0.3308238859358038, 0.4974303731165841]"
"[0.14761143509541283, 0.45565701523049046, 0.3968956557865701, 0.276289923894505]",stable,0.4514860698735638,4783,"[0.33573866797172636, 0.8228872988310623, 0.2682502300897285, 0.40682761498064257]"
"[0.14761143509541283, 0.45565701523049046, 0.3968956557865701, 0.276289923894505]",stable,0.29846083638072685,4784,"[0.40891170978968716, 0.41824267229340983, 0.27856330473559265, 0.34976549082062386]"
"[0.30148428040038927, 0.7147385413675877, 0.27571107726075195, 0.4525226479386132]",stable,0.5002021892328008,4785,"[0.36010271728725357, 0.5264937595288064, 0.6541184095417021, 0.19149027071940394]"
"[0.530435532275174, 0.49709534266246336, 0.6098654497611485, 0.5552734131983051]",stable,0.4334329176899484,4786,"[0.4116951812791595, 0.22603055853794185, 0.5272664821822036, 0.24955112656387632]"
"[0.3431186809828614, 0.2566386132276195, 0.6937272769458643, 0.41349840639184954]",stable,0.608804025795655,4787,"[0.10428391919212365, 0.6714461586572401, 0.6662568252595206, 0.7887055130998109]"
"[0.35868754134789893, 0.7072130748537058, 0.5808584382583073, 0.5111888295963869]",stable,0.2756868911370929,4788,"[0.5143235641449992, 0.5204391928788838, 0.6864985344522286, 0.4354499529151863]"
"[0.5303309091054976, 0.49724692610542714, 0.6103630671942074, 0.5544953387808823]",stable,0.4848455027848022,4789,"[0.6067823691738176, 0.9667841891306495, 0.5175611549461385, 0.5668605940534052]"
"[0.6556822739436072, 0.798988397852758, 0.43266682818175856, 0.477550434209059]",stable,0.6173593416673663,4790,"[0.5247005635057423, 0.260121719797918, 0.6998418957535719, 0.43047034473512596]"
"[0.3854462944859625, 0.36521834793434454, 0.9096526448396582, 0.3529145713643563]",stable,0.5303978925799234,4791,"[0.5014908415219098, 0.5076278646752351, 0.5678057330492613, 0.7144609805533294]"
"[0.5301448441533454, 0.4973138999026517, 0.610088503748111, 0.5555273751794142]",stable,0.2906432092119823,4792,"[0.640904696231153, 0.7557285490779543, 0.5464175018315758, 0.592589523461619]"
"[0.6555428628331124, 0.7985802860718637, 0.43373994774449265, 0.47863570863597]",anomaly,0.6923750280485218,4793,"[1.0, 0.7266831599965595, 0.8145561157580821, 0.9374846048551293]"
"[0.6555428628331124, 0.7985802860718637, 0.43373994774449265, 0.47863570863597]",stable,0.4176089269144505,4794,"[1.0, 0.9722568378569574, 0.5543438516316869, 0.5836959305119918]"
"[0.9208060678305096, 0.8459480469272354, 0.40099437471205657, 0.6660007232650317]",stable,0.4990243372264408,4795,"[1.0, 0.3582904140435956, 0.3510858184397757, 0.7155262656948168]"
"[0.9430878795774732, 0.35359539131113404, 0.21838663142690448, 0.7548342753255733]",anomaly,0.6743390041310876,4796,"[0.7167522632226244, 0.9498015841606235, 0.4081840128682585, 0.8644719096839456]"
"[0.9430878795774732, 0.35359539131113404, 0.21838663142690448, 0.7548342753255733]",stable,0.6103669116881733,4797,"[0.7259420475310595, 0.8977647241529155, 0.38940942513600735, 0.7496965973390606]"
"[0.9196731374799313, 0.8462493066785475, 0.4009270203540563, 0.6664873271840668]",stable,0.18460688843635314,4798,"[1.0, 1.0, 0.34398522167420514, 0.6391806561656128]"
"[0.9201374546043247, 0.8471380390098854, 0.40059787700908606, 0.6663294851550583]",stable,0.22269366763946538,4799,"[0.7843625842854501, 0.9594204164896336, 0.26847442892205287, 0.6332581022130368]"
"[0.9193571392576645, 0.8477833400298838, 0.3998385468476663, 0.6661394197358513]",stable,0.34274151207500786,4800,"[0.9114807773515277, 0.5894837089804253, 0.5989169983509463, 0.5609786962248552]"
"[0.9193571392576645, 0.8477833400298838, 0.3998385468476663, 0.6661394197358513]",stable,0.23779148028925998,4801,"[0.7206144415239668, 0.975184319887995, 0.371314378241949, 0.6673602113787364]"
"[0.9182214666991863, 0.848511345629073, 0.3996755515984907, 0.6661463956880964]",stable,0.34523833365088424,4802,"[0.7432990565187177, 0.6778092781580245, 0.47844867131105157, 0.43539272353843084]"
"[0.6563630141759685, 0.7974515850633231, 0.4341577862824979, 0.4782315685883294]",stable,0.3608982474242474,4803,"[0.6965160860732102, 0.7891038128777805, 0.5202256312972928, 0.8263090262973223]"
"[0.9265659360547045, 0.558798653493046, 0.35714354161496686, 0.6769410905550167]",anomaly,1.0075158424039683,4804,"[0.04714418910515983, 0.9505448710014446, 0.6507555639669965, 0.7220237378309088]"
"[0.9265659360547045, 0.558798653493046, 0.35714354161496686, 0.6769410905550167]",stable,0.5612969675526394,4805,"[0.8311653730894795, 0.726517914631192, 0.8093071413756938, 0.40606963236053956]"
"[0.5301448441533454, 0.4973138999026517, 0.610088503748111, 0.5555273751794142]",stable,0.49475223188325335,4806,"[0.824994079035124, 0.7616656790985954, 0.42922893895398806, 0.7905840796179597]"
"[0.9182214666991863, 0.848511345629073, 0.3996755515984907, 0.6661463956880964]",stable,0.6201151553128371,4807,"[0.8864129746369849, 0.3767025770946275, 0.7849542330963666, 0.7778954413156153]"
"[0.2999603750760837, 0.5380454562355788, 0.559735399766066, 0.7465504551063512]",stable,0.41298341092903057,4808,"[0.5144602703326808, 0.6929814531349496, 0.8330158126693592, 0.9073538923385482]"
"[0.6896704228125785, 0.7201927331978152, 0.6855306244240171, 0.48561974778510986]",stable,0.4673979048586729,4809,"[0.2840154985383063, 0.5633570758833608, 0.8250293019097918, 0.584854718701488]"
"[0.3854462944859625, 0.36521834793434454, 0.9096526448396582, 0.3529145713643563]",stable,0.48883611216974177,4810,"[0.2460896737066821, 0.7841982041826357, 1.0, 0.5422125171532646]"
"[0.3634727694041946, 0.4805119796470903, 0.6159460117156196, 0.31356629129105934]",stable,0.5264428101341436,4811,"[0.5607042553298619, 0.5551968757920596, 0.9170340901379015, 0.690408312065389]"
"[0.5092877263749205, 0.5465615351353452, 0.895740475419927, 0.8062067187413227]",stable,0.5898899825826212,4812,"[0.6308915208358941, 0.3819518397535614, 0.4069549200229673, 0.5470252422704522]"
"[0.747782372453828, 0.4976269748357035, 0.4517767938867585, 0.4638998352121977]",stable,0.5708262395639078,4813,"[0.6071666381006763, 0.2535507971708557, 0.9251591954419761, 0.613585280133633]"
"[0.3634727694041946, 0.4805119796470903, 0.6159460117156196, 0.31356629129105934]",stable,0.48009090073645805,4814,"[0.6867566873208482, 0.41487990106568406, 0.681827277648698, 0.6560963928099494]"
"[0.755075823566611, 0.6670354455887444, 0.21192819322804143, 0.7615516521527445]",stable,0.9525192113906981,4815,"[0.28441801400919403, 0.39033012721695604, 0.9731129667326456, 0.5889075623596579]"
"[0.35868754134789893, 0.7072130748537058, 0.5808584382583073, 0.5111888295963869]",stable,0.31500102374641703,4816,"[0.4937569777190608, 0.6859979670663374, 0.8153101054093659, 0.35130065839123786]"
"[0.3854462944859625, 0.36521834793434454, 0.9096526448396582, 0.3529145713643563]",stable,0.6164984712387767,4817,"[0.7621921085071937, 0.8408618157877408, 0.8772789248391584, 0.45706921791914595]"
"[0.5301448441533454, 0.4973138999026517, 0.610088503748111, 0.5555273751794142]",stable,0.39003760818191696,4818,"[0.6887233279618002, 0.6565238082762119, 0.8498045790414842, 0.7656954236332802]"
"[0.6491609083476031, 0.6569336943935343, 0.8942903228569294, 0.6457620858454172]",stable,0.44174621537530584,4819,"[0.6083887692333922, 0.6049322260006529, 0.45754642768796605, 0.6510506383962729]"
"[0.6045264852308337, 0.6161381699109547, 0.3944046809027701, 0.6518293682078804]",stable,0.4664656500489424,4820,"[0.830551786843477, 0.21244488366876269, 0.3902652905978251, 0.7111367184890981]"
"[0.755075823566611, 0.6670354455887444, 0.21192819322804143, 0.7615516521527445]",stable,0.38588976953014076,4821,"[0.9201214555172582, 0.601745650626081, 0.5226617526409879, 0.6171468346073077]"
"[0.9182214666991863, 0.848511345629073, 0.3996755515984907, 0.6661463956880964]",stable,0.4140003367533607,4822,"[0.6566556067450091, 0.5313588099672829, 0.35079637189672475, 0.6683084903454283]"
"[0.6048129089754171, 0.6156723492519235, 0.3941650748093303, 0.6519199128350097]",stable,0.3268471401154765,4823,"[0.8294170122330661, 0.8283898038968055, 0.34859607139130055, 0.5567526904399884]"
"[0.9177168959351742, 0.8483970186874125, 0.3993853272791317, 0.6655248405446413]",stable,0.2926149811753509,4824,"[0.8664526420574793, 0.7177994228869721, 0.6529500814095451, 0.7060795802989779]"
"[0.9177168959351742, 0.8483970186874125, 0.3993853272791317, 0.6655248405446413]",stable,0.5469067540395254,4825,"[0.407686928095059, 0.7463462688067072, 0.2696376314944349, 0.5572307529571444]"
"[0.14761143509541283, 0.45565701523049046, 0.3968956557865701, 0.276289923894505]",stable,0.2641611825179037,4826,"[0.17364770008379715, 0.4883636534476807, 0.14242773124182823, 0.3335576674255125]"
"[0.09986645933473239, 0.5789491020372295, 0.4721437770467588, 0.45902322078198177]",stable,0.41587662865447744,4827,"[0.20462267298622122, 0.6316464205329871, 0.07398258198401958, 0.4849106952046784]"
"[0.12240214145631026, 0.563611113345047, 0.1479540001054346, 0.42795883730117523]",stable,0.36070587986169395,4828,"[0.4099444031746202, 0.6368688065620857, 0.2291752769225479, 0.6162792930924508]"
"[0.14761143509541283, 0.45565701523049046, 0.3968956557865701, 0.276289923894505]",anomaly,0.5944330847205357,4829,"[0.2523247055828727, 0.8145856141463527, 0.0, 0.5129963295793452]"
"[0.14761143509541283, 0.45565701523049046, 0.3968956557865701, 0.276289923894505]",stable,0.35420201240887983,4830,"[0.3462054785810516, 0.6768661423684907, 0.2074799602704765, 0.24153812035104816]"
"[0.3030982861933886, 0.7143907067257353, 0.2753155190193645, 0.4545411798947964]",anomaly,0.3733301759086763,4831,"[0.3595561868197172, 0.8883971515916587, 0.2402541764998815, 0.13099769733530386]"
"[0.3030982861933886, 0.7143907067257353, 0.2753155190193645, 0.4545411798947964]",stable,0.3413958041039024,4832,"[0.0, 0.728630828833952, 0.4297080948061546, 0.42919013591936644]"
"[0.2396052216085039, 0.7058683178512397, 0.5527005554667385, 0.25901834072891927]",stable,0.3044815932975068,4833,"[0.018587159216195692, 0.5569426170775366, 0.46832427666939314, 0.3796907732837998]"
"[0.2396052216085039, 0.7058683178512397, 0.5527005554667385, 0.25901834072891927]",stable,0.345358676868365,4834,"[0.2413767154644691, 0.7086843276800123, 0.27000138331161827, 0.4573683486675125]"
"[0.14761143509541283, 0.45565701523049046, 0.3968956557865701, 0.276289923894505]",anomaly,0.5487005534360866,4835,"[0.1431245803418411, 0.967173087819152, 0.3149566509023115, 0.0954876218142034]"
"[0.14761143509541283, 0.45565701523049046, 0.3968956557865701, 0.276289923894505]",anomaly,0.5260207742598173,4836,"[0.3655176820242806, 0.9009072984629707, 0.2547892323335399, 0.17249843967225675]"
"[0.14761143509541283, 0.45565701523049046, 0.3968956557865701, 0.276289923894505]",stable,0.10107969982243929,4837,"[0.17352525880083636, 0.4464652037005642, 0.3007268009729989, 0.2908721535526623]"
"[0.3367212301456894, 0.41859366250607294, 0.3679615832006853, 0.5153054763051138]",stable,0.5397061719289589,4838,"[0.0, 0.3542482754592251, 0.16633710746588054, 0.15046467932944507]"
"[0.1477926506458004, 0.4555927368281833, 0.39622314631234934, 0.27639189752847815]",stable,0.2855233925912949,4839,"[0.33217256431357145, 0.31595862867837166, 0.5184267619590455, 0.3908307341041324]"
"[0.34303382736527005, 0.2570984583086331, 0.6923683582250363, 0.4133226880020223]",stable,0.622369840026542,4840,"[0.29968242458488015, 0.5136502474549363, 0.17914791152883605, 0.17615012164912502]"
"[0.1477926506458004, 0.4555927368281833, 0.39622314631234934, 0.27639189752847815]",stable,0.5879552974487015,4841,"[0.3826311857894872, 0.8682123181102366, 0.2073828908846329, 0.5672986408022913]"
"[0.1477926506458004, 0.4555927368281833, 0.39622314631234934, 0.27639189752847815]",stable,0.4578358548401839,4842,"[0.13832200990756338, 0.8979678190873208, 0.37932261141508966, 0.3927647270792672]"
"[0.4526040284658164, 0.5824342327916927, 0.3551164355563042, 0.31014518372811417]",stable,0.48192151038024983,4843,"[0.0, 0.6216124783808149, 0.19436577851607023, 0.3054306405490567]"
"[0.12107168339700254, 0.564241562965001, 0.14845847595772413, 0.4266270090756087]",stable,0.46249132472762,4844,"[0.5712571360921799, 0.5382131404190179, 0.046739824722850765, 0.41223531561469007]"
"[0.6903745168484486, 0.7213642776889795, 0.6873922584086302, 0.4853425581747607]",stable,0.646600986136513,4845,"[0.17666866053204625, 0.37421588541556494, 0.6230981417275587, 0.31343156736519395]"
"[0.3854462944859625, 0.36521834793434454, 0.9096526448396582, 0.3529145713643563]",stable,0.7481632196860775,4846,"[0.08605331259375859, 0.6427530243371135, 0.2827222760010998, 0.3596124595906266]"
"[0.13439901314562647, 0.7003065424530551, 0.2904919066008455, 0.222036463393283]",stable,0.21187013779250413,4847,"[0.2149356987321207, 0.701144253397074, 0.46575374726739466, 0.3097027796698568]"
"[0.4526040284658164, 0.5824342327916927, 0.3551164355563042, 0.31014518372811417]",stable,0.4636907779813112,4848,"[0.0846544117471066, 0.8104418925509458, 0.18936038973958957, 0.297509618533629]"
"[0.1341465024786289, 0.7008656051439074, 0.2899785486472351, 0.22241957585592437]",stable,0.2121403109715455,4849,"[0.13677271931885937, 0.7212929187045171, 0.19248596187950695, 0.03513760953175943]"
"[0.1341597662000442, 0.7009687733942135, 0.28948616184537784, 0.22147370733913566]",stable,0.1079123158583467,4850,"[0.21790328343436877, 0.7047660244952733, 0.22561347896318407, 0.24466751040465676]"
"[0.13458058789468902, 0.700987855058038, 0.2891651935896884, 0.22159025911333421]",stable,0.15497848110115348,4851,"[0.19359571197555525, 0.6024240951693417, 0.22890703276992538, 0.3063822636029296]"
"[0.13487566351509334, 0.7004950362585944, 0.2888639027855896, 0.2220142191357822]",stable,0.24267844993408164,4852,"[0.0, 0.6555222269568224, 0.48297033189521216, 0.25366111559640553]"
"[0.23935852637974006, 0.7058210772066981, 0.5518310873847451, 0.2595251851183286]",anomaly,0.5749995526049597,4853,"[0.10063662416370069, 0.7756113347299685, 0.0, 0.3041625046175194]"
"[0.23935852637974006, 0.7058210772066981, 0.5518310873847451, 0.2595251851183286]",stable,0.31205443122238813,4854,"[0.22766217741892214, 0.549304942464606, 0.570307255368036, 0.5286023009207755]"
"[0.23935852637974006, 0.7058210772066981, 0.5518310873847451, 0.2595251851183286]",anomaly,0.3248425266823241,4855,"[0.35221142020569485, 0.9598277502791572, 0.5062121675107916, 0.09770301209911947]"
"[0.23935852637974006, 0.7058210772066981, 0.5518310873847451, 0.2595251851183286]",stable,0.4167830162421925,4856,"[0.47545603968671535, 0.5555605915471094, 0.2556384971804791, 0.3470339435121866]"
"[0.30323022196277505, 0.7154878565949117, 0.27477295039830907, 0.4553973623368721]",stable,0.30867687716591286,4857,"[0.39405433084441627, 0.5795206897696076, 0.4633893710822681, 0.27382321457175784]"
"[0.30323022196277505, 0.7154878565949117, 0.27477295039830907, 0.4553973623368721]",stable,0.46776862825713705,4858,"[0.09214526071946548, 0.32215505885199014, 0.30307795659261, 0.31850775147271354]"
"[0.3367212301456894, 0.41859366250607294, 0.3679615832006853, 0.5153054763051138]",stable,0.2902603776112045,4859,"[0.27538349984517446, 0.3802883330300106, 0.5035190224533119, 0.26904209687248065]"
"[0.5301448441533454, 0.4973138999026517, 0.610088503748111, 0.5555273751794142]",stable,0.7306129680961531,4860,"[0.0, 0.6608445251113076, 0.24143635435646868, 0.25536894911796937]"
"[0.1342046403135257, 0.7002977700339811, 0.2886279448332059, 0.22218016306604185]",stable,0.3913676809468799,4861,"[0.10998755158941485, 0.37513676918008276, 0.07585202055982765, 0.18244448795200807]"
"[0.14740621043797864, 0.454666086286682, 0.39557630471707333, 0.2766843687364242]",stable,0.30427102184931465,4862,"[0.0, 0.5608992702618367, 0.3429882405036227, 0.5150145388499107]"
"[0.4523595237644431, 0.5822302109816471, 0.35517667526281194, 0.31014906585570123]",stable,0.47544553721176935,4863,"[0.22461689834355086, 0.513561559873786, 0.0, 0.1020243409303119]"
"[0.14740621043797864, 0.454666086286682, 0.39557630471707333, 0.2766843687364242]",stable,0.4336987919966466,4864,"[0.4236190893012994, 0.20565332387541946, 0.37577204388626373, 0.498948902881313]"
"[0.3628893967581084, 0.4798482468880368, 0.615201462117856, 0.3132714290763668]",stable,0.1546346136272105,4865,"[0.2730024130304849, 0.4312131343312555, 0.5268209262472818, 0.23806703695857886]"
"[0.5301448441533454, 0.4973138999026517, 0.610088503748111, 0.5555273751794142]",stable,0.3838557276014095,4866,"[0.2655634861959328, 0.4502931012386291, 0.37019914800721515, 0.42292245019910146]"
"[0.3622980350230582, 0.47952827904226847, 0.6146200112239706, 0.31277666333874976]",stable,0.4207767889379862,4867,"[0.0316780603797851, 0.4089107956910628, 0.5828421181958938, 0.06428747839163312]"
"[0.098377736040388, 0.5798700101278682, 0.4717530671291626, 0.4579117076093956]",stable,0.2393405527029439,4868,"[0.1774045267829228, 0.4656430208510978, 0.5854110069243894, 0.29956798605607515]"
"[0.3368395768765604, 0.41723094897300456, 0.36803713226453577, 0.5144878853312054]",stable,0.6031201453532536,4869,"[0.14579791817182947, 0.3214190145569034, 0.8958719682497991, 0.315823712632327]"
"[0.35868754134789893, 0.7072130748537058, 0.5808584382583073, 0.5111888295963869]",stable,0.3455013125663433,4870,"[0.15384471850942816, 0.5692960742058295, 0.7476111945657348, 0.33630888759959204]"
"[0.3610895807208351, 0.4794375257207576, 0.6144291026991368, 0.31269033211468]",stable,0.059219000289008984,4871,"[0.41058894304731786, 0.4908671797387006, 0.5896720152893185, 0.3303864547553592]"
"[0.3368395768765604, 0.41723094897300456, 0.36803713226453577, 0.5144878853312054]",stable,0.39716908708542276,4872,"[0.45395207458725184, 0.5205826246815481, 0.7301668856452249, 0.5614817089776033]"
"[0.5296564289638191, 0.49746305839482413, 0.6108582369654001, 0.5555655439858129]",stable,0.4183531678265299,4873,"[0.5022779592333829, 0.3016117420187062, 0.7895067268149878, 0.23308023986496493]"
"[0.3854462944859625, 0.36521834793434454, 0.9096526448396582, 0.3529145713643563]",stable,0.536910494076506,4874,"[0.5794360067341324, 0.5253243592411071, 0.6783133554599399, 0.7670269577090245]"
"[0.9265659360547045, 0.558798653493046, 0.35714354161496686, 0.6769410905550167]",stable,0.36842220468585185,4875,"[0.6312161625349223, 0.3497620144238496, 0.311274017018676, 0.7289324593325535]"
"[0.755075823566611, 0.6670354455887444, 0.21192819322804143, 0.7615516521527445]",stable,0.6565908870085334,4876,"[0.5810762320430518, 0.27373184946744555, 0.7066205043642806, 0.7237689360906637]"
"[0.6878291991142862, 0.37395228987222895, 0.5153370469291538, 0.7280561976264361]",stable,0.36943021597631426,4877,"[1.0, 0.5044674240999052, 0.3674547615213565, 0.7168890605368945]"
"[0.9270794609773989, 0.5584187148259612, 0.3572156480478787, 0.6772204469884565]",stable,0.36780149523390987,4878,"[0.7876348981859064, 0.8006306827494335, 0.5960260852013646, 0.6888862733796348]"
"[0.9270794609773989, 0.5584187148259612, 0.3572156480478787, 0.6772204469884565]",stable,0.19095692297035113,4879,"[1.0, 0.6215995459297639, 0.4465288720618265, 0.815706807386241]"
"[0.9177168959351742, 0.8483970186874125, 0.3993853272791317, 0.6655248405446413]",stable,0.3787889270005335,4880,"[1.0, 0.5746670118706142, 0.6246969637231059, 0.5605625051348071]"
"[0.9177168959351742, 0.8483970186874125, 0.3993853272791317, 0.6655248405446413]",stable,0.15161338844104913,4881,"[0.8367461391746198, 0.7229703619092447, 0.40590509932406715, 0.6399122958422234]"
"[0.9172594340325722, 0.8476883935078747, 0.3994221621494421, 0.6653801369022548]",stable,0.15907243313130223,4882,"[0.9632629829490992, 0.7856403659687511, 0.519046359334975, 0.5944731118933164]"
"[0.9175178809365976, 0.8473398090834977, 0.40009420820104624, 0.664981782829171]",stable,0.698412780292071,4883,"[0.700306339065556, 0.23557781721848997, 0.5740993765125699, 0.4750633148921586]"
"[0.3854462944859625, 0.36521834793434454, 0.9096526448396582, 0.3529145713643563]",stable,1.0009082891405399,4884,"[0.7583614478913179, 0.47063538841574437, 0.10845255265846329, 0.8108636422181911]"
"[0.7551025359594947, 0.6654386971564435, 0.21108692785755706, 0.7619525626410815]",stable,0.16342424296021468,4885,"[0.8645468015643204, 0.6117820727521146, 0.18966340420227326, 0.6552218959840053]"
"[0.9175178809365976, 0.8473398090834977, 0.40009420820104624, 0.664981782829171]",stable,0.2633348808849597,4886,"[0.8899020866216608, 0.9224907673479107, 0.43416693104608545, 0.913525562523849]"
"[0.9175178809365976, 0.8473398090834977, 0.40009420820104624, 0.664981782829171]",stable,0.14555540827735888,4887,"[1.0, 0.8820421234424358, 0.36276704336084054, 0.773542867278088]"
"[0.9179786748978456, 0.8475336767614806, 0.3998856765538943, 0.6655882693344722]",stable,0.33919698988687896,4888,"[0.8274547145739639, 0.5412597965838423, 0.5016837314677696, 0.613689551698243]"
"[0.9179786748978456, 0.8475336767614806, 0.3998856765538943, 0.6655882693344722]",stable,0.19632135676372997,4889,"[0.7545838275111723, 0.9496478483480788, 0.3801449193798915, 0.6976381903393253]"
"[0.9170709257456974, 0.8481009777147395, 0.39977600568070537, 0.6657663244511659]",stable,0.4105505234308552,4890,"[0.5213007804679446, 0.7732693066636428, 0.363287516449332, 0.7363817304011993]"
"[0.6043565585464145, 0.6165335348115503, 0.39399634498222647, 0.6523814528217102]",anomaly,0.5685891811332263,4891,"[0.9629597701380558, 0.5164034377461215, 0.5992181319104353, 0.27481639171359606]"
"[0.6043565585464145, 0.6165335348115503, 0.39399634498222647, 0.6523814528217102]",stable,0.5583259898156424,4892,"[0.6774065012757676, 0.9775304693818176, 0.5138811833148332, 0.2502615011410085]"
"[0.2522745714214922, 0.39885454098592593, 0.18941151511097393, 0.22744848588280211]",stable,0.6346200362842845,4893,"[0.4521656361732868, 0.6903433638676412, 0.5585257868692013, 0.6037131177647874]"
"[0.3593552420252231, 0.707092576918091, 0.5806989193198137, 0.5118497173690183]",stable,0.2547838081390546,4894,"[0.48390124772544413, 0.8556794853385782, 0.4169917886973743, 0.48893711421336505]"
"[0.6547661459680932, 0.797990732288094, 0.4339988418604134, 0.47833069401078343]",stable,0.2665500181337422,4895,"[0.4587442616147248, 0.7001240929414386, 0.5677881397003948, 0.40658895087521846]"
"[0.36006012868897846, 0.7070431550459162, 0.58060735350691, 0.5111031871101971]",stable,0.4075403803284177,4896,"[0.4549876055487194, 0.5576181594243477, 0.5158459066451201, 0.14977776395381787]"
"[0.5296564289638191, 0.49746305839482413, 0.6108582369654001, 0.5555655439858129]",stable,0.4296394418390812,4897,"[0.22509347947477076, 0.5997159350433366, 0.4925776833099367, 0.2959783339264771]"
"[0.4523595237644431, 0.5822302109816471, 0.35517667526281194, 0.31014906585570123]",stable,0.29277477652403017,4898,"[0.4127198631648876, 0.542441552176235, 0.08904894717627798, 0.20180395959697717]"
"[0.14740621043797864, 0.454666086286682, 0.39557630471707333, 0.2766843687364242]",stable,0.26339275159160314,4899,"[0.23258122850863672, 0.4751036664364836, 0.3646563255075825, 0.5231538761627266]"
"[0.362014725154089, 0.48001565660928364, 0.613633358934854, 0.31175345182100145]",stable,0.5415706116084348,4900,"[0.3180548436325636, 0.7273582799576355, 0.14159431681640067, 0.3975848304980097]"
"[0.14740621043797864, 0.454666086286682, 0.39557630471707333, 0.2766843687364242]",stable,0.5107964354305107,4901,"[0.616403265894034, 0.5802616189051114, 0.23863007940066433, 0.3001024166330683]"
"[0.6903745168484486, 0.7213642776889795, 0.6873922584086302, 0.4853425581747607]",stable,0.5786078924886413,4902,"[0.46359082188959105, 0.3717366643532666, 0.2975546449517569, 0.38972134672888104]"
"[0.362014725154089, 0.48001565660928364, 0.613633358934854, 0.31175345182100145]",stable,0.4119263215747702,4903,"[0.3500597822919139, 0.6671020088071045, 0.29168868448555196, 0.4875109471443274]"
"[0.14740621043797864, 0.454666086286682, 0.39557630471707333, 0.2766843687364242]",stable,0.2747520230417089,4904,"[0.04136859580254787, 0.5998836234603632, 0.6030282011245228, 0.287651411277739]"
"[0.4523595237644431, 0.5822302109816471, 0.35517667526281194, 0.31014906585570123]",stable,0.4197453469369977,4905,"[0.17628414420269922, 0.4119181138761715, 0.09959726699810476, 0.23503916820101894]"
"[0.14740621043797864, 0.454666086286682, 0.39557630471707333, 0.2766843687364242]",stable,0.5542245290441624,4906,"[0.1042245353599603, 0.946881541471059, 0.24673084292336367, 0.47884555619023295]"
"[0.4523595237644431, 0.5822302109816471, 0.35517667526281194, 0.31014906585570123]",stable,0.47434064226080636,4907,"[0.0, 0.5944059778508024, 0.4591902742286338, 0.407117246674595]"
"[0.4523595237644431, 0.5822302109816471, 0.35517667526281194, 0.31014906585570123]",stable,0.2730657617890577,4908,"[0.2910466172750496, 0.734036740309088, 0.46804020330026674, 0.19719040902109627]"
"[0.4523595237644431, 0.5822302109816471, 0.35517667526281194, 0.31014906585570123]",stable,0.27448756542724445,4909,"[0.39575183261689073, 0.4190919972121743, 0.5210257624875424, 0.44438392106085534]"
"[0.5296564289638191, 0.49746305839482413, 0.6108582369654001, 0.5555655439858129]",stable,0.7040093042896399,4910,"[0.0, 0.611659176509283, 0.3280674842885148, 0.20616347674563917]"
"[0.133540260906033, 0.699858965115542, 0.2888231900780342, 0.2221008725397032]",stable,0.32820370138086546,4911,"[0.014428696216999881, 0.5952026489258931, 0.5742185636959636, 0.25566634522407516]"
"[0.23972541896788066, 0.7050574548629631, 0.5504286924027914, 0.25927144367431804]",stable,0.49708315645048773,4912,"[0.34202686258174475, 0.6438590090072904, 0.22972790773820922, 0.61987071710907]"
"[0.14740621043797864, 0.454666086286682, 0.39557630471707333, 0.2766843687364242]",stable,0.23363688998574045,4913,"[0.3243191095228951, 0.5325103684729237, 0.4472677060763062, 0.39733381654289623]"
"[0.3622309886634659, 0.47962512033109705, 0.6130397204960892, 0.3126036471366415]",stable,0.6940886739296398,4914,"[0.0, 0.7811609462895263, 0.11607642915229774, 0.42508222665117623]"
"[0.11976983733897026, 0.5665740294523615, 0.14811028190605285, 0.42661039851190513]",stable,0.12474587160464062,4915,"[0.023430926077203096, 0.5214797399352038, 0.0836011539138811, 0.4358529153731937]"
"[0.11874495530427061, 0.5660943029681363, 0.14742401458698717, 0.4267087231593657]",anomaly,0.3758442950336477,4916,"[0.37281188997746395, 0.7870944229242873, 0.0, 0.3483886509075504]"
"[0.11874495530427061, 0.5660943029681363, 0.14742401458698717, 0.4267087231593657]",stable,0.42281239750667166,4917,"[0.32411427320022046, 0.7975522488507194, 0.4191061168088685, 0.3307409089068441]"
"[0.4523595237644431, 0.5822302109816471, 0.35517667526281194, 0.31014906585570123]",stable,0.33791100970936183,4918,"[0.1728616917979632, 0.609089088002145, 0.31296511865585147, 0.49334731263457443]"
"[0.14740621043797864, 0.454666086286682, 0.39557630471707333, 0.2766843687364242]",stable,0.085655857545243,4919,"[0.21803415009570284, 0.48462938284864865, 0.42335519745547456, 0.25062378453568407]"
"[0.3369129035625269, 0.418169609652002, 0.36807659755675665, 0.512772777856506]",stable,0.32473398369339795,4920,"[0.1952799238197145, 0.6982722659433133, 0.44963546023628786, 0.5295927978187134]"
"[0.2405447282322723, 0.7059554625715821, 0.5491537159407144, 0.2599653219775464]",stable,0.43372773054073416,4921,"[0.36234052956853746, 0.47497299330892173, 0.21775417559804208, 0.36049875209341586]"
"[0.14789329967699744, 0.45487272971124726, 0.395767883287683, 0.2765046405695225]",stable,0.4521021374479425,4922,"[0.3515782081471635, 0.8051040735436786, 0.36228213177568613, 0.4743063366934547]"
"[0.14789329967699744, 0.45487272971124726, 0.395767883287683, 0.2765046405695225]",stable,0.25194533836844984,4923,"[0.2659216958797578, 0.6598112373941817, 0.3205134740977359, 0.23311416717315633]"
"[0.13419238620147006, 0.6996616856686388, 0.28897929985153026, 0.22215512522262662]",stable,0.27588203022545144,4924,"[0.31116111212424835, 0.664985965539021, 0.2254806012690562, 0.4210482481766645]"
"[0.14789329967699744, 0.45487272971124726, 0.395767883287683, 0.2765046405695225]",stable,0.40658163265469616,4925,"[0.369107525500984, 0.7839834934160816, 0.31892001859409325, 0.3229093947538618]"
"[0.14789329967699744, 0.45487272971124726, 0.395767883287683, 0.2765046405695225]",stable,0.4528178490122165,4926,"[0.2770211494419546, 0.7185094785500918, 0.07967505194195726, 0.4141672332832141]"
"[0.14789329967699744, 0.45487272971124726, 0.395767883287683, 0.2765046405695225]",stable,0.30062665170578784,4927,"[0.23937917284167698, 0.40080259335561697, 0.15226256477518021, 0.1358337518336602]"
"[0.3036919660174348, 0.7147612030568959, 0.27312365129404564, 0.4553104121382582]",stable,0.27474577297189445,4928,"[0.14800425461193395, 0.8245346013262951, 0.4667257191758587, 0.4139024826136493]"
"[0.0975591513948576, 0.5808371622868848, 0.47289709144392555, 0.4558909085896113]",anomaly,0.5458554101943696,4929,"[0.0, 0.8235528516609375, 0.0, 0.532687886740659]"
"[0.0975591513948576, 0.5808371622868848, 0.47289709144392555, 0.4558909085896113]",stable,0.49281454417608983,4930,"[0.49624314661570973, 0.3635347991280331, 0.29645908237237795, 0.38128153366478185]"
"[0.3622309886634659, 0.47962512033109705, 0.6130397204960892, 0.3126036471366415]",stable,0.4275424823936553,4931,"[0.04304198777838264, 0.5204185481943899, 0.34890534716484994, 0.40996834830388784]"
"[0.2405447282322723, 0.7059554625715821, 0.5491537159407144, 0.2599653219775464]",stable,0.28180927130042943,4932,"[0.27802295381604697, 0.5433626266773731, 0.4681359242190084, 0.04780610078179487]"
"[0.09724762474562061, 0.5804919130634991, 0.47218856719090224, 0.4556284939594072]",stable,0.28578613659842467,4933,"[0.1808611656776237, 0.5996360700158515, 0.4850767850007343, 0.18332372583931766]"
"[0.4523595237644431, 0.5822302109816471, 0.35517667526281194, 0.31014906585570123]",stable,0.452811800132492,4934,"[0.2445654545574816, 0.9179659053183717, 0.4798166475379671, 0.49347001938018586]"
"[0.09724762474562061, 0.5804919130634991, 0.47218856719090224, 0.4556284939594072]",stable,0.46057350585042833,4935,"[0.17465977957782947, 0.7135718086778204, 0.2918921938811812, 0.06076361614646256]"
"[0.13439075577684437, 0.6997298725461347, 0.28899357874383247, 0.22136399037421403]",stable,0.23882622343912194,4936,"[0.30778329303590035, 0.6215593547252567, 0.2933406499901626, 0.365736654477414]"
"[0.14789329967699744, 0.45487272971124726, 0.395767883287683, 0.2765046405695225]",stable,0.48546946008651826,4937,"[0.24864548961428867, 0.6653063078451135, 0.13202520241533142, 0.610700840996126]"
"[0.14789329967699744, 0.45487272971124726, 0.395767883287683, 0.2765046405695225]",stable,0.28524724272567537,4938,"[0.08053391067578192, 0.6772273630396299, 0.3632484721106193, 0.11424063615054841]"
"[0.1341280394592782, 0.6996201042070787, 0.28935579773586556, 0.22084143742678153]",stable,0.4297122101950112,4939,"[0.11152408621463722, 0.46041677216008753, 0.6455013399151748, 0.21168919115505103]"
"[0.09724762474562061, 0.5804919130634991, 0.47218856719090224, 0.4556284939594072]",stable,0.31516499168442774,4940,"[0.3371510648232213, 0.5050817907961208, 0.28432798430428846, 0.4838601478163673]"
"[0.3622309886634659, 0.47962512033109705, 0.6130397204960892, 0.3126036471366415]",anomaly,0.4231301634176489,4941,"[0.25244284917826826, 0.5607160228757573, 0.3626621557192355, 0.0]"
"[0.3622309886634659, 0.47962512033109705, 0.6130397204960892, 0.3126036471366415]",stable,0.5745097894765453,4942,"[0.20984445957372627, 0.7262631370572057, 0.1400272691872025, 0.46183083490259846]"
"[0.14789329967699744, 0.45487272971124726, 0.395767883287683, 0.2765046405695225]",stable,0.32285591549343645,4943,"[0.0, 0.6622104686217911, 0.38408496061540437, 0.4745906961641845]"
"[0.23997084782309297, 0.7049331607200847, 0.548537591604753, 0.2592283835531404]",stable,0.3125086122913812,4944,"[0.2467296474726851, 0.5242844218967302, 0.37862471622024935, 0.44925890563757576]"
"[0.3622309886634659, 0.47962512033109705, 0.6130397204960892, 0.3126036471366415]",stable,0.3210018696199304,4945,"[0.6138164541272605, 0.5414357516238004, 0.7037157001184624, 0.4790496337075921]"
"[0.5301924800795099, 0.4977431392434163, 0.6114496857752922, 0.5550781814999644]",stable,0.23686777586616659,4946,"[0.3362901402362606, 0.5504493068442032, 0.7337615835379457, 0.5828285942830838]"
"[0.34303382736527005, 0.2570984583086331, 0.6923683582250363, 0.4133226880020223]",stable,0.3821249437959697,4947,"[0.49314750080456327, 0.5489023779235208, 0.5142265252822371, 0.33207419527260484]"
"[0.3027001670049116, 0.7138628824435869, 0.27138407710028234, 0.45580587168593883]",stable,0.6841461480254911,4948,"[0.38876834699210167, 0.5008312297160638, 0.8879781671344782, 0.26851608733320964]"
"[0.38547108592257545, 0.3662303843655514, 0.9094908950060375, 0.352284731931288]",stable,0.42597670722838005,4949,"[0.416958168776841, 0.6049941269192309, 0.849034074807302, 0.6984083613582308]"
"[0.5073232677026209, 0.5478047817690449, 0.894746722215403, 0.8039131366693419]",stable,0.5016298728637946,4950,"[0.47933979601012683, 0.8220407789004527, 0.4799328420195189, 0.8636920404361331]"
"[0.9270794609773989, 0.5584187148259612, 0.3572156480478787, 0.6772204469884565]",stable,0.23365298659976624,4951,"[0.7582696584787145, 0.7064695442789326, 0.38516854097251757, 0.6189404641231832]"
"[0.6051930427851769, 0.6170223174716991, 0.39394836778652154, 0.652199708317914]",stable,0.5499482832762332,4952,"[0.8034752290516386, 0.3004605321438579, 0.006735122205030308, 0.7661375308535663]"
"[0.9170709257456974, 0.8481009777147395, 0.39977600568070537, 0.6657663244511659]",stable,0.6285840589458072,4953,"[0.32884524556982664, 0.6421694222226623, 0.4004736990607036, 0.5839117215324467]"
"[0.14789329967699744, 0.45487272971124726, 0.395767883287683, 0.2765046405695225]",stable,0.4268753455029713,4954,"[0.26619576832459446, 0.7284600542293658, 0.2917089930286716, 0.5638177271688736]"
"[0.14789329967699744, 0.45487272971124726, 0.395767883287683, 0.2765046405695225]",stable,0.3086039459333188,4955,"[0.4472791922848325, 0.49805574586343976, 0.33691074405790766, 0.29310424992368944]"
"[0.3026301715987264, 0.713477096710917, 0.27239363478872025, 0.4574012615868134]",stable,0.4267901525207483,4956,"[0.7238584698167692, 0.7631556462720782, 0.22728167666822907, 0.472013175118228]"
"[0.6554000204988151, 0.797671144342993, 0.4321023541063566, 0.4782727351218609]",stable,0.49846800298722327,4957,"[0.30541453753286585, 0.5882748997986593, 0.16175653395383952, 0.3831577414985936]"
"[0.14789329967699744, 0.45487272971124726, 0.395767883287683, 0.2765046405695225]",stable,0.6091829564515475,4958,"[0.7209642572785109, 0.5349190264498983, 0.4718953779006476, 0.4511206390550949]"
"[0.7475511818057649, 0.4979484580392742, 0.45195022995584383, 0.4637896697280848]",stable,0.6416856149710739,4959,"[0.166157672301281, 0.6972970755845083, 0.3508157633096892, 0.3096015900790187]"
"[0.13428352311385103, 0.699608827369105, 0.28965414708331133, 0.22127231195421956]",stable,0.6459232604409672,4960,"[0.189188194221115, 0.5993625107809506, 0.7507552285349531, 0.6589237762085125]"
"[0.36006012868897846, 0.7070431550459162, 0.58060735350691, 0.5111031871101971]",stable,0.3070035775412217,4961,"[0.4871513227180895, 0.7808682296894845, 0.4436042363419483, 0.27898461985561673]"
"[0.25511246867292703, 0.4025219954980078, 0.18630240408134438, 0.22781382476083126]",stable,0.6611394129267149,4962,"[0.40149529233652603, 0.5474860121320544, 0.8023822584475463, 0.35073021580285657]"
"[0.38547108592257545, 0.3662303843655514, 0.9094908950060375, 0.352284731931288]",stable,0.4619481270095455,4963,"[0.06815864291786769, 0.5176990719796212, 0.7128560130350136, 0.1262297708560572]"
"[0.09669508142320232, 0.5809562230382622, 0.47168797851717786, 0.4557362337446616]",stable,0.6768061680905508,4964,"[0.39901654533391406, 0.285193973346674, 1.0, 0.4468243743200522]"
"[0.3855714226589558, 0.36563011465430045, 0.9101613328208076, 0.35298502557861217]",stable,0.256900983456001,4965,"[0.36321853939077486, 0.4750959511791405, 0.6790324409388118, 0.3432315707252141]"
"[0.5301924800795099, 0.4977431392434163, 0.6114496857752922, 0.5550781814999644]",stable,0.3317547740451983,4966,"[0.3911793227865353, 0.2738679706205358, 0.8129553459875153, 0.558535055482656]"
"[0.38201012873982965, 0.5988959170448716, 0.8712392392504156, 0.47057249081051133]",stable,0.5638182249483692,4967,"[0.0, 0.21848742383714953, 0.7882699579509702, 0.32786744892273295]"
"[0.3855714226589558, 0.36563011465430045, 0.9101613328208076, 0.35298502557861217]",stable,0.2516792300776392,4968,"[0.20378702707116864, 0.48113562186453424, 0.7948554565123376, 0.4134821417586305]"
"[0.362237278795487, 0.4795962721199381, 0.6134600562950874, 0.3127987294524923]",stable,0.29942974364724023,4969,"[0.5430213250986512, 0.49020004650865684, 0.8296529928870293, 0.4134142059925012]"
"[0.362237278795487, 0.4795962721199381, 0.6134600562950874, 0.3127987294524923]",stable,0.4742782336246776,4970,"[0.13248361178014803, 0.5553828342503624, 0.8629698281762428, 0.6355282851479912]"
"[0.36006012868897846, 0.7070431550459162, 0.58060735350691, 0.5111031871101971]",stable,0.2798562720402541,4971,"[0.4649927872467838, 0.49168486529579974, 0.7105952434906445, 0.5746061450077719]"
"[0.5297798237957585, 0.49770479573741866, 0.6120771893051362, 0.55520177620571]",stable,0.2342871719034708,4972,"[0.7344019382813323, 0.38509453179068576, 0.6226288691112267, 0.5401067542085053]"
"[0.7474387951089749, 0.496983894567064, 0.4534090217434966, 0.46444195250142173]",stable,0.22346792166479224,4973,"[0.7015254389856029, 0.6510230740761386, 0.6008741994375093, 0.4159050769683336]"
"[0.5297798237957585, 0.49770479573741866, 0.6120771893051362, 0.55520177620571]",anomaly,0.65418090578012,4974,"[0.9996688747261472, 0.6604596960456046, 0.9960735015467526, 0.7374505400246956]"
"[0.5297798237957585, 0.49770479573741866, 0.6120771893051362, 0.55520177620571]",stable,0.5205543454318183,4975,"[1.0, 0.40619518234286356, 0.43317089095811157, 0.4577936681933612]"
"[0.6904817372536135, 0.7206879199619329, 0.6865603539954463, 0.4846748900862374]",stable,0.3338841295645935,4976,"[0.7800817225870741, 0.7303637327776956, 0.39756904577214813, 0.625532467167099]"
"[0.9163140793194067, 0.8474504956985128, 0.3997638125320393, 0.6655440379468341]",stable,0.34604729390921646,4977,"[0.7475421735071248, 0.6117960001027061, 0.48584841058297, 0.4972550777792775]"
"[0.6904817372536135, 0.7206879199619329, 0.6865603539954463, 0.4846748900862374]",stable,0.6100092492840833,4978,"[0.7647151180727068, 0.7096122811907476, 0.1865164660439113, 0.8258993466136401]"
"[0.7551800567829884, 0.6657949357373654, 0.21088877897196315, 0.7624682625118279]",stable,0.30337309413377017,4979,"[0.8884121530652469, 0.48009660652299785, 0.3983281894633557, 0.6941525199178693]"
"[0.9268109380057867, 0.5578748112960795, 0.3575011518077084, 0.6773380308282441]",stable,0.3023503439059354,4980,"[0.822636427463709, 0.6878782378284256, 0.3591438142225626, 0.4250290683172075]"
"[0.6569203514712232, 0.7966730270110424, 0.4314390946528676, 0.4777887017872731]",stable,0.44126828276615115,4981,"[0.928887929491948, 0.585304081292303, 0.49093802394476094, 0.7471107767826136]"
"[0.9268252620850015, 0.5580639786753638, 0.3584214060983088, 0.6778192221796535]",stable,0.21007111447401106,4982,"[1.0, 0.6303726778780758, 0.4069542755443406, 0.8544299338320629]"
"[0.9163140793194067, 0.8474504956985128, 0.3997638125320393, 0.6655440379468341]",stable,0.5005346363286548,4983,"[0.9966653668646575, 0.374264644540946, 0.33689341260149913, 0.5381821290755313]"
"[0.9273036189670539, 0.5568050791264979, 0.3582739540880567, 0.6768628037337349]",stable,0.5001797966273459,4984,"[0.6690899013693794, 0.6481223520258343, 0.6939331564556199, 0.42686368266575825]"
"[0.5297798237957585, 0.49770479573741866, 0.6120771893051362, 0.55520177620571]",stable,0.2674446277544499,4985,"[0.40168944605545864, 0.7020085607378472, 0.6363390480170329, 0.4421052781893825]"
"[0.36035329289578466, 0.7070077001564228, 0.5809998302288123, 0.5106172863431492]",stable,0.24457506542298355,4986,"[0.4915065028299142, 0.752183452745672, 0.3800905772434873, 0.4961113705325407]"
"[0.6554301366185988, 0.7962722200356787, 0.43097649539692723, 0.47795377087506835]",stable,0.5038262738388748,4987,"[0.3196229463920137, 0.49211517137141947, 0.5110710043641328, 0.27265446599645793]"
"[0.5297798237957585, 0.49770479573741866, 0.6120771893051362, 0.55520177620571]",stable,0.45459880566857686,4988,"[0.21003173122585939, 0.6812714812280862, 0.4211918365240127, 0.37003351357735326]"
"[0.452600791639852, 0.5814362765345097, 0.3561279179575047, 0.31018204094681534]",stable,0.3995318689832535,4989,"[0.15932571983108829, 0.7030173043030408, 0.39723894443357055, 0.5492288643468514]"
"[0.23968571337930983, 0.7047078113915894, 0.5473247748896983, 0.26028367050575196]",stable,0.5275398506568035,4990,"[0.3261760992677253, 0.7227430300641055, 0.320736023728004, 0.7284182408103748]"
"[0.14789329967699744, 0.45487272971124726, 0.395767883287683, 0.2765046405695225]",stable,0.3827951696485624,4991,"[0.24097768558199253, 0.7832703215790042, 0.22520362399591734, 0.30700536375227844]"
"[0.1347989538504121, 0.7000129891768824, 0.2893427918993142, 0.22168648128657736]",stable,0.1828329152229261,4992,"[0.20068635388530387, 0.7133166062449883, 0.18192210612602772, 0.3534838084463414]"
"[0.14789329967699744, 0.45487272971124726, 0.395767883287683, 0.2765046405695225]",stable,0.35213270612477454,4993,"[0.2106099284591177, 0.4333603424460428, 0.30655606141326697, 0.6106341592130597]"
"[0.36196756783090805, 0.4796755056595045, 0.6128120243208407, 0.312544651835682]",anomaly,0.8151650438491032,4994,"[0.07945353877625189, 0.8518483837909527, 0.189210421091377, 0.8290026875226073]"
"[0.36196756783090805, 0.4796755056595045, 0.6128120243208407, 0.312544651835682]",stable,0.3705687765797091,4995,"[0.3150690742616101, 0.7311574265468737, 0.3451432343707482, 0.3277765863866553]"
"[0.14789329967699744, 0.45487272971124726, 0.395767883287683, 0.2765046405695225]",stable,0.5314792306289032,4996,"[0.0, 0.813843974357526, 0.19068806564199697, 0.5759702619888342]"
"[0.09704892683793613, 0.5816458336668768, 0.4712673625054061, 0.4562644406972164]",stable,0.3385600740579619,4997,"[0.3506413974957666, 0.7338494114948418, 0.38697382089056065, 0.3146930724401321]"
"[0.30221454908920403, 0.7128296202359891, 0.2718672095191396, 0.45715936244730493]",stable,0.2989099391696343,4998,"[0.24169123646542603, 0.4862526429728033, 0.21695121471396206, 0.28015318387640187]"
"[0.30221454908920403, 0.7128296202359891, 0.2718672095191396, 0.45715936244730493]",stable,0.15880111029335714,4999,"[0.3235524897352323, 0.8319079019119683, 0.3691679805316174, 0.4237616422726724]"
