prediction,regime,surprise,tick,vector
"[0.27695950962732585, 0.7033445645556071, 0.8945100442074243, 0.4916725057102958]",stable,0.0,0,"[0.27695950962732585, 0.7033445645556071, 0.8945100442074243, 0.4916725057102958]"
"[0.27695950962732585, 0.7033445645556071, 0.8945100442074243, 0.4916725057102958]",stable,0.34897460211230796,1,"[0.29821636585141137, 0.4490126051154403, 0.7308407210418062, 0.3188748609209469]"
"[0.29821636585141137, 0.4490126051154403, 0.7308407210418062, 0.3188748609209469]",stable,0.4616405690414598,2,"[0.09392177077865234, 0.3250590252575064, 0.3387650932322409, 0.36670733448356174]"
"[0.09392177077865234, 0.3250590252575064, 0.3387650932322409, 0.36670733448356174]",stable,0.570874289736685,3,"[0.3042547834907508, 0.7876344714745813, 0.5959386412535495, 0.4059909341279741]"
"[0.3042547834907508, 0.7876344714745813, 0.5959386412535495, 0.4059909341279741]",stable,0.4139719228139831,4,"[0.39503553407096864, 0.5397967444829725, 0.3320487692088685, 0.5850724929615775]"
"[0.39503553407096864, 0.5397967444829725, 0.3320487692088685, 0.5850724929615775]",stable,0.5005859980625423,5,"[0.25852578077997246, 0.6179454878382543, 0.6628091255477605, 0.9263081729530791]"
"[0.25852578077997246, 0.6179454878382543, 0.6628091255477605, 0.9263081729530791]",stable,0.40863267782419865,6,"[0.5378926335255498, 0.6096391896336464, 0.602406308020498, 0.6343880948191649]"
"[0.5378926335255498, 0.6096391896336464, 0.602406308020498, 0.6343880948191649]",stable,0.2849302135171742,7,"[0.3082254987734038, 0.7574003706521077, 0.6034250217123156, 0.5531241458865314]"
"[0.39503553407096864, 0.5397967444829725, 0.3320487692088685, 0.5850724929615775]",stable,0.5358069628383839,8,"[0.5855163370035223, 0.4164191440229854, 0.8170975128623397, 0.5674132425474783]"
"[0.5855163370035223, 0.4164191440229854, 0.8170975128623397, 0.5674132425474783]",stable,0.3458432074841135,9,"[0.6343473083268995, 0.4708448067731889, 0.9212110285021842, 0.8890050389257877]"
"[0.6343473083268995, 0.4708448067731889, 0.9212110285021842, 0.8890050389257877]",stable,0.48735564662825803,10,"[0.3178919089686555, 0.4450888945310243, 0.933353800643617, 0.519463846923114]"
"[0.29821636585141137, 0.4490126051154403, 0.7308407210418062, 0.3188748609209469]",stable,0.661255406572267,11,"[0.3224623142460391, 0.8138935171147123, 1.0, 0.7995889644344427]"
"[0.3224623142460391, 0.8138935171147123, 1.0, 0.7995889644344427]",stable,0.6922442027413399,12,"[0.7220848413327655, 0.7322986249137761, 0.7844551760883657, 0.28346245424006017]"
"[0.7220848413327655, 0.7322986249137761, 0.7844551760883657, 0.28346245424006017]",stable,0.48437187322689484,13,"[0.5868404614743342, 0.4818280255740201, 0.7952412632107365, 0.6752190221250306]"
"[0.6343473083268995, 0.4708448067731889, 0.9212110285021842, 0.8890050389257877]",stable,0.5114932776655347,14,"[0.20172179570490514, 0.5424832471924907, 0.9270638662733155, 0.6257670913006337]"
"[0.29821636585141137, 0.4490126051154403, 0.7308407210418062, 0.3188748609209469]",stable,0.40354985269712534,15,"[0.07015238560755332, 0.6103955732435592, 0.5632519918747537, 0.5570110824025426]"
"[0.07015238560755332, 0.6103955732435592, 0.5632519918747537, 0.5570110824025426]",stable,0.347978219850196,16,"[0.4001408527279121, 0.6588878822239904, 0.46716277616569146, 0.5817459091015704]"
"[0.25852578077997246, 0.6179454878382543, 0.6628091255477605, 0.9263081729530791]",stable,0.7521009214362226,17,"[0.0, 0.8215159565557859, 0.4390827558778888, 0.28808737066143864]"
"[0.0, 0.8215159565557859, 0.4390827558778888, 0.28808737066143864]",stable,0.4543713427587935,18,"[0.1351480009739049, 0.6723781349158572, 0.14532576180514495, 0.0058586096482684535]"
"[0.1351480009739049, 0.6723781349158572, 0.14532576180514495, 0.0058586096482684535]",stable,0.4877855885585533,19,"[0.2824167156990081, 0.8589753650897405, 0.35456679413726083, 0.37686584697478703]"
"[0.2824167156990081, 0.8589753650897405, 0.35456679413726083, 0.37686584697478703]",stable,0.40932546272676157,20,"[0.19595676672825924, 0.48032957042328583, 0.4295757675475842, 0.48209430201329556]"
"[0.3062401411320773, 0.7725174210633445, 0.5996818314829325, 0.4795575400072527]",stable,0.39375269093406806,21,"[0.23015098149793764, 0.8007326884103132, 0.218464637823081, 0.42362033100790686]"
"[0.14493926875345578, 0.4026942978403961, 0.38417043038991255, 0.4244008182484287]",stable,0.22758263120057803,22,"[0.06760813147057738, 0.6122204858749805, 0.4219246691070418, 0.4023294970985527]"
"[0.3975881933994404, 0.5993423133534814, 0.39960577268728, 0.5834092010315739]",stable,0.2674164963440982,23,"[0.27926790119762673, 0.7625092398489931, 0.22625861360691432, 0.5544401225684055]"
"[0.14493926875345578, 0.4026942978403961, 0.38417043038991255, 0.4244008182484287]",stable,0.2754039189145551,24,"[0.11097373990432124, 0.668503180348789, 0.44356260093514216, 0.44702535053219605]"
"[0.3975881933994404, 0.5993423133534814, 0.39960577268728, 0.5834092010315739]",stable,0.26571912460739394,25,"[0.5864118517990426, 0.6898020111940014, 0.25697711341955, 0.6635739553367027]"
"[0.25852578077997246, 0.6179454878382543, 0.6628091255477605, 0.9263081729530791]",stable,0.5745835007279774,26,"[0.5943999297868378, 0.5090301485151081, 0.39652866505521733, 0.5594745314236594]"
"[0.25852578077997246, 0.6179454878382543, 0.6628091255477605, 0.9263081729530791]",stable,0.6669269038748372,27,"[0.7773988446146937, 0.5863776717119078, 0.3992343305614157, 0.6021260649153818]"
"[0.7773988446146937, 0.5863776717119078, 0.3992343305614157, 0.6021260649153818]",stable,0.3065752635629056,28,"[1.0, 0.5786562646115355, 0.6064216960034304, 0.6402166585492322]"
"[1.0, 0.5786562646115355, 0.6064216960034304, 0.6402166585492322]",stable,0.49026383428384035,29,"[0.9772631559901367, 0.9955036589287023, 0.3530816169247422, 0.6837909320894356]"
"[0.9772631559901367, 0.9955036589287023, 0.3530816169247422, 0.6837909320894356]",stable,0.5330446575367043,30,"[0.7089999899581829, 0.5353981685802696, 0.344490744717469, 0.7038063097996188]"
"[1.0, 0.5786562646115355, 0.6064216960034304, 0.6402166585492322]",stable,0.35671474752843485,31,"[1.0, 0.7906930758302165, 0.3295609710956108, 0.7152762401894535]"
"[0.7431994172864382, 0.5608879201460887, 0.3718625376394423, 0.6529661873575003]",stable,0.2332049393063394,32,"[0.6310539116127967, 0.6888099308259132, 0.34384223984264084, 0.49593513511277365]"
"[0.25852578077997246, 0.6179454878382543, 0.6628091255477605, 0.9263081729530791]",stable,0.5669710059752983,33,"[0.7361328578457491, 0.7070362546384021, 0.41603696149477976, 0.7697389043436315]"
"[1.0, 0.5786562646115355, 0.6064216960034304, 0.6402166585492322]",stable,0.3616605498838555,34,"[0.7107089109741348, 0.6245586010453434, 0.5363554946296004, 0.43998498750920645]"
"[0.3062401411320773, 0.7725174210633445, 0.5996818314829325, 0.4795575400072527]",stable,0.5249924712195886,35,"[0.6696505746052114, 0.499510719286792, 0.5403307746668189, 0.7354769502129233]"
"[1.0, 0.5786562646115355, 0.6064216960034304, 0.6402166585492322]",stable,0.2777364154624801,36,"[0.9959183663899667, 0.7372984114033052, 0.7189249157442986, 0.44198308028798666]"
"[0.9886315779950683, 0.8930983673794595, 0.3413212940101765, 0.6995335861394445]",stable,0.7377679122085754,37,"[0.6345877919242069, 0.4192601195742742, 0.7696066756201128, 0.8044308532408971]"
"[0.26552440476696215, 0.5636389020930407, 0.9183092370414524, 0.5456344813113478]",stable,0.44155994011960975,38,"[0.6120853091864481, 0.295390407184127, 0.9071487777492933, 0.5984446069869398]"
"[0.6344675501255532, 0.4450524631737316, 0.8454088520611485, 0.8467179460833425]",stable,0.5666631617485535,39,"[0.752370731258856, 0.29391826614513955, 1.0, 0.3363592386735583]"
"[0.752370731258856, 0.29391826614513955, 1.0, 0.3363592386735583]",stable,0.8850363882127329,40,"[0.43875502865765326, 0.6032702070745771, 0.2323920190454864, 0.3400960502446902]"
"[0.43875502865765326, 0.6032702070745771, 0.2323920190454864, 0.3400960502446902]",stable,0.48965995893012687,41,"[0.1383487357207352, 0.7458722337391857, 0.5834713635876724, 0.2630837760909719]"
"[0.1351480009739049, 0.6723781349158572, 0.14532576180514495, 0.0058586096482684535]",stable,0.5806439936929693,42,"[0.016548047591344595, 0.2663409887159061, 0.4599821410194953, 0.24918287353267832]"
"[0.3062401411320773, 0.7725174210633445, 0.5996818314829325, 0.4795575400072527]",stable,0.5690645969226003,43,"[0.30552002169042425, 0.4538832618197545, 0.15215919157551472, 0.627981784091895]"
"[0.30552002169042425, 0.4538832618197545, 0.15215919157551472, 0.627981784091895]",stable,0.18250147460275018,44,"[0.3251155364652035, 0.4449429422988792, 0.3151252666576475, 0.5487042141740488]"
"[0.3153177790778139, 0.44941310205931684, 0.2336422291165811, 0.5883429991329718]",stable,0.4966883172285989,45,"[0.4265869272564371, 0.3156083574156934, 0.5520568837657872, 0.24918690063190935]"
"[0.10214219503275206, 0.35724319479889943, 0.40944100059977345, 0.36599483667651195]",stable,0.31911132925721525,46,"[0.38317603162306485, 0.2628258022285913, 0.3455494024012946, 0.4652684122719576]"
"[0.3379371965928975, 0.38721733544907505, 0.27094462021148563, 0.5473181368459671]",stable,0.494781904505341,47,"[0.13964094934341628, 0.4125930098174601, 0.6247211761168255, 0.2650311286525141]"
"[0.10214219503275206, 0.35724319479889943, 0.40944100059977345, 0.36599483667651195]",stable,0.4871453903569789,48,"[0.5131513188244773, 0.47846288384528735, 0.5926248775344468, 0.5078806559985678]"
"[0.3062401411320773, 0.7725174210633445, 0.5996818314829325, 0.4795575400072527]",stable,0.3311076232189771,49,"[0.4533714926243556, 0.4920395114873858, 0.6896477684223827, 0.44458761017771337]"
"[0.3062401411320773, 0.7725174210633445, 0.5996818314829325, 0.4795575400072527]",stable,0.6592145686296477,50,"[0.28778419275492434, 0.1390865867587032, 0.6941276228639279, 0.6346981088653558]"
"[0.28778419275492434, 0.1390865867587032, 0.6941276228639279, 0.6346981088653558]",stable,0.5415169352737392,51,"[0.15756930709455064, 0.4360266503209446, 1.0, 0.3272028043524261]"
"[0.15756930709455064, 0.4360266503209446, 1.0, 0.3272028043524261]",stable,0.26874378933506876,52,"[0.3523377236478314, 0.27056248406364136, 0.9478624670589627, 0.26245888137044043]"
"[0.25495351537119104, 0.353294567192293, 0.9739312335294814, 0.29483084286143324]",stable,0.24666066149761395,53,"[0.3745289641779446, 0.2230867550371488, 0.8942698579775531, 0.14237368536448503]"
"[0.29481199830677557, 0.30989196314057826, 0.9473774416788386, 0.2440117903624505]",stable,0.3091888082871327,54,"[0.1300149249148115, 0.4026134218400784, 0.9647158681417357, 0.0]"
"[0.1300149249148115, 0.4026134218400784, 0.9647158681417357, 0.0]",stable,0.7076651256778416,55,"[0.5314159418397316, 0.1531208621968385, 0.9756686628440818, 0.5265934415496911]"
"[0.5314159418397316, 0.1531208621968385, 0.9756686628440818, 0.5265934415496911]",stable,0.4998588883804711,56,"[0.24782409526164453, 0.2111482872143054, 0.5793586331681281, 0.431694805250333]"
"[0.29481199830677557, 0.30989196314057826, 0.9473774416788386, 0.2440117903624505]",stable,0.5554650591319817,57,"[0.7232295608591739, 0.1871170054427768, 0.9404889070469415, 0.5754913249736932]"
"[0.26780414400828445, 0.17511743698650428, 0.6367431280160281, 0.5331964570578445]",stable,0.438798205170254,58,"[0.6946378036981409, 0.27527661549322646, 0.6342547386964917, 0.5510525119371588]"
"[0.6344675501255532, 0.4450524631737316, 0.8454088520611485, 0.8467179460833425]",stable,0.5842203936376562,59,"[0.7686200086669992, 0.25112927665136353, 0.6117265880089922, 0.3659862294201992]"
"[0.7686200086669992, 0.25112927665136353, 0.6117265880089922, 0.3659862294201992]",stable,0.18134011211609716,60,"[0.6645180377478791, 0.1374951895158626, 0.6723599879938099, 0.29210862144460326]"
"[0.7165690232074391, 0.19431223308361306, 0.6420432880014011, 0.32904742543240123]",stable,0.5116100252242685,61,"[0.5081973569446765, 0.5402348396452772, 0.671091652519466, 0.6418090109848251]"
"[0.3062401411320773, 0.7725174210633445, 0.5996818314829325, 0.4795575400072527]",stable,0.3733454895172349,62,"[0.4851665411745113, 0.4997353465156943, 0.7784043651893922, 0.4476139387428021]"
"[0.5347480423446176, 0.5407783953621057, 0.6450884110526311, 0.5193773830387133]",stable,0.2108025613837519,63,"[0.5894050719764081, 0.6430277913954248, 0.6896661229604226, 0.6896953727217396]"
"[0.5425561894348734, 0.5553854519382941, 0.6514566556108871, 0.5437085244220028]",stable,0.2931678111002692,64,"[0.5190447951744666, 0.4391585584778438, 0.874221555262507, 0.6929120382043251]"
"[0.6344675501255532, 0.4450524631737316, 0.8454088520611485, 0.8467179460833425]",stable,0.40213651404056083,65,"[0.6165229806265404, 0.7688686620092088, 0.9451777559003972, 0.6308916187999299]"
"[0.6165229806265404, 0.7688686620092088, 0.9451777559003972, 0.6308916187999299]",stable,0.5482136928856067,66,"[0.25772894869864604, 0.4237754456782027, 1.0, 0.407933574956689]"
"[0.2855412359047432, 0.33836283377498433, 0.960533081259129, 0.28499223651101013]",stable,0.4580152809096591,67,"[0.3160602464158148, 0.7778311186016341, 0.8904589964319504, 0.38893374319306195]"
"[0.28814808081708826, 0.39240465744953124, 0.6358729269748064, 0.27769763006845677]",stable,0.4675032870235254,68,"[0.15350402677912994, 0.3430485289373541, 1.0, 0.5334431077575429]"
"[0.15350402677912994, 0.3430485289373541, 1.0, 0.5334431077575429]",stable,0.6118298067746641,69,"[0.6254253226202467, 0.6033248569644847, 0.7237854301910686, 0.620550785281079]"
"[0.5529148310830451, 0.561377877566568, 0.6604977524334098, 0.5533138070293873]",stable,0.3815542014421174,70,"[0.5046075273331793, 0.4041253630930951, 0.973172186392239, 0.4092431365830885]"
"[0.3293544941904304, 0.3515153396386065, 0.9630609022857509, 0.30984241652542577]",stable,0.1701739010277718,71,"[0.37665725720450477, 0.3679221052391451, 1.0, 0.4682341028755317]"
"[0.3372382880261094, 0.3542498005720296, 0.9692174185714592, 0.33624103091711016]",stable,0.5450358262917016,72,"[0.7941391287600585, 0.3246101964707102, 0.71191654353169, 0.19055840583582456]"
"[0.7424257250583123, 0.23774488754597878, 0.665334373178164, 0.28288441890020904]",stable,0.5347367588111672,73,"[0.36266286187887253, 0.4851728143661012, 0.9252233029865078, 0.39672963911694226]"
"[0.3408703700050756, 0.37295308825689694, 0.9629325449164661, 0.34488226065994326]",stable,0.49266099397258495,74,"[0.3838840391837163, 0.7585998234223541, 0.7699504877585958, 0.5791880448761807]"
"[0.5214084159995116, 0.6172653434483971, 0.35931191273839364, 0.5771604047872567]",stable,0.6614667943615413,75,"[0.493396584894599, 0.46119178969752417, 1.0, 0.5334170850490256]"
"[0.6344675501255532, 0.4450524631737316, 0.8454088520611485, 0.8467179460833425]",stable,0.21294804597778702,76,"[0.5575226241467399, 0.5551422615965431, 0.7351213632928919, 0.7236600135625617]"
"[0.5534268080901223, 0.5606850313476763, 0.6687892647511301, 0.5722411633108511]",stable,0.2214722794092571,77,"[0.6214988852962756, 0.36763472249836093, 0.5858248627592174, 0.5559731238813497]"
"[0.5602340158107377, 0.5413800004627447, 0.6604928245519388, 0.570614359367901]",stable,0.5067981278098862,78,"[0.6525332955324779, 0.6414991577697956, 0.288476330851021, 0.8866919891822469]"
"[0.9979591831949833, 0.6579773380074203, 0.6626733058738645, 0.5410998694186094]",stable,0.47985914678443825,79,"[0.6300319280835892, 0.8501414197921335, 0.4330936023087679, 0.6136289055468014]"
"[0.7089431125112629, 0.5939643943974334, 0.39771382845830083, 0.7395680436907603]",stable,0.18027378152436482,80,"[0.591996524911194, 0.605380446878705, 0.5304147870250773, 0.772465783658688]"
"[0.9979591831949833, 0.6579773380074203, 0.6626733058738645, 0.5410998694186094]",stable,0.5563096221736388,81,"[0.7746152311134438, 0.9387285180860846, 0.24680124781439747, 0.629570661216787]"
"[0.689452014577918, 0.5958670698109787, 0.4198306548860969, 0.7450510003520816]",stable,0.34782384137371414,82,"[0.46916293434831174, 0.6756870482343215, 0.44980792913151607, 0.4897388779746419]"
"[0.689452014577918, 0.5958670698109787, 0.4198306548860969, 0.7450510003520816]",stable,0.5779251578355717,83,"[0.2295057079405497, 0.5417515368674953, 0.6644853521078561, 0.5007919753571255]"
"[0.5819202152385853, 0.39487742340828785, 0.8379939746302281, 0.6030764178083263]",stable,0.35817041890437074,84,"[0.6239377630466449, 0.5781749012216881, 0.5380320986612837, 0.5488041205769811]"
"[0.5660252655594566, 0.5447249914408304, 0.649360031289152, 0.5686316103869081]",stable,0.2584719192909767,85,"[0.4746733970218978, 0.7581237647397634, 0.6214833704697712, 0.6788424288791485]"
"[0.5819202152385853, 0.39487742340828785, 0.8379939746302281, 0.6030764178083263]",stable,0.1483928916469178,86,"[0.5509036893422843, 0.47045479868284223, 0.7237709425449345, 0.555122432567169]"
"[0.5647651342080257, 0.538535808710998, 0.6555609405604672, 0.5675058455685965]",stable,0.2957236452728606,87,"[0.5875765772118293, 0.7950611638472875, 0.7392446326241494, 0.4486618541498281]"
"[0.5819202152385853, 0.39487742340828785, 0.8379939746302281, 0.6030764178083263]",stable,0.435144386714604,88,"[0.47406771846665235, 0.618075023919446, 0.48086609954542775, 0.5840767285275587]"
"[0.689452014577918, 0.5958670698109787, 0.4198306548860969, 0.7450510003520816]",stable,0.6940329559829009,89,"[0.21109850153196322, 0.5671042583845919, 0.37740857412468154, 0.2448183261996639]"
"[0.34010868528206367, 0.7207019934312604, 0.6510565746604177, 0.5435875058253921]",stable,0.49241016109112135,90,"[0.317179953599869, 0.3731179338702333, 0.3630256185061476, 0.34822750519792656]"
"[0.34010868528206367, 0.7207019934312604, 0.6510565746604177, 0.5435875058253921]",stable,0.3579332770376082,91,"[0.3323249488622505, 0.5131124146401408, 0.5385730034795994, 0.27468295538051135]"
"[0.1669410080460177, 0.40239035533030465, 0.39375143888602987, 0.3382060682854252]",stable,0.1543613417866615,92,"[0.08539555602058212, 0.4856818577166649, 0.3379042751690022, 0.2538177810227229]"
"[0.34010868528206367, 0.7207019934312604, 0.6510565746604177, 0.5435875058253921]",stable,0.49290230670162055,93,"[0.15243696472682391, 0.5430253554983528, 0.2361279688752565, 0.6068115019791882]"
"[0.29919229782837886, 0.42258159674718365, 0.6115479461010046, 0.2769439613964704]",stable,0.5578398821371553,94,"[0.32612268934667454, 0.6622443243069805, 0.24464397806701635, 0.6210418302869638]"
"[0.08291141899415065, 0.630373079822443, 0.4762464206389792, 0.46878864334443043]",stable,0.6017309710583646,95,"[0.5805441422719214, 0.54556248886956, 0.5678868493924591, 0.78319447938138]"
"[0.9979591831949833, 0.6579773380074203, 0.6626733058738645, 0.5410998694186094]",stable,0.2546092180616492,96,"[0.9020245672574619, 0.7976519224258037, 0.4741230700720726, 0.5173886393044788]"
"[0.522538082612014, 0.6537787761484858, 0.39504089933471, 0.5716558169981607]",stable,0.23734969856211044,97,"[0.7054029690832172, 0.5787259310542617, 0.5223970908701941, 0.6039479774126966]"
"[0.9134757385902605, 0.8806442938177018, 0.3508917264767058, 0.6365066182000386]",stable,0.21051805521236985,98,"[0.8528877804482393, 0.6915988670124275, 0.39298186307827404, 0.5804959236546924]"
"[0.6778323998528308, 0.5874363548487117, 0.45115848369740436, 0.7321810573633207]",stable,0.5031193323548772,99,"[0.7241334250240721, 1.0, 0.3749044078578111, 0.4583894718924724]"
"[0.7241334250240721, 1.0, 0.3749044078578111, 0.4583894718924724]",stable,0.5814264864785822,100,"[0.7152183564068009, 0.5821615685455735, 0.6628745168591734, 0.7420469101024132]"
"[0.9013581469618563, 0.842835208456647, 0.35930975379701946, 0.6253044792909693]",stable,0.388219199929867,101,"[0.7381638399561373, 0.952335510760957, 0.16735051312765692, 0.8996092351229009]"
"[0.7381638399561373, 0.952335510760957, 0.16735051312765692, 0.8996092351229009]",stable,0.53278647187119,102,"[1.0, 0.7518279077584756, 0.5847308588499829, 0.8697161247904843]"
"[1.0, 0.7518279077584756, 0.5847308588499829, 0.8697161247904843]",stable,0.7469898852760645,103,"[0.5044570482787973, 0.807919702451346, 0.3450254726925082, 0.36789333722557654]"
"[0.0691743678603676, 0.7836940951474858, 0.5112770597327806, 0.27558557337620526]",stable,1.116638474566737,104,"[1.0, 0.6624767293117108, 0.5151977831590218, 0.8803467688759116]"
"[0.4716060384682253, 0.7055949547629616, 0.2887087458689973, 0.35399469373513337]",stable,0.5903190290463549,105,"[0.863074166020525, 0.4051731195217631, 0.3529031249475485, 0.6715715565100483]"
"[0.863074166020525, 0.4051731195217631, 0.3529031249475485, 0.6715715565100483]",stable,0.4165186927021217,106,"[0.7649662138703273, 0.6180473865942437, 0.45625666876826515, 1.0]"
"[0.7649662138703273, 0.6180473865942437, 0.45625666876826515, 1.0]",stable,0.3230438374160115,107,"[0.9898687881182823, 0.7515907449465109, 0.5679636544118133, 0.846820778864966]"
"[0.4716060384682253, 0.7055949547629616, 0.2887087458689973, 0.35399469373513337]",stable,0.6835761586433923,108,"[0.886586107934346, 0.6112429851569587, 0.18517781462157357, 0.8788251032181005]"
"[0.886586107934346, 0.6112429851569587, 0.18517781462157357, 0.8788251032181005]",stable,0.37018180687141156,109,"[0.9460340668063573, 0.8979480480639016, 0.29063437773421463, 0.6783765299517133]"
"[0.6819863950254942, 0.5868502674816963, 0.4746824873820453, 0.7332772632232198]",stable,0.47169726631132786,110,"[1.0, 0.9050840178645193, 0.3587939709683143, 0.6516513483590899]"
"[0.6819863950254942, 0.5868502674816963, 0.4746824873820453, 0.7332772632232198]",stable,0.41054118294841585,111,"[0.866947587273957, 0.41103403513528863, 0.6565269555389311, 0.4680327305689818]"
"[0.866947587273957, 0.41103403513528863, 0.6565269555389311, 0.4680327305689818]",stable,0.6068881780879544,112,"[0.43461284006478007, 0.586701887667522, 0.4716297305363595, 0.8091393837312377]"
"[0.9218321145165198, 0.8596011583159509, 0.3494253025268037, 0.6366500392522357]",stable,0.3364729002550811,113,"[0.7545213131892908, 0.5767398595618429, 0.3269027710375798, 0.5680692138871056]"
"[0.7649662138703273, 0.6180473865942437, 0.45625666876826515, 1.0]",stable,0.9861769729994657,114,"[0.46855674640143075, 0.24430377198556769, 0.9621360121735988, 0.30065155314090813]"
"[0.35683116705462, 0.3568719237229808, 0.9628329783236077, 0.33935342222006387]",stable,0.4343244607216146,115,"[0.4064457754797969, 0.4091322160672034, 0.626994255828956, 0.6051679104053289]"
"[0.552586721998162, 0.528581686199937, 0.6533635032734278, 0.5704029274791144]",stable,0.3225197520943972,116,"[0.6141683796352067, 0.3500345249899479, 0.88142468186642, 0.6982141162551163]"
"[0.6344675501255532, 0.4450524631737316, 0.8454088520611485, 0.8467179460833425]",stable,0.4832231067858975,117,"[0.5402276258241802, 0.7590315206152695, 0.7404133666902772, 0.5075771093512482]"
"[0.5865270958666741, 0.3884712950628107, 0.8441983613782555, 0.6166675175864391]",stable,0.2337656698533636,118,"[0.379568691815909, 0.3698027365284501, 0.8196602510174587, 0.7208979040239967]"
"[0.6344675501255532, 0.4450524631737316, 0.8454088520611485, 0.8467179460833425]",stable,0.1868988257429636,119,"[0.5376716190901052, 0.5882525346327092, 0.8386670942589799, 0.775936542911605]"
"[0.2781583651791753, 0.617186956220189, 0.9113466768890769, 0.5064592967817764]",stable,0.7504324299413472,120,"[0.7583535823727724, 0.29322808506235515, 0.5025834182801204, 0.7524768439234354]"
"[0.7583535823727724, 0.29322808506235515, 0.5025834182801204, 0.7524768439234354]",stable,0.5531056910146243,121,"[0.7866417439564586, 0.6741537507023918, 0.7677790436790611, 0.45298961068478805]"
"[0.5606572953603285, 0.38613772524601564, 0.8411310975831559, 0.6296963158911338]",stable,0.5532388454826039,122,"[0.526657024684069, 0.6692917958230397, 0.367755317194776, 0.6553155391857561]"
"[0.6572490395294228, 0.5868354295002789, 0.47437721169747676, 0.7408634752740217]",stable,0.4728555359191179,123,"[1.0, 0.3571727105855235, 0.626647923924255, 0.9145954604825169]"
"[1.0, 0.3571727105855235, 0.626647923924255, 0.9145954604825169]",stable,0.44382528062839727,124,"[0.9807607079374052, 0.562681761103557, 0.32338618393259755, 0.6647773735107877]"
"[0.7649662138703273, 0.6180473865942437, 0.45625666876826515, 1.0]",stable,0.34638519180374433,125,"[0.6747312093471305, 0.6726929712334931, 0.4307199825004052, 0.6710591500079278]"
"[0.9218321145165198, 0.8596011583159509, 0.3494253025268037, 0.6366500392522357]",stable,0.18449427505852714,126,"[1.0, 0.7293467337943368, 0.3946016546133584, 0.7311000329690581]"
"[0.6588383276946689, 0.5946406605669347, 0.47040837267956115, 0.7345176275225587]",stable,0.31070738467601944,127,"[0.8904547896758327, 0.683514556554685, 0.37973944501811663, 0.8981436327913493]"
"[0.9966229293727608, 0.7219651273388991, 0.5559640988069393, 0.8656278908437872]",stable,0.21001660823616938,128,"[0.9343268238779221, 0.9009047181034407, 0.5441693515164887, 0.9554481433961672]"
"[0.4716060384682253, 0.7055949547629616, 0.2887087458689973, 0.35399469373513337]",stable,0.7956221503497972,129,"[0.9785550962943174, 0.5579373805548703, 0.7723495612239363, 0.7008463355047304]"
"[0.9316031002019548, 0.8433193552507491, 0.35507234653762304, 0.6484562884668386]",stable,0.30245832641283726,130,"[0.729311297122813, 0.7847646225348764, 0.4546190907721562, 0.4555292177579272]"
"[0.6588383276946689, 0.5946406605669347, 0.47040837267956115, 0.7345176275225587]",stable,0.22369443456958915,131,"[0.713515213565349, 0.6609263114685142, 0.32946124111012676, 0.5835548612661228]"
"[0.6588383276946689, 0.5946406605669347, 0.47040837267956115, 0.7345176275225587]",stable,0.3337976472370226,132,"[0.7822668141316663, 0.7343670486261378, 0.204350213606153, 0.8111718544591194]"
"[0.9316031002019548, 0.8433193552507491, 0.35507234653762304, 0.6484562884668386]",stable,0.47669596786447543,133,"[0.9516811812031891, 0.6563975772913558, 0.6357036069166342, 0.9848225487607982]"
"[0.4716060384682253, 0.7055949547629616, 0.2887087458689973, 0.35399469373513337]",stable,0.4925964897030642,134,"[0.7011584953164711, 0.7609083287814152, 0.6005761258442952, 0.6533876448624989]"
"[0.9316031002019548, 0.8433193552507491, 0.35507234653762304, 0.6484562884668386]",stable,0.48682534667725785,135,"[0.536907062257663, 0.5625414836313032, 0.40293118244953335, 0.6391142098693686]"
"[0.662365008329819, 0.608496299584808, 0.481255685443289, 0.7277567956342205]",stable,0.445367482418851,136,"[0.836816502492839, 0.7804211055537084, 0.702981239975522, 0.4290955993928522]"
"[0.5606572953603285, 0.38613772524601564, 0.8411310975831559, 0.6296963158911338]",stable,0.6146322247467371,137,"[0.5417399345073262, 0.8148259738802683, 0.4397976034277239, 0.44921718383601295]"
"[0.662365008329819, 0.608496299584808, 0.481255685443289, 0.7277567956342205]",stable,0.5255720970028774,138,"[0.44941925102673286, 0.966958972380813, 0.29380350095544616, 0.46843783308559167]"
"[0.08291141899415065, 0.630373079822443, 0.4762464206389792, 0.46878864334443043]",stable,0.2806803716569122,139,"[0.3483947379427758, 0.5480440507112517, 0.4876630628362753, 0.4314835546830633]"
"[0.15335009937511176, 0.41627227239469805, 0.38444357826652525, 0.3241413537416415]",stable,0.2012367305390097,140,"[0.14512944139133196, 0.6078718174642858, 0.3860025567433322, 0.38509893256150274]"
"[0.541580360127563, 0.6475445272827949, 0.3873159032211015, 0.5864755587551393]",stable,0.2744044493500619,141,"[0.3160690899721791, 0.693463099191094, 0.49405973639308093, 0.481882501195514]"
"[0.5606572953603285, 0.38613772524601564, 0.8411310975831559, 0.6296963158911338]",stable,0.8548506785131311,142,"[0.05573239901416685, 0.6692236865045517, 0.3458026767336927, 0.24196880120938444]"
"[0.1351480009739049, 0.6723781349158572, 0.14532576180514495, 0.0058586096482684535]",stable,0.4489557597857134,143,"[0.1715401944063133, 0.5945475067059109, 0.32895468559725727, 0.40643281520991104]"
"[0.541580360127563, 0.6475445272827949, 0.3873159032211015, 0.5864755587551393]",stable,0.6434409110921605,144,"[0.00201417505125831, 0.6223856942459749, 0.21985566216025265, 0.2795413006910057]"
"[0.1351480009739049, 0.6723781349158572, 0.14532576180514495, 0.0058586096482684535]",stable,0.48825069822752554,145,"[0.08495865267030002, 0.7525395789019346, 0.40504480434217227, 0.40833834265136315]"
"[0.541580360127563, 0.6475445272827949, 0.3873159032211015, 0.5864755587551393]",stable,0.5840914642643786,146,"[0.0, 0.6253160063692547, 0.5897369560687942, 0.5065683477374042]"
"[0.541580360127563, 0.6475445272827949, 0.3873159032211015, 0.5864755587551393]",stable,0.43887834295348,147,"[0.204010927836014, 0.6488888594397172, 0.21672158276617562, 0.3638618824108329]"
"[0.09290893506434246, 0.6387705927012449, 0.4483540378097848, 0.4446863383133532]",stable,0.4398570914997074,148,"[0.0, 0.5799724554619449, 0.12371925665186778, 0.16901038969336288]"
"[0.2952314111006657, 0.7833849082460929, 0.259076517892649, 0.46804464105574795]",stable,0.35513918266349626,149,"[0.0, 0.6271534157940883, 0.28636663466890255, 0.35053198958807164]"
"[0.09290893506434246, 0.6387705927012449, 0.4483540378097848, 0.4446863383133532]",stable,0.278702219247904,150,"[0.26532801239588916, 0.6276719703855576, 0.24331665367154415, 0.3686397705125238]"
"[0.09290893506434246, 0.6387705927012449, 0.4483540378097848, 0.4446863383133532]",stable,0.24134971093768984,151,"[0.0, 0.4928964513378746, 0.404653756263586, 0.28211748204254516]"
"[0.29156213862637914, 0.4261693404613945, 0.26224045737742835, 0.5621914781292723]",stable,0.6672843523803934,152,"[0.21990668110131134, 0.5913492652852725, 0.6656857703486627, 0.06211011053464277]"
"[0.21990668110131134, 0.5913492652852725, 0.6656857703486627, 0.06211011053464277]",stable,0.6258863519900553,153,"[0.0, 0.7716018130437259, 0.16729610233909495, 0.31209318008601244]"
"[0.09290893506434246, 0.6387705927012449, 0.4483540378097848, 0.4446863383133532]",stable,0.41825805687888684,154,"[0.3479404440057221, 0.31916962003344423, 0.3648601299507544, 0.4167092546302992]"
"[0.30903278585125826, 0.44767408753999727, 0.5867709694480587, 0.30785188005378894]",stable,0.1747753304902492,155,"[0.29473393869048736, 0.531076982865164, 0.4423780651687552, 0.2574871566552045]"
"[0.13144294232152437, 0.4272185836722947, 0.3873307465518197, 0.3181379434989134]",stable,0.1917408382791775,156,"[0.13806971841495297, 0.5844598764929616, 0.440507125883741, 0.413888052719959]"
"[0.541580360127563, 0.6475445272827949, 0.3873159032211015, 0.5864755587551393]",stable,0.41576229327517317,157,"[0.2655421724996945, 0.596190126177249, 0.17412512523603052, 0.3660813184724959]"
"[0.13144294232152437, 0.4272185836722947, 0.3873307465518197, 0.3181379434989134]",stable,0.4513293203375686,158,"[0.3243501966466444, 0.7850611491688383, 0.2011384409685806, 0.3795062601253674]"
"[0.13144294232152437, 0.4272185836722947, 0.3873307465518197, 0.3181379434989134]",stable,0.30769449152596456,159,"[0.1150407187651588, 0.5453491595334277, 0.6701462599311101, 0.29651805412467214]"
"[0.13144294232152437, 0.4272185836722947, 0.3873307465518197, 0.3181379434989134]",stable,0.3150176028748414,160,"[0.1496273828284187, 0.6764394047772149, 0.19572093015716, 0.32708650949892953]"
"[0.09855403298316877, 0.6319817531752095, 0.4473731738190293, 0.4408365526141789]",stable,0.48681273358117355,161,"[0.14442870699117205, 0.587782775878401, 0.25092537885406524, 0.0]"
"[0.29184542757180243, 0.7454702994675779, 0.2414488141368944, 0.435832799493875]",stable,0.23167878105346376,162,"[0.2087564183865425, 0.6530591984061693, 0.21015310949244587, 0.24282492034264408]"
"[0.09319223598835898, 0.6133777887520676, 0.17332346577035931, 0.058289666447210446]",stable,0.35017331896484405,163,"[0.0, 0.5929951760115962, 0.3032999982693552, 0.3691388430003322]"
"[0.09319223598835898, 0.6133777887520676, 0.17332346577035931, 0.058289666447210446]",stable,0.5765059132398812,164,"[0.16805654430682074, 0.577724185583902, 0.4683899836312104, 0.5465713207812093]"
"[0.29184542757180243, 0.7454702994675779, 0.2414488141368944, 0.435832799493875]",stable,0.45794858757208645,165,"[0.0, 0.8648138200665711, 0.36240878996635484, 0.12652880080799514]"
"[0.10627653424135232, 0.6259531345539532, 0.4497083749092716, 0.4525848601882934]",stable,0.2082623401803109,166,"[0.14410737739479706, 0.6641176546482254, 0.5085221421070233, 0.2601623047597222]"
"[0.29184542757180243, 0.7454702994675779, 0.2414488141368944, 0.435832799493875]",stable,0.24778760307278713,167,"[0.31484497882684304, 0.511077399117891, 0.24402140132829334, 0.5127942634835122]"
"[0.2792769409588482, 0.47354236858551113, 0.5780541674771655, 0.29903780157840304]",stable,0.3097072465435692,168,"[0.06973183421916956, 0.6217026604874007, 0.43834698588431403, 0.40170161271935334]"
"[0.29184542757180243, 0.7454702994675779, 0.2414488141368944, 0.435832799493875]",stable,0.47084059222580993,169,"[0.2493919372692872, 0.6873754280624134, 0.6775588798720984, 0.27359359051670096]"
"[0.05544791110011216, 0.7045060399144865, 0.311345802325282, 0.28008854919767856]",stable,0.34339468035962206,170,"[0.3032082583792715, 0.47410292869132026, 0.3406553754090451, 0.22919579843953813]"
"[0.30483899622301364, 0.4224873968328189, 0.27630722679812686, 0.5297115717718167]",stable,0.6378916745409461,171,"[0.0, 0.34597540116548725, 0.4422305225719013, 0.0]"
"[0.0, 0.34597540116548725, 0.4422305225719013, 0.0]",stable,0.39270220065423717,172,"[0.07292433203944881, 0.5181869015378862, 0.4731380487329453, 0.3439258410782368]"
"[0.29184542757180243, 0.7454702994675779, 0.2414488141368944, 0.435832799493875]",stable,0.40590374017032266,173,"[0.28359817608195975, 0.4549017832670784, 0.17213527387968075, 0.16114133683591067]"
"[0.05544791110011216, 0.7045060399144865, 0.311345802325282, 0.28008854919767856]",stable,0.21461016661009036,174,"[0.14804948834176423, 0.6951600596564229, 0.48633061010644835, 0.1977754809547001]"
"[0.05544791110011216, 0.7045060399144865, 0.311345802325282, 0.28008854919767856]",stable,0.417284105000986,175,"[0.4332652335572328, 0.6650773106511688, 0.31383312393181395, 0.10740593954137378]"
"[0.05544791110011216, 0.7045060399144865, 0.311345802325282, 0.28008854919767856]",stable,0.2545301352878689,176,"[0.2621071330774959, 0.7369290980650126, 0.32205466562241153, 0.13548003876895498]"
"[0.05544791110011216, 0.7045060399144865, 0.311345802325282, 0.28008854919767856]",stable,0.45814712422518133,177,"[0.0, 0.9616666743975386, 0.24548961473772052, 0.6493522587862919]"
"[0.0, 0.9616666743975386, 0.24548961473772052, 0.6493522587862919]",stable,0.5852873664125452,178,"[0.2735863357942817, 0.7329740930219726, 0.5654322158905726, 0.3131257676525346]"
"[0.05544791110011216, 0.7045060399144865, 0.311345802325282, 0.28008854919767856]",stable,0.47227295584356727,179,"[0.17177098553606462, 0.28083101121768306, 0.17594359557772674, 0.1720311586978011]"
"[0.17177098553606462, 0.28083101121768306, 0.17594359557772674, 0.1720311586978011]",stable,0.45046938181438206,180,"[0.25665961841428814, 0.4503881690897408, 0.5741846520313449, 0.26352441052193254]"
"[0.15291360682874275, 0.43307912679967286, 0.38149632515897286, 0.3070201753664915]",stable,0.2534193607039574,181,"[0.27711850660162085, 0.6530168409828255, 0.38935217035828135, 0.2880411651682194]"
"[0.05544791110011216, 0.7045060399144865, 0.311345802325282, 0.28008854919767856]",stable,0.39250505065115787,182,"[0.2900455428811499, 0.6993892493255096, 0.16799870953367782, 0.0]"
"[0.05544791110011216, 0.7045060399144865, 0.311345802325282, 0.28008854919767856]",stable,0.32384769187920276,183,"[0.34548400835568815, 0.6240364062618293, 0.27745308842890737, 0.16549224982991206]"
"[0.05544791110011216, 0.7045060399144865, 0.311345802325282, 0.28008854919767856]",stable,0.4048106344932549,184,"[0.25967804368367464, 0.4262418867660872, 0.43830914680850885, 0.44923662921625207]"
"[0.27644977564077816, 0.4706480936485398, 0.577570478046438, 0.29459862769634426]",stable,0.5951653701893289,185,"[0.2730775309698604, 0.6873039253476032, 0.12322659024582025, 0.6121554384365442]"
"[0.15291360682874275, 0.43307912679967286, 0.38149632515897286, 0.3070201753664915]",stable,0.4126983780337938,186,"[0.21230893517950256, 0.7926990834784113, 0.18810622647650468, 0.2989021280768365]"
"[0.15291360682874275, 0.43307912679967286, 0.38149632515897286, 0.3070201753664915]",stable,0.39846464038296536,187,"[0.02383148336657706, 0.6850024292796586, 0.2483737084296738, 0.06019048991365572]"
"[0.05544791110011216, 0.7045060399144865, 0.311345802325282, 0.28008854919767856]",stable,0.37245761725123006,188,"[0.0, 0.46942709915370995, 0.029538174438105247, 0.31127441584415333]"
"[0.0, 0.46942709915370995, 0.029538174438105247, 0.31127441584415333]",stable,0.5016257733884042,189,"[0.28284731888958037, 0.7249757824108448, 0.1622159584139849, 0.6091288884466057]"
"[0.15291360682874275, 0.43307912679967286, 0.38149632515897286, 0.3070201753664915]",stable,0.48928307606166277,190,"[0.0, 0.6132500516755435, 0.08267797379097239, 0.0]"
"[0.05544791110011216, 0.7045060399144865, 0.311345802325282, 0.28008854919767856]",stable,0.4549573818112065,191,"[0.28465597942748516, 0.4296272554299846, 0.10646504521239408, 0.0879547159373315]"
"[0.27644977564077816, 0.4706480936485398, 0.577570478046438, 0.29459862769634426]",stable,0.34833303074694166,192,"[0.048589960665502724, 0.551903771910129, 0.39714539562818324, 0.4685529590980031]"
"[0.2829035527654304, 0.742850957203755, 0.2205490085306966, 0.45355680420040506]",stable,0.278655933411406,193,"[0.2856557369362006, 0.7621700257396293, 0.4830061754705172, 0.3619895402874684]"
"[0.05544791110011216, 0.7045060399144865, 0.311345802325282, 0.28008854919767856]",stable,0.4485454441915926,194,"[0.4331750122127962, 0.6634185254247285, 0.36082387102005975, 0.5132815796709971]"
"[0.662365008329819, 0.608496299584808, 0.481255685443289, 0.7277567956342205]",stable,0.4257650309627653,195,"[0.4321072244743126, 0.3564604151340963, 0.5448255851968673, 0.48139528208321375]"
"[0.5439810436036013, 0.5162873096952341, 0.6456107948393878, 0.5640452385222643]",stable,0.48876652149010463,196,"[0.8280983506268373, 0.8293385505189977, 0.40683037136255584, 0.5078945629935772]"
"[0.662365008329819, 0.608496299584808, 0.481255685443289, 0.7277567956342205]",stable,0.4217992143861233,197,"[0.9913600359706622, 0.7051295923282, 0.23773240154016395, 0.7599323449684502]"
"[0.9316031002019548, 0.8433193552507491, 0.35507234653762304, 0.6484562884668386]",stable,0.5575023563796329,198,"[0.5134769634987879, 0.48943816316964833, 0.4336146453060211, 0.716121792011573]"
"[0.9316031002019548, 0.8433193552507491, 0.35507234653762304, 0.6484562884668386]",stable,0.3165405657004298,199,"[1.0, 0.6895982928608865, 0.5848148126790329, 0.786688079531555]"
"[0.37686449308808134, 0.6817082609144599, 0.3133517566799015, 0.2340681301297878]",stable,0.849200030871746,200,"[0.7342251287423305, 0.5583531643164352, 0.31470144138727363, 0.9944731320937727]"
"[0.9793127988665655, 0.7354659950453968, 0.5720966779221625, 0.8873070740366469]",stable,0.37824600900308053,201,"[1.0, 0.8196717476660806, 0.4870979092397056, 0.5290799343835021]"
"[0.6509120818043551, 0.5993379813990265, 0.47759099004811456, 0.7268617953555553]",stable,0.22438677135125012,202,"[0.8176131251611506, 0.5998810428582423, 0.401040763707707, 0.8560900942404276]"
"[0.9793127988665655, 0.7354659950453968, 0.5720966779221625, 0.8873070740366469]",stable,0.530087628383138,203,"[0.821189966277011, 0.7866463459039422, 0.6979331106148674, 0.39993059997179614]"
"[0.5606572953603285, 0.38613772524601564, 0.8411310975831559, 0.6296963158911338]",stable,0.17474641809076025,204,"[0.6248177044338113, 0.28984835427586386, 0.7136881195363927, 0.5995898892048125]"
"[0.6022022397804039, 0.49278582032672413, 0.8431615994604256, 0.8231241450260965]",stable,0.3825473076866118,205,"[0.5782452920362365, 0.43657294584594214, 0.8831405842048394, 0.4476107620495743]"
"[0.6022022397804039, 0.49278582032672413, 0.8431615994604256, 0.8231241450260965]",stable,0.6263950403935209,206,"[0.32837989186848293, 0.25175537689027816, 0.7297429791569826, 0.32670435259342445]"
"[0.35683116705462, 0.3568719237229808, 0.9628329783236077, 0.33935342222006387]",stable,0.32971845036683695,207,"[0.4953239812364118, 0.2521510932148005, 0.8207875530012043, 0.5809949785281014]"
"[0.6022022397804039, 0.49278582032672413, 0.8431615994604256, 0.8231241450260965]",stable,0.6194832872224995,208,"[0.44299844572524316, 0.3605284885649942, 0.8355453439593347, 0.2392888206803993]"
"[0.36640530912913366, 0.35727820870542676, 0.9486899078386885, 0.32823513316010117]",stable,0.27355602087719216,209,"[0.21647028486749875, 0.3208230229773596, 0.9882969687251706, 0.10585103926107164]"
"[0.6273227513494528, 0.17011893381980764, 0.9580787849455117, 0.5510423832616922]",stable,0.47879530633989287,210,"[0.33241375583205707, 0.24137548569497583, 0.5898520823107087, 0.5109770738582398]"
"[0.36640530912913366, 0.35727820870542676, 0.9486899078386885, 0.32823513316010117]",stable,0.3306715327368361,211,"[0.2641203391233541, 0.156001878419172, 1.0, 0.5643210513812891]"
"[0.5439810436036013, 0.5162873096952341, 0.6456107948393878, 0.5640452385222643]",stable,0.35809754088416296,212,"[0.4846943101551208, 0.3201796920343548, 0.7503908436268197, 0.28966981014761667]"
"[0.3782342092317324, 0.35356835703831957, 0.9288600014175016, 0.3243786008588527]",stable,0.33489573753398316,213,"[0.048200486147188026, 0.306376477783278, 0.9105689345033247, 0.3502872876048747]"
"[0.5439810436036013, 0.5162873096952341, 0.6456107948393878, 0.5640452385222643]",stable,0.484381700288848,214,"[0.4278428074554608, 0.2267086963827153, 1.0, 0.45592465927509984]"
"[0.3827440817975259, 0.3420356606150828, 0.9353272740159105, 0.3363373334421479]",stable,0.22841350008363015,215,"[0.5611853388454175, 0.4001345739077654, 0.8122867093563078, 0.29371127889709037]"
"[0.39761418655151687, 0.34687723672280635, 0.9250738936276103, 0.3327851622300598]",stable,0.4832527643178444,216,"[0.5706754474207596, 0.49983743843234935, 0.6341852218114443, 0.6419291278984661]"
"[0.5457606705247452, 0.5151906516110417, 0.6448490899708582, 0.5692374978140111]",stable,0.3064416912314017,217,"[0.7654463677805262, 0.36895648367889194, 0.4905637755894825, 0.5478759800440833]"
"[0.6509120818043551, 0.5993379813990265, 0.47759099004811456, 0.7268617953555553]",stable,0.3273037998221551,218,"[0.45663532507022275, 0.7469644121257588, 0.6898468009177406, 0.7772426138666805]"
"[0.45663532507022275, 0.7469644121257588, 0.6898468009177406, 0.7772426138666805]",stable,0.44185127484805736,219,"[0.7493163837462933, 0.7605188439978456, 0.462336430661069, 0.5371891702767057]"
"[0.6509120818043551, 0.5993379813990265, 0.47759099004811456, 0.7268617953555553]",stable,0.11891830311804834,220,"[0.677832447747088, 0.6290568111666333, 0.3736086560713933, 0.6853729764764526]"
"[0.9392027557350708, 0.8406918432968971, 0.3697418535045211, 0.6351922491242457]",stable,0.2562354076799871,221,"[0.7399559985830932, 0.7894301802738566, 0.29682164953796025, 0.7694017855623746]"
"[0.9392027557350708, 0.8406918432968971, 0.3697418535045211, 0.6351922491242457]",stable,0.3817106756268748,222,"[0.5750559580128076, 0.831346916657736, 0.43061761483406097, 0.7316648546908203]"
"[0.6528349650859788, 0.6014607549538555, 0.4701636804783488, 0.7238983082927622]",stable,0.14127984443406028,223,"[0.6513014016125082, 0.7106644381441873, 0.3893069971977672, 0.6852409031429793]"
"[0.9392027557350708, 0.8406918432968971, 0.3697418535045211, 0.6351922491242457]",stable,0.30079635000913874,224,"[0.9080329314733794, 0.6436111541349421, 0.5235668891014076, 0.7995210251112317]"
"[0.37686449308808134, 0.6817082609144599, 0.3133517566799015, 0.2340681301297878]",stable,0.389206822088959,225,"[0.5780400440252761, 0.5833645670875534, 0.4754679536129581, 0.5080338298846017]"
"[0.6527327275210808, 0.6087410004998777, 0.46477323492631, 0.7213211479494434]",stable,0.5313105974247623,226,"[0.17907230229007887, 0.47729634111361224, 0.3378233332917802, 0.5646598046012641]"
"[0.27644977564077816, 0.4706480936485398, 0.577570478046438, 0.29459862769634426]",stable,0.258604476499501,227,"[0.40858872255489004, 0.4659020251101156, 0.6042213587001443, 0.5152403720871576]"
"[0.5371874237766293, 0.5121101124547338, 0.6423098567664386, 0.5658626774560828]",stable,0.39106895160875427,228,"[0.38516497643139463, 0.26616385276416804, 0.7040329914260612, 0.30988456822104204]"
"[0.39761418655151687, 0.34687723672280635, 0.9250738936276103, 0.3327851622300598]",stable,0.22878457864793272,229,"[0.2824061079463543, 0.40059220554621705, 0.7968417420236554, 0.47328676176024004]"
"[0.38875202665881203, 0.35100915740153027, 0.9152098819657676, 0.3435929775785352]",stable,0.25232881027877735,230,"[0.5819032916454286, 0.4635068746123576, 0.8612182018293516, 0.44747550464239083]"
"[0.6022022397804039, 0.49278582032672413, 0.8431615994604256, 0.8231241450260965]",stable,0.5626521780341777,231,"[0.7229375655153116, 0.4831800896314391, 0.4111995762485713, 0.48354058387093585]"
"[0.6527327275210808, 0.6087410004998777, 0.46477323492631, 0.7213211479494434]",stable,0.3310331565977243,232,"[0.6980654185115494, 0.807183054807402, 0.6850227359793215, 0.581182622687026]"
"[0.5637957193528763, 0.3775984224930908, 0.8339902699364198, 0.5927701384628291]",stable,0.6246391381125336,233,"[1.0, 0.6981217346849485, 0.5270486895005305, 0.5384419602477122]"
"[0.9392027557350708, 0.8406918432968971, 0.3697418535045211, 0.6351922491242457]",stable,0.34387770342372015,234,"[0.9428692186281433, 0.5251191364697372, 0.29938974377670413, 0.7522515474497112]"
"[0.8018148143624102, 0.6149490375809016, 0.3879345797203406, 0.9371767147813873]",stable,0.5506688586462619,235,"[0.9216079294315815, 0.692785229679907, 0.16495175739275222, 0.4543662036995024]"
"[0.9216079294315815, 0.692785229679907, 0.16495175739275222, 0.4543662036995024]",stable,0.4855927726045932,236,"[1.0, 0.9303761758121494, 0.34399377618628896, 0.8300649153024743]"
"[0.6527327275210808, 0.6087410004998777, 0.46477323492631, 0.7213211479494434]",stable,0.46368052881612065,237,"[0.8750339682707723, 0.6629318498745923, 0.10210643913634315, 0.5449183751826003]"
"[0.9452824801615638, 0.8496602765484222, 0.3671670457726979, 0.6546795157420685]",stable,0.27555212537367124,238,"[0.8510043579702985, 0.5980011334941815, 0.30948983998419766, 0.6351442879811113]"
"[0.8018148143624102, 0.6149490375809016, 0.3879345797203406, 0.9371767147813873]",stable,0.27617764542872025,239,"[0.6363518690556009, 0.7005303549292172, 0.2605449998421091, 0.7779792316846929]"
"[0.9452824801615638, 0.8496602765484222, 0.3671670457726979, 0.6546795157420685]",stable,0.2886769115993677,240,"[0.8176822790171621, 0.7539512336395182, 0.6021425102799352, 0.7064372025482524]"
"[0.37686449308808134, 0.6817082609144599, 0.3133517566799015, 0.2340681301297878]",stable,0.6752907239685199,241,"[0.8004300101446059, 0.762109113240066, 0.35098122406997184, 0.7524594309516884]"
"[0.9501990004612418, 0.7262947947558551, 0.5697861833642897, 0.8537250839849206]",stable,0.47697237715845386,242,"[0.7059108808689296, 0.7483890559614335, 0.2385163115654233, 0.6137290863966675]"
"[0.9501990004612418, 0.7262947947558551, 0.5697861833642897, 0.8537250839849206]",stable,0.1648551743660094,243,"[0.9878266532640545, 0.7071918039369762, 0.42041814023318036, 0.9092737265673929]"
"[0.7918373880984149, 0.7215997615022671, 0.25344637354047933, 0.7662141196058706]",stable,0.22537964405250474,244,"[0.8300005410168344, 0.8165375867585123, 0.34073313894007695, 0.5853622807038309]"
"[0.6527327275210808, 0.6087410004998777, 0.46477323492631, 0.7213211479494434]",stable,0.2800113045219548,245,"[0.6963363753953966, 0.6113623276775222, 0.20354587191837392, 0.8121971404440912]"
"[0.9543798507726654, 0.7241722402204241, 0.5531897341274997, 0.8598971553829731]",stable,0.49620109885194563,246,"[0.8139260626194222, 0.6826216812156777, 0.11930863660081281, 0.6688238496840532]"
"[0.9543798507726654, 0.7241722402204241, 0.5531897341274997, 0.8598971553829731]",stable,0.4187087845713258,247,"[0.6324850164623129, 0.587064647209366, 0.4575738234475524, 0.650708562278411]"
"[0.9348023038756793, 0.8466491229311578, 0.36476396333336875, 0.6483779489204106]",stable,0.6137275596047214,248,"[0.4168408002371622, 0.5680380703852973, 0.4894547534534953, 0.5250674204753525]"
"[0.6514672455799079, 0.6073862284192207, 0.46432327170888765, 0.7169078613450038]",stable,0.431868498662986,249,"[0.5372787490553144, 0.7944177860541813, 0.5388655363589259, 0.35230666191148785]"
"[0.6514672455799079, 0.6073862284192207, 0.46432327170888765, 0.7169078613450038]",stable,0.4919001720213174,250,"[0.24512470372073406, 0.5332389602640011, 0.4940573896801356, 0.4514467855474077]"
"[0.2829035527654304, 0.742850957203755, 0.2205490085306966, 0.45355680420040506]",stable,0.3021386511705848,251,"[0.2359180039359242, 0.5704249870732852, 0.028608245587892822, 0.6035839719996777]"
"[0.2359180039359242, 0.5704249870732852, 0.028608245587892822, 0.6035839719996777]",stable,0.14512008285582154,252,"[0.2172532227664016, 0.6624005660368416, 0.0, 0.49665630696075647]"
"[0.2265856133511629, 0.6164127765550633, 0.014304122793946411, 0.5501201394802171]",stable,0.5466838460994418,253,"[0.4156173188582635, 0.6428100894800641, 0.48206606670183805, 0.3412369481961767]"
"[0.05544791110011216, 0.7045060399144865, 0.311345802325282, 0.28008854919767856]",stable,0.15861244329855317,254,"[0.20930488032708727, 0.6942924683049201, 0.2746890860439957, 0.27393157787437966]"
"[0.1097833583008445, 0.6087662971309443, 0.45418466687257475, 0.42850380320695464]",stable,0.4337598744535248,255,"[0.5105659788856135, 0.555619489122795, 0.33459668377401797, 0.3265476811734695]"
"[0.06943490830256444, 0.7035775334045259, 0.3080133735724378, 0.2795288245319241]",stable,0.399061736632296,256,"[0.3837388134952878, 0.5997527153333024, 0.11054414395380424, 0.382919517202436]"
"[0.1252931300421091, 0.6132395542577134, 0.17016515184929754, 0.056600118013028236]",stable,0.3280558970440366,257,"[0.23004025919049575, 0.5511375267427714, 0.3448479326141072, 0.3061556725561912]"
"[0.2834730404139794, 0.42980782610957663, 0.30424698011113127, 0.524020733056052]",stable,0.25680840919438075,258,"[0.2864252682933097, 0.6452185645673234, 0.232396253961679, 0.40411439338887]"
"[0.16148323486893754, 0.44619672679335054, 0.37742428154287666, 0.30692411949868037]",stable,0.1843033390717467,259,"[0.2137184761086552, 0.4723700155049566, 0.44663708203994146, 0.4674350149886631]"
"[0.27644977564077816, 0.4706480936485398, 0.577570478046438, 0.29459862769634426]",stable,0.18157575906458645,260,"[0.30773320155779865, 0.3479421325969765, 0.6120530776818884, 0.42007890896622546]"
"[0.38875202665881203, 0.35100915740153027, 0.9152098819657676, 0.3435929775785352]",stable,0.5501345090593875,261,"[0.02966656993656938, 0.3941538288931484, 0.5221166778893594, 0.2119803525784412]"
"[0.29035762249812586, 0.7256559118818348, 0.21353775002027445, 0.4449796829282976]",stable,0.8349139859969741,262,"[0.14233904805944303, 0.11671673821847128, 0.7238208850628041, 0.23527496075008064]"
"[0.14233904805944303, 0.11671673821847128, 0.7238208850628041, 0.23527496075008064]",stable,0.5309037847476701,263,"[0.2806819727022256, 0.5429970646558735, 1.0, 0.30405172736214753]"
"[0.27644977564077816, 0.4706480936485398, 0.577570478046438, 0.29459862769634426]",stable,0.3829266712632397,264,"[0.12994707321474813, 0.2177915598390414, 0.8247778308139294, 0.2835581660144043]"
"[0.27866308668378537, 0.6023489779073259, 0.9290773415112614, 0.46597778289785063]",stable,0.7363679287955534,265,"[0.0474662640307667, 0.04714852769953465, 0.5725650855679703, 0.23481284782963333]"
"[0.27866308668378537, 0.6023489779073259, 0.9290773415112614, 0.46597778289785063]",stable,0.38054703874531864,266,"[0.011417262535286937, 0.3513099796991864, 0.8517445014560482, 0.5322708549391243]"
"[0.38875202665881203, 0.35100915740153027, 0.9152098819657676, 0.3435929775785352]",stable,0.11763892993068507,267,"[0.3062202733029067, 0.2963903918071793, 0.9152999334423844, 0.4071870799695395]"
"[0.3828569014191045, 0.34710781700193377, 0.9152163142140973, 0.34813541346360694]",stable,0.21592467893549958,268,"[0.5092194731523545, 0.27390547382403196, 1.0, 0.21356531642797336]"
"[0.3912810728679878, 0.3422276607900736, 0.9208685599331575, 0.33916407366123136]",stable,0.18713801998066013,269,"[0.43470348685795, 0.26979652779152724, 1.0, 0.4862255528155663]"
"[0.3939949737423605, 0.33770071497766446, 0.9258142749373351, 0.3483554161083773]",stable,0.28750057920791927,270,"[0.6178190917560806, 0.23155049327246968, 0.7799319056188028, 0.34522300581937426]"
"[0.7112740667327544, 0.2361962889776015, 0.6939837562883238, 0.2984690656300003]",stable,0.5423107487147552,271,"[0.18522601829490104, 0.3329516287858272, 0.7148629809163305, 0.38551423266305374]"
"[0.3939949737423605, 0.33770071497766446, 0.9258142749373351, 0.3483554161083773]",stable,0.20111121493646986,272,"[0.4835404715652587, 0.3196585981135726, 1.0, 0.5114452220708023]"
"[0.3992623559672368, 0.33663941398565905, 0.9301781411174919, 0.357948934106167]",stable,0.189937457701458,273,"[0.39973374928094824, 0.4722159836540639, 1.0, 0.47117400820893024]"
"[0.39928854448466516, 0.3441714456339038, 0.9340571332776312, 0.364239216000765]",stable,0.2112182350303504,274,"[0.3923818854472253, 0.507711945940971, 0.822717266623248, 0.2905956166660285]"
"[0.3989250361142736, 0.3527788403869073, 0.9281971402958215, 0.3603632370884104]",stable,0.4596194903040707,275,"[0.49498635830562543, 0.400232925117213, 0.5416205826964157, 0.584704435273731]"
"[0.5347050081606879, 0.5055291014348796, 0.6363869582917313, 0.5669710161512385]",stable,0.5509001018036978,276,"[0.0008285802513841589, 0.40065898056540106, 0.7058522718476746, 0.6183880352356035]"
"[0.0008285802513841589, 0.40065898056540106, 0.7058522718476746, 0.6183880352356035]",stable,0.4721336591691045,277,"[0.08044855279437636, 0.42804843924812347, 0.39913266544470927, 0.269470061072995]"
"[0.29035762249812586, 0.7256559118818348, 0.21353775002027445, 0.4449796829282976]",stable,0.46195971326927937,278,"[0.4419799966248213, 0.35034704791763993, 0.43613758211635295, 0.44181681576030457]"
"[0.27644977564077816, 0.4706480936485398, 0.577570478046438, 0.29459862769634426]",stable,0.6002851535255286,279,"[0.26389356445000395, 0.5201665225370851, 0.44332260942592794, 0.8774451272783186]"
"[0.5347050081606879, 0.5055291014348796, 0.6363869582917313, 0.5669710161512385]",stable,0.1654854040779894,280,"[0.4356802257213821, 0.47226280485326866, 0.5289280148797368, 0.496789534133361]"
"[0.5292036313585043, 0.5036809738470124, 0.630417016991065, 0.5630720449280231]",stable,0.37197829581996333,281,"[0.5749338147872252, 0.45406301161360646, 0.29067073545716265, 0.6986711780092871]"
"[0.9348023038756793, 0.8466491229311578, 0.36476396333336875, 0.6483779489204106]",stable,0.27941499841944767,282,"[0.803763734496834, 0.6000147217124098, 0.37214908893426407, 0.6526868620332643]"
"[0.8018148143624102, 0.6149490375809016, 0.3879345797203406, 0.9371767147813873]",stable,0.5006547176466959,283,"[0.763248947895998, 0.6664381315725868, 0.47808386753444065, 0.448924936134229]"
"[0.6469652790626913, 0.5983672156659493, 0.45410841663525675, 0.7158351152664322]",stable,0.4121060339865062,284,"[1.0, 0.5878955305342631, 0.266387083032926, 0.8150768090340682]"
"[0.8018148143624102, 0.6149490375809016, 0.3879345797203406, 0.9371767147813873]",stable,0.3670720464670033,285,"[0.8885540504909718, 0.7728636512258713, 0.7054044245806022, 0.898523582759921]"
"[0.783680461633747, 0.7050202599343411, 0.23299768036694912, 0.7605022030410266]",stable,0.27514982669834637,286,"[0.6449530707993438, 0.5854726748276974, 0.3902343193615885, 0.6284145336042165]"
"[0.9348023038756793, 0.8466491229311578, 0.36476396333336875, 0.6483779489204106]",stable,0.48247336080111236,287,"[0.8224153448888097, 0.47945017362752695, 0.560178514525403, 0.43128856607286226]"
"[0.6468534897147276, 0.5976508522860464, 0.4505598556756085, 0.710978416285198]",stable,0.45079565215949535,288,"[0.7294412013734696, 0.7892187361960294, 0.8052736305570763, 0.5269244197177019]"
"[0.5637957193528763, 0.3775984224930908, 0.8339902699364198, 0.5927701384628291]",stable,0.2565324074810477,289,"[0.6851420429800918, 0.5808017387372736, 0.929444309342987, 0.6188639012907062]"
"[0.3989250361142736, 0.3527788403869073, 0.9281971402958215, 0.3603632370884104]",stable,0.312654774324979,290,"[0.4791404649700151, 0.5942119485573454, 0.8358411748763945, 0.5168845545256854]"
"[0.27644977564077816, 0.4706480936485398, 0.577570478046438, 0.29459862769634426]",stable,0.25316083433077,291,"[0.4032701445070049, 0.5165676434419924, 0.6046882493473027, 0.5071145647601947]"
"[0.5225755531031622, 0.5043592196151692, 0.6290628713256039, 0.5601269143928743]",stable,0.3073823780291069,292,"[0.3822789074161684, 0.3710824175143321, 0.8657382026890922, 0.5281447462743081]"
"[0.3980927296793683, 0.3536940192432786, 0.9250741934154849, 0.3687523125477053]",stable,0.3456153194946278,293,"[0.22621966864567258, 0.6031600679468062, 1.0, 0.22021809422684102]"
"[0.22621966864567258, 0.6031600679468062, 1.0, 0.22021809422684102]",stable,0.5308302140260286,294,"[0.37114777246790914, 0.44488017818294384, 0.8974664437881598, 0.6947820068796082]"
"[0.6022022397804039, 0.49278582032672413, 0.8431615994604256, 0.8231241450260965]",stable,0.36605536849736403,295,"[0.4194619991893984, 0.30432611321659736, 0.8110256796980241, 0.5700376800946978]"
"[0.6022022397804039, 0.49278582032672413, 0.8431615994604256, 0.8231241450260965]",stable,0.3952383150568125,296,"[0.2555470254186084, 0.4736208663564704, 0.6581908760097699, 0.7848877219430606]"
"[0.5225755531031622, 0.5043592196151692, 0.6290628713256039, 0.5601269143928743]",stable,0.5310676112437299,297,"[0.26115413754907935, 0.3389781615322419, 1.0, 0.3393410375800969]"
"[0.3915718443398307, 0.3529932641141816, 0.9286420889671285, 0.36735177564448585]",stable,0.44044788797236983,298,"[0.4215209910036404, 0.7458952399098483, 0.7376181876041206, 0.414630704961339]"
"[0.5397256002779874, 0.3771705258083307, 0.8368839544802301, 0.598432953466304]",stable,0.22088305107274672,299,"[0.3752227353107216, 0.2685324025221811, 0.8665405344221692, 0.6935453874787814]"
"[0.6022022397804039, 0.49278582032672413, 0.8431615994604256, 0.8231241450260965]",stable,0.3876772156453996,300,"[0.42685361662866417, 0.518028147714488, 0.9507156566561439, 0.49549411957337963]"
"[0.27644977564077816, 0.4706480936485398, 0.577570478046438, 0.29459862769634426]",stable,0.4657240800832326,301,"[0.3315272377251196, 0.6898046047258668, 0.9594259338356715, 0.43609854457310926]"
"[0.27644977564077816, 0.4706480936485398, 0.577570478046438, 0.29459862769634426]",stable,0.3302910835246152,302,"[0.5404400773653691, 0.5372025354927552, 0.7524674826381921, 0.36080183386387576]"
"[0.5234687793162724, 0.5060013854090484, 0.6352331018912333, 0.5501606603664244]",stable,0.412288642755888,303,"[0.5137508568683791, 0.6951124779584543, 1.0, 0.5828652723908408]"
"[0.3915718443398307, 0.3529932641141816, 0.9286420889671285, 0.36735177564448585]",stable,0.2049520183632219,304,"[0.3509419776177495, 0.41980589148314473, 0.7529464283587982, 0.4382153871017271]"
"[0.3915718443398307, 0.3529932641141816, 0.9286420889671285, 0.36735177564448585]",stable,0.2544657717819896,305,"[0.349053545584063, 0.19107404960143404, 0.833026136970061, 0.5334384427035493]"
"[0.3915718443398307, 0.3529932641141816, 0.9286420889671285, 0.36735177564448585]",stable,0.2165015763229013,306,"[0.2841759268674588, 0.22098852136182073, 0.887334952070998, 0.2400430257767101]"
"[0.3866902117274502, 0.3469930485345288, 0.9267644918354861, 0.3615650142868597]",stable,0.4544462939070353,307,"[0.10604372148534252, 0.01019955841759096, 0.974151278251479, 0.4714905301994232]"
"[0.10604372148534252, 0.01019955841759096, 0.974151278251479, 0.4714905301994232]",stable,0.6817120545519868,308,"[0.35060199444476225, 0.6247505538099813, 0.9458338682744841, 0.6341182486333172]"
"[0.5234687793162724, 0.5060013854090484, 0.6352331018912333, 0.5501606603664244]",stable,0.4612182225309184,309,"[0.7882810110382108, 0.4098685030132117, 1.0, 0.5328312145760077]"
"[0.39842128203404564, 0.6610848930112023, 0.3370966613194081, 0.2590241762685466]",stable,0.5765420083715554,310,"[0.41448158546772257, 0.35605352690385905, 0.8255701982436279, 0.2812102864764176]"
"[0.38789853232485333, 0.3473869823766736, 0.922364739940188, 0.3580713304690144]",stable,0.16420988872141912,311,"[0.39098509741579834, 0.3692825213309905, 0.7625966202101992, 0.3888949247059652]"
"[0.38789853232485333, 0.3473869823766736, 0.922364739940188, 0.3580713304690144]",stable,0.7019434524812012,312,"[0.7354153734477804, 0.7478906807377356, 0.936460288165865, 0.8178046865967807]"
"[0.38789853232485333, 0.3473869823766736, 0.922364739940188, 0.3580713304690144]",stable,0.5558242560033073,313,"[0.6995132960423923, 0.6548567643487607, 0.8422226561114405, 0.6910524443005885]"
"[0.38789853232485333, 0.3473869823766736, 0.922364739940188, 0.3580713304690144]",stable,0.5255435942114153,314,"[0.7193320758550105, 0.6260375123534747, 0.7789443490016055, 0.6190930714147989]"
"[0.6616127709700323, 0.678927972690818, 0.9053748930870492, 0.6600951657989409]",stable,0.6851959322100174,315,"[0.4902360140970313, 0.5122709979668227, 0.34840496927306375, 0.3405119536877039]"
"[0.06943490830256444, 0.7035775334045259, 0.3080133735724378, 0.2795288245319241]",stable,0.5366724489446344,316,"[0.0, 0.39712499111401345, 0.3557932496888502, 0.7119638297375939]"
"[0.0, 0.39712499111401345, 0.3557932496888502, 0.7119638297375939]",stable,0.35500065833448846,317,"[0.19461051587612146, 0.5535907456531506, 0.4196014473080995, 0.4678343638768924]"
"[0.29035762249812586, 0.7256559118818348, 0.21353775002027445, 0.4449796829282976]",stable,0.30098053433434085,318,"[0.26465389465686767, 0.49898918911363976, 0.1934400460765098, 0.24966742138549822]"
"[0.27644977564077816, 0.4706480936485398, 0.577570478046438, 0.29459862769634426]",stable,0.4650905210602413,319,"[0.23767580214577377, 0.8468256367246292, 0.31239406198265374, 0.24003035661965424]"
"[0.1154385021391963, 0.6050879270324248, 0.4518791189016097, 0.43112584058495046]",stable,0.2240518815659805,320,"[0.2856544339164276, 0.47163108192247566, 0.39344163266742266, 0.43078983702342066]"
"[0.27644977564077816, 0.4706480936485398, 0.577570478046438, 0.29459862769634426]",stable,0.4598793620713866,321,"[0.41244338891055266, 0.8235769187685765, 0.3388148990923009, 0.4015181428780071]"
"[0.14213311241376214, 0.4398157099346751, 0.39255162520181436, 0.29488795355814174]",stable,0.32107588471221576,322,"[0.31587014519279233, 0.6813766527373492, 0.28524934438582333, 0.3500214155285252]"
"[0.14213311241376214, 0.4398157099346751, 0.39255162520181436, 0.29488795355814174]",stable,0.3479699786964302,323,"[0.4355505526701403, 0.4579048840377695, 0.5759614027388974, 0.32687149794356735]"
"[0.14213311241376214, 0.4398157099346751, 0.39255162520181436, 0.29488795355814174]",stable,0.3079948042867837,324,"[0.005735576013111421, 0.4419724729437109, 0.450117700601172, 0.5649583274756185]"
"[0.1154385021391963, 0.6050879270324248, 0.4518791189016097, 0.43112584058495046]",stable,0.3002591617805148,325,"[0.10459301946241269, 0.5252672524504642, 0.6835846817256723, 0.6042706695701388]"
"[0.14213311241376214, 0.4398157099346751, 0.39255162520181436, 0.29488795355814174]",stable,0.40866217547063827,326,"[0.26748186704259813, 0.3575115177968206, 0.7578393005317278, 0.4001656700132278]"
"[0.38789853232485333, 0.3473869823766736, 0.922364739940188, 0.3580713304690144]",stable,0.3906160520521834,327,"[0.27935589581085024, 0.49063512469557413, 0.5932148644201869, 0.24880228019962256]"
"[0.14213311241376214, 0.4398157099346751, 0.39255162520181436, 0.29488795355814174]",stable,0.501095137480707,328,"[0.3543977248216569, 0.5979896003923693, 0.7355144620710584, 0.5466767222318308]"
"[0.5287587426135031, 0.36992798425592077, 0.8388610598096927, 0.6047737824004692]",anomaly,0.8288392255842297,329,"[0.0, 0.5089334933450026, 0.6894796870058254, 0.0]"
"[0.5287587426135031, 0.36992798425592077, 0.8388610598096927, 0.6047737824004692]",stable,0.6619844609194356,330,"[0.06749787792811, 0.42406155197312684, 0.38349461731764506, 0.481595857808347]"
"[0.1154385021391963, 0.6050879270324248, 0.4518791189016097, 0.43112584058495046]",stable,0.44849051699413184,331,"[0.26456710680475537, 0.2138404825378834, 0.41502728691329305, 0.27469124479564705]"
"[0.29173974817834, 0.43025552311106224, 0.3372901943375242, 0.5029279574746185]",stable,0.36437524372506375,332,"[0.14388171395969748, 0.6875883093513699, 0.5339480386013786, 0.4253853925699672]"
"[0.2995825155673192, 0.7290085211157258, 0.2258495464851229, 0.4363284449626687]",stable,0.23783114085017704,333,"[0.07727048856705082, 0.7630253300586455, 0.22135263299865474, 0.35910378123685627]"
"[0.11721620287797763, 0.6102442009273588, 0.4570084263828453, 0.430767062584014]",stable,0.22009728668498854,334,"[0.09283428366941933, 0.7541643362638204, 0.3712575994728676, 0.2901181096878371]"
"[0.11721620287797763, 0.6102442009273588, 0.4570084263828453, 0.430767062584014]",stable,0.2176061149425404,335,"[0.27782177177398326, 0.4770155195183542, 0.4126742452796109, 0.38783838527035724]"
"[0.2926504653607216, 0.47137247579216623, 0.5789740091530589, 0.2932462799713944]",anomaly,0.5267497595336239,336,"[0.4963324491026254, 0.30996675818791336, 0.18258643277333025, 0.523037581556451]"
"[0.2926504653607216, 0.47137247579216623, 0.5789740091530589, 0.2932462799713944]",stable,0.3534093900036234,337,"[0.5020173841908147, 0.34542581663165395, 0.7892489340260004, 0.4381103033115977]"
"[0.6022022397804039, 0.49278582032672413, 0.8431615994604256, 0.8231241450260965]",stable,0.2662358887630248,338,"[0.44116972694192974, 0.6022081752126226, 0.8020306080690242, 1.0]"
"[0.3312709719097209, 0.6042822382604789, 0.9263559267998889, 0.49027604242163825]",anomaly,0.43648420080536304,339,"[0.11189195557427511, 0.5515619442295304, 0.8385135901900241, 0.8534503796766242]"
"[0.3312709719097209, 0.6042822382604789, 0.9263559267998889, 0.49027604242163825]",anomaly,0.6961367961074438,340,"[0.5406212764283926, 0.37750400890426694, 0.5664503688358723, 1.0]"
"[0.3312709719097209, 0.6042822382604789, 0.9263559267998889, 0.49027604242163825]",anomaly,0.43322552344111104,341,"[0.2056723234304078, 1.0, 0.8094296384807306, 0.5308350094297275]"
"[0.3312709719097209, 0.6042822382604789, 0.9263559267998889, 0.49027604242163825]",stable,0.3911550052761134,342,"[0.6154032361119592, 0.6492007010864119, 0.8251589956674311, 0.7352507501336664]"
"[0.6550114088474505, 0.6746812196044741, 0.893915479169961, 0.6708316778467588]",stable,0.19058870910651793,343,"[0.579519729639528, 0.8235682914715128, 0.981651953095344, 0.698400018080746]"
"[0.6455749489464602, 0.693292103587854, 0.9048825384106338, 0.6742777203760072]",stable,0.20748206238189323,344,"[0.45155533219339894, 0.7073617694650541, 0.8835687405187949, 0.6053359982712551]"
"[0.5234687793162724, 0.5060013854090484, 0.6352331018912333, 0.5501606603664244]",stable,0.34948515185274603,345,"[0.41148460668351505, 0.4062569600952424, 0.7445663450106462, 0.2540243606443139]"
"[0.38888128542313094, 0.3498398981149473, 0.9149564734847905, 0.35373604005965187]",stable,0.5404426501059909,346,"[0.5239650363729565, 0.6031215082096107, 0.6122535875262631, 0.6973201303536375]"
"[0.523492410604686, 0.5106261531614561, 0.6341388393024252, 0.5571682541753393]",stable,0.29299557940983467,347,"[0.5182955072259027, 0.6083482892817028, 0.3921389302346081, 0.6902315093295724]"
"[0.6468534897147276, 0.5976508522860464, 0.4505598556756085, 0.710978416285198]",stable,0.057366209823442205,348,"[0.6743046723333844, 0.6103718761967465, 0.40206013630665705, 0.706154789626687]"
"[0.9348023038756793, 0.8466491229311578, 0.36476396333336875, 0.6483779489204106]",stable,0.48515482320482134,349,"[0.6496728475870313, 0.7537997826961084, 0.5124708651624301, 1.0]"
"[0.947797270744496, 0.7290413813209689, 0.56841120317281, 0.8637597981206678]",stable,0.3251676860111197,350,"[0.8387835516589445, 0.7030903044834396, 0.4307345590903426, 0.5913231699626229]"
"[0.64829828879992, 0.5983203798602937, 0.4480072388667164, 0.710724541197908]",stable,0.5041035412775952,351,"[1.0, 0.6125365787839828, 0.607258528656302, 0.3868986419000551]"
"[0.9268007411909513, 0.8346858880605145, 0.3702615129797832, 0.6436233840072616]",stable,0.550195714954318,352,"[0.8816278359551958, 0.3200536930798817, 0.44692304274603617, 0.8166882479455215]"
"[0.7152554846225129, 0.7655017878174759, 0.7403878670260802, 0.4537280337744126]",stable,0.3518469765995012,353,"[0.875487323876065, 0.7318350804962872, 0.43191523252833763, 0.4965443766332478]"
"[0.64829828879992, 0.5983203798602937, 0.4480072388667164, 0.710724541197908]",stable,0.37068072641763256,354,"[0.8446287573283561, 0.8547976168655763, 0.5559383387586652, 0.8571105126540514]"
"[0.783680461633747, 0.7050202599343411, 0.23299768036694912, 0.7605022030410266]",stable,0.2457856630936055,355,"[0.6798308193939979, 0.7516241225004661, 0.16757379808775627, 0.5527195290509281]"
"[0.9228535552436524, 0.8267742874786509, 0.3750041067912105, 0.6323096142092606]",stable,0.5031697866011041,356,"[0.5314774680415393, 0.7979119100207784, 0.6157620613541875, 0.4293141388983676]"
"[0.5270874077120851, 0.3683965987794041, 0.8357603019482119, 0.5943573149574147]",anomaly,1.0464424353886044,357,"[0.20519316660333128, 1.0, 0.06692198552268264, 0.5570658295272897]"
"[0.5270874077120851, 0.3683965987794041, 0.8357603019482119, 0.5943573149574147]",stable,0.6035218761216192,358,"[0.29965012566830257, 0.47081272987860723, 0.29952693696159866, 0.4740425109651363]"
"[0.2926504653607216, 0.47137247579216623, 0.5789740091530589, 0.2932462799713944]",stable,0.5575788370955813,359,"[0.10550058226599199, 0.824295219392493, 0.25139480441309336, 0.503023501103813]"
"[0.235318035888569, 0.6938057743531422, 0.5756027303376599, 0.24171889798920937]",stable,0.1599180633612349,360,"[0.35515254604191254, 0.687000192590375, 0.4771619338091151, 0.2801450713767858]"
"[0.08368318326503234, 0.7216691550354914, 0.30665367169649943, 0.2831478083853937]",stable,0.41730264794489175,361,"[0.2923928456012794, 0.3975576787782581, 0.17797345860953612, 0.37788391843620056]"
"[0.2926504653607216, 0.47137247579216623, 0.5789740091530589, 0.2932462799713944]",anomaly,0.5297853050289607,362,"[0.6927384540521367, 0.4834404308939666, 0.2867634256597014, 0.10597799626157994]"
"[0.2926504653607216, 0.47137247579216623, 0.5789740091530589, 0.2932462799713944]",stable,0.832464774233328,363,"[0.804459807271924, 0.6762644184167742, 0.17626407268186847, 0.7695789334675114]"
"[0.9384183149793924, 0.7404737663704787, 0.5672773064078878, 0.8631553176237027]",stable,0.5029351597985462,364,"[0.6285432190474196, 0.5861135064676009, 0.4390687757185312, 0.5216049074293477]"
"[0.64829828879992, 0.5983203798602937, 0.4480072388667164, 0.710724541197908]",stable,0.4284548291900038,365,"[0.8271545977726628, 0.6682802925366779, 0.7989509903168455, 0.5573359649175836]"
"[0.5270874077120851, 0.3683965987794041, 0.8357603019482119, 0.5943573149574147]",stable,0.9834095976899486,366,"[1.0, 0.5765567029942789, 0.0, 0.5540807015829389]"
"[0.9228535552436524, 0.8267742874786509, 0.3750041067912105, 0.6323096142092606]",stable,0.39633542743902905,367,"[0.6733179489361311, 0.5504888396227818, 0.28424818110028194, 0.5310996073765364]"
"[0.64829828879992, 0.5983203798602937, 0.4480072388667164, 0.710724541197908]",stable,0.10744026388611766,368,"[0.7110615977581884, 0.5886586517835878, 0.40012082750111816, 0.7829583280958966]"
"[0.9228535552436524, 0.8267742874786509, 0.3750041067912105, 0.6323096142092606]",stable,0.5214272096826799,369,"[0.7705197816809679, 0.367159899828824, 0.530739673779619, 0.7471216530801548]"
"[0.7080675942794306, 0.7590206505097263, 0.7337815987879674, 0.4616474374011251]",stable,0.5210884757819986,370,"[0.8158727614068104, 0.5100563662416958, 0.5259187882757588, 0.8549934462766661]"
"[0.9384183149793924, 0.7404737663704787, 0.5672773064078878, 0.8631553176237027]",stable,0.46534257423534564,371,"[0.6279497508802, 0.8890297693699991, 0.830582166759348, 0.6935833665519872]"
"[0.6436165936057646, 0.7150407331192034, 0.8966269415604908, 0.6764227921733383]",stable,0.41355075033470723,372,"[0.6065869407404836, 0.4854532303827105, 0.6015012522209148, 0.5036702697890412]"
"[0.5272694347017677, 0.5094819293987858, 0.632655312616902, 0.5547365276123257]",stable,0.4106261318800999,373,"[0.8061724104673892, 0.6132615322506608, 0.8820509782027118, 0.688372399708153]"
"[0.659872175291927, 0.7048628130323491, 0.8951693452247129, 0.6776177529268198]",stable,0.12970988151558044,374,"[0.6862859045209782, 0.6974942653724413, 0.9433408580354383, 0.5603480717218721]"
"[0.6622734234036588, 0.7041929450632666, 0.8995485736620517, 0.6669568728172791]",stable,0.5867650842818043,375,"[0.28696072443485293, 0.3600451070931146, 0.6093875680948476, 0.6386284666905233]"
"[0.38888128542313094, 0.3498398981149473, 0.9149564734847905, 0.35373604005965187]",stable,0.5108387334887616,376,"[0.8576754789341237, 0.2614225508696514, 1.0, 0.5154091270801625]"
"[0.40327588164113093, 0.6487950334646817, 0.3522340193637444, 0.26928504352128624]",anomaly,0.6352314944294344,377,"[0.5982846043325238, 0.18132420466055366, 0.6159487641598016, 0.5475227246208382]"
"[0.40327588164113093, 0.6487950334646817, 0.3522340193637444, 0.26928504352128624]",stable,0.4225469484905536,378,"[0.554766486038091, 0.6129619311956103, 0.5525732221056696, 0.6071854920037147]"
"[0.5284649586729122, 0.5139810599116912, 0.6291734825946744, 0.5570169173684731]",stable,0.6591151288810551,379,"[1.0, 0.850861777492303, 0.36557481382714524, 0.7276468733167473]"
"[0.6514364542478335, 0.5978372934564584, 0.4456129182984364, 0.7143362305428074]",stable,0.2845122745651773,380,"[0.6425953376915899, 0.5082841600557422, 0.33314259293928417, 0.4689798952913823]"
"[0.6514364542478335, 0.5978372934564584, 0.4456129182984364, 0.7143362305428074]",stable,0.5801354421718029,381,"[0.9038737997362003, 0.786564496443437, 0.9049845318552283, 0.5524959346409477]"
"[0.5270874077120851, 0.3683965987794041, 0.8357603019482119, 0.5943573149574147]",stable,0.5613560712183372,382,"[0.7464344340049595, 0.5975412084663747, 0.38378924768140743, 0.4932512582322159]"
"[0.6514364542478335, 0.5978372934564584, 0.4456129182984364, 0.7143362305428074]",stable,0.300829237032792,383,"[0.9499188454628945, 0.5964284536376466, 0.4825085360200646, 0.7209104644582838]"
"[0.7788008110739137, 0.6206087165435684, 0.4316879953865919, 0.9339500509003692]",stable,0.4596307733886781,384,"[0.6039046119024181, 0.5557948915784456, 0.0926294505078879, 0.6859374733980071]"
"[0.9384183149793924, 0.7404737663704787, 0.5672773064078878, 0.8631553176237027]",stable,0.45719067630564947,385,"[0.9223108116899582, 0.6251079256119335, 0.19133054544989256, 0.6305212303753718]"
"[0.9283640155833915, 0.828494822479626, 0.3743305858652058, 0.6391194184312239]",stable,0.2334036355183329,386,"[0.975698972422767, 0.6893566709559665, 0.19305805799277, 0.6349355967924102]"
"[0.9283640155833915, 0.828494822479626, 0.3743305858652058, 0.6391194184312239]",stable,0.27243589826070935,387,"[0.9021971865447352, 0.7334116736250199, 0.2599067392832337, 0.41239713488490054]"
"[0.8966685268219731, 0.6759677393203092, 0.1541324767632497, 0.5405626816526646]",stable,0.49693674764625434,388,"[1.0, 0.9499056666669707, 0.08514383955568489, 0.9361221812344014]"
"[0.9384183149793924, 0.7404737663704787, 0.5672773064078878, 0.8631553176237027]",stable,0.41033144883362715,389,"[1.0, 0.43293744914939264, 0.76395520611829, 0.686184101524805]"
"[0.9283640155833915, 0.828494822479626, 0.3743305858652058, 0.6391194184312239]",stable,0.41927822919041585,390,"[0.7045546305048287, 0.5295960647428493, 0.5381055954561399, 0.5414420337369789]"
"[0.7258681584118641, 0.7615246365037002, 0.7493455017940821, 0.46990639169565446]",stable,0.42808029692064564,391,"[0.7674308415101497, 0.4454521905828609, 0.6992676891133969, 0.7511815338466734]"
"[0.7258681584118641, 0.7615246365037002, 0.7493455017940821, 0.46990639169565446]",stable,0.3470396955324077,392,"[0.5476838808881147, 0.5106720089055675, 0.9070871624075739, 0.4402847568222001]"
"[0.5619441115707854, 0.5201414090481987, 0.8328788516125752, 0.8673431087695724]",stable,0.40569966368148935,393,"[0.6078074983642245, 0.26556188535872227, 0.679853252606089, 0.5948340281321479]"
"[0.5619441115707854, 0.5201414090481987, 0.8328788516125752, 0.8673431087695724]",stable,0.573473160607532,394,"[0.6889206323977619, 0.37971735156369796, 0.4467969701841906, 0.48790893264915897]"
"[0.7258681584118641, 0.7615246365037002, 0.7493455017940821, 0.46990639169565446]",stable,0.541739316666761,395,"[0.689169949126795, 0.456539252143564, 0.4066491169418871, 0.7556997292558129]"
"[0.9283640155833915, 0.828494822479626, 0.3743305858652058, 0.6391194184312239]",stable,0.7663415766794169,396,"[0.3259174043625248, 0.7352736974597446, 0.8077167630506401, 0.472314933927325]"
"[0.5327161057025389, 0.37058774859637533, 0.8310614025658363, 0.5858242124596101]",stable,0.2940454668397563,397,"[0.6070762730927145, 0.45694916469885605, 0.6217551194709865, 0.7580620937183741]"
"[0.5317404301070706, 0.5116047309444897, 0.6288643841311874, 0.5653937997163857]",stable,0.28719233289705,398,"[0.8142714358622256, 0.5372195995295022, 0.6656556451009272, 0.5908093163442176]"
"[0.9283640155833915, 0.828494822479626, 0.3743305858652058, 0.6391194184312239]",stable,0.8236120503316166,399,"[0.4742549763796792, 0.37212963081238615, 0.8878593600518591, 0.6272535058322162]"
"[0.5619441115707854, 0.5201414090481987, 0.8328788516125752, 0.8673431087695724]",stable,0.40888845670298185,400,"[0.607030493117131, 0.7405490200238084, 0.6421952239903962, 0.5841166491919509]"
"[0.5296392041592305, 0.3706689002919549, 0.8340507687493112, 0.5880047015844841]",stable,0.2546695251019254,401,"[0.4568791379079908, 0.44497875311086205, 0.9106200467807879, 0.3685104392209176]"
"[0.39160119952252537, 0.3536454523147839, 0.9147830164166304, 0.3543270160261025]",stable,0.6026009448838509,402,"[0.40829110784681333, 0.5230589899232367, 0.8524663931081974, 0.9290139198872057]"
"[0.34329940793808866, 0.6145901913809364, 0.9220772081717795, 0.5017820380065999]",stable,0.44467277181955733,403,"[0.18145570803806038, 0.28334603933421787, 0.7966306797801281, 0.7164468256399953]"
"[0.15233594527967823, 0.42098444098494253, 0.39442459701110427, 0.2932048944946005]",stable,0.566197185165329,404,"[0.33806226396445127, 0.6741795016908845, 0.8302812750096493, 0.47210767400104336]"
"[0.5317404301070706, 0.5116047309444897, 0.6288643841311874, 0.5653937997163857]",stable,0.5043951903121969,405,"[0.6443808559978446, 0.33159122942261055, 1.0, 0.2978491560235396]"
"[0.40327588164113093, 0.6487950334646817, 0.3522340193637444, 0.26928504352128624]",stable,0.3902241583890352,406,"[0.4263684726923266, 0.38528336971644905, 0.589640537599548, 0.430348304995666]"
"[0.39160119952252537, 0.3536454523147839, 0.9147830164166304, 0.3543270160261025]",stable,0.5183150579683335,407,"[0.2672495423303346, 0.5720724586042277, 0.6708403683486995, 0.7363856398619082]"
"[0.5317404301070706, 0.5116047309444897, 0.6288643841311874, 0.5653937997163857]",stable,0.1882905220205978,408,"[0.665742568607076, 0.5824194340184091, 0.652697004927625, 0.674545215532858]"
"[0.5371005156470708, 0.5144373190674465, 0.6298176889630449, 0.5697598563490446]",stable,0.510970890610202,409,"[0.8514558061322568, 0.7439433693408222, 0.3108967336137506, 0.6585765187608105]"
"[0.558484111139862, 0.6309966941780131, 0.3924613428013401, 0.5717223004343679]",stable,0.37313780999614793,410,"[0.7920948947642128, 0.8580263195114081, 0.5427603602341589, 0.6743165575974549]"
"[0.558484111139862, 0.6309966941780131, 0.3924613428013401, 0.5717223004343679]",stable,0.3554131520492258,411,"[0.8555896409715079, 0.7369986977080052, 0.5560031003155352, 0.563692257481883]"
"[0.915040432441497, 0.8250560752229372, 0.38089283099754945, 0.6425353083997125]",stable,0.23550468115435733,412,"[0.8098755682560529, 0.7835771869549853, 0.5874692490898952, 0.6454493267015996]"
"[0.558484111139862, 0.6309966941780131, 0.3924613428013401, 0.5717223004343679]",stable,0.20288537908745627,413,"[0.6642010055465315, 0.5178980746547561, 0.5214118144935437, 0.5479127771976106]"
"[0.6532332873373078, 0.5911088152987015, 0.4437574991862198, 0.7163059209577124]",stable,0.4202316812206341,414,"[0.7580516743112763, 0.6538549301229863, 0.059455534823568856, 0.5980574667810871]"
"[0.879341420258136, 0.6732036381706439, 0.1422978590207896, 0.5477495297937175]",stable,0.2895019503944273,415,"[0.8236531038565515, 0.6259162631051416, 0.17081520494144886, 0.8264265037969358]"
"[0.9384183149793924, 0.7404737663704787, 0.5672773064078878, 0.8631553176237027]",stable,0.3888382711616888,416,"[1.0, 0.7385946532281442, 0.45134979533648656, 0.49714960960725363]"
"[0.558484111139862, 0.6309966941780131, 0.3924613428013401, 0.5717223004343679]",stable,0.35512775009174075,417,"[0.8971475906597915, 0.539830813305223, 0.3444007903179769, 0.600037172575316]"
"[0.7737618064778848, 0.6835964927091193, 0.2113906542861456, 0.7605385615026412]",stable,0.1765183207402751,418,"[0.8476194581229944, 0.6372192698266398, 0.33875158105120035, 0.8461663162419281]"
"[0.9384183149793924, 0.7404737663704787, 0.5672773064078878, 0.8631553176237027]",stable,0.5035313626609313,419,"[0.6180913942168939, 0.608406618268939, 0.21512992923915175, 0.7657644034504786]"
"[0.9384183149793924, 0.7404737663704787, 0.5672773064078878, 0.8631553176237027]",stable,0.2720988250333262,420,"[1.0, 0.6470765374392226, 0.33684923038844483, 0.9549448925463468]"
"[0.9384183149793924, 0.7404737663704787, 0.5672773064078878, 0.8631553176237027]",stable,0.2995088925062949,421,"[1.0, 0.5503807566878227, 0.39106308071799073, 1.0]"
"[0.9384183149793924, 0.7404737663704787, 0.5672773064078878, 0.8631553176237027]",stable,0.15082542399004972,422,"[1.0, 0.7484970811913934, 0.5801289178405346, 1.0]"
"[0.7617871593808855, 0.6778126562137208, 0.2116782908209922, 0.7609405493447826]",stable,0.3676403179888638,423,"[0.9686894705278517, 0.7961168559420801, 0.3572994858169646, 1.0]"
"[0.9435501220644431, 0.7411423759388883, 0.568348274027275, 0.8745590411550608]",stable,0.2526402398086739,424,"[1.0, 0.9040931403734866, 0.5063608752226444, 0.7006478200931042]"
"[0.558484111139862, 0.6309966941780131, 0.3924613428013401, 0.5717223004343679]",stable,0.5354045298335874,425,"[0.9171695951367399, 0.7863423620121758, 0.5217472106774993, 0.9140023348928746]"
"[0.7617871593808855, 0.6778126562137208, 0.2116782908209922, 0.7609405493447826]",stable,0.4735221705889926,426,"[0.9543690760940254, 0.9039273903931612, 0.5553123137898821, 0.8948182421826176]"
"[0.7617871593808855, 0.6778126562137208, 0.2116782908209922, 0.7609405493447826]",stable,0.28507231101460745,427,"[0.6887843321455346, 0.47930053470511147, 0.32666547143625346, 0.9136091303664159]"
"[0.9424385811431487, 0.7559984474051425, 0.5640884866281913, 0.878823505066873]",stable,0.19992234844973705,428,"[1.0, 0.844666036214615, 0.39539660710250857, 0.8971738986771216]"
"[0.834354375203624, 0.6212496594420261, 0.39461425652094595, 0.9380382404142641]",stable,0.45735196079503343,429,"[1.0, 0.9644222380793217, 0.38883387896087906, 0.6851914260472005]"
"[0.558484111139862, 0.6309966941780131, 0.3924613428013401, 0.5717223004343679]",stable,0.6451518322158342,430,"[1.0, 0.7057281598597973, 0.21280047731496737, 1.0]"
"[0.9462760090669388, 0.7619096199924408, 0.5528423613264792, 0.8800468646408894]",stable,0.34755556475551397,431,"[1.0, 1.0, 0.5168069031917502, 0.6352550753675871]"
"[0.558484111139862, 0.6309966941780131, 0.3924613428013401, 0.5717223004343679]",stable,0.6845324462235174,432,"[1.0, 0.4713832098466358, 0.7006073368431577, 0.9631529734690348]"
"[0.8936733260405758, 0.5546538365934026, 0.34194635133153983, 0.675613920826633]",stable,0.27367367307589746,433,"[0.8989176992324086, 0.5667947504923039, 0.6090308237911767, 0.6174051700640978]"
"[0.926215356539048, 0.8376944962953778, 0.40690980941725935, 0.6402027710577214]",anomaly,0.6650883449088206,434,"[1.0, 0.41473127040231716, 0.9143845312314427, 0.6185267662448523]"
"[0.926215356539048, 0.8376944962953778, 0.40690980941725935, 0.6402027710577214]",stable,0.6428444422196467,435,"[0.4204144630954508, 0.44509364444490007, 0.3655153348221778, 0.6006363498950253]"
"[0.2926504653607216, 0.47137247579216623, 0.5789740091530589, 0.2932462799713944]",stable,0.3029533090086976,436,"[0.3130114218735199, 0.682417251337358, 0.6049087617372826, 0.5080802396069187]"
"[0.5296392041592305, 0.3706689002919549, 0.8340507687493112, 0.5880047015844841]",stable,0.6227042480410571,437,"[0.39935000949149585, 0.6138786498216536, 0.27581804203676163, 0.5847571114033355]"
"[0.6532332873373078, 0.5911088152987015, 0.4437574991862198, 0.7163059209577124]",stable,0.6661169050473115,438,"[0.33512745793027676, 0.2889527143937251, 0.20838846668336478, 0.27378640532970583]"
"[0.2926504653607216, 0.47137247579216623, 0.5789740091530589, 0.2932462799713944]",stable,0.37037727200999854,439,"[0.32227990468288614, 0.5566630207365205, 0.22003319710554928, 0.3069734915160619]"
"[0.08368318326503234, 0.7216691550354914, 0.30665367169649943, 0.2831478083853937]",anomaly,0.3167444826817158,440,"[0.062804351576836, 0.7403068333711784, 0.0, 0.3573590223490173]"
"[0.08368318326503234, 0.7216691550354914, 0.30665367169649943, 0.2831478083853937]",stable,0.2503574869050847,441,"[0.2661088207548159, 0.6437242330864773, 0.25455768484668423, 0.4267108793067894]"
"[0.15233594527967823, 0.42098444098494253, 0.39442459701110427, 0.2932048944946005]",stable,0.3266695409364016,442,"[0.3674337443758086, 0.5812381818793643, 0.21002027744339608, 0.2656420344522502]"
"[0.08368318326503234, 0.7216691550354914, 0.30665367169649943, 0.2831478083853937]",stable,0.3710467827830674,443,"[0.290814560169243, 0.6316817587333324, 0.3109723843451518, 0.57752159278755]"
"[0.15233594527967823, 0.42098444098494253, 0.39442459701110427, 0.2932048944946005]",stable,0.23095058219982822,444,"[0.26331536344486106, 0.2654327509683539, 0.44944620806530255, 0.4106699284925556]"
"[0.2926504653607216, 0.47137247579216623, 0.5789740091530589, 0.2932462799713944]",stable,0.2583799074833113,445,"[0.47092972853944615, 0.28665132416527117, 0.554712002704762, 0.2769327243726903]"
"[0.15233594527967823, 0.42098444098494253, 0.39442459701110427, 0.2932048944946005]",stable,0.5931285406076253,446,"[0.5589776084886849, 0.26257651683080113, 0.7732948187602875, 0.4266526672854746]"
"[0.531213510825991, 0.5207249252232063, 0.8367963599116998, 0.8796772709930991]",stable,0.6693467713212062,447,"[0.3026028884292997, 0.2497726802299957, 0.6360968842805143, 0.34857757694307717]"
"[0.39160119952252537, 0.3536454523147839, 0.9147830164166304, 0.3543270160261025]",stable,0.40624347863635873,448,"[0.20766734116550087, 0.20693021535769698, 0.585477036760157, 0.3894597741242636]"
"[0.39160119952252537, 0.3536454523147839, 0.9147830164166304, 0.3543270160261025]",stable,0.25882959112053144,449,"[0.22315400046613376, 0.4726301358267809, 0.8143088211332037, 0.4741847631323101]"
"[0.5371005156470708, 0.5144373190674465, 0.6298176889630449, 0.5697598563490446]",stable,0.6535801298934768,450,"[0.0697423706853054, 0.5137163624330152, 0.3241519391942288, 0.2301847097772287]"
"[0.2976707374716011, 0.4242951923631349, 0.338458020090687, 0.48645491408000485]",stable,0.2864239262358704,451,"[0.17764714961687503, 0.6484771268055447, 0.29662937554152397, 0.36145159954919326]"
"[0.11721620287797763, 0.6102442009273588, 0.4570084263828453, 0.430767062584014]",stable,0.1972955570764981,452,"[0.13810446838715995, 0.7269776245636508, 0.5991610334803278, 0.4989958051173655]"
"[0.297235757222287, 0.7188634627595234, 0.2321734896085446, 0.44363819952761324]",stable,0.26719954043922073,453,"[0.15754605020447826, 0.6673214830133398, 0.3840264262133379, 0.2818776044107736]"
"[0.11844492437851777, 0.6171108729059641, 0.46537034444740305, 0.4347805180271523]",stable,0.26571281143497516,454,"[0.3796103714631535, 0.5983774213319469, 0.46715877217506246, 0.389594605087964]"
"[0.297235757222287, 0.7188634627595234, 0.2321734896085446, 0.44363819952761324]",stable,0.39185864813427934,455,"[0.6741117325235921, 0.780761100825753, 0.31415145969631525, 0.4125577526127824]"
"[0.6532332873373078, 0.5911088152987015, 0.4437574991862198, 0.7163059209577124]",stable,0.3500354343437834,456,"[0.6068459974946491, 0.7990627615375906, 0.4630689876813539, 0.43925854722341795]"
"[0.6532332873373078, 0.5911088152987015, 0.4437574991862198, 0.7163059209577124]",stable,0.4203611788619888,457,"[0.8708667085473792, 0.9276946838454825, 0.5419487417773954, 0.7963537044351491]"
"[0.8481581772699887, 0.6282895344768403, 0.3794631082537811, 0.9432017203797421]",stable,0.3685785450902101,458,"[0.8183098783869466, 0.7870544240863263, 0.6006909158240515, 0.6966024707062207]"
"[0.8481581772699887, 0.6282895344768403, 0.3794631082537811, 0.9432017203797421]",anomaly,0.6767067288169427,459,"[1.0, 0.9159262694227527, 0.41108387920455874, 0.35062995826962556]"
"[0.8481581772699887, 0.6282895344768403, 0.3794631082537811, 0.9432017203797421]",stable,0.399758867138958,460,"[0.5095807649591766, 0.6782281761220992, 0.5168729759786398, 0.7889384776691057]"
"[0.6837872019996551, 0.8033475301024555, 0.4369619728169279, 0.45125194495984583]",stable,0.5206040190131911,461,"[0.8542986049128795, 0.4498892782413394, 0.47462286809127474, 0.7912568379359171]"
"[0.7159650196373031, 0.7597766684637092, 0.7404163119771083, 0.4794239131536791]",stable,0.33397954102623445,462,"[0.8824892514040671, 0.608918326017753, 0.6508068092981267, 0.7096931286443032]"
"[0.926215356539048, 0.8376944962953778, 0.40690980941725935, 0.6402027710577214]",stable,0.178470868084962,463,"[0.8816821750553017, 0.8279500177982123, 0.40107103737882893, 0.8126545045423029]"
"[0.550906296775654, 0.6301815492086627, 0.38690689990778876, 0.5723430057186045]",stable,0.46999778418589055,464,"[1.0, 0.5823832451771099, 0.5110144614193215, 0.6113993518259698]"
"[0.9241911210170596, 0.8372515654545976, 0.4066444106882398, 0.6480414862161115]",stable,0.3503314464018941,465,"[0.8848380739055858, 0.9081801824382096, 0.11776456863313076, 0.8288757422852883]"
"[0.9343127484081416, 0.7731407886952012, 0.5550161810293314, 0.8643328908679242]",stable,0.4091725408911677,466,"[0.7599485506911003, 0.7326185099950892, 0.1936683922241161, 0.7950146737214996]"
"[0.9343127484081416, 0.7731407886952012, 0.5550161810293314, 0.8643328908679242]",stable,0.14327164835693532,467,"[0.7961437329488535, 0.7689074941860317, 0.5193654908067178, 0.8522004593649555]"
"[0.8481581772699887, 0.6282895344768403, 0.3794631082537811, 0.9432017203797421]",stable,0.21484434739071323,468,"[0.9582610955559923, 0.6792743156478155, 0.40999173021039303, 0.7685477873549599]"
"[0.8481581772699887, 0.6282895344768403, 0.3794631082537811, 0.9432017203797421]",stable,0.4805426604856473,469,"[1.0, 0.9587549275201989, 0.4430295488564386, 0.6356025639334683]"
"[0.550906296775654, 0.6301815492086627, 0.38690689990778876, 0.5723430057186045]",stable,0.5551889289097246,470,"[0.8765887247785572, 0.8268346857295493, 0.07894473653815628, 0.834359327163003]"
"[0.9266366919937367, 0.772905605666914, 0.5530355871280751, 0.8636588668955371]",stable,0.2681405561330864,471,"[1.0, 0.6628157424549602, 0.3943808742361757, 0.6927024777873751]"
"[0.8481581772699887, 0.6282895344768403, 0.3794631082537811, 0.9432017203797421]",stable,0.15434564868800726,472,"[1.0, 0.6352926638119457, 0.3534239100253073, 0.9494911141568565]"
"[0.9266366919937367, 0.772905605666914, 0.5530355871280751, 0.8636588668955371]",stable,0.41918692285567494,473,"[0.971061470429209, 0.5019031009818913, 0.2671809855691635, 1.0]"
"[0.9266366919937367, 0.772905605666914, 0.5530355871280751, 0.8636588668955371]",stable,0.1416558113550706,474,"[1.0, 0.7467592413433398, 0.4360999781619257, 0.8817316341827074]"
"[0.8677828284049338, 0.6197621556082801, 0.369583013902846, 0.9477079827652687]",anomaly,0.521125023021884,475,"[0.9912252700086139, 0.3776754873895611, 0.3376125915018702, 0.5041933940618708]"
"[0.8677828284049338, 0.6197621556082801, 0.369583013902846, 0.9477079827652687]",stable,0.28728186626642477,476,"[0.8223455083451084, 0.7789869050445213, 0.19713742014489397, 0.788408525792765]"
"[0.9304979187309084, 0.7715294812288311, 0.5468810813930146, 0.8646100651738091]",stable,0.150672546024749,477,"[1.0, 0.7126314570529659, 0.43465299642943467, 0.90712543320034]"
"[0.7657018087325146, 0.6882113297211986, 0.20950823953612727, 0.7650433560664293]",stable,0.34458818952366027,478,"[0.9416963414000811, 0.7782894679397812, 0.49075473877372144, 0.7885652716344858]"
"[0.7657018087325146, 0.6882113297211986, 0.20950823953612727, 0.7650433560664293]",stable,0.4289999498724151,479,"[1.0, 0.8058011984575264, 0.46545903728420535, 0.5418682533734651]"
"[0.550906296775654, 0.6301815492086627, 0.38690689990778876, 0.5723430057186045]",stable,0.33667164571369923,480,"[0.8208782477918317, 0.6990756836309826, 0.5226891529532001, 0.7037953571323404]"
"[0.7657018087325146, 0.6882113297211986, 0.20950823953612727, 0.7650433560664293]",stable,0.35620500647777253,481,"[1.0, 0.4788045072129967, 0.3655483450000797, 0.7035077372555988]"
"[0.8677828284049338, 0.6197621556082801, 0.369583013902846, 0.9477079827652687]",stable,0.2927005213120329,482,"[0.8654498827095364, 0.6284291000894143, 0.6271879155189183, 0.8090257875221417]"
"[0.9167767524934312, 0.5677315912213664, 0.3539531759525423, 0.6871069408198025]",stable,0.45735369606530296,483,"[0.7646038646416564, 0.6611375006128394, 0.5999906713246956, 0.3454101417871012]"
"[0.5311061243757033, 0.3652642811188972, 0.8310129712498601, 0.5799370998695336]",stable,0.18930671011162567,484,"[0.597582463499753, 0.415050065224414, 1.0, 0.5603747215593775]"
"[0.531213510825991, 0.5207249252232063, 0.8367963599116998, 0.8796772709930991]",stable,0.3279648733537232,485,"[0.43020448120997357, 0.6542219878817045, 0.8920221017078249, 0.603114826336246]"
"[0.5371005156470708, 0.5144373190674465, 0.6298176889630449, 0.5697598563490446]",stable,0.4713450823710867,486,"[0.16472453804103282, 0.3530609256511217, 0.8638906276592886, 0.5180893909418312]"
"[0.39160119952252537, 0.3536454523147839, 0.9147830164166304, 0.3543270160261025]",stable,0.2404197860767951,487,"[0.22196505023200663, 0.48567062867311184, 0.8780438301074107, 0.45554379026824876]"
"[0.12839333052519836, 0.30195955809802244, 0.9252408127237324, 0.4996823385249325]",stable,0.6767490441470144,488,"[0.552235467305127, 0.6046647214585427, 0.5381239150970175, 0.3077000385843641]"
"[0.297235757222287, 0.7188634627595234, 0.2321734896085446, 0.44363819952761324]",stable,0.427641653967606,489,"[0.3003214794738294, 0.32549342165512696, 0.3916442664662758, 0.39170608406662744]"
"[0.308857671104242, 0.4545796438260849, 0.5767683722032136, 0.2917632294624213]",stable,0.3027868827288724,490,"[0.21562646421610165, 0.5948411977969772, 0.5609120094749636, 0.5428869253844695]"
"[0.09417236034573788, 0.7136979237697354, 0.3108629503441159, 0.2879624075847174]",stable,0.5615842885614394,491,"[0.378782406628425, 0.489898769675656, 0.7299545249207344, 0.38096899584431243]"
"[0.1459825933878034, 0.4281176657117173, 0.3890190079482677, 0.2883571879778796]",stable,0.6315804082027351,492,"[0.48706705188134863, 0.5802682816776695, 0.8510282836528165, 0.5027232846999079]"
"[0.12839333052519836, 0.30195955809802244, 0.9252408127237324, 0.4996823385249325]",stable,0.4189136245068857,493,"[0.1913622911495071, 0.6094184526304877, 0.6883851337149677, 0.6442228182860075]"
"[0.5342716643339914, 0.36763503274296944, 0.8390599726189143, 0.5790055580452405]",stable,0.3480130872942231,494,"[0.3770984801742796, 0.6554837563811619, 0.7903518663015235, 0.6847426460890822]"
"[0.5342716643339914, 0.36763503274296944, 0.8390599726189143, 0.5790055580452405]",stable,0.2618250146324345,495,"[0.4499687566396486, 0.5196067406493847, 0.861033372790623, 0.3844107797945001]"
"[0.12839333052519836, 0.30195955809802244, 0.9252408127237324, 0.4996823385249325]",stable,0.7459976768626259,496,"[0.5142553302760551, 0.6562929773556663, 0.3964309352529119, 0.5489874348050034]"
"[0.6532332873373078, 0.5911088152987015, 0.4437574991862198, 0.7163059209577124]",stable,0.32369877018822557,497,"[0.47715726333453634, 0.5693193100347449, 0.6880091325707385, 0.8331155294755557]"
"[0.3489634802359031, 0.5957799493880565, 0.8967181103824577, 0.49436909364364107]",stable,0.42071213746464603,498,"[0.5713162856516176, 0.5154571055023731, 1.0, 0.8266927680350069]"
"[0.3489634802359031, 0.5957799493880565, 0.8967181103824577, 0.49436909364364107]",stable,0.37717919105489794,499,"[0.3376037711016385, 0.6462488831294128, 0.5301093179662, 0.4223553503489343]"
"[0.5342716643339914, 0.36763503274296944, 0.8390599726189143, 0.5790055580452405]",stable,0.2735220502135149,500,"[0.2682262278356683, 0.35836706618009706, 0.8486200393724903, 0.6411090812212884]"
"[0.1459825933878034, 0.4281176657117173, 0.3890190079482677, 0.2883571879778796]",stable,0.6716308031685572,501,"[0.6105528647263325, 0.4384126798570058, 0.8296027540781696, 0.4909463636096913]"
"[0.5292201575880157, 0.5269144345218785, 0.8388558474470339, 0.8654563789251511]",stable,0.4494892397973437,502,"[0.3018805124956886, 0.6561679084400764, 0.8450680435805381, 0.4999263383509662]"
"[0.12839333052519836, 0.30195955809802244, 0.9252408127237324, 0.4996823385249325]",stable,0.5324030546254632,503,"[0.5831278382051143, 0.5726566859466778, 0.960087894903672, 0.5463544494442134]"
"[0.6556779579704467, 0.6932315901368842, 0.9045935170988534, 0.6569066708695236]",stable,0.4890438796909064,504,"[0.33611431704774086, 0.5828391099694138, 0.5622828932807236, 0.7445418967040882]"
"[0.5371005156470708, 0.5144373190674465, 0.6298176889630449, 0.5697598563490446]",stable,0.24771360692143674,505,"[0.3956490053797439, 0.5174599212560731, 0.8195557986075753, 0.4966584547096106]"
"[0.12839333052519836, 0.30195955809802244, 0.9252408127237324, 0.4996823385249325]",stable,0.7001539167862431,506,"[0.38004290138515373, 0.5560753700913539, 0.4452106147864725, 0.8628409317599027]"
"[0.5371005156470708, 0.5144373190674465, 0.6298176889630449, 0.5697598563490446]",stable,0.49833311741587977,507,"[0.21344629105255677, 0.41585225135566306, 0.5346648203871588, 0.21647420019867655]"
"[0.1459825933878034, 0.4281176657117173, 0.3890190079482677, 0.2883571879778796]",stable,0.37008588378852025,508,"[0.40407969882499517, 0.3742133604114313, 0.44746080361567203, 0.5413953825923215]"
"[0.30689715998674183, 0.45431746947063484, 0.5853131876571726, 0.2928337477022787]",stable,0.46517519869677826,509,"[0.3704361301811191, 0.4746039017414014, 0.1766391974772063, 0.5047884484412187]"
"[0.30689715998674183, 0.45431746947063484, 0.5853131876571726, 0.2928337477022787]",stable,0.32831092298686015,510,"[0.12093749066575082, 0.4964142540823761, 0.3192874442018548, 0.26704173182701596]"
"[0.30724047936976645, 0.4191070400851641, 0.3384775046847445, 0.48532466002001284]",stable,0.40956331461124046,511,"[0.1659371658751087, 0.6267821894142058, 0.1576056278208222, 0.21712346915453828]"
"[0.09417236034573788, 0.7136979237697354, 0.3108629503441159, 0.2879624075847174]",stable,0.31373007976244194,512,"[0.25940706799375446, 0.5830901330472715, 0.09867121986831437, 0.19288176362126608]"
"[0.09417236034573788, 0.7136979237697354, 0.3108629503441159, 0.2879624075847174]",stable,0.28168546984594456,513,"[0.20825370644375996, 0.5748219909341319, 0.4772532523987578, 0.4271022403286151]"
"[0.09417236034573788, 0.7136979237697354, 0.3108629503441159, 0.2879624075847174]",stable,0.28200453541019965,514,"[0.3267939152075118, 0.5900185686804944, 0.30834210151938796, 0.3885150438083669]"
"[0.30724047936976645, 0.4191070400851641, 0.3384775046847445, 0.48532466002001284]",stable,0.44815184664149094,515,"[0.07024059989089534, 0.20451211795220026, 0.25215691228954384, 0.1833827624660831]"
"[0.30689715998674183, 0.45431746947063484, 0.5853131876571726, 0.2928337477022787]",stable,0.1190333529248621,516,"[0.33021282811039276, 0.5249678455541015, 0.49251559941843726, 0.2975719651752749]"
"[0.14419365747908536, 0.43299599345247863, 0.38403818196638106, 0.28683465539567504]",stable,0.5559283211173933,517,"[0.2874035212496214, 0.8004063558653969, 0.4729529810728458, 0.6684771808441543]"
"[0.5377389916245524, 0.37085219852088014, 0.8386300990488805, 0.5750028673890791]",stable,0.5119823392172552,518,"[0.3181044640344086, 0.7252318966078359, 0.5968813258343828, 0.40220486336788]"
"[0.5377389916245524, 0.37085219852088014, 0.8386300990488805, 0.5750028673890791]",stable,0.6217283415580438,519,"[0.39634724874395016, 0.5469995068178057, 0.27052039945069595, 0.4619630481044152]"
"[0.3085625648527169, 0.4593639249051682, 0.5786847884972629, 0.29317219180749277]",stable,0.4647791002699501,520,"[0.49346109174992736, 0.8297331963047381, 0.4278169733895392, 0.4411507441945173]"
"[0.6532332873373078, 0.5911088152987015, 0.4437574991862198, 0.7163059209577124]",stable,0.13814865688325748,521,"[0.5610199725442546, 0.5721847572517416, 0.3440057414593115, 0.7328353743955234]"
"[0.9305085275989713, 0.841003773582453, 0.4106110675534133, 0.643099313085891]",stable,0.31496562903523745,522,"[0.9249264402393009, 0.9094409004991959, 0.19480162846869123, 0.42420474157807336]"
"[0.8844064224782655, 0.6994522228738164, 0.14813161118166757, 0.5340223311030904]",stable,0.31242739903950134,523,"[0.9170430627806836, 0.5396064973937733, 0.3387428445403649, 0.7202008238018802]"
"[0.8677828284049338, 0.6197621556082801, 0.369583013902846, 0.9477079827652687]",stable,0.5319284762988624,524,"[0.7393271887918705, 0.6870743585891793, 0.5884532321660626, 0.48509372937860706]"
"[0.5377389916245524, 0.37085219852088014, 0.8386300990488805, 0.5750028673890791]",stable,0.9881681401842616,525,"[0.9252300110511796, 0.8363531736151316, 0.06069452519572738, 0.6417266881654858]"
"[0.9167972379001429, 0.5655681224653978, 0.35278315045929787, 0.6896526241261162]",stable,0.5173478108508466,526,"[0.48348768740339115, 0.7826356060065242, 0.42788745166004566, 0.8543725147609039]"
"[0.6647545909746824, 0.8059860967226837, 0.4360474728741891, 0.450241824883313]",stable,0.46635163372398836,527,"[0.9604372908077629, 0.7704068413732924, 0.44230350328751594, 0.8090601159007913]"
"[0.9167972379001429, 0.5655681224653978, 0.35278315045929787, 0.6896526241261162]",stable,0.4711818039702482,528,"[0.68383604619416, 0.8435970265676378, 0.6481414571923341, 0.746263353489788]"
"[0.6647545909746824, 0.8059860967226837, 0.4360474728741891, 0.450241824883313]",stable,0.5012686236380679,529,"[1.0, 0.9544356915702481, 0.35426527529127727, 0.7821381019331678]"
"[0.549240343752945, 0.6313684323062536, 0.3873398106052944, 0.5712813888588953]",stable,0.30309705762964556,530,"[0.7534448759356159, 0.7840563830047514, 0.44328232626468833, 0.7253111263546034]"
"[0.549240343752945, 0.6313684323062536, 0.3873398106052944, 0.5712813888588953]",stable,0.47650135274099753,531,"[1.0, 0.610220985720549, 0.41909739179293654, 0.7209928213016197]"
"[0.8677828284049338, 0.6197621556082801, 0.369583013902846, 0.9477079827652687]",stable,0.3532412658297419,532,"[0.5662147228312484, 0.710740222326042, 0.2744674885738092, 0.819208574971393]"
"[0.9278300924415198, 0.7603288622264261, 0.5378470355595862, 0.851881800153853]",stable,0.25317069109224993,533,"[0.9159246443511052, 0.7865688030430273, 0.2964675102582352, 0.7811637020096751]"
"[0.549240343752945, 0.6313684323062536, 0.3873398106052944, 0.5712813888588953]",stable,0.41117868604650853,534,"[0.5641952910040953, 0.2643048365262917, 0.4871643097906601, 0.7266636511256167]"
"[0.7211079492200831, 0.7475379914833234, 0.7195314033725755, 0.47025648778641843]",stable,0.6206180637802949,535,"[0.37791655341387, 0.5150609573935897, 0.27861779330953645, 0.3326481158862883]"
"[0.31169581783847566, 0.42550166342179613, 0.3350796494230421, 0.48415657942423296]",anomaly,0.2866713492758061,536,"[0.47281780437636683, 0.27618620996990695, 0.4635052036704651, 0.6161866529923173]"
"[0.31169581783847566, 0.42550166342179613, 0.3350796494230421, 0.48415657942423296]",stable,0.5389748050452864,537,"[0.4641670080966281, 0.16151664277491457, 0.7647514112733386, 0.3704004254922615]"
"[0.39160119952252537, 0.3536454523147839, 0.9147830164166304, 0.3543270160261025]",stable,0.2977908011576071,538,"[0.3159950074374908, 0.44315386724002137, 0.7891487879493568, 0.5975704111419715]"
"[0.14419365747908536, 0.43299599345247863, 0.38403818196638106, 0.28683465539567504]",stable,0.6949025890957924,539,"[0.7192432758222452, 0.31111216014276233, 0.7543897388031651, 0.27299267931848803]"
"[0.7128679085506525, 0.25117946321063367, 0.706064952791292, 0.29337378836769784]",anomaly,0.5282692426312618,540,"[0.4205457910895058, 0.10574844631795602, 1.0, 0.0]"
"[0.7128679085506525, 0.25117946321063367, 0.706064952791292, 0.29337378836769784]",stable,0.48884270063808244,541,"[0.380933989429575, 0.5500602443281569, 0.870962133031558, 0.4041269279685427]"
"[0.12839333052519836, 0.30195955809802244, 0.9252408127237324, 0.4996823385249325]",stable,0.4427872345116571,542,"[0.3765536677984632, 0.4758095913582613, 0.6134363686874843, 0.4158304651674414]"
"[0.14419365747908536, 0.43299599345247863, 0.38403818196638106, 0.28683465539567504]",stable,0.4632471063588352,543,"[0.36471737712890234, 0.6019186264553136, 0.7499984287568497, 0.34604117910794574]"
"[0.3130953050491, 0.4604603026687077, 0.5810015605099443, 0.30134941003148935]",stable,0.46407565550663665,544,"[0.5660820218975157, 0.42123790297495867, 0.8920850899492031, 0.5316808586138565]"
"[0.35132982841041793, 0.5929042945344262, 0.8816537085047923, 0.48283291992176613]",stable,0.19830631922250458,545,"[0.30057200098988784, 0.531171751490812, 0.8088479279171552, 0.3165877676871258]"
"[0.3130953050491, 0.4604603026687077, 0.5810015605099443, 0.30134941003148935]",stable,0.4558122302475043,546,"[0.4364534656563653, 0.606376553573374, 0.8474351628130303, 0.6180024326611865]"
"[0.3130953050491, 0.4604603026687077, 0.5810015605099443, 0.30134941003148935]",stable,0.43247193939133194,547,"[0.4433170336986594, 0.7901316537332077, 0.5677076396805781, 0.5487647525321317]"
"[0.5389712972885943, 0.3730428813232314, 0.8409542290880249, 0.5731193017901565]",stable,0.2190958712348401,548,"[0.7236965597836768, 0.4864444123549154, 0.8115603078571659, 0.5855960138017632]"
"[0.3528919106752096, 0.5907106452614868, 0.8767889664011833, 0.48142039085380156]",stable,0.5052154592121441,549,"[0.6368988662407515, 0.5370950852028561, 0.5929317292634056, 0.7833030668414056]"
"[0.9259842289874827, 0.8410796830961815, 0.40550669381837484, 0.6564072757169938]",stable,0.37567975297009637,550,"[0.893053544673917, 0.5218275692497658, 0.3670491197487866, 0.46496551009728826]"
"[0.6485138205594988, 0.5879376071185797, 0.445906302331884, 0.7199375122325604]",stable,0.2756384214293899,551,"[0.7583495168137, 0.4499314353829389, 0.6535698303408878, 0.6781904776771899]"
"[0.7211079492200831, 0.7475379914833234, 0.7195314033725755, 0.47025648778641843]",stable,0.31807434722464456,552,"[0.7427745130539757, 0.6730435305724878, 0.5402299835686653, 0.721261321452867]"
"[0.9259842289874827, 0.8410796830961815, 0.40550669381837484, 0.6564072757169938]",stable,0.12752954140459882,553,"[0.8169032832271698, 0.8352155488297478, 0.41906705436771197, 0.7208033917022003]"
"[0.549240343752945, 0.6313684323062536, 0.3873398106052944, 0.5712813888588953]",stable,0.4660739262070677,554,"[0.8911159409295945, 0.5493730079925668, 0.48797856518925764, 0.8602356624258176]"
"[0.9278300924415198, 0.7603288622264261, 0.5378470355595862, 0.851881800153853]",anomaly,0.6100264504880903,555,"[1.0, 0.25923622557345355, 0.275786220193735, 0.6347319134855518]"
"[0.9278300924415198, 0.7603288622264261, 0.5378470355595862, 0.851881800153853]",stable,0.3139286018915943,556,"[1.0, 0.7950344101056057, 0.7014972215908353, 0.5962320141438602]"
"[0.9220884809246144, 0.8408702497295232, 0.4059909924094226, 0.6587071370021798]",stable,0.4420766094504655,557,"[0.8095445787359548, 0.5557954093982729, 0.2935168470073872, 0.956780115867361]"
"[0.9278300924415198, 0.7603288622264261, 0.5378470355595862, 0.851881800153853]",stable,0.18135352062875396,558,"[0.9176989887466611, 0.6737103025566289, 0.6445126938874952, 0.7339575760242388]"
"[0.9220884809246144, 0.8408702497295232, 0.4059909924094226, 0.6587071370021798]",stable,0.4433380216119035,559,"[0.9579329431347056, 0.6385943079994193, 0.08680908742365306, 0.8877729154643516]"
"[0.9278300924415198, 0.7603288622264261, 0.5378470355595862, 0.851881800153853]",anomaly,0.7004860361606468,560,"[0.665082776411528, 0.663716652183591, 0.5560217044188779, 0.21002488692662535]"
"[0.9278300924415198, 0.7603288622264261, 0.5378470355595862, 0.851881800153853]",stable,0.13309265505419163,561,"[0.9095531138499151, 0.6853626836013565, 0.4639913978963187, 0.7724776205998625]"
"[0.922740292335847, 0.5687576126979086, 0.3575198819831292, 0.6918912096386521]",stable,0.3966167887167696,562,"[0.5490079527609713, 0.5081150242883311, 0.4755761172897853, 0.6956617830828946]"
"[0.9220884809246144, 0.8408702497295232, 0.4059909924094226, 0.6587071370021798]",stable,0.704497007517817,563,"[0.7363002699229029, 0.5548198979629494, 0.9681931202495253, 0.40591722826248566]"
"[0.3974392983037291, 0.6208733253829546, 0.34653976564296207, 0.2927452352842598]",stable,0.5814942692795557,564,"[0.4411380374583205, 0.41836842624274906, 0.8446227349134652, 0.50984228028524]"
"[0.3528919106752096, 0.5907106452614868, 0.8767889664011833, 0.48142039085380156]",stable,0.38029708712406957,565,"[0.4187153919732485, 0.5621519235277715, 0.978133564849133, 0.8408738865430477]"
"[0.3528919106752096, 0.5907106452614868, 0.8767889664011833, 0.48142039085380156]",stable,0.5256639347259952,566,"[0.7309202315191818, 0.6607226844873164, 0.5736307993821116, 0.6727593598187763]"
"[0.9220884809246144, 0.8408702497295232, 0.4059909924094226, 0.6587071370021798]",stable,0.6328131068180795,567,"[0.7426768090896189, 0.7177386181511499, 1.0, 0.6747002722866393]"
"[0.6623701772873061, 0.6951167461379816, 0.9119324773220185, 0.6582754094400709]",stable,0.4823831221352945,568,"[0.5501008176776824, 0.23676899362202058, 1.0, 0.7057150197543434]"
"[0.3200471909050012, 0.2807278341306122, 0.6822370182252011, 0.434855063949246]",stable,0.6601425173741738,569,"[0.8059224947216713, 0.5730558734442399, 1.0, 0.5501127631749763]"
"[0.6726239142469036, 0.6863981123741428, 0.9182230146561601, 0.6505495061354213]",stable,0.5011692373949437,570,"[0.6655401217460999, 0.7880117172401017, 0.5146171484363743, 0.3714484411894841]"
"[0.6514815603924078, 0.5909402385798256, 0.4555877636105344, 0.7172402017578242]",stable,0.2513811901653278,571,"[0.5526107603125381, 0.5701323880162434, 0.6857101240507634, 0.7119676083879452]"
"[0.5376970635188196, 0.5165794371039387, 0.6319673980048802, 0.5752293852736178]",stable,0.32255033276078626,572,"[0.5962533844142781, 0.699405719155966, 0.3874814702262046, 0.6613168765630891]"
"[0.6514815603924078, 0.5909402385798256, 0.4555877636105344, 0.7172402017578242]",stable,0.23927483481985745,573,"[0.7990296327530343, 0.7060362537980048, 0.47018758125473475, 0.5688428785798567]"
"[0.6514815603924078, 0.5909402385798256, 0.4555877636105344, 0.7172402017578242]",stable,0.3749817221565629,574,"[1.0, 0.4549529983824185, 0.4394410186924813, 0.737062974950162]"
"[0.8656012573334139, 0.6113649122441727, 0.37222860042728056, 0.9428079710629338]",stable,0.5972474655795612,575,"[1.0, 0.45548351981113966, 0.4864227410729649, 0.3938979576306934]"
"[0.6514815603924078, 0.5909402385798256, 0.4555877636105344, 0.7172402017578242]",stable,0.3847363210628954,576,"[0.8417138738620563, 0.6553100251491012, 0.4085595313543381, 0.3924655420245256]"
"[0.6514815603924078, 0.5909402385798256, 0.4555877636105344, 0.7172402017578242]",stable,0.2275634367720423,577,"[0.5126375122412538, 0.6400838250603093, 0.34404011883858693, 0.5843888603939902]"
"[0.6514815603924078, 0.5909402385798256, 0.4555877636105344, 0.7172402017578242]",stable,0.2623972499150693,578,"[0.6369282323058401, 0.727546618083502, 0.6776176533794976, 0.6911261723353928]"
"[0.6887561183160013, 0.7853245356472341, 0.44260299921441065, 0.44885962389438433]",stable,0.37002550974510834,579,"[0.47270763211390887, 0.5475834830237046, 0.5680012787850498, 0.583010258816816]"
"[0.5352900475408601, 0.517727735100967, 0.6295982824782199, 0.5755175657752177]",stable,0.36169225460103754,580,"[0.5149138468382213, 0.20227006373449163, 0.7794816469457132, 0.6673191568031129]"
"[0.3528919106752096, 0.5907106452614868, 0.8767889664011833, 0.48142039085380156]",stable,0.6638107151094221,581,"[0.14064908595731626, 0.5648784190896134, 0.25188884679987766, 0.5479800292477345]"
"[0.1282865202681402, 0.6137130541122368, 0.4710242693410301, 0.4400662090618249]",stable,0.4789086357338105,582,"[0.04921140355309417, 0.2354374729292924, 0.6599826681455004, 0.2295836314006849]"
"[0.3528919106752096, 0.5907106452614868, 0.8767889664011833, 0.48142039085380156]",stable,0.4128150841714175,583,"[0.45221423572706376, 0.8283830383773665, 0.6181581884083477, 0.2886165431454645]"
"[0.09417236034573788, 0.7136979237697354, 0.3108629503441159, 0.2879624075847174]",stable,0.33564164606088837,584,"[0.25711150509176406, 0.46703145720261835, 0.44220091809856804, 0.19845183738588568]"
"[0.31169581783847566, 0.42550166342179613, 0.3350796494230421, 0.48415657942423296]",stable,0.2688601249973539,585,"[0.1883290628594962, 0.6597319965252275, 0.30780457455888605, 0.44596453935094726]"
"[0.15172151398659725, 0.43526502436915465, 0.3879156977085269, 0.2809424675283558]",stable,0.40425954243679196,586,"[0.16725887894569674, 0.45056110943535044, 0.37512606040335, 0.6844109581203497]"
"[0.1282865202681402, 0.6137130541122368, 0.4710242693410301, 0.4400662090618249]",stable,0.5157799130893139,587,"[0.5646062289583961, 0.6912909423729431, 0.7069136687445681, 0.3217788764478973]"
"[0.5413880108353033, 0.37257958356794146, 0.8376004599515737, 0.5747885150793737]",stable,0.5669582998323645,588,"[0.622705985716601, 0.7650181395524922, 0.44751400230401117, 0.48176359343604747]"
"[0.6514815603924078, 0.5909402385798256, 0.4555877636105344, 0.7172402017578242]",stable,0.40599865656111533,589,"[0.7086416822328324, 0.5908486671357839, 0.4805430733677282, 0.3160608731151193]"
"[0.6514815603924078, 0.5909402385798256, 0.4555877636105344, 0.7172402017578242]",stable,0.2825248509518161,590,"[0.79668280124611, 0.7187291218671061, 0.31552169815716546, 0.8681984399447262]"
"[0.9270990132978557, 0.7573302150814234, 0.5348928100530556, 0.8487056329716932]",stable,0.2863559174023801,591,"[0.8442242908838193, 0.8275946596126245, 0.544530747448474, 0.583938735845865]"
"[0.8656012573334139, 0.6113649122441727, 0.37222860042728056, 0.9428079710629338]",stable,0.441932092144504,592,"[0.7400015044680501, 0.6924101706599437, 0.21127962457081906, 0.5593294587490689]"
"[0.9278909395134571, 0.5611706384102092, 0.36298129109708605, 0.6949026606594194]",stable,0.3772981364416181,593,"[0.7572075718816491, 0.7872541485716652, 0.21962620902222407, 0.8987571152405429]"
"[0.9270990132978557, 0.7573302150814234, 0.5348928100530556, 0.8487056329716932]",stable,0.2927346977024268,594,"[0.6798606110416375, 0.6098708098658722, 0.4827477597152246, 0.838537386934908]"
"[0.9194035088542422, 0.8404124707599749, 0.4107682253418037, 0.6561289162726517]",stable,0.4653924991727787,595,"[1.0, 0.4665994360156775, 0.38844224267286714, 0.9204388658666872]"
"[0.9270990132978557, 0.7573302150814234, 0.5348928100530556, 0.8487056329716932]",stable,0.4674715905318583,596,"[0.6063343267882988, 0.8990313786885424, 0.3057559751041032, 0.6412043198559055]"
"[0.6525326363423792, 0.5916413708496792, 0.4565936893921896, 0.7217326900977162]",stable,0.33090672770976576,597,"[0.7828894469112744, 0.8940679375371211, 0.4884271901136666, 0.7161501839085384]"
"[0.873507065725566, 0.6028492959954377, 0.37318234408878564, 0.9414921413455074]",stable,0.433749646418537,598,"[1.0, 0.8327125033076779, 0.510189873238265, 0.6244272643450199]"
"[0.9175997162478805, 0.8418949062220669, 0.4164805031698141, 0.6570424522632405]",stable,0.1740249548374677,599,"[0.918684460866795, 0.6987863955677892, 0.5138443112992064, 0.6390493624743302]"
"[0.9175997162478805, 0.8418949062220669, 0.4164805031698141, 0.6570424522632405]",stable,0.2871690340397349,600,"[0.7109380543921227, 0.7133264027666283, 0.40147727817199735, 0.5053781690940494]"
"[0.6525326363423792, 0.5916413708496792, 0.4565936893921896, 0.7217326900977162]",stable,0.3822230964425748,601,"[0.4092209210425816, 0.7407943788764368, 0.5681922739348932, 0.49327472727598604]"
"[0.5413880108353033, 0.37257958356794146, 0.8376004599515737, 0.5747885150793737]",stable,0.6640994874506418,602,"[0.29872635601133063, 0.6558743319467882, 0.2892226110025976, 0.6089831174802813]"
"[0.15172151398659725, 0.43526502436915465, 0.3879156977085269, 0.2809424675283558]",stable,0.44203952328368534,603,"[0.5105352169986759, 0.5718870792627988, 0.34491373352315563, 0.49573751371998875]"
"[0.6525326363423792, 0.5916413708496792, 0.4565936893921896, 0.7217326900977162]",stable,0.6792406397057368,604,"[0.25652266658333145, 0.4976216642776319, 0.28289299014169855, 0.20643441498388163]"
"[0.29186495244359967, 0.712757432907172, 0.23880749992576428, 0.45202176241641334]",stable,0.2152907419670705,605,"[0.4173854176108, 0.6896576613456721, 0.3330623388531408, 0.3064980794863755]"
"[0.31169581783847566, 0.42550166342179613, 0.3350796494230421, 0.48415657942423296]",stable,0.201784584557625,606,"[0.19339388627037216, 0.573869495310675, 0.2664949963151974, 0.48634823884555123]"
"[0.15827158602389316, 0.43916231436343445, 0.38135177848560015, 0.27628571424432613]",anomaly,0.6205693131567432,607,"[0.06332543332583582, 0.9198318091390324, 0.0041973868309743145, 0.32922815626837465]"
"[0.15827158602389316, 0.43916231436343445, 0.38135177848560015, 0.27628571424432613]",stable,0.37936668242010785,608,"[0.0, 0.7779434741647294, 0.3176918298731476, 0.26965838489762245]"
"[0.1282865202681402, 0.6137130541122368, 0.4710242693410301, 0.4400662090618249]",stable,0.1789509566022675,609,"[0.0, 0.508943165908108, 0.4532577702419814, 0.3746931594020719]"
"[0.08863280973716506, 0.7174770737929703, 0.3112646491399413, 0.2868857003678295]",stable,0.17586504540850614,610,"[0.22112667065472014, 0.8095124870829382, 0.24474996570317292, 0.30877566618659674]"
"[0.1218721942547332, 0.6084745597020302, 0.47013594438607764, 0.4367975565788373]",stable,0.19421977956029637,611,"[0.1518599098224137, 0.5218011238890147, 0.3547772895686156, 0.3102979282372697]"
"[0.2871758540543984, 0.706143721593053, 0.2401259521347849, 0.4536563565320866]",stable,0.16102412571420646,612,"[0.25695964958818257, 0.8460062110632903, 0.3048278592703147, 0.4180488109568373]"
"[0.15789442860027672, 0.4440234208061156, 0.3797885732551893, 0.27828643271449927]",stable,0.5573006587062171,613,"[0.6889229585912988, 0.40802604722455743, 0.37685800808429787, 0.4434782164477302]"
"[0.6525326363423792, 0.5916413708496792, 0.4565936893921896, 0.7217326900977162]",stable,0.3419235250744952,614,"[0.44381290516803384, 0.7508816729936327, 0.28438545765156087, 0.5863272917129169]"
"[0.6525326363423792, 0.5916413708496792, 0.4565936893921896, 0.7217326900977162]",stable,0.4355621698852778,615,"[0.7963602268394486, 0.8858204013392343, 0.44715748685891166, 0.4346827220626105]"
"[0.6525326363423792, 0.5916413708496792, 0.4565936893921896, 0.7217326900977162]",stable,0.36026394460483013,616,"[0.7911914189875346, 0.7056617877670166, 0.1489659461129859, 0.7758470862279193]"
"[0.9270990132978557, 0.7573302150814234, 0.5348928100530556, 0.8487056329716932]",stable,0.33957952505635625,617,"[0.8537723759959764, 0.8427214609177887, 0.27882878514740694, 0.656151722642321]"
"[0.9156051118650085, 0.8419207360563082, 0.4121788869816139, 0.6570146169625868]",stable,0.3260045383578071,618,"[0.8587624890637848, 0.8147114869764626, 0.7284576719277855, 0.6093149081537378]"
"[0.5413880108353033, 0.37257958356794146, 0.8376004599515737, 0.5747885150793737]",stable,0.7254532877070518,619,"[1.0, 0.799187973324508, 0.47175672787427125, 0.5857958548320508]"
"[0.918162532717584, 0.8406258038523142, 0.4139842760995733, 0.6548564726556008]",stable,0.28361488234420096,620,"[0.7469230187739389, 0.6307118008633297, 0.4946626489508096, 0.6315854207954761]"
"[0.918162532717584, 0.8406258038523142, 0.4139842760995733, 0.6548564726556008]",stable,0.3037732276035757,621,"[0.6514618608592898, 0.8510770895732187, 0.5463105001535891, 0.5954471594680647]"
"[0.6559037214292206, 0.5930367433501668, 0.4579532950907117, 0.7185131447654933]",stable,0.5498579940732407,622,"[0.7812483607312202, 0.9304695451225791, 0.042920697916981, 0.7413074996751462]"
"[0.9270990132978557, 0.7573302150814234, 0.5348928100530556, 0.8487056329716932]",anomaly,0.6812497561245635,623,"[0.6215359330991239, 0.5096444423690596, 0.13189225290411835, 0.4653327815949087]"
"[0.9270990132978557, 0.7573302150814234, 0.5348928100530556, 0.8487056329716932]",stable,0.9769234485355078,624,"[0.10613080411620662, 0.8088353470638462, 0.1317967504032058, 0.5092186495896742]"
"[0.27146740252831814, 0.7162353183571796, 0.5826953066827745, 0.24953517218191856]",stable,0.45579920883183905,625,"[0.633760949958077, 0.6019145110878301, 0.5986534628628968, 0.5008763636709115]"
"[0.5388068654843321, 0.5207344056719264, 0.6284931103491012, 0.5728518085572069]",stable,0.4954613931816008,626,"[0.10541303290237153, 0.5048987828234254, 0.6297817394163386, 0.8124334240820619]"
"[0.5388068654843321, 0.5207344056719264, 0.6284931103491012, 0.5728518085572069]",stable,0.6077302187849133,627,"[0.34727311011614054, 0.688134342825109, 0.12512907669911563, 0.3464611063460888]"
"[0.15789442860027672, 0.4440234208061156, 0.3797885732551893, 0.27828643271449927]",stable,0.1363209739420239,628,"[0.2639041344355604, 0.48286130344950207, 0.3508568479426481, 0.3489965758867259]"
"[0.2884750302107256, 0.7114416829279354, 0.23793921438260493, 0.4474475393250758]",stable,0.3976009573350514,629,"[0.13539383518879777, 0.553325478322944, 0.40672558517364943, 0.7323389149069077]"
"[0.1218721942547332, 0.6084745597020302, 0.47013594438607764, 0.4367975565788373]",stable,0.32391951773282557,630,"[0.23191195152245359, 0.8143607716890973, 0.4142512446389768, 0.21930531801267522]"
"[0.1637838567022369, 0.44618108095297043, 0.3781812551822703, 0.2822147740018452]",stable,0.39621095451179916,631,"[0.22597694781569766, 0.8091258348187844, 0.3117458699814237, 0.4124936484497102]"
"[0.1637838567022369, 0.44618108095297043, 0.3781812551822703, 0.2822147740018452]",stable,0.4307058844297725,632,"[0.27133083586866497, 0.7286018219452868, 0.6223143335684955, 0.096261093614431]"
"[0.1637838567022369, 0.44618108095297043, 0.3781812551822703, 0.2822147740018452]",stable,0.2864592074457696,633,"[0.34474778238610104, 0.5980861727845888, 0.5331102659628133, 0.3294670736890917]"
"[0.1637838567022369, 0.44618108095297043, 0.3781812551822703, 0.2822147740018452]",stable,0.327869820145979,634,"[0.1323851077913123, 0.29461911629417775, 0.6529635609198876, 0.37186070448210073]"
"[0.3528919106752096, 0.5907106452614868, 0.8767889664011833, 0.48142039085380156]",stable,0.35371963412460977,635,"[0.40722686961735927, 0.3777246931148851, 0.6292483644404903, 0.3568173155661268]"
"[0.1637838567022369, 0.44618108095297043, 0.3781812551822703, 0.2822147740018452]",stable,0.46185413236853873,636,"[0.32136857376095407, 0.7757149827278165, 0.25163552486079915, 0.5349396881948693]"
"[0.1637838567022369, 0.44618108095297043, 0.3781812551822703, 0.2822147740018452]",stable,0.3684046238918345,637,"[0.0, 0.6946180476388567, 0.5836999775647314, 0.3524852765105215]"
"[0.09599357978814034, 0.7225901523090796, 0.3075693889490097, 0.2881018095799832]",stable,0.15245283975964194,638,"[0.07991903414400478, 0.6109694932633366, 0.4083807652285026, 0.2690920168419717]"
"[0.11606875643307923, 0.6125766305561648, 0.47554375548982303, 0.43278268609939363]",stable,0.4539580630594969,639,"[0.17470746476468293, 0.5129370823965851, 0.03683982534450431, 0.41696348828353186]"
"[0.20929289715566957, 0.5819208785022373, 0.021816023644132376, 0.505734589081322]",stable,0.5155129183974563,640,"[0.1431304410553889, 0.5824737631606931, 0.529400373385439, 0.4446287738614089]"
"[0.09514755107002795, 0.7167153807803563, 0.31287525085845674, 0.28710129417271946]",anomaly,0.49053343114412096,641,"[0.3555532359910651, 1.0, 0.04865788556656764, 0.437935424006201]"
"[0.09514755107002795, 0.7167153807803563, 0.31287525085845674, 0.28710129417271946]",stable,0.33683514215385885,642,"[0.39773892318362863, 0.5964716595124161, 0.29736048360934975, 0.3719371003223796]"
"[0.2872908486569336, 0.7179199809955645, 0.2414393330256855, 0.4495490696448529]",stable,0.43122647522509294,643,"[0.060038285110220024, 0.6833906699358172, 0.28264788658551315, 0.08702717087492945]"
"[0.09514755107002795, 0.7167153807803563, 0.31287525085845674, 0.28710129417271946]",stable,0.3292833763769308,644,"[0.2854493721392253, 0.5645274437800399, 0.29662087228816075, 0.06622262642768822]"
"[0.09514755107002795, 0.7167153807803563, 0.31287525085845674, 0.28710129417271946]",stable,0.23096728617288315,645,"[0.15194376963874828, 0.5140036138477796, 0.3498340985017417, 0.19956810066126474]"
"[0.2872908486569336, 0.7179199809955645, 0.2414393330256855, 0.4495490696448529]",stable,0.49395863312115795,646,"[0.0, 0.6793549464025931, 0.6138493316739047, 0.30366339342344356]"
"[0.09514755107002795, 0.7167153807803563, 0.31287525085845674, 0.28710129417271946]",stable,0.5876338192376498,647,"[0.637302313481552, 0.5125749715694046, 0.39100066681787893, 0.22706104255196796]"
"[0.2872908486569336, 0.7179199809955645, 0.2414393330256855, 0.4495490696448529]",stable,0.30473785324297653,648,"[0.15702561120638148, 0.9077234445428928, 0.42993482479138145, 0.5154294303036688]"
"[0.2665059003201284, 0.7300468129721827, 0.5665921772880149, 0.2265971805898272]",stable,0.3356560099622237,649,"[0.393590834491062, 0.7324150467116645, 0.2756167752809581, 0.3354185177729218]"
"[0.2872908486569336, 0.7179199809955645, 0.2414393330256855, 0.4495490696448529]",stable,0.3612028411100908,650,"[0.1437279112391847, 0.5099441668703928, 0.47551423528947706, 0.3408652332423894]"
"[0.2872908486569336, 0.7179199809955645, 0.2414393330256855, 0.4495490696448529]",stable,0.3660534775950615,651,"[0.46657402978884754, 0.44411106589774496, 0.4052898481981275, 0.44368595499989716]"
"[0.32049436633764466, 0.4636891415252994, 0.5810224728266158, 0.3062662082192681]",stable,0.4440362477394089,652,"[0.0, 0.4586580555566431, 0.2749167345648749, 0.27933081088535217]"
"[0.2872908486569336, 0.7179199809955645, 0.2414393330256855, 0.4495490696448529]",stable,0.0889023587106185,653,"[0.21267013890575706, 0.67574803768067, 0.26491998453311116, 0.45190815047736016]"
"[0.15446576673896178, 0.4530412044489659, 0.3765489362684266, 0.2809347655629628]",stable,0.3063952043042541,654,"[0.16963272751952455, 0.6829853792321889, 0.19980564774306753, 0.1832850294351538]"
"[0.09514755107002795, 0.7167153807803563, 0.31287525085845674, 0.28710129417271946]",stable,0.20365810684156369,655,"[0.0, 0.58495974755867, 0.19761813258388508, 0.24491340717822718]"
"[0.11219888374565447, 0.6141712152714238, 0.48389863349328816, 0.4276838511031356]",stable,0.20981157398104358,656,"[0.0, 0.5818575314715198, 0.5530338868589186, 0.2676574481441803]"
"[0.09039017351652655, 0.710127599119272, 0.3071123949447282, 0.2849918998229949]",stable,0.5115543319646294,657,"[0.2368306912658423, 0.4517186856150077, 0.5861303714867947, 0.5942115814427247]"
"[0.15446576673896178, 0.4530412044489659, 0.3765489362684266, 0.2809347655629628]",stable,0.44431776603053574,658,"[0.14391088894655812, 0.8489236749779356, 0.18593710525684692, 0.3461350046073537]"
"[0.10752393025625219, 0.6128248117797611, 0.48677926905018937, 0.42101608431317916]",stable,0.606836337935921,659,"[0.2246831774241534, 0.4296531573786979, 0.030944242551351253, 0.08458388388743088]"
"[0.32049436633764466, 0.4636891415252994, 0.5810224728266158, 0.3062662082192681]",stable,0.3081018092673992,660,"[0.14107787782185205, 0.4263425652945849, 0.33568054936931163, 0.2723689758747084]"
"[0.2844208213588114, 0.7162979831757609, 0.2423424350067403, 0.44963980352302624]",stable,0.46512541674908936,661,"[0.040796536692142574, 0.39749345738455594, 0.34963423799892207, 0.2402573673627796]"
"[0.2844208213588114, 0.7162979831757609, 0.2423424350067403, 0.44963980352302624]",stable,0.3308636451519594,662,"[0.612219362890288, 0.7318518616438423, 0.23358388527533144, 0.49087367945388066]"
"[0.6559037214292206, 0.5930367433501668, 0.4579532950907117, 0.7185131447654933]",stable,0.514625846480644,663,"[0.26586462665129357, 0.4446570771299392, 0.6157720191728441, 0.46202534507085635]"
"[0.14894154417531272, 0.4494652746133663, 0.37360184560892135, 0.27879375739390033]",anomaly,0.3912759516315782,664,"[0.08193279422271274, 0.5835165280436743, 0.7309217838587927, 0.22439319730617205]"
"[0.14894154417531272, 0.4494652746133663, 0.37360184560892135, 0.27879375739390033]",stable,0.5979069162121593,665,"[0.2431073674016663, 0.33930800863749366, 0.8554354171865928, 0.6017910704537199]"
"[0.14894154417531272, 0.4494652746133663, 0.37360184560892135, 0.27879375739390033]",stable,0.47537875426075593,666,"[0.374158023116843, 0.5108542387406477, 0.7867412045483716, 0.2503374260392287]"
"[0.14894154417531272, 0.4494652746133663, 0.37360184560892135, 0.27879375739390033]",stable,0.6408400863302582,667,"[0.3871557213508697, 0.12530085352847722, 0.851690142136937, 0.4211982196343238]"
"[0.39160119952252537, 0.3536454523147839, 0.9147830164166304, 0.3543270160261025]",stable,0.19878145705871555,668,"[0.257125873897786, 0.3606671854161763, 0.7926715722724869, 0.4347629839869024]"
"[0.39160119952252537, 0.3536454523147839, 0.9147830164166304, 0.3543270160261025]",stable,0.27320366302924814,669,"[0.24512989493423953, 0.44913338864354607, 0.7129870074710356, 0.29647528127157474]"
"[0.14894154417531272, 0.4494652746133663, 0.37360184560892135, 0.27879375739390033]",stable,0.4587487352393926,670,"[0.24789354613764733, 0.2783380771883407, 0.6714982406361177, 0.566251795240549]"
"[0.39160119952252537, 0.3536454523147839, 0.9147830164166304, 0.3543270160261025]",stable,0.6237754962926676,671,"[0.1948790723407535, 0.5552158983554333, 0.40176819444569933, 0.1384997189264305]"
"[0.2844208213588114, 0.7162979831757609, 0.2423424350067403, 0.44963980352302624]",stable,0.42409714573603685,672,"[0.0, 0.4330440366815408, 0.3040089097759643, 0.3274611102740865]"
"[0.2844208213588114, 0.7162979831757609, 0.2423424350067403, 0.44963980352302624]",stable,0.45781803716408953,673,"[0.4497060227870585, 0.4433763621617676, 0.5319531955078041, 0.6042928136026661]"
"[0.535734422632702, 0.5180668869301969, 0.6251641477683667, 0.5739359811449812]",stable,0.5932356337800999,674,"[0.1007227376157897, 0.6260938823057329, 0.3520623520424799, 0.29746007165800004]"
"[0.10752393025625219, 0.6128248117797611, 0.48677926905018937, 0.42101608431317916]",stable,0.4122052982353783,675,"[0.4594386511672534, 0.6138799008242286, 0.2949306858495881, 0.3247755262803024]"
"[0.2844208213588114, 0.7162979831757609, 0.2423424350067403, 0.44963980352302624]",stable,0.317828796001978,676,"[0.2461229887873148, 0.5569494666930963, 0.4496780967102807, 0.6261855292405343]"
"[0.10752393025625219, 0.6128248117797611, 0.48677926905018937, 0.42101608431317916]",stable,0.28285383388464264,677,"[0.3588618127831924, 0.4849789862111635, 0.5084614492007772, 0.4255864342687283]"
"[0.14482138353491783, 0.45303845004577586, 0.3719447821290742, 0.27512868997040896]",stable,0.2257788112072807,678,"[0.2513460602236519, 0.6188071448182213, 0.4491943050550363, 0.3537532146919273]"
"[0.09329259531331267, 0.7126167972576869, 0.3036476070997222, 0.2883378669420569]",stable,0.287099647883878,679,"[0.2085112033493265, 0.7085388269461811, 0.5615105250678047, 0.3397281955303678]"
"[0.14482138353491783, 0.45303845004577586, 0.3719447821290742, 0.27512868997040896]",stable,0.38521002849508673,680,"[0.30362178695651254, 0.26832443448578647, 0.1845350197932772, 0.04290571228889617]"
"[0.31868659929645365, 0.46534948079311356, 0.595302081830738, 0.31623571554180696]",stable,0.42631022721874,681,"[0.48739013359287287, 0.5150549378957393, 0.2198987492525378, 0.21683132544463402]"
"[0.2844208213588114, 0.7162979831757609, 0.2423424350067403, 0.44963980352302624]",stable,0.4191195967450312,682,"[0.24109534405182154, 0.35685616469283077, 0.4471631119004066, 0.5009643476938586]"
"[0.31868659929645365, 0.46534948079311356, 0.595302081830738, 0.31623571554180696]",stable,0.4969997844565603,683,"[0.0, 0.5827175050163241, 0.40883246113131405, 0.6275257163848822]"
"[0.1132768154549482, 0.6130641051012996, 0.48527587049038323, 0.4183255695283291]",stable,0.2322747892077908,684,"[0.32762658693156665, 0.5603830532590319, 0.502848886262411, 0.48848003526582484]"
"[0.5413880108353033, 0.37257958356794146, 0.8376004599515737, 0.5747885150793737]",stable,0.6614445065261952,685,"[0.4957574781344265, 0.43880590120314067, 0.30861767426784964, 0.18592095793184693]"
"[0.3155266241186447, 0.42322729541029536, 0.3433657249345171, 0.48308099505356433]",stable,0.41751746135707973,686,"[0.3754274013350498, 0.6668249067098191, 0.6633884026697021, 0.38832648628854977]"
"[0.5413880108353033, 0.37257958356794146, 0.8376004599515737, 0.5747885150793737]",stable,0.25764200852813224,687,"[0.5376719708797593, 0.4197453253612846, 0.584394740831963, 0.5800660345405811]"
"[0.5357990075742706, 0.5147895015445665, 0.6238051675371533, 0.574140316258168]",stable,0.5557536294871086,688,"[0.12876277305555783, 0.4014187739076277, 0.8683641111128105, 0.30858128005500757]"
"[0.39160119952252537, 0.3536454523147839, 0.9147830164166304, 0.3543270160261025]",stable,0.21202383903302033,689,"[0.3927939945357638, 0.259787843149301, 0.7249835298134899, 0.3433913109605725]"
"[0.39160119952252537, 0.3536454523147839, 0.9147830164166304, 0.3543270160261025]",anomaly,0.4650502790522702,690,"[0.2871003366780035, 0.2536097128416177, 0.5823639693164993, 0.06305092764183018]"
"[0.39160119952252537, 0.3536454523147839, 0.9147830164166304, 0.3543270160261025]",stable,0.3402623185866651,691,"[0.3145344797624138, 0.49316707228858925, 0.6531765578776976, 0.5024315215821196]"
"[0.1132768154549482, 0.6130641051012996, 0.48527587049038323, 0.4183255695283291]",stable,0.6634652575979133,692,"[0.10320612006822194, 0.19562572591004745, 0.9946341843575187, 0.49822573727848013]"
"[0.39160119952252537, 0.3536454523147839, 0.9147830164166304, 0.3543270160261025]",stable,0.25192827661235323,693,"[0.365307343580334, 0.4949934487226283, 0.7624179656703488, 0.21439087016259556]"
"[0.1132768154549482, 0.6130641051012996, 0.48527587049038323, 0.4183255695283291]",stable,0.4531243144675965,694,"[0.046349666100419185, 0.5449144931544234, 0.9168589626517734, 0.5179953542823309]"
"[0.39160119952252537, 0.3536454523147839, 0.9147830164166304, 0.3543270160261025]",stable,0.3608457423234823,695,"[0.5549232040319005, 0.3190168970071777, 0.6184809010593133, 0.4749151256725841]"
"[0.5364159171374199, 0.5084742562369088, 0.6236334170056101, 0.570939503658633]",stable,0.40025282123077904,696,"[0.31221284165470276, 0.3284567916406434, 0.3575827991784059, 0.48880496134308643]"
"[0.3205330612420989, 0.4678478094637653, 0.6050842713910236, 0.31990314861402874]",stable,0.16615829876059113,697,"[0.44805090750577187, 0.45686033933317755, 0.5242621232999161, 0.251384282530616]"
"[0.1132768154549482, 0.6130641051012996, 0.48527587049038323, 0.4183255695283291]",stable,0.7530227995170545,698,"[0.8021495234759197, 0.5272108560698843, 0.6270396370661054, 0.6733353396418864]"
"[0.918162532717584, 0.8406258038523142, 0.4139842760995733, 0.6548564726556008]",stable,0.4172550343458176,699,"[0.7001534445546684, 0.6160026794239437, 0.5318444086877867, 0.4054025845647773]"
"[0.6559037214292206, 0.5930367433501668, 0.4579532950907117, 0.7185131447654933]",stable,0.4661151933961286,700,"[0.980584379716071, 0.4004875742541403, 0.41172324838137514, 0.4490072192076121]"
"[0.6559037214292206, 0.5930367433501668, 0.4579532950907117, 0.7185131447654933]",stable,0.22170132416211313,701,"[0.8728971853603293, 0.5774538334823126, 0.425664361206898, 0.7464400388840667]"
"[0.873507065725566, 0.6028492959954377, 0.37318234408878564, 0.9414921413455074]",stable,0.18142992077680298,702,"[1.0, 0.6435749970763254, 0.4909174288961947, 0.9788581795163265]"
"[0.9270990132978557, 0.7573302150814234, 0.5348928100530556, 0.8487056329716932]",stable,0.2615265250148663,703,"[1.0, 0.5079039208181275, 0.5412157401240731, 0.8774825978846583]"
"[0.9244538298788867, 0.5621883381022157, 0.3668989829789493, 0.6981237467984599]",stable,0.15455912071017588,704,"[1.0, 0.5147940177552688, 0.30353391796816365, 0.5889452465808602]"
"[0.8805344509630345, 0.6051118349443758, 0.3797231821336417, 0.9435680323549973]",stable,0.39212773924237454,705,"[1.0, 0.7931811341753335, 0.2869333431768172, 0.6345176627551938]"
"[0.9205695170494197, 0.8392303723912267, 0.41024748395478633, 0.6542582723644124]",anomaly,0.5561440975597245,706,"[1.0, 0.340352465781756, 0.6417498875827239, 0.6315750838716604]"
"[0.9205695170494197, 0.8392303723912267, 0.41024748395478633, 0.6542582723644124]",stable,0.21046501513011132,707,"[0.9970639559841861, 0.7936869720081869, 0.2381271197929347, 0.5721333533196121]"
"[0.9288977222389522, 0.5594004369053365, 0.36317162621360893, 0.6917014820797776]",stable,0.2251594920366006,708,"[0.7571492860015621, 0.5338046051226863, 0.233204057907958, 0.6312651015771251]"
"[0.9270990132978557, 0.7573302150814234, 0.5348928100530556, 0.8487056329716932]",stable,0.3521737387158299,709,"[0.9020251835937617, 0.6125228317887594, 0.5570001157807801, 0.529425608412611]"
"[0.9205695170494197, 0.8392303723912267, 0.41024748395478633, 0.6542582723644124]",stable,0.6039519713811514,710,"[0.5170917357471905, 0.5120036504068818, 0.21330483823600788, 0.4174040335438298]"
"[0.3153825466202124, 0.41910683872465837, 0.34398385859729486, 0.4833298631531088]",anomaly,0.4949329525202725,711,"[0.4607856993761216, 0.37589625300557095, 0.4848464084560111, 0.03376658842063013]"
"[0.3153825466202124, 0.41910683872465837, 0.34398385859729486, 0.4833298631531088]",stable,0.5592310370364371,712,"[0.369573378205306, 0.37090160192099464, 0.8818068269038738, 0.6183314056019571]"
"[0.3528919106752096, 0.5907106452614868, 0.8767889664011833, 0.48142039085380156]",stable,0.3825011202743191,713,"[0.3812665447150564, 0.22763794794604486, 0.7704543496591513, 0.4327053736555233]"
"[0.39160119952252537, 0.3536454523147839, 0.9147830164166304, 0.3543270160261025]",anomaly,0.43261325398974315,714,"[0.2065010769424827, 0.13130631965450582, 0.8238838541889981, 0.6628636014461091]"
"[0.39160119952252537, 0.3536454523147839, 0.9147830164166304, 0.3543270160261025]",stable,0.40444888332204987,715,"[0.2359251390754937, 0.18214278891851854, 0.5886211397791569, 0.4139015919830833]"
"[0.39160119952252537, 0.3536454523147839, 0.9147830164166304, 0.3543270160261025]",stable,0.5324507016477038,716,"[0.023820599784161067, 0.0, 0.7636169885198509, 0.37235217089931244]"
"[0.3528919106752096, 0.5907106452614868, 0.8767889664011833, 0.48142039085380156]",stable,0.24991653881054332,717,"[0.37509086773389444, 0.3998193020501028, 0.7691506587695867, 0.3633527301938738]"
"[0.39096618676142414, 0.35542136961229615, 0.9091817718917441, 0.3546741588787091]",stable,0.2977419992178799,718,"[0.348271092745944, 0.21951923722471464, 0.6609556115158732, 0.4367826892688582]"
"[0.39096618676142414, 0.35542136961229615, 0.9091817718917441, 0.3546741588787091]",stable,0.4325596594894383,719,"[0.28308524810555546, 0.1518830376959111, 1.0, 0.0]"
"[0.601582106792196, 0.1923356204205453, 0.9720525232970078, 0.6025999287592426]",stable,0.4277895242896941,720,"[0.3448202343171369, 0.17199623098007394, 0.9969965019478115, 0.26195153950521827]"
"[0.38925707741163573, 0.3486278459592509, 0.9124341693012281, 0.35123998779080207]",stable,0.42529454031583636,721,"[0.2471829378518872, 0.12936138653665713, 0.9862191051067523, 0.023874155866836055]"
"[0.601582106792196, 0.1923356204205453, 0.9720525232970078, 0.6025999287592426]",stable,0.3509498446832571,722,"[0.25239179218784435, 0.20954543646203158, 1.0, 0.6150369077923532]"
"[0.38925707741163573, 0.3486278459592509, 0.9124341693012281, 0.35123998779080207]",anomaly,0.3255342844985337,723,"[0.4568434915104265, 0.04175574391702688, 0.8660993296746912, 0.42256489675119974]"
"[0.38925707741163573, 0.3486278459592509, 0.9124341693012281, 0.35123998779080207]",stable,0.25630953696619796,724,"[0.16009918280074503, 0.2576608646865518, 0.9571590688418435, 0.29733331142743347]"
"[0.38925707741163573, 0.3486278459592509, 0.9124341693012281, 0.35123998779080207]",stable,0.31953214310515793,725,"[0.2461378849481886, 0.1281088104749835, 0.939966377836551, 0.17170999110990806]"
"[0.601582106792196, 0.1923356204205453, 0.9720525232970078, 0.6025999287592426]",stable,0.29096558160522584,726,"[0.5915477890614785, 0.30805321461034363, 0.8910818692269644, 0.34840812377540586]"
"[0.39648174568484434, 0.3471787519825042, 0.9116715871557187, 0.35113884979025217]",stable,0.4198809786533107,727,"[0.6094351073101755, 0.2557508738748393, 0.6912456444733984, 0.6231760694949707]"
"[0.3528919106752096, 0.5907106452614868, 0.8767889664011833, 0.48142039085380156]",stable,0.5151031985187755,728,"[0.7524303034793005, 0.5246289982006342, 0.5636361543320831, 0.5385947733580027]"
"[0.6559037214292206, 0.5930367433501668, 0.4579532950907117, 0.7185131447654933]",stable,0.4667135330631803,729,"[0.7754694802925503, 0.9217544067232327, 0.15101278704384635, 0.6830480413786952]"
"[0.9270990132978557, 0.7573302150814234, 0.5348928100530556, 0.8487056329716932]",stable,0.2955184271391945,730,"[0.7896361233253157, 0.6422625780550564, 0.3725435781276369, 0.6788902612834515]"
"[0.8805344509630345, 0.6051118349443758, 0.3797231821336417, 0.9435680323549973]",stable,0.3464631032898309,731,"[0.8150306745013444, 0.762609315646664, 0.6197040747980029, 0.7609491616462843]"
"[0.9211609667437501, 0.5640038891914321, 0.3636922902088327, 0.6909897475910927]",stable,0.331024223122651,732,"[0.7822090099030765, 0.5621543666274813, 0.5881326423133655, 0.4912586844146779]"
"[0.6559037214292206, 0.5930367433501668, 0.4579532950907117, 0.7185131447654933]",stable,0.35501462505415615,733,"[0.7280113980358357, 0.8610755360554027, 0.23748393955736377, 0.6989086592438406]"
"[0.9227886925749129, 0.7575332574108558, 0.5381547817740151, 0.8453303840745622]",stable,0.11890501142633501,734,"[0.9336740716112613, 0.6998694922002705, 0.6280795924165122, 0.8964021852781757]"
"[0.9211609667437501, 0.5640038891914321, 0.3636922902088327, 0.6909897475910927]",stable,0.41914780587860695,735,"[0.7940602084566115, 0.792522588631594, 0.47242199327126666, 1.0]"
"[0.9185800102505574, 0.7567234561969327, 0.5390187825647204, 0.8526782918291712]",stable,0.2814646361315399,736,"[0.7397230988826002, 0.7351145378517266, 0.699293957817047, 0.7074974752783573]"
"[0.6856461107057653, 0.7957495764074533, 0.43900301290999727, 0.47186950414131523]",stable,0.11568909806392201,737,"[0.6015010199451483, 0.7283527359752825, 0.4790991277655373, 0.4594784353826029]"
"[0.6559037214292206, 0.5930367433501668, 0.4579532950907117, 0.7185131447654933]",stable,0.4072405670336098,738,"[0.4827058723360178, 0.5293606730443181, 0.21818057053851092, 0.4459296105258712]"
"[0.3153825466202124, 0.41910683872465837, 0.34398385859729486, 0.4833298631531088]",anomaly,0.6491123910341142,739,"[0.22157434971763787, 1.0, 0.09424320017718688, 0.3704597736548565]"
"[0.3153825466202124, 0.41910683872465837, 0.34398385859729486, 0.4833298631531088]",stable,0.318408342997049,740,"[0.3356513973139187, 0.6085162951762656, 0.3419071757165953, 0.2281969727281337]"
"[0.3153825466202124, 0.41910683872465837, 0.34398385859729486, 0.4833298631531088]",stable,0.28988190806739206,741,"[0.3770840174435709, 0.6953002404576003, 0.40538774375687514, 0.47024487750080446]"
"[0.14482138353491783, 0.45303845004577586, 0.3719447821290742, 0.27512868997040896]",stable,0.17260689739399052,742,"[0.17534893706058072, 0.5440194556464474, 0.4012365756444972, 0.41557674782902715]"
"[0.09329259531331267, 0.7126167972576869, 0.3036476070997222, 0.2883378669420569]",stable,0.2910579273848699,743,"[0.34837706725748496, 0.6428654522068804, 0.18569002302343393, 0.31778930984436127]"
"[0.2878527915841729, 0.7155202890010143, 0.2483811501456342, 0.45040295441109207]",stable,0.44044130794685266,744,"[0.0, 0.46156379787105817, 0.19204346843342557, 0.24192877769995258]"
"[0.2878527915841729, 0.7155202890010143, 0.2483811501456342, 0.45040295441109207]",stable,0.389439966522801,745,"[0.0, 0.5488350302870345, 0.4496839455335406, 0.42809898617789593]"
"[0.09329259531331267, 0.7126167972576869, 0.3036476070997222, 0.2883378669420569]",stable,0.40689494980812657,746,"[0.3332060918163653, 0.49990006321612906, 0.4745720900478807, 0.10519468098463322]"
"[0.11138034531238095, 0.6081280412394804, 0.4808450845717636, 0.4185857397116722]",stable,0.19912323921082814,747,"[0.22584795491170814, 0.6842692260604983, 0.5995332871693713, 0.5002120913674306]"
"[0.5376820274011919, 0.3683472017343683, 0.8339523010756495, 0.5780717452557373]",stable,0.627985627362797,748,"[0.01177026619568372, 0.3915442662100443, 0.6895817128257158, 0.2675853573930075]"
"[0.3528919106752096, 0.5907106452614868, 0.8767889664011833, 0.48142039085380156]",stable,0.2967085876351223,749,"[0.38532117116275966, 0.5643421413382097, 0.6776241127710376, 0.26549820088716003]"
"[0.11138034531238095, 0.6081280412394804, 0.4808450845717636, 0.4185857397116722]",stable,0.30506337192621197,750,"[0.36022229336537825, 0.45521440636835786, 0.5573256189509557, 0.3748879833418771]"
"[0.11138034531238095, 0.6081280412394804, 0.4808450845717636, 0.4185857397116722]",stable,0.6309628855709286,751,"[0.42420600789765417, 0.5968380977103358, 0.9160490137719036, 0.7513384181080238]"
"[0.3528919106752096, 0.5907106452614868, 0.8767889664011833, 0.48142039085380156]",stable,0.3204097990379548,752,"[0.2960026566195189, 0.4208474146912385, 0.6136353690240732, 0.4450511843700995]"
"[0.11138034531238095, 0.6081280412394804, 0.4808450845717636, 0.4185857397116722]",stable,0.23304672210775107,753,"[0.1471086706996092, 0.5728251731261311, 0.6174466141210185, 0.23657477554201783]"
"[0.14482138353491783, 0.45303845004577586, 0.3719447821290742, 0.27512868997040896]",stable,0.5630258149485926,754,"[0.1226888567868391, 0.39231467670660747, 0.9189637885328686, 0.1585480331583489]"
"[0.39648174568484434, 0.3471787519825042, 0.9116715871557187, 0.35113884979025217]",stable,0.29792600625318333,755,"[0.3500584733427893, 0.2656329302490653, 0.6384915656986752, 0.2781474816596667]"
"[0.39648174568484434, 0.3471787519825042, 0.9116715871557187, 0.35113884979025217]",stable,0.28879010316958426,756,"[0.3137231597429632, 0.6193460383800952, 0.8626149608243807, 0.3428228549875508]"
"[0.32839512603707394, 0.46991657080763266, 0.5987270555745502, 0.3142781696513231]",anomaly,0.5349229937500036,757,"[0.3678085383877997, 0.03563806477033149, 0.8119537223521648, 0.5390575279969148]"
"[0.32839512603707394, 0.46991657080763266, 0.5987270555745502, 0.3142781696513231]",stable,0.4240166322197161,758,"[0.4006490763637377, 0.2912103520289164, 0.9369202485257245, 0.14617426525750674]"
"[0.32171856001172366, 0.2671113420712681, 0.6922982684631291, 0.4285342695657257]",stable,0.5633425106800001,759,"[0.0, 0.6379787281716927, 0.9211926015220033, 0.27388395852885516]"
"[0.5376820274011919, 0.3683472017343683, 0.8339523010756495, 0.5780717452557373]",stable,0.3796958738472563,760,"[0.24981048725722174, 0.3229458272989128, 0.6605223198391235, 0.7488338306243576]"
"[0.14482138353491783, 0.45303845004577586, 0.3719447821290742, 0.27512868997040896]",stable,0.7535175382795005,761,"[0.37316827788852464, 0.1276875933641107, 1.0, 0.15127458347622824]"
"[0.32171856001172366, 0.2671113420712681, 0.6922982684631291, 0.4285342695657257]",stable,0.43471222031026485,762,"[0.028329053137244847, 0.277109409633966, 1.0, 0.5186286356340519]"
"[0.39648174568484434, 0.3471787519825042, 0.9116715871557187, 0.35113884979025217]",stable,0.5599392627563589,763,"[0.0, 0.0, 1.0, 0.5184684914294851]"
"[0.3511889215042423, 0.5919556623536002, 0.8761727052891485, 0.4753944110335298]",stable,0.31897083395697545,764,"[0.22968503781050603, 0.3350855639770465, 1.0, 0.4001365024314503]"
"[0.39648174568484434, 0.3471787519825042, 0.9116715871557187, 0.35113884979025217]",stable,0.26828124650592583,765,"[0.3448169014473528, 0.09955011311439849, 1.0, 0.36469317727001266]"
"[0.3947001993318274, 0.33863983340084536, 0.9147173944951766, 0.35160624039300253]",stable,0.15390169850399174,766,"[0.3540256900214784, 0.460085830591631, 1.0, 0.3546168980321675]"
"[0.3933443823548158, 0.3426880333072049, 0.9175601480120041, 0.3517065956476414]",stable,0.244187457093623,767,"[0.4502488146859886, 0.19927070098780128, 0.8038692605148451, 0.5030183621214058]"
"[0.3933443823548158, 0.3426880333072049, 0.9175601480120041, 0.3517065956476414]",stable,0.3614145280210392,768,"[0.4385788761985143, 0.16547395356197112, 0.7618035929008651, 0.6217239415929261]"
"[0.3511889215042423, 0.5919556623536002, 0.8761727052891485, 0.4753944110335298]",stable,0.3405754599109503,769,"[0.38894931338104277, 0.39159544001303725, 0.6447697482837693, 0.330915175530041]"
"[0.11138034531238095, 0.6081280412394804, 0.4808450845717636, 0.4185857397116722]",stable,0.4751260610274295,770,"[0.3304615677622898, 0.38221312782608785, 0.8214506740844727, 0.5220191778611094]"
"[0.14482138353491783, 0.45303845004577586, 0.3719447821290742, 0.27512868997040896]",anomaly,0.6589393331972406,771,"[0.10553769935797933, 0.0, 0.8222306852910726, 0.11810447150199843]"
"[0.14482138353491783, 0.45303845004577586, 0.3719447821290742, 0.27512868997040896]",stable,0.49098180188859125,772,"[0.26964727171858943, 0.31215105774069835, 0.8072200700173937, 0.40228133000647415]"
"[0.3933443823548158, 0.3426880333072049, 0.9175601480120041, 0.3517065956476414]",stable,0.44363753372814646,773,"[0.0, 0.18854787403263354, 0.8756828140683014, 0.48047599575060906]"
"[0.3933443823548158, 0.3426880333072049, 0.9175601480120041, 0.3517065956476414]",stable,0.3973635500890548,774,"[0.19834978022586586, 0.27594539316805483, 0.6164940839961831, 0.19429140843488626]"
"[0.33048320146272797, 0.46721584215954315, 0.6003147346334888, 0.31485185950920996]",stable,0.2955947159101233,775,"[0.17819115423229837, 0.3309724343328298, 0.5897835870780234, 0.10152066821435973]"
"[0.11138034531238095, 0.6081280412394804, 0.4808450845717636, 0.4185857397116722]",anomaly,0.691075589182779,776,"[0.33080652619237627, 0.0, 0.6863465265033908, 0.2867257232889537]"
"[0.11138034531238095, 0.6081280412394804, 0.4808450845717636, 0.4185857397116722]",stable,0.7630984367135567,777,"[0.5858314299345275, 0.34359813046840154, 1.0, 0.5516928113107742]"
"[0.324659289487921, 0.26623438340149747, 0.7010095297556668, 0.4303893139117422]",stable,0.23474567027701757,778,"[0.4470559014891671, 0.4060812006802895, 0.7782068291170474, 0.30952557347349413]"
"[0.39507701200431095, 0.3447329741902076, 0.9130648796605538, 0.35034591751299143]",stable,0.15860586545740504,779,"[0.33702874387040843, 0.21220218188914156, 0.8702309147140956, 0.30148837292503333]"
"[0.3932630036251265, 0.34059138693079927, 0.911726318255977, 0.3488191192446178]",stable,0.2642980755744132,780,"[0.19427112036148272, 0.22842562716284795, 0.7820904979831359, 0.37829961424372643]"
"[0.3932630036251265, 0.34059138693079927, 0.911726318255977, 0.3488191192446178]",anomaly,0.3973761687594261,781,"[0.22527408929022794, 0.0, 0.9109136801805011, 0.2318388177985417]"
"[0.3932630036251265, 0.34059138693079927, 0.911726318255977, 0.3488191192446178]",stable,0.5467508528428825,782,"[0.0, 0.0461800362350607, 0.7306080208900362, 0.1913426955967062]"
"[0.33048320146272797, 0.46721584215954315, 0.6003147346334888, 0.31485185950920996]",stable,0.5873992656505693,783,"[0.29484237900526616, 0.10290315844274527, 1.0, 0.5413371486415282]"
"[0.3511889215042423, 0.5919556623536002, 0.8761727052891485, 0.4753944110335298]",stable,0.6255292140262622,784,"[0.38649717979249076, 0.04358842963246587, 0.6496482983192803, 0.280406730341445]"
"[0.3932630036251265, 0.34059138693079927, 0.911726318255977, 0.3488191192446178]",stable,0.30695888413675165,785,"[0.1941736273948273, 0.37018594364382756, 0.9827937499340202, 0.569410957693723]"
"[0.3932630036251265, 0.34059138693079927, 0.911726318255977, 0.3488191192446178]",stable,0.2966956046509636,786,"[0.1885441965635937, 0.2640792023813298, 0.7256306881890078, 0.2737671776311627]"
"[0.33048320146272797, 0.46721584215954315, 0.6003147346334888, 0.31485185950920996]",stable,0.33817736569997964,787,"[0.20303990696282415, 0.37230157571158096, 0.8987134674472204, 0.3063892571557339]"
"[0.3874986673626325, 0.34155230174233814, 0.9113319894435905, 0.34753336584798494]",stable,0.37132319939522274,788,"[0.2890482426075678, 0.4081234907150867, 0.9644688265600032, 0.6952878562786192]"
"[0.32221106524428283, 0.2569324294726517, 0.702070948926777, 0.423172446653231]",anomaly,0.3942430481817438,789,"[0.5613207188231443, 0.28303312863960095, 0.4160683748210307, 0.5487727480577784]"
"[0.32221106524428283, 0.2569324294726517, 0.702070948926777, 0.423172446653231]",stable,0.40746952912704243,790,"[0.36086187567762373, 0.47628549112489915, 0.7261122481369356, 0.7635307612217642]"
"[0.5364159171374199, 0.5084742562369088, 0.6236334170056101, 0.570939503658633]",stable,0.5352442572998894,791,"[0.49700318199934534, 0.7794276324767205, 1.0, 0.8352603586640984]"
"[0.7199300004439592, 0.7482208943822458, 0.7193006867430256, 0.4696677883507183]",stable,0.311824271200064,792,"[0.8780360151290619, 0.6947591657390979, 0.9824418222027054, 0.4813061142321333]"
"[0.6863180543057141, 0.6869555159318066, 0.9225042684925965, 0.6392666133418687]",stable,0.4884624448529673,793,"[0.6337563191557416, 0.7309388328744979, 0.4404629342755294, 0.6784385926984301]"
"[0.9205695170494197, 0.8392303723912267, 0.41024748395478633, 0.6542582723644124]",stable,0.4959065079320589,794,"[0.8849568376337862, 0.423354108180862, 0.4941057488406906, 0.9085607024569402]"
"[0.9211609667437501, 0.5640038891914321, 0.3636922902088327, 0.6909897475910927]",stable,0.38003589640975133,795,"[1.0, 0.7567547709729083, 0.6806439231971374, 0.6664856803023027]"
"[0.9205695170494197, 0.8392303723912267, 0.41024748395478633, 0.6542582723644124]",stable,0.267628112946723,796,"[1.0, 0.6765916229200749, 0.5194682490292224, 0.4901392092892282]"
"[0.9205695170494197, 0.8392303723912267, 0.41024748395478633, 0.6542582723644124]",stable,0.17408638465892912,797,"[1.0, 0.8199087040859607, 0.3190368879933191, 0.530548256520466]"
"[0.9228389594194363, 0.8386783247253619, 0.40764146692731584, 0.6507237004831568]",anomaly,0.5206402389542245,798,"[0.9929530074448389, 0.7771071033496556, 0.03298785359637835, 1.0]"
"[0.9228389594194363, 0.8386783247253619, 0.40764146692731584, 0.6507237004831568]",stable,0.24215466465637855,799,"[1.0, 0.789975768784637, 0.4326744713647614, 0.8736283104961468]"
"[0.9213875961039865, 0.7578700876654743, 0.5353517373509287, 0.8534007062659634]",stable,0.2292735069274859,800,"[1.0, 0.6429765362374051, 0.5534118488226991, 0.6721281624365384]"
"[0.9228389594194363, 0.8386783247253619, 0.40764146692731584, 0.6507237004831568]",stable,0.37674487882358576,801,"[0.8261182560050468, 0.5693075492845706, 0.6117720920941505, 0.5152545805397242]"
"[0.6551400179025488, 0.597791987816523, 0.457350179200533, 0.7171312636597326]",stable,0.30977251768891617,802,"[0.9354960552244708, 0.4859439437464721, 0.45138812137741025, 0.6477484563030343]"
"[0.8805344509630345, 0.6051118349443758, 0.3797231821336417, 0.9435680323549973]",stable,0.38638703347387476,803,"[0.7951066217530045, 0.3996208314642261, 0.5319199547746573, 0.6667890311291397]"
"[0.7199300004439592, 0.7482208943822458, 0.7193006867430256, 0.4696677883507183]",stable,0.43328637182761337,804,"[0.944082314690156, 0.6118935874993492, 0.487199730828096, 0.7246909866896998]"
"[0.8805344509630345, 0.6051118349443758, 0.3797231821336417, 0.9435680323549973]",stable,0.47434057676367725,805,"[0.6495183315694105, 0.31880875523342145, 0.4835835658719363, 0.6627226966583439]"
"[0.7199300004439592, 0.7482208943822458, 0.7193006867430256, 0.4696677883507183]",stable,0.25481506548856797,806,"[0.5933111567082738, 0.7355962642666314, 0.7027445252198681, 0.24952034175856652]"
"[0.5342646773597203, 0.36135157248704425, 0.8314644145868638, 0.5795769934052956]",anomaly,0.7219241497221005,807,"[0.9443955485128863, 0.9384817826951654, 0.692150202546091, 0.6014725926825811]"
"[0.5342646773597203, 0.36135157248704425, 0.8314644145868638, 0.5795769934052956]",stable,0.7807532744498874,808,"[0.9442019384891205, 0.5812950840355668, 0.20605478828260987, 0.6244631667287768]"
"[0.7654507851411982, 0.6945013488876053, 0.21175918271804853, 0.7752549197121062]",anomaly,0.43609490754598307,809,"[0.7456372730499605, 0.9799785493778407, 0.5070068135652548, 0.9205745591471105]"
"[0.7654507851411982, 0.6945013488876053, 0.21175918271804853, 0.7752549197121062]",stable,0.3675685508098249,810,"[1.0, 0.5683381409360417, 0.45134095404440266, 0.6929340526063013]"
"[0.8805344509630345, 0.6051118349443758, 0.3797231821336417, 0.9435680323549973]",stable,0.2834495051086117,811,"[0.9449138227358665, 0.528919267435368, 0.12323376599691349, 0.8756946907349036]"
"[0.9213875961039865, 0.7578700876654743, 0.5353517373509287, 0.8534007062659634]",stable,0.21185701149326763,812,"[0.8318811692841661, 0.6267666007573492, 0.4170701645337429, 0.777946494128863]"
"[0.8805344509630345, 0.6051118349443758, 0.3797231821336417, 0.9435680323549973]",stable,0.0747063323270586,813,"[0.8365841861842133, 0.6459121272182835, 0.4222939714789459, 0.9304350829332615]"
"[0.9213875961039865, 0.7578700876654743, 0.5353517373509287, 0.8534007062659634]",stable,0.31925566158867225,814,"[0.9041641773476319, 0.7916396310070011, 0.3110030819192249, 0.6294479656012074]"
"[0.9223202154729973, 0.8373716943442964, 0.40495706734375775, 0.6501327078475471]",stable,0.4838399308996091,815,"[1.0, 0.43733974695444305, 0.6502113805410457, 0.5612975079863145]"
"[0.9223202154729973, 0.8373716943442964, 0.40495706734375775, 0.6501327078475471]",stable,0.34646446620451743,816,"[0.8370914905362943, 0.6171472978914498, 0.416601969024462, 0.9033900912737194]"
"[0.9213875961039865, 0.7578700876654743, 0.5353517373509287, 0.8534007062659634]",stable,0.4872627150771444,817,"[0.8994666400875123, 0.3986844083244611, 0.35510747440338897, 0.5787334919456021]"
"[0.8761647897027565, 0.607753622705425, 0.3836956609454479, 0.9409024878298468]",stable,0.19396005908517455,818,"[0.8375333820616395, 0.6095949256087736, 0.5725988605612514, 0.91991893135054]"
"[0.9185924556359082, 0.7529275822635842, 0.5365933081246061, 0.8556179804354493]",stable,0.30193755814636236,819,"[0.7315193544420726, 0.6350987135210111, 0.6229938652368828, 0.6690134648131242]"
"[0.9223202154729973, 0.8373716943442964, 0.40495706734375775, 0.6501327078475471]",stable,0.5059847034506059,820,"[0.7116140882364763, 0.46168994737653346, 0.37285293878549847, 0.3865876490895633]"
"[0.6576859957871996, 0.5990355453400059, 0.46287163540174464, 0.7155273370315122]",stable,0.273794128281807,821,"[0.5769389903675913, 0.599639990370594, 0.6477933192764467, 0.9005861149279148]"
"[0.6812174217183644, 0.7922023742794442, 0.4411133347444994, 0.4712173426276988]",stable,0.35329197597414636,822,"[0.8579330232184856, 0.644504388411707, 0.61192634719345, 0.6776029918935708]"
"[0.9223202154729973, 0.8373716943442964, 0.40495706734375775, 0.6501327078475471]",stable,0.5093964603836867,823,"[0.5387119163881744, 0.5958971098305631, 0.6369075146143462, 0.6649124835417771]"
"[0.536487667114006, 0.5112062204117105, 0.6240482325558832, 0.5738761592799813]",stable,0.25410850137497204,824,"[0.7214169551392422, 0.45779643917461355, 0.5320561619427283, 0.7119237710449922]"
"[0.7124818331653894, 0.7474782690813273, 0.7183267948887222, 0.45671793855118]",stable,0.4264346810752509,825,"[0.7745031952510715, 0.4638697084282799, 0.4362120912224505, 0.5907976393577753]"
"[0.6576859957871996, 0.5990355453400059, 0.46287163540174464, 0.7155273370315122]",stable,0.41244683161868584,826,"[0.9586970961169275, 0.5854010437849494, 0.20510277327998366, 0.6020635962224907]"
"[0.9213836339423395, 0.558421595074324, 0.37863337691069704, 0.6895595190570943]",stable,0.33243747247215266,827,"[1.0, 0.8068669827455974, 0.32211008033432414, 0.49102955562443956]"
"[0.9440110795264819, 0.6245349666522816, 0.6213345316942787, 0.6060582597609463]",anomaly,0.4904301105853832,828,"[0.718261417523132, 0.9638655332975156, 0.6118236257308629, 0.8786808792959804]"
"[0.9440110795264819, 0.6245349666522816, 0.6213345316942787, 0.6060582597609463]",stable,0.19141470148875375,829,"[0.8274467957243091, 0.674808190416462, 0.4814295321788274, 0.5752110593911646]"
"[0.9244196691088622, 0.8365472426794667, 0.40271795958674605, 0.645832622652328]",stable,0.24240043867779446,830,"[0.9804720264151022, 0.6113426315879458, 0.4139534217377565, 0.5767475052610199]"
"[0.8761647897027565, 0.607753622705425, 0.3836956609454479, 0.9409024878298468]",stable,0.23020714606680998,831,"[0.8235621369365792, 0.5941498894705962, 0.6013671685458369, 0.8893045785385203]"
"[0.6576859957871996, 0.5990355453400059, 0.46287163540174464, 0.7155273370315122]",stable,0.4065115134100092,832,"[0.8651932948064956, 0.9065812574048773, 0.3037288310661701, 0.6677619289694763]"
"[0.9387127029900195, 0.626820113187017, 0.6149752135344854, 0.6046561142895926]",stable,0.38474049705779056,833,"[0.8532635610986246, 0.8231936995524384, 0.2967597353197565, 0.5746558104769005]"
"[0.9387127029900195, 0.626820113187017, 0.6149752135344854, 0.6046561142895926]",stable,0.2935483175440475,834,"[1.0, 0.7156292160401118, 0.5360673785393859, 0.866000673798617]"
"[0.6576859957871996, 0.5990355453400059, 0.46287163540174464, 0.7155273370315122]",stable,0.25708765533325206,835,"[0.8466896212328641, 0.7657902870927878, 0.42024793127995674, 0.7428726847719459]"
"[0.9387127029900195, 0.626820113187017, 0.6149752135344854, 0.6046561142895926]",stable,0.3846149247295471,836,"[0.73915753976683, 0.7648481435081658, 0.47566020474721493, 0.8685613403233872]"
"[0.9192168558541469, 0.8361953305797594, 0.39803252505938713, 0.6470274365588615]",stable,0.5229990635932862,837,"[0.8106039810732817, 0.44970965357259807, 0.1498764848201819, 0.8723686558517474]"
"[0.9127422225994138, 0.7473471126341332, 0.536693757441534, 0.8573456365370912]",stable,0.3498397358242437,838,"[0.8805128850865293, 0.8098067454450806, 0.26614982781759583, 0.6469795580505243]"
"[0.9387127029900195, 0.626820113187017, 0.6149752135344854, 0.6046561142895926]",stable,0.4448862704496421,839,"[0.9568334432797346, 0.8049084972086714, 0.21896869270777378, 0.5094784102553824]"
"[0.9238456502953714, 0.5606266382623916, 0.38010504544515783, 0.6848590184822579]",stable,0.2287972103176924,840,"[0.7732307109429233, 0.5117990292039688, 0.4906823592143713, 0.5621731359764068]"
"[0.6576859957871996, 0.5990355453400059, 0.46287163540174464, 0.7155273370315122]",stable,0.3931508580828817,841,"[1.0, 0.5844565768978517, 0.2751273119601027, 0.6716155797709809]"
"[0.8761647897027565, 0.607753622705425, 0.3836956609454479, 0.9409024878298468]",stable,0.29710801050539265,842,"[0.8013986792810692, 0.5921437068925498, 0.25978204980897923, 0.6818948699065132]"
"[0.9127422225994138, 0.7473471126341332, 0.536693757441534, 0.8573456365370912]",stable,0.09398136911046294,843,"[0.9611140883709255, 0.7246025465600284, 0.5106029489025598, 0.9301097400878339]"
"[0.918272856567132, 0.8355517065520842, 0.39481587390714834, 0.6470262687903655]",stable,0.30604576472201345,844,"[1.0, 0.5830820649733406, 0.2516741636280375, 0.6995068841645897]"
"[0.8761647897027565, 0.607753622705425, 0.3836956609454479, 0.9409024878298468]",stable,0.5859685607789911,845,"[0.7566931598318992, 0.6468669270604447, 0.0, 0.5162455991874151]"
"[0.9297036771957274, 0.5624068446218689, 0.3711277910104588, 0.6849130349042216]",anomaly,0.47309759014668423,846,"[0.7357441545318352, 0.3692255329730878, 0.0, 0.5793375787605287]"
"[0.9297036771957274, 0.5624068446218689, 0.3711277910104588, 0.6849130349042216]",stable,0.8787812499379478,847,"[0.26939222992991796, 0.6648256011342487, 0.174712291762618, 0.1490244011173934]"
"[0.09329259531331267, 0.7126167972576869, 0.3036476070997222, 0.2883378669420569]",stable,0.24309388419332353,848,"[0.18437125499510204, 0.6346372639068539, 0.2873293144154722, 0.07750091575696866]"
"[0.09329259531331267, 0.7126167972576869, 0.3036476070997222, 0.2883378669420569]",stable,0.2653525363408248,849,"[0.12449624427481595, 0.5067385025144644, 0.3825625442692101, 0.4326460831986325]"
"[0.09329259531331267, 0.7126167972576869, 0.3036476070997222, 0.2883378669420569]",stable,0.27838880512341396,850,"[0.0, 0.5735249588577183, 0.11799062561436638, 0.41073788407445716]"
"[0.2878527915841729, 0.7155202890010143, 0.2483811501456342, 0.45040295441109207]",stable,0.33111052044887357,851,"[0.0, 0.5573458845459998, 0.24222840683515537, 0.40895481025264374]"
"[0.2878527915841729, 0.7155202890010143, 0.2483811501456342, 0.45040295441109207]",stable,0.4361050422550245,852,"[0.5154870755211867, 0.5960981757315833, 0.4143136021015647, 0.1396377361081171]"
"[0.2878527915841729, 0.7155202890010143, 0.2483811501456342, 0.45040295441109207]",stable,0.39232449564193767,853,"[0.5406872506962583, 0.4669301851879991, 0.3446411645341436, 0.31281583262144824]"
"[0.2878527915841729, 0.7155202890010143, 0.2483811501456342, 0.45040295441109207]",stable,0.0944665012761789,854,"[0.3136085388970978, 0.7103393751521306, 0.18407945871273804, 0.5144264809796444]"
"[0.14482138353491783, 0.45303845004577586, 0.3719447821290742, 0.27512868997040896]",stable,0.28505452465223674,855,"[0.09759620810363928, 0.6739059530511116, 0.47225095287323093, 0.13306503150340437]"
"[0.14482138353491783, 0.45303845004577586, 0.3719447821290742, 0.27512868997040896]",stable,0.391862089329588,856,"[0.4846710270005403, 0.5205261204326643, 0.542323482748464, 0.34202136229734115]"
"[0.11184877027532505, 0.6045069862850155, 0.4773349938466724, 0.4190878948362065]",anomaly,0.764043074968412,857,"[0.6539965461654722, 1.0, 0.22576400085847276, 0.1542579095737301]"
"[0.11184877027532505, 0.6045069862850155, 0.4773349938466724, 0.4190878948362065]",stable,0.6499261205734427,858,"[0.7180018130104997, 0.5706844397808079, 0.3415576544873216, 0.6072447454980974]"
"[0.918272856567132, 0.8355517065520842, 0.39481587390714834, 0.6470262687903655]",stable,0.4100122035324597,859,"[0.5197523295139792, 0.8587857106959726, 0.43288044030433115, 0.5615706288404081]"
"[0.6596316673105318, 0.5981209935477737, 0.45895828117869875, 0.7120343502078537]",stable,0.2877152307503026,860,"[0.8235672612996524, 0.7058732815206173, 0.437227269035392, 0.5026963876282515]"
"[0.6596316673105318, 0.5981209935477737, 0.45895828117869875, 0.7120343502078537]",stable,0.22749665324758742,861,"[0.5540223472670464, 0.5838033609646062, 0.31552676549155734, 0.8528313830732817]"
"[0.918272856567132, 0.8355517065520842, 0.39481587390714834, 0.6470262687903655]",stable,0.49097241339904757,862,"[0.67427571234595, 0.49115491761288776, 0.4606160007194755, 0.4049921814996592]"
"[0.9297036771957274, 0.5624068446218689, 0.3711277910104588, 0.6849130349042216]",stable,0.3539785887275164,863,"[0.6634561576684519, 0.7874916643444481, 0.4168129739059788, 0.6441357419907123]"
"[0.6795412164150457, 0.7910907167213853, 0.43945791106323584, 0.4846151031084387]",stable,0.397828580756967,864,"[1.0, 0.7911998279481949, 0.305588557985911, 0.6786582222643438]"
"[0.9387127029900195, 0.626820113187017, 0.6149752135344854, 0.6046561142895926]",stable,0.5402700227253099,865,"[0.9746440054642437, 0.9148413036416932, 0.3883750263355773, 1.0]"
"[0.9202187409345812, 0.8344957094424679, 0.3926914140042617, 0.6477794105397459]",stable,0.398173000091614,866,"[0.952574518617196, 0.6668770118012592, 0.10875205953283018, 0.8686351481512498]"
"[0.915892898274738, 0.7514828162036605, 0.5317106277373931, 0.8635004498803382]",stable,0.2755847048621717,867,"[0.81923026706219, 0.6966672666534078, 0.5174817396077637, 0.6117147085224617]"
"[0.9202187409345812, 0.8344957094424679, 0.3926914140042617, 0.6477794105397459]",stable,0.275028565883339,868,"[0.8665654472162462, 0.8902887308738092, 0.16665607834827947, 0.7840042317709354]"
"[0.9297036771957274, 0.5624068446218689, 0.3711277910104588, 0.6849130349042216]",stable,0.16002784442727958,869,"[0.8672678946990405, 0.6683950562447941, 0.4458334917580132, 0.7548861821026924]"
"[0.8761647897027565, 0.607753622705425, 0.3836956609454479, 0.9409024878298468]",stable,0.4295099390052093,870,"[1.0, 0.5969852285074561, 0.08882547566561061, 0.6544077341006944]"
"[0.9273912408069612, 0.5663323339412364, 0.37389466881592376, 0.6875046329486094]",stable,0.3981052865548672,871,"[1.0, 0.8483502010380319, 0.19998871733052004, 0.8959235139251438]"
"[0.9273912408069612, 0.5663323339412364, 0.37389466881592376, 0.6875046329486094]",stable,0.3060765190299033,872,"[0.9980645170683993, 0.7741690725112398, 0.1639669155083297, 0.7252187154079135]"
"[0.9273912408069612, 0.5663323339412364, 0.37389466881592376, 0.6875046329486094]",stable,0.28462206814236507,873,"[1.0, 0.8291412828197983, 0.37300902924645435, 0.6058445950231782]"
"[0.915892898274738, 0.7514828162036605, 0.5317106277373931, 0.8635004498803382]",stable,0.24637292614713974,874,"[1.0, 0.8637071862294853, 0.3294001000454223, 0.8735878348231014]"
"[0.782669549031299, 0.6737184352011188, 0.20385947615215283, 0.7828539076273366]",stable,0.3926429800052827,875,"[1.0, 0.7891706854318327, 0.44855450527867846, 0.599193608524337]"
"[0.9182292066559952, 0.7546001598154891, 0.5260908908570605, 0.8637806550176372]",stable,0.3553508245326169,876,"[0.5954963268304541, 0.6630424436138422, 0.5975793180507831, 0.7709136201945633]"
"[0.6795412164150457, 0.7910907167213853, 0.43945791106323584, 0.4846151031084387]",stable,0.6038154643684728,877,"[0.5252068643617607, 0.6941446220513974, 0.7585292645224757, 0.9637486428619543]"
"[0.3511889215042423, 0.5919556623536002, 0.8761727052891485, 0.4753944110335298]",stable,0.6346047738822407,878,"[0.6881166488046103, 0.6893570374339224, 0.8090543488734564, 1.0]"
"[0.5237078196503077, 0.5664447929433252, 0.8485233749223824, 0.8740141454535532]",stable,0.17915240319540396,879,"[0.47072801617913096, 0.5477735667566987, 1.0, 0.7965871387787062]"
"[0.5192928360277096, 0.564888857427773, 0.8611464270121839, 0.8675618948973159]",stable,0.07122910529011206,880,"[0.5346409200897664, 0.6048441515466415, 0.8122033793635556, 0.8966509704204864]"
"[0.5204734578786371, 0.5679623415907629, 0.8573815771930586, 0.8697995160914059]",stable,0.32820630993881833,881,"[0.6021960414282698, 0.710958514844583, 0.8744763103876958, 0.5864257950913869]"
"[0.6810604285008739, 0.6884557033638551, 0.9195025211110401, 0.6359640622012136]",stable,0.3278966107220349,882,"[0.874718627751339, 0.4604513551376358, 0.8510391190354161, 0.5204674434098688]"
"[0.42715975597907985, 0.599607162653223, 0.3235572758058259, 0.2935910279210465]",stable,0.5245522535333969,883,"[0.33159482779905497, 0.7807754842146881, 0.6655867563303385, 0.6344961245442056]"
"[0.5342646773597203, 0.36135157248704425, 0.8314644145868638, 0.5795769934052956]",stable,0.539814249987912,884,"[0.4841631962773095, 0.7080255824969379, 0.5937042053316145, 0.24464941950024807]"
"[0.14482138353491783, 0.45303845004577586, 0.3719447821290742, 0.27512868997040896]",stable,0.5863213691084773,885,"[0.36060054469921504, 0.9497735311357562, 0.510012233639987, 0.45233969281245573]"
"[0.36060054469921504, 0.9497735311357562, 0.510012233639987, 0.45233969281245573]",stable,0.3198175941306583,886,"[0.20104077657570876, 0.708074692049337, 0.6287681660562287, 0.3867449246360097]"
"[0.14482138353491783, 0.45303845004577586, 0.3719447821290742, 0.27512868997040896]",stable,0.3357042132517118,887,"[0.11185065407642383, 0.7661401196870069, 0.45736284758462353, 0.1958737320458064]"
"[0.11184877027532505, 0.6045069862850155, 0.4773349938466724, 0.4190878948362065]",stable,0.2005055120014405,888,"[0.22031851479489656, 0.612463493881931, 0.5615804464643275, 0.5649514357466251]"
"[0.5342646773597203, 0.36135157248704425, 0.8314644145868638, 0.5795769934052956]",stable,0.7856749840520189,889,"[0.0, 0.6451267678993627, 0.36406483510602683, 0.39831556159838477]"
"[0.09409946743344794, 0.7149438982328746, 0.3103308784251527, 0.28431768716395905]",stable,0.23408657714869585,890,"[0.28575694515882744, 0.6415016112833739, 0.37154499887031706, 0.18985606120457754]"
"[0.2887726397024916, 0.7153352563635541, 0.24608466116588787, 0.4526895089313975]",stable,0.21662400481247765,891,"[0.29847262183857676, 0.7375005623647284, 0.41271186295007545, 0.31639591171200526]"
"[0.09409946743344794, 0.7149438982328746, 0.3103308784251527, 0.28431768716395905]",stable,0.19435869331133715,892,"[0.22942500740069283, 0.5874470226477927, 0.32518615105284676, 0.3389635240544582]"
"[0.2887726397024916, 0.7153352563635541, 0.24608466116588787, 0.4526895089313975]",stable,0.6662602054510764,893,"[0.055234261636422144, 0.17203224678736734, 0.5167285731744383, 0.3079960397762693]"
"[0.3356227956473218, 0.46899285143531383, 0.598381692903988, 0.31575750960214766]",stable,0.2812646322554069,894,"[0.16302124525487097, 0.2516402220442105, 0.5532020401167206, 0.3216847037686275]"
"[0.09517410385916347, 0.1927612318172154, 0.6691643448518371, 0.273675821998073]",stable,0.3682984754630891,895,"[0.3345438051469673, 0.4002671309762863, 0.8529824168124548, 0.23497011998028428]"
"[0.3859411714151129, 0.3432792084845131, 0.9096158255426747, 0.3442226821459937]",stable,0.38340254557260434,896,"[0.16065158427181414, 0.19813442538864934, 0.6354561003092243, 0.3476213401647674]"
"[0.3859411714151129, 0.3432792084845131, 0.9096158255426747, 0.3442226821459937]",stable,0.5259248399716286,897,"[0.0, 0.0, 1.0, 0.3037698017068013]"
"[0.3511889215042423, 0.5919556623536002, 0.8761727052891485, 0.4753944110335298]",stable,0.41112518018851135,898,"[0.18866776471338287, 0.28524405357779287, 0.6791274975906161, 0.5739437009629612]"
"[0.32221106524428283, 0.2569324294726517, 0.702070948926777, 0.423172446653231]",stable,0.5069812123095082,899,"[0.4993869322392118, 0.4568351834107933, 0.2752958585145312, 0.36366973275730724]"
"[0.2887726397024916, 0.7153352563635541, 0.24608466116588787, 0.4526895089313975]",stable,0.42651603004037514,900,"[0.5247159583874214, 0.5129688856181581, 0.50742080529787, 0.3223133377538824]"
"[0.10799191612790006, 0.6059076684096483, 0.47342912630389145, 0.41837160748317814]",stable,0.6542526132042935,901,"[0.5513682998482861, 0.3751927714545197, 0.4070773787357086, 0.8353031919923304]"
"[0.7124818331653894, 0.7474782690813273, 0.7183267948887222, 0.45671793855118]",stable,0.30024443259160366,902,"[0.7869193524854854, 0.6834197004303197, 0.44081304626959994, 0.515780567424869]"
"[0.684209831026804, 0.7864093681869911, 0.43951682998525166, 0.48597012329610956]",stable,0.4847518923216564,903,"[0.9210615703028424, 0.4478187470616623, 0.3572357333032366, 0.725703022844985]"
"[0.8761647897027565, 0.607753622705425, 0.3836956609454479, 0.9409024878298468]",stable,0.657283942528302,904,"[0.7740411480587609, 0.7067980570961608, 0.3209898462467247, 0.30227025896717374]"
"[0.6879528025698022, 0.7830922302248733, 0.4345782056628131, 0.47831596228240386]",stable,0.48422174506004545,905,"[0.8698249431812529, 0.4428191754460441, 0.5077036003201489, 0.7616181820162018]"
"[0.7124818331653894, 0.7474782690813273, 0.7183267948887222, 0.45671793855118]",stable,0.5908532214330552,906,"[1.0, 0.9358303225012966, 0.3877956433400103, 0.8055925504767936]"
"[0.9182292066559952, 0.7546001598154891, 0.5260908908570605, 0.8637806550176372]",stable,0.3956373306472095,907,"[0.6934850316504446, 0.6078416715671533, 0.26933188053344403, 1.0]"
"[0.9182292066559952, 0.7546001598154891, 0.5260908908570605, 0.8637806550176372]",stable,0.22053397077417142,908,"[0.9863234685158903, 0.7909983844613538, 0.33747346496627745, 0.7795367255025484]"
"[0.9182292066559952, 0.7546001598154891, 0.5260908908570605, 0.8637806550176372]",stable,0.05406713294195412,909,"[0.8837247078622807, 0.7911589988192662, 0.5383480189842986, 0.8480991841578653]"
"[0.92685892582105, 0.8346513146043029, 0.392171131108922, 0.6521065809173082]",stable,0.09534131797471895,910,"[1.0, 0.7767874216817358, 0.37377110424120275, 0.644788173425326]"
"[0.9172966526345434, 0.7555882365453209, 0.5264221645902292, 0.8633568314808866]",stable,0.26850256866467903,911,"[1.0, 1.0, 0.45622419291900534, 0.8390891498384352]"
"[0.9172966526345434, 0.7555882365453209, 0.5264221645902292, 0.8633568314808866]",stable,0.19993372593410175,912,"[0.9446038259525398, 0.6317856039383676, 0.4541078111884437, 1.0]"
"[0.9299064705785063, 0.8368905811141598, 0.3931222360035546, 0.6558495842804154]",stable,0.28251048062101664,913,"[0.7028384189936576, 0.6933033139353657, 0.45192489944706205, 0.7204809627761083]"
"[0.607736473286075, 0.6183845523955847, 0.41851731467182657, 0.6505535329838736]",stable,0.2500683832910022,914,"[0.6320683920488639, 0.6166825382362002, 0.39865859476341187, 0.898635955663307]"
"[0.9299064705785063, 0.8368905811141598, 0.3931222360035546, 0.6558495842804154]",stable,0.3927834107779175,915,"[0.9492724176981454, 0.5896856587610446, 0.6819202425333776, 0.5589516706636392]"
"[0.9299064705785063, 0.8368905811141598, 0.3931222360035546, 0.6558495842804154]",stable,0.2939014446811231,916,"[0.7988598203523336, 0.8548938605984939, 0.6017353088220518, 0.8151019074257427]"
"[0.9299064705785063, 0.8368905811141598, 0.3931222360035546, 0.6558495842804154]",stable,0.1915312910490963,917,"[0.8426345708701444, 0.8513918221956835, 0.3328452792022438, 0.8146710357852285]"
"[0.9141798938902748, 0.7582015424414571, 0.528404089438435, 0.8620869650583828]",stable,0.4762317812267244,918,"[0.6642296777364723, 0.5463168985493236, 0.31704545755745406, 0.5886751414165551]"
"[0.8605849149437816, 0.6091905333847921, 0.38243528284322853, 0.9442037266200104]",stable,0.2904358145641508,919,"[0.8076211816689995, 0.7999551156217679, 0.41962610744588996, 0.7349824990438734]"
"[0.9141798938902748, 0.7582015424414571, 0.528404089438435, 0.8620869650583828]",stable,0.303832628838153,920,"[0.7546179324379242, 0.9408483821725939, 0.405001649442703, 0.7269343974042327]"
"[0.9141798938902748, 0.7582015424414571, 0.528404089438435, 0.8620869650583828]",stable,0.19797033776332487,921,"[0.8457131933407098, 0.936887158907402, 0.569281902259332, 0.8320034074704565]"
"[0.9223604759361838, 0.8384890826170533, 0.39269294831885204, 0.6619091760332015]",stable,0.38196595430731917,922,"[0.9682009509602085, 0.5112676353394964, 0.5483920418696515, 0.773625592949039]"
"[0.9271651811460998, 0.5620997058383944, 0.37329970683332775, 0.6888688611591942]",stable,0.15123175103999648,923,"[0.956791268572236, 0.4476841421918263, 0.46764421429235403, 0.6901058632587325]"
"[0.8605849149437816, 0.6091905333847921, 0.38243528284322853, 0.9442037266200104]",stable,0.33548336013652913,924,"[1.0, 0.7777878386408587, 0.5490096548320411, 0.7520047509614786]"
"[0.9223604759361838, 0.8384890826170533, 0.39269294831885204, 0.6619091760332015]",stable,0.3107885040016376,925,"[0.8221075167384735, 0.647862168327557, 0.5256711143567694, 0.8422339533028138]"
"[0.9223604759361838, 0.8384890826170533, 0.39269294831885204, 0.6619091760332015]",stable,0.15046596859020753,926,"[1.0, 0.896815478940657, 0.3892912008018482, 0.5470241395285902]"
"[0.9123574799490152, 0.7603462385036877, 0.5298370261002114, 0.8581840679013]",stable,0.42573391983040226,927,"[0.7086509629014722, 1.0, 0.32794145465883573, 0.654328044591839]"
"[0.9123574799490152, 0.7603462385036877, 0.5298370261002114, 0.8581840679013]",stable,0.34956999687904494,928,"[0.9935690240871999, 0.7384897846657194, 0.21382263874322904, 0.7346483636465098]"
"[0.9197931176537141, 0.8426369564605731, 0.3914070381079649, 0.6595984936191265]",stable,0.2767612837159785,929,"[0.8786497141977456, 0.664843069303142, 0.18368822437504942, 0.6475048330063603]"
"[0.9197931176537141, 0.8426369564605731, 0.3914070381079649, 0.6595984936191265]",stable,0.3787336741741035,930,"[1.0, 0.5844787750098019, 0.5292876461078426, 0.8862024284157662]"
"[0.9281867703676907, 0.5581543415747197, 0.3765529657112252, 0.6889115164040059]",stable,0.298241959366324,931,"[1.0, 0.6524973583748702, 0.249875435592367, 0.9314879474942369]"
"[0.9197931176537141, 0.8426369564605731, 0.3914070381079649, 0.6595984936191265]",stable,0.2119418959733401,932,"[0.8899120290520843, 0.6455888327946464, 0.4391765215182211, 0.6055929269874304]"
"[0.9123574799490152, 0.7603462385036877, 0.5298370261002114, 0.8581840679013]",stable,0.18537837851748715,933,"[0.8780364292000852, 0.9108511267562365, 0.4274051832219232, 0.8647571093516162]"
"[0.9197931176537141, 0.8426369564605731, 0.3914070381079649, 0.6595984936191265]",stable,0.535052034065331,934,"[1.0, 0.44144533019831733, 0.44635818597964927, 1.0]"
"[0.9269109456571705, 0.561068824615384, 0.3786404175714584, 0.6861342300901201]",stable,0.30492880357558816,935,"[0.8258671858771688, 0.7665728279777069, 0.5385055201056888, 0.8085392440942014]"
"[0.9197931176537141, 0.8426369564605731, 0.3914070381079649, 0.6595984936191265]",stable,0.42984530378584573,936,"[0.5985090650389489, 0.7672342068658353, 0.14955331304038644, 0.7913738469545215]"
"[0.9095479137903926, 0.763991156590352, 0.5276564831031691, 0.8571823985441654]",stable,0.3970211076723165,937,"[1.0, 0.45893356468261703, 0.2959460572157372, 0.9090892785525192]"
"[0.9197931176537141, 0.8426369564605731, 0.3914070381079649, 0.6595984936191265]",stable,0.189859054845038,938,"[1.0, 0.7573030873317537, 0.53781050350492, 0.6895563445134795]"
"[0.9197931176537141, 0.8426369564605731, 0.3914070381079649, 0.6595984936191265]",stable,0.5092514280498446,939,"[0.5870994703232408, 0.6935389925873372, 0.6854910261671187, 0.45975765912119054]"
"[0.5342646773597203, 0.36135157248704425, 0.8314644145868638, 0.5795769934052956]",stable,0.3856136858121245,940,"[0.5358462116182385, 0.41884229983790766, 0.4772143770633044, 0.4385197687827104]"
"[0.5364682290686797, 0.5084073137276559, 0.6195987217833808, 0.5697744504770337]",stable,0.5265859914025972,941,"[0.8353667428441822, 0.3249350365891806, 0.6358399591666204, 0.1773121840944734]"
"[0.7332843809329074, 0.2634720587737248, 0.6943607871871801, 0.27403018765549375]",stable,0.5820136770383585,942,"[0.3887989498318475, 0.7296708516553841, 0.6431555252028613, 0.26371443854897575]"
"[0.14807536906821686, 0.45820801053046883, 0.370146373241527, 0.27758387589671857]",stable,0.7461442547774491,943,"[0.6119799934646482, 0.2665345086074559, 0.8560995812676746, 0.5395657391442823]"
"[0.3511889215042423, 0.5919556623536002, 0.8761727052891485, 0.4753944110335298]",anomaly,0.6029529504255623,944,"[0.6104676740287593, 0.06290552989971862, 0.9360412912190746, 0.36204319275378555]"
"[0.3511889215042423, 0.5919556623536002, 0.8761727052891485, 0.4753944110335298]",stable,0.46241721381569906,945,"[0.4504569969356837, 0.16004231717206596, 0.8542391279542803, 0.34522026124716176]"
"[0.38778448071570065, 0.3380438687327289, 0.9080336341830063, 0.3442511844060271]",stable,0.25886231885826816,946,"[0.612122006765973, 0.33633174534515436, 1.0, 0.43492439280985334]"
"[0.4249282838964953, 0.5963530487625044, 0.3235484469597999, 0.292505342053943]",anomaly,0.8526665622354833,947,"[0.7760581825766862, 0.33976988471732433, 0.7856108836601984, 0.8620766239198483]"
"[0.4249282838964953, 0.5963530487625044, 0.3235484469597999, 0.292505342053943]",stable,0.46127833543144237,948,"[0.6521535790183397, 0.4503686701871195, 0.5781608157186703, 0.5663802603691269]"
"[0.5398707393613168, 0.5067002947999931, 0.6183799598403011, 0.5696746213562128]",anomaly,0.503501365491257,949,"[0.9882602832758457, 0.2892786746599746, 0.6633826578321481, 0.5134337267258351]"
"[0.5398707393613168, 0.5067002947999931, 0.6183799598403011, 0.5696746213562128]",stable,0.1323667462465879,950,"[0.526626667564939, 0.41230038143312214, 0.7095161626898427, 0.558343294838305]"
"[0.5394923373099918, 0.5040031544180825, 0.620983851350288, 0.569350869169987]",stable,0.16241297982514655,951,"[0.655335510868899, 0.4372876184936579, 0.5458756361544689, 0.6228871039264555]"
"[0.7055161463408255, 0.7444816426094389, 0.7165025855152998, 0.45688681191618064]",stable,0.28057077932785646,952,"[0.6106651190511263, 0.48607834391604504, 0.6647042715311757, 0.4732549128293653]"
"[0.5414693590250234, 0.5035052430152481, 0.6221983074664237, 0.5666815370494143]",stable,0.4159898062797795,953,"[0.30939939104820247, 0.5899831465353758, 0.8999789125969835, 0.38080373711626103]"
"[0.34172257509055076, 0.47041143318314754, 0.5954474707231454, 0.31596898792962297]",stable,0.45863449149875385,954,"[0.43775865115494433, 0.39393868296001106, 1.0, 0.49376617130293754]"
"[0.38917265211679075, 0.33959650246126455, 0.9105882554557007, 0.3484043784864968]",stable,0.18807212857239566,955,"[0.37182021419345374, 0.24617645071953748, 0.7501816168590276, 0.3731515534880564]"
"[0.38917265211679075, 0.33959650246126455, 0.9105882554557007, 0.3484043784864968]",stable,0.4550344356830503,956,"[0.6940867574091389, 0.39867866772637406, 0.5933078021605107, 0.44803438278010277]"
"[0.9269109456571705, 0.561068824615384, 0.3786404175714584, 0.6861342300901201]",stable,0.8774303393029865,957,"[0.4789847114632214, 0.021528649871162653, 0.8885170571887592, 0.5513443890050965]"
"[0.32392172555287496, 0.2565615336535788, 0.703729937476165, 0.42144758826822504]",stable,0.3241782619724583,958,"[0.3735985007730177, 0.14456284976076805, 1.0, 0.37344645913971003]"
"[0.38875172910749956, 0.33432532265854836, 0.9130047890920331, 0.3490811914771242]",anomaly,0.5557515770697711,959,"[0.5843588433703969, 0.0, 0.5584940589301626, 0.5311427005740071]"
"[0.38875172910749956, 0.33432532265854836, 0.9130047890920331, 0.3490811914771242]",anomaly,0.35100755964761843,960,"[0.45682621854188693, 0.0, 0.8305689707308033, 0.3508376932265521]"
"[0.38875172910749956, 0.33432532265854836, 0.9130047890920331, 0.3490811914771242]",stable,0.1937641748020316,961,"[0.31718725324602715, 0.24588997430773712, 0.8669189870745989, 0.499009071625766]"
"[0.38875172910749956, 0.33432532265854836, 0.9130047890920331, 0.3490811914771242]",stable,0.4326934787193213,962,"[0.11997102959345549, 0.0, 0.9621955332549145, 0.3210199831473256]"
"[0.349447691068574, 0.5918734741945075, 0.8771646305936415, 0.4714531329536436]",stable,0.2872658803393718,963,"[0.41707926064179723, 0.3682116053703367, 0.7105207878577127, 0.4838165837866014]"
"[0.38875172910749956, 0.33432532265854836, 0.9130047890920331, 0.3490811914771242]",stable,0.36177394374696387,964,"[0.19566581049235204, 0.0718077306798239, 0.9710604546249497, 0.49506841012313463]"
"[0.3267095662877806, 0.2598189050203826, 0.7092131600561644, 0.4259614746835772]",stable,0.40004431528365536,965,"[0.37973654655508704, 0.0831101588189372, 0.9607388503773358, 0.17549702674960246]"
"[0.3267095662877806, 0.2598189050203826, 0.7092131600561644, 0.4259614746835772]",anomaly,0.5108557856129603,966,"[0.0, 0.0, 0.8431646807301593, 0.1636913473464767]"
"[0.3267095662877806, 0.2598189050203826, 0.7092131600561644, 0.4259614746835772]",stable,0.24489285464486793,967,"[0.18512991734970577, 0.10254147271748858, 0.7777508584802427, 0.5284022207059613]"
"[0.3267095662877806, 0.2598189050203826, 0.7092131600561644, 0.4259614746835772]",stable,0.43276357389424847,968,"[0.0, 0.05192203800874187, 0.7173192397436755, 0.23293724215144965]"
"[0.38875172910749956, 0.33432532265854836, 0.9130047890920331, 0.3490811914771242]",stable,0.2664867236990929,969,"[0.2640373616465782, 0.15527402572195126, 0.8421590756195108, 0.21349720125486096]"
"[0.3267095662877806, 0.2598189050203826, 0.7092131600561644, 0.4259614746835772]",anomaly,0.38354353322393336,970,"[0.5051667883195408, 0.11696667471079378, 0.4040053364793294, 0.3847293694053683]"
"[0.3267095662877806, 0.2598189050203826, 0.7092131600561644, 0.4259614746835772]",stable,0.3653384974390905,971,"[0.15005656291941397, 0.3871138101511388, 0.4312621536716189, 0.5197973915254684]"
"[0.10799191612790006, 0.6059076684096483, 0.47342912630389145, 0.41837160748317814]",stable,0.4768696977685231,972,"[0.5387222126670134, 0.45718677856953865, 0.4363375913913516, 0.2827897677841687]"
"[0.2887726397024916, 0.7153352563635541, 0.24608466116588787, 0.4526895089313975]",stable,0.485874909452017,973,"[0.22112939188585828, 0.30899076568574385, 0.3753970512069633, 0.22984140071084508]"
"[0.2887726397024916, 0.7153352563635541, 0.24608466116588787, 0.4526895089313975]",stable,0.29136499703987906,974,"[0.36692865827090126, 0.4398799878876232, 0.22440945721711106, 0.4032953912227584]"
"[0.34172257509055076, 0.47041143318314754, 0.5954474707231454, 0.31596898792962297]",stable,0.3083589605647234,975,"[0.10745203201459866, 0.5997281938000523, 0.455898466689902, 0.3792604731731775]"
"[0.09409946743344794, 0.7149438982328746, 0.3103308784251527, 0.28431768716395905]",stable,0.12551636898172208,976,"[0.12239176505179458, 0.833721317607371, 0.32195416059916127, 0.2576581909933805]"
"[0.10797391999079002, 0.6057016859226617, 0.47284477098342514, 0.4170679030061781]",stable,0.50327256848203,977,"[0.5208783252794988, 0.5454699532796747, 0.19245902263657902, 0.4405029363212812]"
"[0.2887726397024916, 0.7153352563635541, 0.24608466116588787, 0.4526895089313975]",stable,0.3240641858034507,978,"[0.47220277151484147, 0.6087273622432596, 0.4877969174722062, 0.4129286572516089]"
"[0.2887726397024916, 0.7153352563635541, 0.24608466116588787, 0.4526895089313975]",stable,0.30655231461031873,979,"[0.5419246047075561, 0.7772478418956956, 0.31236032139947245, 0.5998722960375878]"
"[0.8717381217482791, 0.6049125276363082, 0.3736733199280944, 0.9422905175322798]",stable,0.537833431720962,980,"[0.5169767260966863, 0.6908717480446168, 0.6365741173386613, 0.647496800537218]"
"[0.6879528025698022, 0.7830922302248733, 0.4345782056628131, 0.47831596228240386]",stable,0.4836254152597571,981,"[0.4488062251133283, 0.6765052572660418, 0.8251515071534306, 0.36520464483706705]"
"[0.34172257509055076, 0.47041143318314754, 0.5954474707231454, 0.31596898792962297]",stable,0.43825412593688634,982,"[0.6585852732342805, 0.4725129005243894, 0.8976863444460788, 0.33363127746088916]"
"[0.5414693590250234, 0.5035052430152481, 0.6221983074664237, 0.5666815370494143]",stable,0.22015895086395504,983,"[0.6444731076047697, 0.45159338739621224, 0.753654300861835, 0.43294794938105136]"
"[0.35342203243036413, 0.5952587455173689, 0.8750841056560331, 0.4672031934289806]",stable,0.32135307597553786,984,"[0.5230586200202948, 0.5982975122705085, 0.6197867837472285, 0.563667025576557]"
"[0.5409717714843549, 0.5060671962383634, 0.6221331311496887, 0.566600063766364]",stable,0.32848874496192687,985,"[0.27422269341347294, 0.4155712866742871, 0.7469423806557722, 0.6805427094478429]"
"[0.3267095662877806, 0.2598189050203826, 0.7092131600561644, 0.4259614746835772]",stable,0.19421181047138836,986,"[0.4306692559682603, 0.38667994943736184, 0.7606000141472893, 0.5163842421935549]"
"[0.35342203243036413, 0.5952587455173689, 0.8750841056560331, 0.4672031934289806]",anomaly,0.36196033322451027,987,"[0.1942896472058534, 0.8414184441881513, 1.0, 0.6389401693290848]"
"[0.35342203243036413, 0.5952587455173689, 0.8750841056560331, 0.4672031934289806]",stable,0.19754406572409033,988,"[0.21402255410896337, 0.6562047931831105, 0.9994571838258771, 0.44699527302612696]"
"[0.7405542818629414, 0.39011455605259276, 0.9646148229663776, 0.4221736347870456]",stable,0.45746885199344095,989,"[0.5827354565684517, 0.6861445756125021, 0.8359919574533508, 0.7053579474059505]"
"[0.6752766066224961, 0.688319754672599, 0.9145901350135289, 0.6400460554485511]",stable,0.23605129538009265,990,"[0.6316494370008126, 0.5719946311808514, 0.7153394429175436, 0.6642227273725589]"
"[0.5433580258400512, 0.5078021287368499, 0.6245859288277902, 0.5691690812296849]",stable,0.18140861490491658,991,"[0.6481807112896472, 0.636724791823005, 0.6738738343901306, 0.5155879326333087]"
"[0.536899937514674, 0.36200010773641605, 0.8275881849779954, 0.5717697106085144]",stable,0.585140933335355,992,"[0.32717284212347314, 0.763494239028235, 0.4849269662553309, 0.43109203275923197]"
"[0.536899937514674, 0.36200010773641605, 0.8275881849779954, 0.5717697106085144]",stable,0.6012754420796815,993,"[0.6765115035732716, 0.6111592746846317, 0.29864987460881964, 0.5581777563614223]"
"[0.8717381217482791, 0.6049125276363082, 0.3736733199280944, 0.9422905175322798]",stable,0.26794199080069514,994,"[0.7615595728119656, 0.6194168659825785, 0.4249152404717084, 0.7039263265625223]"
"[0.8717381217482791, 0.6049125276363082, 0.3736733199280944, 0.9422905175322798]",stable,0.3871199555843464,995,"[0.7504759513253052, 0.9627981066056641, 0.2906790723869786, 0.9559731078129561]"
"[0.9269109456571705, 0.561068824615384, 0.3786404175714584, 0.6861342300901201]",stable,0.23181852694467495,996,"[1.0, 0.7156976869417246, 0.5350342112814959, 0.6807755180514179]"
"[0.9197931176537141, 0.8426369564605731, 0.3914070381079649, 0.6595984936191265]",stable,0.304822148905498,997,"[1.0, 0.8006146169335276, 0.6550316732505715, 0.7829661280061727]"
"[0.9197931176537141, 0.8426369564605731, 0.3914070381079649, 0.6595984936191265]",stable,0.3326778963359924,998,"[0.8091529461511648, 0.5689085217128067, 0.2500177149007173, 0.7188870966888736]"
"[0.9116036430224291, 0.7648235079617879, 0.5305513737883374, 0.8554956651228474]",stable,0.12704636445100798,999,"[1.0, 0.7777686776795799, 0.4785694620774873, 0.7816230299378538]"
"[0.9197931176537141, 0.8426369564605731, 0.3914070381079649, 0.6595984936191265]",stable,0.12816904920938055,1000,"[0.9649993636696018, 0.8632116124645073, 0.34049167774875233, 0.7662193644943869]"
"[0.9135680065108196, 0.765111178399961, 0.529396220194763, 0.8538540510076253]",stable,0.1696221721246487,1001,"[1.0, 0.7042028275309876, 0.4473693010027915, 0.7496285785929319]"
"[0.920630270357712, 0.8430179686087942, 0.3904641610642758, 0.6615729541908906]",stable,0.2580786647538444,1002,"[1.0, 0.6890988886424794, 0.4633287091992988, 0.8385043467277703]"
"[0.920630270357712, 0.8430179686087942, 0.3904641610642758, 0.6615729541908906]",stable,0.15121462494377297,1003,"[0.8197599234853644, 0.8407078981770795, 0.4592547588366527, 0.572390258832106]"
"[0.917245963680572, 0.7621979732802491, 0.526245274871626, 0.8513098983119965]",stable,0.33530783691588134,1004,"[0.8882072350809088, 0.8751661532755268, 0.21760818012847885, 0.9110546202176723]"
"[0.9269109456571705, 0.561068824615384, 0.3786404175714584, 0.6861342300901201]",stable,0.4982506215188594,1005,"[0.4670811288710115, 0.6734252379602491, 0.5314640900093877, 0.7149644739531101]"
"[0.6879528025698022, 0.7830922302248733, 0.4345782056628131, 0.47831596228240386]",stable,0.3664057748655158,1006,"[0.943394358237657, 0.6018156772404804, 0.3570995064416842, 0.6519208758012432]"
"[0.917245963680572, 0.7621979732802491, 0.526245274871626, 0.8513098983119965]",stable,0.38720003410377235,1007,"[0.7923991609542688, 0.6000599768117642, 0.33840519355428383, 0.5815609108980271]"
"[0.917245963680572, 0.7621979732802491, 0.526245274871626, 0.8513098983119965]",stable,0.4416720968182739,1008,"[0.7379403662138081, 0.5690132211170572, 0.6590514619967514, 0.5227282311151338]"
"[0.536899937514674, 0.36200010773641605, 0.8275881849779954, 0.5717697106085144]",stable,0.4421529400228737,1009,"[0.5631526138706173, 0.7132449933559568, 0.5609573418975173, 0.5531943721370282]"
"[0.8717381217482791, 0.6049125276363082, 0.3736733199280944, 0.9422905175322798]",stable,0.5352821873216503,1010,"[0.5808573869895977, 0.29090708047127556, 0.525860570561666, 0.6591738664758958]"
"[0.7042705855819157, 0.7303203789954982, 0.7114985917831139, 0.46311393891198466]",stable,0.625186887302986,1011,"[0.24454891125650444, 0.3272689235850266, 0.6279367511380911, 0.5635209570459455]"
"[0.3267095662877806, 0.2598189050203826, 0.7092131600561644, 0.4259614746835772]",stable,0.3708118455549186,1012,"[0.5390208409890049, 0.518987698300054, 0.7374071552931201, 0.2695582053407546]"
"[0.10797391999079002, 0.6057016859226617, 0.47284477098342514, 0.4170679030061781]",stable,0.5092684915296068,1013,"[0.40103906294072234, 0.2885852678408743, 0.7424457412525249, 0.40224519524025515]"
"[0.38875172910749956, 0.33432532265854836, 0.9130047890920331, 0.3490811914771242]",stable,0.2893232745577541,1014,"[0.4312794483732672, 0.6051562804535712, 0.9164404698892895, 0.4414832406544208]"
"[0.7405542818629414, 0.39011455605259276, 0.9646148229663776, 0.4221736347870456]",stable,0.6692918186502875,1015,"[0.14707874280540378, 0.6066717912288799, 0.9056124186448548, 0.2091947550133544]"
"[0.536899937514674, 0.36200010773641605, 0.8275881849779954, 0.5717697106085144]",stable,0.2998541564536775,1016,"[0.29330987187048524, 0.3802043305320163, 1.0, 0.5945549552908198]"
"[0.38875172910749956, 0.33432532265854836, 0.9130047890920331, 0.3490811914771242]",stable,0.3951046925264587,1017,"[0.08890549284932914, 0.30563837240870384, 0.7042338277150456, 0.20146108028177154]"
"[0.38875172910749956, 0.33432532265854836, 0.9130047890920331, 0.3490811914771242]",stable,0.2639842522212826,1018,"[0.44439230634534016, 0.4223083057695507, 0.6709559530952915, 0.33285876067957654]"
"[0.10797391999079002, 0.6057016859226617, 0.47284477098342514, 0.4170679030061781]",stable,0.6055251545060238,1019,"[0.7023866612292151, 0.5556949715955444, 0.3854559018864939, 0.4736074455682703]"
"[0.923222559028345, 0.5635606372660551, 0.37670991334811627, 0.6817971465438397]",stable,0.6142018326549257,1020,"[0.353512537244076, 0.5942729166248206, 0.599971919293805, 0.6383780849126448]"
"[0.536899937514674, 0.36200010773641605, 0.8275881849779954, 0.5717697106085144]",stable,0.42056493136495815,1021,"[0.6726979210703042, 0.5044154523725439, 0.45624345538334876, 0.555809429574382]"
"[0.923222559028345, 0.5635606372660551, 0.37670991334811627, 0.6817971465438397]",stable,0.6806747475554427,1022,"[0.32972224290602314, 0.5643549754181686, 0.5061521489161291, 0.3746822439415324]"
"[0.10797391999079002, 0.6057016859226617, 0.47284477098342514, 0.4170679030061781]",stable,0.5786062324805656,1023,"[0.6225453741142244, 0.3812387673876382, 0.6021871760551504, 0.4708111008980942]"
"[0.5453884706675941, 0.5045569143432804, 0.6240116018336199, 0.566647081734003]",stable,0.48167696635122115,1024,"[0.07804155711543856, 0.5443990680596672, 0.5565853569579005, 0.48024183538987847]"
"[0.09527831316754572, 0.7198929573734786, 0.31081518184906975, 0.2832068748235183]",stable,0.38520052148682715,1025,"[0.4148900549535965, 0.621591531619674, 0.4949349038568631, 0.3348259984963639]"
"[0.2887726397024916, 0.7153352563635541, 0.24608466116588787, 0.4526895089313975]",stable,0.548123442861243,1026,"[0.014384014901029751, 0.334515311205511, 0.5259475253952658, 0.49515287889632986]"
"[0.10700835989803674, 0.6037241821206296, 0.4755460802084082, 0.41910577179274905]",stable,0.4660949791862395,1027,"[0.38472421706223003, 0.44874238024092733, 0.6687227619901841, 0.1384247375134775]"
"[0.10700835989803674, 0.6037241821206296, 0.4755460802084082, 0.41910577179274905]",anomaly,0.9470758294863123,1028,"[0.7817615957550321, 0.03556714382036502, 0.3364830557900096, 0.7345732860746162]"
"[0.10700835989803674, 0.6037241821206296, 0.4755460802084082, 0.41910577179274905]",stable,0.4982245699825906,1029,"[0.5882010913266341, 0.553608434975093, 0.45715077640948565, 0.5367123279059738]"
"[0.8717381217482791, 0.6049125276363082, 0.3736733199280944, 0.9422905175322798]",stable,0.7059647367571817,1030,"[0.7319050690993232, 0.5136202207707286, 0.6151497455208474, 0.3002719994803317]"
"[0.923222559028345, 0.5635606372660551, 0.37670991334811627, 0.6817971465438397]",stable,0.22275156982446329,1031,"[0.9248755286163568, 0.5410168168250897, 0.45938986649169183, 0.4761972169258909]"
"[0.923222559028345, 0.5635606372660551, 0.37670991334811627, 0.6817971465438397]",anomaly,0.547014747353184,1032,"[0.7804948463014652, 0.49627806797499124, 0.3687369702036008, 0.15809549303410664]"
"[0.923222559028345, 0.5635606372660551, 0.37670991334811627, 0.6817971465438397]",stable,0.4115472631054986,1033,"[0.6521086893266781, 0.48902267696017476, 0.48567832436450503, 0.40172858833171843]"
"[0.7645854248688992, 0.49036775588917675, 0.49224435291799995, 0.4663892950807822]",stable,0.1477907137373525,1034,"[0.66461418839861, 0.3817518583532777, 0.4892522238921785, 0.47282986275463557]"
"[0.7608827864811106, 0.48634494486932867, 0.492133533324451, 0.4666278346242582]",stable,0.43880467639255544,1035,"[0.38428663052780243, 0.3837281971422306, 0.6037394681658529, 0.30007814912693664]"
"[0.10700835989803674, 0.6037241821206296, 0.4755460802084082, 0.41910577179274905]",stable,0.525496756133932,1036,"[0.5480706403952378, 0.3698859369285687, 0.637363103714299, 0.3917958574925333]"
"[0.5454555249107852, 0.5011901399079126, 0.6243453893806369, 0.5622758011279663]",stable,0.4947980913868443,1037,"[0.2710652858673198, 0.25162208469398695, 0.5534289492684439, 0.24255437191765117]"
"[0.35209850182326313, 0.4700243329319028, 0.601273585552169, 0.31140668673390526]",stable,0.25810931691148087,1038,"[0.48683271353349955, 0.2575820803873535, 0.621210725405035, 0.25720418255173993]"
"[0.38875172910749956, 0.33432532265854836, 0.9130047890920331, 0.3490811914771242]",stable,0.15916966643426708,1039,"[0.32129121345376555, 0.404050864191603, 0.839331864714439, 0.24663749663891693]"
"[0.3869764523797697, 0.33616020533047086, 0.9110660279242017, 0.34638530477085555]",stable,0.20393695913330986,1040,"[0.25091677331621376, 0.4346093562563661, 1.0, 0.2723815188781401]"
"[0.3834877426601913, 0.338684542533699, 0.9133463861825555, 0.3444877717992475]",stable,0.2577847234351152,1041,"[0.2084665628513006, 0.3495326420902236, 1.0, 0.5123985225069128]"
"[0.3834877426601913, 0.338684542533699, 0.9133463861825555, 0.3444877717992475]",stable,0.46453169411069706,1042,"[0.4297410469394612, 0.11112339219419029, 1.0, 0.7373712160230277]"
"[0.3834877426601913, 0.338684542533699, 0.9133463861825555, 0.3444877717992475]",stable,0.3484898861936081,1043,"[0.4928421939433111, 0.4495986508745115, 0.8149670599192987, 0.6403025339372312]"
"[0.3511426967867161, 0.5978825819100335, 0.8812222331524443, 0.4655021610890764]",stable,0.4882539350046306,1044,"[0.6584314800148481, 0.6043120516823441, 0.5019172912361957, 0.4727085267499608]"
"[0.7572238112501727, 0.49055805582693635, 0.4924829532498704, 0.46684500220017616]",stable,0.3656606575857831,1045,"[0.392076129728518, 0.4889982684666954, 0.47897792175941306, 0.453058473512354]"
"[0.35209850182326313, 0.4700243329319028, 0.601273585552169, 0.31140668673390526]",stable,0.6195735053219308,1046,"[0.4080099167680057, 0.36012453093350033, 0.9116228912839702, 0.8332788781067378]"
"[0.5124403477993063, 0.5531167836866727, 0.8612559567709809, 0.867190899092501]",stable,0.4123618565302884,1047,"[0.45501384666486566, 0.4787781468475489, 0.5997665776243182, 0.5624917534505154]"
"[0.5432496303194213, 0.5006435059308306, 0.6237459061670682, 0.5622810682577846]",stable,0.5501708611008997,1048,"[0.28569435598940635, 0.20175301584523428, 1.0, 0.48845296466811083]"
"[0.3834877426601913, 0.338684542533699, 0.9133463861825555, 0.3444877717992475]",stable,0.32328998495679206,1049,"[0.5219295897022724, 0.5031960826890525, 0.758911079888933, 0.5300570545123312]"
"[0.5427420103047272, 0.5007042815679311, 0.6269641245890173, 0.5615138298352738]",stable,0.3101562907019296,1050,"[0.45008419371925984, 0.23272275233167347, 0.6073317825409552, 0.43736905619780464]"
"[0.3834877426601913, 0.338684542533699, 0.9133463861825555, 0.3444877717992475]",stable,0.5007929999943381,1051,"[0.17275781714421687, 0.4544192899544848, 0.47480699949233424, 0.37047241911593337]"
"[0.2887726397024916, 0.7153352563635541, 0.24608466116588787, 0.4526895089313975]",stable,0.7809961808274967,1052,"[0.1886048163038536, 0.6811246799090789, 1.0, 0.6269385833966975]"
"[0.7405542818629414, 0.39011455605259276, 0.9646148229663776, 0.4221736347870456]",stable,0.539428447069218,1053,"[0.29938490451193633, 0.35738840456612453, 0.6724613206026473, 0.5218127840243068]"
"[0.3834877426601913, 0.338684542533699, 0.9133463861825555, 0.3444877717992475]",stable,0.4807425392309067,1054,"[0.4504236772613669, 0.3563475785107445, 0.43880227273452443, 0.3780864508974332]"
"[0.35209850182326313, 0.4700243329319028, 0.601273585552169, 0.31140668673390526]",stable,0.19801204693668523,1055,"[0.24405363970071725, 0.5020469077863251, 0.44966651078366393, 0.2520355819706796]"
"[0.2887726397024916, 0.7153352563635541, 0.24608466116588787, 0.4526895089313975]",stable,0.3801532949333623,1056,"[0.021246265438470496, 0.6479824692142785, 0.49689793293320383, 0.3785108631467936]"
"[0.09527831316754572, 0.7198929573734786, 0.31081518184906975, 0.2832068748235183]",stable,0.37460103685440854,1057,"[0.1287611972859979, 0.6750699669167558, 0.5822576772363245, 0.5352281130316602]"
"[0.09527831316754572, 0.7198929573734786, 0.31081518184906975, 0.2832068748235183]",stable,0.19314585998921238,1058,"[0.2560429256629714, 0.7812987395750263, 0.30861476663893544, 0.19554530579074794]"
"[0.10506868544132143, 0.6072273358142591, 0.4794267908069752, 0.4213944818713235]",stable,0.2216564555545989,1059,"[0.0865442464155444, 0.7897115564946489, 0.5934637758543855, 0.3715597079501379]"
"[0.10170889766736275, 0.7223491886615405, 0.3107271652406644, 0.27970041206220747]",stable,0.5298308689986096,1060,"[0.47817809466743677, 0.39640441611983357, 0.4328034200418291, 0.41330088631434964]"
"[0.35209850182326313, 0.4700243329319028, 0.601273585552169, 0.31140668673390526]",stable,0.47578903975571685,1061,"[0.5134049040446358, 0.5640225842065668, 0.517844703651305, 0.7410104639241677]"
"[0.8717381217482791, 0.6049125276363082, 0.3736733199280944, 0.9422905175322798]",stable,0.5418581046827318,1062,"[0.6897996651805512, 0.4321556610152442, 0.6034105830316856, 0.5205270072459364]"
"[0.7548988406960478, 0.48854418014377454, 0.49630804393200195, 0.46869610582244375]",stable,0.3279017626784484,1063,"[0.5014513559678515, 0.4015008311766123, 0.63518723821047, 0.34055570138368557]"
"[0.5427420103047272, 0.5007042815679311, 0.6269641245890173, 0.5615138298352738]",stable,0.4996926587888747,1064,"[0.05922955191282986, 0.5687677917018596, 0.5835105742453986, 0.46462418447467974]"
"[0.10170889766736275, 0.7223491886615405, 0.3107271652406644, 0.27970041206220747]",stable,0.6918580607579852,1065,"[0.2625315506505134, 0.35952885218704556, 0.8614965223728379, 0.4131851273220736]"
"[0.3804638378599493, 0.3392056502750327, 0.9120501395873125, 0.34620520568731816]",stable,0.3555677483277212,1066,"[0.49197813748331176, 0.5093976431255827, 0.9818308682468977, 0.6293276528857915]"
"[0.3453377724837567, 0.600855513981428, 0.8854642962541427, 0.47126774760006285]",stable,0.2689175345709292,1067,"[0.4553020333901657, 0.40529481146832175, 0.9871728212161526, 0.5791375269900602]"
"[0.3453377724837567, 0.600855513981428, 0.8854642962541427, 0.47126774760006285]",stable,0.4260810841767146,1068,"[0.7401153807132652, 0.6741285377430757, 0.9738040902895866, 0.583173400327678]"
"[0.67887876073865, 0.6875313537320699, 0.9178797991955321, 0.6368864634973914]",stable,0.5913256251721327,1069,"[0.2882521725932459, 0.5265933479833891, 0.9282567192637381, 0.22328261746277084]"
"[0.5320262961510387, 0.36995127294382085, 0.8361940762479486, 0.5755828129510155]",stable,0.16405208684919226,1070,"[0.5451664727184127, 0.3839797929192863, 0.748706633441047, 0.713022148433112]"
"[0.3453377724837567, 0.600855513981428, 0.8854642962541427, 0.47126774760006285]",stable,0.5231786564916964,1071,"[0.6509842540368351, 0.648882848427853, 0.6228076968985601, 0.8014207740644772]"
"[0.6879528025698022, 0.7830922302248733, 0.4345782056628131, 0.47831596228240386]",stable,0.2906681228591835,1072,"[0.7573540713490935, 0.6375471408092711, 0.5242730174216306, 0.7029109070805016]"
"[0.7548988406960478, 0.48854418014377454, 0.49630804393200195, 0.46869610582244375]",stable,0.302222415255449,1073,"[0.6632534247506903, 0.4692795894710607, 0.669697794463308, 0.6978344395336403]"
"[0.7042705855819157, 0.7303203789954982, 0.7114985917831139, 0.46311393891198466]",stable,0.40337412452809335,1074,"[0.9013817728460229, 0.7359734180659261, 0.5623071988530007, 0.7818110296093749]"
"[0.9187962640509421, 0.8429759673282176, 0.3917148992055917, 0.6599514506389127]",stable,0.6130329172893334,1075,"[0.5613300094292292, 0.4572707208233721, 0.2568989542298944, 0.3752000533009163]"
"[0.2887726397024916, 0.7153352563635541, 0.24608466116588787, 0.4526895089313975]",stable,0.5005501374373633,1076,"[0.7575427666077669, 0.6289325781699854, 0.39861711743014544, 0.44412007506757634]"
"[0.7549869715597718, 0.4932237934113149, 0.4930516797152734, 0.46787690479728156]",stable,0.35473881687073083,1077,"[0.8830849739685454, 0.6454665598759, 0.4730994779312741, 0.7608864262755232]"
"[0.9169154597048522, 0.7616516283799507, 0.5269965649545713, 0.8498620052140252]",stable,0.4680184208576398,1078,"[0.8278571968553741, 0.6605155163427421, 0.21477699375457254, 0.52830284381134]"
"[0.9187962640509421, 0.8429759673282176, 0.3917148992055917, 0.6599514506389127]",stable,0.36986801922566126,1079,"[1.0, 0.6138209290735521, 0.6225370557214341, 0.8162121476094196]"
"[0.9220062685719875, 0.5660426349208989, 0.3796308092445756, 0.6841937913841938]",stable,0.3773108966361412,1080,"[0.8101729199948379, 0.9214921873239375, 0.36012143225035725, 0.7401564108025842]"
"[0.9169154597048522, 0.7616516283799507, 0.5269965649545713, 0.8498620052140252]",stable,0.3645707489620116,1081,"[1.0, 0.6592452654666692, 0.18979563157281681, 0.8072327016305404]"
"[0.9169154597048522, 0.7616516283799507, 0.5269965649545713, 0.8498620052140252]",stable,0.16831830747292517,1082,"[0.9778708560566637, 0.6221780123076694, 0.457615114529322, 0.8685386495259543]"
"[0.9168565614785117, 0.8443780426852839, 0.39115073015281965, 0.6613836820704069]",stable,0.45027499513495955,1083,"[0.503616312236661, 0.6788235339649217, 0.4141332612835848, 0.5977945669994773]"
"[0.722763795223343, 0.3854487786608874, 0.5332430329977745, 0.7254554352207673]",stable,0.2694376673315469,1084,"[0.9627596711610887, 0.4809114647911616, 0.542837191093127, 0.6493406285326226]"
"[0.9168565614785117, 0.8443780426852839, 0.39115073015281965, 0.6613836820704069]",stable,0.6171510213038701,1085,"[0.6551127015267704, 0.30882147289193895, 0.3412771100311105, 0.8132300433739122]"
"[0.7042705855819157, 0.7303203789954982, 0.7114985917831139, 0.46311393891198466]",stable,0.46782124368921657,1086,"[0.8557561146485447, 0.8775377158206628, 0.48824264854517074, 0.8158074178386174]"
"[0.9168565614785117, 0.8443780426852839, 0.39115073015281965, 0.6613836820704069]",anomaly,0.40579870317776967,1087,"[0.616922832114875, 0.8868874914835434, 0.28711837245202076, 0.9105474049613236]"
"[0.9168565614785117, 0.8443780426852839, 0.39115073015281965, 0.6613836820704069]",stable,0.28422188325196507,1088,"[0.7866299579970626, 0.6029504074744071, 0.31881492255148514, 0.678800299426415]"
"[0.9156673098057438, 0.7640166505726184, 0.5262056687013182, 0.8491670136349354]",stable,0.17776426395896525,1089,"[0.8085503902460904, 0.6561205501378408, 0.44901817519609055, 0.8994325231048714]"
"[0.9168565614785117, 0.8443780426852839, 0.39115073015281965, 0.6613836820704069]",stable,0.08723817085534964,1090,"[0.9141591083559215, 0.8265195102429542, 0.3417453066470195, 0.7309782159653716]"
"[0.9156673098057438, 0.7640166505726184, 0.5262056687013182, 0.8491670136349354]",stable,0.41661464947059795,1091,"[0.747267894750803, 0.6143800253385814, 0.18458925093218065, 0.7709589151935758]"
"[0.9156673098057438, 0.7640166505726184, 0.5262056687013182, 0.8491670136349354]",stable,0.2526703669439925,1092,"[1.0, 0.9741341484632962, 0.46037664505020826, 0.7583513298489613]"
"[0.9156673098057438, 0.7640166505726184, 0.5262056687013182, 0.8491670136349354]",stable,0.38045958378087025,1093,"[0.6994602893272927, 0.7057859433649396, 0.2551904619616509, 0.7036886247227243]"
"[0.9156673098057438, 0.7640166505726184, 0.5262056687013182, 0.8491670136349354]",stable,0.20794395806792612,1094,"[1.0, 0.7598779887277155, 0.41061601188080155, 1.0]"
"[0.9182435612267686, 0.8463073111910715, 0.39149246276301947, 0.6642554438233986]",stable,0.45321305927653116,1095,"[0.9708091262051769, 0.6420026387192797, 0.6109785267426355, 1.0]"
"[0.9180246123786074, 0.5671281576430608, 0.37784210669477886, 0.6840351592677885]",stable,0.39074709076991365,1096,"[1.0, 0.8343839165064918, 0.5131107189513494, 0.9211850837079762]"
"[0.9182435612267686, 0.8463073111910715, 0.39149246276301947, 0.6642554438233986]",stable,0.35642783884297663,1097,"[0.9630554381599952, 0.6147210396666575, 0.35570591229368087, 0.9290569197160419]"
"[0.9182435612267686, 0.8463073111910715, 0.39149246276301947, 0.6642554438233986]",stable,0.2788902912115697,1098,"[0.8223400720152603, 0.6032925665035057, 0.44337433738145343, 0.7469259962568171]"
"[0.9189744741270872, 0.7653152506527942, 0.5236824411215047, 0.8535366421925452]",stable,0.4391488827832946,1099,"[1.0, 0.4510524068924604, 0.23278703706379061, 0.7996354888041334]"
"[0.9189744741270872, 0.7653152506527942, 0.5236824411215047, 0.8535366421925452]",stable,0.4153848312629002,1100,"[0.9710042997248481, 0.4643368424452714, 0.3413716047078552, 0.6390320687900278]"
"[0.9189744741270872, 0.7653152506527942, 0.5236824411215047, 0.8535366421925452]",stable,0.39543802644747333,1101,"[0.7447436869212585, 0.8067326472025993, 0.38288988484682973, 0.5303077435603398]"
"[0.6902244379438603, 0.7840378469039823, 0.4325106728301737, 0.48039563353352127]",stable,0.1453395193425636,1102,"[0.5988111808538076, 0.8688433842605954, 0.40442385033314326, 0.5495790386722663]"
"[0.6867085434403968, 0.7872995983407751, 0.4314304104264418, 0.48305653373116536]",stable,0.2817694452102202,1103,"[0.7774469302581196, 0.6166103241115981, 0.23266855494741767, 0.4328622922143849]"
"[0.9182435612267686, 0.8463073111910715, 0.39149246276301947, 0.6642554438233986]",stable,0.46926959028731297,1104,"[0.5361260676784301, 0.6790508123691684, 0.4223611719795829, 0.45148195890128723]"
"[0.6811314147084722, 0.7832903840455304, 0.43109451270618776, 0.4818871050337624]",stable,0.4469491158386856,1105,"[0.44999441764780784, 0.7217001988595966, 0.05957698370807968, 0.41465188007940146]"
"[0.1547551877415321, 0.4544436288696118, 0.3766784919228504, 0.27825966121076345]",stable,0.6523713980277195,1106,"[0.7390494973893127, 0.4967175910204732, 0.32147153294296954, 0.5599575569823257]"
"[0.754472859489757, 0.49333649655999745, 0.4875168362710055, 0.47084724841615394]",stable,0.4156335318995275,1107,"[0.7668568932348037, 0.6913550807331242, 0.2738460192777947, 0.767041932424833]"
"[0.9189744741270872, 0.7653152506527942, 0.5236824411215047, 0.8535366421925452]",stable,0.2526277355896485,1108,"[0.6745916952177189, 0.7323673521146863, 0.47056454102538053, 0.8673480444743147]"
"[0.6811314147084722, 0.7832903840455304, 0.43109451270618776, 0.4818871050337624]",stable,0.30559874625037065,1109,"[0.6500888408860175, 0.7665804204177411, 0.21253108345453275, 0.6925473927711303]"
"[0.9189744741270872, 0.7653152506527942, 0.5236824411215047, 0.8535366421925452]",stable,0.819280267687001,1110,"[0.285717166756798, 0.7401766411085607, 0.25873401056319734, 0.4070215594256946]"
"[0.1547551877415321, 0.4544436288696118, 0.3766784919228504, 0.27825966121076345]",anomaly,0.5234407965274579,1111,"[0.6470835894862323, 0.42792785412528034, 0.20089474636233345, 0.27828779005428567]"
"[0.1547551877415321, 0.4544436288696118, 0.3766784919228504, 0.27825966121076345]",stable,0.4600405033963719,1112,"[0.2161021164056327, 0.8566260310516597, 0.5493470751043522, 0.4059651617416307]"
"[0.2638492552824697, 0.7119277430311516, 0.5641523513271302, 0.24891000944610978]",stable,0.43699447176562245,1113,"[0.18047870742606442, 0.5538977654505719, 0.1944922615841896, 0.39854778656459305]"
"[0.29404484986914575, 0.7163754672715892, 0.24028938356387122, 0.44989932298614094]",stable,0.38814396739634915,1114,"[0.2729913450471416, 0.6102137776273209, 0.6130239498118345, 0.44656343679132854]"
"[0.532391301055688, 0.37034095405425044, 0.8337638695033125, 0.5794005722699627]",stable,0.569970383231811,1115,"[0.5211474830577347, 0.5955229172560345, 0.3170963201988081, 0.4952130360041091]"
"[0.7185356018673071, 0.38065957205032813, 0.521245162812358, 0.7309413482303387]",stable,0.7577739135481498,1116,"[0.2604212114124329, 0.8814653437689703, 0.27937353789626945, 0.4963263329692009]"
"[0.4355777826287648, 0.588255301615921, 0.3305119234816859, 0.30316425046740475]",stable,0.513433492020691,1117,"[0.3056541835730192, 0.9536555213969408, 0.6239977111113861, 0.46773211179008156]"
"[0.2638492552824697, 0.7119277430311516, 0.5641523513271302, 0.24891000944610978]",stable,0.3519680905266503,1118,"[0.08224147489174109, 0.5401975029010744, 0.5347863457060712, 0.4949720203077199]"
"[0.10170889766736275, 0.7223491886615405, 0.3107271652406644, 0.27970041206220747]",stable,0.483016793001632,1119,"[0.3985823209096164, 0.5304800765250239, 0.389122051408801, 0.5994063371318515]"
"[0.3561350654487926, 0.46817234639797606, 0.6021901707591502, 0.31219449794065607]",stable,0.28014072313156735,1120,"[0.44262641921002505, 0.5559964973963166, 0.48695391450258524, 0.08857519146954923]"
"[0.29404484986914575, 0.7163754672715892, 0.24028938356387122, 0.44989932298614094]",stable,0.3095173489775008,1121,"[0.0897809140571804, 0.7902747993437049, 0.35486372178358344, 0.26151449454851045]"
"[0.10264671924399231, 0.609366081471337, 0.4870234664565566, 0.42325482818017257]",stable,0.4446078275205036,1122,"[0.4557480954962235, 0.4310032325219386, 0.4050657924804146, 0.237606849003569]"
"[0.29404484986914575, 0.7163754672715892, 0.24028938356387122, 0.44989932298614094]",stable,0.1478954830071894,1123,"[0.27854494528899454, 0.6885476822886706, 0.23455931795746465, 0.5942101250178211]"
"[0.1547551877415321, 0.4544436288696118, 0.3766784919228504, 0.27825966121076345]",stable,0.19106329859908855,1124,"[0.1622903609747841, 0.4973602396883926, 0.21231697804783245, 0.19112836655464727]"
"[0.10125012906697112, 0.724961712149316, 0.31242472510769975, 0.279000953696296]",stable,0.41750523335332057,1125,"[0.08573882241822896, 0.36247517548903474, 0.5153625627156335, 0.31759841540700645]"
"[0.29354485294720534, 0.7154777967882693, 0.2401045427378581, 0.45455451014845316]",stable,0.3183973518505668,1126,"[0.24014054265147855, 0.4422309243848701, 0.19784122408361768, 0.6031304568066588]"
"[0.3561350654487926, 0.46817234639797606, 0.6021901707591502, 0.31219449794065607]",stable,0.4386660306550971,1127,"[0.05701330077351505, 0.5711238228563089, 0.37562311024289624, 0.5147344123583332]"
"[0.3561350654487926, 0.46817234639797606, 0.6021901707591502, 0.31219449794065607]",stable,0.550996025626098,1128,"[0.10766070781945887, 0.8278344874583787, 0.2740949766704206, 0.2425252668542468]"
"[0.10264671924399231, 0.609366081471337, 0.4870234664565566, 0.42325482818017257]",stable,0.34142201924077387,1129,"[0.02721614565730829, 0.4925812474820826, 0.18269165448755553, 0.35526457472720996]"
"[0.29354485294720534, 0.7154777967882693, 0.2401045427378581, 0.45455451014845316]",stable,0.3354747144100971,1130,"[0.11047365901190609, 0.7487901443829309, 0.39583614275717494, 0.22289489300986726]"
"[0.10264671924399231, 0.609366081471337, 0.4870234664565566, 0.42325482818017257]",anomaly,0.5321512720280789,1131,"[0.35564146416289866, 0.42317994567529393, 0.4137519943543126, 0.0]"
"[0.10264671924399231, 0.609366081471337, 0.4870234664565566, 0.42325482818017257]",stable,0.2015255458650549,1132,"[0.1255077584364012, 0.6800816818086166, 0.32960234061400934, 0.3217274351738783]"
"[0.10264671924399231, 0.609366081471337, 0.4870234664565566, 0.42325482818017257]",stable,0.3198017977266593,1133,"[0.24362380059483688, 0.5296977539795904, 0.2521482655149303, 0.27873752838426946]"
"[0.3303492412329035, 0.42392408767454937, 0.3473650032752785, 0.4816160292554106]",stable,0.6263540927236101,1134,"[0.12873328381573207, 0.8512389311290117, 0.645470664341376, 0.1984102832151732]"
"[0.15539558282314506, 0.4539044569899151, 0.3771350675481686, 0.27954406835172313]",stable,0.336405109797741,1135,"[0.41784819184034727, 0.5906129571107971, 0.41358852633407084, 0.1237590971403219]"
"[0.29354485294720534, 0.7154777967882693, 0.2401045427378581, 0.45455451014845316]",stable,0.37733866101524727,1136,"[0.2162758382061192, 0.7296299041376859, 0.6020510906988998, 0.5267236083441309]"
"[0.532391301055688, 0.37034095405425044, 0.8337638695033125, 0.5794005722699627]",stable,0.7930831157064616,1137,"[0.1929072762140609, 0.7551220330160678, 0.31835166615473737, 0.2631329526685481]"
"[0.10264671924399231, 0.609366081471337, 0.4870234664565566, 0.42325482818017257]",stable,0.31932796296034294,1138,"[0.2432791729370815, 0.7382732083892578, 0.23111640685505733, 0.43260310997657775]"
"[0.1622380249888267, 0.6153517199962006, 0.19339106009845888, 0.10402630460225218]",stable,0.32998633707261543,1139,"[0.018795938361066022, 0.5199603677164291, 0.4299490993622281, 0.2565259256129068]"
"[0.3303492412329035, 0.42392408767454937, 0.3473650032752785, 0.4816160292554106]",stable,0.26942080832194226,1140,"[0.23527472764728044, 0.5984033614273064, 0.5290553750946603, 0.49131142208660594]"
"[0.10563509190743586, 0.7286944287516071, 0.31469759929988445, 0.2768101781270078]",stable,0.20978538242651135,1141,"[0.22428361374189565, 0.6383643874141832, 0.3121152236480888, 0.4243440722473341]"
"[0.1511268439337051, 0.45596870420011865, 0.37878550604235794, 0.2788247513911351]",stable,0.15110845100851156,1142,"[0.2035536040390448, 0.44558586915216297, 0.4319183504415774, 0.4097991625311138]"
"[0.3303492412329035, 0.42392408767454937, 0.3473650032752785, 0.4816160292554106]",stable,0.5790743949954941,1143,"[0.0, 0.8846652371232941, 0.45020297943598614, 0.5393955898288659]"
"[0.43582109951749043, 0.5834565011590309, 0.33856506355532723, 0.2913808757548721]",stable,0.16881781097111784,1144,"[0.2944813374350446, 0.6277453614243338, 0.40701987372062026, 0.24808005847399556]"
"[0.2899228250921922, 0.7138317968557512, 0.24201431682959842, 0.45297384838866545]",stable,0.22814834188756652,1145,"[0.23727339917266252, 0.6092127334238621, 0.4237532638336322, 0.5258127841640409]"
"[0.10563509190743586, 0.7286944287516071, 0.31469759929988445, 0.2768101781270078]",stable,0.46854772209001117,1146,"[0.39220094962312924, 0.434215732540638, 0.30567939091230745, 0.5017945030538198]"
"[0.3561350654487926, 0.46817234639797606, 0.6021901707591502, 0.31219449794065607]",stable,0.7411689579954012,1147,"[0.07522753542787163, 0.7519968399519679, 0.0, 0.14717013921316427]"
"[0.10563509190743586, 0.7286944287516071, 0.31469759929988445, 0.2768101781270078]",stable,0.35527354571155567,1148,"[0.41536813412131324, 0.6093995480168064, 0.3750653010450189, 0.38820679773405636]"
"[0.2899228250921922, 0.7138317968557512, 0.24201431682959842, 0.45297384838866545]",stable,0.43679282024228383,1149,"[0.5358553779575539, 0.5269720318523442, 0.5440187931580754, 0.38830645508440387]"
"[0.5425818560640953, 0.5013151594815222, 0.6250351633929488, 0.5574857513526954]",stable,0.33361528020501474,1150,"[0.5629622722284884, 0.6374146053483062, 0.3469249457645979, 0.6800232619716984]"
"[0.7185356018673071, 0.38065957205032813, 0.521245162812358, 0.7309413482303387]",stable,0.523202839081516,1151,"[0.7221507192224127, 0.7563733879150559, 0.5120104589074452, 0.366960592473085]"
"[0.6825963898696843, 0.7823290627551563, 0.43398436792766126, 0.47778258672802393]",stable,0.5088553541542565,1152,"[0.8020996913993768, 0.29877746959926704, 0.36017288549895604, 0.40441737567376795]"
"[0.7559611979869326, 0.4872565269674746, 0.48353733780937896, 0.46877131489295437]",stable,0.26302296859059654,1153,"[0.657232229670583, 0.72989787915919, 0.4664859979339143, 0.4523975909296496]"
"[0.6817217636559222, 0.7805210909070195, 0.4351051137899458, 0.47690724204532137]",stable,0.5099585622098619,1154,"[0.6438878672066763, 0.37207296581839233, 0.7247174309441415, 0.5659081763931134]"
"[0.3453377724837567, 0.600855513981428, 0.8854642962541427, 0.47126774760006285]",stable,0.44987559821715084,1155,"[0.6417185934807678, 0.4007447180433078, 0.6134947272313608, 0.49439101923171813]"
"[0.544834963732656, 0.49902946763065364, 0.6247728807529128, 0.5560517801681277]",stable,0.4535271660737493,1156,"[0.40157360219335886, 0.21488360621615948, 0.6948906080190265, 0.24060335899464497]"
"[0.3804638378599493, 0.3392056502750327, 0.9120501395873125, 0.34620520568731816]",stable,0.30396985262666376,1157,"[0.5921480973611957, 0.5194815055204777, 0.8140197577927013, 0.42021943300890013]"
"[0.3453377724837567, 0.600855513981428, 0.8854642962541427, 0.47126774760006285]",stable,0.3084531169623205,1158,"[0.5547304850853164, 0.5025322758931055, 0.6931040611284242, 0.403237621425427]"
"[0.5450548642071597, 0.4991073078142637, 0.6262913514279241, 0.5526559099738455]",stable,0.28381893604875,1159,"[0.5367174663286279, 0.46916451734834314, 0.8472004122449736, 0.3771956797092563]"
"[0.3842749019689415, 0.3423753787402354, 0.9104684389204262, 0.34696107090736544]",stable,0.3015019665442535,1160,"[0.31544423847961556, 0.48769306019182795, 0.882075371016664, 0.600421878027948]"
"[0.7405542818629414, 0.39011455605259276, 0.9646148229663776, 0.4221736347870456]",stable,0.3529011776895419,1161,"[0.3917191864774035, 0.35129514239649917, 0.9449888962226388, 0.4531767566439621]"
"[0.3844521468381906, 0.3425877540653845, 0.9112903545704789, 0.34949001580585587]",stable,0.39321417724335467,1162,"[0.36776597269253014, 0.5045744166318175, 0.5657867745583306, 0.4429060643570907]"
"[0.1096797373579912, 0.6090735533636658, 0.48646456398327187, 0.4277446847562331]",stable,0.44245646230840124,1163,"[0.20480365565499248, 0.2009404418122645, 0.4129922933909386, 0.54918746929146]"
"[0.3564411419552067, 0.46913029561465613, 0.6012321866486022, 0.3156342760042465]",stable,0.48450496673499155,1164,"[0.28797361850562986, 0.8313163910814358, 0.3507732942390348, 0.125505802368501]"
"[0.1096797373579912, 0.6090735533636658, 0.48646456398327187, 0.4277446847562331]",anomaly,0.5161994943127637,1165,"[0.41829089974537115, 0.5375872025061453, 0.5106077209062944, 0.020893510500180512]"
"[0.1096797373579912, 0.6090735533636658, 0.48646456398327187, 0.4277446847562331]",stable,0.42749114469160493,1166,"[0.4992796841061721, 0.5696792449070566, 0.5798072484200436, 0.5716050059254704]"
"[0.5440597515962685, 0.5006414803597592, 0.625280827449492, 0.5530678468423591]",anomaly,0.5754339140530454,1167,"[0.11901698583604436, 0.7085327307686052, 0.9516682553307785, 0.5798131574928521]"
"[0.5440597515962685, 0.5006414803597592, 0.625280827449492, 0.5530678468423591]",stable,0.5035941188528016,1168,"[0.8930305431993966, 0.5242573909482825, 0.301851398886682, 0.7163532309329901]"
"[0.9189744741270872, 0.7653152506527942, 0.5236824411215047, 0.8535366421925452]",stable,0.36337728173520195,1169,"[0.8910095934108143, 0.5944062952358896, 0.4538158071557514, 0.5418159390873666]"
"[0.9189744741270872, 0.7653152506527942, 0.5236824411215047, 0.8535366421925452]",stable,0.3998792822913014,1170,"[0.8893784747941882, 0.5635242811734766, 0.708096279569445, 0.5631929526541165]"
"[0.9182435612267686, 0.8463073111910715, 0.39149246276301947, 0.6642554438233986]",stable,0.46884807278376833,1171,"[0.8604786564230272, 0.42849677657251084, 0.49050053751529055, 0.4850530738009302]"
"[0.7591283936971173, 0.4854759284706575, 0.48374834386107324, 0.4692647015265294]",stable,0.3887322073681666,1172,"[0.6707489865611569, 0.8528426384022504, 0.4103194370983842, 0.5235943023468621]"
"[0.68135600441943, 0.7829318091568606, 0.43427892456689376, 0.47846347738870604]",stable,0.34711195478212703,1173,"[0.9616688049019564, 0.603755716636903, 0.5103701679743541, 0.5418471786398873]"
"[0.9182435612267686, 0.8463073111910715, 0.39149246276301947, 0.6642554438233986]",stable,0.2056405890128328,1174,"[0.8568662254019755, 0.6766447257331083, 0.37901179398549206, 0.5663794278686185]"
"[0.9189744741270872, 0.7653152506527942, 0.5236824411215047, 0.8535366421925452]",stable,0.6710618027749337,1175,"[0.5863771302209411, 0.39870995374727247, 0.5479484551918978, 0.40108259279960357]"
"[0.5449601213542403, 0.4984727244743871, 0.62363545782699, 0.5498341180329388]",stable,0.2742095942176112,1176,"[0.4160266177059573, 0.683748255308049, 0.7627387691721268, 0.619764795457714]"
"[0.5368979684887537, 0.37431128466557595, 0.8303746444962129, 0.5748565318715965]",stable,0.17065206541079575,1177,"[0.6463978998102713, 0.33928014191435246, 0.9126830564880587, 0.47930530570218816]"
"[0.5449601213542403, 0.4984727244743871, 0.62363545782699, 0.5498341180329388]",anomaly,0.692362475060336,1178,"[0.3854554668488971, 0.0021009967644460836, 1.0, 0.8065224531554259]"
"[0.5449601213542403, 0.4984727244743871, 0.62363545782699, 0.5498341180329388]",stable,0.3237958912120259,1179,"[0.7942329244362148, 0.3914347141873448, 0.7999902065091244, 0.5376392100588084]"
"[0.5449601213542403, 0.4984727244743871, 0.62363545782699, 0.5498341180329388]",stable,0.3758523779855576,1180,"[0.5945104455980765, 0.44010024054598085, 0.9307311864416192, 0.7525522523756935]"
"[0.5179116876525576, 0.5455823474772933, 0.8658876387490235, 0.8595483226447139]",stable,0.47837107001635143,1181,"[0.6778076713766958, 0.7339400343695595, 0.7375517236502376, 0.4705451996471841]"
"[0.5368979684887537, 0.37431128466557595, 0.8303746444962129, 0.5748565318715965]",stable,0.3119091486130046,1182,"[0.5336870016395784, 0.45113097419053794, 0.5290815513265203, 0.5993149453506085]"
"[0.5447252646935182, 0.49748643801014025, 0.621665584774897, 0.5508649686020569]",stable,0.3703277509145009,1183,"[0.2260873627215627, 0.4927252348629921, 0.44977957347952, 0.4731149808859151]"
"[0.3564411419552067, 0.46913029561465613, 0.6012321866486022, 0.3156342760042465]",stable,0.3689449018671676,1184,"[0.06278851067600666, 0.42216125841646984, 0.6385353971073694, 0.530787367524495]"
"[0.3379697508838882, 0.2612652268603901, 0.7034430038767023, 0.41844556367221236]",stable,0.16193114348862886,1185,"[0.35641285028861747, 0.40987719869122724, 0.7589908133964423, 0.3917909205121296]"
"[0.3844521468381906, 0.3425877540653845, 0.9112903545704789, 0.34949001580585587]",stable,0.4069194765440841,1186,"[0.15998901046367994, 0.0612958855948085, 0.9897539556790994, 0.5224585355810702]"
"[0.33846821302996194, 0.2652817666396019, 0.7049442960258845, 0.417725167911129]",stable,0.4131970316228698,1187,"[0.0, 0.4129674292502446, 0.8858670578020408, 0.3773896371621879]"
"[0.3844521468381906, 0.3425877540653845, 0.9112903545704789, 0.34949001580585587]",stable,0.3671760316069164,1188,"[0.0649817409538915, 0.3153789733183002, 0.8385142788799378, 0.512953231876219]"
"[0.3844521468381906, 0.3425877540653845, 0.9112903545704789, 0.34949001580585587]",stable,0.22819868076157127,1189,"[0.2755147496674104, 0.19433349719102855, 0.8235852811292135, 0.24684608364095917]"
"[0.33846821302996194, 0.2652817666396019, 0.7049442960258845, 0.417725167911129]",stable,0.2961463959249107,1190,"[0.1691808424493165, 0.33093483641414045, 0.9377542273872816, 0.3946235603937653]"
"[0.3844521468381906, 0.3425877540653845, 0.9112903545704789, 0.34949001580585587]",stable,0.4592668575071894,1191,"[0.6592332371994687, 0.13743223242677569, 0.6889345393263142, 0.13998941401032566]"
"[0.7227056461138447, 0.2454663692955892, 0.6935856089213421, 0.254881505706184]",stable,0.45118492007390687,1192,"[0.38901685876385167, 0.4961534583236129, 0.8550365013874237, 0.19735570266484986]"
"[0.38455830292948506, 0.34615904951325027, 0.909982125426687, 0.34595200852350694]",stable,0.5974216163709201,1193,"[0.7285601085187643, 0.673077986464778, 0.5886171369323325, 0.5145458942105774]"
"[0.5368979684887537, 0.37431128466557595, 0.8303746444962129, 0.5748565318715965]",stable,0.6485488870167696,1194,"[0.733640135737829, 0.6490563157732854, 0.28638492707673313, 0.47239417927160077]"
"[0.6830425893006687, 0.7786132448541646, 0.42950815045430796, 0.47826769357847687]",stable,0.15641222737870872,1195,"[0.7281730746583459, 0.6443347205939074, 0.4614114367057381, 0.5364010094463696]"
"[0.6844529169680962, 0.7744170409710316, 0.43050512814966513, 0.4800843596993485]",stable,0.5609380131321074,1196,"[0.32397792139457554, 0.3966885815011915, 0.6338059220073149, 0.5065273222084443]"
"[0.38455830292948506, 0.34615904951325027, 0.909982125426687, 0.34595200852350694]",stable,0.5532651012567826,1197,"[0.3949268230703967, 0.7909757487308142, 0.584678947372457, 0.394021879584023]"
"[0.2554045070657986, 0.7206346922872678, 0.5692347458905205, 0.24575377655667624]",stable,0.5025145294137048,1198,"[0.5069423422452722, 0.43894064186014287, 0.6094650253202998, 0.5748123675645139]"
"[0.5439541846435539, 0.49629162584381376, 0.6214165937656194, 0.5513536910298622]",stable,0.3091546660668067,1199,"[0.3478999755230959, 0.6348175340118845, 0.4597435707352919, 0.4426717650831949]"
"[0.5368979684887537, 0.37431128466557595, 0.8303746444962129, 0.5748565318715965]",stable,0.6327537357967689,1200,"[0.3434362043385701, 0.5888958019421077, 0.31450994106077723, 0.3494969776669126]"
"[0.2899228250921922, 0.7138317968557512, 0.24201431682959842, 0.45297384838866545]",stable,0.3063860208579715,1201,"[0.198606365161501, 0.7679501729816716, 0.4735190137391274, 0.6232984637477742]"
"[0.5368979684887537, 0.37431128466557595, 0.8303746444962129, 0.5748565318715965]",stable,0.38965550642823166,1202,"[0.6450971582433447, 0.593239842144887, 0.5329607550477997, 0.5137041475396119]"
"[0.5459770441155498, 0.49823059016983523, 0.619647476991263, 0.5506007001600572]",stable,0.3982318470071529,1203,"[0.41996966106037403, 0.77248315714047, 0.39725106271036653, 0.4163021230591363]"
"[0.15271553363386692, 0.45565407283502907, 0.38039559223627367, 0.2827936729408314]",anomaly,0.5295629690132987,1204,"[0.565908658060623, 0.7417765008231635, 0.5425387475189977, 0.24339908608206973]"
"[0.15271553363386692, 0.45565407283502907, 0.38039559223627367, 0.2827936729408314]",stable,0.3596106656488916,1205,"[0.21706340268935723, 0.6561488786007692, 0.08934003805515303, 0.26643274883076773]"
"[0.11151697986221631, 0.7320048146332144, 0.3158613313946958, 0.27192939181221726]",stable,0.5434498908471646,1206,"[0.5979704097783165, 0.9279653600703495, 0.4526592509886063, 0.3117620192853756]"
"[0.6818322349320423, 0.7790700203376776, 0.4311764652053906, 0.47498368271710684]",anomaly,0.5269727759897137,1207,"[0.5669722510807476, 0.4988208655045758, 0.2357733248067499, 0.8594124988608327]"
"[0.6818322349320423, 0.7790700203376776, 0.4311764652053906, 0.47498368271710684]",anomaly,0.32300486992459043,1208,"[0.6545589136276793, 0.7052108919899687, 0.16693291444025554, 0.30673242126929273]"
"[0.6818322349320423, 0.7790700203376776, 0.4311764652053906, 0.47498368271710684]",anomaly,0.5682062788078711,1209,"[0.8074060913669614, 0.41574298937090093, 0.022023592931715463, 0.5626020457229239]"
"[0.6818322349320423, 0.7790700203376776, 0.4311764652053906, 0.47498368271710684]",stable,0.2361414514931242,1210,"[0.5939167845880639, 0.9781879229382513, 0.5183039940492705, 0.4467965706691811]"
"[0.6792464863925135, 0.7849264292376944, 0.4337390395831518, 0.47415465000981494]",stable,0.34489283758620565,1211,"[0.5995166495065203, 0.5782455979971908, 0.2200126259974152, 0.6297126027538353]"
"[0.7185356018673071, 0.38065957205032813, 0.521245162812358, 0.7309413482303387]",anomaly,0.5446799664254017,1212,"[0.665932773524837, 0.6055433663113301, 0.5583498697930818, 0.2390473270487438]"
"[0.7185356018673071, 0.38065957205032813, 0.521245162812358, 0.7309413482303387]",anomaly,0.6503183055128204,1213,"[0.6607039715380479, 0.5743711948431764, 0.11959881669789671, 0.2611271074219213]"
"[0.7185356018673071, 0.38065957205032813, 0.521245162812358, 0.7309413482303387]",stable,0.46491108716436935,1214,"[0.6069616623178793, 0.7524986050758271, 0.2978287941814345, 0.8554983019832689]"
"[0.9189744741270872, 0.7653152506527942, 0.5236824411215047, 0.8535366421925452]",stable,0.5997981949482802,1215,"[0.6156763279078467, 0.6004935210303458, 0.05040528258641258, 0.7246543788030425]"
"[0.9189744741270872, 0.7653152506527942, 0.5236824411215047, 0.8535366421925452]",stable,0.8034130690746193,1216,"[0.22646654215751819, 0.8049603594073365, 0.20478517749291614, 0.6032605460084136]"
"[0.4297692513589774, 0.5852581965853679, 0.3404912522496233, 0.29403899972178515]",stable,0.09249476296696395,1217,"[0.44313245813015845, 0.646704323423071, 0.39206622620721193, 0.33809693248110173]"
"[0.2937477320324329, 0.7155568368641252, 0.24658010347315043, 0.4518952682319146]",stable,0.2717024896267212,1218,"[0.2273211261145957, 0.6965888494354925, 0.23564761210864882, 0.18934918659848546]"
"[0.11151697986221631, 0.7320048146332144, 0.3158613313946958, 0.27192939181221726]",stable,0.29625402249524535,1219,"[0.38504997073062186, 0.6620099097695571, 0.23237941858735617, 0.30475670175917163]"
"[0.2937477320324329, 0.7155568368641252, 0.24658010347315043, 0.4518952682319146]",stable,0.4246776997170231,1220,"[0.025119439238155655, 0.49034336963772407, 0.4711489693698632, 0.36800422224307827]"
"[0.11151697986221631, 0.7320048146332144, 0.3158613313946958, 0.27192939181221726]",stable,0.34465117546412594,1221,"[0.0, 0.5897843591618362, 0.046506911072925705, 0.38841945254638777]"
"[0.2937477320324329, 0.7155568368641252, 0.24658010347315043, 0.4518952682319146]",stable,0.32155993473634215,1222,"[0.06688702769301602, 0.7037884464743251, 0.4191395048157869, 0.3035046672823649]"
"[0.10751152458568772, 0.6060291896783853, 0.4860718564290819, 0.4262128780251266]",anomaly,0.5715252460247581,1223,"[0.3660977158374123, 0.9652206675414059, 0.14745859228701771, 0.5530861538369484]"
"[0.10751152458568772, 0.6060291896783853, 0.4860718564290819, 0.4262128780251266]",stable,0.6005624447255532,1224,"[0.6210387161739137, 0.5182889876217196, 0.2031996363552428, 0.5223899936389539]"
"[0.7185356018673071, 0.38065957205032813, 0.521245162812358, 0.7309413482303387]",anomaly,0.4856524208311732,1225,"[0.413833557161577, 0.3514018483066666, 0.25711192877968664, 1.0]"
"[0.7185356018673071, 0.38065957205032813, 0.521245162812358, 0.7309413482303387]",stable,0.3299268321891754,1226,"[0.539650556254122, 0.5224913503223936, 0.3398748205360852, 0.5765379782246155]"
"[0.6064656544059756, 0.6169787050095238, 0.4103442868089557, 0.6421535541898764]",stable,0.40039052615293713,1227,"[0.21696676423783973, 0.691556912938739, 0.43023658855507024, 0.6935887097172453]"
"[0.5459770441155498, 0.49823059016983523, 0.619647476991263, 0.5506007001600572]",stable,0.471995869090602,1228,"[0.44614785374723914, 0.7762120411108571, 0.25358033600347407, 0.5897848093211806]"
"[0.15271553363386692, 0.45565407283502907, 0.38039559223627367, 0.2827936729408314]",stable,0.41100160312653483,1229,"[0.25608067549429187, 0.5165388212859723, 0.0, 0.3819410684388266]"
"[0.22098984174032515, 0.565575364198171, 0.016362017733099282, 0.4747862089206981]",stable,0.2822616672053097,1230,"[0.19281218804640016, 0.42507282520417816, 0.21728289569893966, 0.33779166180475034]"
"[0.3251006238673089, 0.41942749849305705, 0.35131363602393256, 0.4840925563011907]",stable,0.5284762014084243,1231,"[0.0, 0.6385910046248059, 0.0, 0.4378025299472701]"
"[0.11012229385692882, 0.7311230531282491, 0.3190887743141049, 0.2729161191706594]",anomaly,0.2812370190141161,1232,"[0.24487516688779534, 0.9236696202360519, 0.20479648681943322, 0.16899780226690486]"
"[0.11012229385692882, 0.7311230531282491, 0.3190887743141049, 0.2729161191706594]",anomaly,0.6138424432625648,1233,"[0.6754194426287595, 0.5128588456491912, 0.22124133976245897, 0.2782353321005873]"
"[0.11012229385692882, 0.7311230531282491, 0.3190887743141049, 0.2729161191706594]",stable,0.8319914753377582,1234,"[0.853829311933588, 0.5917198594796145, 0.4274539710158504, 0.6014483398775126]"
"[0.9189744741270872, 0.7653152506527942, 0.5236824411215047, 0.8535366421925452]",stable,0.23638100430561906,1235,"[0.6869370308509721, 0.7985505303189757, 0.5066017044013388, 0.8788006231342703]"
"[0.6792464863925135, 0.7849264292376944, 0.4337390395831518, 0.47415465000981494]",stable,0.400682778600157,1236,"[0.7677067428292925, 0.7339345812537246, 0.3319113164301702, 0.8479893973709199]"
"[0.9189744741270872, 0.7653152506527942, 0.5236824411215047, 0.8535366421925452]",stable,0.3216370044255822,1237,"[0.8349587336777403, 1.0, 0.35840566976387633, 0.7352219125683461]"
"[0.9189744741270872, 0.7653152506527942, 0.5236824411215047, 0.8535366421925452]",stable,0.5284016470984347,1238,"[0.5748960176594435, 0.6808990692274832, 0.47002200755564644, 0.4651904272833798]"
"[0.6762650444287115, 0.7819542189516884, 0.4347756958109374, 0.4738985293604882]",stable,0.30427813735069154,1239,"[0.5977592246897556, 0.5259393335872615, 0.5230179905517213, 0.5883174833298411]"
"[0.5469923809895538, 0.4987738988642945, 0.617752781178723, 0.5513402449280922]",stable,0.0920260857602931,1240,"[0.5196589983660435, 0.4784528871002535, 0.6915889752057053, 0.5082477909806418]"
"[0.5464667390160248, 0.4983831101765245, 0.6191727079869342, 0.5505115438906412]",stable,0.3766765477659995,1241,"[0.41790390491142837, 0.3064447212731444, 0.7433707817125725, 0.28015749329786555]"
"[0.38455830292948506, 0.34615904951325027, 0.909982125426687, 0.34595200852350694]",stable,0.33718255877800385,1242,"[0.3577156734483448, 0.15037347088222064, 0.6742644601336631, 0.48407058314523954]"
"[0.38455830292948506, 0.34615904951325027, 0.909982125426687, 0.34595200852350694]",stable,0.3745078334773628,1243,"[0.08348581991039633, 0.5636281043346484, 0.9395853989078218, 0.3079739398664849]"
"[0.5368979684887537, 0.37431128466557595, 0.8303746444962129, 0.5748565318715965]",stable,0.4902253672618115,1244,"[0.3309006830914268, 0.3503260724567539, 0.5164839746124206, 0.2605582880471804]"
"[0.10751152458568772, 0.6060291896783853, 0.4860718564290819, 0.4262128780251266]",stable,0.6458033500067268,1245,"[0.09781668447349101, 0.2489373828408491, 1.0, 0.2670548380448495]"
"[0.14032986396478794, 0.31403315516742136, 0.9441916259327094, 0.4792304623434059]",stable,0.2574225228313855,1246,"[0.22916694669613047, 0.5498444168916448, 0.8985084062322983, 0.505315329115034]"
"[0.7365065079150017, 0.38516313045224393, 0.9429591846728202, 0.43943335940573613]",stable,0.4695741725072436,1247,"[0.4192857560070187, 0.5539801432620312, 0.8744557514035187, 0.7338463242376112]"
"[0.5117475669247114, 0.5461072097138394, 0.8664231457899294, 0.8516919477442699]",stable,0.49861813816443534,1248,"[0.5910289147432837, 0.8218306448741228, 0.6722673667176889, 0.4930631196351749]"
"[0.5368979684887537, 0.37431128466557595, 0.8303746444962129, 0.5748565318715965]",stable,0.2760739575494693,1249,"[0.5451368220851516, 0.47695823589401604, 0.5788990301200585, 0.6235655670302321]"
"[0.5464416462437441, 0.4979788672655338, 0.6184128272724648, 0.5518899216857278]",stable,0.5145328621205438,1250,"[0.9905945832317671, 0.7462354798758, 0.6927823281057239, 0.569498624305739]"
"[0.9168319539801748, 0.8489122720183415, 0.390931669661339, 0.6654582653275503]",stable,0.32461269524492903,1251,"[0.8181951253253604, 0.5716551800221067, 0.502338466499749, 0.5857010806788018]"
"[0.6762650444287115, 0.7819542189516884, 0.4347756958109374, 0.4738985293604882]",stable,0.578152250642624,1252,"[0.7594325300596116, 0.5859528754153245, 0.6320218001681878, 0.973919170839212]"
"[0.9146565089404519, 0.5655626206610294, 0.37625116043461837, 0.6797264855298115]",stable,0.2385384494592768,1253,"[0.9500158135485416, 0.734080425278142, 0.5035879855384635, 0.7847854877503242]"
"[0.9168319539801748, 0.8489122720183415, 0.390931669661339, 0.6654582653275503]",stable,0.34392751246904596,1254,"[1.0, 0.6148381974825303, 0.6250794219745497, 0.6235850319765797]"
"[0.7608656505097127, 0.48801061233981774, 0.48429511217397553, 0.4726893009133609]",stable,0.5889364062356985,1255,"[1.0, 0.9306781390634619, 0.46381014955076255, 0.7781179842002687]"
"[0.9195714229621151, 0.7647145809340509, 0.5232960092833694, 0.852214504607118]",stable,0.32711375916415997,1256,"[0.6331588214781381, 0.6743806834637467, 0.3985353685425985, 0.8169185751609983]"
"[0.6068215633002711, 0.6177440647222467, 0.4101868345654042, 0.6444837544694914]",stable,0.4714937195386433,1257,"[1.0, 0.8068377657928006, 0.3746547897510437, 0.8196924599766446]"
"[0.9182180880805053, 0.8502750364690935, 0.3921463109928294, 0.6673359273087623]",stable,0.3763858790761239,1258,"[0.9546579109590827, 0.7303109545178431, 0.2685271253517764, 1.0]"
"[0.9182180880805053, 0.8502750364690935, 0.3921463109928294, 0.6673359273087623]",stable,0.36355206485020924,1259,"[1.0, 0.6857129902349824, 0.524561534004204, 0.9517078042476274]"
"[0.9182180880805053, 0.8502750364690935, 0.3921463109928294, 0.6673359273087623]",stable,0.25526959472211835,1260,"[0.881284242263608, 0.8183599487578997, 0.1696041869778893, 0.5522060561281081]"
"[0.9182180880805053, 0.8502750364690935, 0.3921463109928294, 0.6673359273087623]",stable,0.2965658950293343,1261,"[1.0, 0.8856833070573129, 0.5266235839108473, 0.9161836044524851]"
"[0.9182180880805053, 0.8502750364690935, 0.3921463109928294, 0.6673359273087623]",stable,0.4464706345997939,1262,"[0.9017396469947389, 0.5305995762736934, 0.5767750945377008, 0.9179038841087606]"
"[0.9146565089404519, 0.5655626206610294, 0.37625116043461837, 0.6797264855298115]",stable,0.342645189141583,1263,"[0.8976725689957805, 0.5516246793786528, 0.678014134406485, 0.5189094691469344]"
"[0.9182180880805053, 0.8502750364690935, 0.3921463109928294, 0.6673359273087623]",stable,0.627575394352,1264,"[0.7287662236421333, 0.45329918360028837, 0.7606567580966401, 0.41323144235950493]"
"[0.5464416462437441, 0.4979788672655338, 0.6184128272724648, 0.5518899216857278]",stable,0.2434490251813403,1265,"[0.5326618639970293, 0.4299553710693486, 0.8493081193459655, 0.5856199309729838]"
"[0.3404689604906978, 0.5953830622854485, 0.8857861357454986, 0.4767078046648247]",stable,0.43796377384132196,1266,"[0.4249928007858791, 0.320421643936682, 0.5891620418263286, 0.6218916637723487]"
"[0.54419259355008, 0.49469077053722177, 0.6178711460604993, 0.5531862502428875]",stable,0.34847425045986624,1267,"[0.5049924328211244, 0.4424131577820216, 0.8891179979866124, 0.34440443312947056]"
"[0.3872954422452041, 0.3483466428829951, 0.9095079407121397, 0.34591683635546067]",stable,0.3100736926697515,1268,"[0.6861466195047747, 0.4177374062651151, 0.9015520655999281, 0.39013555122676535]"
"[0.5367893504248633, 0.37573805611182653, 0.8308601182103091, 0.5751325164639398]",stable,0.19751384561073035,1269,"[0.5845655747985375, 0.34244123356223655, 1.0, 0.4913937943050349]"
"[0.5367893504248633, 0.37573805611182653, 0.8308601182103091, 0.5751325164639398]",stable,0.22484697381271251,1270,"[0.49805734607079605, 0.1927792405357806, 0.7308204687396291, 0.6497926384049401]"
"[0.3404689604906978, 0.5953830622854485, 0.8857861357454986, 0.4767078046648247]",stable,0.3642120776224154,1271,"[0.5573572844881947, 0.8195852700697981, 0.781046624050517, 0.6328260198548317]"
"[0.6724828935675733, 0.6944815598551082, 0.9106780531352682, 0.6366727559372567]",stable,0.5726033227427907,1272,"[0.620759264458474, 0.635969454341825, 0.3868582526084151, 0.8543614820860381]"
"[0.6070049541049842, 0.6179838724803991, 0.4098798795396544, 0.6472453035170775]",stable,0.25611142548075766,1273,"[0.45489104942534414, 0.5263815931172197, 0.44987545571428733, 0.8274224346043169]"
"[0.54419259355008, 0.49469077053722177, 0.6178711460604993, 0.5531862502428875]",stable,0.28294864809610826,1274,"[0.7760704360316744, 0.6520281445845006, 0.6386381069583972, 0.5199253469408415]"
"[0.5358210503160116, 0.3711640857224254, 0.8283591269735421, 0.5769990195124648]",stable,0.5299970288815196,1275,"[0.6886440146348032, 0.559494906188927, 0.36106667895653854, 0.6379191499189729]"
"[0.6080652016443325, 0.6172242755155748, 0.4092459418697438, 0.6471241846391801]",stable,0.3900374978484896,1276,"[0.8980822273702413, 0.6794684434208473, 0.27151133922865667, 0.8596664564678451]"
"[0.9182180880805053, 0.8502750364690935, 0.3921463109928294, 0.6673359273087623]",stable,0.32136058982538457,1277,"[1.0, 0.8244248333733468, 0.11946308533433031, 0.81416907417995]"
"[0.9146565089404519, 0.5655626206610294, 0.37625116043461837, 0.6797264855298115]",stable,0.25822375767398703,1278,"[0.7458713669773624, 0.6844831189826504, 0.49848510356107256, 0.7751616106487624]"
"[0.6762650444287115, 0.7819542189516884, 0.4347756958109374, 0.4738985293604882]",stable,0.16110709232957923,1279,"[0.5460899018635204, 0.7946131536616836, 0.4973863394798901, 0.4036875179136272]"
"[0.6726490682463451, 0.782305856026966, 0.4365148803572972, 0.4719482234869643]",stable,0.3203526673777932,1280,"[0.6138900295428247, 0.6112508994263617, 0.6963595678817736, 0.42301820147207214]"
"[0.5358210503160116, 0.3711640857224254, 0.8283591269735421, 0.5769990195124648]",stable,0.15322455647919206,1281,"[0.42164335874762454, 0.30787263087971317, 0.9077009135166897, 0.5651545225457753]"
"[0.3404689604906978, 0.5953830622854485, 0.8857861357454986, 0.4767078046648247]",stable,0.13808153472077914,1282,"[0.23913781629425424, 0.5016044137626464, 0.8846209510856081, 0.47835609851921135]"
"[0.720349499776574, 0.389623779073083, 0.9301385131095977, 0.437622644765282]",stable,0.3710202343906069,1283,"[0.42059484379887246, 0.5403422836566316, 0.8133917481564469, 0.33058393309504924]"
"[0.3398062960879394, 0.5907324551869604, 0.8834873991127192, 0.4721929428612188]",stable,0.3334608971499723,1284,"[0.4270732464979063, 0.36705237358288645, 0.6705777086158629, 0.3815434305606199]"
"[0.3872954422452041, 0.3483466428829951, 0.9095079407121397, 0.34591683635546067]",stable,0.19281054015676335,1285,"[0.34201833718887864, 0.28485796050264744, 0.7469362687318607, 0.2776121744910958]"
"[0.3426669753702316, 0.269543868414461, 0.7036165260514048, 0.413946243247977]",stable,0.24407723209058999,1286,"[0.1720518441286874, 0.2993791554976035, 0.5823816123990689, 0.5359139585369481]"
"[0.3426669753702316, 0.269543868414461, 0.7036165260514048, 0.413946243247977]",stable,0.13271588933373896,1287,"[0.45296221495164035, 0.28702282882454305, 0.6659112495338975, 0.3529440672782136]"
"[0.3452319809418923, 0.26995035586585825, 0.7027396591556488, 0.4125275879928662]",stable,0.2947443821534142,1288,"[0.5021996225206313, 0.3917393132578412, 0.7356034528376844, 0.19730019375503982]"
"[0.10751152458568772, 0.6060291896783853, 0.4860718564290819, 0.4262128780251266]",stable,0.3926269644369038,1289,"[0.1877051603831712, 0.2264541219798548, 0.4460464675356254, 0.3809840132803435]"
"[0.3251006238673089, 0.41942749849305705, 0.35131363602393256, 0.4840925563011907]",stable,0.24849850210026758,1290,"[0.32142809004120265, 0.29055690738348483, 0.14007040660443498, 0.46158285144164735]"
"[0.3594465924977478, 0.46422541547678814, 0.6024727630024247, 0.3112990242490897]",stable,0.6359089586923505,1291,"[0.0, 0.4234877364374537, 0.08036706338268951, 0.28089457033156934]"
"[0.11012229385692882, 0.7311230531282491, 0.3190887743141049, 0.2729161191706594]",stable,0.22942589471293487,1292,"[0.13877239010978004, 0.5152158179808803, 0.38045849476624327, 0.23505801076336796]"
"[0.32498933496348753, 0.41552232906549424, 0.34491232604152355, 0.4834104440327197]",stable,0.47580533964628724,1293,"[0.3076452237504885, 0.8400003257862123, 0.35503309916299947, 0.2693873067471927]"
"[0.10751152458568772, 0.6060291896783853, 0.4860718564290819, 0.4262128780251266]",stable,0.2831203020583418,1294,"[0.18142508232043844, 0.6362267232279268, 0.4182940433891975, 0.16317643863382636]"
"[0.10751152458568772, 0.6060291896783853, 0.4860718564290819, 0.4262128780251266]",stable,0.3487674483109612,1295,"[0.07654452924146632, 0.6504688945561045, 0.7419844078695725, 0.1955320230624977]"
"[0.5330362285704412, 0.36962039170187144, 0.8302942924989848, 0.5767101293425455]",stable,0.49344810911608367,1296,"[0.2192691116370721, 0.43775344023629204, 0.46623414605626035, 0.4880572659309886]"
"[0.3594465924977478, 0.46422541547678814, 0.6024727630024247, 0.3112990242490897]",stable,0.434981116565429,1297,"[0.15437362647394626, 0.6794033382813949, 0.363399988478121, 0.5203356726948926]"
"[0.11802893263213673, 0.7315342573270033, 0.32306376237069273, 0.26958469290712117]",stable,0.315898635931294,1298,"[0.054302529120217574, 0.9079075980925417, 0.19135835778846033, 0.48701749804406924]"
"[0.429056613316769, 0.5883990565858656, 0.33920632361997155, 0.2952839005126193]",stable,0.1768334391803397,1299,"[0.37655059571805083, 0.6390085240806673, 0.2721816466156092, 0.44177471183067946]"
"[0.15441395412380443, 0.45009242135335753, 0.37769006671660665, 0.2857229136915527]",anomaly,0.4564314075936838,1300,"[0.3513307415239089, 0.7779542014500203, 0.4131302063796743, 0.03913812435838365]"
"[0.15441395412380443, 0.45009242135335753, 0.37769006671660665, 0.2857229136915527]",stable,0.0655698533566104,1301,"[0.20866959603479052, 0.4588414474421228, 0.3960146814782492, 0.3164376337190858]"
"[0.32187991663035764, 0.4161761852764001, 0.3484806148654864, 0.4835471152650217]",stable,0.23135926342872937,1302,"[0.4747448903455168, 0.49932020009107697, 0.3639896917564205, 0.3318699913476828]"
"[0.3002811482935558, 0.7151153616269939, 0.24748570835294992, 0.45544440669547104]",stable,0.36251393135021964,1303,"[0.08444905161794572, 0.5749800485868228, 0.49888769274358297, 0.5000761526974709]"
"[0.11802893263213673, 0.7315342573270033, 0.32306376237069273, 0.26958469290712117]",stable,0.24829089283779832,1304,"[0.04824489308133337, 0.5511020503141123, 0.28480586235286504, 0.4204459107493689]"
"[0.11802893263213673, 0.7315342573270033, 0.32306376237069273, 0.26958469290712117]",stable,0.23867702636789595,1305,"[0.05202474116528147, 0.5473309518674572, 0.44297860011218115, 0.3351571228745828]"
"[0.10316809433043962, 0.5792678617923367, 0.4655954356453585, 0.4619719818292261]",stable,0.4203222763374079,1306,"[0.3396250676050864, 0.5291848304749394, 0.12174422145490169, 0.4660888069484659]"
"[0.24471688691327742, 0.5582972574535247, 0.03743845847745976, 0.4730467285262517]",stable,0.33544057263763494,1307,"[0.3816885253132535, 0.42525140263037114, 0.29205914129495403, 0.5790007583760879]"
"[0.3594465924977478, 0.46422541547678814, 0.6024727630024247, 0.3112990242490897]",stable,0.6435578706226756,1308,"[0.0, 0.8986576500272204, 0.2954661321614418, 0.266796864915669]"
"[0.11465667741407568, 0.7363092114041524, 0.32227525865042844, 0.26950504067879394]",stable,0.289586655664869,1309,"[0.22779432861779064, 0.49030396666314857, 0.286043576504109, 0.17343741976499774]"
"[0.3235887340212975, 0.4164354772007993, 0.3468685727634713, 0.48627436221105225]",stable,0.5180547382872671,1310,"[0.30867282229278026, 0.9004882581435804, 0.39189074529302714, 0.3078811541523517]"
"[0.2554045070657986, 0.7206346922872678, 0.5692347458905205, 0.24575377655667624]",stable,0.3164209637304658,1311,"[0.5266559671038834, 0.6173818527298374, 0.46626277669048094, 0.17308675241423835]"
"[0.3002811482935558, 0.7151153616269939, 0.24748570835294992, 0.45544440669547104]",stable,0.3753211678718503,1312,"[0.1562264768773367, 0.5300036894304129, 0.14004040054826417, 0.18285789686199322]"
"[0.11465667741407568, 0.7363092114041524, 0.32227525865042844, 0.26950504067879394]",stable,0.4241418325450361,1313,"[0.013499417133173125, 0.6169418427775385, 0.6306494702587259, 0.515106913084609]"
"[0.24471688691327742, 0.5582972574535247, 0.03743845847745976, 0.4730467285262517]",stable,0.5140680572619728,1314,"[0.35884655397538145, 0.581440105151651, 0.5373104607854288, 0.5019045957800076]"
"[0.54419259355008, 0.49469077053722177, 0.6178711460604993, 0.5531862502428875]",stable,0.5528097129644908,1315,"[0.16797653992945333, 0.6864418030295472, 0.2851823679966135, 0.42430732165294993]"
"[0.1577727966607774, 0.4513808574427932, 0.37576054367842626, 0.2835763143784206]",stable,0.14706151955900496,1316,"[0.2534610378199103, 0.5329372805475806, 0.3458465312388084, 0.21340115674418006]"
"[0.3235887340212975, 0.4164354772007993, 0.3468685727634713, 0.48627436221105225]",stable,0.19890199554955482,1317,"[0.42375231601251895, 0.5233800748044167, 0.4763629712047206, 0.5226517520572507]"
"[0.5420027703221243, 0.49521239425117075, 0.6152982701540306, 0.5526310775486032]",stable,0.1605674655072971,1318,"[0.5923458984768546, 0.3989316880364504, 0.519833663928539, 0.6223735681554061]"
"[0.5429017547534587, 0.49349309592590795, 0.6135935450428611, 0.5538764791665819]",stable,0.41472356667707955,1319,"[0.6991711998136172, 0.3272366805774407, 0.2976510476545888, 0.4120503884868779]"
"[0.6726490682463451, 0.782305856026966, 0.4365148803572972, 0.4719482234869643]",stable,0.24266157773092642,1320,"[0.6984822503464303, 0.5497716885957027, 0.46133214047991095, 0.5313557363662459]"
"[0.7574190435413966, 0.48526025524241523, 0.4784726945013797, 0.4726345098863166]",stable,0.4532601896861199,1321,"[0.698207442404615, 0.7290623182409429, 0.1340535908790922, 0.31811971776983994]"
"[0.698207442404615, 0.7290623182409429, 0.1340535908790922, 0.31811971776983994]",stable,0.2824774556204893,1322,"[0.9555710719607703, 0.733242430394914, 0.1471955885949835, 0.4337367133800152]"
"[0.9182180880805053, 0.8502750364690935, 0.3921463109928294, 0.6673359273087623]",stable,0.1260017548956438,1323,"[0.8887349727108976, 0.7320180448421464, 0.38746634730140916, 0.6357041392455586]"
"[0.9239584362550907, 0.7662434958482862, 0.520676952552751, 0.8545952383317615]",anomaly,0.7111108720912331,1324,"[0.4668340660988803, 0.9106744264098611, 0.03065152363269852, 0.6655693990280352]"
"[0.9239584362550907, 0.7662434958482862, 0.520676952552751, 0.8545952383317615]",stable,0.17694145704612346,1325,"[0.8652415628806043, 0.702206939343467, 0.3681819292378342, 0.8321186883759129]"
"[0.9177347583203478, 0.8483363972620944, 0.3920695902765767, 0.6668173734060869]",stable,0.31883267026779144,1326,"[0.9778537852010568, 0.645568857253112, 0.2766031673862933, 0.45802847489700727]"
"[0.9177347583203478, 0.8483363972620944, 0.3920695902765767, 0.6668173734060869]",stable,0.2051766508733801,1327,"[0.9477588402331485, 0.8164647506214175, 0.5418595610377775, 0.5336138623086659]"
"[0.9239584362550907, 0.7662434958482862, 0.520676952552751, 0.8545952383317615]",stable,0.1926483726905014,1328,"[0.8563537951050392, 0.6196163217871062, 0.5779751846603947, 0.7665021488216183]"
"[0.9182190177060382, 0.8478223384453093, 0.3944855575469186, 0.664668929678709]",stable,0.330099762155892,1329,"[0.6427235568682519, 0.6688261074282984, 0.36298914429213097, 0.6586332634403611]"
"[0.8793842396574083, 0.6170264235581301, 0.3713675030335394, 0.9337443927579878]",stable,0.4228867225721079,1330,"[0.6169169575222961, 0.9029371483627203, 0.5392711401255861, 0.9309999384656856]"
"[0.6726490682463451, 0.782305856026966, 0.4365148803572972, 0.4719482234869643]",stable,0.253404307926186,1331,"[0.8316143449773842, 0.6811972901715571, 0.3112631315621619, 0.5861096942369342]"
"[0.9182190177060382, 0.8478223384453093, 0.3944855575469186, 0.664668929678709]",stable,0.32663074357130234,1332,"[0.884079911217249, 0.9648664740079702, 0.4628766086980278, 0.9598730937870847]"
"[0.9182190177060382, 0.8478223384453093, 0.3944855575469186, 0.664668929678709]",stable,0.13635642840176482,1333,"[0.8825606048180653, 0.925168494682273, 0.29261232450238034, 0.6336694190177832]"
"[0.9232463197365578, 0.7697903347439948, 0.5196448035553453, 0.8564752000363208]",stable,0.3798002995976574,1334,"[0.9141886116842819, 0.7844903036125848, 0.16383814165656763, 0.724749136696443]"
"[0.9146565089404519, 0.5655626206610294, 0.37625116043461837, 0.6797264855298115]",stable,0.33382934165426886,1335,"[0.7142291689988316, 0.5034084047329445, 0.1319516445465179, 0.7676213700934393]"
"[0.9232463197365578, 0.7697903347439948, 0.5196448035553453, 0.8564752000363208]",stable,0.26449148727328614,1336,"[1.0, 0.6612691191093982, 0.33077028248473933, 0.7275791936839485]"
"[0.9232463197365578, 0.7697903347439948, 0.5196448035553453, 0.8564752000363208]",stable,0.34082948154309867,1337,"[0.9325422107712177, 0.7565055589597054, 0.2045868423691666, 0.9854725555300621]"
"[0.916688496822822, 0.5678413468145619, 0.37516828238819266, 0.6808658357239576]",stable,0.441381954362439,1338,"[0.7733965798614046, 0.8416795777800996, 0.6235025300153124, 0.8748456823252622]"
"[0.9176530111522608, 0.8490500552109754, 0.3928685221017672, 0.6641768739539325]",stable,0.26595585455568876,1339,"[0.9888239492346356, 0.5998410857405231, 0.45251984755622704, 0.6661321365763715]"
"[0.9206173769317305, 0.7710515495341019, 0.5214668689318359, 0.8567974891992848]",anomaly,0.5193667037775662,1340,"[0.6716313167365745, 0.80646013088081, 0.9527289564014545, 1.0]"
"[0.9206173769317305, 0.7710515495341019, 0.5214668689318359, 0.8567974891992848]",stable,0.48425200087029097,1341,"[0.6128169649531239, 0.6457141445655054, 0.8461115559648824, 0.9933817812303731]"
"[0.517692825632265, 0.5519664411757021, 0.865228346388456, 0.8600266438316877]",stable,0.43108710684908036,1342,"[0.6736453130890714, 0.37404620791564147, 0.9534606567293543, 0.5106352224199162]"
"[0.5330362285704412, 0.36962039170187144, 0.8302942924989848, 0.5767101293425455]",stable,0.6349080524792429,1343,"[0.9547050343895629, 0.7693070264387568, 0.6468636150408478, 0.7553366499995111]"
"[0.9176530111522608, 0.8490500552109754, 0.3928685221017672, 0.6641768739539325]",stable,0.8174346556354047,1344,"[0.638573845726734, 0.4209491343364556, 1.0, 0.8602258620937846]"
"[0.5244084378597356, 0.5446877019068551, 0.8727156604779862, 0.8600377115129153]",stable,0.7372631672304115,1345,"[1.0, 0.8271788356350257, 0.3858401991559358, 0.8828563070659774]"
"[0.9176530111522608, 0.8490500552109754, 0.3928685221017672, 0.6641768739539325]",stable,0.32747067360476934,1346,"[0.7708305780405503, 0.7668619337770652, 0.6271336738511761, 0.8192419137833857]"
"[0.6726490682463451, 0.782305856026966, 0.4365148803572972, 0.4719482234869643]",stable,0.37990031052550083,1347,"[0.6640408407527991, 0.4956493305342818, 0.19741017502649488, 0.5419990667218859]"
"[0.8793842396574083, 0.6170264235581301, 0.3713675030335394, 0.9337443927579878]",anomaly,0.6829154199789467,1348,"[0.3153957818638943, 0.9460150692895171, 0.5405584249191364, 0.8268266989367845]"
"[0.8793842396574083, 0.6170264235581301, 0.3713675030335394, 0.9337443927579878]",anomaly,0.41680593367935553,1349,"[0.4925888422887263, 0.6450690412629755, 0.24777745719090435, 0.8439912920561292]"
"[0.8793842396574083, 0.6170264235581301, 0.3713675030335394, 0.9337443927579878]",stable,0.7732682441211324,1350,"[0.32628122724611613, 0.24409345137548016, 0.2608100784120676, 0.5586192281158171]"
"[0.3594465924977478, 0.46422541547678814, 0.6024727630024247, 0.3112990242490897]",stable,0.3283373143351969,1351,"[0.2282878326233717, 0.17496497302152286, 0.5226083453894889, 0.3348116362476836]"
"[0.3594465924977478, 0.46422541547678814, 0.6024727630024247, 0.3112990242490897]",stable,0.2797446269544565,1352,"[0.34406428897892943, 0.35139100380805494, 0.3679803398792288, 0.41279848281673864]"
"[0.3594465924977478, 0.46422541547678814, 0.6024727630024247, 0.3112990242490897]",stable,0.21440731846092917,1353,"[0.40562763675797553, 0.5156917907017763, 0.40081524962139903, 0.33417409537080117]"
"[0.29670534806749893, 0.7143404005838196, 0.24850453699196784, 0.45460286385648396]",stable,0.31094688138370263,1354,"[0.2371312212692624, 0.4580768038889772, 0.10567437226544277, 0.5386706907089424]"
"[0.2434526093059416, 0.5415938485261002, 0.04881111077545693, 0.4839840555567001]",stable,0.3370170961469976,1355,"[0.0, 0.5639256777335826, 0.27535771943965415, 0.4340914346144995]"
"[0.11465667741407568, 0.7363092114041524, 0.32227525865042844, 0.26950504067879394]",stable,0.46426372395087634,1356,"[0.2040821361625741, 0.6257158807976314, 0.7130978761025637, 0.47583169823320404]"
"[0.5429017547534587, 0.49349309592590795, 0.6135935450428611, 0.5538764791665819]",stable,0.5419462442500245,1357,"[0.23631134454981167, 0.7909773980253313, 0.3687439994489458, 0.3274701142941717]"
"[0.11803597372340167, 0.7378277721436296, 0.3235660570059428, 0.2711151816125545]",stable,0.13091906529447492,1358,"[0.04830143516620475, 0.8266227491580735, 0.35829943743642556, 0.3275593144402411]"
"[0.11615125646509905, 0.7402276363872632, 0.32450479701757745, 0.2726406987160055]",stable,0.5736966471839199,1359,"[0.6046011631847432, 0.4807584144158816, 0.27816802205633007, 0.41780666494569235]"
"[0.29670534806749893, 0.7143404005838196, 0.24850453699196784, 0.45460286385648396]",anomaly,0.4869785498490491,1360,"[0.2031801269792573, 0.8293665092464382, 0.3407345295805879, 0.0]"
"[0.29670534806749893, 0.7143404005838196, 0.24850453699196784, 0.45460286385648396]",stable,0.5686292555647693,1361,"[0.17268841307776261, 0.45864516020992496, 0.438017624517644, 0.0]"
"[0.11695985577002033, 0.378530998569414, 0.4900105780558562, 0.03384022273811991]",stable,0.5826692437076981,1362,"[0.0, 0.6646564616424462, 0.6281248497564826, 0.5080558983910927]"
"[0.2434526093059416, 0.5415938485261002, 0.04881111077545693, 0.4839840555567001]",stable,0.28314337826821834,1363,"[0.34055321101880587, 0.6578170102230416, 0.26722607157205513, 0.3863688549497959]"
"[0.16022634130588337, 0.45347204777881345, 0.3749935177184361, 0.281776951362158]",stable,0.35108080563551575,1364,"[0.08678596391450658, 0.6245029341910968, 0.16931517560336548, 0.49697244046943356]"
"[0.3216709689618107, 0.6878149413698572, 0.6157742812307814, 0.5254277298101913]",stable,0.5299032556517829,1365,"[0.1697026860397912, 0.7793113501590931, 0.19434482414381773, 0.25760554773008076]"
"[0.11756050461180148, 0.7412561551707324, 0.32107953457353117, 0.27224503684795487]",stable,0.2766790325915758,1366,"[0.0, 0.6855439531835514, 0.07729788285181116, 0.258192575682792]"
"[0.11756050461180148, 0.7412561551707324, 0.32107953457353117, 0.27224503684795487]",stable,0.48698512430280577,1367,"[0.37487144075737605, 0.3531694004691238, 0.21191842197893787, 0.18049474663374757]"
"[0.3594465924977478, 0.46422541547678814, 0.6024727630024247, 0.3112990242490897]",stable,0.5239150399371244,1368,"[0.0, 0.63122737404008, 0.25993177412410323, 0.30348026550087215]"
"[0.11756050461180148, 0.7412561551707324, 0.32107953457353117, 0.27224503684795487]",stable,0.3848150094085644,1369,"[0.11887351184383785, 0.40650801684357896, 0.41276981044831135, 0.438430008113812]"
"[0.32421489748568805, 0.4100196258705814, 0.3451132558111565, 0.4862437942789023]",stable,0.3808763937391463,1370,"[0.3445243949533762, 0.7819408681901703, 0.2663145305202069, 0.4753029522490452]"
"[0.15919252056933225, 0.4522979470054326, 0.375937925036683, 0.2856932777809494]",stable,0.26014160297190786,1371,"[0.2367222300058236, 0.6859281869508912, 0.3414783807072958, 0.208932294598571]"
"[0.12061593346805846, 0.7398374893189417, 0.32160258191029434, 0.27062163320053473]",stable,0.198183214690748,1372,"[0.28967228288586644, 0.7315850623078123, 0.27886466907260254, 0.3644401045235475]"
"[0.15919252056933225, 0.4522979470054326, 0.375937925036683, 0.2856932777809494]",stable,0.2685995717010227,1373,"[0.019878442903553784, 0.6298947023781968, 0.38034633132998236, 0.43121742051034684]"
"[0.2434526093059416, 0.5415938485261002, 0.04881111077545693, 0.4839840555567001]",stable,0.7484160261264103,1374,"[0.5601397004954582, 0.9103079824921952, 0.6170561798174934, 0.45262702508801383]"
"[0.5330362285704412, 0.36962039170187144, 0.8302942924989848, 0.5767101293425455]",stable,0.6044317719307821,1375,"[0.17868203858362547, 0.5110045926965119, 0.4245643198008899, 0.3418387349121404]"
"[0.32421489748568805, 0.4100196258705814, 0.3451132558111565, 0.4862437942789023]",stable,0.24903712905974917,1376,"[0.32781914914064264, 0.6097222470864556, 0.3777159408136674, 0.6313728025111163]"
"[0.15966787466724186, 0.45372981641253207, 0.37712393466507826, 0.2870626791743931]",stable,0.2518761594432658,1377,"[0.21600139834688292, 0.5966251789079293, 0.403770712896299, 0.4848984656057916]"
"[0.2434526093059416, 0.5415938485261002, 0.04881111077545693, 0.4839840555567001]",stable,0.4838489727483245,1378,"[0.4520770634289293, 0.8012222034272778, 0.35518893764178044, 0.3127783018348362]"
"[0.29952846137795497, 0.712479512424605, 0.25328753855320346, 0.4555558701688638]",stable,0.4379021288716634,1379,"[0.27104839087423865, 0.3399166957745959, 0.08269869448779493, 0.30375483596725633]"
"[0.3594465924977478, 0.46422541547678814, 0.6024727630024247, 0.3112990242490897]",stable,0.5302340133433268,1380,"[0.05836390849164264, 0.7342999458704579, 0.27657707095812467, 0.417831048718057]"
"[0.11905963284364807, 0.7396990507327296, 0.3204769441364901, 0.2743018685884728]",stable,0.13582446809948173,1381,"[0.2273884960580097, 0.8015372420029803, 0.3726678974451433, 0.287158229751303]"
"[0.12170180023912029, 0.7412072993002966, 0.32174989421718897, 0.27461543837293206]",anomaly,0.48763497029173514,1382,"[0.22378931663083496, 0.5473717587139385, 0.7035759120243494, 0.06484728402267537]"
"[0.12170180023912029, 0.7412072993002966, 0.32174989421718897, 0.27461543837293206]",stable,0.20904984481552433,1383,"[0.0, 0.689890333964569, 0.426371427075772, 0.3983547343423379]"
"[0.2434526093059416, 0.5415938485261002, 0.04881111077545693, 0.4839840555567001]",stable,0.4163386996508595,1384,"[0.30382275951790094, 0.6217051720423334, 0.43203285245134176, 0.35585665668458977]"
"[0.29952846137795497, 0.712479512424605, 0.25328753855320346, 0.4555558701688638]",stable,0.5112759006097524,1385,"[0.0, 0.5952190558297064, 0.1515506952367822, 0.07138748599333836]"
"[0.12170180023912029, 0.7412072993002966, 0.32174989421718897, 0.27461543837293206]",stable,0.2795157326127268,1386,"[0.2963644232320787, 0.5365475546096695, 0.3962776593946649, 0.2611241809049498]"
"[0.29952846137795497, 0.712479512424605, 0.25328753855320346, 0.4555558701688638]",stable,0.33967227840849346,1387,"[0.0033270605066456627, 0.6666282491272957, 0.29204059690786005, 0.3005144274405004]"
"[0.11888335405501375, 0.7394316076295109, 0.3210425299955383, 0.27523208096977897]",stable,0.30145979764218717,1388,"[0.10749042619549806, 0.5653686145734655, 0.557208081088785, 0.20684993626481568]"
"[0.15966787466724186, 0.45372981641253207, 0.37712393466507826, 0.2870626791743931]",stable,0.5316670422169711,1389,"[0.6160501348381778, 0.5924217441406839, 0.40307918920111996, 0.5204635153469078]"
"[0.8793842396574083, 0.6170264235581301, 0.3713675030335394, 0.9337443927579878]",stable,0.5524380206303293,1390,"[0.564004367709195, 0.6526749473251388, 0.1505493353352691, 0.5391663617229385]"
"[0.898472682245967, 0.6986912844714088, 0.17214718853770747, 0.5609487297455888]",anomaly,0.45663540986441026,1391,"[0.7840444465184719, 0.2619083067737347, 0.10649999470417126, 0.5426962574290497]"
"[0.898472682245967, 0.6986912844714088, 0.17214718853770747, 0.5609487297455888]",stable,0.596276437644649,1392,"[0.39554271719483397, 0.8952876628990698, 0.37283539012522093, 0.4070619204455169]"
"[0.24670367877931032, 0.7115013935982206, 0.5685272950198301, 0.2434653153630374]",stable,0.9155527042478142,1393,"[0.9736673927173543, 0.4375778163248632, 0.5068045653957363, 0.7240032340899673]"
"[0.9225406020253932, 0.7719732912799592, 0.5212934803951089, 0.8555194888377072]",stable,0.4398029804037234,1394,"[0.6516767675600177, 0.9380646179752848, 0.2234117631098859, 0.9166717451697888]"
"[0.9196229138297844, 0.565608078824477, 0.37991800621036487, 0.6815113743425583]",stable,0.18920909384299003,1395,"[0.983094015852065, 0.7356046642726866, 0.3532608937189527, 0.7280093279591684]"
"[0.9225406020253932, 0.7719732912799592, 0.5212934803951089, 0.8555194888377072]",anomaly,0.6551184153071168,1396,"[0.9901065991827881, 0.40985829553464936, 0.0, 0.7080718328490027]"
"[0.9225406020253932, 0.7719732912799592, 0.5212934803951089, 0.8555194888377072]",stable,0.4165086917628382,1397,"[1.0, 0.6365749940790982, 0.29433422417271793, 0.5430513638881552]"
"[0.9186755268506953, 0.8472774709775647, 0.39224965290828573, 0.6651742560477644]",stable,0.164617142103432,1398,"[0.8933279549950663, 0.752861563487853, 0.2907141760980057, 0.7502182883905958]"
"[0.9225406020253932, 0.7719732912799592, 0.5212934803951089, 0.8555194888377072]",stable,0.30252169552780184,1399,"[0.8703984246951897, 0.5639427535099415, 0.32595354070702226, 0.7696930772498192]"
"[0.9225406020253932, 0.7719732912799592, 0.5212934803951089, 0.8555194888377072]",anomaly,0.8392768612992204,1400,"[0.7017296590897831, 0.4912016925571311, 0.0, 0.3032074447536233]"
"[0.9225406020253932, 0.7719732912799592, 0.5212934803951089, 0.8555194888377072]",stable,0.2874746062932084,1401,"[0.9405156044370558, 0.8597616629885803, 0.32297112950779927, 0.6676897907518728]"
"[0.9225406020253932, 0.7719732912799592, 0.5212934803951089, 0.8555194888377072]",stable,0.44921052853130794,1402,"[0.8342426043646813, 0.6482295854152469, 0.2011780423149423, 0.5794630378822976]"
"[0.9186223829981306, 0.8460360813490997, 0.3896615619960014, 0.6665009161545361]",anomaly,0.6266670750513075,1403,"[1.0, 0.26972310717930337, 0.1891379350619663, 0.5492706416976292]"
"[0.9186223829981306, 0.8460360813490997, 0.3896615619960014, 0.6665009161545361]",anomaly,0.4861423873448192,1404,"[1.0, 0.49650222967523416, 0.07277172385126829, 0.7508752086792994]"
"[0.9186223829981306, 0.8460360813490997, 0.3896615619960014, 0.6665009161545361]",stable,0.21197875565217997,1405,"[1.0, 0.7950325455488606, 0.2315225260876661, 0.5630438673043023]"
"[0.9186223829981306, 0.8460360813490997, 0.3896615619960014, 0.6665009161545361]",stable,0.4147143453077646,1406,"[1.0, 0.8377195372098767, 0.0, 0.7825197674312213]"
"[0.91852903629346, 0.565571071595265, 0.37871879586584617, 0.6834709677404974]",stable,0.31899191880876593,1407,"[0.9730972036081179, 0.7329427328454843, 0.1127961061248916, 0.6763992301537605]"
"[0.9186223829981306, 0.8460360813490997, 0.3896615619960014, 0.6665009161545361]",stable,0.214132594938922,1408,"[0.8855495578268269, 0.6694754618211197, 0.3191138371781616, 0.7592819627394237]"
"[0.9225406020253932, 0.7719732912799592, 0.5212934803951089, 0.8555194888377072]",stable,0.22869362398528925,1409,"[0.932091928147255, 0.6251568975564252, 0.4224002336634055, 1.0]"
"[0.9186223829981306, 0.8460360813490997, 0.3896615619960014, 0.6665009161545361]",stable,0.2675759319004101,1410,"[0.8258369243337388, 0.7893987553911863, 0.16077471586717143, 0.7524704629158501]"
"[0.9178120911094029, 0.5678298626871314, 0.37742303589437476, 0.6851190328491696]",stable,0.13299023528473003,1411,"[1.0, 0.46883832867055275, 0.3463873218753477, 0.6981194544443514]"
"[0.881031354922716, 0.6172805008705768, 0.37296227586572267, 0.9358148804843007]",stable,0.4708017669242396,1412,"[1.0, 0.7789341849718903, 0.7726246891159878, 0.7887135308001176]"
"[0.9186223829981306, 0.8460360813490997, 0.3896615619960014, 0.6665009161545361]",stable,0.5061759660151576,1413,"[0.6626156018122866, 0.6494456279131907, 0.7479429565063971, 0.5126787053922692]"
"[0.5330362285704412, 0.36962039170187144, 0.8302942924989848, 0.5767101293425455]",stable,0.36112341104655377,1414,"[0.7215181764826942, 0.5913372098963535, 0.7026466482498599, 0.7482688795258714]"
"[0.6726490682463451, 0.782305856026966, 0.4365148803572972, 0.4719482234869643]",stable,0.29527388130727605,1415,"[0.8168174414457627, 0.8014734275550915, 0.6430052501691107, 0.6249072916326335]"
"[0.9186223829981306, 0.8460360813490997, 0.3896615619960014, 0.6665009161545361]",stable,0.4434794604449031,1416,"[0.8341839096711702, 0.6272264488878971, 0.7519100399854716, 0.7686897658164263]"
"[0.9186223829981306, 0.8460360813490997, 0.3896615619960014, 0.6665009161545361]",stable,0.7743852544213509,1417,"[0.6031389749927923, 0.5631291707567813, 1.0, 0.8846600612126948]"
"[0.5285521503404227, 0.5456583055305354, 0.8794148362423028, 0.8613336246550091]",stable,0.47017510364725684,1418,"[0.5110523008455972, 0.8232909604606389, 0.5272075921913822, 0.7212316992154043]"
"[0.6726490682463451, 0.782305856026966, 0.4365148803572972, 0.4719482234869643]",anomaly,0.6720422437018019,1419,"[0.08448668281757699, 0.7484116355033024, 0.7205859287923408, 0.6264170130290642]"
"[0.6726490682463451, 0.782305856026966, 0.4365148803572972, 0.4719482234869643]",stable,0.475665822236727,1420,"[0.36916039031263426, 0.48403059190513686, 0.5956762330393183, 0.3310506456665053]"
"[0.35968351439567187, 0.4647084685604064, 0.6023069939789342, 0.31178077111292907]",stable,0.31713571332034884,1421,"[0.3845612255635449, 0.6184811573696412, 0.4601609367811692, 0.5486449067471832]"
"[0.5429017547534587, 0.49349309592590795, 0.6135935450428611, 0.5538764791665819]",stable,0.3973719303438168,1422,"[0.20039960850745353, 0.6300495921555641, 0.6322389089906671, 0.40690231618959793]"
"[0.5429017547534587, 0.49349309592590795, 0.6135935450428611, 0.5538764791665819]",stable,0.5905328945687943,1423,"[0.22051999097388342, 0.6049942390287143, 0.15308940280561878, 0.4113895393465475]"
"[0.24017652097279044, 0.5506510471693307, 0.06370800963690862, 0.47361341038382115]",stable,0.3248410134055145,1424,"[0.31560673307610004, 0.7649925652422448, 0.28046436301063826, 0.3905088738368139]"
"[0.15966787466724186, 0.45372981641253207, 0.37712393466507826, 0.2870626791743931]",stable,0.5479143042107913,1425,"[0.10969309406880214, 0.9605530623494477, 0.1804855666163682, 0.33371196268488407]"
"[0.430242840970762, 0.587493836819528, 0.3454473221351211, 0.29763114247172634]",stable,0.4668011930545458,1426,"[0.04564289357099194, 0.7726781468955278, 0.5323088184066624, 0.2697781927163021]"
"[0.15966787466724186, 0.45372981641253207, 0.37712393466507826, 0.2870626791743931]",stable,0.4358408818712882,1427,"[0.4896899961978634, 0.6082975047324306, 0.19077922428414967, 0.43681965647849214]"
"[0.9055876515455981, 0.6992917751381772, 0.17718859335602039, 0.5648874824204608]",stable,0.7372807366848436,1428,"[0.2100543885034325, 0.6110776236359149, 0.28577271000460114, 0.36427811630101287]"
"[0.15966787466724186, 0.45372981641253207, 0.37712393466507826, 0.2870626791743931]",stable,0.31538265361700574,1429,"[0.4268635007478674, 0.6094655431600328, 0.3195026963650257, 0.2647267906296515]"
"[0.29782158228082994, 0.7113425627508597, 0.25467502683015303, 0.45192041086188933]",stable,0.4228840383752226,1430,"[0.31109639583335513, 0.41912859846822886, 0.5427864097255171, 0.5531998231924943]"
"[0.35968351439567187, 0.4647084685604064, 0.6023069939789342, 0.31178077111292907]",stable,0.13152730065330454,1431,"[0.36706447835146894, 0.5544885619066849, 0.6795471543022463, 0.36851210866273953]"
"[0.3598592516327147, 0.46684608983055587, 0.6041460454152034, 0.3131315172450674]",stable,0.18100065670734006,1432,"[0.3704657740649446, 0.3724965733027018, 0.4655337602646057, 0.38046310379010984]"
"[0.3598592516327147, 0.46684608983055587, 0.6041460454152034, 0.3131315172450674]",stable,0.4989720395958013,1433,"[0.5591563052990896, 0.4663971900817874, 0.18177316539867575, 0.48878666067632426]"
"[0.9055876515455981, 0.6992917751381772, 0.17718859335602039, 0.5648874824204608]",stable,0.5122646353905904,1434,"[0.46362481502001485, 0.5464323745418772, 0.36138893897677377, 0.6638225324515296]"
"[0.881031354922716, 0.6172805008705768, 0.37296227586572267, 0.9358148804843007]",stable,0.7216164305433462,1435,"[0.41575683690795273, 0.7978741199309343, 0.587690096493011, 0.46091720359001714]"
"[0.23553363515662598, 0.7149001021147376, 0.5665151574302096, 0.2449271418826632]",stable,0.3932312988512481,1436,"[0.20312218632177365, 0.9552373736309632, 0.2652159306104155, 0.31589984239909874]"
"[0.43017785365878325, 0.5879163696337686, 0.3449483870241577, 0.29699836647476335]",stable,0.0839191718756721,1437,"[0.35221141388540267, 0.6013380670740148, 0.3187563122347274, 0.306872318743728]"
"[0.29782158228082994, 0.7113425627508597, 0.25467502683015303, 0.45192041086188933]",stable,0.44585920387213585,1438,"[0.30853432585501234, 0.34308035431345163, 0.49823098129927024, 0.3907721510170751]"
"[0.3598592516327147, 0.46684608983055587, 0.6041460454152034, 0.3131315172450674]",stable,0.17439338549193978,1439,"[0.5025011932426171, 0.5566733818960582, 0.6375582129503663, 0.34281339821441736]"
"[0.32465119256809427, 0.4076357920823973, 0.35689354040755455, 0.48288638665797656]",stable,0.3503015966225047,1440,"[0.2088909347946568, 0.6278036154369138, 0.3804337032478914, 0.2373609060876533]"
"[0.12097655360709848, 0.7368356078110784, 0.3224237200711744, 0.2743513559725202]",stable,0.5683800866569476,1441,"[0.27316431766601945, 0.5267539739036583, 0.42443490941965, 0.7696838016303871]"
"[0.5429017547534587, 0.49349309592590795, 0.6135935450428611, 0.5538764791665819]",stable,0.6389473172967332,1442,"[0.028474443661647975, 0.3569492319996245, 0.44964508941633274, 0.2406754366949797]"
"[0.29782158228082994, 0.7113425627508597, 0.25467502683015303, 0.45192041086188933]",stable,0.5256072937180895,1443,"[0.364238201379991, 0.39638686722313754, 0.6605042103462647, 0.36271590661246333]"
"[0.32465119256809427, 0.4076357920823973, 0.35689354040755455, 0.48288638665797656]",stable,0.47794492404909306,1444,"[0.040716315828132135, 0.5357396575022679, 0.6027508472215845, 0.21651086123269375]"
"[0.15654422154806105, 0.45142551678365334, 0.3788506288258224, 0.28595822102012136]",anomaly,0.5371885275535746,1445,"[0.0, 0.9458463957700975, 0.5179626183961885, 0.3021220576666428]"
"[0.15654422154806105, 0.45142551678365334, 0.3788506288258224, 0.28595822102012136]",anomaly,0.4107760800253117,1446,"[0.19250646401617894, 0.16657130614320653, 0.3115477347644157, 0.0]"
"[0.15654422154806105, 0.45142551678365334, 0.3788506288258224, 0.28595822102012136]",stable,0.34914130057389253,1447,"[0.13097528691179494, 0.11591229182776763, 0.4507987856836892, 0.3451208439543064]"
"[0.36320063552719606, 0.4672862732273305, 0.6061862802439814, 0.3149330233890843]",stable,0.1801267032532164,1448,"[0.247259594877837, 0.5291511751644419, 0.7286132553903917, 0.32863243880828275]"
"[0.32465119256809427, 0.4076357920823973, 0.35689354040755455, 0.48288638665797656]",stable,0.35931710082694224,1449,"[0.23836045523084493, 0.4864741752408658, 0.5769340753896818, 0.22398609715985612]"
"[0.32465119256809427, 0.4076357920823973, 0.35689354040755455, 0.48288638665797656]",stable,0.5588937154296554,1450,"[0.0, 0.373963360240405, 0.4473908846428927, 0.03831897182522498]"
"[0.08771989182751525, 0.3773890889871617, 0.4793556547026153, 0.03495991000989618]",stable,0.4977618170787006,1451,"[0.0006929452390431468, 0.05218537335084292, 0.6962558243573844, 0.3305779014262538]"
"[0.357966261158811, 0.4690482907045185, 0.6082118187285925, 0.31325372967582277]",stable,0.3188988325089205,1452,"[0.08981976723198135, 0.32294313181849144, 0.6981600845230741, 0.2943721196344277]"
"[0.357966261158811, 0.4690482907045185, 0.6082118187285925, 0.31325372967582277]",stable,0.35230296256341864,1453,"[0.2373524557105638, 0.3517203083596062, 0.91749244718677, 0.3254735817878841]"
"[0.3839633758777677, 0.3484216132269198, 0.9096853741893537, 0.3454625418095145]",stable,0.37832756175012133,1454,"[0.17067630058365668, 0.15215444678948775, 0.6697186719799617, 0.30627646390362523]"
"[0.357966261158811, 0.4690482907045185, 0.6082118187285925, 0.31325372967582277]",stable,0.17213112789199828,1455,"[0.35539678294835975, 0.4632028066559758, 0.5320744593310024, 0.46749852145596005]"
"[0.32465119256809427, 0.4076357920823973, 0.35689354040755455, 0.48288638665797656]",stable,0.6666450726591029,1456,"[0.0, 0.3577334199884199, 0.7433230014329197, 0.05022106452571373]"
"[0.0701759134620122, 0.37345795518741337, 0.5321491240486762, 0.03801214091305969]",stable,0.41528714230485647,1457,"[0.005208183706936209, 0.5644668573755632, 0.4575618486359048, 0.39325141560771215]"
"[0.4287067887573987, 0.5881696092081129, 0.34445419693379103, 0.2971846674609703]",stable,0.29130170073253914,1458,"[0.3535190239751328, 0.7988069313807966, 0.5249577042679374, 0.24970958742197247]"
"[0.15654422154806105, 0.45142551678365334, 0.3788506288258224, 0.28595822102012136]",stable,0.3462143262994052,1459,"[0.47500054827213306, 0.340889382062691, 0.41967087511139406, 0.2183904911596573]"
"[0.32465119256809427, 0.4076357920823973, 0.35689354040755455, 0.48288638665797656]",stable,0.33891548946134853,1460,"[0.23771939184131682, 0.24326507882497478, 0.32461042379389726, 0.201378589209699]"
"[0.3603509446776208, 0.4662565325234691, 0.6026976874157843, 0.31449084536882227]",stable,0.39057155019360984,1461,"[0.16698540779340693, 0.7577112234366474, 0.4559255147603299, 0.4075929261448198]"
"[0.4287067887573987, 0.5881696092081129, 0.34445419693379103, 0.2971846674609703]",stable,0.17295550772781024,1462,"[0.4062864069314568, 0.5546606262197518, 0.29205899654922796, 0.13736343868359288]"
"[0.29782158228082994, 0.7113425627508597, 0.25467502683015303, 0.45192041086188933]",stable,0.5318894975759975,1463,"[0.18249120226342921, 0.3586873212869556, 0.4909274934622465, 0.7509595282946692]"
"[0.5429017547534587, 0.49349309592590795, 0.6135935450428611, 0.5538764791665819]",stable,0.6063045311071196,1464,"[0.20279550103885358, 0.8677708603375249, 0.32894338824345387, 0.3783106398744356]"
"[0.4282915965013628, 0.5875490724861062, 0.34348391544518797, 0.294225015076204]",stable,0.4540266673715626,1465,"[0.0, 0.6627374721894049, 0.4398114148103761, 0.38239666849694964]"
"[0.4282915965013628, 0.5875490724861062, 0.34348391544518797, 0.294225015076204]",stable,0.44929823005732444,1466,"[0.06518237272908305, 0.46224417563919545, 0.21797191618128858, 0.09784270423558658]"
"[0.4282915965013628, 0.5875490724861062, 0.34348391544518797, 0.294225015076204]",stable,0.2440914782790391,1467,"[0.3368373298303047, 0.3635540971475289, 0.3399169046727141, 0.26212681678837485]"
"[0.3603509446776208, 0.4662565325234691, 0.6026976874157843, 0.31449084536882227]",stable,0.4987491034008518,1468,"[0.0, 0.5913287930578845, 0.290920142216497, 0.39226974204020415]"
"[0.12097655360709848, 0.7368356078110784, 0.3224237200711744, 0.2743513559725202]",stable,0.401557457008043,1469,"[0.3253293511326625, 0.41941158897506037, 0.43599849321606315, 0.1979897910768183]"
"[0.29782158228082994, 0.7113425627508597, 0.25467502683015303, 0.45192041086188933]",stable,0.36231758668374314,1470,"[0.23821549033814532, 0.4105983074869253, 0.3803645817827414, 0.30537288913185906]"
"[0.29782158228082994, 0.7113425627508597, 0.25467502683015303, 0.45192041086188933]",stable,0.4554655984669825,1471,"[0.24467379416055685, 0.43501869199621246, 0.5999015914911987, 0.35658961044402365]"
"[0.32465119256809427, 0.4076357920823973, 0.35689354040755455, 0.48288638665797656]",stable,0.5240545602061112,1472,"[0.3297809416978391, 0.8614249072068066, 0.1380667429055113, 0.3386742532007262]"
"[0.162236412420213, 0.449770036394896, 0.38018385194734877, 0.2844001809784949]",stable,0.3520854956708815,1473,"[0.09077149345440297, 0.5514882957839049, 0.17664500960542634, 0.5434026847965099]"
"[0.12097655360709848, 0.7368356078110784, 0.3224237200711744, 0.2743513559725202]",stable,0.2517686755903509,1474,"[0.0, 0.8053814663956768, 0.46992314661532186, 0.12502780148122075]"
"[0.11822708647966441, 0.7383934682334558, 0.3257759797653596, 0.27095763882499063]",stable,0.42902154371619966,1475,"[0.0, 0.3291861169535406, 0.368388786873274, 0.2995116809910445]"
"[0.2985479313584892, 0.7147535251248586, 0.25202483855913843, 0.44934663455140833]",stable,0.35771315727947384,1476,"[0.10705217630320668, 0.5523909779833173, 0.0, 0.48689610487533985]"
"[0.22353597788909246, 0.550868538521079, 0.055744508432295045, 0.475273747195261]",stable,0.4588267787800572,1477,"[0.0, 0.3727822745509046, 0.35465137920262013, 0.27654366717140494]"
"[0.2985479313584892, 0.7147535251248586, 0.25202483855913843, 0.44934663455140833]",stable,0.4629274508751821,1478,"[0.03179537967693115, 0.6829006122133238, 0.563591633797643, 0.23708164688497801]"
"[0.1551826553584646, 0.4454749998452145, 0.3793723837338966, 0.28455789806991794]",stable,0.4073973089753941,1479,"[0.0, 0.8081853802336719, 0.4774523707800549, 0.25786694574942803]"
"[0.11559981789122743, 0.7399443996112384, 0.32914656623235283, 0.2706667345344226]",stable,0.3562719833772935,1480,"[0.0, 0.795189632908451, 0.6518342094952759, 0.19074766718211578]"
"[0.11559981789122743, 0.7399443996112384, 0.32914656623235283, 0.2706667345344226]",stable,0.2946171222477371,1481,"[0.12969425983162258, 0.646089463460578, 0.6062694318349227, 0.3022066100621164]"
"[0.11559981789122743, 0.7399443996112384, 0.32914656623235283, 0.2706667345344226]",stable,0.1780726683680808,1482,"[0.192771620393115, 0.6594262486570823, 0.4537197646823553, 0.20940717435645367]"
"[0.11559981789122743, 0.7399443996112384, 0.32914656623235283, 0.2706667345344226]",stable,0.4729082993637973,1483,"[0.4766588894608491, 0.469976305717016, 0.3712902198451603, 0.40712092898708774]"
"[0.2985479313584892, 0.7147535251248586, 0.25202483855913843, 0.44934663455140833]",stable,0.5556973589181862,1484,"[0.7100788002351777, 0.35908754248622066, 0.3082331943675876, 0.35043137687470705]"
"[0.7561395775060934, 0.48185018192468027, 0.47387162693019613, 0.46933172250762445]",stable,0.5159125673712885,1485,"[0.45200806301512186, 0.8904634161852263, 0.5274874474032959, 0.5312216865340711]"
"[0.2078375846885084, 0.707764766007824, 0.5666831843768122, 0.24226467087617784]",stable,0.267158137600672,1486,"[0.36158622127799944, 0.842321570985838, 0.4954536290613375, 0.39896707646333096]"
"[0.2078375846885084, 0.707764766007824, 0.5666831843768122, 0.24226467087617784]",stable,0.5688444361614189,1487,"[0.6487685201509891, 0.7016176488540082, 0.5575724442332868, 0.6014903799627057]"
"[0.881031354922716, 0.6172805008705768, 0.37296227586572267, 0.9358148804843007]",stable,0.3653131353730226,1488,"[0.8125005908854763, 0.633411817442449, 0.45821759163229897, 0.587635999712161]"
"[0.9238315919916367, 0.7720893061748247, 0.5254823338737903, 0.8544060562037473]",stable,0.2716325891193734,1489,"[0.7940993959646588, 0.5983553607789852, 0.6765919247319744, 0.791666686159255]"
"[0.9186223829981306, 0.8460360813490997, 0.3896615619960014, 0.6665009161545361]",stable,0.6384009223378416,1490,"[0.5805143214710343, 0.5476056945210155, 0.8163234501289682, 0.5177137735492429]"
"[0.3398062960879394, 0.5907324551869604, 0.8834873991127192, 0.4721929428612188]",stable,0.4351814122910389,1491,"[0.6688099312806813, 0.618498786407987, 0.6242913709660929, 0.5870229018315235]"
"[0.5341666593537887, 0.3738581370070892, 0.8299616533949368, 0.5753054542046098]",stable,0.4065558487641436,1492,"[0.5133659277868772, 0.3530179019141394, 0.4424031858673523, 0.6945493495601176]"
"[0.6915833609085709, 0.7241709888015236, 0.6983105801818817, 0.47270375615919097]",stable,0.5029118931212968,1493,"[0.68408527033545, 0.6776228936728476, 0.5365331946680888, 0.9465449777269407]"
"[0.6726490682463451, 0.782305856026966, 0.4365148803572972, 0.4719482234869643]",stable,0.22622245079418266,1494,"[0.8357469461351287, 0.6714304706331433, 0.3476085763395592, 0.5381146612872469]"
"[0.9186223829981306, 0.8460360813490997, 0.3896615619960014, 0.6665009161545361]",stable,0.5109638912389367,1495,"[0.6255954737455498, 0.5320755743604088, 0.6264774365483693, 0.5230911179700432]"
"[0.5443525217533199, 0.49416998151247815, 0.6138195782271683, 0.5533363851105023]",stable,0.6248435781754611,1496,"[0.9756912291760739, 0.8498009440579086, 0.4572620521685125, 0.7844051544831405]"
"[0.9186223829981306, 0.8460360813490997, 0.3896615619960014, 0.6665009161545361]",stable,0.31004982984483553,1497,"[0.9190525369610758, 0.7045022983327296, 0.4990565143527337, 0.9197431808307212]"
"[0.9186223829981306, 0.8460360813490997, 0.3896615619960014, 0.6665009161545361]",stable,0.42163806724718383,1498,"[0.9519220511916123, 0.590380562212467, 0.26674654877497345, 0.9766653030689563]"
"[0.9186223829981306, 0.8460360813490997, 0.3896615619960014, 0.6665009161545361]",stable,0.5301718766080485,1499,"[1.0, 0.4084835839986525, 0.4233867188480647, 0.9526308307997677]"
"[0.9173303496232919, 0.5671338297858551, 0.3784596784301851, 0.6833589784420483]",stable,0.16043182793182645,1500,"[1.0, 0.6194935936610096, 0.2521809342754745, 0.6686540737573106]"
"[0.924590956219925, 0.7722526066593568, 0.5239557838540106, 0.8543308339925597]",stable,0.3578863953944767,1501,"[1.0, 0.6932471947870833, 0.3405073983181832, 0.5671009907244597]"
"[0.9186223829981306, 0.8460360813490997, 0.3896615619960014, 0.6665009161545361]",stable,0.48592190558811543,1502,"[0.7625138153425284, 0.6657146565934522, 0.663104556163207, 0.989708784483679]"
"[0.6726490682463451, 0.782305856026966, 0.4365148803572972, 0.4719482234869643]",stable,0.4888961730031336,1503,"[0.9404981537027306, 0.6617791806939904, 0.2101521352388806, 0.7905538787301223]"
"[0.924590956219925, 0.7722526066593568, 0.5239557838540106, 0.8543308339925597]",stable,0.45061556183813956,1504,"[0.7567506553392196, 0.5945568824501462, 0.22427619719558403, 0.6230293145228962]"
"[0.924590956219925, 0.7722526066593568, 0.5239557838540106, 0.8543308339925597]",stable,0.3901096665762122,1505,"[0.7844241085137518, 0.5007769521524958, 0.28466164959615226, 0.8146056142930868]"
"[0.924590956219925, 0.7722526066593568, 0.5239557838540106, 0.8543308339925597]",stable,0.37706041511254784,1506,"[0.672675460564785, 0.6227596943924366, 0.36736710322971033, 0.6758791767406087]"
"[0.8831795578399553, 0.6164653512142705, 0.3697436174690333, 0.9370527720777752]",stable,0.6305048886472344,1507,"[0.5156881699004539, 0.8305920428502704, 0.4519104750608475, 0.47892084583723443]"
"[0.6684068818045642, 0.7836108881032715, 0.43693097751144716, 0.4721366727396743]",stable,0.31235955350004485,1508,"[0.45275377697532637, 0.8853159750460986, 0.4420714912426496, 0.6738589557150274]"
"[0.2078375846885084, 0.707764766007824, 0.5666831843768122, 0.24226467087617784]",stable,0.5439983641640438,1509,"[0.7147694924872923, 0.7002593330941306, 0.6451638187700939, 0.42320311226066376]"
"[0.5341666593537887, 0.3738581370070892, 0.8299616533949368, 0.5753054542046098]",stable,0.602338649175015,1510,"[0.36156808303570054, 0.7773456068960931, 0.4468955141279669, 0.4220743400906038]"
"[0.2078375846885084, 0.707764766007824, 0.5666831843768122, 0.24226467087617784]",stable,0.2942138105145537,1511,"[0.35302502014377385, 0.6669846706385569, 0.4506857315386035, 0.46668380918692415]"
"[0.5443525217533199, 0.49416998151247815, 0.6138195782271683, 0.5533363851105023]",stable,0.2136108090639931,1512,"[0.37371676257101744, 0.46823135821622575, 0.540455202879392, 0.4510726491696582]"
"[0.32465119256809427, 0.4076357920823973, 0.35689354040755455, 0.48288638665797656]",stable,0.4373005833261134,1513,"[0.02451353178503149, 0.2669854342346635, 0.5551481177390043, 0.2777966888146603]"
"[0.3583047180251475, 0.4656712722267791, 0.6013969158065648, 0.31806445674634304]",stable,0.27945601641601114,1514,"[0.20893970119695565, 0.645938280797957, 0.7528387405381043, 0.33690420732325943]"
"[0.5341666593537887, 0.3738581370070892, 0.8299616533949368, 0.5753054542046098]",stable,0.27285669599356055,1515,"[0.3883012651460965, 0.5866601892360488, 0.8497309568917762, 0.4887114328893372]"
"[0.3412758406048533, 0.5906090531884479, 0.8824644766211754, 0.47269350316510117]",stable,0.3705477223448443,1516,"[0.5253624149894542, 0.42941506615481184, 0.8766030665763253, 0.19448514584494322]"
"[0.3870372680323696, 0.35018234046448266, 0.9089661935890704, 0.3421804245059369]",stable,0.43267903254908496,1517,"[0.27649041506597744, 0.5445961468026427, 0.6720889883599449, 0.6269311928188357]"
"[0.3452319809418923, 0.26995035586585825, 0.7027396591556488, 0.4125275879928662]",stable,0.5120996759231253,1518,"[0.5175772272680756, 0.7110009513310465, 0.8899636651263286, 0.3580781804898372]"
"[0.3870372680323696, 0.35018234046448266, 0.9089661935890704, 0.3421804245059369]",stable,0.4703489220629711,1519,"[0.15562189342439472, 0.6711250835226322, 0.7942382549133461, 0.5691348001993333]"
"[0.3410086245900751, 0.5963492797163561, 0.8801579899582418, 0.4721742452896431]",stable,0.20482127623759122,1520,"[0.31149790470515804, 0.6282372272153824, 0.7142469905317395, 0.5841455437775507]"
"[0.5443525217533199, 0.49416998151247815, 0.6138195782271683, 0.5533363851105023]",stable,0.3482225407510641,1521,"[0.4362715021648996, 0.4652332321463407, 0.8885499338338528, 0.37095401936150785]"
"[0.38808480492880637, 0.35263023177686253, 0.9085318050836402, 0.3427926286518001]",stable,0.39401381757859294,1522,"[0.4030168688129539, 0.5822704607512295, 0.6909601977368607, 0.5772108080324863]"
"[0.5443525217533199, 0.49416998151247815, 0.6138195782271683, 0.5533363851105023]",stable,0.42315915688035743,1523,"[0.3493944380322299, 0.38884073494883736, 0.9634625524008851, 0.6411461685790246]"
"[0.3410086245900751, 0.5963492797163561, 0.8801579899582418, 0.4721742452896431]",stable,0.13181903012811214,1524,"[0.42302869684701605, 0.5691542272585896, 0.8157720014120813, 0.5480941903082963]"
"[0.34328695993054564, 0.5955938615925293, 0.8783694902764041, 0.47428313265127237]",stable,0.16295465304573287,1525,"[0.45849652770207794, 0.5532148394563223, 0.7797491592591299, 0.5162238436129863]"
"[0.34640073203247895, 0.594448482615875, 0.8757040759245859, 0.47541666537996735]",stable,0.2565778883188728,1526,"[0.5334125635995959, 0.6323393182121358, 0.999369613981201, 0.5942859503238469]"
"[0.6655293770691745, 0.6913744477729595, 0.9151126311775648, 0.6345534156565862]",stable,0.2654432001975677,1527,"[0.4935200491008655, 0.7253094931218378, 0.9844500046906111, 0.44770153593765327]"
"[0.3502722930079628, 0.5978921934186635, 0.8785658108921128, 0.4746873198683275]",stable,0.4599994614922292,1528,"[0.37713820606553894, 0.5817172944410023, 0.42925274520488244, 0.5681424905895276]"
"[0.3583047180251475, 0.4656712722267791, 0.6013969158065648, 0.31806445674634304]",stable,0.29989209387496296,1529,"[0.46962711426141845, 0.5976917505106509, 0.5071469977718577, 0.5444052138562215]"
"[0.543064152658632, 0.49595483959865355, 0.611980395805525, 0.5531823993992215]",stable,0.26796793473439123,1530,"[0.4989507850957203, 0.6116888119023247, 0.4719519457658737, 0.36119670805119325]"
"[0.2985479313584892, 0.7147535251248586, 0.25202483855913843, 0.44934663455140833]",stable,0.27082750492751884,1531,"[0.325941071049791, 0.4789557082108118, 0.3731808802339657, 0.4012035516902615]"
"[0.3583047180251475, 0.4656712722267791, 0.6013969158065648, 0.31806445674634304]",stable,0.5610752198354457,1532,"[0.0274313208302657, 0.6095938113532713, 0.21287536733738815, 0.5015460810268366]"
"[0.11559981789122743, 0.7399443996112384, 0.32914656623235283, 0.2706667345344226]",stable,0.5249413847743126,1533,"[0.37943613708614, 0.43633714852323036, 0.5182479063120462, 0.5499822808065565]"
"[0.3583047180251475, 0.4656712722267791, 0.6013969158065648, 0.31806445674634304]",stable,0.22514328724756327,1534,"[0.3047094058916622, 0.5476500567132473, 0.6195184631477866, 0.11615326159849065]"
"[0.3271758864401218, 0.41401027522025435, 0.3627075150710018, 0.4845298555675676]",stable,0.7242105544105795,1535,"[0.12893426256859702, 0.20828526133032535, 0.9653909553623989, 0.2023400698860619]"
"[0.14032986396478794, 0.31403315516742136, 0.9441916259327094, 0.4792304623434059]",stable,0.41305342196964395,1536,"[0.4031662422293466, 0.44834420064868485, 0.6552551174808282, 0.4817612343537806]"
"[0.5406930016344068, 0.4951478796164507, 0.6127138656644283, 0.5519718711781124]",stable,0.44814913378524535,1537,"[0.30968309268359284, 0.32899434673251143, 0.895635900297328, 0.3524218927056294]"
"[0.38645143592369774, 0.35213781750510526, 0.908263140400592, 0.34299323831958817]",stable,0.4713444656941217,1538,"[0.07565517703666008, 0.6565191649554112, 0.7321513497065567, 0.3866730197427477]"
"[0.5298696309509618, 0.37420656951736236, 0.8330663254648425, 0.5768366336086659]",stable,0.3575125626613532,1539,"[0.29224200115106824, 0.2094405240503045, 0.8724397131169952, 0.3703173158141472]"
"[0.3845287943977257, 0.34922562784276234, 0.9075320500478655, 0.34355087255417105]",stable,0.23105543994766384,1540,"[0.2688833289650757, 0.46043868425264445, 0.7498711372573866, 0.2907547049250747]"
"[0.3271758864401218, 0.41401027522025435, 0.3627075150710018, 0.4845298555675676]",stable,0.5162477456827508,1541,"[0.37187029394708504, 0.11271983182009554, 0.7791593160517032, 0.467033826424084]"
"[0.34583739714655576, 0.26637693486481817, 0.7044764695396502, 0.4137663661390303]",stable,0.2825439042471788,1542,"[0.265372312032653, 0.459304514235633, 0.8819908200420791, 0.3457661279874615]"
"[0.3821456647504242, 0.3514272055706198, 0.9070212254477498, 0.3435951776628368]",stable,0.3963340275239171,1543,"[0.18506327380087648, 0.30342234076596336, 0.7211875257073106, 0.05828734120052431]"
"[0.09654888277700414, 0.588264274551904, 0.4671986829299651, 0.45910474555955144]",stable,0.22695265525427102,1544,"[0.29020186121673436, 0.6414276910832991, 0.5061195148953995, 0.3607947681909589]"
"[0.11559981789122743, 0.7399443996112384, 0.32914656623235283, 0.2706667345344226]",stable,0.7055467311644165,1545,"[0.19155092047091746, 0.22732138151612769, 0.7993746776941097, 0.3608375967011559]"
"[0.3821456647504242, 0.3514272055706198, 0.9070212254477498, 0.3435951776628368]",stable,0.29993023506602295,1546,"[0.4419806109641408, 0.3653244393320191, 0.6202753830184677, 0.4065365302195131]"
"[0.3271758864401218, 0.41401027522025435, 0.3627075150710018, 0.4845298555675676]",stable,0.16283554250878243,1547,"[0.19645594649944043, 0.4305866660603778, 0.3254738585192585, 0.5726581103587323]"
"[0.35718508013355194, 0.46522597720069564, 0.6048964296934318, 0.3154088176237779]",stable,0.2718320225780098,1548,"[0.13304948323893595, 0.5736173906119097, 0.6131257038825585, 0.4242181152439045]"
"[0.43041706938625285, 0.5858806255690906, 0.34627452856519975, 0.29743693662773746]",stable,0.4518653764665978,1549,"[0.1305167561322781, 0.47738202839473914, 0.6661655093433729, 0.28560750775546273]"
"[0.32420497871419723, 0.4143870113757117, 0.3618612956039167, 0.4865327704491849]",stable,0.19013128030110066,1550,"[0.3648878307474795, 0.4127675785084768, 0.4761977831513567, 0.6328862956949964]"
"[0.3529875185779727, 0.4654510892598446, 0.6060310422795419, 0.3148569415151054]",stable,0.4335765762126876,1551,"[0.5596688128915681, 0.7505470885817717, 0.3558032400171725, 0.35197577994991863]"
"[0.6655453536752749, 0.7827407881158637, 0.43479603705107156, 0.46897454398204913]",stable,0.32214907627065975,1552,"[0.49028602576801494, 0.6182187102653207, 0.5255519524231325, 0.663293984718827]"
"[0.8831795578399553, 0.6164653512142705, 0.3697436174690333, 0.9370527720777752]",anomaly,0.5413195515377297,1553,"[0.7993855615130872, 0.4418522520025998, 0.11885000872152368, 0.498226968677464]"
"[0.8831795578399553, 0.6164653512142705, 0.3697436174690333, 0.9370527720777752]",stable,0.2432438257523496,1554,"[0.7526734344841505, 0.6192154422241184, 0.4399051399102122, 0.7441654777801663]"
"[0.6090807448830682, 0.6163695325538858, 0.408555313073684, 0.6458624660515278]",anomaly,0.30502438790299985,1555,"[0.6841637497306989, 0.39631057321040364, 0.22643682097117293, 0.7220814193743179]"
"[0.6090807448830682, 0.6163695325538858, 0.408555313073684, 0.6458624660515278]",stable,0.4408966958623437,1556,"[0.9353086445608125, 0.5270697640728335, 0.1324504641411698, 0.7071561658857155]"
"[0.9186223829981306, 0.8460360813490997, 0.3896615619960014, 0.6665009161545361]",stable,0.4125792675613264,1557,"[0.6452836030919138, 0.5509873208694428, 0.4266646950454852, 0.7506707474764627]"
"[0.6095017083506129, 0.6156092742784853, 0.4087658872826585, 0.6470811669983294]",anomaly,0.49855889478386617,1558,"[1.0, 0.3976296063741863, 0.21912024431170382, 0.5348695353842892]"
"[0.6095017083506129, 0.6156092742784853, 0.4087658872826585, 0.6470811669983294]",stable,0.04190694801178036,1559,"[0.5749998183629272, 0.5951153638986669, 0.4206605725960448, 0.6450007878071284]"
"[0.6091051349024785, 0.6153737120902115, 0.40890260780350196, 0.6470572545938329]",stable,0.33341254912993074,1560,"[0.8825990463730026, 0.7218148047473836, 0.5654883569792589, 0.6243371037385703]"
"[0.9186223829981306, 0.8460360813490997, 0.3896615619960014, 0.6665009161545361]",stable,0.654381451688789,1561,"[0.601109952007153, 0.29127190956863014, 0.4942293439879672, 0.5732097956845956]"
"[0.6923828826871474, 0.7233464489495446, 0.6964779332366478, 0.47099683740406934]",stable,0.6049522951867019,1562,"[0.7186095329982987, 0.2769202478792391, 0.3973106110099409, 0.7475506342949312]"
"[0.6923828826871474, 0.7233464489495446, 0.6964779332366478, 0.47099683740406934]",stable,0.6195565919211248,1563,"[0.7939958315683708, 0.3347246807826493, 0.2962345145369457, 0.7206035406533849]"
"[0.6923828826871474, 0.7233464489495446, 0.6964779332366478, 0.47099683740406934]",anomaly,0.5120656771626211,1564,"[1.0, 0.35840024606832777, 0.5262542702980221, 0.5446252316720639]"
"[0.6923828826871474, 0.7233464489495446, 0.6964779332366478, 0.47099683740406934]",stable,0.4463508743137402,1565,"[0.7449307604550914, 0.6125990550806546, 0.3841889803249526, 0.7654088755127233]"
"[0.6106486079201218, 0.6153421818969211, 0.40862177112760933, 0.6484021593770021]",stable,0.28542341528443116,1566,"[0.8645077361525699, 0.5116511935411989, 0.4151209207409612, 0.56948442376702]"
"[0.924590956219925, 0.7722526066593568, 0.5239557838540106, 0.8543308339925597]",stable,0.3895921360599352,1567,"[0.6315855646240869, 0.8324108315467638, 0.35956992090959483, 0.666479432565984]"
"[0.6646745898534495, 0.7840143789730663, 0.43286716227821326, 0.47403877189445776]",stable,0.5082773772159929,1568,"[1.0, 0.6001840052942417, 0.36065941928959605, 0.8009870813643339]"
"[0.924590956219925, 0.7722526066593568, 0.5239557838540106, 0.8543308339925597]",stable,0.5359312262265036,1569,"[0.8506405461640955, 0.45071345422125375, 0.24062048003247008, 0.5411419211061677]"
"[0.924590956219925, 0.7722526066593568, 0.5239557838540106, 0.8543308339925597]",stable,0.16984669749381448,1570,"[0.9744566192422376, 0.7260482652866216, 0.39649744706945494, 0.9436664233359284]"
"[0.9186223829981306, 0.8460360813490997, 0.3896615619960014, 0.6665009161545361]",stable,0.42653147555331766,1571,"[0.6893822917264816, 0.7635515187798005, 0.5597120530970798, 0.9725355671427696]"
"[0.6646745898534495, 0.7840143789730663, 0.43286716227821326, 0.47403877189445776]",anomaly,0.6522350490696166,1572,"[0.8339604344679542, 0.2009374199292585, 0.6498937863545654, 0.572393061695393]"
"[0.6646745898534495, 0.7840143789730663, 0.43286716227821326, 0.47403877189445776]",anomaly,0.7656562402308565,1573,"[1.0, 0.22352937755836083, 0.8272361428544686, 0.4098825729507738]"
"[0.6646745898534495, 0.7840143789730663, 0.43286716227821326, 0.47403877189445776]",stable,0.49907948512003303,1574,"[0.6197332074118486, 0.326081868800186, 0.5994201832890624, 0.5721127844096985]"
"[0.5420103383973642, 0.49233011276951294, 0.6124923042915056, 0.5523075530653055]",stable,0.41747278795666354,1575,"[0.6406793968725728, 0.2976614525060995, 0.9618570286447723, 0.48451118389453873]"
"[0.5298696309509618, 0.37420656951736236, 0.8330663254648425, 0.5768366336086659]",stable,0.3332595982548211,1576,"[0.22429451715934678, 0.37645683864947405, 0.7874377592254498, 0.45194155807733566]"
"[0.342408808775986, 0.2655090336792917, 0.7065853186097493, 0.4125901712626331]",stable,0.262334356677804,1577,"[0.39705384335855826, 0.2698765972427007, 0.9607665289031304, 0.4473187130019337]"
"[0.38243798197803475, 0.3498281740347782, 0.908075054927267, 0.34562897247340735]",stable,0.3790545672339424,1578,"[0.3661029060942601, 0.5041483988526595, 0.8179330411554195, 0.6795080161435624]"
"[0.342408808775986, 0.2655090336792917, 0.7065853186097493, 0.4125901712626331]",stable,0.47090649869752,1579,"[0.7712303007750557, 0.4104447563596721, 0.8321877225639397, 0.37968529430961206]"
"[0.5298696309509618, 0.37420656951736236, 0.8330663254648425, 0.5768366336086659]",stable,0.3263860431498946,1580,"[0.5653362512903783, 0.5619619155585718, 0.5686132528671741, 0.5859179568240673]"
"[0.5423927304120038, 0.49347161773326803, 0.6117729755796313, 0.552858543290859]",stable,0.4060687854128983,1581,"[0.7758771263164396, 0.5750743956002008, 0.48621075431514094, 0.8494255856124466]"
"[0.9186223829981306, 0.8460360813490997, 0.3896615619960014, 0.6665009161545361]",stable,0.5916101592889392,1582,"[0.593972225304584, 0.5352013860034457, 0.773941312527054, 0.6487323713461989]"
"[0.3502722930079628, 0.5978921934186635, 0.8785658108921128, 0.4746873198683275]",stable,0.4207407180278755,1583,"[0.632568708221236, 0.4262185109616272, 0.7116236646224646, 0.2747124406587839]"
"[0.38243798197803475, 0.3498281740347782, 0.908075054927267, 0.34562897247340735]",stable,0.6971707871190542,1584,"[0.6279377727789758, 0.956514723528556, 0.7162662570070499, 0.49025875790030643]"
"[0.5313265080953623, 0.3778655426193188, 0.831722575170802, 0.5784706276481553]",stable,0.21623011377996204,1585,"[0.5067053520978775, 0.4324480137835648, 1.0, 0.4565988798265182]"
"[0.38482773909572404, 0.35141701710687023, 0.9098428423325119, 0.34776300915327485]",stable,0.20487627983117138,1586,"[0.5487514688842458, 0.24015339098584687, 0.9593687976154509, 0.3313043911859725]"
"[0.38792063965777157, 0.34931770340647356, 0.9107772943189825, 0.3474524691916277]",stable,0.37202824254912586,1587,"[0.2595728536683573, 0.36755078944121633, 0.5660702161936251, 0.40014444153785106]"
"[0.3251090420927146, 0.414351023978662, 0.3644021064383043, 0.4897850710102029]",stable,0.09273572135698226,1588,"[0.37247014614102514, 0.38705210850329363, 0.3963898237799065, 0.422047378459693]"
"[0.3512890701250706, 0.46367108380859684, 0.6053044818052524, 0.31640762333370076]",stable,0.5073031286458344,1589,"[0.202081960024499, 0.8009973999796586, 0.25801902190779535, 0.34281725020650033]"
"[0.11747986445934203, 0.7412716387496822, 0.32760031526877553, 0.2722352240055547]",stable,0.3862292051050975,1590,"[0.0, 0.6259728309910247, 0.6760374571059938, 0.2463658706995197]"
"[0.5313265080953623, 0.3778655426193188, 0.831722575170802, 0.5784706276481553]",stable,0.6231107101324549,1591,"[0.11829636713471701, 0.38438140347092664, 0.3654752008861859, 0.5628504717633591]"
"[0.3512890701250706, 0.46367108380859684, 0.6053044818052524, 0.31640762333370076]",stable,0.44619719548615916,1592,"[0.23019409205137845, 0.5113035818891913, 0.18004947487188744, 0.28011343991883875]"
"[0.3512890701250706, 0.46367108380859684, 0.6053044818052524, 0.31640762333370076]",stable,0.11178608547003106,1593,"[0.28445928763548567, 0.5290931313211238, 0.5676158008652452, 0.36467177261014466]"
"[0.3217164554776148, 0.4131325444896598, 0.36510552796574014, 0.48989842650387627]",stable,0.3135849802447546,1594,"[0.23086105516417538, 0.6277148777519838, 0.4474010906588382, 0.2968629409533922]"
"[0.11747986445934203, 0.7412716387496822, 0.32760031526877553, 0.2722352240055547]",stable,0.31126726676012,1595,"[0.0, 0.6749391329073106, 0.49707056218338275, 0.49576514791352755]"
"[0.43041706938625285, 0.5858806255690906, 0.34627452856519975, 0.29743693662773746]",stable,0.31170795173935234,1596,"[0.2004524622178065, 0.6518488678891475, 0.4309556987449008, 0.4784215134557184]"
"[0.43041706938625285, 0.5858806255690906, 0.34627452856519975, 0.29743693662773746]",stable,0.19007767972711553,1597,"[0.6121419780642099, 0.5956123750960189, 0.37843872594341027, 0.2529808981785827]"
"[0.3217164554776148, 0.4131325444896598, 0.36510552796574014, 0.48989842650387627]",stable,0.4784255469720694,1598,"[0.17047638912628854, 0.8606930080183433, 0.41235055528991826, 0.5488474316243862]"
"[0.4336052256788485, 0.5860513580169314, 0.3468388127297298, 0.29665700612862944]",stable,0.2869111944001682,1599,"[0.1755549337938326, 0.6169718317615321, 0.3841671830244988, 0.4123228930821096]"
"[0.4336052256788485, 0.5860513580169314, 0.3468388127297298, 0.29665700612862944]",stable,0.28227759623112425,1600,"[0.18696622029133475, 0.707481939938899, 0.28737604149179996, 0.3205030742799524]"
"[0.11895829756215037, 0.7405527089877507, 0.32674447965649944, 0.2732621995433079]",stable,0.3153980374411646,1601,"[0.37542392189474494, 0.7752789135052827, 0.4522553255794593, 0.4026547180014488]"
"[0.2118909595732735, 0.7021344981931945, 0.5597660396383742, 0.24892345423740844]",anomaly,0.5724770493231316,1602,"[0.40749409072050136, 0.44700230664294244, 0.9627723247660407, 0.0]"
"[0.2118909595732735, 0.7021344981931945, 0.5597660396383742, 0.24892345423740844]",stable,0.6877776477655845,1603,"[0.3758246604641935, 0.5361885887496369, 0.9340289345585473, 0.7767047300544734]"
"[0.5209157758466112, 0.5451848196914905, 0.8821455411581149, 0.8571021799249822]",stable,0.4408708441603675,1604,"[0.36321318935201824, 0.399182829283643, 0.9012637480918134, 0.47263513529803686]"
"[0.3874630942817391, 0.35024113166345816, 0.9106011175369979, 0.34977066671211676]",stable,0.5133665578379905,1605,"[0.42685334296912175, 0.651937236345654, 0.6679529952999361, 0.6845765510827329]"
"[0.5313265080953623, 0.3778655426193188, 0.831722575170802, 0.5784706276481553]",stable,0.4029315391733837,1606,"[0.7159706402272654, 0.28830007228098364, 0.5051859028371368, 0.6951419517780277]"
"[0.690234712356875, 0.731118724768845, 0.6971375440289944, 0.4716389014206106]",stable,0.4212692730008809,1607,"[0.5623199265298917, 0.5814901440380409, 0.8828290060977099, 0.794494250895876]"
"[0.5228874020696246, 0.5469136446603738, 0.8821780871076195, 0.8541208499712153]",anomaly,0.5501187155683172,1608,"[0.6079559137792309, 0.9103013637978961, 0.9317929032157312, 0.4530202576796616]"
"[0.5228874020696246, 0.5469136446603738, 0.8821780871076195, 0.8541208499712153]",stable,0.22052081112070343,1609,"[0.4030788095067669, 0.70852004140983, 0.9090552268511884, 0.9403549567637259]"
"[0.690234712356875, 0.731118724768845, 0.6971375440289944, 0.4716389014206106]",stable,0.681869913687489,1610,"[0.07360343024845795, 0.6111699523638703, 0.6960363723021714, 0.7368247240749922]"
"[0.5423927304120038, 0.49347161773326803, 0.6117729755796313, 0.552858543290859]",stable,0.6893088127529793,1611,"[0.0, 0.3023124098946749, 0.7466053734249289, 0.19756268476596406]"
"[0.3500956811520423, 0.4648393346570348, 0.6046314696456095, 0.31726948314220865]",stable,0.46329915422009016,1612,"[0.14378247134302058, 0.6295745255833287, 0.7561859302810383, 0.6665180022390421]"
"[0.342408808775986, 0.2655090336792917, 0.7065853186097493, 0.4125901712626331]",stable,0.6098671436570592,1613,"[0.3204198924512607, 0.7783189437768483, 0.44132902393634055, 0.6078323662747612]"
"[0.2118909595732735, 0.7021344981931945, 0.5597660396383742, 0.24892345423740844]",stable,0.22775354495805827,1614,"[0.17155659073439075, 0.6262982798422506, 0.3488366410514404, 0.24735096280226737]"
"[0.12005409533657206, 0.7381724083805529, 0.327204733018894, 0.27272238211120287]",stable,0.5332571017856337,1615,"[0.5206736700791377, 0.6781121348386101, 0.5945852399524323, 0.49355607743854807]"
"[0.5420424229872801, 0.4964496905898058, 0.6114957540372571, 0.5519020519061443]",stable,0.4142547809867277,1616,"[0.17754736503202187, 0.34113263180295494, 0.6459823698878866, 0.4359811268169799]"
"[0.3874630942817391, 0.35024113166345816, 0.9106011175369979, 0.34977066671211676]",stable,0.5144928020461611,1617,"[0.4463090156821726, 0.5241332002914002, 0.44786634426441196, 0.47968632767917574]"
"[0.3500956811520423, 0.4648393346570348, 0.6046314696456095, 0.31726948314220865]",stable,0.46222082983501467,1618,"[0.10037532162767354, 0.7927657393754345, 0.4575183107712844, 0.16857574034557488]"
"[0.11965248770985984, 0.7392865579926933, 0.32986419378935095, 0.2705969404425166]",stable,0.32859819905771204,1619,"[0.34548673198911706, 0.6839064350394629, 0.5541788705952915, 0.3305272189828343]"
"[0.11965248770985984, 0.7392865579926933, 0.32986419378935095, 0.2705969404425166]",stable,0.45158069986977356,1620,"[0.5040330699386019, 0.6059882038860458, 0.522897912116586, 0.30445294259262634]"
"[0.3243121338152098, 0.415445058152196, 0.36682971163862915, 0.48968567444502836]",stable,0.30675198067047366,1621,"[0.46144455451001715, 0.43221439320461186, 0.5629294531258903, 0.2984916430785388]"
"[0.3243121338152098, 0.415445058152196, 0.36682971163862915, 0.48968567444502836]",stable,0.2464679466937039,1622,"[0.4572827990379135, 0.5677917696466388, 0.4822013539752267, 0.5705875568645824]"
"[0.540697032130941, 0.4975821045430889, 0.6094434619727804, 0.5521986472229449]",stable,0.40382936371013706,1623,"[0.4504942919774186, 0.44189568090975123, 0.8650729412561766, 0.25809966353283004]"
"[0.3886091160580242, 0.3519075780133908, 0.9097733325137103, 0.3481039211997661]",stable,0.17132900846745452,1624,"[0.4332054765698044, 0.343577341627624, 0.8017481415047374, 0.47310775730400967]"
"[0.3502722930079628, 0.5978921934186635, 0.8785658108921128, 0.4746873198683275]",stable,0.4909753671036946,1625,"[0.48853623066079654, 0.7895218559275419, 0.49258148644889155, 0.6650398044283785]"
"[0.6092765587374327, 0.6172992568860293, 0.4095651387154889, 0.6485890992090401]",stable,0.3108052238054206,1626,"[0.7787759388872298, 0.6614729381150153, 0.6063032440627903, 0.4836265244697794]"
"[0.5291460407281277, 0.3771035825972812, 0.8310564766448895, 0.5761292305293965]",stable,0.4837772074291904,1627,"[0.7926833740331487, 0.7028230257811658, 0.8762071485566487, 0.33852299841339956]"
"[0.5291460407281277, 0.3771035825972812, 0.8310564766448895, 0.5761292305293965]",stable,0.6756379536399739,1628,"[0.9787121268978587, 0.6573164586745146, 0.5041329522544481, 0.8387672549003908]"
"[0.9186223829981306, 0.8460360813490997, 0.3896615619960014, 0.6665009161545361]",stable,0.4564326145352184,1629,"[0.5405578550603325, 0.628034429071857, 0.4966043023790745, 0.746728556094746]"
"[0.6085130175854649, 0.6174185365769829, 0.4105322405339732, 0.6496795376188812]",stable,0.34201900598348345,1630,"[0.5297980237298018, 0.4117892593492578, 0.6653493812006962, 0.7093936512392967]"
"[0.5405267351246732, 0.4962415913369353, 0.6103169919607166, 0.5546548191607004]",stable,0.23100610982316544,1631,"[0.43882793340575393, 0.327239947944719, 0.6191219737055063, 0.6745801848335737]"
"[0.5389621381751514, 0.4936415660539782, 0.6104524532183287, 0.5564998247864369]",stable,0.38987924412849256,1632,"[0.31994975370719947, 0.30837779452360875, 0.5161041423968677, 0.309892583093605]"
"[0.3243121338152098, 0.415445058152196, 0.36682971163862915, 0.48968567444502836]",stable,0.7204790602316282,1633,"[0.15741713819006278, 0.005740463248085248, 0.9215721374516672, 0.36462919686366985]"
"[0.14032986396478794, 0.31403315516742136, 0.9441916259327094, 0.4792304623434059]",stable,0.26830914868360906,1634,"[0.39234206053869, 0.2755475107552103, 0.8631508003441817, 0.45847252874136724]"
"[0.38867577578089324, 0.3505440053837804, 0.9089407872963973, 0.35007478919158036]",stable,0.29757286132101857,1635,"[0.3584872315379408, 0.24538882789296956, 0.9413908492163066, 0.6248977171279874]"
"[0.5291460407281277, 0.3771035825972812, 0.8310564766448895, 0.5761292305293965]",stable,0.5005004760637949,1636,"[0.20815697675024888, 0.10116904469109142, 0.6879253786363257, 0.3506511452970374]"
"[0.351495731943648, 0.4615792229055546, 0.6023861361323601, 0.3168185393471695]",stable,0.6057163753689758,1637,"[0.23729842049398786, 0.0, 0.9525272785073413, 0.18192190170913627]"
"[0.14032986396478794, 0.31403315516742136, 0.9441916259327094, 0.4792304623434059]",stable,0.556140432630547,1638,"[0.41996715149867025, 0.10591319704163923, 0.9960508853233727, 0.049007417316341506]"
"[0.14032986396478794, 0.31403315516742136, 0.9441916259327094, 0.4792304623434059]",stable,0.3489081902033201,1639,"[0.1924733022125927, 0.024753040629245437, 0.7579825211528366, 0.45351720373015914]"
"[0.14032986396478794, 0.31403315516742136, 0.9441916259327094, 0.4792304623434059]",stable,0.16129295843718983,1640,"[0.23520691048710946, 0.2962473515197115, 0.8992802831682672, 0.35806775783280914]"
"[0.38867577578089324, 0.3505440053837804, 0.9089407872963973, 0.35007478919158036]",stable,0.3229843243882395,1641,"[0.37333761818199135, 0.5740228782785186, 0.8062065358410231, 0.5588485463297804]"
"[0.35086371160216867, 0.5972801596971213, 0.8767104448651617, 0.4768453000340058]",stable,0.33395054444353206,1642,"[0.3426567501927021, 0.373700805752291, 0.8858778562564318, 0.22908767053180362]"
"[0.3878684244547846, 0.35095026503936827, 0.9085361744711348, 0.3479522081624615]",stable,0.5540174157812144,1643,"[0.541210698073554, 0.3843122287577042, 0.4772352305192465, 0.6582551556724522]"
"[0.6962031463633321, 0.7280580533425478, 0.6998948972965398, 0.46785364267192175]",stable,0.459442763370473,1644,"[0.5602383785794713, 0.44322487782564063, 0.3812657611340996, 0.5675871397945496]"
"[0.6079825270469376, 0.6155043205467483, 0.41021063087023835, 0.6487774233570753]",stable,0.24262764540512588,1645,"[0.8142655069167835, 0.6453441004148371, 0.49851168533123935, 0.561438898928553]"
"[0.9186223829981306, 0.8460360813490997, 0.3896615619960014, 0.6665009161545361]",stable,0.4259941114730882,1646,"[0.6282073551218573, 0.7598031927284643, 0.42595310872174796, 0.9637834537341312]"
"[0.6646745898534495, 0.7840143789730663, 0.43286716227821326, 0.47403877189445776]",stable,0.4385131683227352,1647,"[0.5333953466892557, 0.7036988837290084, 0.8417492797856219, 0.43629762309054076]"
"[0.35542700247934583, 0.5999406277979185, 0.8758364157381733, 0.47583160811041925]",stable,0.778805256683902,1648,"[1.0, 0.5844915496285925, 0.46587196881212717, 0.626675093041179]"
"[0.8827216901222058, 0.6184136928845071, 0.37383564508179123, 0.9347380996432842]",stable,0.5527651092096273,1649,"[0.7275296082700814, 0.6552583641476825, 0.7701546592261307, 0.5839698101456414]"
"[0.5291460407281277, 0.3771035825972812, 0.8310564766448895, 0.5761292305293965]",stable,0.9226663875617518,1650,"[1.0, 0.64364093129564, 0.09967121278110835, 0.7298928456209112]"
"[0.9186223829981306, 0.8460360813490997, 0.3896615619960014, 0.6665009161545361]",stable,0.32047470711275633,1651,"[0.9316788557746128, 0.8033830098584895, 0.6120843790530985, 0.8928686973479867]"
"[0.9186223829981306, 0.8460360813490997, 0.3896615619960014, 0.6665009161545361]",stable,0.5317694836613636,1652,"[0.7299036146755497, 0.39145283961567445, 0.4844380807664135, 0.8440832859471855]"
"[0.6971524330877791, 0.7258520021548246, 0.7020239809913758, 0.4713723144135496]",stable,0.4848634926667214,1653,"[0.9874818121217143, 0.63652481781712, 0.3681598074149104, 0.6484509012927738]"
"[0.8827216901222058, 0.6184136928845071, 0.37383564508179123, 0.9347380996432842]",stable,0.22633896631405426,1654,"[0.850768590985714, 0.7484293823041428, 0.4092628554878099, 0.7557153066942505]"
"[0.9255473479423098, 0.7709431418970801, 0.5250230614102533, 0.8546898071841731]",stable,0.21887842401505567,1655,"[0.9776708403033724, 0.7304416995990616, 0.5354415774334241, 0.6462623767939868]"
"[0.9176096398337662, 0.8445792649454436, 0.3899541186152821, 0.667832474222293]",stable,0.29248833871784263,1656,"[0.8593900950309701, 0.8101154608568322, 0.16153582456267718, 0.8375299757911675]"
"[0.9210090162288219, 0.5671385637756381, 0.375345890652119, 0.6788263788805019]",stable,0.13320964516789177,1657,"[1.0, 0.5535358187633197, 0.4013274574395652, 0.7820017517367045]"
"[0.8827216901222058, 0.6184136928845071, 0.37383564508179123, 0.9347380996432842]",stable,0.2510812622247875,1658,"[0.7151410473677646, 0.7544426103348808, 0.41079213701211686, 0.8119012984154599]"
"[0.6646745898534495, 0.7840143789730663, 0.43286716227821326, 0.47403877189445776]",anomaly,0.5703520142039569,1659,"[0.9810778345567998, 0.9484412961291536, 0.7312301099898895, 0.8043927444678888]"
"[0.6646745898534495, 0.7840143789730663, 0.43286716227821326, 0.47403877189445776]",stable,0.5131244872663461,1660,"[0.9530909821408537, 0.6915806882831811, 0.4346001181314266, 0.8882437136584669]"
"[0.9176096398337662, 0.8445792649454436, 0.3899541186152821, 0.667832474222293]",stable,0.40135144084032837,1661,"[0.818617383916843, 0.6035828662130964, 0.08466561774595749, 0.6660493959610057]"
"[0.9255473479423098, 0.7709431418970801, 0.5250230614102533, 0.8546898071841731]",anomaly,0.6255868507037647,1662,"[0.8777857410272155, 0.6495855360855409, 0.4260295746429725, 0.2509097497396682]"
"[0.9255473479423098, 0.7709431418970801, 0.5250230614102533, 0.8546898071841731]",stable,0.6042357384408703,1663,"[0.4371696492760986, 0.7739472352819687, 0.4532678567377893, 0.5062214196939635]"
"[0.21683895114423068, 0.7014593847430564, 0.5595591074515934, 0.25194581589464643]",stable,0.37778528089934815,1664,"[0.5030110245588695, 0.48390393951173943, 0.560698887798663, 0.36811634577520536]"
"[0.3243121338152098, 0.415445058152196, 0.36682971163862915, 0.48968567444502836]",stable,0.1912315912387083,1665,"[0.2767942568141427, 0.6000681003462666, 0.3581749669199352, 0.5019739020576891]"
"[0.1551826553584646, 0.4454749998452145, 0.3793723837338966, 0.28455789806991794]",stable,0.4043879021620386,1666,"[0.3497241380337185, 0.457139000536596, 0.10768926314609273, 0.5120121132629379]"
"[0.1551826553584646, 0.4454749998452145, 0.3793723837338966, 0.28455789806991794]",stable,0.28556477352031834,1667,"[0.1587143208416788, 0.3425937877363383, 0.33806206122578547, 0.5476998382161243]"
"[0.35406378775068564, 0.46195760793277807, 0.6016795726012806, 0.3176879936934074]",stable,0.314295274638509,1668,"[0.3584913263499899, 0.7230494302779114, 0.4637744486956704, 0.4252758817994723]"
"[0.21683895114423068, 0.7014593847430564, 0.5595591074515934, 0.25194581589464643]",stable,0.32061875265056894,1669,"[0.18912353321038822, 0.48273377493902037, 0.386622028383744, 0.09612503916929394]"
"[0.29806451636861486, 0.7122049601297787, 0.25438373030048944, 0.4505161293848812]",stable,0.4000674718557394,1670,"[0.3789983415716865, 0.527833742467794, 0.22654756487576994, 0.10593507946001063]"
"[0.35406378775068564, 0.46195760793277807, 0.6016795726012806, 0.3176879936934074]",stable,0.3761545351205465,1671,"[0.3516258868087693, 0.6524990266609707, 0.37083599335010564, 0.5454850538111927]"
"[0.15590480169573956, 0.4462677397408274, 0.37952663149240395, 0.2805486883060749]",stable,0.388911041065221,1672,"[0.08040345238039578, 0.5401855579635163, 0.6700958571858382, 0.5092413043088757]"
"[0.43481949885574084, 0.5863950967388128, 0.34987431444329625, 0.29679141882628457]",stable,0.46822220828291045,1673,"[0.3131063814949061, 0.30216191777871676, 0.6608743726035909, 0.4608292717571376]"
"[0.3878684244547846, 0.35095026503936827, 0.9085361744711348, 0.3479522081624615]",stable,0.5294132094442516,1674,"[0.4773868160721787, 0.5774641419947995, 0.4416801786912982, 0.29316401009631887]"
"[0.32093258661166835, 0.4139582975314642, 0.36624261673224456, 0.4908696369709691]",stable,0.36687366916382164,1675,"[0.3222431759377944, 0.4272038072059947, 0.7263067654721942, 0.4217831929534859]"
"[0.3878684244547846, 0.35095026503936827, 0.9085361744711348, 0.3479522081624615]",stable,0.42944167379396553,1676,"[0.1428739008836382, 0.6904462334020085, 1.0, 0.37578547416284636]"
"[0.5291460407281277, 0.3771035825972812, 0.8310564766448895, 0.5761292305293965]",stable,0.1804461723522969,1677,"[0.5183457921821757, 0.23058112292037486, 0.7446602061331257, 0.5168752939527607]"
"[0.35542700247934583, 0.5999406277979185, 0.8758364157381733, 0.47583160811041925]",stable,0.36639080091228243,1678,"[0.20554573980181068, 0.33121943308006546, 0.7855230205915942, 0.2986022757248373]"
"[0.3878684244547846, 0.35095026503936827, 0.9085361744711348, 0.3479522081624615]",anomaly,0.5215298297739477,1679,"[0.0, 0.35437187351995597, 0.9301926304433976, 0.0]"
"[0.3878684244547846, 0.35095026503936827, 0.9085361744711348, 0.3479522081624615]",stable,0.5104449647262028,1680,"[0.02937131015122585, 0.24180829513645627, 0.6836139203351523, 0.08426320374540977]"
"[0.09816579062163976, 0.5900255080121146, 0.4711293130871068, 0.4594751280778298]",stable,0.5661474674451368,1681,"[0.0, 0.41344574509974585, 1.0, 0.45812742623146624]"
"[0.3878684244547846, 0.35095026503936827, 0.9085361744711348, 0.3479522081624615]",stable,0.494234320454306,1682,"[0.11989274026046555, 0.0, 0.9907395928483136, 0.14171664946459794]"
"[0.1382638268083122, 0.31774346363490386, 0.9446869455373843, 0.4727638377696542]",stable,0.26357826002714785,1683,"[0.3894776590541946, 0.24451685682445248, 0.9485910865150727, 0.5041920318878391]"
"[0.528911252716259, 0.3739183117347397, 0.8291782968511555, 0.5748411014733826]",stable,0.601512811156787,1684,"[0.006018388348006332, 0.22143046198123012, 0.7948457233351023, 0.32191928657435015]"
"[0.35406378775068564, 0.46195760793277807, 0.6016795726012806, 0.3176879936934074]",stable,0.42908956394516146,1685,"[0.16385393699599393, 0.2998401932554129, 0.9504638449709969, 0.3153338976075517]"
"[0.3878684244547846, 0.35095026503936827, 0.9085361744711348, 0.3479522081624615]",stable,0.37632309479183296,1686,"[0.2771459621669941, 0.6227198878055158, 0.9183646897893609, 0.5833333468435736]"
"[0.3535177088131909, 0.6004962195054209, 0.8768736907150316, 0.4784536017380572]",stable,0.2613069627101062,1687,"[0.21029834078809861, 0.4966510586908398, 0.6873755385850676, 0.4456485061278196]"
"[0.33524161341195724, 0.27244131235583385, 0.7064290993059998, 0.4119133382463455]",stable,0.35503232097563786,1688,"[0.23350884636886188, 0.46938699019316715, 0.9750204499158952, 0.4809747558820212]"
"[0.3878684244547846, 0.35095026503936827, 0.9085361744711348, 0.3479522081624615]",stable,0.2831771959312746,1689,"[0.6533833775537142, 0.41125257658356146, 0.8354395402173912, 0.3212754906062444]"
"[0.528911252716259, 0.3739183117347397, 0.8291782968511555, 0.5748411014733826]",stable,0.25280895068648185,1690,"[0.30693962934585656, 0.34783953478904567, 0.8075906448027721, 0.458673831394574]"
"[0.3878684244547846, 0.35095026503936827, 0.9085361744711348, 0.3479522081624615]",stable,0.28386574944279525,1691,"[0.47616010989755964, 0.6140555942338538, 0.904575762303906, 0.4074857522642612]"
"[0.35643776598186633, 0.6008190617608598, 0.8775332638481, 0.4767638910363001]",stable,0.4469891077906955,1692,"[0.8001203209295362, 0.5888695453700971, 0.8281408061639358, 0.4958071864594882]"
"[0.528911252716259, 0.3739183117347397, 0.8291782968511555, 0.5748411014733826]",stable,0.3073519065889532,1693,"[0.7100851249065997, 0.5472603221115827, 0.6522552725473839, 0.5577527010466536]"
"[0.5415549107013854, 0.4944539714487904, 0.611085829268769, 0.5565188077600765]",stable,0.541924755791017,1694,"[0.37234259673276526, 0.49429522560421135, 0.9285918286389321, 0.15125401912892805]"
"[0.3876007377699222, 0.3534217298766932, 0.9088819616119588, 0.34456086007567643]",stable,0.3800916976195606,1695,"[0.6528274602183345, 0.525307074581483, 0.8443657969932611, 0.5456020923570197]"
"[0.35643776598186633, 0.6008190617608598, 0.8775332638481, 0.4767638910363001]",stable,0.2719538819027677,1696,"[0.48618238562879446, 0.6839366918800109, 0.6929151479640753, 0.6037790807006361]"
"[0.5315477677694946, 0.3771393492421173, 0.8295014351520513, 0.5742189948964387]",stable,0.43071313517430404,1697,"[0.7544584756629238, 0.6945051092688084, 0.6826043549248368, 0.6905153546912692]"
"[0.9176096398337662, 0.8445792649454436, 0.3899541186152821, 0.667832474222293]",stable,0.5378629591957861,1698,"[0.5124911041237118, 0.5088153652180578, 0.2881917196218224, 0.6221974800846448]"
"[0.606944576797772, 0.6143446579888278, 0.4088843383566686, 0.6484885109302011]",stable,0.27761001222530673,1699,"[0.8398976717403815, 0.48244548754250594, 0.33724130899328875, 0.6649220018437155]"
"[0.8846763926782794, 0.6204461094233591, 0.37552354711094776, 0.9334465889214838]",stable,0.37807732560453905,1700,"[0.8087328214501712, 0.719052244248648, 0.3803439923920593, 0.5764751172216984]"
"[0.9255473479423098, 0.7709431418970801, 0.5250230614102533, 0.8546898071841731]",stable,0.4221010061893146,1701,"[0.7160121521717839, 0.6261990866865641, 0.8147043199231012, 0.6832308088578475]"
"[0.6679333187407273, 0.6882708591497979, 0.9103312830225905, 0.6368713867614082]",stable,0.5925422948332624,1702,"[0.6915899269201794, 0.2081141960667795, 0.5705019798805121, 0.704045486522126]"
"[0.7001809003772426, 0.7218231063670385, 0.705733299378804, 0.4720909871207831]",stable,0.6152942397680398,1703,"[0.5810999504240989, 0.20595821184437735, 0.6218633436360309, 0.7741770178683434]"
"[0.6953370281823307, 0.3529850176606171, 0.5051729919215711, 0.7242671115866637]",stable,0.27487258840936807,1704,"[0.48813741013572065, 0.22258769185500848, 0.5806626140730173, 0.6246623300228119]"
"[0.6873678121036149, 0.3479697358988628, 0.5080764389273958, 0.7204361584495924]",stable,0.4565216709317453,1705,"[0.504330189108489, 0.4385015772983957, 0.8982330306504023, 0.6000572390886677]"
"[0.35643776598186633, 0.6008190617608598, 0.8775332638481, 0.4767638910363001]",stable,0.39029278554426594,1706,"[0.511429855889595, 0.38632408855785166, 0.7074248572478641, 0.7077637762927793]"
"[0.35643776598186633, 0.6008190617608598, 0.8775332638481, 0.4767638910363001]",stable,0.31156442740903073,1707,"[0.5568650133539009, 0.535523331321877, 0.7433278441656592, 0.29068142584442325]"
"[0.32093258661166835, 0.4139582975314642, 0.36624261673224456, 0.4908696369709691]",stable,0.6073634929832793,1708,"[0.4234572437076721, 0.24797993584248895, 0.9128465556705927, 0.6699071321621248]"
"[0.5305817373502925, 0.3785790832701176, 0.8284127620417281, 0.5774717097043687]",stable,0.1528864021365319,1709,"[0.6390252742633508, 0.42748584191755623, 0.8971023189855146, 0.6445844878133622]"
"[0.35643776598186633, 0.6008190617608598, 0.8775332638481, 0.4767638910363001]",stable,0.5789902122047987,1710,"[0.32054627532960056, 0.847809751154443, 0.3553597007355558, 0.49325134283906424]"
"[0.21683895114423068, 0.7014593847430564, 0.5595591074515934, 0.25194581589464643]",stable,0.3553898367942351,1711,"[0.29986279948748973, 0.538074187668695, 0.8043076456523802, 0.4330877688720245]"
"[0.3551220690866483, 0.5993598786424373, 0.8758303424947111, 0.4757481672650379]",stable,0.5967966852646499,1712,"[0.5310168710298145, 0.6783189626638205, 0.34859483904332117, 0.2732253558508386]"
"[0.32093258661166835, 0.4139582975314642, 0.36624261673224456, 0.4908696369709691]",stable,0.36836635602335976,1713,"[0.19713440840029672, 0.7173717439109588, 0.31941577903750923, 0.32926731288773514]"
"[0.12120212612366858, 0.7388482617110586, 0.32965522549431414, 0.27177034789142096]",stable,0.4813935429475453,1714,"[0.5954937771472437, 0.718761852887698, 0.4032843345279621, 0.3027939428541809]"
"[0.6629450695357944, 0.7823830658209321, 0.432127591584457, 0.4697576511684508]",stable,0.35236180042666476,1715,"[0.47347655497456426, 0.5186313426463764, 0.43329374708959084, 0.33303095665098625]"
"[0.32093258661166835, 0.4139582975314642, 0.36624261673224456, 0.4908696369709691]",stable,0.5407570434788639,1716,"[0.4372148071583858, 0.5355220308381522, 0.8041844402769376, 0.759804281804274]"
"[0.5189931932100228, 0.546395844032091, 0.8786329213425884, 0.8498337332363544]",anomaly,0.5276610936071834,1717,"[0.08808650605767632, 0.8249600954186678, 1.0, 0.8293973259757751]"
"[0.5189931932100228, 0.546395844032091, 0.8786329213425884, 0.8498337332363544]",stable,0.5462206950958136,1718,"[0.5829559073566677, 0.25934850621975264, 0.8336244099644229, 0.3917465377065959]"
"[0.5327506080885536, 0.3795572184430663, 0.8297865531806039, 0.5788139652665485]",stable,0.5061685148419488,1719,"[0.06489070834710464, 0.5007890476420732, 0.9576573469607789, 0.499658527561257]"
"[0.3876007377699222, 0.3534217298766932, 0.9088819616119588, 0.34456086007567643]",stable,0.3987415739772627,1720,"[0.15084806937546757, 0.355385949883824, 0.9673659106307047, 0.6600268429849381]"
"[0.3876007377699222, 0.3534217298766932, 0.9088819616119588, 0.34456086007567643]",stable,0.18457503215302126,1721,"[0.27697701551538184, 0.45342439077153796, 1.0, 0.403951982839144]"
"[0.3857257594266249, 0.3551166902308431, 0.9104263351439595, 0.3455674892750572]",stable,0.21068157301487006,1722,"[0.28452824629513296, 0.4598827188651624, 0.7738095531128292, 0.27844280934529414]"
"[0.32093258661166835, 0.4139582975314642, 0.36624261673224456, 0.4908696369709691]",stable,0.490041899857158,1723,"[0.2872080083612273, 0.5047129128048958, 0.8413504227273717, 0.4198774618633502]"
"[0.3535785677065251, 0.5972088112370386, 0.8750467079545444, 0.4744783785059086]",stable,0.5280590920901077,1724,"[0.20510936997239027, 0.12141205659857823, 0.9582394670801597, 0.3211822103614069]"
"[0.140573298110396, 0.33137532234393696, 0.9474469367038781, 0.4752614790372369]",stable,0.4330396945854883,1725,"[0.1369528823434487, 0.34325162671305315, 0.8701556939506381, 0.04935622330004924]"
"[0.140573298110396, 0.33137532234393696, 0.9474469367038781, 0.4752614790372369]",stable,0.18606050310789266,1726,"[0.2777562312051124, 0.3710773674167457, 0.8350153541271055, 0.4354840917347542]"
"[0.3839262672895997, 0.3553827015172748, 0.9091694854603454, 0.34706609931605215]",stable,0.22719151218437353,1727,"[0.36199472892556106, 0.22193713537621024, 0.9376080157537265, 0.16673717289088805]"
"[0.3839262672895997, 0.3553827015172748, 0.9091694854603454, 0.34706609931605215]",stable,0.40637245409229283,1728,"[0.12818258504453167, 0.16089201706781137, 0.7974386736941943, 0.5693797061897262]"
"[0.140573298110396, 0.33137532234393696, 0.9474469367038781, 0.4752614790372369]",stable,0.2280095537684188,1729,"[0.09649949359353707, 0.2015825104990547, 0.859381292455878, 0.6347736248496071]"
"[0.3839262672895997, 0.3553827015172748, 0.9091694854603454, 0.34706609931605215]",stable,0.2714705070709874,1730,"[0.3262379873748397, 0.15591808832456971, 0.794254138272283, 0.4788865439913261]"
"[0.3839262672895997, 0.3553827015172748, 0.9091694854603454, 0.34706609931605215]",stable,0.35158294699403037,1731,"[0.26205450936293917, 0.3030036853496699, 0.6984577188417059, 0.0988427456390896]"
"[0.09816579062163976, 0.5900255080121146, 0.4711293130871068, 0.4594751280778298]",stable,0.6629933412573823,1732,"[0.0, 0.2334435815966872, 0.981254096631583, 0.25320907883360677]"
"[0.3839262672895997, 0.3553827015172748, 0.9091694854603454, 0.34706609931605215]",stable,0.23663678497400775,1733,"[0.36731588276188476, 0.4004270075115722, 0.7088495717746706, 0.463530711139267]"
"[0.3839262672895997, 0.3553827015172748, 0.9091694854603454, 0.34706609931605215]",stable,0.3570893847165213,1734,"[0.34978136553039046, 0.0, 0.9025705613886557, 0.34962422840922824]"
"[0.13894093498014198, 0.32656818116449693, 0.9441852461761745, 0.48116933628954695]",stable,0.1739642401320706,1735,"[0.2220987677945923, 0.2024844065295095, 1.0, 0.4116260992765055]"
"[0.3839262672895997, 0.3553827015172748, 0.9091694854603454, 0.34706609931605215]",stable,0.28538709579323357,1736,"[0.5430508732212254, 0.48887603513267086, 0.7612703419041924, 0.21888448032172775]"
"[0.32093258661166835, 0.4139582975314642, 0.36624261673224456, 0.4908696369709691]",stable,0.6957168038058413,1737,"[0.5449538167345568, 0.3967680774084433, 1.0, 0.3122851050602442]"
"[0.38656606318213993, 0.3560611503023759, 0.9106585102888642, 0.3464959190823504]",stable,0.4354344504975634,1738,"[0.223862363567408, 0.7128560088138145, 0.774980115995312, 0.4784787553661641]"
"[0.3506959853923225, 0.599778748960967, 0.8728230059110059, 0.4745672757694699]",stable,0.3644808558638792,1739,"[0.5910898535123787, 0.40816298854410443, 0.7434709830758232, 0.6215657009646289]"
"[0.3506959853923225, 0.599778748960967, 0.8728230059110059, 0.4745672757694699]",stable,0.38945233859919964,1740,"[0.5339304480701268, 0.32866439440363315, 1.0, 0.6431533803422083]"
"[0.5338945148615698, 0.38011811589602784, 0.8280940910216866, 0.5796522345939618]",stable,0.2662174537365568,1741,"[0.34264963087609435, 0.3837902942119129, 1.0, 0.6484417729563754]"
"[0.5338945148615698, 0.38011811589602784, 0.8280940910216866, 0.5796522345939618]",stable,0.1908636637705003,1742,"[0.4013962469917019, 0.4354087641076471, 0.7367050194870621, 0.49325704384955993]"
"[0.3506959853923225, 0.599778748960967, 0.8728230059110059, 0.4745672757694699]",stable,0.2903860791513871,1743,"[0.5003125372200168, 0.40526319551653034, 0.9981451121595255, 0.5662025939483566]"
"[0.3506959853923225, 0.599778748960967, 0.8728230059110059, 0.4745672757694699]",stable,0.4040298801057473,1744,"[0.4830694994799861, 0.5440026588048492, 0.8614484320848482, 0.8520285898448564]"
"[0.51743129348263, 0.5462917925004718, 0.8778857696357302, 0.84992916178455]",stable,0.46997744106027384,1745,"[0.799148596832143, 0.4403630374752153, 0.5361276628997576, 0.9660956433447847]"
"[0.9209711526445851, 0.5653832812533979, 0.3751294082437014, 0.6804205038058486]",stable,0.5621135733187377,1746,"[0.4917342245388122, 0.4456165807442793, 0.6900768317525907, 0.5455450548399569]"
"[0.5408113183706007, 0.49372505516961857, 0.6122647994550947, 0.5563550204030597]",stable,0.15679335827668978,1747,"[0.5682495366631416, 0.5116233526097211, 0.6723287290916586, 0.6974339936130062]"
"[0.541214821580785, 0.4939882654260907, 0.6131480925379854, 0.558429711185559]",stable,0.4894501897225473,1748,"[0.8373161441747907, 0.6556293769051895, 0.473774546993768, 0.8845166027647109]"
"[0.9160085101516545, 0.8427332793469614, 0.3898127932296465, 0.6664889836781667]",stable,0.3997266945539607,1749,"[0.6553961381229518, 0.7464940538236725, 0.11270113878802501, 0.7427107937322014]"
"[0.9255473479423098, 0.7709431418970801, 0.5250230614102533, 0.8546898071841731]",stable,0.4083821005181968,1750,"[0.9181673802359522, 0.5897892202664162, 0.7510870741662825, 0.5669402721458331]"
"[0.9160085101516545, 0.8427332793469614, 0.3898127932296465, 0.6664889836781667]",stable,0.4035580498319844,1751,"[0.8070810036858229, 0.5501867761030903, 0.2580526212417138, 0.8856913979824456]"
"[0.9160085101516545, 0.8427332793469614, 0.3898127932296465, 0.6664889836781667]",stable,0.2614377099393846,1752,"[0.967316681763141, 0.7546006311078456, 0.16749093597082587, 0.7588078647566595]"
"[0.9209711526445851, 0.5653832812533979, 0.3751294082437014, 0.6804205038058486]",stable,0.2844157436224514,1753,"[0.9673141780452293, 0.7065010321021807, 0.2738681627864429, 0.46001955149199647]"
"[0.9160085101516545, 0.8427332793469614, 0.3898127932296465, 0.6664889836781667]",stable,0.2263698661608819,1754,"[0.7343116488450012, 0.931482211545643, 0.46388105679919456, 0.5967244779292391]"
"[0.6646857178116287, 0.786019630350803, 0.4329020663457921, 0.4728544030406651]",stable,0.4963107343575022,1755,"[0.9172122723179971, 0.8676538256288311, 0.31849384212992826, 0.8763408349075951]"
"[0.9209711526445851, 0.5653832812533979, 0.3751294082437014, 0.6804205038058486]",stable,0.22564427466945963,1756,"[0.8410132909397571, 0.7077425816096078, 0.22017543490897273, 0.6960785621966181]"
"[0.9255473479423098, 0.7709431418970801, 0.5250230614102533, 0.8546898071841731]",stable,0.6603109489841017,1757,"[0.44752888617977404, 0.5259443861295222, 0.29234811853179854, 0.5491625904074668]"
"[0.35926141306710824, 0.46354485408634866, 0.6093145568170684, 0.31502581199068513]",stable,0.23396588128658072,1758,"[0.5044620886736577, 0.48400135582310044, 0.45183671618615634, 0.4068901612047699]"
"[0.3234645126030305, 0.41619801930342537, 0.3647647267682356, 0.49203549603969904]",stable,0.4544532416031487,1759,"[0.22816186031993752, 0.7880752017929374, 0.5705721166095088, 0.6216342333090183]"
"[0.5307609253236184, 0.3816357711381433, 0.8295782787500492, 0.5777683698507541]",stable,0.6129631383384591,1760,"[0.4898626552123715, 0.605100397056605, 0.2808084652512254, 0.7293150399534936]"
"[0.6056856314043806, 0.6142452573336425, 0.40750717843080364, 0.6493576133928172]",stable,0.4139521863911795,1761,"[0.27147548041316666, 0.7352228810673589, 0.21920160721760534, 0.5515546788852972]"
"[0.15590480169573956, 0.4462677397408274, 0.37952663149240395, 0.2805486883060749]",stable,0.30364389242718165,1762,"[0.2508197866825447, 0.7199252634468456, 0.39108694990006415, 0.3709294262466783]"
"[0.15590480169573956, 0.4462677397408274, 0.37952663149240395, 0.2805486883060749]",stable,0.46503599479549196,1763,"[0.4023734709174013, 0.7374272035987708, 0.41634930456712715, 0.5439531850427914]"
"[0.21683895114423068, 0.7014593847430564, 0.5595591074515934, 0.25194581589464643]",stable,0.3711960080370395,1764,"[0.060557407281237846, 0.9656697853422913, 0.4465866888004505, 0.42742416860442095]"
"[0.43880440749005134, 0.5849892163545041, 0.35432444707615407, 0.29871310928592615]",stable,0.5012584979670525,1765,"[0.02868561432079536, 0.7578010222780014, 0.16464331998410597, 0.16748884692515553]"
"[0.43880440749005134, 0.5849892163545041, 0.35432444707615407, 0.29871310928592615]",stable,0.4968388061338711,1766,"[0.0, 0.7162848303980118, 0.5355057027336031, 0.363784651292887]"
"[0.43880440749005134, 0.5849892163545041, 0.35432444707615407, 0.29871310928592615]",anomaly,0.7405525322195738,1767,"[0.0, 0.6957529469983178, 0.8375485783718694, 0.6305181421764684]"
"[0.43880440749005134, 0.5849892163545041, 0.35432444707615407, 0.29871310928592615]",stable,0.5250616730742138,1768,"[0.0, 0.44633392829117513, 0.1576799668602702, 0.13982285788107215]"
"[0.43880440749005134, 0.5849892163545041, 0.35432444707615407, 0.29871310928592615]",stable,0.5850029459207641,1769,"[0.0, 0.616758275547309, 0.7036068630662669, 0.46202771200531345]"
"[0.43880440749005134, 0.5849892163545041, 0.35432444707615407, 0.29871310928592615]",stable,0.20444537206313956,1770,"[0.27741133992630657, 0.6803887652925319, 0.4143145634219749, 0.24348358906679146]"
"[0.43880440749005134, 0.5849892163545041, 0.35432444707615407, 0.29871310928592615]",stable,0.2390109408503325,1771,"[0.30576518283212484, 0.7704088649891327, 0.31653950407213527, 0.3588682963521534]"
"[0.15590480169573956, 0.4462677397408274, 0.37952663149240395, 0.2805486883060749]",stable,0.1328291338118047,1772,"[0.07878136586266939, 0.3984428956871495, 0.3257298352078729, 0.19983782512608728]"
"[0.29780795047600556, 0.7128016171837623, 0.26010065138901917, 0.45102169954316274]",stable,0.5293016934933006,1773,"[0.19794582218574233, 0.35338570726320234, 0.5440330280092718, 0.20527702051436714]"
"[0.09527856148570917, 0.5922753916874248, 0.4754948121992489, 0.45810545318286716]",stable,0.35924007588632,1774,"[0.0, 0.5946052270234313, 0.27683853531620467, 0.17437021856034576]"
"[0.43880440749005134, 0.5849892163545041, 0.35432444707615407, 0.29871310928592615]",stable,0.2680263465210306,1775,"[0.1831027932679828, 0.5915913724352251, 0.3171621885886569, 0.22778931220177223]"
"[0.12241586469512572, 0.7359608717252579, 0.3294102639863601, 0.2709079746426043]",stable,0.22918641734692172,1776,"[0.2590681500390727, 0.6744387349122313, 0.3411282912872016, 0.4439116778536334]"
"[0.15429806344921726, 0.44527138882304246, 0.37840586490314293, 0.2788672119898251]",stable,0.20324798121357907,1777,"[0.0, 0.32544205118259845, 0.4002088899749908, 0.3305141617698998]"
"[0.29703315446726686, 0.7120343595383316, 0.2617212041869828, 0.4508794991093722]",stable,0.5124751565065844,1778,"[0.11838610334417582, 0.4204405421877269, 0.4906163348197965, 0.1454354256409855]"
"[0.09527856148570917, 0.5922753916874248, 0.4754948121992489, 0.45810545318286716]",stable,0.3071156155864659,1779,"[0.16238681472254524, 0.4648523387117645, 0.39654932817521316, 0.19859156182610888]"
"[0.29703315446726686, 0.7120343595383316, 0.2617212041869828, 0.4508794991093722]",stable,0.7030853401659339,1780,"[0.45147806668160995, 0.17608527386897, 0.6518068373971826, 0.274619631355752]"
"[0.38656606318213993, 0.3560611503023759, 0.9106585102888642, 0.3464959190823504]",anomaly,0.5604767441650857,1781,"[0.6160853860185748, 0.3040945183996041, 0.4074600987170942, 0.27202519359287536]"
"[0.38656606318213993, 0.3560611503023759, 0.9106585102888642, 0.3464959190823504]",stable,0.35238228014714806,1782,"[0.30498124606889665, 0.3456406046877297, 0.5691728889963924, 0.37471243300397755]"
"[0.3234645126030305, 0.41619801930342537, 0.3647647267682356, 0.49203549603969904]",stable,0.43899668473222775,1783,"[0.0, 0.3260597667636864, 0.6300052300175822, 0.3939979055068505]"
"[0.3583998231147557, 0.4616733580641484, 0.6086773874865814, 0.3159732186734358]",stable,0.4153534706074131,1784,"[0.2567994296623509, 0.5577365288577519, 0.2176102629157026, 0.3101219886417715]"
"[0.15137387720569948, 0.44326642106800807, 0.3792047946700212, 0.2782946379821523]",stable,0.3296983298518061,1785,"[0.2437360138906887, 0.6393602692438511, 0.13078523424409202, 0.2805638051049534]"
"[0.12241586469512572, 0.7359608717252579, 0.3294102639863601, 0.2709079746426043]",stable,0.553302255839664,1786,"[0.6219802614466562, 0.5471224104760254, 0.44163196366117174, 0.3621501002790608]"
"[0.7526090691887398, 0.48356787214971564, 0.473023214738906, 0.46651115350160954]",stable,0.747882552107114,1787,"[0.06170198943141639, 0.7379433240142519, 0.349334784264565, 0.4221262400403375]"
"[0.12124829017082361, 0.7359989958077386, 0.329793427837864, 0.2738160182079453]",stable,0.2581419416907916,1788,"[0.18427375720698888, 0.676800862235107, 0.4166774025409786, 0.046633693882150384]"
"[0.43880440749005134, 0.5849892163545041, 0.35432444707615407, 0.29871310928592615]",stable,0.41908932055296394,1789,"[0.06656215892119693, 0.6826272112282358, 0.5008624636268476, 0.37659121047216454]"
"[0.43880440749005134, 0.5849892163545041, 0.35432444707615407, 0.29871310928592615]",stable,0.38736603569518635,1790,"[0.17394813273497778, 0.6209330222533067, 0.16866966575734635, 0.08860850599498388]"
"[0.12124829017082361, 0.7359989958077386, 0.329793427837864, 0.2738160182079453]",stable,0.19088901871302105,1791,"[0.28306699884227343, 0.6429153216100312, 0.36526798859440046, 0.2919903992458348]"
"[0.3234645126030305, 0.41619801930342537, 0.3647647267682356, 0.49203549603969904]",stable,0.6166694877771796,1792,"[0.026970253149304874, 0.7059855088449376, 0.5572043138389078, 0.0780758029539434]"
"[0.43633238513056277, 0.5859086783426871, 0.3544981540843802, 0.2986063996027501]",stable,0.46121630823769727,1793,"[0.1381594887870735, 0.4911973275000854, 0.11598720784907784, 0.539346291224508]"
"[0.15137387720569948, 0.44326642106800807, 0.3792047946700212, 0.2782946379821523]",stable,0.4475286326377989,1794,"[0.21490029619664952, 0.8833091151150775, 0.42965579097660306, 0.2703325083477679]"
"[0.12301530915244296, 0.7387784320210846, 0.3316776233687836, 0.2737502916068099]",stable,0.29108282716034745,1795,"[0.0, 0.6605952872485146, 0.5283634992775772, 0.4312257121436403]"
"[0.43633238513056277, 0.5859086783426871, 0.3544981540843802, 0.2986063996027501]",stable,0.562811490233853,1796,"[0.04107654884856521, 0.9674755397899442, 0.3369176306508268, 0.41954957992045605]"
"[0.43633238513056277, 0.5859086783426871, 0.3544981540843802, 0.2986063996027501]",stable,0.2862721194057607,1797,"[0.4355062134928348, 0.6906100870334927, 0.6198143402050352, 0.2741936940984037]"
"[0.43633238513056277, 0.5859086783426871, 0.3544981540843802, 0.2986063996027501]",stable,0.3129613373049113,1798,"[0.2355606255078877, 0.8256460866308674, 0.3418400001844698, 0.29972237128958645]"
"[0.1250994816775438, 0.7403870922916361, 0.33186581553203703, 0.27423125604537985]",stable,0.22681626124854223,1799,"[0.0, 0.6346864253913123, 0.46504270037629875, 0.1912431700885278]"
"[0.12282494564704302, 0.7384652619843576, 0.3342872134382963, 0.27272238175525526]",stable,0.16460771205950359,1800,"[0.19928470832017153, 0.664059715289924, 0.20964518325477993, 0.2593888715547429]"
"[0.43633238513056277, 0.5859086783426871, 0.3544981540843802, 0.2986063996027501]",stable,0.3761861240312365,1801,"[0.07733153191239114, 0.692327165328932, 0.36422303608996554, 0.33346209640837304]"
"[0.12201256325892425, 0.737641367401225, 0.3348217816999332, 0.2738070195169181]",stable,0.34407729154750405,1802,"[0.25806968450612094, 0.6584748217458702, 0.46634699268341206, 0.5500522352969235]"
"[0.5307609253236184, 0.3816357711381433, 0.8295782787500492, 0.5777683698507541]",stable,0.6691348536130911,1803,"[0.17616516629568438, 0.7663187013408199, 0.5303642591838074, 0.28709103378047923]"
"[0.12201256325892425, 0.737641367401225, 0.3348217816999332, 0.2738070195169181]",stable,0.3574719026020092,1804,"[0.038004414715530635, 0.3953867712726636, 0.36247675904030463, 0.32696514011377814]"
"[0.29624425790246456, 0.7090089118779281, 0.2608562837698989, 0.448119547923733]",stable,0.4525301476142196,1805,"[0.30261097124323294, 0.47301100197089085, 0.3908454608226314, 0.08459403323508397]"
"[0.3583998231147557, 0.4616733580641484, 0.6086773874865814, 0.3159732186734358]",stable,0.4996486253760629,1806,"[0.0, 0.6239324359385329, 0.42008403949543666, 0.5594949966982081]"
"[0.43633238513056277, 0.5859086783426871, 0.3544981540843802, 0.2986063996027501]",stable,0.45261022555615604,1807,"[0.00824301288672219, 0.6546468434485763, 0.2263564078080222, 0.27738699412121176]"
"[0.12201256325892425, 0.737641367401225, 0.3348217816999332, 0.2738070195169181]",stable,0.28339631150296896,1808,"[0.11093432022940014, 0.47542225885402045, 0.27502707382137837, 0.18517026682767368]"
"[0.29624425790246456, 0.7090089118779281, 0.2608562837698989, 0.448119547923733]",stable,0.22902828830559813,1809,"[0.16486911952712038, 0.6259016276839312, 0.26705070753495064, 0.28004415326654786]"
"[0.1227644326671382, 0.7356810210903952, 0.33363281548651247, 0.27391644291603445]",stable,0.2445884103267667,1810,"[0.26073204906064773, 0.7145857275653207, 0.4000714723914066, 0.46346675484569844]"
"[0.14841601144672892, 0.4429640400678286, 0.37687968396851435, 0.27743975588555897]",stable,0.49015214191716167,1811,"[0.2814887600172121, 0.6260812690386139, 0.7025139510932046, 0.5654869227560304]"
"[0.5307609253236184, 0.3816357711381433, 0.8295782787500492, 0.5777683698507541]",stable,0.45755882746665244,1812,"[0.2836968634672625, 0.5685367618911038, 0.5270655833563178, 0.7256653566790117]"
"[0.541214821580785, 0.4939882654260907, 0.6131480925379854, 0.558429711185559]",stable,0.4056513480124256,1813,"[0.5614766163421847, 0.6531279544888114, 0.5028971566706009, 0.20253398724000304]"
"[0.3234645126030305, 0.41619801930342537, 0.3647647267682356, 0.49203549603969904]",stable,0.47583733538214484,1814,"[0.3521608925222913, 0.6773458005670855, 0.7316126786389631, 0.6431053609116488]"
"[0.5307609253236184, 0.3816357711381433, 0.8295782787500492, 0.5777683698507541]",stable,0.6537921162610875,1815,"[0.2584662003467888, 0.4729951860400799, 0.2764085037556141, 0.3803946852412654]"
"[0.3583998231147557, 0.4616733580641484, 0.6086773874865814, 0.3159732186734358]",stable,0.3091772221720383,1816,"[0.4206321519265155, 0.5395178740157894, 0.31689682301333283, 0.2931253414720394]"
"[0.32219003589212375, 0.41731168923943823, 0.36303225180720383, 0.48984646053384734]",stable,0.3755742156481701,1817,"[0.2945151266022132, 0.5372578672641424, 0.6334421026185695, 0.7195887461866509]"
"[0.541214821580785, 0.4939882654260907, 0.6131480925379854, 0.558429711185559]",stable,0.7638683023953298,1818,"[0.3058767952454952, 0.7269886254956465, 0.10731509438440712, 0.09157362313341322]"
"[0.1227644326671382, 0.7356810210903952, 0.33363281548651247, 0.27391644291603445]",stable,0.535594162298557,1819,"[0.07237588270816711, 0.4551702205491469, 0.1117991584207304, 0.6694232318512616]"
"[0.14841601144672892, 0.4429640400678286, 0.37687968396851435, 0.27743975588555897]",stable,0.3777117063046795,1820,"[0.3340612086300972, 0.5118645695749444, 0.38319026911417703, 0.5990216076606539]"
"[0.3583998231147557, 0.4616733580641484, 0.6086773874865814, 0.3159732186734358]",stable,0.24067687725786285,1821,"[0.32122909608839745, 0.640190799113365, 0.4722868434822968, 0.39390164125713206]"
"[0.32241832767554635, 0.41913001386127485, 0.3634199059861841, 0.49194598259397826]",stable,0.5409008335679225,1822,"[0.12818263855807702, 0.7174702693224871, 0.7503597151424883, 0.3649936888417318]"
"[0.5307609253236184, 0.3816357711381433, 0.8295782787500492, 0.5777683698507541]",stable,0.49568160281960155,1823,"[0.26450015117873416, 0.446850120262018, 0.5596034777438593, 0.26525253502699075]"
"[0.32241832767554635, 0.41913001386127485, 0.3634199059861841, 0.49194598259397826]",stable,0.1903899354692666,1824,"[0.18028188956468855, 0.5125647013823047, 0.4476858172202647, 0.4772907493686982]"
"[0.43624663829670535, 0.5870467176243521, 0.3579615837951846, 0.29851157795367317]",stable,0.33343251471083474,1825,"[0.6434327779133336, 0.5682205781378196, 0.1824716913552554, 0.4911252315211338]"
"[0.9115999804316889, 0.6920183613438914, 0.18599324614420215, 0.5699688196464043]",stable,0.5326777778841963,1826,"[0.5595844635402798, 0.4001939628722496, 0.43128418348841147, 0.6903912736688287]"
"[0.682635095490158, 0.34990396652750677, 0.5052322813185446, 0.7193233849391938]",stable,0.351408225182291,1827,"[0.42700314106010256, 0.4661117965800498, 0.39045908697033316, 0.5419455433308781]"
"[0.35693264074075537, 0.46144174497349005, 0.6079106076468513, 0.31518070799146014]",stable,0.35821538132069947,1828,"[0.19362115467321067, 0.3701406685376948, 0.7380496901442766, 0.5915419762284142]"
"[0.3373360494971716, 0.27226215490433997, 0.7090099444951113, 0.4124427224896575]",stable,0.07422690046822181,1829,"[0.32121125184854854, 0.23301950919443074, 0.7623093838399242, 0.3829671702959254]"
"[0.38656606318213993, 0.3560611503023759, 0.9106585102888642, 0.3464959190823504]",stable,0.3847186013465532,1830,"[0.3696852829061649, 0.6293046365816837, 0.6691492981277567, 0.4678826528162032]"
"[0.5307609253236184, 0.3816357711381433, 0.8295782787500492, 0.5777683698507541]",stable,0.4886579640110507,1831,"[0.3280820890000871, 0.08619783990521557, 1.0, 0.29249523614732154]"
"[0.3370374421333082, 0.27153543924304535, 0.709996971149645, 0.4118968789305143]",stable,0.16942565497953602,1832,"[0.4483844915584417, 0.24824859860412038, 0.6393303126420249, 0.30811425235946255]"
"[0.38656606318213993, 0.3560611503023759, 0.9106585102888642, 0.3464959190823504]",stable,0.7242874093544178,1833,"[0.91201852563581, 0.2958121625286734, 0.4698088748212389, 0.5712482704182473]"
"[0.756696491148921, 0.47875362318507353, 0.4729407957666582, 0.4691967206020362]",stable,0.28703882708235806,1834,"[0.487104837808802, 0.5148229772407508, 0.5618158631378644, 0.4918208846733717]"
"[0.540430618917423, 0.49429021777123067, 0.6124041471843604, 0.5574643658737881]",stable,0.40979582787590263,1835,"[0.8019804283870421, 0.6291616742656291, 0.4938213755907244, 0.29809564336632477]"
"[0.7578285895798741, 0.48251382446208735, 0.47346281026225984, 0.46491919367114337]",stable,0.39632233850724147,1836,"[0.9399767687833182, 0.6950486582292325, 0.4111802955804805, 0.7384941735454083]"
"[0.8813880864283861, 0.6195230550591896, 0.3750177595849895, 0.9309022421558047]",stable,0.3550896361030546,1837,"[0.7752542488542085, 0.6175262323335589, 0.3632988469179713, 0.5922535481165644]"
"[0.8813880864283861, 0.6195230550591896, 0.3750177595849895, 0.9309022421558047]",stable,0.2031521618929033,1838,"[0.9492043536073824, 0.6332309407609124, 0.55045078133079, 0.8553568681187839]"
"[0.9160085101516545, 0.8427332793469614, 0.3898127932296465, 0.6664889836781667]",stable,0.31436243366583116,1839,"[0.9000502723294134, 0.7394632976966092, 0.09338221469317759, 0.6722593687938381]"
"[0.9160085101516545, 0.8427332793469614, 0.3898127932296465, 0.6664889836781667]",stable,0.2782016028636223,1840,"[0.9300459083967929, 0.7758033420344533, 0.1559976963654468, 0.8008391502434696]"
"[0.918786475271281, 0.5685179075991909, 0.37554700007147807, 0.6799016540480948]",stable,0.23750903718265465,1841,"[1.0, 0.5550647441581373, 0.5982379376524452, 0.6864334881938383]"
"[0.9160085101516545, 0.8427332793469614, 0.3898127932296465, 0.6664889836781667]",stable,0.35313157334623596,1842,"[0.6430525378544323, 0.8220118295355563, 0.221461381292418, 0.520114911869936]"
"[0.6641706420983622, 0.7868765874742495, 0.4278677643207117, 0.47397965325088587]",stable,0.20378332728914736,1843,"[0.6265506662383835, 0.7492756926590766, 0.24685011292924341, 0.3969655993961151]"
"[0.9112791552066256, 0.693336276242578, 0.1834207174927848, 0.5728102237893886]",anomaly,0.4997308025471744,1844,"[0.44514870254056194, 0.7884577546124095, 0.06470227422214708, 0.6693043256397483]"
"[0.9112791552066256, 0.693336276242578, 0.1834207174927848, 0.5728102237893886]",stable,0.536540813837074,1845,"[0.410964381651765, 0.7514608662056379, 0.3568584396456179, 0.6368575566906198]"
"[0.12125488621173354, 0.8970656323755305, 0.29677398622646184, 0.48048338798154855]",stable,0.268465511516437,1846,"[0.21274006483377644, 0.657114520124852, 0.2513499322642624, 0.41673143101098503]"
"[0.14841601144672892, 0.4429640400678286, 0.37687968396851435, 0.27743975588555897]",stable,0.4782007317648,1847,"[0.16611946684347112, 0.8868205984551559, 0.4588203524524842, 0.43440984842666364]"
"[0.43624663829670535, 0.5870467176243521, 0.3579615837951846, 0.29851157795367317]",stable,0.18151607946306236,1848,"[0.46392414172039553, 0.7470192408945481, 0.2773391619319071, 0.28897953728345366]"
"[0.3243916260412926, 0.4200164625918178, 0.36393007921230014, 0.49288937053241033]",stable,0.15105365523720318,1849,"[0.3000994807271858, 0.4164037902291338, 0.37373487117113896, 0.6416102940421907]"
"[0.35693264074075537, 0.46144174497349005, 0.6079106076468513, 0.31518070799146014]",stable,0.17371068971594011,1850,"[0.4370037490022015, 0.5119629470611745, 0.4623006963873819, 0.3182439131749526]"
"[0.32394177149843884, 0.4199495612517681, 0.3641116494337601, 0.4956434617085174]",stable,0.5057734037013192,1851,"[0.40288917087362375, 0.5487482272854898, 0.8362228412185229, 0.5961221671292055]"
"[0.35183061985930736, 0.5986693897941088, 0.8720273501568215, 0.477209773407725]",stable,0.45481679547822734,1852,"[0.5729082215534812, 0.44753994491789384, 0.5845865827258372, 0.7063837413629223]"
"[0.5408945846693667, 0.49362235673046867, 0.6120067534063816, 0.5595917855236329]",stable,0.2506067462272011,1853,"[0.6162242686426425, 0.4574929504909475, 0.7901065882122054, 0.7148473645344661]"
"[0.35183061985930736, 0.5986693897941088, 0.8720273501568215, 0.477209773407725]",stable,0.21193874546869002,1854,"[0.35819413472595546, 0.562165001210252, 0.9360239257686416, 0.6758285173204371]"
"[0.35196601379264025, 0.5978927006753033, 0.8733889794251581, 0.48143570412927206]",stable,0.29619745286672156,1855,"[0.5367116309621563, 0.42507585432131106, 0.8182055691389098, 0.6252797754941655]"
"[0.35196601379264025, 0.5978927006753033, 0.8733889794251581, 0.48143570412927206]",stable,0.38756630536083314,1856,"[0.5976684669198034, 0.317807478139143, 0.8181003323667043, 0.5727230482776046]"
"[0.35196601379264025, 0.5978927006753033, 0.8733889794251581, 0.48143570412927206]",stable,0.23525884944899048,1857,"[0.5462950988965534, 0.5639654425983852, 0.975505955970167, 0.40395023976706296]"
"[0.3560145363989718, 0.5971858827987008, 0.8755164164365125, 0.47982142362172603]",stable,0.3204311281211474,1858,"[0.630065246085799, 0.5257708574998025, 1.0, 0.5633441628840818]"
"[0.6662120427109578, 0.6808844954384345, 0.9144071337942908, 0.6335292402215298]",stable,0.15579507767862455,1859,"[0.5549230146222445, 0.61878692960244, 1.0, 0.6069847110696663]"
"[0.6613733893157964, 0.6781846012716521, 0.9181285627597565, 0.6323751302584053]",stable,0.109388178825968,1860,"[0.6689022401799195, 0.6288007882571551, 1.0, 0.5797690769195184]"
"[0.6616870914351348, 0.676126942396048, 0.9215398726447667, 0.630183211369285]",stable,0.26968211466062486,1861,"[0.5792924649073888, 0.5332305812033824, 0.7083785802346946, 0.6211023599145661]"
"[0.5414353998839867, 0.4941802190469886, 0.6133641030800198, 0.560458131641815]",stable,0.2605515833078316,1862,"[0.7529083051220583, 0.5614440853608443, 0.7496660576640923, 0.5684385689393989]"
"[0.5335880965835067, 0.38262628845130353, 0.828465379704829, 0.5809745319713607]",stable,0.3583157694847604,1863,"[0.43502214925818666, 0.5583875810981652, 0.5537234712740047, 0.691878979349322]"
"[0.5399574380697395, 0.4950719879643661, 0.6125357609716029, 0.5622834211933081]",stable,0.22246001468085394,1864,"[0.3953494988959259, 0.3632540348271694, 0.6815706355265375, 0.48206362696761446]"
"[0.38656606318213993, 0.3560611503023759, 0.9106585102888642, 0.3464959190823504]",stable,0.7051655951369561,1865,"[0.5421697934255825, 0.7240522861310794, 0.3406880252545248, 0.2335261627738412]"
"[0.32394177149843884, 0.4199495612517681, 0.3641116494337601, 0.4956434617085174]",stable,0.32992479633941946,1866,"[0.4920376080688427, 0.5977873713892206, 0.22531198469948854, 0.3232992499621618]"
"[0.32394177149843884, 0.4199495612517681, 0.3641116494337601, 0.4956434617085174]",stable,0.5687305784889461,1867,"[0.21705982665802315, 0.6668872373920269, 0.01871085786289184, 0.13266853411686147]"
"[0.1227644326671382, 0.7356810210903952, 0.33363281548651247, 0.27391644291603445]",stable,0.29341164779266704,1868,"[0.15171739508837712, 0.61922874014384, 0.5602853728562961, 0.4164632967133874]"
"[0.4389630488542796, 0.5903700744097607, 0.3561586342679355, 0.29808304297338345]",stable,0.295152620632671,1869,"[0.30736916509042944, 0.7464404796031062, 0.37001660787677726, 0.08536702474127827]"
"[0.1227644326671382, 0.7356810210903952, 0.33363281548651247, 0.27391644291603445]",stable,0.18923497974258544,1870,"[0.17921148295136619, 0.624815122451773, 0.23510673806525403, 0.37699395093508525]"
"[0.14841601144672892, 0.4429640400678286, 0.37687968396851435, 0.27743975588555897]",stable,0.3385706053572804,1871,"[0.3786222114416661, 0.6267304765064848, 0.5406005770042672, 0.24487403283049414]"
"[0.1227644326671382, 0.7356810210903952, 0.33363281548651247, 0.27391644291603445]",anomaly,0.5796436941780023,1872,"[0.35593843444265116, 0.9698886219045649, 0.7231623767747566, 0.0]"
"[0.1227644326671382, 0.7356810210903952, 0.33363281548651247, 0.27391644291603445]",stable,0.454965605694857,1873,"[0.30446172192880383, 0.45470877772428664, 0.36639550084707934, 0.5804470324923954]"
"[0.35693264074075537, 0.46144174497349005, 0.6079106076468513, 0.31518070799146014]",stable,0.3855713982492798,1874,"[0.3420195672434066, 0.7575865574191203, 0.36812760979583753, 0.2582134595947666]"
"[0.3235875887789909, 0.42058154700581385, 0.3641531740049114, 0.49718534481367876]",stable,0.5057194787400463,1875,"[0.28389480681854623, 0.8803527009772614, 0.16009133107925583, 0.4633338385710707]"
"[0.14841601144672892, 0.4429640400678286, 0.37687968396851435, 0.27743975588555897]",stable,0.19901036446616768,1876,"[0.2776062130159769, 0.4556205126295061, 0.22705145506770155, 0.29494211316094116]"
"[0.35693264074075537, 0.46144174497349005, 0.6079106076468513, 0.31518070799146014]",stable,0.4629138116795561,1877,"[0.552851542043886, 0.5947854292001308, 0.354103343423519, 0.6212955812991829]"
"[0.6051235666239498, 0.6140382378854137, 0.4069390525264708, 0.6490590811365018]",stable,0.5200298532885543,1878,"[0.8648308492010871, 0.9296679910106772, 0.10373675845802593, 0.7559674694950953]"
"[0.918786475271281, 0.5685179075991909, 0.37554700007147807, 0.6799016540480948]",stable,0.38596132056145815,1879,"[0.8760721913817868, 0.950944951459477, 0.3766802529562563, 0.709732892432283]"
"[0.9259113018756187, 0.7688244926488313, 0.5254142571013385, 0.8547000696600902]",stable,0.3330755002627182,1880,"[0.780514478291484, 0.899992397268996, 0.49573814911358244, 0.5869065634297141]"
"[0.9259113018756187, 0.7688244926488313, 0.5254142571013385, 0.8547000696600902]",stable,0.4143772787228502,1881,"[0.8208238087472848, 0.9135347346560942, 0.3594611650828995, 0.5197617693457248]"
"[0.9259113018756187, 0.7688244926488313, 0.5254142571013385, 0.8547000696600902]",stable,0.4803851747647512,1882,"[0.6159786153142024, 0.5293996610463401, 0.38011866623113577, 0.6174732009871239]"
"[0.6052378302943736, 0.613147305497634, 0.40665673267073044, 0.648726598187561]",stable,0.43877290828896387,1883,"[0.8167767506059417, 0.8564227772478216, 0.19955727711619653, 0.8625017384530064]"
"[0.918786475271281, 0.5685179075991909, 0.37554700007147807, 0.6799016540480948]",stable,0.3512553493581711,1884,"[0.8551159836774858, 0.7279847127129523, 0.0743598003507967, 0.7363197162636593]"
"[0.9259113018756187, 0.7688244926488313, 0.5254142571013385, 0.8547000696600902]",stable,0.22879507101186494,1885,"[0.9205430683608736, 0.7010056082996459, 0.3071125110959662, 0.8626570291857647]"
"[0.912197030545536, 0.8460610574503936, 0.390692246574207, 0.6639105931735643]",stable,0.2047537458273313,1886,"[0.922641564048512, 0.6494453224005948, 0.3347857590412814, 0.6582780508713022]"
"[0.9259113018756187, 0.7688244926488313, 0.5254142571013385, 0.8547000696600902]",stable,0.39703467664718944,1887,"[0.8215033921111977, 0.8572411806834769, 0.3090848338446619, 0.551187973114696]"
"[0.9259113018756187, 0.7688244926488313, 0.5254142571013385, 0.8547000696600902]",stable,0.35583375991743654,1888,"[1.0, 0.8756642160967029, 0.6925934009929158, 0.5687543810259095]"
"[0.9109373966783925, 0.846216336939742, 0.3895588102862966, 0.6623450012283022]",stable,0.03917400657753129,1889,"[0.901485552399452, 0.8809011873916393, 0.3755010990204597, 0.6690238734503925]"
"[0.9259113018756187, 0.7688244926488313, 0.5254142571013385, 0.8547000696600902]",stable,0.34634927555903994,1890,"[1.0, 0.48997217372711044, 0.4873356673329028, 0.6669233652377042]"
"[0.9259113018756187, 0.7688244926488313, 0.5254142571013385, 0.8547000696600902]",stable,0.4877310856284634,1891,"[1.0, 0.7665455553087832, 0.18652927680282955, 0.5118527956863379]"
"[0.9108079193595028, 0.8466914718774391, 0.3893662388990934, 0.6624364926286048]",stable,0.06678976819056255,1892,"[0.8905804047751075, 0.883210456087261, 0.338283060387572, 0.6728573109328443]"
"[0.9259113018756187, 0.7688244926488313, 0.5254142571013385, 0.8547000696600902]",stable,0.38202107381624456,1893,"[1.0, 0.4176350793509272, 0.4146831421178409, 0.785018064723836]"
"[0.9259113018756187, 0.7688244926488313, 0.5254142571013385, 0.8547000696600902]",stable,0.353591007826483,1894,"[0.8540464005318275, 0.5132898543814124, 0.36943526614611505, 0.680818961437475]"
"[0.9259113018756187, 0.7688244926488313, 0.5254142571013385, 0.8547000696600902]",stable,0.35881433802180246,1895,"[0.754482976610975, 0.5324918171589981, 0.3168772877199492, 0.8503117483379312]"
"[0.9105345745678217, 0.8471849716640583, 0.3886759256759647, 0.662577314497581]",stable,0.2872879204427664,1896,"[0.8921002053627151, 0.7168743776096491, 0.3552280299181373, 0.9157470413823323]"
"[0.9105345745678217, 0.8471849716640583, 0.3886759256759647, 0.662577314497581]",stable,0.2098444464361945,1897,"[0.8630416061263095, 0.6680852218432016, 0.47306283460038223, 0.6117714204988031]"
"[0.9105345745678217, 0.8471849716640583, 0.3886759256759647, 0.662577314497581]",stable,0.40112454623224447,1898,"[0.8588873905574207, 0.6423876446891135, 0.49295837030402945, 0.33789793945177987]"
"[0.7602934383842045, 0.4864131859310392, 0.47393831172669326, 0.4618211142999394]",stable,0.35743307185391104,1899,"[0.5065506007529732, 0.5299600596365517, 0.613811855101019, 0.666545404163552]"
"[0.5394998101612907, 0.49554990675439603, 0.6125532417131018, 0.5637116675353663]",stable,0.18295550176435682,1900,"[0.5358592077025534, 0.37914963670322627, 0.5441503143016151, 0.44029579216619574]"
"[0.5394506128307672, 0.4939769301320829, 0.6116288778291629, 0.5620438854357829]",stable,0.44082986695161297,1901,"[0.9734511917706026, 0.4627497005290184, 0.6795694660820365, 0.5816246330117958]"
"[0.9105345745678217, 0.8471849716640583, 0.3886759256759647, 0.662577314497581]",stable,0.27429872273309247,1902,"[0.8445807839656253, 0.6442309543554722, 0.22967976295467618, 0.5960959344245167]"
"[0.9105345745678217, 0.8471849716640583, 0.3886759256759647, 0.662577314497581]",stable,0.4148859157613546,1903,"[0.9108967325823503, 0.5379099572477725, 0.6590545627917945, 0.6044864375210457]"
"[0.9105345745678217, 0.8471849716640583, 0.3886759256759647, 0.662577314497581]",stable,0.33204998960076965,1904,"[1.0, 0.591159387864577, 0.576799259585668, 0.6988215543839914]"
"[0.9105345745678217, 0.8471849716640583, 0.3886759256759647, 0.662577314497581]",stable,0.27573053274958054,1905,"[0.7243199046507266, 0.6603058957334615, 0.35280195435268946, 0.7342759376284189]"
"[0.606478268568919, 0.6136385408125905, 0.40609574539658416, 0.6496177371400699]",stable,0.2723687703816985,1906,"[0.7246827302332498, 0.7530230907486183, 0.28991295758896873, 0.8148023592399062]"
"[0.9259113018756187, 0.7688244926488313, 0.5254142571013385, 0.8547000696600902]",stable,0.4823448527881033,1907,"[0.6971363190990848, 0.4489104607670532, 0.40080473174973236, 0.6048080076341712]"
"[0.7587896974488445, 0.48552026390332526, 0.47219703601295615, 0.4652255641412306]",stable,0.36370211913315764,1908,"[0.9335491013782329, 0.6795752595874056, 0.3742101061544443, 0.6986342238502249]"
"[0.8795091106003228, 0.6217621437882317, 0.3714607973893574, 0.9269024639226]",stable,0.46368917371751095,1909,"[0.5759369569079484, 0.44619151921863043, 0.3991160063385689, 0.6248068788313625]"
"[0.6061634096858162, 0.6119122828580136, 0.4060237893238211, 0.6493619550956502]",stable,0.2523778158054012,1910,"[0.6904376280519212, 0.4557882168652333, 0.22820663225921775, 0.6738313788900765]"
"[0.9259113018756187, 0.7688244926488313, 0.5254142571013385, 0.8547000696600902]",stable,0.17971085892987326,1911,"[0.8986112679419246, 0.6335187963963682, 0.4171141161595049, 0.8936121371732296]"
"[0.9105345745678217, 0.8471849716640583, 0.3886759256759647, 0.662577314497581]",stable,0.2787722039849083,1912,"[0.9907845559008487, 0.7121762864626504, 0.6155535644869969, 0.6229153158292069]"
"[0.9105345745678217, 0.8471849716640583, 0.3886759256759647, 0.662577314497581]",stable,0.13224284069539227,1913,"[1.0, 0.8945219733283738, 0.47290417498892817, 0.6503741649642802]"
"[0.9259113018756187, 0.7688244926488313, 0.5254142571013385, 0.8547000696600902]",stable,0.34801623182165936,1914,"[1.0, 0.6038752217623007, 0.29990198357487075, 0.660890588611028]"
"[0.8799639238703608, 0.6220420640884254, 0.37254778116959897, 0.9261098370952341]",stable,0.2594215493760535,1915,"[1.0, 0.5982027730759127, 0.5136449751923602, 0.7460705337445611]"
"[0.8799639238703608, 0.6220420640884254, 0.37254778116959897, 0.9261098370952341]",stable,0.37434231455870304,1916,"[0.928998764597846, 0.768652628365732, 0.6956648020195016, 0.8173509931175124]"
"[0.9117274469069175, 0.8478161316862491, 0.38979896900013755, 0.662414605837137]",stable,0.3317277359330712,1917,"[0.6269726576708512, 0.8883568151561724, 0.2350263697851734, 0.7203792184075704]"
"[0.9259580816138341, 0.7688218886445419, 0.5279938108122197, 0.8541341745609602]",stable,0.11300357210503514,1918,"[0.9567646617877781, 0.7311140532703372, 0.5272282909396385, 0.7521621438015368]"
"[0.9117274469069175, 0.8478161316862491, 0.38979896900013755, 0.662414605837137]",stable,0.45759168054767657,1919,"[0.5118117707916091, 0.7932072007412688, 0.21755321939158356, 0.5327733141646289]"
"[0.36947561701771325, 0.829301099233493, 0.47064191004845846, 0.4743382029589573]",stable,0.09977591265045771,1920,"[0.3343656748149747, 0.7596830615190211, 0.5306985877061644, 0.4907409160655409]"
"[0.12424585825384939, 0.8963826301141722, 0.30757707730819667, 0.47741181867788957]",stable,0.3853809955783048,1921,"[0.05852923230322438, 0.7032092075358338, 0.4501863428440087, 0.18322401638265848]"
"[0.12165692921258797, 0.7351211622360063, 0.3356423590616417, 0.2723527803895969]",stable,0.13110075925795803,1922,"[0.18743087114031678, 0.7108782789933303, 0.22865489399619934, 0.3011132145353736]"
"[0.12277174178763423, 0.7347102659098592, 0.33382901219612576, 0.2728402453751186]",stable,0.3674338048893714,1923,"[0.1776653954542216, 0.5589265999376587, 0.4859181386746829, 0.5520593137550855]"
"[0.43759764770483073, 0.5927252361422869, 0.3563272113880468, 0.2975214995455156]",stable,0.27969174024829463,1924,"[0.2051841018150325, 0.6250633094177568, 0.4128509157779697, 0.438839343814812]"
"[0.43759764770483073, 0.5927252361422869, 0.3563272113880468, 0.2975214995455156]",stable,0.39412730825704745,1925,"[0.6131906175775327, 0.42471587996742893, 0.16299093258978598, 0.5402093310974518]"
"[0.3676277253228323, 0.825636991985363, 0.47380278781991664, 0.47520150364877745]",stable,0.3877887776619958,1926,"[0.7045733115966869, 0.7706585108235974, 0.33408866061621867, 0.594805589030538]"
"[0.6651102390634395, 0.7864994229009785, 0.4256868549322351, 0.4767895587341336]",stable,0.5183144787580358,1927,"[0.7808362872668572, 0.6459447466490408, 0.0, 0.709796994622025]"
"[0.9264178813179229, 0.7682590851314941, 0.5279823851424797, 0.8526122039526106]",stable,0.27451957580170244,1928,"[0.970913882462305, 0.8608311466062756, 0.2982462473721642, 0.7429179752202216]"
"[0.9264178813179229, 0.7682590851314941, 0.5279823851424797, 0.8526122039526106]",stable,0.5053934283213419,1929,"[0.7568395913550082, 0.6288674880600735, 0.3751273966421696, 0.42381031948834924]"
"[0.923074655872198, 0.5680928357698267, 0.378088044672393, 0.6820143034348559]",stable,0.4944674329512792,1930,"[0.4660960806489923, 0.6534537991760427, 0.340051343581706, 0.8461341966010931]"
"[0.6047341512262567, 0.6123361758816669, 0.4053506011019628, 0.6513698351110119]",stable,0.401944971130012,1931,"[0.7488472755758605, 0.7396299956112321, 0.4605272156686043, 1.0]"
"[0.912506215795804, 0.8479873818825653, 0.3885943279260853, 0.6634738606974407]",stable,0.29416651275166233,1932,"[1.0, 0.611915289518032, 0.2396611327251688, 0.6945808619026431]"
"[0.9264178813179229, 0.7682590851314941, 0.5279823851424797, 0.8526122039526106]",stable,0.4087766554109322,1933,"[0.715011100555892, 0.6096197024711041, 0.21931526151252467, 0.8969256343763883]"
"[0.9264178813179229, 0.7682590851314941, 0.5279823851424797, 0.8526122039526106]",stable,0.2578338404707788,1934,"[0.8095261068112581, 0.7315860939695229, 0.30398605475618296, 0.8166213990532899]"
"[0.9264178813179229, 0.7682590851314941, 0.5279823851424797, 0.8526122039526106]",stable,0.48549903740224354,1935,"[0.8732219494356884, 0.7428471110531791, 0.055760900133675406, 0.7564841184665864]"
"[0.9242401913892859, 0.5687568123417692, 0.37599066721864716, 0.682204705835883]",stable,0.35960550815894204,1936,"[0.9300506886215704, 0.8281622505602594, 0.1286715902909546, 0.6534914261473533]"
"[0.912506215795804, 0.8479873818825653, 0.3885943279260853, 0.6634738606974407]",anomaly,0.5974358689456415,1937,"[0.8006918225662222, 0.2900032047635254, 0.22861654603162007, 0.7500066657741803]"
"[0.912506215795804, 0.8479873818825653, 0.3885943279260853, 0.6634738606974407]",stable,0.4873535647438629,1938,"[0.4859671249343639, 0.7069372759126658, 0.5518557336663149, 0.7584921854419389]"
"[0.6651102390634395, 0.7864994229009785, 0.4256868549322351, 0.4767895587341336]",stable,0.0810084936636733,1939,"[0.6487858175366206, 0.8275319547080588, 0.4253377239450783, 0.5447019931517487]"
"[0.6647392294832845, 0.7874319804420484, 0.4256789201370724, 0.47833302315271575]",stable,0.3389387866375785,1940,"[0.40550987444329245, 0.638168304445476, 0.5813202511667395, 0.4440434667804387]"
"[0.5335880965835067, 0.38262628845130353, 0.828465379704829, 0.5809745319713607]",stable,0.7775910774490554,1941,"[0.17400603954035868, 0.5029374197490004, 0.16256672172372955, 0.44886534619747076]"
"[0.3235875887789909, 0.42058154700581385, 0.3641531740049114, 0.49718534481367876]",stable,0.47192173189062187,1942,"[0.005282842160277107, 0.7251036301537728, 0.33469906439620306, 0.33047911933596547]"
"[0.12081359346051161, 0.7345501553139244, 0.3338435130661271, 0.27380089327446605]",stable,0.3916072567553296,1943,"[0.2523253142041926, 0.4197625276809648, 0.3943808321465089, 0.4562971763550918]"
"[0.35693264074075537, 0.46144174497349005, 0.6079106076468513, 0.31518070799146014]",stable,0.29014873662551544,1944,"[0.11996168054297494, 0.4028893257756001, 0.6146148885905598, 0.1584716775834231]"
"[0.09680470829162321, 0.5941021989338896, 0.4758626330197067, 0.4587084725253462]",stable,0.4181363681334663,1945,"[0.2825343268782918, 0.6956675585090163, 0.3388541065037324, 0.12515836754590984]"
"[0.12346475302473751, 0.7339127356941718, 0.3339256539421534, 0.27136413055760444]",stable,0.4186048080786218,1946,"[0.35898601544278697, 0.42540193677372423, 0.2509804732559425, 0.4044088758350752]"
"[0.35693264074075537, 0.46144174497349005, 0.6079106076468513, 0.31518070799146014]",stable,0.4119563705227853,1947,"[0.13556078747513664, 0.38835069601486344, 0.2866463634547184, 0.20495576634104712]"
"[0.291727919212546, 0.7097513195798826, 0.26091436265572765, 0.44681132580860394]",stable,0.2734503944250668,1948,"[0.22837122148196942, 0.6806327476243812, 0.19802447067058188, 0.189988395918631]"
"[0.12346475302473751, 0.7339127356941718, 0.3339256539421534, 0.27136413055760444]",stable,0.15962524087401736,1949,"[0.0, 0.8146547374056703, 0.35826507870175506, 0.21546248615763441]"
"[0.12147338604046755, 0.7352150260443573, 0.3343182253092437, 0.2704624911317985]",stable,0.26084236146234824,1950,"[0.33711337561548743, 0.7287929029128687, 0.23051655254168313, 0.16691491030790898]"
"[0.12147338604046755, 0.7352150260443573, 0.3343182253092437, 0.2704624911317985]",stable,0.23037644390916925,1951,"[0.2376939003673582, 0.5660885877083403, 0.3651280273007286, 0.17039700300104216]"
"[0.291727919212546, 0.7097513195798826, 0.26091436265572765, 0.44681132580860394]",stable,0.3774350607625725,1952,"[0.08458482204672349, 0.4108815807247851, 0.16324685216558268, 0.42060256809785695]"
"[0.12147338604046755, 0.7352150260443573, 0.3343182253092437, 0.2704624911317985]",stable,0.31149278464330077,1953,"[0.3567828723408676, 0.6339213071758123, 0.4141900838130825, 0.1122940072963563]"
"[0.3229583984647628, 0.4206517464872711, 0.3626979978188172, 0.4948403511744298]",stable,0.3325336569908605,1954,"[0.33589125285768223, 0.7367679178528452, 0.26210584077811544, 0.5138970678915504]"
"[0.1498312459828222, 0.4442327660601905, 0.3749910732799665, 0.2741151865813177]",stable,0.3284846200707402,1955,"[0.1622225187064416, 0.7656853032394697, 0.36156679790479274, 0.3392047952371014]"
"[0.12212019767008618, 0.7356986812379305, 0.3347507423345699, 0.27155363881600963]",stable,0.1366970339278504,1956,"[0.23578768112771528, 0.7870922916856051, 0.29031837905261854, 0.30546888888754625]"
"[0.12389625209911163, 0.7365017064011754, 0.3340564866582894, 0.2720835645983774]",stable,0.23342576114159372,1957,"[0.11082090476200969, 0.8931370140423194, 0.379442341048559, 0.4385831918591492]"
"[0.43647522026922014, 0.5932974037955303, 0.35713086239395003, 0.2949488954864995]",stable,0.3722452514106125,1958,"[0.09428013542437502, 0.5610555835386158, 0.22035269612469088, 0.3364368378832857]"
"[0.12389625209911163, 0.7365017064011754, 0.3340564866582894, 0.2720835645983774]",stable,0.2184652281754454,1959,"[0.0, 0.8675902230842242, 0.269052470326855, 0.3768072643619144]"
"[0.43647522026922014, 0.5932974037955303, 0.35713086239395003, 0.2949488954864995]",stable,0.3855557188883547,1960,"[0.4174141318187306, 0.8294054011700023, 0.6031327864498918, 0.473906863208503]"
"[0.11614757520998531, 0.8944980405199486, 0.3095382924116685, 0.4692098668464357]",stable,0.6607830193254741,1961,"[0.25200537455787053, 0.5415549649044018, 0.8133656636083719, 0.26979566877293515]"
"[0.5335880965835067, 0.38262628845130353, 0.828465379704829, 0.5809745319713607]",stable,0.6586615049502591,1962,"[0.0, 0.4603008507601783, 0.7140317518128605, 0.22043281667985967]"
"[0.09680470829162321, 0.5941021989338896, 0.4758626330197067, 0.4587084725253462]",stable,0.491033698608987,1963,"[0.23155074185614566, 0.23110126931900732, 0.21955340368234133, 0.2990416204129959]"
"[0.35693264074075537, 0.46144174497349005, 0.6079106076468513, 0.31518070799146014]",stable,0.247690610873737,1964,"[0.5300210109908046, 0.2922200633245108, 0.6603839319200489, 0.31390497338023965]"
"[0.38656606318213993, 0.3560611503023759, 0.9106585102888642, 0.3464959190823504]",stable,0.23849393712865383,1965,"[0.3107244011368982, 0.32762856311835203, 1.0, 0.552255697823385]"
"[0.38656606318213993, 0.3560611503023759, 0.9106585102888642, 0.3464959190823504]",stable,0.4574409309675277,1966,"[0.011311610919287896, 0.16036573943483062, 0.7543008032772731, 0.27105140301388186]"
"[0.35693264074075537, 0.46144174497349005, 0.6079106076468513, 0.31518070799146014]",anomaly,0.6183922036530549,1967,"[0.4409681304096801, 0.0, 1.0, 0.4083707204120224]"
"[0.35693264074075537, 0.46144174497349005, 0.6079106076468513, 0.31518070799146014]",stable,0.5091456991443206,1968,"[0.7344081680337011, 0.32439109124056376, 0.8766474641103004, 0.4756150856715343]"
"[0.5335880965835067, 0.38262628845130353, 0.828465379704829, 0.5809745319713607]",stable,0.6321244514578112,1969,"[0.08759214581967095, 0.06289368606349624, 0.8782874964386324, 0.2712040464702653]"
"[0.1477320142550112, 0.3223259952099751, 0.9480345395433348, 0.48122254747991927]",stable,0.20884054428527826,1970,"[0.0, 0.3204417663906261, 1.0, 0.3430716679937157]"
"[0.38656606318213993, 0.3560611503023759, 0.9106585102888642, 0.3464959190823504]",stable,0.3409193823735713,1971,"[0.3033117556746162, 0.2619914640065638, 0.8084209551308785, 0.6464844555215705]"
"[0.34006706902951805, 0.2727574348670668, 0.7082274533973106, 0.4112965953852652]",stable,0.3624920246315269,1972,"[0.45995431303131024, 0.47743840625660994, 0.7142774369124176, 0.13725898063572356]"
"[0.3229583984647628, 0.4206517464872711, 0.3626979978188172, 0.4948403511744298]",anomaly,0.882455600106889,1973,"[0.003594085807322983, 0.2602974299682792, 1.0, 0.0]"
"[0.3229583984647628, 0.4206517464872711, 0.3626979978188172, 0.4948403511744298]",stable,0.5706169773175797,1974,"[0.0, 0.21657014241698852, 0.7858713327839864, 0.4708271231805976]"
"[0.38656606318213993, 0.3560611503023759, 0.9106585102888642, 0.3464959190823504]",stable,0.1618560074613821,1975,"[0.30149941832886684, 0.27628442118927776, 1.0, 0.27856356454523407]"
"[0.38519402052321616, 0.3547744288650679, 0.9120995020583987, 0.34540023594465497]",stable,0.3700180560789606,1976,"[0.05785162485548512, 0.35412041824096463, 0.7401265947702534, 0.33179107535591973]"
"[0.35851758954522545, 0.4616878474547688, 0.6095470204047831, 0.31244345064752577]",stable,0.40632864828477916,1977,"[0.18809224706455677, 0.16380811128669115, 0.7874980894670123, 0.18730651422454656]"
"[0.34006706902951805, 0.2727574348670668, 0.7082274533973106, 0.4112965953852652]",stable,0.20462505465587733,1978,"[0.47179833000304283, 0.21752092473515297, 0.8500689109057353, 0.37457852414536186]"
"[0.3865686921022611, 0.3525958018153867, 0.9111148895004199, 0.3458633833764122]",stable,0.17855164401425203,1979,"[0.4422968356727861, 0.2082784200210735, 1.0, 0.35271860313124126]"
"[0.3874394443455505, 0.35034084272485055, 0.9125037193519758, 0.3459704961850814]",stable,0.4078904504700998,1980,"[0.0, 0.2640184829004464, 0.9904538376277132, 0.2936491257418613]"
"[0.3874394443455505, 0.35034084272485055, 0.9125037193519758, 0.3459704961850814]",stable,0.5859125819941451,1981,"[0.0371322942607637, 0.6578691607902216, 0.6116383385656535, 0.15759637224363957]"
"[0.12389625209911163, 0.7365017064011754, 0.3340564866582894, 0.2720835645983774]",stable,0.6321507099854955,1982,"[0.05941225112788076, 0.37429698713757004, 0.7088667075480134, 0.6239093359876796]"
"[0.34006706902951805, 0.2727574348670668, 0.7082274533973106, 0.4112965953852652]",stable,0.48754584732050754,1983,"[0.08916038386173698, 0.49036026586075193, 0.37120879884152064, 0.2937626726117678]"
"[0.2925165501704948, 0.7102337588347568, 0.2609356390507703, 0.4480092854886566]",stable,0.5531636204256687,1984,"[0.24497602502508456, 0.5229257968446389, 0.5215758065660322, 0.0]"
"[0.09680470829162321, 0.5941021989338896, 0.4758626330197067, 0.4587084725253462]",stable,0.18025599403671003,1985,"[0.0, 0.6817957943246544, 0.41815461602908766, 0.3487053364737434]"
"[0.12199015591297145, 0.7356600769846136, 0.3353503040332248, 0.2732623610887676]",stable,0.28612886143080424,1986,"[0.18274517267307114, 0.6628986756959374, 0.4702299028786532, 0.5071251960582704]"
"[0.43647522026922014, 0.5932974037955303, 0.35713086239395003, 0.2949488954864995]",stable,0.5016705811209169,1987,"[0.0039599330307234365, 0.6652177123605423, 0.46143596373895124, 0.07460413535701146]"
"[0.12020181920263437, 0.7345927684297034, 0.33726069281664484, 0.27025238797161977]",stable,0.18566781370676533,1988,"[0.0363172819580983, 0.6547544067763975, 0.27898012784385656, 0.4031626329224462]"
"[0.12020181920263437, 0.7345927684297034, 0.33726069281664484, 0.27025238797161977]",stable,0.28370863868867074,1989,"[0.0, 0.5526815872792314, 0.5116815036540223, 0.32052979090999606]"
"[0.43647522026922014, 0.5932974037955303, 0.35713086239395003, 0.2949488954864995]",anomaly,0.6304358897583762,1990,"[0.035385655532967075, 0.8893898771910942, 0.6925851272822284, 0.4856744981775921]"
"[0.43647522026922014, 0.5932974037955303, 0.35713086239395003, 0.2949488954864995]",stable,0.3634081842169339,1991,"[0.19103842484164021, 0.46855924431158996, 0.5900106191311184, 0.3400454394415034]"
"[0.3229583984647628, 0.4206517464872711, 0.3626979978188172, 0.4948403511744298]",stable,0.6732213111340996,1992,"[0.46603040617381897, 0.12957860884639988, 0.8904747365947253, 0.23123937066377043]"
"[0.34006706902951805, 0.2727574348670668, 0.7082274533973106, 0.4112965953852652]",stable,0.38701107476039154,1993,"[0.16412564730154833, 0.3413876511962316, 0.7868665250819608, 0.08277265726397309]"
"[0.0966636142148677, 0.59445772964957, 0.47625466081832046, 0.4575427328099899]",stable,0.360525599762301,1994,"[0.21482878019595605, 0.5800086350420389, 0.6290382632904161, 0.7616218279699498]"
"[0.5394506128307672, 0.4939769301320829, 0.6116288778291629, 0.5620438854357829]",stable,0.4003589867550183,1995,"[0.1956514007317813, 0.3745556639508367, 0.7657014210446125, 0.49809364973322445]"
"[0.34006706902951805, 0.2727574348670668, 0.7082274533973106, 0.4112965953852652]",stable,0.1928332017646808,1996,"[0.39530402676409104, 0.4379803088087322, 0.6280395138891969, 0.39117649382123915]"
"[0.3229583984647628, 0.4206517464872711, 0.3626979978188172, 0.4948403511744298]",stable,0.514165080569795,1997,"[0.10494303387416021, 0.48940024007852, 0.8175146482008065, 0.42238008589744047]"
"[0.5335880965835067, 0.38262628845130353, 0.828465379704829, 0.5809745319713607]",stable,0.27052753936824014,1998,"[0.5363859927016525, 0.605937900106258, 0.7261606279521107, 0.4676476454755771]"
"[0.5394097512290458, 0.49546974306507185, 0.6131559678308022, 0.5607852689029802]",stable,0.31474763144899653,1999,"[0.3652482945253892, 0.6273186120723158, 0.609306338811759, 0.33421317309341214]"
"[0.3229583984647628, 0.4206517464872711, 0.3626979978188172, 0.4948403511744298]",stable,0.399695710178696,2000,"[0.12122777259258737, 0.4624259418787263, 0.7052112244188458, 0.4938296465160278]"
"[0.34006706902951805, 0.2727574348670668, 0.7082274533973106, 0.4112965953852652]",stable,0.7368767157458977,2001,"[0.1870528204252434, 0.8606225950791211, 0.3600049506007419, 0.18166738146099315]"
"[0.12119959534028525, 0.7364738106185007, 0.3376001593507359, 0.26893022369534175]",stable,0.3878421808902283,2002,"[0.29864311847392155, 0.5565505719485433, 0.17609426355462818, 0.5148546575875876]"
"[0.3229583984647628, 0.4206517464872711, 0.3626979978188172, 0.4948403511744298]",stable,0.21590658543569255,2003,"[0.44133807277262604, 0.3954055570907696, 0.3715861623312145, 0.3162751339628442]"
"[0.2925165501704948, 0.7102337588347568, 0.2609356390507703, 0.4480092854886566]",stable,0.1367779857784477,2004,"[0.2248144346453447, 0.59896254090363, 0.2943652188138755, 0.4730256841905949]"
"[0.14872813939880244, 0.4450714478747462, 0.37492230465381293, 0.2744724136000532]",stable,0.4212282780959603,2005,"[0.14268175775798725, 0.5571764165512879, 0.0, 0.43023648201073106]"
"[0.3229583984647628, 0.4206517464872711, 0.3626979978188172, 0.4948403511744298]",stable,0.18721436197152044,2006,"[0.2340815195904381, 0.5379811088649679, 0.3717458559138047, 0.37950573053562]"
"[0.2913287937577729, 0.7082816322043862, 0.26152212290626337, 0.44844816967640994]",stable,0.5087800296100966,2007,"[0.26171211969384917, 0.44022078541025333, 0.5045955438777339, 0.09202333106288002]"
"[0.0966636142148677, 0.59445772964957, 0.47625466081832046, 0.4575427328099899]",stable,0.20744544215881708,2008,"[0.0, 0.5773948438642101, 0.3941724532557625, 0.294260381376287]"
"[0.2913287937577729, 0.7082816322043862, 0.26152212290626337, 0.44844816967640994]",stable,0.044333121362271015,2009,"[0.29965478471813684, 0.7248113084221868, 0.23837605396100103, 0.41547647240790964]"
"[0.14761630151797495, 0.4490229050147407, 0.37520429938823296, 0.27666226070026023]",stable,0.3299046140437212,2010,"[0.0, 0.4524561645826022, 0.10812017491943487, 0.4019649545219263]"
"[0.12119959534028525, 0.7364738106185007, 0.3376001593507359, 0.26893022369534175]",stable,0.407322204687795,2011,"[0.27835171234358547, 0.7579978304698372, 0.5200689975145754, 0.5967356998876788]"
"[0.5335880965835067, 0.38262628845130353, 0.828465379704829, 0.5809745319713607]",stable,0.5415423696639677,2012,"[0.36345047738569225, 0.6959323978855018, 0.49246567163511334, 0.35018283661982297]"
"[0.11614757520998531, 0.8944980405199486, 0.3095382924116685, 0.4692098668464357]",stable,0.5192994269879144,2013,"[0.21354237109999485, 0.42096083537434137, 0.4783359914688965, 0.38286172998528395]"
"[0.29147234532605504, 0.7085666266219345, 0.26112305275203473, 0.44787969213729784]",stable,0.30831717281908716,2014,"[0.0, 0.7788947466738922, 0.2490705638197247, 0.37708390126116065]"
"[0.11941724834998695, 0.7370976479134329, 0.33629825353410336, 0.2705207189536626]",stable,0.24314693417849415,2015,"[0.13070437024964088, 0.5691555161128868, 0.28124308418615257, 0.10391519331306509]"
"[0.11941724834998695, 0.7370976479134329, 0.33629825353410336, 0.2705207189536626]",stable,0.29377013827102155,2016,"[0.21278129310093508, 0.6375777218339662, 0.12905550805147606, 0.4277793532014472]"
"[0.14875295789007875, 0.44853907622783723, 0.37698243201031334, 0.27849328603276063]",stable,0.21476037620624758,2017,"[0.191194897094163, 0.5878179590526788, 0.2191730931086833, 0.2827718768452071]"
"[0.11941724834998695, 0.7370976479134329, 0.33629825353410336, 0.2705207189536626]",stable,0.3255762215696716,2018,"[0.11852782486503156, 0.4266329790885714, 0.4183981870715418, 0.21694483536724343]"
"[0.29147234532605504, 0.7085666266219345, 0.26112305275203473, 0.44787969213729784]",stable,0.32430294565866963,2019,"[0.4198887936479781, 0.459121030791377, 0.09947969892097377, 0.46604386693984423]"
"[0.14824066749982373, 0.44816778644581573, 0.3776843939605037, 0.2774500919536841]",stable,0.3918904398995575,2020,"[0.2581059119473597, 0.41952576952846415, 0.0030614728106483635, 0.258874657552106]"
"[0.35669461862604074, 0.4638760036728325, 0.6095281293844556, 0.31432734409478424]",stable,0.6145281885275485,2021,"[0.301396323432082, 0.4091343158849925, 0.0, 0.3224390733072914]"
"[0.14824066749982373, 0.44816778644581573, 0.3776843939605037, 0.2774500919536841]",stable,0.5551205706418153,2022,"[0.16629175848601643, 0.6038643532753586, 0.08154414607345073, 0.7200475825959056]"
"[0.14824066749982373, 0.44816778644581573, 0.3776843939605037, 0.2774500919536841]",stable,0.4432835335623917,2023,"[0.07215885940304298, 0.6188601900767846, 0.7284513337590173, 0.47376236077902534]"
"[0.5335880965835067, 0.38262628845130353, 0.828465379704829, 0.5809745319713607]",stable,0.5589660578555722,2024,"[0.3451655981503441, 0.7421941927887892, 0.48991012211784146, 0.3992294477204764]"
"[0.11614757520998531, 0.8944980405199486, 0.3095382924116685, 0.4692098668464357]",stable,0.45173860797796506,2025,"[0.39229617998518707, 0.5910527108827263, 0.42630283022269677, 0.3205603036122525]"
"[0.29147234532605504, 0.7085666266219345, 0.26112305275203473, 0.44787969213729784]",stable,0.6257131767422603,2026,"[0.40693416339814154, 0.7590965714470082, 0.8582541418403227, 0.585962041612492]"
"[0.35705371246017936, 0.6004901825670335, 0.8751641251182227, 0.4819875586827621]",stable,0.47060410684608744,2027,"[0.2465237467056163, 0.6375670168183243, 0.5496698542950818, 0.801252558446145]"
"[0.5394097512290458, 0.49546974306507185, 0.6131559678308022, 0.5607852689029802]",stable,0.4421215342080045,2028,"[0.2918898460047775, 0.7593008888010069, 0.8425399773447995, 0.4513254577979214]"
"[0.35575043513107135, 0.603666396691713, 0.8745116421627543, 0.4813743166650653]",stable,0.36576795703463877,2029,"[0.4459764608620221, 0.5356452115648095, 0.5343637160699987, 0.5542987256295534]"
"[0.5381803658294796, 0.49599836765059474, 0.6121192276760548, 0.5606999196493824]",stable,0.29822964100630883,2030,"[0.2716168094412456, 0.6251895925181343, 0.5793150267663276, 0.5498232933200601]"
"[0.5335880965835067, 0.38262628845130353, 0.828465379704829, 0.5809745319713607]",stable,0.2828821745716323,2031,"[0.36596138917156285, 0.5786014937530842, 0.8703796265357597, 0.4725285709026019]"
"[0.35595064991617903, 0.6031749280066419, 0.8744306222484994, 0.48120087066972284]",stable,0.36057269993078855,2032,"[0.6335506786317417, 0.4088834492786729, 0.8656566211626427, 0.35821821257866593]"
"[0.5335880965835067, 0.38262628845130353, 0.828465379704829, 0.5809745319713607]",stable,0.18645631583025743,2033,"[0.43259008645646013, 0.4457905906999874, 0.8819739722427657, 0.44788636153756267]"
"[0.38813406960879526, 0.35180930038600655, 0.9120340309349111, 0.34753843257511957]",stable,0.35361609893257684,2034,"[0.1970805200114883, 0.16894534837924244, 0.785689501831503, 0.14969829096409748]"
"[0.34006706902951805, 0.2727574348670668, 0.7082274533973106, 0.4112965953852652]",stable,0.17936767292972294,2035,"[0.2966074238055159, 0.2703571729495174, 0.801553996149059, 0.2644346994082583]"
"[0.38813406960879526, 0.35180930038600655, 0.9120340309349111, 0.34753843257511957]",stable,0.17485761903996283,2036,"[0.38655483479369124, 0.49612366568119104, 0.9184160640406716, 0.4460540484774148]"
"[0.3565391919330543, 0.6011162498849986, 0.8752764961291182, 0.48052497024294766]",stable,0.5353930576094795,2037,"[0.31700141059436565, 0.06816283170323911, 0.8613873484217232, 0.45136617041198385]"
"[0.1338821379186039, 0.3171401328999169, 0.9459164630365128, 0.4707188060573073]",stable,0.2595434599434045,2038,"[0.2564190791162798, 0.4947482443601715, 1.0, 0.33701078305811766]"
"[0.38613838793466626, 0.35397504196137264, 0.9133668486480185, 0.34737892273395293]",stable,0.28148904525042445,2039,"[0.4732129170899271, 0.24369496563952697, 0.6950999883698681, 0.23851207084986756]"
"[0.38613838793466626, 0.35397504196137264, 0.9133668486480185, 0.34737892273395293]",stable,0.5283635243354083,2040,"[0.6351820307890506, 0.6275097731593361, 0.6238912001019971, 0.5893042780179116]"
"[0.5394401277120715, 0.49770630798187715, 0.6122721104348332, 0.5610714048229997]",stable,0.31916839229132266,2041,"[0.8074045052996336, 0.4409487959994308, 0.760557981093994, 0.6307380423072015]"
"[0.912506215795804, 0.8479873818825653, 0.3885943279260853, 0.6634738606974407]",stable,0.31213024611818035,2042,"[0.7738290577921543, 0.7304023334919827, 0.5259517151078925, 0.45016506816558555]"
"[0.6671634478901483, 0.7861646549542691, 0.42790720446975733, 0.47770706859744616]",stable,0.23323660639481963,2043,"[0.6518357291600795, 1.0, 0.45958077294436916, 0.5639370278364555]"
"[0.6668302366134077, 0.7908132494117851, 0.428595760306162, 0.479581632928729]",stable,0.3366722718434493,2044,"[0.7154575703366555, 0.8933047194955774, 0.4616943679772987, 0.7948332495359918]"
"[0.6668302366134077, 0.7908132494117851, 0.428595760306162, 0.479581632928729]",stable,0.411383322578675,2045,"[0.854006480022341, 0.458003320006631, 0.44717424609299744, 0.6315476908311258]"
"[0.9264178813179229, 0.7682590851314941, 0.5279823851424797, 0.8526122039526106]",stable,0.442034611417627,2046,"[1.0, 0.4718237009101922, 0.249102166925079, 0.6966245237660866]"
"[0.9264178813179229, 0.7682590851314941, 0.5279823851424797, 0.8526122039526106]",stable,0.3474435148015128,2047,"[0.9612438679162956, 0.44180531524088495, 0.6116201160245616, 0.7755614886270233]"
"[0.9243214575252238, 0.565702597580494, 0.3751714771977763, 0.6816718058789043]",anomaly,0.38189233976745335,2048,"[0.7367364638928858, 0.347533341201569, 0.12754862448805832, 0.7233698600779184]"
"[0.9243214575252238, 0.565702597580494, 0.3751714771977763, 0.6816718058789043]",stable,0.20435129787106038,2049,"[0.9380506689150817, 0.6841535579880179, 0.32262726036648953, 0.5242569496793659]"
"[0.912506215795804, 0.8479873818825653, 0.3885943279260853, 0.6634738606974407]",stable,0.5157168522019023,2050,"[0.6217497391400646, 0.5328336458526802, 0.4053742310291276, 0.9495177392301534]"
"[0.912506215795804, 0.8479873818825653, 0.3885943279260853, 0.6634738606974407]",stable,0.45753234013649174,2051,"[0.6704296928132076, 0.8262750202968422, 0.008436493142972956, 0.7392590393197648]"
"[0.9264178813179229, 0.7682590851314941, 0.5279823851424797, 0.8526122039526106]",stable,0.6139010480866559,2052,"[0.6553183324222186, 0.3661266679754365, 0.30425847230797026, 0.549929760905969]"
"[0.9243214575252238, 0.565702597580494, 0.3751714771977763, 0.6816718058789043]",stable,0.3807025169683349,2053,"[0.590765875270429, 0.6890545137530422, 0.3940834358271872, 0.816214448078507]"
"[0.6668302366134077, 0.7908132494117851, 0.428595760306162, 0.479581632928729]",stable,0.40941369857507093,2054,"[0.9635314173941658, 0.6320036468979277, 0.26396080445094433, 0.6446962215154558]"
"[0.912506215795804, 0.8479873818825653, 0.3885943279260853, 0.6634738606974407]",stable,0.27673909236657585,2055,"[0.8888456813952802, 0.8350144559131885, 0.15969561282165548, 0.8166462660813478]"
"[0.9243214575252238, 0.565702597580494, 0.3751714771977763, 0.6816718058789043]",stable,0.28867070113870347,2056,"[0.8882227668267073, 0.3292639550260931, 0.5280070514465669, 0.6290817519063311]"
"[0.6899775123236063, 0.34916682325959914, 0.506045665965974, 0.7161004694737344]",stable,0.20325705044520315,2057,"[0.8634767802290529, 0.3190272904379533, 0.4060010117525856, 0.7332500559577981]"
"[0.6959602456996561, 0.34812752902437, 0.5025958503034433, 0.7166918345249089]",stable,0.5383172689991913,2058,"[1.0, 0.7659329592475596, 0.5226507167538201, 0.8662970975185857]"
"[0.912506215795804, 0.8479873818825653, 0.3885943279260853, 0.6634738606974407]",stable,0.5388917944870478,2059,"[0.6244494716861174, 0.4292369363048263, 0.567659036875193, 0.6668757242769426]"
"[0.6935765532325381, 0.35083117593371854, 0.5047646231891684, 0.7150312975166434]",anomaly,0.3490606307224953,2060,"[0.600331692020608, 0.4952774496368983, 0.6100111547052824, 1.0]"
"[0.6935765532325381, 0.35083117593371854, 0.5047646231891684, 0.7150312975166434]",stable,0.656300470955316,2061,"[0.35500104861362514, 0.8387345814320469, 0.753535229552799, 0.58790778214351]"
"[0.5335880965835067, 0.38262628845130353, 0.828465379704829, 0.5809745319713607]",stable,0.23008606815187352,2062,"[0.6207747111300241, 0.34036202021354156, 0.6298275764031313, 0.516983534703713]"
"[0.5404828787815324, 0.4956890735233087, 0.6124971805113498, 0.5605061757189063]",stable,0.4841794934834819,2063,"[0.659911107457908, 0.49193814335170954, 0.9362438385962355, 0.9001246557915612]"
"[0.5233679523982665, 0.5440270571192733, 0.880317355842418, 0.8520206407015088]",stable,0.34773939813794874,2064,"[0.4757794280948889, 0.3470184631831904, 0.7011710330319231, 0.6334978036551827]"
"[0.3565391919330543, 0.6011162498849986, 0.8752764961291182, 0.48052497024294766]",stable,0.19681504682150688,2065,"[0.3732513155895123, 0.5035976984549484, 0.7176025220649588, 0.5444461530233269]"
"[0.356854515020912, 0.5992762772165071, 0.8723015154863981, 0.48173103029540765]",stable,0.5554879744594824,2066,"[0.3971056950323354, 0.06402632484737653, 0.7346502464444917, 0.520542741115503]"
"[0.38613838793466626, 0.35397504196137264, 0.9133668486480185, 0.34737892273395293]",stable,0.5323002776472788,2067,"[0.7194306345126548, 0.44036810519217884, 0.509548622726451, 0.3058224191090917]"
"[0.9243214575252238, 0.565702597580494, 0.3751714771977763, 0.6816718058789043]",stable,0.6292330963994835,2068,"[0.531584446393867, 0.47120277175462566, 0.5390150397188845, 0.22789102220537483]"
"[0.3229583984647628, 0.4206517464872711, 0.3626979978188172, 0.4948403511744298]",stable,0.29464281527100217,2069,"[0.355133273867, 0.36807404321144255, 0.5962065174188361, 0.32605491822442995]"
"[0.3229583984647628, 0.4206517464872711, 0.3626979978188172, 0.4948403511744298]",stable,0.47786601912546933,2070,"[0.3713615274942864, 0.662251556125078, 0.4733155266986911, 0.10062421296791191]"
"[0.11941724834998695, 0.7370976479134329, 0.33629825353410336, 0.2705207189536626]",stable,0.3372481861022115,2071,"[0.2766243942538581, 0.4879986092314311, 0.4826313501326818, 0.3450763765093742]"
"[0.3229583984647628, 0.4206517464872711, 0.3626979978188172, 0.4948403511744298]",stable,0.26885156892312184,2072,"[0.11737546159176156, 0.33552705077601475, 0.5124741154422102, 0.4764631112068709]"
"[0.4359439204343469, 0.5905928559628605, 0.35826096060700424, 0.2955831880081495]",anomaly,0.3999682167261808,2073,"[0.4909765766418993, 0.19640630200424802, 0.3522622406489838, 0.2565068885548792]"
"[0.4359439204343469, 0.5905928559628605, 0.35826096060700424, 0.2955831880081495]",stable,0.28625656511113734,2074,"[0.3066878089980247, 0.8196637417840742, 0.46663204117791146, 0.2636783781737956]"
"[0.11941724834998695, 0.7370976479134329, 0.33629825353410336, 0.2705207189536626]",stable,0.285245803399616,2075,"[0.215308882739971, 0.7282597364628288, 0.413439036926202, 0.5276999437560456]"
"[0.14824066749982373, 0.44816778644581573, 0.3776843939605037, 0.2774500919536841]",stable,0.25378240889574893,2076,"[0.03746418910427804, 0.6178062227476793, 0.5080374966110068, 0.3572307441047934]"
"[0.4359439204343469, 0.5905928559628605, 0.35826096060700424, 0.2955831880081495]",stable,0.12091528609110223,2077,"[0.3595894412237609, 0.5813103644526824, 0.3549543482622978, 0.3888216005919049]"
"[0.2901814391805282, 0.7089004081446616, 0.26370467960244437, 0.44923257775795455]",stable,0.21928145622247444,2078,"[0.35464121884213873, 0.537459588046699, 0.24203677856713474, 0.3306246475092243]"
"[0.2901814391805282, 0.7089004081446616, 0.26370467960244437, 0.44923257775795455]",stable,0.17113638752435628,2079,"[0.14853152129575026, 0.6857365432432474, 0.3220492811967356, 0.3765530983586442]"
"[0.11983919433470815, 0.7363532840776331, 0.3360917466886343, 0.27205742010445944]",stable,0.35385246583722924,2080,"[0.40466800423396576, 0.6573530715625121, 0.2243021769025211, 0.43126224145124364]"
"[0.14824066749982373, 0.44816778644581573, 0.3776843939605037, 0.2774500919536841]",stable,0.3399121601981165,2081,"[0.2818380356226926, 0.6268290247772395, 0.17009489922628865, 0.4280448577162038]"
"[0.14824066749982373, 0.44816778644581573, 0.3776843939605037, 0.2774500919536841]",stable,0.32567576125047554,2082,"[0.23316721753926617, 0.5805139464842008, 0.6624847205642226, 0.2624350843285106]"
"[0.11983919433470815, 0.7363532840776331, 0.3360917466886343, 0.27205742010445944]",stable,0.2703435360079257,2083,"[0.33063233711338696, 0.5715744200679862, 0.2981002250337874, 0.2795706535492387]"
"[0.29192149100832493, 0.7067099373258161, 0.26152415037168897, 0.4485906424079798]",stable,0.14521630260942847,2084,"[0.34711343930765115, 0.6593581669599489, 0.38383180866304156, 0.4196032321583298]"
"[0.14824066749982373, 0.44816778644581573, 0.3776843939605037, 0.2774500919536841]",stable,0.4507080255877139,2085,"[0.4870829403675759, 0.7069261789851412, 0.49682733359572917, 0.19275834104172979]"
"[0.2928116837228302, 0.7059461990941085, 0.2634968545376785, 0.44812310353298546]",stable,0.28969037725229635,2086,"[0.11250359348717268, 0.5527375912730706, 0.3974294175878962, 0.3481296121823647]"
"[0.2928116837228302, 0.7059461990941085, 0.2634968545376785, 0.44812310353298546]",stable,0.3220538135118573,2087,"[0.32625851809403295, 0.46717734997736254, 0.20934902395543664, 0.241586382336059]"
"[0.3580081152265563, 0.46296962921056495, 0.606560080357935, 0.31370819317442966]",stable,0.49508497690077974,2088,"[0.24729003199321092, 0.648953199379129, 0.16220794816717607, 0.28521372629293146]"
"[0.11983919433470815, 0.7363532840776331, 0.3360917466886343, 0.27205742010445944]",stable,0.36670786811928335,2089,"[0.2415395877163483, 0.49950274369396763, 0.14857178467049345, 0.4405856377892864]"
"[0.14764504959961286, 0.44991061652627, 0.3780134776876269, 0.27862808395749544]",anomaly,0.41146413283813743,2090,"[0.5093604486099357, 0.258697437615562, 0.4213782463532974, 0.2832885324850321]"
"[0.14764504959961286, 0.44991061652627, 0.3780134776876269, 0.27862808395749544]",stable,0.3480609486060098,2091,"[0.0919304851568862, 0.5128490631256253, 0.6757077490209912, 0.43818742717634307]"
"[0.43322815448318636, 0.5910402806769769, 0.35773371500483664, 0.2957042455807072]",stable,0.5202007411653431,2092,"[0.059756554885225466, 0.5828027958446568, 0.7197554263840243, 0.2961511644033168]"
"[0.5325739094170397, 0.3820015897623893, 0.8262321455526729, 0.5818959928780945]",stable,0.5064641946737231,2093,"[0.22471877159530879, 0.6548381401507269, 0.5499543859881705, 0.4771963704075386]"
"[0.5404828787815324, 0.4956890735233087, 0.6124971805113498, 0.5605061757189063]",stable,0.4794529263624734,2094,"[0.2783506256523265, 0.3659152496332424, 0.4830271591549799, 0.20335346514557684]"
"[0.2928116837228302, 0.7059461990941085, 0.2634968545376785, 0.44812310353298546]",stable,0.6810104288034174,2095,"[0.37376743355494, 0.23056372553456572, 0.7443631777427928, 0.4474494955308799]"
"[0.38613838793466626, 0.35397504196137264, 0.9133668486480185, 0.34737892273395293]",stable,0.5831515788026161,2096,"[0.28311485771879996, 0.83688202971874, 0.734766783217365, 0.6010613499635828]"
"[0.5404828787815324, 0.4956890735233087, 0.6124971805113498, 0.5605061757189063]",stable,0.45673707378337247,2097,"[0.1328582399950869, 0.419344240084738, 0.5160349682730635, 0.725785988278548]"
"[0.5404828787815324, 0.4956890735233087, 0.6124971805113498, 0.5605061757189063]",stable,0.2067278115836895,2098,"[0.6113677811372483, 0.6448165461311771, 0.6284537785387676, 0.6838678496423048]"
"[0.6668302366134077, 0.7908132494117851, 0.428595760306162, 0.479581632928729]",stable,0.23576740932132176,2099,"[0.8212515938672894, 0.7111956715671842, 0.3186779250684239, 0.5949914527742044]"
"[0.912506215795804, 0.8479873818825653, 0.3885943279260853, 0.6634738606974407]",stable,0.3383520113780393,2100,"[0.7719783790416985, 0.5810342760666836, 0.5018298422559583, 0.7666618846657293]"
"[0.9274999712985417, 0.7682248773979068, 0.5279039782544113, 0.8528134523874042]",stable,0.4907630312839142,2101,"[0.8652239283929858, 0.532071178728288, 0.511450868159943, 0.4274538714116377]"
"[0.922113586822564, 0.5659247958194242, 0.3770071056768804, 0.6829035461511772]",stable,0.4834151246537636,2102,"[0.6498625472136437, 0.24722564496815042, 0.5525739235434755, 0.5180499811707656]"
"[0.6921664240061222, 0.34748906203160346, 0.5063068586844686, 0.708677061505486]",stable,0.5385567018008542,2103,"[0.2355487267397607, 0.4535718793463796, 0.6109175161011363, 0.4650653913761754]"
"[0.34307415558559545, 0.26805097569211206, 0.71060674664926, 0.408392472474656]",stable,0.5863529207982557,2104,"[0.3150160824364086, 0.7516496088766422, 0.4083610645344388, 0.5418181142561409]"
"[0.43322815448318636, 0.5910402806769769, 0.35773371500483664, 0.2957042455807072]",stable,0.5376412428447142,2105,"[0.6211802772584023, 0.48130957308903455, 0.45883903611450844, 0.7768164896646201]"
"[0.689948106920256, 0.3516709530021482, 0.5048234892291573, 0.710806418635459]",stable,0.6516292298545008,2106,"[0.10673607917077235, 0.6319865438202348, 0.5625659124442116, 0.7615347735729681]"
"[0.5404828787815324, 0.4956890735233087, 0.6124971805113498, 0.5605061757189063]",stable,0.25614576883841755,2107,"[0.4429801625497302, 0.6853283803075247, 0.5851001037306988, 0.4212574460028985]"
"[0.5404828787815324, 0.4956890735233087, 0.6124971805113498, 0.5605061757189063]",stable,0.7003424833008688,2108,"[0.17279960707584818, 0.9469284154386516, 0.4816753572272583, 0.19368563037791006]"
"[0.43322815448318636, 0.5910402806769769, 0.35773371500483664, 0.2957042455807072]",stable,0.42789810269982315,2109,"[0.06388968901222372, 0.6862029309858888, 0.3134713084896247, 0.48457137764271746]"
"[0.43322815448318636, 0.5910402806769769, 0.35773371500483664, 0.2957042455807072]",anomaly,0.532030833737862,2110,"[0.2374158437131762, 0.7582662104469963, 0.27998311521911345, 0.7547300396753598]"
"[0.43322815448318636, 0.5910402806769769, 0.35773371500483664, 0.2957042455807072]",stable,0.38066299562830236,2111,"[0.42435279072516924, 0.36104122819298173, 0.497144074045843, 0.5649452747857634]"
"[0.3580081152265563, 0.46296962921056495, 0.606560080357935, 0.31370819317442966]",stable,0.38615613600422966,2112,"[0.2491301994467971, 0.47009044720465293, 0.40958641634291343, 0.0]"
"[0.09572540888160447, 0.5916744500080506, 0.4775469080564755, 0.45663263069753024]",stable,0.5142601831068666,2113,"[0.43244048077356484, 0.6372765474250887, 0.8378697419875135, 0.31816097168756347]"
"[0.3582542551274426, 0.5999799859240734, 0.8716638900512336, 0.47870195513600317]",stable,0.29340209421085,2114,"[0.20087259439563973, 0.5920457770564862, 0.7227576938147902, 0.6763880568342548]"
"[0.5404828787815324, 0.4956890735233087, 0.6124971805113498, 0.5605061757189063]",stable,0.2532905199942198,2115,"[0.4533598684975563, 0.27303492557510556, 0.5407841992579749, 0.5175172548297606]"
"[0.38613838793466626, 0.35397504196137264, 0.9133668486480185, 0.34737892273395293]",stable,0.49438219458417026,2116,"[0.10367694423097498, 0.49252262338983466, 0.5352936135412506, 0.2974341160077971]"
"[0.2928116837228302, 0.7059461990941085, 0.2634968545376785, 0.44812310353298546]",stable,0.5054736895444059,2117,"[0.0432309320641944, 0.3828591121871366, 0.5553563960990898, 0.3877422994916816]"
"[0.3580081152265563, 0.46296962921056495, 0.606560080357935, 0.31370819317442966]",stable,0.48101543854077067,2118,"[0.1634936538926069, 0.5846346413814113, 0.34094331478025125, 0.6426235851889279]"
"[0.43322815448318636, 0.5910402806769769, 0.35773371500483664, 0.2957042455807072]",stable,0.30445741720790664,2119,"[0.32669345818862067, 0.7534238687144944, 0.4889921042343618, 0.48999136036515767]"
"[0.43322815448318636, 0.5910402806769769, 0.35773371500483664, 0.2957042455807072]",stable,0.43897590792141655,2120,"[0.4660694276364794, 0.4030495864879279, 0.6127594721516048, 0.5977682464201648]"
"[0.5395409363619748, 0.4945164217886837, 0.6125005006586949, 0.5609778474999348]",stable,0.6037270694262376,2121,"[0.11327854895630614, 0.3713052658493583, 0.46614637378106794, 0.17863476591064367]"
"[0.09655185089393377, 0.5915885986833356, 0.4758810105774972, 0.4589008130693766]",stable,0.32942071522442196,2122,"[0.32684357902538597, 0.514732806172725, 0.27343551972803015, 0.5515978354891036]"
"[0.3580081152265563, 0.46296962921056495, 0.606560080357935, 0.31370819317442966]",stable,0.5045818181926928,2123,"[0.15163415548886136, 0.7159540302995895, 0.261927834773301, 0.14271080108394185]"
"[0.11983919433470815, 0.7363532840776331, 0.3360917466886343, 0.27205742010445944]",stable,0.36226247059787103,2124,"[0.0, 0.41355706304307893, 0.44360880672068703, 0.30545422523244503]"
"[0.2928116837228302, 0.7059461990941085, 0.2634968545376785, 0.44812310353298546]",stable,0.519627867881839,2125,"[0.14740338028562894, 0.4397044315644316, 0.38005426151993266, 0.04266134396596105]"
"[0.09655185089393377, 0.5915885986833356, 0.4758810105774972, 0.4589008130693766]",stable,0.5050888149880733,2126,"[0.1131978441078822, 0.1590463884683222, 0.42401619629444787, 0.20384219361558634]"
"[0.3580081152265563, 0.46296962921056495, 0.606560080357935, 0.31370819317442966]",stable,0.4475596940502337,2127,"[0.14312434213872846, 0.5302717445815631, 0.22319534409442118, 0.3650555208368612]"
"[0.11983919433470815, 0.7363532840776331, 0.3360917466886343, 0.27205742010445944]",stable,0.46077952319522186,2128,"[0.35308733006432963, 0.5226459355140057, 0.3844800568057891, 0.6035703411023934]"
"[0.3580081152265563, 0.46296962921056495, 0.606560080357935, 0.31370819317442966]",stable,0.41560877071916646,2129,"[0.6622348343147876, 0.41306679285801273, 0.36386605176958475, 0.45077047501387146]"
"[0.922113586822564, 0.5659247958194242, 0.3770071056768804, 0.6829035461511772]",stable,0.4304047589996571,2130,"[0.5691852078664121, 0.4376326756092437, 0.38348634585530267, 0.4726918261267631]"
"[0.752029162952407, 0.48354133317422693, 0.4641669431251163, 0.4618740076247368]",stable,0.5823800610913885,2131,"[0.823487632114464, 0.871884142676911, 0.6215576136731771, 0.8599672905042883]"
"[0.912506215795804, 0.8479873818825653, 0.3885943279260853, 0.6634738606974407]",stable,0.449823944318929,2132,"[0.840579976113969, 0.5146821147122042, 0.10980518752907886, 0.7548653865686211]"
"[0.9259925460929753, 0.7697271855903561, 0.5292612773184513, 0.8529171312006925]",anomaly,0.7084658655613018,2133,"[0.5056115931418627, 1.0, 0.24239655556911566, 0.41715710616285473]"
"[0.9259925460929753, 0.7697271855903561, 0.5292612773184513, 0.8529171312006925]",stable,0.5056854962085974,2134,"[0.4351993329877351, 0.6535445629892446, 0.5211809958953412, 0.8171938852224695]"
"[0.6668302366134077, 0.7908132494117851, 0.428595760306162, 0.479581632928729]",stable,0.36659607071370526,2135,"[0.4316589777077623, 0.6868309806667198, 0.42766396523224853, 0.2182887367527496]"
"[0.2928116837228302, 0.7059461990941085, 0.2634968545376785, 0.44812310353298546]",stable,0.3024275377060625,2136,"[0.44067508611104056, 0.7620542782477377, 0.48673673864742373, 0.5770209987582049]"
"[0.5395409363619748, 0.4945164217886837, 0.6125005006586949, 0.5609778474999348]",stable,0.3895887984808031,2137,"[0.5729586468807871, 0.48518632288732877, 0.2400482952422556, 0.4520972134995852]"
"[0.367733664608986, 0.8088705038162028, 0.4788740582478995, 0.47443912761020307]",stable,0.40787603985721343,2138,"[0.653127744052724, 0.5468486432070732, 0.38594789950437136, 0.3871330173305273]"
"[0.7500107666483318, 0.48483331909326466, 0.4625706361124481, 0.4603486812922019]",stable,0.6481480674880249,2139,"[0.7319435820540658, 0.8138949590749349, 0.27168341792512224, 0.984800777536059]"
"[0.922113586822564, 0.5659247958194242, 0.3770071056768804, 0.6829035461511772]",stable,0.3003032340720214,2140,"[0.7088443976204698, 0.7342355816060043, 0.3347150911514092, 0.8036559797766654]"
"[0.9259925460929753, 0.7697271855903561, 0.5292612773184513, 0.8529171312006925]",stable,0.3087323574699788,2141,"[0.8334477530346062, 0.8185614117077626, 0.26163355724290177, 0.7400377635844991]"
"[0.7649897056152275, 0.6713760849689121, 0.1994030738564242, 0.7698335891113492]",stable,0.2263207441732708,2142,"[0.9387177211193454, 0.7117337508835132, 0.2738947447566845, 0.6520969947977849]"
"[0.912506215795804, 0.8479873818825653, 0.3885943279260853, 0.6634738606974407]",stable,0.5325208467785743,2143,"[0.6818693963468062, 0.3736555241743541, 0.382015220410353, 0.5903225526052828]"
"[0.6897032975089393, 0.3523371521285787, 0.5011020265376783, 0.7071553923921203]",anomaly,0.7114187190397756,2144,"[0.47438126899707656, 0.830153057581627, 0.7322166653268255, 0.2852181908192116]"
"[0.6897032975089393, 0.3523371521285787, 0.5011020265376783, 0.7071553923921203]",stable,0.40280610440675857,2145,"[0.492938719938393, 0.499493853923759, 0.3441124035037432, 0.42924241655748924]"
"[0.2928116837228302, 0.7059461990941085, 0.2634968545376785, 0.44812310353298546]",stable,0.13799922953054705,2146,"[0.4104343880160558, 0.7670376901553675, 0.2967575843836574, 0.4288814727341698]"
"[0.14667826263269956, 0.4486766972641644, 0.38321806731229413, 0.2781575689497705]",stable,0.6522771788212228,2147,"[0.6417103293115385, 0.8267616013001601, 0.316180451088462, 0.4597244555832348]"
"[0.666295770500602, 0.7915781079626016, 0.42620394521642374, 0.4791591397937185]",stable,0.6542548822543471,2148,"[0.13689251857555373, 0.41417554947714474, 0.35404098987703353, 0.4672652535427904]"
"[0.3580081152265563, 0.46296962921056495, 0.606560080357935, 0.31370819317442966]",anomaly,0.3872362493167372,2149,"[0.535939490887384, 0.20526180159353313, 0.4240392725799853, 0.17745413395660448]"
"[0.3580081152265563, 0.46296962921056495, 0.606560080357935, 0.31370819317442966]",stable,0.23909537541518658,2150,"[0.2003895200856886, 0.6214639492665627, 0.5280742995312566, 0.34599611241308315]"
"[0.43395492184168366, 0.5910933340924335, 0.35843757673891563, 0.29640577885756747]",stable,0.2751351362943849,2151,"[0.3140984485974871, 0.36295634820364436, 0.26434882387497693, 0.31725263231990225]"
"[0.3580081152265563, 0.46296962921056495, 0.606560080357935, 0.31370819317442966]",stable,0.3098424078825477,2152,"[0.24029566357886986, 0.6327643455368978, 0.3956372125840758, 0.21975397769019803]"
"[0.43395492184168366, 0.5910933340924335, 0.35843757673891563, 0.29640577885756747]",stable,0.19511181129342556,2153,"[0.29953836080123164, 0.6387845588318789, 0.49050573518207596, 0.3132686265572814]"
"[0.43395492184168366, 0.5910933340924335, 0.35843757673891563, 0.29640577885756747]",stable,0.4046650033893111,2154,"[0.07119664888464733, 0.6058092458542969, 0.537108850541232, 0.29190931044621937]"
"[0.43395492184168366, 0.5910933340924335, 0.35843757673891563, 0.29640577885756747]",stable,0.21157342195875892,2155,"[0.4140629073277469, 0.5851439148391008, 0.17410930373137604, 0.1946447213821147]"
"[0.2946787107751036, 0.7069159053014301, 0.2640248026304719, 0.4478176808218931]",anomaly,0.4266847201249569,2156,"[0.6306981353603865, 0.8925642148037607, 0.14877442059861495, 0.5941148144572655]"
"[0.2946787107751036, 0.7069159053014301, 0.2640248026304719, 0.4478176808218931]",stable,0.4027955569062224,2157,"[0.6215834897313983, 0.5293403627057924, 0.409537608923065, 0.49949432966495455]"
"[0.7474422211099931, 0.4857234599655152, 0.46150997556866036, 0.461131594259657]",stable,0.3485630272451146,2158,"[0.7414085589017835, 0.6153346615008679, 0.6627992582505855, 0.7143969491674966]"
"[0.912506215795804, 0.8479873818825653, 0.3885943279260853, 0.6634738606974407]",stable,0.4346444418625512,2159,"[0.5185769958429046, 0.904773879995249, 0.4186615080319126, 0.8355401816957428]"
"[0.666295770500602, 0.7915781079626016, 0.42620394521642374, 0.4791591397937185]",stable,0.2220891339283732,2160,"[0.746363723761307, 0.8820939282765999, 0.5162298550849661, 0.6422999626889139]"
"[0.9259925460929753, 0.7697271855903561, 0.5292612773184513, 0.8529171312006925]",stable,0.35838086893043386,2161,"[0.6827183101820565, 0.729279288706679, 0.28251907210671157, 0.93499480881298]"
"[0.9259925460929753, 0.7697271855903561, 0.5292612773184513, 0.8529171312006925]",stable,0.3639270544076784,2162,"[0.9555174127859468, 0.41962403650791585, 0.5119781547984327, 0.75964193698954]"
"[0.922113586822564, 0.5659247958194242, 0.3770071056768804, 0.6829035461511772]",stable,0.3342848341535001,2163,"[1.0, 0.6214799617920835, 0.6036287842413968, 0.4565491882833905]"
"[0.9103485210940574, 0.8484303240435268, 0.3902519321749019, 0.6631988750090183]",stable,0.2932578953281144,2164,"[0.9379992679890723, 0.7089469731819439, 0.514082433748779, 0.8878008141832153]"
"[0.9103485210940574, 0.8484303240435268, 0.3902519321749019, 0.6631988750090183]",stable,0.19975984730746746,2165,"[1.0, 0.8001806194907339, 0.5061780410033485, 0.7900835164308365]"
"[0.9103485210940574, 0.8484303240435268, 0.3902519321749019, 0.6631988750090183]",stable,0.2764072085084594,2166,"[1.0, 0.8919726385300811, 0.4395994406264109, 0.9162452097072283]"
"[0.9103485210940574, 0.8484303240435268, 0.3902519321749019, 0.6631988750090183]",stable,0.3485256155701062,2167,"[0.6482777430417068, 0.7995329691144194, 0.5511548381603114, 0.8197501941537142]"
"[0.666295770500602, 0.7915781079626016, 0.42620394521642374, 0.4791591397937185]",stable,0.3327595247871177,2168,"[0.7572235911804763, 0.673487262854856, 0.32291395571126064, 0.7581694677973942]"
"[0.9282150687278384, 0.7710038338463518, 0.5274845562548843, 0.8534084943495703]",stable,0.4059916398214758,2169,"[0.9654135538746823, 0.826601320462715, 0.14675635909075935, 0.9775070184093247]"
"[0.7633526599812652, 0.6724672555438886, 0.2031599262219719, 0.7726244454456705]",stable,0.4009117723306204,2170,"[0.9820455145195628, 0.4298902158877598, 0.36231295436720934, 0.9421248231179353]"
"[0.922113586822564, 0.5659247958194242, 0.3770071056768804, 0.6829035461511772]",stable,0.21304252421783465,2171,"[0.7526380650274938, 0.6931253212899191, 0.39667926908771667, 0.6729941090247461]"
"[0.606228130153542, 0.6131522278554876, 0.4052630118896977, 0.6515882621202416]",stable,0.5039994520862261,2172,"[1.0, 0.8680352015281081, 0.3097261827745278, 0.8092795625627878]"
"[0.9282150687278384, 0.7710038338463518, 0.5274845562548843, 0.8534084943495703]",stable,0.4111709593284105,2173,"[0.5613619027044676, 0.6755434324915339, 0.5897625990789138, 1.0]"
"[0.666295770500602, 0.7915781079626016, 0.42620394521642374, 0.4791591397937185]",stable,0.42593208456933807,2174,"[1.0, 0.5646978555215764, 0.33524335140863115, 0.5807029692774703]"
"[0.9282150687278384, 0.7710038338463518, 0.5274845562548843, 0.8534084943495703]",stable,0.3725070231255995,2175,"[0.956494866657459, 0.8530120838259205, 0.2103552896284496, 0.6782930738657534]"
"[0.9282150687278384, 0.7710038338463518, 0.5274845562548843, 0.8534084943495703]",stable,0.5126402466274008,2176,"[0.8694029979683865, 0.5274155726408002, 0.4317254944448289, 0.4165605529794621]"
"[0.7498336088915303, 0.486540952370913, 0.4609259661348598, 0.4602576522737708]",stable,0.42584737086611596,2177,"[0.7952693368753871, 0.6362274468213742, 0.6160716181394936, 0.8246823467434916]"
"[0.9120674808974668, 0.8487364840089314, 0.38695544620089145, 0.6652390634445943]",stable,0.32700346239746036,2178,"[0.9302924055815637, 0.5437919632875335, 0.4558388078651873, 0.7593827743763873]"
"[0.9263938943189008, 0.7691575819692974, 0.5286980776505639, 0.8530149854782542]",stable,0.30039579522273635,2179,"[0.777430503084418, 0.8537429357553312, 0.3118310754623663, 0.7352798456676676]"
"[0.9263938943189008, 0.7691575819692974, 0.5286980776505639, 0.8530149854782542]",stable,0.5390174226443452,2180,"[0.8931760356010653, 0.5396453071568349, 0.2390192834995108, 0.4620588911326678]"
"[0.9103845186748037, 0.8487990646557615, 0.38601639156665984, 0.6661145732223827]",stable,0.3118588134727808,2181,"[0.7482123695814791, 0.7253604656985558, 0.15019536527050115, 0.6764813202151353]"
"[0.9263938943189008, 0.7691575819692974, 0.5286980776505639, 0.8530149854782542]",stable,0.3423161949806964,2182,"[0.9672969149010656, 0.780557066672378, 0.24669294113114087, 0.6636727689007487]"
"[0.9103845186748037, 0.8487990646557615, 0.38601639156665984, 0.6661145732223827]",stable,0.1912412810470652,2183,"[1.0, 0.938148036955338, 0.43698855602615466, 0.8001328282576565]"
"[0.9263938943189008, 0.7691575819692974, 0.5286980776505639, 0.8530149854782542]",stable,0.23589869856262702,2184,"[0.818376817242613, 0.922261183581725, 0.4729169977033817, 0.7209988298886235]"
"[0.9103553452588647, 0.8507845657682681, 0.38769776681783324, 0.6684182623894742]",stable,0.3538346447979773,2185,"[0.6152038462719256, 0.788833466427699, 0.2619262841970335, 0.8041685624073175]"
"[0.9263938943189008, 0.7691575819692974, 0.5286980776505639, 0.8530149854782542]",stable,0.44523144927200037,2186,"[0.5990801512292985, 0.6982527377665665, 0.2960649515704901, 0.6742663107298282]"
"[0.6061566503642997, 0.6140032329545985, 0.40417103128650567, 0.6518150426063375]",anomaly,0.5659717984821367,2187,"[0.5782792728029115, 0.30940474957627606, 0.19496510284120838, 0.2240305502221801]"
"[0.6061566503642997, 0.6140032329545985, 0.40417103128650567, 0.6518150426063375]",stable,0.5510340661962239,2188,"[0.12763479370642575, 0.5446429011794643, 0.3434401029598652, 0.39460642391311923]"
"[0.2946787107751036, 0.7069159053014301, 0.2640248026304719, 0.4478176808218931]",stable,0.6954417083574382,2189,"[0.34972642552883937, 0.47289267882654984, 0.908840078125992, 0.34754151824360685]"
"[0.3855949258092062, 0.355749932063838, 0.9132992849088838, 0.34738134953260447]",stable,0.3480575997961919,2190,"[0.18481693623520334, 0.45117065937833245, 0.657072920268202, 0.425325089116364]"
"[0.3448821180923489, 0.26813267978855465, 0.7078227704625177, 0.41018140333293635]",stable,0.1501414746938282,2191,"[0.38702048041578585, 0.3419482646540557, 0.7991246453647096, 0.49374005288069245]"
"[0.3855949258092062, 0.355749932063838, 0.9132992849088838, 0.34738134953260447]",stable,0.3625174757433104,2192,"[0.13673615544808532, 0.3523226764694833, 0.6497783765028772, 0.34161789695480155]"
"[0.3580081152265563, 0.46296962921056495, 0.606560080357935, 0.31370819317442966]",stable,0.3857717919027472,2193,"[0.020939330168419534, 0.4789067450970793, 0.7809799124309225, 0.3810003924559121]"
"[0.5325739094170397, 0.3820015897623893, 0.8262321455526729, 0.5818959928780945]",stable,0.6721632282947094,2194,"[0.0, 0.1250336547998367, 0.9808248514218771, 0.30218719399444205]"
"[0.1338821379186039, 0.3171401328999169, 0.9459164630365128, 0.4707188060573073]",stable,0.3618138856259787,2195,"[0.2541930074428737, 0.2523321697691301, 0.7883619625429205, 0.17506514077453744]"
"[0.34556176909756564, 0.2693232537379982, 0.7092953813480369, 0.41152912348693244]",stable,0.18316150415676918,2196,"[0.2286259079874623, 0.24471163892387393, 0.6770153697836897, 0.27652390039887714]"
"[0.3580081152265563, 0.46296962921056495, 0.606560080357935, 0.31370819317442966]",anomaly,0.5077117335254858,2197,"[0.36298757837600015, 0.0, 0.7061560187573337, 0.4967004902504881]"
"[0.3580081152265563, 0.46296962921056495, 0.606560080357935, 0.31370819317442966]",stable,0.21823045117211246,2198,"[0.37758349825251275, 0.5061453178162251, 0.819225511645333, 0.32598045649229096]"
"[0.38547711069807833, 0.3579616289131378, 0.9119158470667728, 0.34706663051730574]",stable,0.18319209925555893,2199,"[0.45232479715336904, 0.458870869688766, 0.77445232387214, 0.3436261418545322]"
"[0.386445917748155, 0.359424081678002, 0.9099236220929375, 0.3470167683627728]",stable,0.45588438409188514,2200,"[0.759021744492125, 0.38507522532407434, 0.8923637995821736, 0.6078835858155177]"
"[0.5325739094170397, 0.3820015897623893, 0.8262321455526729, 0.5818959928780945]",stable,0.44258974584536354,2201,"[0.4218953120760909, 0.6287745508862536, 0.4956932153051561, 0.4657794459646997]"
"[0.5395409363619748, 0.4945164217886837, 0.6125005006586949, 0.5609778474999348]",stable,0.5134780804338549,2202,"[0.9334577838838526, 0.4994061654111377, 0.28639975203073, 0.5148947868805537]"
"[0.9263938943189008, 0.7691575819692974, 0.5286980776505639, 0.8530149854782542]",stable,0.479018834790408,2203,"[0.5561361931187757, 0.46882006867541504, 0.4869494156838104, 0.8735748035317261]"
"[0.6857748532621697, 0.35576312026230916, 0.5006857732772705, 0.71205008095505]",stable,0.34991166627771797,2204,"[0.6456721771547808, 0.4909554861475568, 0.18506452658399403, 0.6578633444930135]"
"[0.367733664608986, 0.8088705038162028, 0.4788740582478995, 0.47443912761020307]",stable,0.7265277419306584,2205,"[0.8156286014799436, 0.47155438759544255, 0.5671265057489168, 0.9279388834734723]"
"[0.9234664955586435, 0.5646764846633405, 0.37626350281957355, 0.680212850207856]",stable,0.2722107956445766,2206,"[0.7292753414760306, 0.3864042379925362, 0.30924161845056203, 0.6909639442957654]"
"[0.6870177243539943, 0.3566385807688871, 0.4952159402822217, 0.7114476199076419]",stable,0.25339307352827034,2207,"[0.7602577831262726, 0.5193757844415545, 0.504130500154646, 0.5317782661874864]"
"[0.7500340737806599, 0.4871723914491945, 0.4617568225583172, 0.4616330486951884]",stable,0.26819202086542754,2208,"[0.8646255214932769, 0.6744558068142399, 0.3079228875743076, 0.4541629119127817]"
"[0.9103553452588647, 0.8507845657682681, 0.38769776681783324, 0.6684182623894742]",stable,0.20522054369564866,2209,"[0.9054783209127155, 0.6537421377664325, 0.43845672225896676, 0.6946765220029971]"
"[0.9263938943189008, 0.7691575819692974, 0.5286980776505639, 0.8530149854782542]",anomaly,0.6572202728275808,2210,"[0.6312257384872699, 0.8851379474981006, 0.0, 0.6253284810496489]"
"[0.9263938943189008, 0.7691575819692974, 0.5286980776505639, 0.8530149854782542]",stable,0.7513366274682246,2211,"[0.3011780503923659, 0.652105476122628, 0.22072373648495405, 0.5979414941487454]"
"[0.14638070843072654, 0.450176169200341, 0.3825965366192874, 0.2799770823085728]",stable,0.4531874823110147,2212,"[0.0, 0.34102377788120436, 0.5939137448923788, 0.6368837581773437]"
"[0.34556176909756564, 0.2693232537379982, 0.7092953813480369, 0.41152912348693244]",stable,0.38864556160288866,2213,"[0.36254305057379144, 0.5504063431763158, 0.4857523542504304, 0.2639560212599362]"
"[0.29478026295662335, 0.7060594923455114, 0.26334822347194814, 0.4501633654051252]",stable,0.39494766010252214,2214,"[0.5805107519994311, 0.4856628768512611, 0.3566766917697733, 0.31956141007643685]"
"[0.29478026295662335, 0.7060594923455114, 0.26334822347194814, 0.4501633654051252]",stable,0.39505690395265075,2215,"[0.0555640954012252, 0.7617343279388197, 0.531100124490842, 0.2950672186986767]"
"[0.434620607918502, 0.5892612031597754, 0.35772945167307024, 0.29506776459426365]",stable,0.29646041589180716,2216,"[0.3512722626799088, 0.8358375050069258, 0.49771311999104373, 0.31844577794779994]"
"[0.5395409363619748, 0.4945164217886837, 0.6125005006586949, 0.5609778474999348]",stable,0.28770713497149886,2217,"[0.45189037679561783, 0.6113040555273287, 0.37318857752582024, 0.496299976683202]"
"[0.29478026295662335, 0.7060594923455114, 0.26334822347194814, 0.4501633654051252]",stable,0.34479429841694453,2218,"[0.48102496195698363, 0.8095155323199372, 0.4850422975741101, 0.2941357857408449]"
"[0.4348262004051343, 0.589523618068913, 0.357913488885603, 0.297463386166751]",stable,0.5327772850632936,2219,"[0.07248680009491501, 0.7839783399378489, 0.6576918073200753, 0.1397227274838373]"
"[0.4348262004051343, 0.589523618068913, 0.357913488885603, 0.297463386166751]",stable,0.2952942499675626,2220,"[0.5158419015835038, 0.41606905478039946, 0.18259726199049703, 0.43822163739252196]"
"[0.371319957031909, 0.8098931715826643, 0.47980025458380154, 0.4619836945905082]",stable,0.22416240343224028,2221,"[0.25171857035510126, 0.9870758356899472, 0.4158144392317054, 0.4406199310860041]"
"[0.4348262004051343, 0.589523618068913, 0.357913488885603, 0.297463386166751]",anomaly,0.57240337907071,2222,"[0.03509577404959875, 0.8328793694528076, 0.03930604020169054, 0.21303302119835302]"
"[0.4348262004051343, 0.589523618068913, 0.357913488885603, 0.297463386166751]",stable,0.5163999197031218,2223,"[0.0, 0.5741939880879742, 0.5938341435202232, 0.44477767492396675]"
"[0.4348262004051343, 0.589523618068913, 0.357913488885603, 0.297463386166751]",stable,0.4206510112225931,2224,"[0.08389246911304082, 0.41249980373885664, 0.3412321609582406, 0.14854363615817637]"
"[0.29478026295662335, 0.7060594923455114, 0.26334822347194814, 0.4501633654051252]",stable,0.3452172246231777,2225,"[0.30295808034657074, 0.6092101446267822, 0.18105425316760762, 0.129295851036233]"
"[0.11983919433470815, 0.7363532840776331, 0.3360917466886343, 0.27205742010445944]",stable,0.29467992770508644,2226,"[0.1613485841182802, 0.5967996798271248, 0.23681657166563724, 0.5082405302476622]"
"[0.14541935090276215, 0.4495965328086258, 0.38196016160911744, 0.2779550292908744]",stable,0.4668456115015253,2227,"[0.1584049414549623, 0.9134168167635839, 0.4328703435817039, 0.27053229531315665]"
"[0.12039013357928322, 0.7388827631160039, 0.337474298072821, 0.2720356326074408]",stable,0.3099423992641569,2228,"[0.0, 0.6136919405970028, 0.19022528277622414, 0.06176083133638274]"
"[0.12039013357928322, 0.7388827631160039, 0.337474298072821, 0.2720356326074408]",stable,0.36516872815242307,2229,"[0.0, 0.6770659505171605, 0.0035816591084457117, 0.33160746389325424]"
"[0.12039013357928322, 0.7388827631160039, 0.337474298072821, 0.2720356326074408]",stable,0.4106693719413765,2230,"[0.3489145764347008, 0.4875428008109577, 0.5047380181553066, 0.11304826404939641]"
"[0.32212794968658887, 0.4227827060513329, 0.3636538773135946, 0.4982504708502058]",stable,0.3324435440386149,2231,"[0.07452899233841229, 0.5957861709222727, 0.49737338253294455, 0.4608023552822351]"
"[0.4348262004051343, 0.589523618068913, 0.357913488885603, 0.297463386166751]",stable,0.42383832546222067,2232,"[0.2040952499176024, 0.3223865615509662, 0.2469154797989221, 0.5041500805412553]"
"[0.3578818160766694, 0.4633109232605704, 0.6051458850495651, 0.31092124971435975]",stable,0.43690584859229575,2233,"[0.10295063111603961, 0.7102348540125083, 0.3661342353123956, 0.2226103490245131]"
"[0.12014450678402626, 0.7384792714384898, 0.3378779591607023, 0.2713395018527517]",stable,0.41963612047703086,2234,"[0.24844901256707952, 0.36561930294465456, 0.19583258999472034, 0.29209966558177214]"
"[0.3578818160766694, 0.4633109232605704, 0.6051458850495651, 0.31092124971435975]",stable,0.4685971033253507,2235,"[0.15182952561376492, 0.5217021306651732, 0.20634185687558226, 0.43204727024644035]"
"[0.12014450678402626, 0.7384792714384898, 0.3378779591607023, 0.2713395018527517]",stable,0.2968303036452046,2236,"[0.08251061008746316, 0.5550384359675239, 0.47423866664993986, 0.4569388992555594]"
"[0.4348262004051343, 0.589523618068913, 0.357913488885603, 0.297463386166751]",stable,0.24005687129520548,2237,"[0.3056006832677927, 0.5016943383171198, 0.5117390896756325, 0.39519653988900233]"
"[0.32022419646450845, 0.4211634133981012, 0.3617709999343257, 0.49834562584522274]",stable,0.1989485091130134,2238,"[0.240464275424269, 0.5482892156979732, 0.48269372935916977, 0.44899394733268]"
"[0.4348262004051343, 0.589523618068913, 0.357913488885603, 0.297463386166751]",stable,0.20902642613370034,2239,"[0.359486915634459, 0.6593210395442397, 0.2987015254183987, 0.469621169407081]"
"[0.14541935090276215, 0.4495965328086258, 0.38196016160911744, 0.2779550292908744]",stable,0.2975912275010851,2240,"[0.16384264541184015, 0.5734722396664135, 0.5143591539451489, 0.5132132639691133]"
"[0.4348262004051343, 0.589523618068913, 0.357913488885603, 0.297463386166751]",stable,0.29955450238207404,2241,"[0.17832874020953188, 0.6851098818588917, 0.3331708714874062, 0.4165978558618665]"
"[0.14541935090276215, 0.4495965328086258, 0.38196016160911744, 0.2779550292908744]",anomaly,0.5355717212975295,2242,"[0.06663891666124613, 0.8481832828930804, 0.571228921517103, 0.5711045662414257]"
"[0.14541935090276215, 0.4495965328086258, 0.38196016160911744, 0.2779550292908744]",stable,0.14235983924563067,2243,"[0.1263683925241299, 0.5227594300812225, 0.268867626520531, 0.23599488409553776]"
"[0.2939962497737559, 0.7050339156290282, 0.264941798471371, 0.449949612290863]",stable,0.3339607790115327,2244,"[0.29267615118000545, 0.4813312510297143, 0.49521239758182134, 0.5419312859773844]"
"[0.35716563617517794, 0.46383672346682453, 0.6038663399074564, 0.3120757057441494]",stable,0.2841862707612408,2245,"[0.27244125345441966, 0.6873746105264539, 0.5523607032382781, 0.45685691274970913]"
"[0.5395409363619748, 0.4945164217886837, 0.6125005006586949, 0.5609778474999348]",stable,0.5179564358828259,2246,"[0.1574677427880713, 0.5817706830886676, 0.49314444411179986, 0.24405550705160525]"
"[0.4348262004051343, 0.589523618068913, 0.357913488885603, 0.297463386166751]",stable,0.404305046378259,2247,"[0.07321068800082682, 0.7101496145373587, 0.4095818143519113, 0.4218681482741496]"
"[0.4348262004051343, 0.589523618068913, 0.357913488885603, 0.297463386166751]",stable,0.39884668634604264,2248,"[0.11386649805868061, 0.3919119990643142, 0.39390866114535183, 0.4228330168085722]"
"[0.2939962497737559, 0.7050339156290282, 0.264941798471371, 0.449949612290863]",stable,0.4631367988690181,2249,"[0.22025792270426553, 0.5013720401156698, 0.6737484418565338, 0.47133470930190796]"
"[0.34556176909756564, 0.2693232537379982, 0.7092953813480369, 0.41152912348693244]",stable,0.6186113228202548,2250,"[0.1638369978323393, 0.5681921171053574, 0.1997532222296279, 0.38506656842361203]"
"[0.12014450678402626, 0.7384792714384898, 0.3378779591607023, 0.2713395018527517]",stable,0.36448150550617214,2251,"[0.303496707058854, 0.678793592136976, 0.6002112705176023, 0.1074871538400794]"
"[0.4348262004051343, 0.589523618068913, 0.357913488885603, 0.297463386166751]",stable,0.5698042429640712,2252,"[0.16095471216536517, 0.7984458690590305, 0.7491958566716196, 0.5275087837085906]"
"[0.5395409363619748, 0.4945164217886837, 0.6125005006586949, 0.5609778474999348]",stable,0.28114324626715226,2253,"[0.40402158652132303, 0.5359858908478935, 0.7244645937803609, 0.34552401084857737]"
"[0.31978692590443697, 0.42211845843987283, 0.36388911735730184, 0.4990374617203364]",stable,0.3635407730942721,2254,"[0.34321672032005357, 0.264902492918593, 0.6902507109629489, 0.47943672601942033]"
"[0.386445917748155, 0.359424081678002, 0.9099236220929375, 0.3470167683627728]",stable,0.3859756166299507,2255,"[0.570371294680293, 0.48222422038898555, 0.6116635733834553, 0.4524193377319402]"
"[0.5399263158409537, 0.4943627692711875, 0.6124900390677543, 0.5596208661278349]",stable,0.38378718241742266,2256,"[0.3778775739976461, 0.19607537101779493, 0.6689815448419304, 0.38972047038523144]"
"[0.386445917748155, 0.359424081678002, 0.9099236220929375, 0.3470167683627728]",stable,0.2798211560991594,2257,"[0.2829591376065947, 0.2782642940964301, 1.0, 0.11703915910600035]"
"[0.3460300621619808, 0.26810968118269185, 0.708367904677862, 0.41224941957178846]",stable,0.11359618677630007,2258,"[0.3108974650356763, 0.3278804210453884, 0.7360949106148742, 0.3266429591420313]"
"[0.386445917748155, 0.359424081678002, 0.9099236220929375, 0.3470167683627728]",stable,0.4454895147758802,2259,"[0.0, 0.5547276654924203, 0.8052271832441386, 0.3430637603107189]"
"[0.5325739094170397, 0.3820015897623893, 0.8262321455526729, 0.5818959928780945]",stable,0.7008151985308668,2260,"[0.0, 0.3913104328832725, 0.47665199935108815, 0.28998155280782595]"
"[0.2939962497737559, 0.7050339156290282, 0.264941798471371, 0.449949612290863]",stable,0.5861448874225962,2261,"[0.26812454785503903, 0.3502018652711696, 0.7029182209498306, 0.2913073938139237]"
"[0.386445917748155, 0.359424081678002, 0.9099236220929375, 0.3470167683627728]",stable,0.5508580730025959,2262,"[0.19815305794509414, 0.4534757909041891, 0.4797831918046924, 0.07475971746712695]"
"[0.09688770374662953, 0.5918315056490712, 0.47788126526129593, 0.45694798057497543]",stable,0.1312707024251514,2263,"[0.1815329954418522, 0.5171966636079609, 0.4195307463392782, 0.4899938457331626]"
"[0.4348262004051343, 0.589523618068913, 0.357913488885603, 0.297463386166751]",stable,0.38129211002894425,2264,"[0.28371574154297896, 0.6006380449666825, 0.6184547863006744, 0.5310099644949269]"
"[0.5399263158409537, 0.4943627692711875, 0.6124900390677543, 0.5596208661278349]",stable,0.5820920297119397,2265,"[0.09502997346597619, 0.5579706347578486, 0.2997664187480955, 0.36199406547081575]"
"[0.12014450678402626, 0.7384792714384898, 0.3378779591607023, 0.2713395018527517]",stable,0.4065073006454443,2266,"[0.10118157922306359, 0.3444672376697936, 0.40725414792887515, 0.20184090809847494]"
"[0.2939962497737559, 0.7050339156290282, 0.264941798471371, 0.449949612290863]",stable,0.37387165661317545,2267,"[0.11488966521256165, 0.5102671345212663, 0.35084325572141783, 0.2001743380847408]"
"[0.2939962497737559, 0.7050339156290282, 0.264941798471371, 0.449949612290863]",stable,0.28900044733426755,2268,"[0.14976498267808183, 0.6028456330911915, 0.4899724705834345, 0.4904138146448366]"
"[0.4348262004051343, 0.589523618068913, 0.357913488885603, 0.297463386166751]",stable,0.5018266975883059,2269,"[0.305640580465317, 0.500042985873624, 0.7549598803414539, 0.5610700808976867]"
"[0.3443173635039013, 0.27025911942437636, 0.7087054398628466, 0.4091198970537942]",stable,0.3623646096067827,2270,"[0.07484088789860238, 0.44506480779310464, 0.8568451023177204, 0.330455094807085]"
"[0.5325739094170397, 0.3820015897623893, 0.8262321455526729, 0.5818959928780945]",stable,0.4737031463364501,2271,"[0.2831219667159973, 0.04022015628883652, 0.63463226746703, 0.48892644096964233]"
"[0.386445917748155, 0.359424081678002, 0.9099236220929375, 0.3470167683627728]",anomaly,0.4475761143143417,2272,"[0.4974640747643875, 0.0, 0.8043207095400119, 0.5653323685559517]"
"[0.386445917748155, 0.359424081678002, 0.9099236220929375, 0.3470167683627728]",stable,0.4211440965261696,2273,"[0.22319809963851867, 0.0, 0.7749211271545594, 0.4044724538223066]"
"[0.1338821379186039, 0.3171401328999169, 0.9459164630365128, 0.4707188060573073]",stable,0.5307839375302736,2274,"[0.6298115755510476, 0.46057666371990436, 0.8254577718206686, 0.49719986658369464]"
"[0.3582542551274426, 0.5999799859240734, 0.8716638900512336, 0.47870195513600317]",stable,0.344818793887305,2275,"[0.41020130301296437, 0.3439183335424935, 1.0, 0.29386749434281634]"
"[0.38678528039479515, 0.3592025709903519, 0.9112104274916099, 0.34625749301963055]",stable,0.5323207736547674,2276,"[0.19497080230802216, 0.5363664252067968, 0.4924450425658584, 0.5458098250227181]"
"[0.4348262004051343, 0.589523618068913, 0.357913488885603, 0.297463386166751]",stable,0.4841820594537904,2277,"[0.21529443299485562, 0.6283248512815425, 0.7875487542170096, 0.2853773247973859]"
"[0.5342504209021088, 0.3833563324168292, 0.8262187942814314, 0.5804357148385357]",stable,0.5758599569727829,2278,"[0.25298315792455495, 0.5556819560074285, 0.4377816157020944, 0.31224948369822103]"
"[0.2939962497737559, 0.7050339156290282, 0.264941798471371, 0.449949612290863]",stable,0.45767800690044735,2279,"[0.002614897247016773, 0.4011011591819784, 0.44339510642836094, 0.4313656988773714]"
"[0.4348262004051343, 0.589523618068913, 0.357913488885603, 0.297463386166751]",stable,0.4603286550056735,2280,"[0.08904084353597984, 0.5073875467706754, 0.6145965782941625, 0.15709809488157553]"
"[0.09840741194758067, 0.5885001492887663, 0.4771696341308846, 0.4583435855424828]",stable,0.40230124941332973,2281,"[0.0, 0.8550197241245316, 0.2538465725297703, 0.2815487809248893]"
"[0.11847583307869256, 0.7400978888369071, 0.33671085656860605, 0.27148129739542026]",stable,0.4011488299788887,2282,"[0.3402985178476403, 0.7859136507639378, 0.47311488357742737, 0.5731598310867483]"
"[0.4348262004051343, 0.589523618068913, 0.357913488885603, 0.297463386166751]",stable,0.19195553211434171,2283,"[0.4328512532584041, 0.5017081408382765, 0.49350877553938033, 0.40112334029129815]"
"[0.31978692590443697, 0.42211845843987283, 0.36388911735730184, 0.4990374617203364]",stable,0.3735883605291501,2284,"[0.08209844197228636, 0.6767119741097405, 0.22893654099105287, 0.5055483479781845]"
"[0.14312038171299335, 0.44986158905335183, 0.38257349029523946, 0.2778894519366226]",stable,0.2983057730495103,2285,"[0.04557938531391939, 0.4777962057151598, 0.3354505770216084, 0.5544236749411279]"
"[0.4348262004051343, 0.589523618068913, 0.357913488885603, 0.297463386166751]",anomaly,0.4349698091603032,2286,"[0.5791244907730984, 0.825346433645181, 0.08507452198039048, 0.10170017187557945]"
"[0.4348262004051343, 0.589523618068913, 0.357913488885603, 0.297463386166751]",stable,0.10034452120370413,2287,"[0.3824959325618496, 0.6073649764633462, 0.3917833809344116, 0.3740472117847896]"
"[0.2939962497737559, 0.7050339156290282, 0.264941798471371, 0.449949612290863]",stable,0.18454603293779104,2288,"[0.358593427755905, 0.8730196550772866, 0.3020351517761041, 0.4329402809562436]"
"[0.14312038171299335, 0.44986158905335183, 0.38257349029523946, 0.2778894519366226]",stable,0.3968314708715317,2289,"[0.07390681499232302, 0.5108576733828307, 0.45436188523351295, 0.6571131359339756]"
"[0.4342105501952133, 0.589733516402965, 0.3583119582038243, 0.2983643723504926]",stable,0.2786589593261022,2290,"[0.4266588939821407, 0.35709572192398154, 0.4479892742429478, 0.4225876538605189]"
"[0.35879952374090296, 0.4653036645968582, 0.6040028824341875, 0.3137089849395038]",stable,0.46652357151911394,2291,"[0.0, 0.6636965488839995, 0.3848116416811789, 0.35247247275518684]"
"[0.11685287646117622, 0.739051295138922, 0.3373697714331618, 0.27259076555103356]",stable,0.44962375116479253,2292,"[0.08826035036090066, 0.6653462643228691, 0.4716352007891237, 0.6943541446808108]"
"[0.5399263158409537, 0.4943627692711875, 0.6124900390677543, 0.5596208661278349]",stable,0.5887625980938929,2293,"[0.2972387235501509, 0.5795032805215732, 0.3074379442013849, 0.12667925086773268]"
"[0.11685287646117622, 0.739051295138922, 0.3373697714331618, 0.27259076555103356]",stable,0.2424711458185398,2294,"[0.22027860996734291, 0.6658303874390087, 0.16150753560767758, 0.16393283031697203]"
"[0.11685287646117622, 0.739051295138922, 0.3373697714331618, 0.27259076555103356]",stable,0.21735933605182864,2295,"[0.19799572380856564, 0.5650126111914456, 0.38932628339907116, 0.3601805860064768]"
"[0.29496038675856406, 0.7075411654715394, 0.2654954306102476, 0.4496957416739284]",stable,0.308131041990217,2296,"[0.0077807115265050575, 0.7773867967662764, 0.2881698771090052, 0.36555282493935926]"
"[0.11537892828638338, 0.7395693424582106, 0.3367049079963489, 0.2738470095968218]",stable,0.19509054782872187,2297,"[0.06829171345172703, 0.5746358678153939, 0.4167834697949109, 0.22665072866551364]"
"[0.29496038675856406, 0.7075411654715394, 0.2654954306102476, 0.4496957416739284]",stable,0.3871482950442948,2298,"[0.21419421734427255, 0.8707024759112292, 0.5977465909792745, 0.37002026588065406]"
"[0.4342105501952133, 0.589733516402965, 0.3583119582038243, 0.2983643723504926]",stable,0.22731845750017438,2299,"[0.46819300972648714, 0.3804261499468099, 0.2784311941064196, 0.3164851736260295]"
"[0.29496038675856406, 0.7075411654715394, 0.2654954306102476, 0.4496957416739284]",stable,0.6037048303261934,2300,"[0.4536118781419096, 0.5812360621150853, 0.8341214729689883, 0.4488764379639003]"
"[0.359988030091342, 0.5996391873093646, 0.8709813006497382, 0.4781596730056013]",stable,0.436926315339492,2301,"[0.13366068264245273, 0.4105723489577215, 0.5545470870615219, 0.41648588652045276]"
"[0.4346056950734839, 0.5872997098162654, 0.35738311210966844, 0.29857507934206867]",stable,0.7475283167220352,2302,"[0.5548913911190094, 0.22976977204531018, 1.0, 0.35812182252559455]"
"[0.3891529720951362, 0.35737957382211183, 0.9124609848508829, 0.3464245962521089]",stable,0.11314508239071876,2303,"[0.30980123943894367, 0.3014249613191966, 0.8644721901392745, 0.313694348537825]"
"[0.3880508646971335, 0.356602426426238, 0.9117944738132218, 0.3459700094782994]",stable,0.3100971527973051,2304,"[0.2191187509450865, 0.40835354674773594, 0.6595011042694392, 0.38191527823476934]"
"[0.32145680040565106, 0.42110247818181207, 0.36520318230864, 0.4978429334725267]",stable,0.6228229237557071,2305,"[0.1659231078074902, 0.10482073504862183, 0.7987072502256374, 0.22260168132736902]"
"[0.3434039993727385, 0.2668257020641444, 0.7075998701255957, 0.4103110395002994]",stable,0.1336475105149697,2306,"[0.2480638489183751, 0.30877488855116886, 0.7016141656260451, 0.49383558602950356]"
"[0.3880508646971335, 0.356602426426238, 0.9117944738132218, 0.3459700094782994]",stable,0.40973505778267233,2307,"[0.03389887518775525, 0.4004170016192792, 1.0, 0.5269651863573699]"
"[0.3880508646971335, 0.356602426426238, 0.9117944738132218, 0.3459700094782994]",stable,0.19587240090857416,2308,"[0.49180135738854946, 0.23213323028406518, 1.0, 0.4117654277520101]"
"[0.38947210432304336, 0.3548973689448384, 0.9130027686924927, 0.3468713165779393]",stable,0.2886541246067429,2309,"[0.3137734886899455, 0.09447791926790083, 0.8551048960758696, 0.26674348233697276]"
"[0.34200193833664494, 0.2674426018654242, 0.7075118450594259, 0.4115393416551406]",stable,0.28431855235078846,2310,"[0.1049436345376073, 0.4118122021902034, 0.7550949250989151, 0.37237725786494524]"
"[0.5342504209021088, 0.3833563324168292, 0.8262187942814314, 0.5804357148385357]",stable,0.3202320068173154,2311,"[0.3880265504299265, 0.15929346519865484, 1.0, 0.552812500555059]"
"[0.5342504209021088, 0.3833563324168292, 0.8262187942814314, 0.5804357148385357]",stable,0.35859001619711733,2312,"[0.38822073285518865, 0.5436022497772431, 0.5406260836343809, 0.5849278768745169]"
"[0.5380534074090307, 0.4949706640922499, 0.6116028297414164, 0.5599332983592754]",stable,0.429067943405454,2313,"[0.21256656800129017, 0.7267145914887851, 0.7245322232265441, 0.6680967008226602]"
"[0.5380534074090307, 0.4949706640922499, 0.6116028297414164, 0.5599332983592754]",stable,0.6985964958962688,2314,"[0.009817584096754484, 0.5310661428961867, 1.0, 0.32150357371659055]"
"[0.5342504209021088, 0.3833563324168292, 0.8262187942814314, 0.5804357148385357]",stable,0.5317786943524028,2315,"[0.2359445900488652, 0.6775512453973968, 0.9733642215783113, 0.2878613013159635]"
"[0.5342504209021088, 0.3833563324168292, 0.8262187942814314, 0.5804357148385357]",stable,0.3630717133020389,2316,"[0.335951095288342, 0.635754488550183, 0.995839133246639, 0.5851852254464222]"
"[0.359558799112717, 0.6002841034029507, 0.8732109048032543, 0.48007084358490165]",stable,0.4459577506207176,2317,"[0.7088454997834379, 0.3358229118278375, 0.800483862462775, 0.5206685225373952]"
"[0.5342504209021088, 0.3833563324168292, 0.8262187942814314, 0.5804357148385357]",stable,0.3423227145092083,2318,"[0.5082977315736891, 0.1759124625138057, 0.9712438991846182, 0.35142467018554824]"
"[0.39107785604264667, 0.3524786539930677, 0.9137898109964403, 0.3469328483834475]",stable,0.2594711305869949,2319,"[0.5404310190985435, 0.2665413978530845, 1.0, 0.5207186119326908]"
"[0.5342504209021088, 0.3833563324168292, 0.8262187942814314, 0.5804357148385357]",stable,0.22981869405568994,2320,"[0.6225534182757526, 0.3800615068915692, 1.0, 0.4587457421372005]"
"[0.5342504209021088, 0.3833563324168292, 0.8262187942814314, 0.5804357148385357]",stable,0.11111625984816541,2321,"[0.6060684234240499, 0.3169996543974327, 0.8082426791178419, 0.6300607919896999]"
"[0.359558799112717, 0.6002841034029507, 0.8732109048032543, 0.48007084358490165]",stable,0.21548753747203872,2322,"[0.4555504009476733, 0.45893945530249003, 0.7714685107704093, 0.397060802669692]"
"[0.39193748997471367, 0.35389813134386006, 0.9118921936600931, 0.3476012211072641]",stable,0.15245986830481717,2323,"[0.3617875458876171, 0.3543766317881224, 0.9312060263900949, 0.4957961576525776]"
"[0.39154078018409394, 0.3539044274023372, 0.9121463230381196, 0.34955115448286034]",stable,0.12211084067146337,2324,"[0.333237916774787, 0.4095792453688008, 1.0, 0.3758927492797953]"
"[0.3907836001398172, 0.35462747698631725, 0.9132872798817804, 0.34989325311658676]",stable,0.3284538648837452,2325,"[0.501677591824468, 0.3241594217169188, 0.6763822976961744, 0.5461894349160622]"
"[0.359558799112717, 0.6002841034029507, 0.8732109048032543, 0.48007084358490165]",stable,0.3476909090735944,2326,"[0.6824824726744176, 0.49286472437355483, 0.935896072486352, 0.5138482926792248]"
"[0.5349045071261804, 0.38126377260484073, 0.8234219174189505, 0.5806920281256805]",stable,0.19977233310774387,2327,"[0.5599374439190701, 0.531118596743588, 0.7551741964494175, 0.6910012182035905]"
"[0.5383202859030556, 0.49541149253921746, 0.6133537000671238, 0.5615316876256695]",stable,0.3610882710334853,2328,"[0.6049629110819088, 0.5776644603917009, 0.8945640112790807, 0.761778310904953]"
"[0.5266317507456122, 0.5453725532501704, 0.8808872220598845, 0.8484109475096466]",stable,0.4672740225340642,2329,"[0.7521921980607688, 0.6094226004341221, 0.5203319035902776, 0.665750194962293]"
"[0.6076025468761459, 0.6139578801573661, 0.40532113893307764, 0.6519530144118421]",stable,0.39349213752134427,2330,"[0.8109081581705636, 0.6670512256577638, 0.7061201800687694, 0.7940935231443756]"
"[0.9103553452588647, 0.8507845657682681, 0.38769776681783324, 0.6684182623894742]",stable,0.5787050944729693,2331,"[0.604805806239748, 0.6657532800149855, 0.8429777003284377, 0.6636568540641851]"
"[0.6594118400273195, 0.6757119959008056, 0.9183973857521134, 0.631522157077081]",stable,0.27095560975429595,2332,"[0.5700345608982362, 0.6017040064801816, 0.7191947019875976, 0.7738940388365612]"
"[0.5283010895976361, 0.5475391476051709, 0.8746682789801811, 0.8455449125606818]",stable,0.5643278682641758,2333,"[0.9264155675173322, 0.4880041232967068, 0.5490920704784362, 0.6209864152631274]"
"[0.9103553452588647, 0.8507845657682681, 0.38769776681783324, 0.6684182623894742]",stable,0.19381750174875684,2334,"[0.8703334772560261, 0.6780620174674125, 0.37826244710561185, 0.7461445135281948]"
"[0.9263938943189008, 0.7691575819692974, 0.5286980776505639, 0.8530149854782542]",stable,0.36180411069070756,2335,"[0.6101655051331644, 0.5946552882653866, 0.5083871715660178, 0.8468313803981312]"
"[0.666295770500602, 0.7915781079626016, 0.42620394521642374, 0.4791591397937185]",stable,0.3366367683504625,2336,"[0.9218348356216814, 0.6858121813641599, 0.38445154856953784, 0.6664941502629359]"
"[0.9263938943189008, 0.7691575819692974, 0.5286980776505639, 0.8530149854782542]",stable,0.12872854517675805,2337,"[0.8236616549335266, 0.724063932941279, 0.47302967562576653, 0.8232707899514924]"
"[0.9103553452588647, 0.8507845657682681, 0.38769776681783324, 0.6684182623894742]",stable,0.2724286635343779,2338,"[0.9345828681514688, 0.629395727227412, 0.23775360279420135, 0.6222215775040785]"
"[0.9103553452588647, 0.8507845657682681, 0.38769776681783324, 0.6684182623894742]",stable,0.22269918949788023,2339,"[0.7152778238503747, 0.8181494024718323, 0.2869834148156367, 0.6866186761629441]"
"[0.9250056208136931, 0.7685482083337836, 0.527945801947526, 0.8526130368900547]",stable,0.1564584340041901,2340,"[1.0, 0.6376299216951355, 0.5269461789489776, 0.8940194088509679]"
"[0.9103553452588647, 0.8507845657682681, 0.38769776681783324, 0.6684182623894742]",stable,0.33791941751494875,2341,"[0.5993730089832205, 0.8931297180830233, 0.3492282117690319, 0.787609288343494]"
"[0.666295770500602, 0.7915781079626016, 0.42620394521642374, 0.4791591397937185]",stable,0.07009879366162072,2342,"[0.6595517837069201, 0.747096492455165, 0.43170712235215225, 0.5326330627674679]"
"[0.6661552707757336, 0.79065140763953, 0.4263185947400847, 0.4802731798556716]",stable,0.4196775333739342,2343,"[1.0, 0.8579548280047216, 0.4075190030687947, 0.7248007933232409]"
"[0.9114354013400832, 0.8508709544699121, 0.387936576893146, 0.6690975699910858]",stable,0.4092360377007698,2344,"[1.0, 0.7460759197523967, 0.0872011255563451, 0.9103580835962738]"
"[0.7597084541150579, 0.6778972825777924, 0.20470518976709703, 0.7700278113499531]",stable,0.3767109447031404,2345,"[0.9744829769612865, 0.5452281232530772, 0.11920422163212202, 0.5038107592902424]"
"[0.9114354013400832, 0.8508709544699121, 0.387936576893146, 0.6690975699910858]",stable,0.39970165422566006,2346,"[0.6974075728611965, 0.6648198955829617, 0.6686071398838077, 0.64537965303173]"
"[0.5349045071261804, 0.38126377260484073, 0.8234219174189505, 0.5806920281256805]",stable,0.5863165706422033,2347,"[0.8165440264845826, 0.3536473555481005, 0.3398943859791711, 0.7535641253360266]"
"[0.6906156771909551, 0.35655549117942076, 0.49090145266269253, 0.7126175228362082]",stable,0.3975543675061714,2348,"[0.5402612090104462, 0.7093468745290537, 0.5223722884420698, 0.6126633565849301]"
"[0.6069423376813842, 0.6148930663766963, 0.4064686992223815, 0.6515678216880488]",stable,0.24225449023173803,2349,"[0.5515989626964068, 0.492461907834558, 0.565241761989095, 0.775769572241004]"
"[0.6868584686911025, 0.36022863757550555, 0.4929106502120548, 0.7143243349822836]",stable,0.37493619129434974,2350,"[0.4813481971237789, 0.6102813384479512, 0.3420213866231223, 0.6000931976220042]"
"[0.6057229770934462, 0.6148482923191356, 0.405842997158311, 0.6510680680563395]",stable,0.2427241037496393,2351,"[0.7478834645509097, 0.6422508925496436, 0.4159669083781238, 0.4565121885020522]"
"[0.7499934962480231, 0.49009840090392, 0.4608928619134079, 0.4615364286915444]",stable,0.5314500809737019,2352,"[0.9751983321162062, 0.675348547784087, 0.21125605167371644, 0.829076653051774]"
"[0.9140915995506198, 0.6897377784045399, 0.19745375273046958, 0.5730120154204902]",stable,0.45474906438986507,2353,"[0.9764624443881107, 0.6204218826043791, 0.5853917239217767, 0.7912000681986134]"
"[0.9114354013400832, 0.8508709544699121, 0.387936576893146, 0.6690975699910858]",stable,0.16876158349062584,2354,"[0.9186527829462822, 0.8903965395058691, 0.2345108087947634, 0.7267746302143726]"
"[0.9140915995506198, 0.6897377784045399, 0.19745375273046958, 0.5730120154204902]",stable,0.5257962373566797,2355,"[0.7061016033804446, 0.768970918013469, 0.4086532208264207, 1.0]"
"[0.9114354013400832, 0.8508709544699121, 0.387936576893146, 0.6690975699910858]",stable,0.29627723219606744,2356,"[1.0, 0.6596599530878332, 0.37789177114640954, 0.8771215229627166]"
"[0.9114354013400832, 0.8508709544699121, 0.387936576893146, 0.6690975699910858]",stable,0.29800063488681805,2357,"[0.8089435982963429, 0.622958120940285, 0.24198988873490668, 0.5979982505152432]"
"[0.9114354013400832, 0.8508709544699121, 0.387936576893146, 0.6690975699910858]",stable,0.24165500785810817,2358,"[1.0, 0.8133493300938751, 0.25970656284476906, 0.8499362989416257]"
"[0.9119457219740019, 0.688374928252208, 0.198362653465254, 0.5735219385856892]",stable,0.33851997424624086,2359,"[0.8698128893454578, 0.5672967576355554, 0.3824370581809748, 0.8270515966279949]"
"[0.9114354013400832, 0.8508709544699121, 0.387936576893146, 0.6690975699910858]",stable,0.3043356092675017,2360,"[0.6502921329096646, 0.7109791782380526, 0.3404264019663065, 0.7200625642794821]"
"[0.6061515266686022, 0.6157726277606638, 0.40521399143531095, 0.6517314766738699]",stable,0.397757960921262,2361,"[0.40737553654607606, 0.6612678352806787, 0.6765421434686032, 0.44434121356116]"
"[0.5383202859030556, 0.49541149253921746, 0.6133537000671238, 0.5615316876256695]",stable,0.5267215425748891,2362,"[0.4371878897226886, 0.7931532760829846, 0.21001986141054002, 0.4355179313051414]"
"[0.14284704847784685, 0.45314823701088797, 0.38313462416652033, 0.2783148274270164]",stable,0.24656825994744488,2363,"[0.3605550864266369, 0.45266711449146413, 0.2673854778972484, 0.27730453783737224]"
"[0.3569616188356948, 0.4645543209409486, 0.6047331221951776, 0.31460643616707307]",stable,0.6060057028574292,2364,"[0.146367945027918, 0.6639517241428743, 0.07387466864344389, 0.3509821744669462]"
"[0.14284704847784685, 0.45314823701088797, 0.38313462416652033, 0.2783148274270164]",anomaly,0.4902331547842189,2365,"[0.3987143208669434, 0.7613111579294309, 0.23600430890693577, 0.03696700897319466]"
"[0.14284704847784685, 0.45314823701088797, 0.38313462416652033, 0.2783148274270164]",stable,0.4123875424489885,2366,"[0.410275856720673, 0.37211177785168836, 0.29931140385596516, 0.5697802245372832]"
"[0.3569616188356948, 0.4645543209409486, 0.6047331221951776, 0.31460643616707307]",stable,0.48359105347903847,2367,"[0.6878772476306007, 0.7219247336434789, 0.6837637267740575, 0.542355833157415]"
"[0.5349045071261804, 0.38126377260484073, 0.8234219174189505, 0.5806920281256805]",stable,0.4477586375725608,2368,"[0.48917941735651516, 0.449873386724954, 0.38674893632860313, 0.6355230606013702]"
"[0.6050375065799157, 0.6141926349888951, 0.40503813376762804, 0.6515771108065127]",stable,0.3337775571438761,2369,"[0.8483904585776816, 0.777123894932553, 0.5007549595444928, 0.5232085313048291]"
"[0.6698743562410794, 0.7903753359516325, 0.42783770422588896, 0.48114941151789925]",stable,0.38453984839451183,2370,"[0.9264890392099505, 0.5084141783858039, 0.4017923258364823, 0.43826184482601793]"
"[0.7532619322287994, 0.49043758196839926, 0.45979840754161294, 0.4611054178792198]",stable,0.5251191920916185,2371,"[0.9919059011571774, 0.8027122453130073, 0.12366448709814548, 0.3700134634738945]"
"[0.9114354013400832, 0.8508709544699121, 0.387936576893146, 0.6690975699910858]",stable,0.39592403390311603,2372,"[0.7942991083403286, 0.5152554043509344, 0.3956254472993558, 0.4949194620825317]"
"[0.7540080627035545, 0.4908888151026272, 0.4586316264462992, 0.4617202186829164]",stable,0.31794829242474887,2373,"[0.7656018762260126, 0.641601289154547, 0.2527770961522562, 0.6511043855670264]"
"[0.9266694524289657, 0.7648765686973618, 0.5286885164077325, 0.8523497921962321]",stable,0.31129926391025353,2374,"[1.0, 0.563383625619899, 0.30305206574035815, 0.8566681859033691]"
"[0.9114354013400832, 0.8508709544699121, 0.387936576893146, 0.6690975699910858]",stable,0.46697668487300986,2375,"[0.8416980407891493, 0.4205265650276469, 0.2242410278086707, 0.7039027196656895]"
"[0.9266694524289657, 0.7648765686973618, 0.5286885164077325, 0.8523497921962321]",stable,0.48825691379375047,2376,"[0.7880117719564392, 0.5726444295818636, 0.20019235601425714, 0.5797586353125201]"
"[0.9114354013400832, 0.8508709544699121, 0.387936576893146, 0.6690975699910858]",stable,0.3911943592163713,2377,"[0.6904620927556715, 0.610894230722386, 0.24802897086587894, 0.8335386153875692]"
"[0.9266694524289657, 0.7648765686973618, 0.5286885164077325, 0.8523497921962321]",stable,0.2655766000237645,2378,"[0.9361003075526172, 0.7144657101656284, 0.2866287631052912, 0.9488267875115615]"
"[0.9114354013400832, 0.8508709544699121, 0.387936576893146, 0.6690975699910858]",stable,0.3429845433807599,2379,"[0.7952473752419015, 0.6877100433555889, 0.1513595777151818, 0.815891916387022]"
"[0.9266694524289657, 0.7648765686973618, 0.5286885164077325, 0.8523497921962321]",stable,0.5074182677848216,2380,"[0.5694302282280728, 0.7287541428150451, 0.42862888413238504, 0.508058236227469]"
"[0.6678654736808193, 0.7891429120889006, 0.4278535278240189, 0.48168758801209066]",stable,0.2925594323983156,2381,"[0.7490171826155082, 0.6424587276844748, 0.5523927510375255, 0.6865757368865165]"
"[0.9114354013400832, 0.8508709544699121, 0.387936576893146, 0.6690975699910858]",stable,0.5678642360542864,2382,"[0.6667594102599496, 0.41555464157254085, 0.6562023689028141, 0.7028114030768686]"
"[0.686329546100809, 0.3616845850491118, 0.4972078007039169, 0.7140213630900359]",stable,0.5315611489769285,2383,"[0.7115833516246832, 0.22644183692029757, 1.0, 0.60995934401579]"
"[0.5349045071261804, 0.38126377260484073, 0.8234219174189505, 0.5806920281256805]",stable,0.26957348387723984,2384,"[0.6295483969003927, 0.6121973504391642, 0.9220915791061354, 0.6061159898408459]"
"[0.6582632460608993, 0.6732691249215116, 0.9185394701118834, 0.6305449967987643]",stable,0.17070326943597244,2385,"[0.6169795435758281, 0.7885860888143331, 0.8603515456648655, 0.7342340771898265]"
"[0.6567342200429336, 0.6775401235842088, 0.9163843617990309, 0.6343853331095444]",stable,0.323863262656618,2386,"[0.5258188468645577, 0.6737176980581321, 0.9560625977353546, 0.34085576965769177]"
"[0.3624756420557317, 0.6015724120811118, 0.8746644432757473, 0.47762847386688045]",stable,0.22557829780200075,2387,"[0.41141697170114017, 0.6046971302504865, 0.9280825558243433, 0.6912333803645897]"
"[0.5239720481940622, 0.5496561099253677, 0.8766465855299649, 0.8398296706274933]",stable,0.4139793644962192,2388,"[0.5460744464936402, 0.4591966090070008, 0.7310336585341228, 0.46365902796195524]"
"[0.5384137095246289, 0.49497516864123897, 0.6147715308920274, 0.5603524989550223]",stable,0.4433789648694899,2389,"[0.37626338715700214, 0.547744062878831, 0.9218063452361662, 0.2897286899019067]"
"[0.36271336179885705, 0.6006443370948656, 0.8754772346888579, 0.4743888224192085]",stable,0.3001359360534614,2390,"[0.5092927423373949, 0.40609029311931966, 0.7055385237487448, 0.43119595485522244]"
"[0.5380670313438285, 0.4939170153612161, 0.6158520903307979, 0.5588149210490722]",anomaly,0.5168603072705581,2391,"[0.4911927548260577, 0.9014216299084182, 0.9236308061058198, 0.49431972222492804]"
"[0.5380670313438285, 0.4939170153612161, 0.6158520903307979, 0.5588149210490722]",stable,0.40342403803996246,2392,"[0.5162183981820126, 0.6252397440951293, 0.6207735367633562, 0.17802139171812353]"
"[0.32282324742588214, 0.42034877509981017, 0.36418946264013735, 0.49894966102736915]",stable,0.39231482261965017,2393,"[0.37869831190812386, 0.630756488063934, 0.6203032401695623, 0.29665476613130903]"
"[0.32282324742588214, 0.42034877509981017, 0.36418946264013735, 0.49894966102736915]",anomaly,0.6646854938737282,2394,"[0.48257011380446, 0.6136948533915957, 0.7246811743593488, 0.0]"
"[0.32282324742588214, 0.42034877509981017, 0.36418946264013735, 0.49894966102736915]",stable,0.19340013329096803,2395,"[0.39704199225523346, 0.4106796987396013, 0.5337801794270151, 0.5540920876603468]"
"[0.5364079132369038, 0.4929377528127265, 0.6148865384378123, 0.5587593583033225]",stable,0.1554637707777369,2396,"[0.5142389827809649, 0.559935729584695, 0.6470582341942875, 0.6934953061698367]"
"[0.5361501349757882, 0.493716799054261, 0.6152606279233527, 0.5603260553715377]",stable,0.4984116918308649,2397,"[0.34531486193529315, 0.6642835882937701, 0.21947728512612885, 0.3982809101494582]"
"[0.14284704847784685, 0.45314823701088797, 0.38313462416652033, 0.2783148274270164]",stable,0.3575860625229847,2398,"[0.45246030466685005, 0.4854082070587823, 0.2214809291781027, 0.20878209461839478]"
"[0.29775142992002573, 0.7081549992894188, 0.2640245072090327, 0.4487451236754755]",stable,0.45693678611275934,2399,"[0.23546455667230845, 0.37148127208430554, 0.5421295013389219, 0.3294975426773201]"
"[0.32282324742588214, 0.42034877509981017, 0.36418946264013735, 0.49894966102736915]",stable,0.31156899511745967,2400,"[0.21135939446086136, 0.7019928565627729, 0.33481147222117585, 0.5657672729012102]"
"[0.14284704847784685, 0.45314823701088797, 0.38313462416652033, 0.2783148274270164]",stable,0.26522116728902906,2401,"[0.2738582540808908, 0.5133590059419062, 0.36551641983122934, 0.05640810430820786]"
"[0.11537892828638338, 0.7395693424582106, 0.3367049079963489, 0.2738470095968218]",stable,0.18179621545732794,2402,"[0.19499076445568245, 0.6692459282941118, 0.39655732193766063, 0.13899848175145602]"
"[0.4348109204711088, 0.5861285431179036, 0.3558210180529838, 0.2975429760693828]",stable,0.1575993115106888,2403,"[0.38108835702088817, 0.5987511370018712, 0.2082043845967088, 0.29634764529661173]"
"[0.2965172579848948, 0.7080669686790382, 0.26503574956634907, 0.45041686866441455]",stable,0.309757684903002,2404,"[0.018669450938206295, 0.6071015336392039, 0.35309986853164355, 0.4221129580883642]"
"[0.4342004367955381, 0.5862719816847669, 0.35414355630916244, 0.2975293927651468]",stable,0.43444460857901196,2405,"[0.20173259797452542, 0.9327237200214813, 0.23370729913707908, 0.284601794414828]"
"[0.4342004367955381, 0.5862719816847669, 0.35414355630916244, 0.2975293927651468]",stable,0.2927477124826872,2406,"[0.17940914251774487, 0.698205317181562, 0.31184098426638607, 0.37792864852800007]"
"[0.11623266447613487, 0.7390178221211886, 0.33637338901328273, 0.27523476478257086]",stable,0.44793392501140156,2407,"[0.23763425360108986, 0.5133899176022224, 0.6721973063842305, 0.42430119479975037]"
"[0.32282324742588214, 0.42034877509981017, 0.36418946264013735, 0.49894966102736915]",stable,0.34787968196892816,2408,"[0.3073971227233042, 0.7461067653527722, 0.26772347676387076, 0.4257488880892771]"
"[0.14284704847784685, 0.45314823701088797, 0.38313462416652033, 0.2783148274270164]",anomaly,0.6638057446208462,2409,"[0.4812597798400701, 0.959243732211656, 0.6443418865346711, 0.23644591691789138]"
"[0.14284704847784685, 0.45314823701088797, 0.38313462416652033, 0.2783148274270164]",stable,0.5304074871989208,2410,"[0.0, 0.9149429916875789, 0.2379317678741769, 0.4413748111614723]"
"[0.4342004367955381, 0.5862719816847669, 0.35414355630916244, 0.2975293927651468]",stable,0.45001976301773966,2411,"[0.14879219859162215, 0.6556528082498224, 0.6512723823322784, 0.1303149008000244]"
"[0.4342004367955381, 0.5862719816847669, 0.35414355630916244, 0.2975293927651468]",stable,0.30393258748682644,2412,"[0.23149332522627822, 0.5635298823832807, 0.5666246534546886, 0.22256656910648354]"
"[0.4342004367955381, 0.5862719816847669, 0.35414355630916244, 0.2975293927651468]",stable,0.4207416332135053,2413,"[0.3516153871805367, 0.47233604133162815, 0.5879348399559066, 0.6177847107317798]"
"[0.5340290459206705, 0.4934710432183687, 0.6149465384064855, 0.5609864996860232]",stable,0.8707141482463648,2414,"[0.0, 1.0, 0.276350794724916, 0.24202342287008788]"
"[0.4342004367955381, 0.5862719816847669, 0.35414355630916244, 0.2975293927651468]",stable,0.33833037525904236,2415,"[0.14343278338904347, 0.42982164489863706, 0.41601487609497523, 0.3377394221467984]"
"[0.2966704955164217, 0.7086027404631753, 0.2650736048789902, 0.45006943231828583]",stable,0.3530381599195253,2416,"[0.20943684244981237, 0.4983616045817813, 0.41809335824793326, 0.2277861626054534]"
"[0.2966704955164217, 0.7086027404631753, 0.2650736048789902, 0.45006943231828583]",anomaly,0.29947421604243324,2417,"[0.2781813435083401, 0.8528093350902759, 0.041756111923467315, 0.3134066621928156]"
"[0.2966704955164217, 0.7086027404631753, 0.2650736048789902, 0.45006943231828583]",stable,0.27639519451528444,2418,"[0.13074719586404698, 0.4999792714759045, 0.24157008566039284, 0.3808769836286458]"
"[0.14374272219628903, 0.4534400606836699, 0.38403914397998523, 0.2784334398256594]",anomaly,0.5125951447699233,2419,"[0.0, 0.5406771022052248, 0.1593670172869863, 0.707390251557459]"
"[0.14374272219628903, 0.4534400606836699, 0.38403914397998523, 0.2784334398256594]",stable,0.3702761288710951,2420,"[0.07969182565593455, 0.5992241078132894, 0.1361965924562772, 0.5027612702900662]"
"[0.14374272219628903, 0.4534400606836699, 0.38403914397998523, 0.2784334398256594]",stable,0.14689070645508898,2421,"[0.24127802114335736, 0.5104739955130434, 0.47772357781978625, 0.27259372783140445]"
"[0.2966704955164217, 0.7086027404631753, 0.2650736048789902, 0.45006943231828583]",stable,0.3586826768633877,2422,"[0.1727529888180852, 0.42001847496059697, 0.2063729038955471, 0.28706310230640286]"
"[0.05409935562099338, 0.5676703541123421, 0.1755896821628532, 0.38837805127904224]",stable,0.1752990643617399,2423,"[0.0, 0.7253471632815235, 0.19659294442097325, 0.3383789661650433]"
"[0.14502608139296097, 0.4541905071945827, 0.38527183389893, 0.27835660150994546]",stable,0.23577148467198913,2424,"[0.18783699973821819, 0.5793388056279412, 0.31429790577695527, 0.46016975609739974]"
"[0.14502608139296097, 0.4541905071945827, 0.38527183389893, 0.27835660150994546]",stable,0.29799649672604345,2425,"[0.05480355049225724, 0.7267457152537252, 0.30628460040990874, 0.29003917333530793]"
"[0.11542438666055753, 0.7388563470308273, 0.3359774839000805, 0.275429559631949]",stable,0.1770767588839973,2426,"[0.22838923949165296, 0.6095441711110172, 0.2947961737975308, 0.26210359179347653]"
"[0.11542438666055753, 0.7388563470308273, 0.3359774839000805, 0.275429559631949]",stable,0.5098421092598576,2427,"[0.47792298627929525, 0.5798038993118694, 0.5227234946933617, 0.5368908148427327]"
"[0.5333914770611093, 0.4944520984012494, 0.6138985492733817, 0.5607126850855313]",stable,0.2141629447245137,2428,"[0.4682311828505502, 0.6047264748668776, 0.4995753363577898, 0.4326905470185485]"
"[0.2951589191861689, 0.706807408034908, 0.26575727572479524, 0.45020971459299575]",stable,0.5016757323542472,2429,"[0.4046715629938788, 0.3925549029554371, 0.6143898623393852, 0.5894440633763095]"
"[0.5319451858918146, 0.4933071860928695, 0.61390406964491, 0.5610355095607086]",stable,0.4511173710500462,2430,"[0.3863147286354325, 0.3281872790088075, 0.8557719501702312, 0.25033630287176034]"
"[0.39072630691540206, 0.3542885000891697, 0.9125499038598375, 0.3486168819596018]",stable,0.5060788537481757,2431,"[0.19635541587484312, 0.663020308192169, 0.5847799138817564, 0.47346585977835715]"
"[0.5319451858918146, 0.4933071860928695, 0.61390406964491, 0.5610355095607086]",stable,0.5535926425898716,2432,"[0.0, 0.5346353047795318, 0.7602356479634603, 0.5804825897729978]"
"[0.34200193833664494, 0.2674426018654242, 0.7075118450594259, 0.4115393416551406]",stable,0.3541599883356355,2433,"[0.49183049310406046, 0.16130060177430014, 0.9695688911610713, 0.2597477677146186]"
"[0.39200610674057496, 0.3518456153003739, 0.9132716631927645, 0.3474919564628298]",stable,0.3991169063931516,2434,"[0.3918909256350971, 0.44771802068476685, 0.7859226275408151, 0.713394944570992]"
"[0.36271336179885705, 0.6006443370948656, 0.8754772346888579, 0.4743888224192085]",stable,0.4557186575642137,2435,"[0.12320073369250926, 0.2200918422517188, 0.8017067198258702, 0.4672540039053421]"
"[0.39200610674057496, 0.3518456153003739, 0.9132716631927645, 0.3474919564628298]",stable,0.34046572765324606,2436,"[0.2774759922907307, 0.038762377133956805, 0.8824600433634336, 0.28561066160498727]"
"[0.13062729477281143, 0.3167350910784806, 0.9432656922645376, 0.47227120541460427]",stable,0.16483586565000394,2437,"[0.1446334203109178, 0.38526317685636413, 0.7940420496716735, 0.4755722662945525]"
"[0.34200193833664494, 0.2674426018654242, 0.7075118450594259, 0.4115393416551406]",stable,0.40853007490694226,2438,"[0.0, 0.14076075701129395, 0.8819569448826888, 0.470294031761169]"
"[0.13062729477281143, 0.3167350910784806, 0.9432656922645376, 0.47227120541460427]",stable,0.4381395890643924,2439,"[0.06506368754771347, 0.07359086287770422, 0.744850118969417, 0.17364123793015185]"
"[0.3562137318984543, 0.4680874476669712, 0.6051890108936195, 0.31423205055030057]",stable,0.4523811007514503,2440,"[0.14449497011622872, 0.48183367824021606, 1.0, 0.2529201410027765]"
"[0.5325600221837037, 0.3823531865077903, 0.8228071749619319, 0.5828674857723251]",stable,0.673404878608075,2441,"[0.0, 0.20704338323823107, 0.8597949147397722, 0.21171747123835744]"
"[0.3562137318984543, 0.4680874476669712, 0.6051890108936195, 0.31423205055030057]",stable,0.19607627934997063,2442,"[0.3072699236892842, 0.4820085565688158, 0.7492941757771951, 0.19138940672279187]"
"[0.32282324742588214, 0.42034877509981017, 0.36418946264013735, 0.49894966102736915]",stable,0.5704807599964165,2443,"[0.26262429677428184, 0.04347544754596268, 0.6811821986697189, 0.217335591511115]"
"[0.355609487352662, 0.46825931320896924, 0.6069680870032933, 0.3127154747005782]",stable,0.3177938739744124,2444,"[0.6136673028112772, 0.3693714698859579, 0.5659759969348794, 0.4641748858018321]"
"[0.532853209413142, 0.49193012257945934, 0.6133715355036874, 0.5599592804078322]",stable,0.1514153571284767,2445,"[0.6019111949420155, 0.3623383458572349, 0.6233484682837463, 0.5244059791923705]"
"[0.5336120883749977, 0.4905060371209733, 0.6134811721276441, 0.5595685847900799]",stable,0.24500654728503266,2446,"[0.6572334122387141, 0.6409462741995217, 0.6999364165112104, 0.6805611559878318]"
"[0.5325600221837037, 0.3823531865077903, 0.8228071749619319, 0.5828674857723251]",stable,0.5955632597826774,2447,"[0.8678022868447416, 0.4666979443769301, 0.34020110421858385, 0.5350599268556615]"
"[0.7560401024203615, 0.49045683526823974, 0.4565167956922328, 0.4630298563288583]",stable,0.23083127598154973,2448,"[0.9125492740383214, 0.6559273470675251, 0.48751587966499116, 0.4418987492006745]"
"[0.9114354013400832, 0.8508709544699121, 0.387936576893146, 0.6690975699910858]",stable,0.3097208015372064,2449,"[0.9198257173018599, 0.6314472508717233, 0.304469664469054, 0.46724839280040653]"
"[0.9114354013400832, 0.8508709544699121, 0.387936576893146, 0.6690975699910858]",stable,0.16014774079805402,2450,"[1.0, 0.8389886833660118, 0.36556781558578594, 0.8001016191571949]"
"[0.9124897418003203, 0.8507294988615323, 0.3876702821156774, 0.6706571420049681]",stable,0.3250659520273579,2451,"[0.9351977296634648, 0.7289709295628732, 0.6117354319947029, 0.8709616099199232]"
"[0.9124897418003203, 0.8507294988615323, 0.3876702821156774, 0.6706571420049681]",stable,0.4595432735310838,2452,"[1.0, 0.43759940497347927, 0.5534500837962806, 0.7438866294828841]"
"[0.9214333204579198, 0.5670374973340288, 0.3752155782730537, 0.6814018831634929]",stable,0.43006923912056777,2453,"[1.0, 0.9200035476506725, 0.3955556817159937, 0.4494793210457136]"
"[0.9267802092761671, 0.7644102616956152, 0.5297670477789919, 0.8525915041147214]",stable,0.42837894083908756,2454,"[0.7490073956981118, 0.41468886896338486, 0.48561100033458704, 0.6863070049980657]"
"[0.6879366704494577, 0.36304366925204185, 0.49691044684829305, 0.7133107385235752]",stable,0.5835302888393135,2455,"[0.6916673818511989, 0.6773355088204062, 0.9876481926100531, 0.7431567474817118]"
"[0.6579818329646574, 0.6775328159140729, 0.9189294986137103, 0.6382700264799789]",stable,0.3321013585820019,2456,"[0.5293923615174138, 0.4345101929914066, 0.7382593944516131, 0.6835952778833021]"
"[0.36271336179885705, 0.6006443370948656, 0.8754772346888579, 0.4743888224192085]",stable,0.5054190126175562,2457,"[0.5316529395866698, 0.2526382162697639, 0.600927444453225, 0.29996993031741903]"
"[0.39200610674057496, 0.3518456153003739, 0.9132716631927645, 0.3474919564628298]",stable,0.18829459208838803,2458,"[0.37272891922800333, 0.5173430348392648, 1.0, 0.36060847932358286]"
"[0.3917651418966678, 0.35391433304461006, 0.914355767402855, 0.3476559129985893]",stable,0.4097625089132075,2459,"[0.13587554397192164, 0.38610171612140115, 0.7433219281703227, 0.07907217262548627]"
"[0.0971516045877516, 0.5849158932530946, 0.4749921174435109, 0.46057823825705996]",stable,0.8838155496063251,2460,"[0.794073035423934, 0.3733355774129709, 0.9458395039070742, 0.29038142989508064]"
"[0.5325089308826345, 0.3831944285478487, 0.8214435010827331, 0.5844921275805666]",stable,0.27078815170321846,2461,"[0.33358577404020856, 0.28693522264610144, 0.7719379186414027, 0.7329480582839188]"
"[0.34200193833664494, 0.2674426018654242, 0.7075118450594259, 0.4115393416551406]",stable,0.4881492450080347,2462,"[0.6895529852383555, 0.502417997184036, 0.47230477424582556, 0.32809982683399963]"
"[0.7548736617680456, 0.4906666802141309, 0.4567937777721204, 0.46066266282894847]",stable,0.517270141454367,2463,"[0.8096812223321191, 0.4870234732894426, 0.4910046867462349, 0.973869123520652]"
"[0.9214333204579198, 0.5670374973340288, 0.3752155782730537, 0.6814018831634929]",stable,0.42187801569304323,2464,"[0.6354672376133568, 0.4026816586578218, 0.4515332046925582, 0.9331303832948243]"
"[0.6866249346285551, 0.3640346189871863, 0.49577601579439967, 0.7188062296428563]",stable,0.4632262058882305,2465,"[0.28665811702155886, 0.47215725952207477, 0.39555072009977527, 0.5375068988618921]"
"[0.355609487352662, 0.46825931320896924, 0.6069680870032933, 0.3127154747005782]",anomaly,0.6091154897392708,2466,"[0.83478465030978, 0.4967127427493655, 0.23408378148354375, 0.2732118028487765]"
"[0.355609487352662, 0.46825931320896924, 0.6069680870032933, 0.3127154747005782]",stable,0.5754669364461622,2467,"[0.6922134131127053, 0.5128776631319288, 0.21367136285517163, 0.5600752970852314]"
"[0.3702120484896137, 0.8090367601248526, 0.47956149133357384, 0.46595427089394537]",stable,0.21362625293392837,2468,"[0.23149436754243383, 0.7956137393510057, 0.42815707250515, 0.6194827346179207]"
"[0.4345828047287405, 0.5864793355407457, 0.355777621253529, 0.29904805741967944]",stable,0.14565780364927508,2469,"[0.3358590367591091, 0.5226014163436214, 0.4344830690550346, 0.3336150550795761]"
"[0.2951589191861689, 0.706807408034908, 0.26575727572479524, 0.45020971459299575]",stable,0.44886928936089016,2470,"[0.5401397901073871, 0.6923808098799273, 0.6399156049139619, 0.4146368347815747]"
"[0.5325089308826345, 0.3831944285478487, 0.8214435010827331, 0.5844921275805666]",stable,0.364100236061026,2471,"[0.29033016358874164, 0.4498764123029416, 0.652628876805779, 0.3820728541789914]"
"[0.32227529090460455, 0.42113375213651116, 0.3646646332077076, 0.49953386160061947]",stable,0.15058190719148948,2472,"[0.358703454023898, 0.5091391787089732, 0.4002826417704426, 0.6105937646484991]"
"[0.3548133980384679, 0.46803513149060305, 0.6075249259033236, 0.31356129640153446]",stable,0.6796334081401157,2473,"[0.4277923314115618, 0.8836959938088175, 0.6630490747833523, 0.8433902887867204]"
"[0.6678654736808193, 0.7891429120889006, 0.4278535278240189, 0.48168758801209066]",stable,0.3824797716406003,2474,"[0.5220172179843705, 0.6143134069646896, 0.6999550083525176, 0.33880830170098253]"
"[0.3228189948317582, 0.4224472659659509, 0.36519624527580813, 0.5011914720938714]",stable,0.45600355156921074,2475,"[0.5384864553815024, 0.32398849913359273, 0.7536443689048553, 0.53018650592179]"
"[0.36271336179885705, 0.6006443370948656, 0.8754772346888579, 0.4743888224192085]",anomaly,0.5530027709746757,2476,"[0.6428605395041034, 0.5429874547148122, 0.5065998192225826, 0.17785086565382513]"
"[0.36271336179885705, 0.6006443370948656, 0.8754772346888579, 0.4743888224192085]",stable,0.4012386473127853,2477,"[0.24873833670771586, 0.6180019516173355, 0.4912138034693619, 0.48090606097372385]"
"[0.4334858739735224, 0.5857695808829999, 0.35665212622910136, 0.29943213517145606]",stable,0.20227487118320783,2478,"[0.3659794473357987, 0.571566374383653, 0.48074449340877007, 0.44350627999859754]"
"[0.35682790189323776, 0.46979752035173666, 0.6086385413545187, 0.3138654771882748]",stable,0.14022388639213082,2479,"[0.35114689320802517, 0.46030698973269035, 0.5670217576316746, 0.44731373531241336]"
"[0.32345370736858237, 0.42464019403091713, 0.3668954842189399, 0.5003431604454115]",stable,0.3275338275751352,2480,"[0.25696813203748853, 0.6871453334900763, 0.5045050782515743, 0.3778167230263273]"
"[0.4334858739735224, 0.5857695808829999, 0.35665212622910136, 0.29943213517145606]",stable,0.12603159179257126,2481,"[0.5115564577224858, 0.6785902165437675, 0.36663831620550796, 0.3321972338002036]"
"[0.2951589191861689, 0.706807408034908, 0.26575727572479524, 0.45020971459299575]",stable,0.35677343974889547,2482,"[0.3105168009700894, 0.8526320648184276, 0.5821022951730366, 0.37462915544164793]"
"[0.43434379247625826, 0.5867895878682831, 0.3567618645804905, 0.2997921912003434]",stable,0.2579627737897595,2483,"[0.31636869435739773, 0.6411800042759566, 0.470018921376192, 0.10785159993802862]"
"[0.43434379247625826, 0.5867895878682831, 0.3567618645804905, 0.2997921912003434]",stable,0.3939863116195091,2484,"[0.33821094747868863, 0.44442027901664033, 0.37234649944045023, 0.6540121636886341]"
"[0.3567602708374614, 0.4696845378443671, 0.6081431034530562, 0.31545414692784784]",stable,0.22894715565078355,2485,"[0.48883944009423147, 0.6319235525125552, 0.6520410864106161, 0.39745025866967887]"
"[0.5331254291545546, 0.49204318402740355, 0.6139003016307198, 0.5578064290713798]",stable,0.29243531092065117,2486,"[0.4412030856014455, 0.7391363618037585, 0.5750929478627982, 0.6782541132287604]"
"[0.5331254291545546, 0.49204318402740355, 0.6139003016307198, 0.5578064290713798]",stable,0.1694986676437326,2487,"[0.4831025269141177, 0.5045759886466376, 0.7726650116205822, 0.5872037632133597]"
"[0.36271336179885705, 0.6006443370948656, 0.8754772346888579, 0.4743888224192085]",stable,0.406573508241698,2488,"[0.326912180434004, 0.31564425397496276, 0.7061838735528758, 0.707058123174107]"
"[0.34200193833664494, 0.2674426018654242, 0.7075118450594259, 0.4115393416551406]",stable,0.31610086411335103,2489,"[0.4919869414772422, 0.44468967349197547, 0.9212275627216855, 0.42979647040091495]"
"[0.3930024480643292, 0.35503501626000966, 0.9144406043820997, 0.34866999395417353]",stable,0.3668007869201178,2490,"[0.4422846720129637, 0.5944420144691347, 1.0, 0.608435193158936]"
"[0.5331254291545546, 0.49204318402740355, 0.6139003016307198, 0.5578064290713798]",stable,0.33390736681879096,2491,"[0.28203738088405594, 0.49032711379461774, 0.7925448978515587, 0.6863835848013926]"
"[0.34200193833664494, 0.2674426018654242, 0.7075118450594259, 0.4115393416551406]",stable,0.2355089358481896,2492,"[0.43426381105499723, 0.4427458561904734, 0.6877393404654145, 0.2857219231790959]"
"[0.32366758041365634, 0.42492686192926094, 0.3669744844395415, 0.5025702474489364]",stable,0.5330584247784712,2493,"[0.7665181313166755, 0.49096926335166147, 0.5198372922582628, 0.7481431225641183]"
"[0.6885735491819239, 0.36713058592290526, 0.4963628761959573, 0.7195217636165457]",stable,0.2360109719309602,2494,"[0.6375141650795507, 0.4862139845959941, 0.5950611391700733, 0.5487238853708215]"
"[0.5342478886806298, 0.4919805044636249, 0.6136977299913581, 0.5577087673111587]",stable,0.5276033616105033,2495,"[0.8959189055689843, 0.5337099212290689, 0.38194743618782645, 0.8612047966493358]"
"[0.9135192742497283, 0.8515444876708163, 0.38776305152273993, 0.6680550499936827]",stable,0.6820042043858646,2496,"[0.3210122555887503, 0.5453461579918224, 0.4382812754544558, 0.5348046856787781]"
"[0.35767207719296185, 0.46936761217785067, 0.6090795297708487, 0.3151043560602155]",stable,0.4977332945992335,2497,"[0.675820048439205, 0.6005735127163581, 0.31341652304751905, 0.5197716447599651]"
"[0.36359828420739027, 0.8100425029221767, 0.4812660375006085, 0.46802771583633457]",stable,0.2198000840996106,2498,"[0.502604552751166, 0.7269595365623388, 0.6121653059047705, 0.39765771862277205]"
"[0.43434379247625826, 0.5867895878682831, 0.3567618645804905, 0.2997921912003434]",stable,0.30960145889714014,2499,"[0.474178906507085, 0.6687984154194135, 0.650006338789046, 0.3391426370837808]"
"[0.323629647201872, 0.4266471375872975, 0.36799315288261175, 0.5030307394236484]",stable,0.37167193835047857,2500,"[0.2706403467176519, 0.4727960093812063, 0.7185761921763079, 0.4015714964581154]"
"[0.323629647201872, 0.4266471375872975, 0.36799315288261175, 0.5030307394236484]",stable,0.3423023405558085,2501,"[0.493992732084934, 0.45502937170436153, 0.2748544479307579, 0.22255446219948277]"
"[0.2951589191861689, 0.706807408034908, 0.26575727572479524, 0.45020971459299575]",stable,0.673341425542735,2502,"[0.8627148682612955, 0.9734501799858022, 0.438552564778652, 0.6243141093350368]"
"[0.9267802092761671, 0.7644102616956152, 0.5297670477789919, 0.8525915041147214]",stable,0.7521420216722258,2503,"[0.27005333639156825, 0.699978026341717, 0.8472007347311232, 0.6808015840621321]"
"[0.5342478886806298, 0.4919805044636249, 0.6136977299913581, 0.5577087673111587]",stable,0.09763580791330229,2504,"[0.4711050838871995, 0.44946857620235237, 0.6385161135995102, 0.6135882893231538]"
"[0.5335761567147422, 0.4915282499076539, 0.6139617553488916, 0.5583032303112863]",stable,0.5410206111423993,2505,"[0.6101604185165534, 0.7911491834113956, 0.5695836934481205, 1.0]"
"[0.6678654736808193, 0.7891429120889006, 0.4278535278240189, 0.48168758801209066]",stable,0.34826818790225555,2506,"[0.412819109651391, 0.6603809728902286, 0.5838333742399323, 0.6055130031172082]"
"[0.5318303546409212, 0.3841659227772945, 0.8196219757446077, 0.5836859715489106]",stable,0.2827374991623766,2507,"[0.5155724436869071, 0.617089174774097, 0.668399676532278, 0.6342304931529078]"
"[0.5333866439460282, 0.4928499438536164, 0.6145347860981903, 0.5591024646569875]",stable,0.27277273420356773,2508,"[0.3825802487523954, 0.7152279298308835, 0.6381568015651814, 0.5184524039981926]"
"[0.5333866439460282, 0.4928499438536164, 0.6145347860981903, 0.5591024646569875]",stable,0.4352899613197895,2509,"[0.8617437006414593, 0.5582629358441906, 0.337466094449076, 0.583862802513857]"
"[0.9267802092761671, 0.7644102616956152, 0.5297670477789919, 0.8525915041147214]",stable,0.557741139560685,2510,"[0.8477029516874883, 0.3233219428949865, 0.47477147380998613, 0.5251185312571741]"
"[0.7564741667666567, 0.4877814261224215, 0.45710373804863536, 0.4617739709052972]",stable,0.5114846264840601,2511,"[0.5771328995785487, 0.61890461574901, 0.07788681352026766, 0.7234120153604149]"
"[0.9267802092761671, 0.7644102616956152, 0.5297670477789919, 0.8525915041147214]",stable,0.3552749723344866,2512,"[0.9883503286527696, 0.4893897195122271, 0.49544246342262965, 0.6390149355189614]"
"[0.9267802092761671, 0.7644102616956152, 0.5297670477789919, 0.8525915041147214]",stable,0.22522399579131133,2513,"[1.0, 0.9208595048803654, 0.4975676958002365, 0.7116959876295263]"
"[0.9267802092761671, 0.7644102616956152, 0.5297670477789919, 0.8525915041147214]",stable,0.12456821814902971,2514,"[0.877368143518541, 0.6586209133408697, 0.569002151469314, 0.8340197744301643]"
"[0.913929346890669, 0.8537424268607535, 0.3896089613794458, 0.6680539005336504]",stable,0.3781023289844778,2515,"[0.8509168875439259, 0.9238316757351208, 0.12511331348721355, 0.921273865364342]"
"[0.9112516109065687, 0.6872533732716306, 0.1990018562957481, 0.5676845285054922]",stable,0.292364259099711,2516,"[0.7463501946090085, 0.7216249642885301, 0.415901447039859, 0.6679718366156708]"
"[0.606370645146228, 0.6152061475294577, 0.40514061785510186, 0.6517317780311275]",stable,0.440148327302829,2517,"[0.9725057418974461, 0.846906909422614, 0.3909018038013756, 0.7278084108885867]"
"[0.9261467212536334, 0.7630539879987595, 0.5302700619288678, 0.8523534050162015]",stable,0.7408591600984021,2518,"[0.792205173254267, 0.308553173599294, 0.5781016239328374, 0.28483855216411413]"
"[0.3930024480643292, 0.35503501626000966, 0.9144406043820997, 0.34866999395417353]",stable,0.36900365531365703,2519,"[0.5781000784940724, 0.5911667171198149, 0.7043634120846498, 0.3935248484251236]"
"[0.5318303546409212, 0.3841659227772945, 0.8196219757446077, 0.5836859715489106]",anomaly,0.4441278238989951,2520,"[0.7620178308362863, 0.08268068689280628, 0.6340398151829372, 0.7212692699139442]"
"[0.5318303546409212, 0.3841659227772945, 0.8196219757446077, 0.5836859715489106]",stable,0.23399360571636485,2521,"[0.5542142767424653, 0.43780384873428546, 0.9696643257387378, 0.7535748577503597]"
"[0.5250521277850766, 0.5456613863114005, 0.8799686476802782, 0.836749141596167]",stable,0.534626896555319,2522,"[0.6969069567857543, 0.3363302845706744, 0.7198544793410504, 0.4045040962682063]"
"[0.3930024480643292, 0.35503501626000966, 0.9144406043820997, 0.34866999395417353]",stable,0.27763569243930225,2523,"[0.6399928193407237, 0.2630779625985539, 0.8376281957573326, 0.3901559961255755]"
"[0.5318303546409212, 0.3841659227772945, 0.8196219757446077, 0.5836859715489106]",stable,0.26235758609249876,2524,"[0.35227569153555727, 0.25403778856965253, 0.9022256922441357, 0.47039466276705527]"
"[0.39250578030178324, 0.35380334275159064, 0.9142916420389537, 0.3501544411348185]",stable,0.3991430457510284,2525,"[0.054820400447122886, 0.4086032747578352, 1.0, 0.5370629749997905]"
"[0.39250578030178324, 0.35380334275159064, 0.9142916420389537, 0.3501544411348185]",stable,0.20822390303961394,2526,"[0.4321108478742815, 0.19878986733390439, 0.7882667945678292, 0.3934810227959485]"
"[0.39250578030178324, 0.35380334275159064, 0.9142916420389537, 0.3501544411348185]",stable,0.2749718172441383,2527,"[0.2715103405053056, 0.32678776364244677, 0.9839006643782446, 0.585514476657773]"
"[0.39250578030178324, 0.35380334275159064, 0.9142916420389537, 0.3501544411348185]",stable,0.4414738544356765,2528,"[0.0, 0.5001975823673254, 1.0, 0.4599778473965675]"
"[0.39250578030178324, 0.35380334275159064, 0.9142916420389537, 0.3501544411348185]",stable,0.506285233826951,2529,"[0.2669689840389533, 0.7424851944295494, 0.6151400621554802, 0.3501891497825966]"
"[0.43499215051548296, 0.5853574116056317, 0.3558715665734281, 0.29895265066772536]",anomaly,0.8438993281575289,2530,"[0.42422013516391965, 0.34436624288964485, 0.7589917848025424, 1.0]"
"[0.43499215051548296, 0.5853574116056317, 0.3558715665734281, 0.29895265066772536]",stable,0.5866749774472665,2531,"[0.7743716862096963, 0.38248276376356216, 0.7281960123424527, 0.5208207291749223]"
"[0.5318303546409212, 0.3841659227772945, 0.8196219757446077, 0.5836859715489106]",stable,0.5914235474947014,2532,"[0.6861494390283367, 0.6235946126912044, 0.30891320128415056, 0.4952671790879536]"
"[0.3680823573862217, 0.8073624072331498, 0.48548859454590404, 0.4657577159262197]",stable,0.3232028165151351,2533,"[0.6231275742864106, 0.6248816828120509, 0.4495423642200157, 0.5351886289243997]"
"[0.6065272519606222, 0.6152965730928464, 0.40555558744729736, 0.6506425897217188]",stable,0.23277245671483937,2534,"[0.8156224570267693, 0.6258768767639432, 0.4646840030822936, 0.5678531008832789]"
"[0.7574766801608959, 0.49012202698075236, 0.4572322171170024, 0.46357192226085625]",stable,0.3407620494750305,2535,"[0.9283144953190436, 0.5430424886143729, 0.6614331700596995, 0.6695685504667388]"
"[0.9145949877430187, 0.8536647505262291, 0.38962365277060407, 0.668732929060411]",stable,0.15449557365236327,2536,"[0.9504088343160859, 0.7285364152478699, 0.39836839521795175, 0.5859520142200344]"
"[0.9261467212536334, 0.7630539879987595, 0.5302700619288678, 0.8523534050162015]",stable,0.2358936651702733,2537,"[0.7801262029442628, 0.9269078398071569, 0.4554190857308345, 0.8956324543343297]"
"[0.9149973905135026, 0.852258814174787, 0.38972190830372033, 0.6678028064217552]",stable,0.12664604897303477,2538,"[0.8797352534443896, 0.8647386058932554, 0.26872754575589985, 0.6684527603506154]"
"[0.9242983602623754, 0.7651280873887392, 0.5293225812175002, 0.8529012410835196]",stable,0.42794147544160016,2539,"[1.0, 0.7863920189290114, 0.4471110305628803, 0.44035757757796773]"
"[0.9242983602623754, 0.7651280873887392, 0.5293225812175002, 0.8529012410835196]",stable,0.3230054464688333,2540,"[1.0, 1.0, 0.3873160115445988, 0.7003525635224576]"
"[0.9242983602623754, 0.7651280873887392, 0.5293225812175002, 0.8529012410835196]",stable,0.5479183776076684,2541,"[0.9697474276850794, 0.5465986880705797, 0.1127804059798837, 0.5756171833510471]"
"[0.9164619892298491, 0.8532844031128076, 0.3890043959445053, 0.6656914420976875]",stable,0.30994041608699124,2542,"[0.7411778782906786, 0.6383755061229425, 0.41710641184331976, 0.5301813514274198]"
"[0.7572050334630589, 0.49259291829978885, 0.4565634536957744, 0.46468207941363227]",stable,0.255934778821679,2543,"[0.7836250455181402, 0.5646827775709362, 0.2594459749076344, 0.6087388242053442]"
"[0.9164619892298491, 0.8532844031128076, 0.3890043959445053, 0.6656914420976875]",stable,0.22502469885787596,2544,"[1.0, 0.6651324027325902, 0.4590629938959472, 0.723554499903552]"
"[0.9242983602623754, 0.7651280873887392, 0.5293225812175002, 0.8529012410835196]",stable,0.6039014839742587,2545,"[0.4859576910303296, 0.6039068296547725, 0.3637217256577746, 0.5077367545903713]"
"[0.6054108671371936, 0.6151911125054568, 0.4051682368751721, 0.6493193875445767]",stable,0.3040802555393833,2546,"[0.45242785817662484, 0.41708385615520926, 0.40760122137193483, 0.4766677256757056]"
"[0.35801087143248844, 0.47169932712549345, 0.6108085351895114, 0.31637453331793347]",stable,0.4030915183987384,2547,"[0.5522212345597345, 0.41951233594657045, 0.3012663242306389, 0.4783166360749608]"
"[0.3680823573862217, 0.8073624072331498, 0.48548859454590404, 0.4657577159262197]",stable,0.36516537930439563,2548,"[0.5268673601167847, 0.5894056055087918, 0.39254524161870274, 0.23774578010022648]"
"[0.2951589191861689, 0.706807408034908, 0.26575727572479524, 0.45020971459299575]",stable,0.16031546514411377,2549,"[0.3255424793788428, 0.561762599408092, 0.2066731162384167, 0.43443146302350216]"
"[0.14502608139296097, 0.4541905071945827, 0.38527183389893, 0.27835660150994546]",stable,0.20985952275846934,2550,"[0.1217656337751824, 0.39278341119971144, 0.5618752512172464, 0.3707707369114215]"
"[0.2955751323394932, 0.7048204928482393, 0.26494790367703663, 0.44999357416053687]",stable,0.27591688788312124,2551,"[0.32844742929645454, 0.529840090726498, 0.4006723363054234, 0.6112705978585715]"
"[0.35801087143248844, 0.47169932712549345, 0.6108085351895114, 0.31637453331793347]",stable,0.5927949390221708,2552,"[0.18953324740423866, 0.689073034657832, 0.32843807800547187, 0.7591348817180774]"
"[0.5333866439460282, 0.4928499438536164, 0.6145347860981903, 0.5591024646569875]",stable,0.2177586306990734,2553,"[0.3500850632644235, 0.4869978067272754, 0.7213239276576998, 0.5103050928056454]"
"[0.34330786456182805, 0.2664476346983007, 0.7086822066465042, 0.4112776268890654]",stable,0.42028768782072906,2554,"[0.54218067615184, 0.5873892173724984, 0.5247709589863737, 0.39501420662598674]"
"[0.533478248448172, 0.49383472795277145, 0.6135997462324422, 0.5573932119691646]",stable,0.25445238179729984,2555,"[0.7653338836664771, 0.5871870436007641, 0.6600190060684443, 0.5683283159590842]"
"[0.9164619892298491, 0.8532844031128076, 0.3890043959445053, 0.6656914420976875]",stable,0.7134197528832289,2556,"[0.35849997782048426, 0.7320672694877268, 0.7801939261561361, 0.4927079295986458]"
"[0.533478248448172, 0.49383472795277145, 0.6135997462324422, 0.5573932119691646]",stable,0.15313730002188317,2557,"[0.5134669133235892, 0.6357633779732961, 0.622643765766857, 0.5042420770938258]"
"[0.5332719460242074, 0.49529790991174594, 0.6136929835472299, 0.5568452621250889]",stable,0.3931014542206391,2558,"[0.43231219556976985, 0.44065227192078804, 0.9273423320591327, 0.3495439776978597]"
"[0.3929853756664578, 0.35484971539218335, 0.9144488792681125, 0.35014708615365026]",stable,0.3401580202380162,2559,"[0.6342950537211132, 0.3055348194073224, 0.8854598704200904, 0.5829663216334896]"
"[0.36242972082883157, 0.6043255551114884, 0.8754930208662463, 0.48027043290383287]",stable,0.13602139593155887,2560,"[0.4061675135605963, 0.5573646126180056, 0.9828355166239386, 0.5337595357450348]"
"[0.5332719460242074, 0.49529790991174594, 0.6136929835472299, 0.5568452621250889]",stable,0.31935539101086247,2561,"[0.5182812016710331, 0.22638341033019305, 0.7825772898698319, 0.5872792290728126]"
"[0.36313516909869875, 0.6035681205551419, 0.8772243514429832, 0.48113316036901355]",stable,0.1777086269715097,2562,"[0.2931279370742236, 0.7505003410723976, 0.9265579482468572, 0.5326740408876057]"
"[0.5332719460242074, 0.49529790991174594, 0.6136929835472299, 0.5568452621250889]",stable,0.259826637427009,2563,"[0.44323472562498045, 0.6497902193670337, 0.8006490256791471, 0.5809853758147099]"
"[0.5332719460242074, 0.49529790991174594, 0.6136929835472299, 0.5568452621250889]",stable,0.39779734229018904,2564,"[0.46446811559118717, 0.5466480372490085, 1.0, 0.5973275040675521]"
"[0.5332719460242074, 0.49529790991174594, 0.6136929835472299, 0.5568452621250889]",stable,0.18500441616986413,2565,"[0.5809944332707928, 0.6402057354801698, 0.6286005673944003, 0.45326590005801204]"
"[0.5331775598850167, 0.38058389829521766, 0.8200582364840124, 0.58372951105813]",stable,0.2430764752256974,2566,"[0.6169269679360522, 0.6068644374110075, 0.812676741508292, 0.6122749241509748]"
"[0.656566147963671, 0.6750959752760363, 0.9152656104376613, 0.6373736436410478]",stable,0.4352980013835688,2567,"[0.8555363306812144, 0.7497724898644436, 0.536804871531562, 0.6703297306881099]"
"[0.9164619892298491, 0.8532844031128076, 0.3890043959445053, 0.6656914420976875]",stable,0.25187877222860705,2568,"[0.7780287647562011, 0.6994622303890874, 0.2486645336596025, 0.6353167734801112]"
"[0.9242983602623754, 0.7651280873887392, 0.5293225812175002, 0.8529012410835196]",stable,0.10332750000712933,2569,"[0.859126405532098, 0.7972395550379063, 0.5354523759414592, 0.779686025203099]"
"[0.9164619892298491, 0.8532844031128076, 0.3890043959445053, 0.6656914420976875]",stable,0.569739889249075,2570,"[0.6814222160973756, 0.49047484718423706, 0.6775977914432048, 0.43236136549197357]"
"[0.5347836834739335, 0.49524869498595503, 0.6143450734237195, 0.5555750182818938]",stable,0.39402210913457125,2571,"[0.7765415683507648, 0.6022067151951768, 0.4397570217722581, 0.7898516533102447]"
"[0.9164619892298491, 0.8532844031128076, 0.3890043959445053, 0.6656914420976875]",stable,0.3161669907948712,2572,"[0.7575855776636117, 0.7334925682625032, 0.34389819627420115, 0.9072182500727438]"
"[0.9164619892298491, 0.8532844031128076, 0.3890043959445053, 0.6656914420976875]",anomaly,0.5717833872020338,2573,"[1.0, 0.2912488226294761, 0.4033420270664325, 0.7278853424527326]"
"[0.9164619892298491, 0.8532844031128076, 0.3890043959445053, 0.6656914420976875]",stable,0.3506151669824269,2574,"[1.0, 0.664507849523311, 0.6194677579701668, 0.830623087494749]"
"[0.9164619892298491, 0.8532844031128076, 0.3890043959445053, 0.6656914420976875]",stable,0.2831226689185207,2575,"[0.6704084444039609, 0.764656413563533, 0.4772368001986018, 0.7287487259129316]"
"[0.6678654736808193, 0.7891429120889006, 0.4278535278240189, 0.48168758801209066]",stable,0.5394054590722696,2576,"[0.8865178619127569, 0.6848919654349819, 0.24803167636245735, 0.9288399381749113]"
"[0.9244283563735772, 0.7642823001021186, 0.5305111611122733, 0.8517223105962456]",stable,0.29991516445382627,2577,"[0.712545262474153, 0.777030762286656, 0.3251134120678533, 0.9037213662452508]"
"[0.9244283563735772, 0.7642823001021186, 0.5305111611122733, 0.8517223105962456]",stable,0.4638824876152317,2578,"[0.9130407009606667, 0.6897103357214158, 0.13750505009565722, 0.6171109245718438]"
"[0.9164619892298491, 0.8532844031128076, 0.3890043959445053, 0.6656914420976875]",stable,0.13240845809822333,2579,"[0.9413573938869936, 0.7984881959947121, 0.3601519766232675, 0.7800467313837027]"
"[0.9244283563735772, 0.7642823001021186, 0.5305111611122733, 0.8517223105962456]",stable,0.23762425651491306,2580,"[0.9874019062577567, 0.7321664661040089, 0.31045286277186285, 0.7965631061297311]"
"[0.9174815139286263, 0.8514129760476278, 0.38786180070520865, 0.6683002394734116]",stable,0.1675459631910546,2581,"[0.950988842899668, 0.7524989651079242, 0.4314802582304887, 0.791841152897994]"
"[0.9174815139286263, 0.8514129760476278, 0.38786180070520865, 0.6683002394734116]",stable,0.47750502361816743,2582,"[0.9557386503310434, 0.5889874039401244, 0.16462624452201144, 0.9966996070953691]"
"[0.9247522647458466, 0.7641386008948724, 0.5293034671746906, 0.8509920525755351]",stable,0.3576382558362819,2583,"[0.8317871845374054, 0.8055017356614722, 0.19394253747868326, 0.9222995123196999]"
"[0.9100272171146447, 0.6825121311179586, 0.19741505378840138, 0.5694738620802514]",stable,0.2700300602857447,2584,"[1.0, 0.4729712823809662, 0.22277928977883377, 0.711848087419637]"
"[0.9247522647458466, 0.7641386008948724, 0.5293034671746906, 0.8509920525755351]",stable,0.35111573189127837,2585,"[0.6482730592492483, 0.6930570186971272, 0.46270910017958483, 0.6577199514685615]"
"[0.6058040982574877, 0.615905478617307, 0.405696134703653, 0.6493964569383748]",stable,0.22453854347966443,2586,"[0.6486871832510283, 0.44837272435102854, 0.30473477991592185, 0.5478180162297945]"
"[0.3680823573862217, 0.8073624072331498, 0.48548859454590404, 0.4657577159262197]",stable,0.40379315909627855,2587,"[0.6581285847231174, 0.7454509256710583, 0.377766500739611, 0.7177200549718821]"
"[0.6062797754071753, 0.6170831644996139, 0.40544222894034354, 0.6500175805568612]",stable,0.277971138098452,2588,"[0.5888112097030178, 0.5920886045685234, 0.6790735243759889, 0.6117554718845742]"
"[0.535329416062106, 0.4962268758908295, 0.6149988961606111, 0.5561424976112138]",stable,0.32045344811650767,2589,"[0.6021571643970394, 0.3753869280897274, 0.6993178771756168, 0.27953360238501157]"
"[0.3929853756664578, 0.35484971539218335, 0.9144488792681125, 0.35014708615365026]",stable,0.27573851938265415,2590,"[0.466171044337849, 0.588005441583348, 1.0, 0.44498907083474143]"
"[0.535329416062106, 0.4962268758908295, 0.6149988961606111, 0.5561424976112138]",stable,0.4399496435302153,2591,"[0.4909850774704497, 0.31182407390420624, 0.9348725053329893, 0.3210558130632562]"
"[0.39415203878317195, 0.35433750537446934, 0.9146920176736467, 0.34980076147400274]",anomaly,0.6421508652423126,2592,"[0.3243473150324102, 0.5935906454488503, 0.4251000105579144, 0.017321234575777167]"
"[0.39415203878317195, 0.35433750537446934, 0.9146920176736467, 0.34980076147400274]",stable,0.29306134002876644,2593,"[0.16382294304125344, 0.36124102063013014, 0.7862839207584476, 0.47746108733093473]"
"[0.34330786456182805, 0.2664476346983007, 0.7086822066465042, 0.4112776268890654]",stable,0.3634774645733368,2594,"[0.1999362803830261, 0.5082977800781713, 0.5622221921753832, 0.5890933389158053]"
"[0.535329416062106, 0.4962268758908295, 0.6149988961606111, 0.5561424976112138]",stable,0.4642488194234895,2595,"[0.1842304291171703, 0.37586025518407995, 0.8774067606331528, 0.6505377145712975]"
"[0.34330786456182805, 0.2664476346983007, 0.7086822066465042, 0.4112776268890654]",stable,0.1826606598970701,2596,"[0.25825932013958064, 0.3938845704253579, 0.8031231471103497, 0.38009433100020235]"
"[0.39415203878317195, 0.35433750537446934, 0.9146920176736467, 0.34980076147400274]",stable,0.34680305005436435,2597,"[0.32789148827876435, 0.5039342814486245, 0.9788625478229687, 0.6487737412270849]"
"[0.535329416062106, 0.4962268758908295, 0.6149988961606111, 0.5561424976112138]",stable,0.23622170191178066,2598,"[0.34639843087218924, 0.38643611090463614, 0.5883666167145248, 0.6418307984726361]"
"[0.3420928853557959, 0.2682681623515443, 0.7100313629388448, 0.4108321512335102]",stable,0.19950462951658235,2599,"[0.45812653999224484, 0.2769397182855613, 0.8711719228119924, 0.39360391070495276]"
"[0.3949046799738669, 0.3534269431734234, 0.9141800165576274, 0.3503160926414257]",stable,0.4836122489029546,2600,"[0.6950962377440433, 0.33971437040216956, 0.5920107496779822, 0.5497772787371501]"
"[0.6887288512905458, 0.3664778188866973, 0.4986402065169579, 0.7154802282622744]",stable,0.6151953249271406,2601,"[0.6462360653176047, 0.8072021298844863, 0.9175288458880293, 0.6320893387488237]"
"[0.6562218118754688, 0.6794995137629846, 0.9153410516193402, 0.6371975001446403]",stable,0.30798609466088045,2602,"[0.7300406705839751, 0.49971629885935054, 0.70893032497227, 0.5168695392736249]"
"[0.5331775598850167, 0.38058389829521766, 0.8200582364840124, 0.58372951105813]",stable,0.3778443252760518,2603,"[0.7541548841865068, 0.4716887601214007, 0.5297767373758778, 0.620768837658853]"
"[0.6902503869392891, 0.36892458496192293, 0.4993643118857701, 0.7132776377831251]",stable,0.3418986810982163,2604,"[0.7944719122761942, 0.6511568502852927, 0.42563130054336473, 0.5685676752996514]"
"[0.7578159659026185, 0.4951923270208627, 0.4560563692178661, 0.4663851219691408]",stable,0.4034905721344724,2605,"[0.95781572155213, 0.5796928884122456, 0.16226823980569072, 0.6377120891476198]"
"[0.9174815139286263, 0.8514129760476278, 0.38786180070520865, 0.6683002394734116]",stable,0.2437110580336694,2606,"[1.0, 0.6323320700691855, 0.414464355582408, 0.6059974307562309]"
"[0.9247522647458466, 0.7641386008948724, 0.5293034671746906, 0.8509920525755351]",stable,0.17253533309722383,2607,"[0.8969492292428525, 0.7083586200613147, 0.3745203615896403, 0.8071033712619624]"
"[0.9247522647458466, 0.7641386008948724, 0.5293034671746906, 0.8509920525755351]",stable,0.5945767296067143,2608,"[0.9679546335681715, 0.5410649725087303, 0.026329094128896335, 0.6298360463360773]"
"[0.9174815139286263, 0.8514129760476278, 0.38786180070520865, 0.6683002394734116]",stable,0.3984050839876772,2609,"[1.0, 0.6109531853761908, 0.35016462822714006, 0.9727264582212785]"
"[0.9247522647458466, 0.7641386008948724, 0.5293034671746906, 0.8509920525755351]",stable,0.3366473083400535,2610,"[0.8600709049629995, 0.6021378281029246, 0.2578535685225246, 0.7549793760906797]"
"[0.9247522647458466, 0.7641386008948724, 0.5293034671746906, 0.8509920525755351]",anomaly,0.6611193880897827,2611,"[0.44046485883203335, 0.6714738484231527, 0.08960994877084683, 0.8760401523933212]"
"[0.9247522647458466, 0.7641386008948724, 0.5293034671746906, 0.8509920525755351]",anomaly,0.6360270795377195,2612,"[0.3978841049585366, 0.7038259394474283, 0.1885403719496042, 0.7662377965799867]"
"[0.9247522647458466, 0.7641386008948724, 0.5293034671746906, 0.8509920525755351]",stable,1.068245650622786,2613,"[0.0449206902063623, 1.0, 0.17241740670251215, 0.42198516362071703]"
"[0.43598005599506684, 0.5854009405723324, 0.3562659071653128, 0.2982945122745264]",stable,0.2969192512345163,2614,"[0.6072286087995552, 0.6851173174736784, 0.21561214172815205, 0.4689055827302593]"
"[0.3680823573862217, 0.8073624072331498, 0.48548859454590404, 0.4657577159262197]",stable,0.5971917721170715,2615,"[0.29561799068416816, 0.506945642642503, 0.0, 0.3062662730161713]"
"[0.14472399765766514, 0.45339301244140257, 0.38756538477319386, 0.279556785086588]",stable,0.4802399984667726,2616,"[0.40506889906380994, 0.6227716981857939, 0.632186417970144, 0.5521781330627688]"
"[0.535329416062106, 0.4962268758908295, 0.6149988961606111, 0.5561424976112138]",stable,0.28143621791563134,2617,"[0.48847546152777244, 0.7396583031361759, 0.6297659149669645, 0.4237260066291017]"
"[0.43598005599506684, 0.5854009405723324, 0.3562659071653128, 0.2982945122745264]",stable,0.29588257392829215,2618,"[0.25103711923267313, 0.6466124723333823, 0.5699810957337257, 0.23567203826745614]"
"[0.43598005599506684, 0.5854009405723324, 0.3562659071653128, 0.2982945122745264]",stable,0.22815408940086093,2619,"[0.279617898021775, 0.6333830389380443, 0.2137013974641732, 0.36885117655486344]"
"[0.14472399765766514, 0.45339301244140257, 0.38756538477319386, 0.279556785086588]",stable,0.2380778485163542,2620,"[0.10802101055675777, 0.641157755873573, 0.32667890179217707, 0.4075067362632112]"
"[0.11532823891894975, 0.7375875341586551, 0.3358567230934843, 0.2771448476401472]",stable,0.3784241522299532,2621,"[0.022307106507243435, 0.8948323908089153, 0.4731507441894793, 0.5787676497359672]"
"[0.43598005599506684, 0.5854009405723324, 0.3562659071653128, 0.2982945122745264]",stable,0.1994679344598416,2622,"[0.34424763651150625, 0.7608875296881856, 0.35357463554376994, 0.3221657123053273]"
"[0.14472399765766514, 0.45339301244140257, 0.38756538477319386, 0.279556785086588]",stable,0.4520654293231093,2623,"[0.28216121487345286, 0.4992184802703033, 0.6713104497657487, 0.6002792949041882]"
"[0.3420928853557959, 0.2682681623515443, 0.7100313629388448, 0.4108321512335102]",stable,0.38022980023764286,2624,"[0.3855364516256259, 0.45896160900141453, 0.6770193468987724, 0.7352293980471658]"
"[0.535329416062106, 0.4962268758908295, 0.6149988961606111, 0.5561424976112138]",stable,0.4627517900386554,2625,"[0.13754147170115597, 0.5466750878592946, 0.40862100678038793, 0.45237778689885916]"
"[0.43598005599506684, 0.5854009405723324, 0.3562659071653128, 0.2982945122745264]",stable,0.48917194644023326,2626,"[0.024039484612118023, 0.5601294220801765, 0.5909881562713489, 0.41602715413956176]"
"[0.43598005599506684, 0.5854009405723324, 0.3562659071653128, 0.2982945122745264]",stable,0.35288900020738645,2627,"[0.3108156587725824, 0.6746471110926413, 0.6567047961403657, 0.19516296921326556]"
"[0.43598005599506684, 0.5854009405723324, 0.3562659071653128, 0.2982945122745264]",stable,0.24095011541615752,2628,"[0.24223555270206404, 0.4578291009068996, 0.3812796987373042, 0.3584589662185068]"
"[0.3254854248833905, 0.4279475496943407, 0.3689971424925025, 0.5041679178220786]",stable,0.4294384233766852,2629,"[0.33415492546436487, 0.3552996853999869, 0.5671385499771409, 0.13026355881378182]"
"[0.09834024938032894, 0.5846164810710697, 0.47565058358541656, 0.4602540011294696]",anomaly,0.7333271398824188,2630,"[0.6413727536916622, 0.28464550716569303, 0.4774847733536483, 0.0692316949733574]"
"[0.09834024938032894, 0.5846164810710697, 0.47565058358541656, 0.4602540011294696]",stable,0.11945685718688168,2631,"[0.10499077905374832, 0.46721291551959415, 0.46354115530179146, 0.4430645937378768]"
"[0.43598005599506684, 0.5854009405723324, 0.3562659071653128, 0.2982945122745264]",stable,0.3421265281281457,2632,"[0.19773326841386607, 0.7693522098833911, 0.45991951860503133, 0.17296738508088472]"
"[0.43598005599506684, 0.5854009405723324, 0.3562659071653128, 0.2982945122745264]",stable,0.3445318100887606,2633,"[0.13192600039693264, 0.5684350837196244, 0.5106707115874364, 0.25220096055648555]"
"[0.43598005599506684, 0.5854009405723324, 0.3562659071653128, 0.2982945122745264]",stable,0.5460063891428185,2634,"[0.03793499213878443, 0.7283848044804977, 0.612043091024917, 0.5302788889104724]"
"[0.43598005599506684, 0.5854009405723324, 0.3562659071653128, 0.2982945122745264]",stable,0.49761603074670285,2635,"[0.00178668638064447, 0.3652647517018881, 0.42071174045516174, 0.37882168011340067]"
"[0.3254854248833905, 0.4279475496943407, 0.3689971424925025, 0.5041679178220786]",stable,0.3412494990869948,2636,"[0.43261546555578656, 0.5836193644445888, 0.4584473779663319, 0.7738701915957651]"
"[0.535329416062106, 0.4962268758908295, 0.6149988961606111, 0.5561424976112138]",stable,0.41409540436744346,2637,"[0.3571856074577861, 0.6280314278898376, 0.4944710197918809, 0.22775190934082995]"
"[0.43598005599506684, 0.5854009405723324, 0.3562659071653128, 0.2982945122745264]",stable,0.3794116213634496,2638,"[0.38786461604699574, 0.6847231618286098, 0.5290017981242878, 0.61756789231673]"
"[0.535329416062106, 0.4962268758908295, 0.6149988961606111, 0.5561424976112138]",anomaly,0.4524452045351322,2639,"[0.5022224529829622, 0.24353858412102844, 0.3276408265671369, 0.31700956565811417]"
"[0.535329416062106, 0.4962268758908295, 0.6149988961606111, 0.5561424976112138]",stable,0.2980767836812284,2640,"[0.40430460591591094, 0.31840413039261195, 0.8047512267248327, 0.49246053529203027]"
"[0.3949046799738669, 0.3534269431734234, 0.9141800165576274, 0.3503160926414257]",stable,0.5194748650578259,2641,"[0.5680519479447109, 0.4655229356956077, 0.43766715036802667, 0.3659409394348262]"
"[0.29601133593755047, 0.7046155539539692, 0.26544630668575486, 0.4472073040343918]",stable,0.5186834626035767,2642,"[0.5486590253682117, 0.5829216037308533, 0.6315571031869786, 0.6845996934829953]"
"[0.5354627121551672, 0.4970938231692297, 0.6151644782308747, 0.5574270695699316]",stable,0.3991717684132474,2643,"[0.5503753158672925, 0.5817428473093121, 0.24814377886174338, 0.42610279955326724]"
"[0.37184464189064514, 0.8052466539801193, 0.4899972608090622, 0.4644442250106847]",stable,0.4853530775037674,2644,"[0.35481098722758253, 0.32075760017100735, 0.4846718629030126, 0.48723591927616666]"
"[0.35801087143248844, 0.47169932712549345, 0.6108085351895114, 0.31637453331793347]",stable,0.34835109154204297,2645,"[0.6391565802802693, 0.63824380625634, 0.5871159248323893, 0.4347264241372702]"
"[0.5331775598850167, 0.38058389829521766, 0.8200582364840124, 0.58372951105813]",stable,0.5678198489328029,2646,"[0.5602849772741137, 0.5416141452087219, 0.284765367347825, 0.6797262432706832]"
"[0.6058654078564268, 0.6164032634249212, 0.4043550500070776, 0.6502852261668955]",stable,0.5368846381615465,2647,"[0.37000487650405567, 0.6871413464163351, 0.6275097879008557, 0.2286064254022722]"
"[0.4373850761221907, 0.584125642648112, 0.35713187783768213, 0.29901415511665724]",anomaly,0.5099135279874626,2648,"[0.36935577185933977, 0.2915896213830661, 0.1874878426293762, 0.6745503016682148]"
"[0.4373850761221907, 0.584125642648112, 0.35713187783768213, 0.29901415511665724]",stable,0.2593547760938552,2649,"[0.25378435736206933, 0.47836542592671993, 0.28109965799946, 0.4278145978914283]"
"[0.35801087143248844, 0.47169932712549345, 0.6108085351895114, 0.31637453331793347]",stable,0.2771257521586136,2650,"[0.2681244760518012, 0.6085790343139033, 0.40477030792136554, 0.403157671652285]"
"[0.14414898808510032, 0.45233361785565546, 0.3879053932497265, 0.2818120645316352]",stable,0.3316207521305362,2651,"[0.12794811335107348, 0.5767033762737801, 0.29641761305436415, 0.5748513181605941]"
"[0.4373850761221907, 0.584125642648112, 0.35713187783768213, 0.29901415511665724]",stable,0.4858052110768959,2652,"[0.5111392958054043, 0.5704056112730764, 0.402788023758498, 0.7768156779973538]"
"[0.6050196389988285, 0.6159925701021368, 0.40434105870128667, 0.6514149623439531]",stable,0.306121691123788,2653,"[0.7114919743751602, 0.7133701807156074, 0.13649841528826698, 0.6853568376123456]"
"[0.9247522647458466, 0.7641386008948724, 0.5293034671746906, 0.8509920525755351]",stable,0.8156446552223021,2654,"[0.3383664175968924, 0.8400415215844154, 0.23705025227084883, 0.37114348597845004]"
"[0.14414898808510032, 0.45233361785565546, 0.3879053932497265, 0.2818120645316352]",stable,0.690275193974822,2655,"[0.6939023216463016, 0.5828957621600155, 0.5876587651334808, 0.624307659468333]"
"[0.5370314211600299, 0.4979433473176533, 0.6148921444378312, 0.5580892536283316]",stable,0.7679568090918031,2656,"[1.0, 0.5836952825624935, 0.010735086298310492, 0.5027845491329016]"
"[0.9174815139286263, 0.8514129760476278, 0.38786180070520865, 0.6683002394734116]",stable,0.18334196786939877,2657,"[0.8575851275157232, 0.765055454769184, 0.2439217583125089, 0.7113158504946534]"
"[0.9247522647458466, 0.7641386008948724, 0.5293034671746906, 0.8509920525755351]",anomaly,0.40217215128231226,2658,"[0.6924519697674747, 0.9655967162066896, 0.7410197730484192, 0.7014265290676196]"
"[0.9247522647458466, 0.7641386008948724, 0.5293034671746906, 0.8509920525755351]",stable,0.4434229249195784,2659,"[0.6850143474130246, 0.9119272241261586, 0.21044227234383764, 0.7259493294302164]"
"[0.9244324244950141, 0.5668263976287079, 0.3758715943935923, 0.679639763907873]",stable,0.37257880611808625,2660,"[0.807104135444302, 0.8384776933144225, 0.2779095470761621, 0.4755367257274942]"
"[0.670595643519319, 0.7901102607403815, 0.4249134497701394, 0.4815669828692554]",stable,0.3923400509482423,2661,"[0.8805185707608921, 0.47635528764108104, 0.4388748089550101, 0.5875196963860259]"
"[0.9247522647458466, 0.7641386008948724, 0.5293034671746906, 0.8509920525755351]",stable,0.45992338497394236,2662,"[0.6640753864402543, 0.6816489019835095, 0.1674975946913254, 0.7743823575441344]"
"[0.9247522647458466, 0.7641386008948724, 0.5293034671746906, 0.8509920525755351]",stable,0.26482062725557703,2663,"[1.0, 0.7475081547748513, 0.29938303071866146, 0.7445600831261433]"
"[0.9247522647458466, 0.7641386008948724, 0.5293034671746906, 0.8509920525755351]",stable,0.28636822799922146,2664,"[0.7577625057076404, 0.5449858666258345, 0.6027291931323625, 0.8774859049524402]"
"[0.9238968896933785, 0.5657230914093466, 0.37663992627848764, 0.6785163484502894]",stable,0.38583735477564357,2665,"[0.6808793730992094, 0.8246339605699451, 0.5172742147188278, 0.6237430911612507]"
"[0.6707934075497015, 0.7907741780447962, 0.426689618326845, 0.4843011387979477]",stable,0.25977521894070665,2666,"[0.5375709999986806, 0.6204307153353731, 0.39737654034790537, 0.34337987470495934]"
"[0.2961992349216231, 0.7051271052265716, 0.266886929371738, 0.44564738909363794]",stable,0.4545154528767693,2667,"[0.7267886619933062, 0.6326815528011258, 0.3429770068890668, 0.5463399123266629]"
"[0.6060972409722309, 0.6161402602145173, 0.40379801399498383, 0.6504850946446851]",stable,0.07382363310294078,2668,"[0.6687004979965098, 0.6478574365787854, 0.4259910163732618, 0.6561642128319884]"
"[0.6066463923496369, 0.616418481059818, 0.4039926894544424, 0.6505349114708894]",stable,0.4534723558523776,2669,"[0.8402539799063499, 1.0, 0.35576598426687067, 0.6905858264733201]"
"[0.9247522647458466, 0.7641386008948724, 0.5293034671746906, 0.8509920525755351]",stable,0.490900908815798,2670,"[0.6539832660433946, 0.8193939736846603, 0.1582610115631157, 0.6868512851548786]"
"[0.9247522647458466, 0.7641386008948724, 0.5293034671746906, 0.8509920525755351]",stable,0.29900717685151607,2671,"[0.6942847368418739, 0.7089687670599544, 0.6190877786970665, 0.6922939831807695]"
"[0.6707934075497015, 0.7907741780447962, 0.426689618326845, 0.4843011387979477]",stable,0.3781239504182199,2672,"[0.934580563946443, 0.6678832020612635, 0.41989894233726227, 0.7256427074126826]"
"[0.9247522647458466, 0.7641386008948724, 0.5293034671746906, 0.8509920525755351]",stable,0.2966310603583826,2673,"[1.0, 0.6599055876652836, 0.2776535307345378, 0.7607947535516358]"
"[0.9247522647458466, 0.7641386008948724, 0.5293034671746906, 0.8509920525755351]",stable,0.0998421008773759,2674,"[0.9586773592109953, 0.8223307977563741, 0.4996390495930132, 0.7835292952414997]"
"[0.917536628012471, 0.8518784156588736, 0.38660581542994943, 0.6693267543760433]",stable,0.2536499626400926,2675,"[0.8967177271779111, 0.8604733445190218, 0.1341452866041152, 0.6595961070065082]"
"[0.9249300657000413, 0.5680605033963448, 0.37597650509414027, 0.6800568813558101]",stable,0.37162330289820694,2676,"[0.9575275187645992, 0.7540400495783096, 0.06853737312911073, 0.7691302996646188]"
"[0.9249300657000413, 0.5680605033963448, 0.37597650509414027, 0.6800568813558101]",stable,0.3046663026914449,2677,"[0.931831598599232, 0.5260914593992508, 0.08601892231960123, 0.5967674800082625]"
"[0.917536628012471, 0.8518784156588736, 0.38660581542994943, 0.6693267543760433]",stable,0.4380758722410951,2678,"[1.0, 0.5124766946604595, 0.350561199764479, 0.9312762143584719]"
"[0.92516100082374, 0.7648397117004326, 0.5289460645532247, 0.8501792482703057]",stable,0.22420340136542738,2679,"[0.961594097449977, 0.6480279669038215, 0.37179576502444095, 0.7472297738198008]"
"[0.92516100082374, 0.7648397117004326, 0.5289460645532247, 0.8501792482703057]",stable,0.3678479705685991,2680,"[1.0, 0.7224413901344586, 0.2041886499600083, 1.0]"
"[0.92516100082374, 0.7648397117004326, 0.5289460645532247, 0.8501792482703057]",stable,0.2805312254452198,2681,"[0.8476147533753997, 0.6460464452084016, 0.5421538406842685, 0.6085223376670642]"
"[0.917536628012471, 0.8518784156588736, 0.38660581542994943, 0.6693267543760433]",stable,0.5818518078304203,2682,"[0.6180233146347565, 0.45740870251814847, 0.33488174908800805, 0.3683922635632422]"
"[0.37184464189064514, 0.8052466539801193, 0.4899972608090622, 0.4644442250106847]",stable,0.5096491470094647,2683,"[0.7795113847980442, 0.5949544138048443, 0.3514278610124752, 0.2908764430440256]"
"[0.9137135405936438, 0.6740459629554313, 0.18886744577821316, 0.5709858064243846]",stable,0.24768796594962508,2684,"[0.7577804302793463, 0.7923871862878659, 0.34054861377312523, 0.5757156816715598]"
"[0.6724346721295061, 0.79080461216259, 0.4250643163541333, 0.48602594149367623]",stable,0.16179435971264658,2685,"[0.6876210466195289, 0.7974511012062184, 0.26853419906344295, 0.523455013470279]"
"[0.6727159012867288, 0.7909276952930276, 0.42216561047837975, 0.4867190724562059]",stable,0.40771887367137966,2686,"[0.5684089212885227, 0.5163822791890802, 0.5872416149332134, 0.2570901084271653]"
"[0.32491278292153736, 0.42718035951473327, 0.36937251054544123, 0.5029073054102331]",anomaly,0.6189813923743592,2687,"[0.516579967007261, 0.9460469348858384, 0.49314184920307147, 0.25419003133932333]"
"[0.32491278292153736, 0.42718035951473327, 0.36937251054544123, 0.5029073054102331]",stable,0.4939731882710438,2688,"[0.4906866145370421, 0.7795646745959792, 0.6292862422995332, 0.6603833163216016]"
"[0.6727159012867288, 0.7909276952930276, 0.42216561047837975, 0.4867190724562059]",stable,0.6048945528760391,2689,"[0.30959340214939834, 0.36336785315818043, 0.6272421672986347, 0.3909294177134518]"
"[0.3949046799738669, 0.3534269431734234, 0.9141800165576274, 0.3503160926414257]",stable,0.32446815488510194,2690,"[0.4627714022236151, 0.2603029094805861, 0.9409410989777935, 0.6524509141401971]"
"[0.5331775598850167, 0.38058389829521766, 0.8200582364840124, 0.58372951105813]",stable,0.3674151738300593,2691,"[0.20438042384782126, 0.5336665711079869, 0.8512187256178976, 0.5339191457136923]"
"[0.3425055553190421, 0.2702853242799847, 0.7101970666630917, 0.41168945193543327]",stable,0.5673543090871203,2692,"[0.08725760069356481, 0.7207274027498698, 0.9364742736480128, 0.3603089766353075]"
"[0.5331775598850167, 0.38058389829521766, 0.8200582364840124, 0.58372951105813]",stable,0.1273227486869647,2693,"[0.44055869625730704, 0.45317501398578947, 0.8139797378161845, 0.6319623858455499]"
"[0.365810056642184, 0.6038821163453613, 0.8819996912121483, 0.48708963695090346]",stable,0.39632293245817385,2694,"[0.3967993564871066, 0.2754996521975604, 0.6844767093700984, 0.39085472139625016]"
"[0.3949046799738669, 0.3534269431734234, 0.9141800165576274, 0.3503160926414257]",stable,0.2241206660976176,2695,"[0.25989400188837236, 0.1812782204302653, 0.9499289355284642, 0.31731576195746747]"
"[0.3432493060199745, 0.2703567534295405, 0.7098447330015438, 0.4114040446677732]",stable,0.24538126155118545,2696,"[0.5548621960457956, 0.3611657086946459, 0.6933210889565835, 0.4945463992561932]"
"[0.365810056642184, 0.6038821163453613, 0.8819996912121483, 0.48708963695090346]",stable,0.4172117429972616,2697,"[0.31876295952986633, 0.5429104332922331, 0.47463100051168616, 0.44034123750474774]"
"[0.36040175836267063, 0.4722070879443978, 0.610540729277508, 0.3157008466714475]",stable,0.14972380598454937,2698,"[0.2567133374326515, 0.44922313675785847, 0.6971381408183527, 0.25538040448292804]"
"[0.3248307852763151, 0.4287234271650999, 0.3707759570783245, 0.5020730911714933]",stable,0.2713644288951002,2699,"[0.11081630021929711, 0.29039260722475013, 0.4463107262850383, 0.44734159794444583]"
"[0.3248307852763151, 0.4287234271650999, 0.3707759570783245, 0.5020730911714933]",stable,0.38057511939878474,2700,"[0.2511530744082156, 0.7497821017024242, 0.3126807278443775, 0.320537176622257]"
"[0.11706958296368392, 0.7377438747681906, 0.335559594949265, 0.27770115955017427]",stable,0.21655107907347587,2701,"[0.2015698975980595, 0.915810485162849, 0.4240492655702406, 0.29239561872792225]"
"[0.11813920719956209, 0.7399978824947053, 0.3366797173621887, 0.27788716536255087]",anomaly,0.37156672569151866,2702,"[0.15320506502628786, 1.0, 0.5932412580372214, 0.3362591791637606]"
"[0.11813920719956209, 0.7399978824947053, 0.3366797173621887, 0.27788716536255087]",stable,0.5311359083127294,2703,"[0.44887420627391306, 0.9255476631358758, 0.673363215601037, 0.435796045429956]"
"[0.22609891490684875, 0.6949721383838663, 0.5435647590420793, 0.23247027594037778]",stable,0.28147072525980943,2704,"[0.15448907908369025, 0.6805331708756428, 0.7812651870209951, 0.3643331719634825]"
"[0.5321344094810911, 0.3813658530906588, 0.818105065216435, 0.5831273016902694]",stable,0.4877578504079528,2705,"[0.2090929016294068, 0.43355934320223277, 0.4850399605354446, 0.44207631632217304]"
"[0.35923671992525463, 0.47194884130185244, 0.6115137339015625, 0.3150230888940484]",stable,0.3668924809292369,2706,"[0.1074307295668491, 0.4579147121244951, 0.37574129844952847, 0.19085289246478163]"
"[0.3233079183862242, 0.4287870576392727, 0.37227943080802345, 0.5012836599234759]",stable,0.24343979970804236,2707,"[0.2875290417323771, 0.5533311070677299, 0.5776498293396369, 0.484120116402139]"
"[0.5370314211600299, 0.4979433473176533, 0.6148921444378312, 0.5580892536283316]",stable,0.3095401335906659,2708,"[0.4000636148607515, 0.6941161849081616, 0.6903564388069928, 0.3767711011781613]"
"[0.5370314211600299, 0.4979433473176533, 0.6148921444378312, 0.5580892536283316]",stable,0.28825413493120583,2709,"[0.368289490622125, 0.6862765970217335, 0.6121007333351391, 0.41974402507586206]"
"[0.5370314211600299, 0.4979433473176533, 0.6148921444378312, 0.5580892536283316]",stable,0.2070674508851213,2710,"[0.44067986647790136, 0.562999303288384, 0.48158991681039, 0.45042521214420794]"
"[0.2961992349216231, 0.7051271052265716, 0.266886929371738, 0.44564738909363794]",stable,0.4833843902320677,2711,"[0.5051797659659659, 0.45616344227444994, 0.5024625491111483, 0.7149220226525892]"
"[0.5367191500306763, 0.49753374040546505, 0.613789893503256, 0.5596268297952361]",stable,0.3500508081781592,2712,"[0.3577676400207504, 0.7554930143017222, 0.6050443301656521, 0.7141986690939052]"
"[0.5367191500306763, 0.49753374040546505, 0.613789893503256, 0.5596268297952361]",stable,0.39614611633392566,2713,"[0.7895823731374183, 0.5589197351725304, 0.6727401690883317, 0.8524553812403157]"
"[0.9253614072500406, 0.5690012970846681, 0.3759273199168497, 0.6808471506789159]",stable,0.38756262362471033,2714,"[0.6226189698106416, 0.5633150326473195, 0.5984022062034982, 0.7758439673235376]"
"[0.6727159012867288, 0.7909276952930276, 0.42216561047837975, 0.4867190724562059]",stable,0.5638706213625203,2715,"[0.8898244777223444, 0.6861948982642532, 0.9264484568613408, 0.5611757427032943]"
"[0.6637573817414971, 0.6797154939081869, 0.9156993550142435, 0.6347451853884678]",stable,0.2512526773029564,2716,"[0.5121924374403323, 0.7236699473085872, 0.7303451217671999, 0.5725536284489526]"
"[0.5321344094810911, 0.3813658530906588, 0.818105065216435, 0.5831273016902694]",stable,0.31814340844831207,2717,"[0.498377958771996, 0.6534349326185361, 0.6751552357109284, 0.6580905765909438]"
"[0.5363469054553492, 0.49904734421335895, 0.6143856735246898, 0.5605827885019906]",stable,0.14481667608588672,2718,"[0.5336269995628765, 0.43294674460857485, 0.6614706148835195, 0.44067369454484195]"
"[0.5363207525140754, 0.4984117615248514, 0.6148384133454478, 0.5594298164447103]",stable,0.2861232471410652,2719,"[0.5641169588136931, 0.43819871205228744, 0.8721447892030204, 0.665550978736462]"
"[0.365810056642184, 0.6038821163453613, 0.8819996912121483, 0.48708963695090346]",stable,0.3213772085117621,2720,"[0.6052465628211825, 0.6619303770956451, 0.7659687553074791, 0.6577374936516562]"
"[0.6619289186502373, 0.6791597090077949, 0.9110202737734071, 0.6354636950216924]",stable,0.6547303862481134,2721,"[0.08648585732686076, 0.4435932191201959, 0.8509758738263596, 0.43940181517652904]"
"[0.3949046799738669, 0.3534269431734234, 0.9141800165576274, 0.3503160926414257]",stable,0.562397180347437,2722,"[0.22216512036246128, 0.5931339099483092, 0.4936254916234921, 0.5786274910537977]"
"[0.4384630002287761, 0.5842837544536071, 0.3588475309781294, 0.30105349653973895]",stable,0.4680180616221817,2723,"[0.3528733536945509, 0.27169541561862776, 0.6961934561648745, 0.2868557645019186]"
"[0.3949046799738669, 0.3534269431734234, 0.9141800165576274, 0.3503160926414257]",stable,0.1915438883753498,2724,"[0.42541652812936076, 0.3277440410228908, 0.7420960471657199, 0.42438082319204445]"
"[0.344473189617094, 0.2711397660933063, 0.7100927334992438, 0.4099164246458854]",stable,0.2706645421647484,2725,"[0.4710444074370768, 0.4912689114298885, 0.758402203574718, 0.4902182034507915]"
"[0.365810056642184, 0.6038821163453613, 0.8819996912121483, 0.48708963695090346]",stable,0.22157269412816302,2726,"[0.3029491400384723, 0.648752779879795, 0.6747489627039929, 0.4737959153586558]"
"[0.5363207525140754, 0.4984117615248514, 0.6148384133454478, 0.5594298164447103]",stable,0.32767919927345257,2727,"[0.6389137026950438, 0.5431374461610651, 0.922063581855423, 0.580892648911457]"
"[0.6612314878637162, 0.6750378222548636, 0.9113549194728621, 0.6338100269577459]",stable,0.24701266207424638,2728,"[0.7081832792216334, 0.449942023697714, 0.8663522350929609, 0.7120239923591406]"
"[0.365810056642184, 0.6038821163453613, 0.8819996912121483, 0.48708963695090346]",stable,0.28792307934021416,2729,"[0.34050271006918675, 0.6356006230345878, 0.6942218022218625, 0.701548580727895]"
"[0.5363207525140754, 0.4984117615248514, 0.6148384133454478, 0.5594298164447103]",stable,0.3997548822772741,2730,"[0.5963300621857158, 0.5818379842474602, 1.0, 0.5295389117204304]"
"[0.6593226224025985, 0.6722966505487635, 0.9139621277236603, 0.630743229450766]",stable,0.11150077706338594,2731,"[0.6391928838340686, 0.5744968250297842, 0.9455983110115354, 0.5925128364847672]"
"[0.6587474870149262, 0.6695023698196497, 0.9148660186747425, 0.6296509325088804]",anomaly,0.5053602848616192,2732,"[0.6428986620453506, 0.2908375563366711, 0.7034559367793687, 0.8886037632819634]"
"[0.6587474870149262, 0.6695023698196497, 0.9148660186747425, 0.6296509325088804]",stable,0.17111283334067284,2733,"[0.7336437585412756, 0.5747551306064315, 0.945040909026039, 0.5122516697382622]"
"[0.6608279390017694, 0.666870502063727, 0.9157042100733896, 0.6263898418763633]",stable,0.3307456928270808,2734,"[0.9369863737644413, 0.6677558031180317, 0.7390782722453401, 0.5824384305053735]"
"[0.917536628012471, 0.8518784156588736, 0.38660581542994943, 0.6693267543760433]",stable,0.5899634197009507,2735,"[0.7822186388390782, 0.3783101509042017, 0.6720663242412187, 0.8242179255827002]"
"[0.6923405744824662, 0.3691378932787929, 0.5032893576211211, 0.7157990079603883]",stable,0.4843657817316157,2736,"[0.8550013759130024, 0.5637547814424164, 0.8682574663412184, 0.5232523366070829]"
"[0.6660758697290999, 0.6640835906955834, 0.9144218656481958, 0.6236023417339502]",stable,0.4503648265486691,2737,"[0.7710425257555198, 0.904933105021674, 0.5629042120140623, 0.7247820271815916]"
"[0.92516100082374, 0.7648397117004326, 0.5289460645532247, 0.8501792482703057]",stable,0.36907961442250947,2738,"[1.0, 0.5725701645917133, 0.23088266516818562, 0.7808285656045477]"
"[0.92516100082374, 0.7648397117004326, 0.5289460645532247, 0.8501792482703057]",stable,0.2022379778791173,2739,"[0.9682028540474051, 0.748628086956733, 0.6068940599307103, 0.6693232508372436]"
"[0.9160263795355953, 0.8524253712193147, 0.3884233246730846, 0.6698984582193994]",stable,0.4883742809339835,2740,"[0.7376448207928723, 0.4226261249092245, 0.28698850023882305, 0.777940311413293]"
"[0.6933473355115863, 0.370326520648358, 0.4984826719015145, 0.7171799258148973]",stable,0.5788298363548419,2741,"[0.9409354918937307, 0.8759714470978411, 0.3711966300171805, 0.7603720104043242]"
"[0.92516100082374, 0.7648397117004326, 0.5289460645532247, 0.8501792482703057]",anomaly,0.3085670041189049,2742,"[0.8970771080403325, 1.0, 0.3998016796382776, 1.0]"
"[0.92516100082374, 0.7648397117004326, 0.5289460645532247, 0.8501792482703057]",stable,0.4168291212903003,2743,"[1.0, 0.7770190014179156, 0.1881927856329717, 0.6223975361751212]"
"[0.9162805541514946, 0.8526656372997078, 0.388247542074555, 0.6708216577314905]",stable,0.2428105151336818,2744,"[0.9254877759494832, 0.6779426563983845, 0.4982748378782983, 0.7982502551863708]"
"[0.9162805541514946, 0.8526656372997078, 0.388247542074555, 0.6708216577314905]",stable,0.4112648065318145,2745,"[0.9288267883231202, 0.5877063598867888, 0.6667440807397391, 0.5251590600473321]"
"[0.9162805541514946, 0.8526656372997078, 0.388247542074555, 0.6708216577314905]",stable,0.20023118915736973,2746,"[0.9576512173494083, 0.8454891186936307, 0.5758700114555755, 0.7267439600982907]"
"[0.9162805541514946, 0.8526656372997078, 0.388247542074555, 0.6708216577314905]",stable,0.2683039927227595,2747,"[0.6528274672360161, 0.8382265112831631, 0.3521353761613861, 0.6381578150515779]"
"[0.6723542933948976, 0.7917876737655755, 0.420892333490798, 0.4894725041397581]",stable,0.5548952818998784,2748,"[0.5189477069231034, 0.6431294888543232, 0.6299892661229852, 0.9569705361404499]"
"[0.6723542933948976, 0.7917876737655755, 0.420892333490798, 0.4894725041397581]",stable,0.4584768995620019,2749,"[0.8447372246359506, 0.511133817793469, 0.19317220105625751, 0.7127708401405259]"
"[0.9255470830784623, 0.7647662099556226, 0.5291372730264886, 0.8481161390790593]",stable,0.37078810260527817,2750,"[0.5941402819049361, 0.7053850905132197, 0.4368151838357151, 0.7232007130069722]"
"[0.6065376435631613, 0.6171921037507171, 0.40427810244906215, 0.6511667880059858]",stable,0.44255732841690565,2751,"[0.8584961872421084, 0.2780431137047038, 0.4308663121701872, 0.7801819454770662]"
"[0.6969375279405108, 0.3683203596278438, 0.49701275103779, 0.718549534937988]",stable,0.3421437877289074,2752,"[0.7970247578899284, 0.6019013755251921, 0.3004088786686793, 0.6009410987424104]"
"[0.9255470830784623, 0.7647662099556226, 0.5291372730264886, 0.8481161390790593]",stable,0.37939795799893394,2753,"[0.8539605289350027, 0.641408165044006, 0.2508493548383774, 0.6332747949533601]"
"[0.9162805541514946, 0.8526656372997078, 0.388247542074555, 0.6708216577314905]",stable,0.2642946949231932,2754,"[0.7458420342017549, 0.7496270852234334, 0.44211053004445267, 0.5056422643591164]"
"[0.6736665744807343, 0.7910348061130372, 0.42127122985782756, 0.489761249857961]",stable,0.318199573490451,2755,"[0.7403494876270635, 0.5090313952409135, 0.397970809442765, 0.619127104428607]"
"[0.9141485151468851, 0.6751989996857765, 0.18987248264567091, 0.5728497526256913]",stable,0.3699817480821612,2756,"[0.8345936256583407, 0.8035522918067638, 0.31080988863801673, 0.8882179338138769]"
"[0.9141485151468851, 0.6751989996857765, 0.18987248264567091, 0.5728497526256913]",stable,0.15091029955813348,2757,"[1.0, 0.6159088787760985, 0.27303306137315164, 0.5023342169653333]"
"[0.9162805541514946, 0.8526656372997078, 0.388247542074555, 0.6708216577314905]",stable,0.2063143403460315,2758,"[0.9781194920976326, 0.6798145267360078, 0.4682752837724634, 0.720416082032416]"
"[0.9255470830784623, 0.7647662099556226, 0.5291372730264886, 0.8481161390790593]",stable,0.45179228966645524,2759,"[0.6988671958601946, 0.5888986962427536, 0.22552007942044808, 0.676012335809005]"
"[0.9255470830784623, 0.7647662099556226, 0.5291372730264886, 0.8481161390790593]",stable,0.6886906771335416,2760,"[0.6326197852140184, 0.21026712992878852, 0.6394394652403547, 0.5857182664148525]"
"[0.6955690653293088, 0.36495752495339584, 0.5000431066591212, 0.715723337735368]",stable,0.6839092056625188,2761,"[0.27719244790206543, 0.4241721407711417, 0.9175712237006639, 0.37681817646842003]"
"[0.39353593308931106, 0.354249561750141, 0.9142194491988254, 0.3506242564068559]",stable,0.35383945242585063,2762,"[0.36766574473350633, 0.45359943479138287, 0.7773016737450641, 0.6603276902576021]"
"[0.344473189617094, 0.2711397660933063, 0.7100927334992438, 0.4099164246458854]",stable,0.25004532732015106,2763,"[0.47761118709605804, 0.39500870638597346, 0.8398835136865589, 0.5222007884329799]"
"[0.365810056642184, 0.6038821163453613, 0.8819996912121483, 0.48708963695090346]",stable,0.2393281660884921,2764,"[0.37624443610540687, 0.40193568059875323, 0.8677109963750359, 0.359878925540302]"
"[0.39333718025041564, 0.35479767805874574, 0.9136848692813107, 0.3507306319141369]",stable,0.4068117856783248,2765,"[0.4108986559137876, 0.09495212059014518, 0.8639355350364059, 0.6592637963314051]"
"[0.5334179955178148, 0.38482356060737033, 0.8189989885593728, 0.5839257010821902]",stable,0.3632613118144244,2766,"[0.31962100425944295, 0.34716514055191594, 0.6141936988545725, 0.3768357112278664]"
"[0.3441461871781775, 0.2721400999677617, 0.7088309040960245, 0.40948115210091146]",stable,0.2530109525813534,2767,"[0.41870427926327486, 0.17625337053252377, 0.8890795399415139, 0.27997517762557067]"
"[0.39362544273919814, 0.3527687654732205, 0.9134052632660857, 0.34992659266085774]",stable,0.2748985315928102,2768,"[0.41232260779662905, 0.5486156417292294, 1.0, 0.521288698511148]"
"[0.5363207525140754, 0.4984117615248514, 0.6148384133454478, 0.5594298164447103]",stable,0.41576993167544024,2769,"[0.19674359318748605, 0.313209130729333, 0.7643709760150362, 0.5892959711514822]"
"[0.3441461871781775, 0.2721400999677617, 0.7088309040960245, 0.40948115210091146]",stable,0.31945815390807875,2770,"[0.22159479758359632, 0.08230133127971181, 0.9306218600544618, 0.4519627100389451]"
"[0.12774064790933892, 0.32758355096200376, 0.9448923703999705, 0.4757678446928213]",stable,0.5476808737191176,2771,"[0.5839047692846457, 0.15314738445966297, 0.7833821774017812, 0.2877382853642795]"
"[0.39362544273919814, 0.3527687654732205, 0.9134052632660857, 0.34992659266085774]",stable,0.17556144011530228,2772,"[0.2894492445491999, 0.38423174310933705, 0.7772374576840405, 0.3708442585745452]"
"[0.39362544273919814, 0.3527687654732205, 0.9134052632660857, 0.34992659266085774]",stable,0.4690592577563868,2773,"[0.24190201215439666, 0.23545997751077397, 0.6070082312812924, 0.6488514911826148]"
"[0.3434358372739051, 0.27359583559297695, 0.7097193008958688, 0.40897937426290676]",stable,0.4223801844140456,2774,"[0.41344177975421303, 0.6695756474284484, 0.6133100874052236, 0.49505748051500076]"
"[0.5363207525140754, 0.4984117615248514, 0.6148384133454478, 0.5594298164447103]",stable,0.25116491044665756,2775,"[0.5066464710865942, 0.28889062786022013, 0.6574865953064075, 0.6878248178456712]"
"[0.3664940647473965, 0.6030693740715946, 0.8837349898707931, 0.48759256432678943]",stable,0.44950276627112357,2776,"[0.7177622744524566, 0.49733888684382727, 0.6239807329911938, 0.4910813806734]"
"[0.9155332165154838, 0.6742427074130397, 0.19121378230256578, 0.5717124052763306]",anomaly,0.726851272930623,2777,"[1.0, 0.46431516564495773, 0.8819411435846347, 0.5737800203680122]"
"[0.9155332165154838, 0.6742427074130397, 0.19121378230256578, 0.5717124052763306]",stable,0.3997536392091507,2778,"[0.7056295376862027, 0.4663477224747141, 0.45996371080538523, 0.5889335795137829]"
"[0.7564619477634382, 0.49652929794826034, 0.4561966405621792, 0.4683001684273447]",stable,0.33264835316516556,2779,"[0.5936343692294972, 0.757583196596767, 0.5807218887356984, 0.4903553514918453]"
"[0.5363207525140754, 0.4984117615248514, 0.6148384133454478, 0.5594298164447103]",stable,0.5197672575520222,2780,"[0.9182889050185948, 0.44734171870721895, 0.2662578593612851, 0.547522650277485]"
"[0.9255470830784623, 0.7647662099556226, 0.5291372730264886, 0.8481161390790593]",stable,0.3399539531032398,2781,"[0.6744884779015723, 0.9152167448896462, 0.46439122252093046, 0.687770099280279]"
"[0.6736809938389946, 0.79321343661789, 0.4220277209571803, 0.4932350893215104]",stable,0.27350989204978515,2782,"[0.6040409068661045, 0.565914405844064, 0.2989715138935915, 0.5493620868173313]"
"[0.37417887111438053, 0.8088921391060513, 0.4955538048936675, 0.46357609835672325]",stable,0.6521608719597419,2783,"[0.9412173371086163, 0.6743467895205183, 0.37585059900079537, 0.7306900672952086]"
"[0.9255470830784623, 0.7647662099556226, 0.5291372730264886, 0.8481161390790593]",stable,0.27655900226714575,2784,"[0.9022377412651151, 0.7495872830465731, 0.282802372203756, 0.7255181246833445]"
"[0.9255470830784623, 0.7647662099556226, 0.5291372730264886, 0.8481161390790593]",stable,0.5700724421916809,2785,"[0.8019032861320163, 0.7240575108671901, 0.0, 0.6806307697608049]"
"[0.9255470830784623, 0.7647662099556226, 0.5291372730264886, 0.8481161390790593]",stable,0.4654485179106454,2786,"[0.9548122861455081, 0.5693170561207836, 0.20476834504363572, 0.5790988579628431]"
"[0.9161387075566826, 0.8516244418022015, 0.38718243934858726, 0.6713741472966608]",stable,0.13020793807817388,2787,"[0.9208438486649779, 0.7546175485681174, 0.3274045005407643, 0.7342090856882894]"
"[0.9255470830784623, 0.7647662099556226, 0.5291372730264886, 0.8481161390790593]",stable,0.07646127268572617,2788,"[0.9389861421882703, 0.6962747114577308, 0.49913624956808633, 0.8394806810179173]"
"[0.9161857589677654, 0.8506543728698607, 0.38658465996050906, 0.6720024966805771]",stable,0.26826245003527466,2789,"[0.780695048752685, 0.7015110554856562, 0.5107531052864741, 0.5457270928629349]"
"[0.6755260637512996, 0.7916323610811273, 0.4235574689628578, 0.4941401238653281]",stable,0.5087153303330656,2790,"[0.7295600232632309, 0.5329635738546132, 0.3476757203496669, 0.9221635312597274]"
"[0.9257033512076461, 0.7639697971823913, 0.5287884239165073, 0.8480157267760228]",stable,0.404383357106222,2791,"[0.658000713485969, 0.5983297456114925, 0.29262267948311393, 0.7550086747145479]"
"[0.9257033512076461, 0.7639697971823913, 0.5287884239165073, 0.8480157267760228]",stable,0.4857237522569881,2792,"[0.5847887914445306, 0.7531398497717586, 0.7524874920375331, 0.5842994671161439]"
"[0.5363207525140754, 0.4984117615248514, 0.6148384133454478, 0.5594298164447103]",stable,0.5150777283324728,2793,"[0.8681626543904939, 0.7727090264842879, 0.33572175200625065, 0.5142532939820996]"
"[0.9257033512076461, 0.7639697971823913, 0.5287884239165073, 0.8480157267760228]",stable,0.45055556868022983,2794,"[0.9209038388603399, 0.5681550965427953, 0.25478972991009097, 0.5487522912443878]"
"[0.9157102826848221, 0.8498826367670332, 0.3860810668124471, 0.6704406233865327]",stable,0.13975072414491144,2795,"[1.0, 0.7394620435114605, 0.387112541595282, 0.6856635369977399]"
"[0.9257033512076461, 0.7639697971823913, 0.5287884239165073, 0.8480157267760228]",stable,0.2737792223155168,2796,"[0.8751990362033604, 0.7211151675935082, 0.31575492822831597, 0.6893192013720113]"
"[0.9257033512076461, 0.7639697971823913, 0.5287884239165073, 0.8480157267760228]",stable,0.26114386752700075,2797,"[0.9784743254658372, 0.8142213926718938, 0.3552085896712726, 0.6670290915872406]"
"[0.9167347299311176, 0.847239854973531, 0.38511792122646177, 0.6707357191538154]",stable,0.26753281631375747,2798,"[0.8374594514476351, 0.6113038627080175, 0.4732367025745343, 0.7138463437555895]"
"[0.9257033512076461, 0.7639697971823913, 0.5287884239165073, 0.8480157267760228]",stable,0.28944828439729203,2799,"[0.7173201263961971, 0.6175882633251812, 0.6220264596627277, 0.7468433185141169]"
"[0.6755260637512996, 0.7916323610811273, 0.4235574689628578, 0.4941401238653281]",stable,0.24688754690852277,2800,"[0.7600539804967303, 0.7668654425963342, 0.5782523671355368, 0.6652090583253802]"
"[0.9167347299311176, 0.847239854973531, 0.38511792122646177, 0.6707357191538154]",anomaly,0.5921227952977799,2801,"[0.5676659151431908, 1.0, 0.7506090038592504, 0.9387673849345823]"
"[0.9167347299311176, 0.847239854973531, 0.38511792122646177, 0.6707357191538154]",stable,0.47755261252905906,2802,"[0.7299242103856165, 0.8142766267363871, 0.8083518057257388, 0.7845110772780953]"
"[0.6677560892200609, 0.6680360390124467, 0.9116305482818156, 0.6278367821430068]",stable,0.32855331644305535,2803,"[0.5667838521500191, 0.6822661692322565, 0.6112628130076223, 0.7134441187852664]"
"[0.6755260637512996, 0.7916323610811273, 0.4235574689628578, 0.4941401238653281]",stable,0.3703663443993716,2804,"[0.7626107795106902, 0.9392272706456447, 0.7499127194678807, 0.4581474234483581]"
"[0.5363207525140754, 0.4984117615248514, 0.6148384133454478, 0.5594298164447103]",stable,0.46891091330220264,2805,"[0.2739624814681364, 0.68706693192456, 0.9457451674576416, 0.6366018903580138]"
"[0.5363207525140754, 0.4984117615248514, 0.6148384133454478, 0.5594298164447103]",stable,0.5611688071452826,2806,"[0.40247642193093125, 0.765774719020389, 0.7920701475380214, 1.0]"
"[0.6834730868306457, 0.7099245582379676, 0.6995595441684787, 0.4852384721362534]",stable,0.3831160892504238,2807,"[0.4375777254104436, 0.5069385286836513, 0.7396594344129668, 0.6938099938805249]"
"[0.3651530273085666, 0.6042867299825071, 0.8846336880966895, 0.48975211977651734]",stable,0.3324343768623398,2808,"[0.6087441771296068, 0.631059249813037, 0.901831233881362, 0.713724089562077]"
"[0.6662429632690237, 0.6670879162124619, 0.911379283810009, 0.6300390207947778]",stable,0.4921143324178864,2809,"[0.2979528756750226, 0.48735604129221244, 1.0, 0.37239246182157926]"
"[0.3925504700755557, 0.3542809820554564, 0.9143782378361297, 0.3501790181570456]",anomaly,0.5519699683778846,2810,"[0.23627451162740537, 0.49506655362603147, 1.0, 0.8532664931389766]"
"[0.3925504700755557, 0.3542809820554564, 0.9143782378361297, 0.3501790181570456]",stable,0.7004087541468808,2811,"[0.8390240319579519, 0.6580061915057697, 0.725027353802217, 0.7540738327877496]"
"[0.9167347299311176, 0.847239854973531, 0.38511792122646177, 0.6707357191538154]",stable,0.5258741107345403,2812,"[0.47615795070964556, 0.6712726684909245, 0.6113614792038543, 0.687620141169497]"
"[0.6755260637512996, 0.7916323610811273, 0.4235574689628578, 0.4941401238653281]",stable,0.6181115999610134,2813,"[0.5523089937359336, 0.5501646558559099, 0.9367597380687109, 0.7067342958951915]"
"[0.5259920197144166, 0.5458166714681078, 0.8819269611419484, 0.832265871054754]",stable,0.1965768028377154,2814,"[0.5616305869698194, 0.445631897143435, 0.7287133612723653, 0.770129442557472]"
"[0.5271799719562633, 0.5424771789906188, 0.8768198411462955, 0.8301946567715113]",anomaly,0.4284553688551425,2815,"[0.40794156681435856, 0.8960871069474172, 0.6744090395749317, 0.7723492412432521]"
"[0.5271799719562633, 0.5424771789906188, 0.8768198411462955, 0.8301946567715113]",stable,0.4205948887833758,2816,"[0.7432788306103256, 0.7574004413800772, 0.7089225403840838, 0.5939324476906952]"
"[0.5363207525140754, 0.4984117615248514, 0.6148384133454478, 0.5594298164447103]",stable,0.27088407139383125,2817,"[0.6941520677229537, 0.30956552252187447, 0.5749941760429708, 0.6653401126512095]"
"[0.6955395445458431, 0.36380352490273915, 0.5016045872712848, 0.7146736872127814]",stable,0.36242887934139495,2818,"[0.7063637828723139, 0.7037441803932398, 0.6190387599202977, 0.6712329887349514]"
"[0.6755260637512996, 0.7916323610811273, 0.4235574689628578, 0.4941401238653281]",stable,0.43441599503761563,2819,"[0.5294809060250275, 0.5123586577149949, 0.51776509111719, 0.777899161052555]"
"[0.6058733613430051, 0.6162883671469609, 0.40525643855827015, 0.6522593084632838]",stable,0.43731789450660985,2820,"[1.0, 0.5334847578240735, 0.5704885567167262, 0.6103899525020859]"
"[0.9167347299311176, 0.847239854973531, 0.38511792122646177, 0.6707357191538154]",stable,0.18937559334092216,2821,"[0.9232467615073463, 0.8543711070864558, 0.23023194551702675, 0.7792722962594839]"
"[0.9162308679525913, 0.6709456251917506, 0.19241894652676256, 0.5714690668178083]",stable,0.44753863714767034,2822,"[0.9324971215736105, 0.8272420788335275, 0.23645066695600903, 0.9881930365005893]"
"[0.9162308679525913, 0.6709456251917506, 0.19241894652676256, 0.5714690668178083]",stable,0.47529949683218176,2823,"[1.0, 0.8342043611503429, 0.5497661325708021, 0.8255200813100914]"
"[0.9167347299311176, 0.847239854973531, 0.38511792122646177, 0.6707357191538154]",stable,0.2988307134025543,2824,"[0.9741434990597442, 0.8366811273220146, 0.33157467664691764, 0.9588774598476826]"
"[0.9162308679525913, 0.6709456251917506, 0.19241894652676256, 0.5714690668178083]",stable,0.31474828503204266,2825,"[0.7297318463224707, 0.4183196474984697, 0.18228985724996125, 0.5524397524172235]"
"[0.37417887111438053, 0.8088921391060513, 0.4955538048936675, 0.46357609835672325]",stable,0.6240269914689208,2826,"[0.8881020114372915, 0.7225676071023728, 0.33278696953055203, 0.7658139589940242]"
"[0.9164620373740336, 0.846052500231901, 0.38461953121031023, 0.6716412261999126]",stable,0.31242709414808395,2827,"[0.920312144452247, 0.701627901199366, 0.20572033382869656, 0.8831417656881322]"
"[0.9162308679525913, 0.6709456251917506, 0.19241894652676256, 0.5714690668178083]",anomaly,0.4299791011471836,2828,"[1.0, 0.30556712926624274, 0.26873847868671646, 0.7677816840013789]"
"[0.9162308679525913, 0.6709456251917506, 0.19241894652676256, 0.5714690668178083]",stable,0.3015647259692419,2829,"[0.9080362802569004, 0.7816432294148683, 0.25745469767177676, 0.8442153301719877]"
"[0.9162308679525913, 0.6709456251917506, 0.19241894652676256, 0.5714690668178083]",stable,0.3367794138985421,2830,"[0.8089290304688657, 0.5279024191395769, 0.33808739865802195, 0.8168789943970731]"
"[0.7552441601254455, 0.6761324886430141, 0.2034531331343867, 0.7624918692883048]",stable,0.33183338047730637,2831,"[1.0, 0.7534352159603607, 0.41259965843261226, 0.7846275994835539]"
"[0.9164620373740336, 0.846052500231901, 0.38461953121031023, 0.6716412261999126]",stable,0.34829159726984205,2832,"[1.0, 0.515961999120205, 0.3119446935440338, 0.6623098503586825]"
"[0.9273919114074723, 0.7646482060772314, 0.5277064800888982, 0.8470397748128591]",stable,0.38258367603571036,2833,"[0.7842454968581418, 0.7759138264186664, 0.23339118790757585, 0.6492242856386943]"
"[0.9273919114074723, 0.7646482060772314, 0.5277064800888982, 0.8470397748128591]",stable,0.28493670392451215,2834,"[0.8380096913578081, 0.5994410486539162, 0.3786105524194927, 0.6931672838638078]"
"[0.9273919114074723, 0.7646482060772314, 0.5277064800888982, 0.8470397748128591]",stable,0.28834322149367303,2835,"[1.0, 0.694581133365778, 0.2648428617808833, 0.7848851101129735]"
"[0.9273919114074723, 0.7646482060772314, 0.5277064800888982, 0.8470397748128591]",anomaly,0.7042157661072016,2836,"[1.0, 0.39879556536170413, 0.14230544421570826, 0.3906782979830986]"
"[0.9273919114074723, 0.7646482060772314, 0.5277064800888982, 0.8470397748128591]",stable,0.2481022983706708,2837,"[0.9947576530547964, 0.705174706629453, 0.4124999026923806, 0.6465230555669801]"
"[0.9273919114074723, 0.7646482060772314, 0.5277064800888982, 0.8470397748128591]",stable,0.3416193773118347,2838,"[0.6724447224104209, 0.69363060270828, 0.37453494821550426, 0.694721976730312]"
"[0.6064423473350342, 0.6169494118953482, 0.40499386171773366, 0.652622237251891]",stable,0.4102614609857005,2839,"[1.0, 0.5298599119606029, 0.45896204533406715, 0.7067488901803075]"
"[0.9273919114074723, 0.7646482060772314, 0.5277064800888982, 0.8470397748128591]",stable,0.4818376277583711,2840,"[1.0, 0.5691949583603109, 0.14895520815766106, 0.6343402991150278]"
"[0.9164620373740336, 0.846052500231901, 0.38461953121031023, 0.6716412261999126]",stable,0.426097947227376,2841,"[0.7523405020840769, 0.46711259206382605, 0.4432049257478243, 0.7587955710709854]"
"[0.696698747760909, 0.36591187321214913, 0.5004127574442754, 0.7155741338221324]",stable,0.5627542883132285,2842,"[1.0, 0.7314022602258828, 0.2512255338676591, 0.5452120370639152]"
"[0.9164620373740336, 0.846052500231901, 0.38461953121031023, 0.6716412261999126]",stable,0.5960554869427298,2843,"[0.5540609471541946, 0.42516515244757624, 0.5362388572957535, 0.8259558844617886]"
"[0.6938459917487747, 0.3670969387968577, 0.5011292794413049, 0.7177817688349256]",stable,0.5091072670976393,2844,"[0.715215905679029, 0.6921866818462286, 0.12054714687327714, 0.8083766667282766]"
"[0.9273919114074723, 0.7646482060772314, 0.5277064800888982, 0.8470397748128591]",stable,0.3065799047628725,2845,"[1.0, 0.6133600891074945, 0.6643724326891238, 0.6298909167938133]"
"[0.9164620373740336, 0.846052500231901, 0.38461953121031023, 0.6716412261999126]",stable,0.3673110621505602,2846,"[0.9403336231196606, 0.6866875803719487, 0.41824841401506446, 1.0]"
"[0.9273919114074723, 0.7646482060772314, 0.5277064800888982, 0.8470397748128591]",stable,0.5141276464106961,2847,"[0.4626965326897195, 0.6506164520029044, 0.5625777602134262, 0.6621987764186313]"
"[0.5317610793754013, 0.3851773718956018, 0.8157442325134353, 0.5868146660762689]",stable,0.25576803562172806,2848,"[0.7402474488013636, 0.38124166571070073, 0.6995373860479537, 0.67863623685761]"
"[0.6947558242400018, 0.3673742863834036, 0.5050196344728078, 0.7170142093843901]",stable,0.3746033712092935,2849,"[0.53947756224667, 0.19374402440048571, 0.7932203311684953, 0.6621576908878466]"
"[0.5317610793754013, 0.3851773718956018, 0.8157442325134353, 0.5868146660762689]",stable,0.32401411703232036,2850,"[0.44352930321301903, 0.5854526798458296, 0.7521009929797423, 0.35651129919127544]"
"[0.3233079183862242, 0.4287870576392727, 0.37227943080802345, 0.5012836599234759]",stable,0.33958156187470284,2851,"[0.5566892836274715, 0.6213738336330412, 0.48843867082005993, 0.39996169687722277]"
"[0.2961992349216231, 0.7051271052265716, 0.266886929371738, 0.44564738909363794]",stable,0.3473107225327505,2852,"[0.17685350540139855, 0.49579353686509126, 0.5068987466099204, 0.5160399993207164]"
"[0.4396818278926801, 0.5846661264039106, 0.3601835221105204, 0.30207316870816664]",stable,0.44042267745934427,2853,"[0.44342627146010566, 0.5678948664982096, 0.02329298209190328, 0.5852367307177726]"
"[0.14328416158653176, 0.45040324851785224, 0.3884762727341106, 0.28273268627664705]",stable,0.4665214535879974,2854,"[0.4409307063324624, 0.40909135030320243, 0.6138790596982066, 0.5593835705213708]"
"[0.5354122758837744, 0.497561090941788, 0.6148292766440455, 0.5594293760073452]",stable,0.46159636242367297,2855,"[0.6635681779981326, 0.84076167070309, 0.42804802675766795, 0.3497310372003564]"
"[0.6753233877215848, 0.7924650612442113, 0.42363358011192237, 0.49169251222693877]",stable,0.22459509869758457,2856,"[0.7788128889350157, 0.8267073193136955, 0.4496214799935739, 0.6863331511480468]"
"[0.9151634605019675, 0.8458699985251256, 0.3852327571422278, 0.6717798292654611]",stable,0.35249718943652963,2857,"[1.0, 0.6278117245233561, 0.3918462679880859, 0.9353398428113562]"
"[0.9273919114074723, 0.7646482060772314, 0.5277064800888982, 0.8470397748128591]",stable,0.3918393571290593,2858,"[0.584754062746709, 0.7718959027454735, 0.34438847693101393, 0.8968330180457458]"
"[0.6753233877215848, 0.7924650612442113, 0.42363358011192237, 0.49169251222693877]",stable,0.42153780533792345,2859,"[0.9531410416732665, 0.8379877820405632, 0.16238774198260328, 0.665444537922479]"
"[0.9187693264994825, 0.6703199580433066, 0.19265141393542615, 0.5720238274624041]",stable,0.3220846931843227,2860,"[0.7944866173855859, 0.631438205546216, 0.4417722185973631, 0.7292478453677289]"
"[0.9273919114074723, 0.7646482060772314, 0.5277064800888982, 0.8470397748128591]",stable,0.2752670809679588,2861,"[0.9184017614269374, 0.6931368270005356, 0.26474408727901105, 0.8092502829110617]"
"[0.9273919114074723, 0.7646482060772314, 0.5277064800888982, 0.8470397748128591]",stable,0.5028592626432137,2862,"[0.8026505954922046, 0.6204346988708044, 0.11858806335709782, 0.6253832216503354]"
"[0.9151634605019675, 0.8458699985251256, 0.3852327571422278, 0.6717798292654611]",stable,0.48465868457390654,2863,"[1.0, 0.4247870082831725, 0.21399514945292245, 0.8169128687177065]"
"[0.8794852833158462, 0.6260004426489599, 0.3633312450439717, 0.9211801893771296]",stable,0.132488989856431,2864,"[0.9278519280075991, 0.7199072700911527, 0.34980551668812, 1.0]"
"[0.9273919114074723, 0.7646482060772314, 0.5277064800888982, 0.8470397748128591]",stable,0.2489239136531269,2865,"[0.859132909853239, 0.7393411965559626, 0.438394932557802, 0.6263888599226196]"
"[0.9146398104959046, 0.84487440224504, 0.385729599903121, 0.6713556145987055]",stable,0.2945427714206585,2866,"[0.7319287536298026, 0.8304916168140776, 0.1883844285427416, 0.5521074166289932]"
"[0.9146398104959046, 0.84487440224504, 0.385729599903121, 0.6713556145987055]",anomaly,0.3903270546052262,2867,"[0.5836336919984401, 0.9236332370049599, 0.19562567037501716, 0.6501966685175065]"
"[0.9146398104959046, 0.84487440224504, 0.385729599903121, 0.6713556145987055]",stable,0.1623884002807666,2868,"[1.0, 0.7600001292761672, 0.29753082621712246, 0.6073168396114942]"
"[0.9154301826209426, 0.84408852934718, 0.3849129445912136, 0.6707626629784535]",stable,0.36439670806560714,2869,"[0.7419794925664754, 0.5295448576515079, 0.37622880161062616, 0.7314807263993047]"
"[0.6075909672098769, 0.6162086953339597, 0.40475009002191076, 0.6532905295328012]",anomaly,0.43144135565427433,2870,"[0.39367912318429055, 0.819686174989695, 0.09093787588711516, 0.675699810805039]"
"[0.6075909672098769, 0.6162086953339597, 0.40475009002191076, 0.6532905295328012]",anomaly,0.502776621245409,2871,"[0.5776513072622314, 0.7840987279085856, 0.5724075722586851, 0.21103285210335787]"
"[0.6075909672098769, 0.6162086953339597, 0.40475009002191076, 0.6532905295328012]",stable,0.36155813245946417,2872,"[0.5630625318832162, 0.44593421726572624, 0.4356998225199667, 0.3389814177147944]"
"[0.2961992349216231, 0.7051271052265716, 0.266886929371738, 0.44564738909363794]",stable,0.3581903568211708,2873,"[0.4004886090340568, 0.4308511987128006, 0.42202099290515876, 0.580295848440829]"
"[0.3601733041840076, 0.4732099950634522, 0.6130758145579867, 0.31548406900846204]",stable,0.22149281179690924,2874,"[0.42821620581247644, 0.6244442682662363, 0.6597305552380138, 0.4546988634686222]"
"[0.5317610793754013, 0.3851773718956018, 0.8157442325134353, 0.5868146660762689]",stable,0.5002278884982971,2875,"[0.43572056773665435, 0.6142864003601656, 0.7333884882280305, 0.16051577443467285]"
"[0.32431026501801424, 0.42881386466620164, 0.3729254251209732, 0.5023097922418831]",stable,0.23349278968365514,2876,"[0.41701925395279515, 0.6122515563612814, 0.47013200022866, 0.5554644837221354]"
"[0.5317610793754013, 0.3851773718956018, 0.8157442325134353, 0.5868146660762689]",stable,0.2731363067553597,2877,"[0.4460516429740254, 0.5852363739595886, 0.6858746580225203, 0.48499313645494135]"
"[0.5345692510450032, 0.49838821625327673, 0.6154995160910124, 0.5587271473323225]",stable,0.3014629951412326,2878,"[0.681022684801451, 0.66717634274774, 0.41331911183722103, 0.5667882682674742]"
"[0.6082080404669489, 0.6166369948920587, 0.404822098608594, 0.652563619774269]",stable,0.40771602992095457,2879,"[0.9480662709756801, 0.7798496635237857, 0.4755444821728946, 0.514401709426037]"
"[0.9157295962755733, 0.8434991819543048, 0.3857444265873758, 0.6693281588174222]",stable,0.20513195561696512,2880,"[0.8308484936207631, 0.7756672255258209, 0.3513068218117363, 0.839877842756576]"
"[0.9273919114074723, 0.7646482060772314, 0.5277064800888982, 0.8470397748128591]",stable,0.5353271428995952,2881,"[0.9676720908592473, 0.4507349491835707, 0.27540037641725895, 0.49667888335260074]"
"[0.879481127238872, 0.6297477289615608, 0.36293816578877036, 0.9211419965156268]",stable,0.2649261220124412,2882,"[0.9875358071852199, 0.4790277641837093, 0.181749126741761, 0.8666988094962421]"
"[0.9273919114074723, 0.7646482060772314, 0.5277064800888982, 0.8470397748128591]",stable,0.36632230724200804,2883,"[0.8100700357868471, 0.6234910925186009, 0.2509965809605033, 0.6923338883698535]"
"[0.9273919114074723, 0.7646482060772314, 0.5277064800888982, 0.8470397748128591]",stable,0.1768676414637343,2884,"[1.0, 0.7146714249953957, 0.538463753501856, 1.0]"
"[0.9157295962755733, 0.8434991819543048, 0.3857444265873758, 0.6693281588174222]",stable,0.23912301661220173,2885,"[0.7688476862617939, 0.7626877309880281, 0.21564949154034377, 0.6812757128974146]"
"[0.9282077326276131, 0.7640866692111434, 0.5278273483294932, 0.848758429028445]",stable,0.24478519028083862,2886,"[0.8085429907568045, 0.7088829764684077, 0.32154964663791363, 0.8502420146257188]"
"[0.7559896469317317, 0.6780772857495008, 0.20354107955963543, 0.7596508702815649]",stable,0.5333042917637242,2887,"[0.26876508283611683, 0.5827594718484288, 0.29990196239623346, 0.5903736232354314]"
"[0.14328416158653176, 0.45040324851785224, 0.3884762727341106, 0.28273268627664705]",stable,0.5229822101573215,2888,"[0.3900529956621045, 0.8730070060060502, 0.39110262872622187, 0.46716343501740987]"
"[0.22609891490684875, 0.6949721383838663, 0.5435647590420793, 0.23247027594037778]",stable,0.4926550348953215,2889,"[0.24455032600238907, 0.3930461737919636, 0.1581800816855703, 0.28431515225773774]"
"[0.05240875075783734, 0.572597754398879, 0.17624603410841946, 0.38681557986922976]",stable,0.5012985364894593,2890,"[0.38484679210338124, 0.6540792828159068, 0.3458486880170938, 0.7114397805486796]"
"[0.9157295962755733, 0.8434991819543048, 0.3857444265873758, 0.6693281588174222]",stable,0.8317386484207477,2891,"[0.16150016072737755, 0.7062856586422219, 0.31383111332214303, 0.3547998417696194]"
"[0.11868121911865978, 0.7395764796965494, 0.33639410981168816, 0.2788485738176392]",stable,0.26792951495640766,2892,"[0.0, 0.6774870232395265, 0.5680790603870238, 0.2658880071996137]"
"[0.4409408146680938, 0.5832504946780107, 0.36095409660449435, 0.3024497834939486]",stable,0.5260168295286798,2893,"[0.0, 0.5661219394511845, 0.2812700530589461, 0.02745529499042476]"
"[0.11868121911865978, 0.7395764796965494, 0.33639410981168816, 0.2788485738176392]",stable,0.3487829724282337,2894,"[0.1504824568910055, 0.44590518952719277, 0.441087536062203, 0.43193254738187065]"
"[0.4409408146680938, 0.5832504946780107, 0.36095409660449435, 0.3024497834939486]",stable,0.3534744492661269,2895,"[0.21959445517602208, 0.47938750481555037, 0.2047401268772791, 0.5043399774670423]"
"[0.14328416158653176, 0.45040324851785224, 0.3884762727341106, 0.28273268627664705]",stable,0.3186839923664001,2896,"[0.0, 0.5253149671073118, 0.6630179999438974, 0.2760835910244314]"
"[0.5317610793754013, 0.3851773718956018, 0.8157442325134353, 0.5868146660762689]",stable,0.6613125595444151,2897,"[0.14265232483113094, 0.47461617040919796, 0.30417316461049765, 0.4594395415295798]"
"[0.32431026501801424, 0.42881386466620164, 0.3729254251209732, 0.5023097922418831]",stable,0.35182669782518583,2898,"[0.2370781869857525, 0.3380671245788036, 0.6928192807780518, 0.4274396370323043]"
"[0.3925504700755557, 0.3542809820554564, 0.9143782378361297, 0.3501790181570456]",stable,0.48973282531166124,2899,"[0.08270937684170204, 0.6638840214750628, 0.8260435855893249, 0.5506277256259895]"
"[0.5317610793754013, 0.3851773718956018, 0.8157442325134353, 0.5868146660762689]",stable,0.5069668544630976,2900,"[0.3471823481137683, 0.7517852876885943, 0.5795366256500526, 0.4058431599548763]"
"[0.22233059965840127, 0.6946807197981273, 0.5439733307311616, 0.23302723812803172]",stable,0.6881906868401834,2901,"[0.4459270338078548, 0.2589573160558628, 0.9576859454671756, 0.4832232491449112]"
"[0.5317610793754013, 0.3851773718956018, 0.8157442325134353, 0.5868146660762689]",stable,0.41899052611380844,2902,"[0.12428160196482746, 0.36003093038894857, 0.8630081473157197, 0.6683457356108121]"
"[0.3420722776548262, 0.27442239057997475, 0.7095026339712813, 0.40921604429841185]",stable,0.23322858548452566,2903,"[0.24101352337395704, 0.21650202928426632, 0.580573583491989, 0.5647963546213903]"
"[0.3925504700755557, 0.3542809820554564, 0.9143782378361297, 0.3501790181570456]",stable,0.44253688080867265,2904,"[0.6394211747119389, 0.3453552633987701, 0.8686625771756852, 0.7144922844335371]"
"[0.3651530273085666, 0.6042867299825071, 0.8846336880966895, 0.48975211977651734]",anomaly,0.5614430814694376,2905,"[0.7763635220134455, 0.9534403823922244, 0.7847330138574197, 0.6090661804314119]"
"[0.3651530273085666, 0.6042867299825071, 0.8846336880966895, 0.48975211977651734]",stable,0.49229467538399335,2906,"[0.6653732712005113, 0.5505207605028203, 0.5269046670454411, 0.6359062185644662]"
"[0.9157295962755733, 0.8434991819543048, 0.3857444265873758, 0.6693281588174222]",stable,0.48628310079305814,2907,"[0.6069945560885298, 0.6198250607834009, 0.6855056108066028, 0.7049237910147395]"
"[0.6753233877215848, 0.7924650612442113, 0.42363358011192237, 0.49169251222693877]",stable,0.14025976159452352,2908,"[0.7265119690909836, 0.72827609594419, 0.3222420234638099, 0.5431906562141378]"
"[0.6761765307444082, 0.7913952451558777, 0.42194372083445386, 0.4925508146267254]",stable,0.5392748846867262,2909,"[0.9422567740492289, 0.7997106955425823, 0.4960574822251965, 0.9556455231196119]"
"[0.9157295962755733, 0.8434991819543048, 0.3857444265873758, 0.6693281588174222]",stable,0.3126977588740293,2910,"[0.8106471773554448, 0.6018776793204177, 0.34165655500058345, 0.8318485657902825]"
"[0.7559896469317317, 0.6780772857495008, 0.20354107955963543, 0.7596508702815649]",stable,0.3697924531615618,2911,"[0.9290625225271041, 0.6347003282252556, 0.5078650846305776, 0.8705453139742748]"
"[0.9157295962755733, 0.8434991819543048, 0.3857444265873758, 0.6693281588174222]",stable,0.18978056684192046,2912,"[0.9854000755987838, 0.8464035965719474, 0.46349524739781867, 0.8277865511503812]"
"[0.9157295962755733, 0.8434991819543048, 0.3857444265873758, 0.6693281588174222]",stable,0.28294882250931597,2913,"[0.7218012839534828, 0.6517154603274703, 0.31815957150449214, 0.6361146476856465]"
"[0.9157295962755733, 0.8434991819543048, 0.3857444265873758, 0.6693281588174222]",stable,0.17966634441382937,2914,"[0.7945813368367529, 0.9628115197573538, 0.3371797793964906, 0.7010950541830229]"
"[0.914628248462493, 0.8445838395706963, 0.3853029297947314, 0.6696169487752914]",stable,0.4679491650475773,2915,"[0.9357418149544482, 0.4838015835899433, 0.6773148429671587, 0.7252572643165576]"
"[0.914628248462493, 0.8445838395706963, 0.3853029297947314, 0.6696169487752914]",anomaly,0.3868794854096206,2916,"[1.0, 0.8920984389633508, 0.5819291358769207, 0.35107668727525604]"
"[0.914628248462493, 0.8445838395706963, 0.3853029297947314, 0.6696169487752914]",stable,0.12475518461069181,2917,"[1.0, 0.7618078559925108, 0.39401717527133656, 0.7063282358012648]"
"[0.9153973633412094, 0.8438381099889108, 0.38538143651073686, 0.6699476810908407]",stable,0.160636039770435,2918,"[1.0, 0.8720768047755472, 0.5180592657627002, 0.6856161489560625]"
"[0.9161527440256628, 0.8440902411923629, 0.3865660599862008, 0.6700875781253516]",stable,0.2390030550697891,2919,"[1.0, 0.66064589851223, 0.25936849792044325, 0.6862446614465568]"
"[0.9161527440256628, 0.8440902411923629, 0.3865660599862008, 0.6700875781253516]",stable,0.11474091174863575,2920,"[1.0, 0.7798105164336485, 0.34181028388465085, 0.6696977256224103]"
"[0.91689475514048, 0.8435213940706043, 0.3861699911711428, 0.6700841281032016]",stable,0.12738275667172233,2921,"[0.9943967074075165, 0.8224674173449327, 0.46604701732390125, 0.7283610948148591]"
"[0.9175745968270329, 0.8433367100642388, 0.3868706668391495, 0.6705953295655847]",stable,0.13927303731745788,2922,"[0.9480953550990108, 0.8998222305393748, 0.26381499952550724, 0.6820910225321134]"
"[0.9178399947250502, 0.843827888503153, 0.3858006175581613, 0.6706952921131197]",stable,0.4032356051363233,2923,"[0.8076615834276788, 0.6321351424424233, 0.4382674627658524, 0.34992577617860376]"
"[0.757237699818957, 0.49858393195574763, 0.45592498635314394, 0.4665066170296365]",stable,0.42070039351007565,2924,"[0.4647701476088253, 0.4258580841203369, 0.425999708192715, 0.7585117210730212]"
"[0.6903330227663254, 0.3684989748014215, 0.5035000205058829, 0.7178122384553253]",stable,0.26575083182230946,2925,"[0.5842519188275794, 0.5362405211046056, 0.48637629927860654, 0.5419149507657942]"
"[0.5350335750429711, 0.49874197611170035, 0.6142927570553823, 0.5585700239999251]",stable,0.2610116002498182,2926,"[0.6705395669100621, 0.3699759908191831, 0.5338787743385691, 0.7220267278953421]"
"[0.6899595613350752, 0.3685268430281717, 0.5040732045404619, 0.7178917571240048]",stable,0.5678437252449969,2927,"[0.5051293334389684, 0.5098676165457486, 1.0, 0.8674366749335887]"
"[0.5264686610363506, 0.5414252576214293, 0.8807933946577053, 0.8313960121960945]",stable,0.4189440960779696,2928,"[0.7643048990018786, 0.7210465570593392, 1.0, 0.5621859574433143]"
"[0.6686945116623451, 0.6684368822336337, 0.9135948017147587, 0.6283426942109912]",stable,0.3184242743371805,2929,"[0.7228797629620856, 0.8430075984187857, 0.6570547461474509, 0.5817568383224312]"
"[0.5350335750429711, 0.49874197611170035, 0.6142927570553823, 0.5585700239999251]",stable,0.41358295416910257,2930,"[0.6138938035190051, 0.5523134544635271, 1.0, 0.6734262114310389]"
"[0.6673579090247026, 0.6656046035075335, 0.9157022455753744, 0.629442292191968]",stable,0.2427089574886801,2931,"[0.6091932403653411, 0.6530608559884897, 0.689242804593971, 0.5655417025737385]"
"[0.5350335750429711, 0.49874197611170035, 0.6142927570553823, 0.5585700239999251]",stable,0.2980983413246527,2932,"[0.3731441523443245, 0.37232139125949143, 0.830330340964647, 0.5583856789947291]"
"[0.3651530273085666, 0.6042867299825071, 0.8846336880966895, 0.48975211977651734]",stable,0.5799633166799055,2933,"[0.6743657752574259, 1.0, 0.5946790867307535, 0.4988219752911028]"
"[0.6761468462282282, 0.7948149952352895, 0.42477544814422924, 0.49265362053925615]",stable,0.23019342216669958,2934,"[0.47878929617150795, 0.7553626649237076, 0.5253162163520299, 0.5413781175155893]"
"[0.22233059965840127, 0.6946807197981273, 0.5439733307311616, 0.23302723812803172]",stable,0.46691388288665675,2935,"[0.36496928518401583, 0.9544305303268428, 0.5157511096199706, 0.592744240213931]"
"[0.22233059965840127, 0.6946807197981273, 0.5439733307311616, 0.23302723812803172]",stable,0.25186519133096313,2936,"[0.2571442111176956, 0.716019222145178, 0.7389973820601906, 0.38708688496048793]"
"[0.5350335750429711, 0.49874197611170035, 0.6142927570553823, 0.5585700239999251]",stable,0.37982723765410803,2937,"[0.18765729813532747, 0.48508349114154137, 0.5803029428647651, 0.4093835935669208]"
"[0.4409408146680938, 0.5832504946780107, 0.36095409660449435, 0.3024497834939486]",stable,0.440679819866339,2938,"[0.12336019037667127, 0.7532366587326607, 0.5762758898447511, 0.1679786709906119]"
"[0.4409408146680938, 0.5832504946780107, 0.36095409660449435, 0.3024497834939486]",anomaly,0.3657384088879147,2939,"[0.44257184499597, 0.5022897693287105, 0.014566807883910793, 0.2174607804426636]"
"[0.4409408146680938, 0.5832504946780107, 0.36095409660449435, 0.3024497834939486]",stable,0.35824542909724477,2940,"[0.5881252562444438, 0.8189787968395013, 0.49992369164397593, 0.4807645244481125]"
"[0.6747271431639736, 0.7952047339708413, 0.4259875165877735, 0.49246186092488287]",stable,0.39775359586849685,2941,"[0.7765116207324003, 0.755898589260926, 0.4043848468378442, 0.8743469153590158]"
"[0.9289913866960076, 0.7639622628275168, 0.526565780604114, 0.849929104041042]",anomaly,0.5670528130376072,2942,"[0.619667410209211, 0.37566009209084017, 0.2562153065946179, 0.8946461673198947]"
"[0.9289913866960076, 0.7639622628275168, 0.526565780604114, 0.849929104041042]",anomaly,0.28367707569931944,2943,"[0.7813234184070542, 0.9897804827145383, 0.6035235626459483, 0.8080902970672719]"
"[0.9289913866960076, 0.7639622628275168, 0.526565780604114, 0.849929104041042]",stable,0.5355888766139019,2944,"[0.7528913293724293, 0.3932399660368133, 0.34138820519282803, 0.5598972802868254]"
"[0.7571728286182626, 0.49701163395695763, 0.4542154821567213, 0.4679005075260125]",stable,0.4928142184152157,2945,"[0.8317447751592413, 0.4560798209326564, 0.141455927232031, 0.8391294478676063]"
"[0.9289913866960076, 0.7639622628275168, 0.526565780604114, 0.849929104041042]",stable,0.4681364113353467,2946,"[0.9211667462696649, 0.8993887528844852, 0.1858780742259137, 0.5589273392117777]"
"[0.9178399947250502, 0.843827888503153, 0.3858006175581613, 0.6706952921131197]",stable,0.439069715195182,2947,"[0.6235937091602239, 0.5461534978193964, 0.314242670615694, 0.7823678294413018]"
"[0.9178399947250502, 0.843827888503153, 0.3858006175581613, 0.6706952921131197]",stable,0.3295368612496757,2948,"[0.8346890854265642, 0.6313473455174039, 0.5901908916958302, 0.7921741128825557]"
"[0.9178399947250502, 0.843827888503153, 0.3858006175581613, 0.6706952921131197]",stable,0.3156604943301936,2949,"[1.0, 0.8096538129305323, 0.5964469775198886, 0.4530912369863055]"
"[0.9178399947250502, 0.843827888503153, 0.3858006175581613, 0.6706952921131197]",stable,0.3513405991716688,2950,"[0.9450028559762008, 0.6549339056399365, 0.45515563936298453, 0.9574204911861718]"
"[0.9279773834565511, 0.7625362959747198, 0.5272499215835948, 0.8493080826307358]",stable,0.3378827770933556,2951,"[0.6916498972002715, 0.5799851315156309, 0.45250613500545406, 0.7100151215067141]"
"[0.9178399947250502, 0.843827888503153, 0.3858006175581613, 0.6706952921131197]",stable,0.45562360679886416,2952,"[0.7865837045315286, 0.77724895229237, 0.7719792999283598, 0.4788674320591175]"
"[0.5310905947478416, 0.38448423914385255, 0.8166324490017703, 0.5881205691193706]",stable,0.25570116807585624,2953,"[0.4568902522604923, 0.5583198677560688, 0.691126904660839, 0.7060482125911177]"
"[0.5343100257579482, 0.4992936232565556, 0.6150041843480254, 0.5599355627831769]",stable,0.27476228761515187,2954,"[0.6312901107790305, 0.5450107547324523, 0.8398067502058594, 0.4439057042201119]"
"[0.5310905947478416, 0.38448423914385255, 0.8166324490017703, 0.5881205691193706]",stable,0.37245009061961687,2955,"[0.5084225270277328, 0.39879085020221217, 1.0, 0.9111946950244543]"
"[0.5259047193485813, 0.5369679323895787, 0.8845186010746521, 0.8338897210344808]",anomaly,0.4216640663260263,2956,"[0.9196669421796433, 0.5902007056922924, 1.0, 0.7527588696246307]"
"[0.5259047193485813, 0.5369679323895787, 0.8845186010746521, 0.8338897210344808]",anomaly,0.33564109959071303,2957,"[0.7758556936422132, 0.36746171515315995, 0.9783419673433448, 0.7214429494296994]"
"[0.5259047193485813, 0.5369679323895787, 0.8845186010746521, 0.8338897210344808]",stable,0.43488151418808324,2958,"[0.4098634478038456, 0.5971287708389792, 0.7534449468216764, 0.4403713283783846]"
"[0.5343100257579482, 0.4992936232565556, 0.6150041843480254, 0.5599355627831769]",stable,0.16299419896541648,2959,"[0.48932626781980393, 0.4900470668584361, 0.5413805849836343, 0.4219586182252246]"
"[0.5338973307309927, 0.4992087924639123, 0.614328738482297, 0.5586697192551223]",stable,0.32571481434797284,2960,"[0.21588391527075623, 0.45018878636683435, 0.56460673812575, 0.5677454867618089]"
"[0.34079305291709366, 0.27368922144964936, 0.707870620674075, 0.41118541531515845]",stable,0.26082682165143417,2961,"[0.3043299118521119, 0.4368643998775154, 0.757299355815826, 0.6051744137758572]"
"[0.34079305291709366, 0.27368922144964936, 0.707870620674075, 0.41118541531515845]",stable,0.19395655213643043,2962,"[0.48888783902542665, 0.3478738499713491, 0.8075055448821119, 0.39516663841630884]"
"[0.39362088528610983, 0.3542097916989663, 0.9131907634699741, 0.35067888060437075]",stable,0.3140256119092847,2963,"[0.4030668196653245, 0.477910015219221, 0.6290207859644029, 0.4003632629012902]"
"[0.32431026501801424, 0.42881386466620164, 0.3729254251209732, 0.5023097922418831]",stable,0.7063178429218987,2964,"[0.7075822585951644, 0.3950918168008911, 0.9652211394776828, 0.49630276205337137]"
"[0.5310905947478416, 0.38448423914385255, 0.8166324490017703, 0.5881205691193706]",stable,0.20550681978432928,2965,"[0.4700163933846514, 0.37649983780854246, 1.0, 0.5187261494449787]"
"[0.5310905947478416, 0.38448423914385255, 0.8166324490017703, 0.5881205691193706]",stable,0.3415684486747464,2966,"[0.48757727934232425, 0.5803260977908247, 0.5420535103213343, 0.6201825301841207]"
"[0.533476239354732, 0.4999462225123388, 0.613671690953561, 0.5592289266272041]",stable,0.14106148562765194,2967,"[0.46030929483549277, 0.5122620900605496, 0.6830175895081599, 0.461328943392328]"
"[0.5328170776923965, 0.5000571762740343, 0.6142964287783772, 0.5583469447962593]",stable,0.3147343145022178,2968,"[0.8071007871195421, 0.5350349830022411, 0.4639665097796483, 0.5564485353604711]"
"[0.757907063302105, 0.49757080085468236, 0.45435887962176436, 0.46920268440593094]",stable,0.29983257342296965,2969,"[0.7285484431182004, 0.5785360552225375, 0.36045011246738, 0.7406127331201041]"
"[0.9178399947250502, 0.843827888503153, 0.3858006175581613, 0.6706952921131197]",stable,0.6258177430092939,2970,"[0.8782327719816942, 0.22615049461837478, 0.4183189058271727, 0.7572765451854035]"
"[0.6934461022729755, 0.3658902439835458, 0.5024851619716973, 0.7186211050510678]",stable,0.4020641547459286,2971,"[0.8392911790832058, 0.7332518747805983, 0.450618723805832, 0.6662751127317637]"
"[0.9171628497626204, 0.8428746470055447, 0.38635939433615846, 0.6706571871184529]",stable,0.3891989077402918,2972,"[1.0, 0.5161330362875911, 0.5423681806344071, 0.7869111107080276]"
"[0.9264924809340737, 0.5707511884113979, 0.3719874947648138, 0.6818457212417807]",stable,0.3336612448602878,2973,"[0.8066779814259658, 0.7288277954467641, 0.5936721493261139, 0.5307099800368559]"
"[0.5328170776923965, 0.5000571762740343, 0.6142964287783772, 0.5583469447962593]",stable,0.36777126783014413,2974,"[0.7734115745325827, 0.7582860027942334, 0.5197671061709784, 0.6002047260680434]"
"[0.6762935627095071, 0.7946187223648635, 0.42747608150179267, 0.4941720651335045]",stable,0.4561396046876513,2975,"[0.7665363630834587, 0.9076279774565632, 0.24817534260353422, 0.8878721149676791]"
"[0.9156360234908216, 0.6750296885419976, 0.192388748339776, 0.5739462178779474]",stable,0.7005042358978115,2976,"[1.0, 0.6516477200857567, 0.7414974463850187, 1.0]"
"[0.9264924809340737, 0.5707511884113979, 0.3719874947648138, 0.6818457212417807]",stable,0.25542019668021104,2977,"[0.8796986786934358, 0.6885442305789643, 0.5288843244587166, 0.8385556475162007]"
"[0.9171628497626204, 0.8428746470055447, 0.38635939433615846, 0.6706571871184529]",stable,0.3106245699145325,2978,"[0.8989190688023537, 0.5932357534634747, 0.5560977161495627, 0.7415381636207724]"
"[0.9171628497626204, 0.8428746470055447, 0.38635939433615846, 0.6706571871184529]",stable,0.44030467134222123,2979,"[1.0, 0.43896815556311314, 0.3018349795964356, 0.7999683607652169]"
"[0.8784930531790391, 0.6304889042482121, 0.36136395129787363, 0.9179255224281885]",stable,0.2608284342325442,2980,"[1.0, 0.8503277636892368, 0.38273626641745706, 0.8509805151121275]"
"[0.9171628497626204, 0.8428746470055447, 0.38635939433615846, 0.6706571871184529]",stable,0.27243851017015497,2981,"[1.0, 0.7464053475698327, 0.24789181197584131, 0.47347414711258634]"
"[0.9171628497626204, 0.8428746470055447, 0.38635939433615846, 0.6706571871184529]",stable,0.23061435955840326,2982,"[1.0, 1.0, 0.523617458000181, 0.7235044839334581]"
"[0.9178708595937092, 0.84421759874054, 0.3875325401794407, 0.671108873416017]",stable,0.46440864418861866,2983,"[0.9623582700174211, 0.49906930157965046, 0.6675605451505136, 0.7982042254544071]"
"[0.927227556124733, 0.5694333580829151, 0.37128596961313, 0.6830269476370151]",stable,0.3681041725618959,2984,"[1.0, 0.42323576134066765, 0.7011413055370845, 0.6778720141567985]"
"[0.9178708595937092, 0.84421759874054, 0.3875325401794407, 0.671108873416017]",stable,0.3317882394915439,2985,"[1.0, 0.6197407906498561, 0.21408270924766357, 0.822315880330968]"
"[0.9282273193700282, 0.7626815528412332, 0.5257459294542158, 0.84921250365565]",stable,0.20575053805750956,2986,"[1.0, 0.9477104347665721, 0.5796114649637425, 0.8559045260609964]"
"[0.9178708595937092, 0.84421759874054, 0.3875325401794407, 0.671108873416017]",stable,0.1355256901224806,2987,"[1.0, 0.8746545435314423, 0.4761700057034647, 0.6178265210226453]"
"[0.9185668692581692, 0.8444755389506325, 0.38828370514150873, 0.6706573280567512]",stable,0.3344991259325295,2988,"[1.0, 0.8977477264263648, 0.2265381906930288, 0.9468072385484207]"
"[0.9168242485120777, 0.6760349795142206, 0.19317048163042483, 0.5725311182897028]",stable,0.4303659392624825,2989,"[1.0, 0.766079599620346, 0.6052850934148053, 0.5912433919476832]"
"[0.9185668692581692, 0.8444755389506325, 0.38828370514150873, 0.6706573280567512]",stable,0.35095003117921303,2990,"[1.0, 0.6112723162922744, 0.5623368822605781, 0.8491407112575091]"
"[0.9172014613185359, 0.6317004023785284, 0.6189581442874893, 0.6227232096117116]",stable,0.6097444983048367,2991,"[1.0, 0.7158714210538237, 0.1061139927728475, 0.9306824132046896]"
"[0.9168242485120777, 0.6760349795142206, 0.19317048163042483, 0.5725311182897028]",stable,0.18625550003738528,2992,"[1.0, 0.7294105926023462, 0.31748841576088815, 0.6698399094629381]"
"[0.9192511812812099, 0.843508606628378, 0.3876887867433523, 0.6706504589929376]",stable,0.23238163834505818,2993,"[1.0, 0.7314695219301165, 0.2933188089506408, 0.8319650736651126]"
"[0.9289749514599238, 0.7646089370279555, 0.5263070287824401, 0.8492822122223723]",stable,0.246320505078116,2994,"[1.0, 0.9382923404257133, 0.4738908334473366, 1.0]"
"[0.9192511812812099, 0.843508606628378, 0.3876887867433523, 0.6706504589929376]",stable,0.2541780772791411,2995,"[1.0, 0.9491713159417593, 0.5023527245684059, 0.8544266720017194]"
"[0.9192511812812099, 0.843508606628378, 0.3876887867433523, 0.6706504589929376]",stable,0.4190178623700276,2996,"[1.0, 0.5398660166226806, 0.4523523219565418, 0.9402342159387742]"
"[0.9172014613185359, 0.6317004023785284, 0.6189581442874893, 0.6227232096117116]",stable,0.3685188463416133,2997,"[1.0, 0.5125382842399329, 0.4771855260522315, 0.9303779778513911]"
"[0.9172014613185359, 0.6317004023785284, 0.6189581442874893, 0.6227232096117116]",stable,0.3490468100488402,2998,"[0.9092292233698884, 0.8010473615270974, 0.34146066347358545, 0.4958891660885658]"
"[0.9191676649652822, 0.8431547629192007, 0.38730355238277087, 0.6691941148854011]",stable,0.3078828949527286,2999,"[1.0, 0.9887636354499458, 0.5072506689705907, 0.8986908601344378]"
"[0.9191676649652822, 0.8431547629192007, 0.38730355238277087, 0.6691941148854011]",stable,0.25081005702504966,3000,"[1.0, 0.9093278494530692, 0.2756653830916509, 0.8680152910554766]"
"[0.9168242485120777, 0.6760349795142206, 0.19317048163042483, 0.5725311182897028]",stable,0.31585422250011214,3001,"[0.932570728861761, 0.8239201702946768, 0.4598580683260969, 0.6533001697761098]"
"[0.9192784340883936, 0.8429957993437913, 0.38790317648147604, 0.6690627599671426]",stable,0.18102176432448955,3002,"[1.0, 1.0, 0.4122246395574387, 0.6372656631487416]"
"[0.919940086267997, 0.8442827190213013, 0.38810253273619705, 0.6688021280260081]",stable,0.44495074629833276,3003,"[0.7491621781566711, 0.434002641856522, 0.38950725934958463, 0.6467939986787136]"
"[0.6944591218344973, 0.3671286512175999, 0.500431018287659, 0.7173151576624794]",stable,0.6423987921877793,3004,"[0.8672875287426242, 0.9234084765248252, 0.2325840068704468, 0.7575306323077872]"
"[0.9168242485120777, 0.6760349795142206, 0.19317048163042483, 0.5725311182897028]",anomaly,0.38888261767870747,3005,"[0.9941295915081935, 0.8568934867007882, 0.4656096110474405, 0.376774393200521]"
"[0.9168242485120777, 0.6760349795142206, 0.19317048163042483, 0.5725311182897028]",stable,0.38476958592596233,3006,"[0.7922783387864495, 0.6977219501083414, 0.4732500970553505, 0.8040932804711086]"
"[0.919940086267997, 0.8442827190213013, 0.38810253273619705, 0.6688021280260081]",stable,0.6786105971101689,3007,"[0.9185524763839417, 0.34704595697118146, 0.7099316630442559, 1.0]"
"[0.9172014613185359, 0.6317004023785284, 0.6189581442874893, 0.6227232096117116]",stable,0.2964253306865084,3008,"[0.7742925485161664, 0.46003377237277876, 0.43138080266356105, 0.5698996507954054]"
"[0.7581445341023088, 0.49702678594914756, 0.4540258640136745, 0.47066206073041605]",stable,0.19931054026190156,3009,"[0.6704033912057548, 0.5376016669378343, 0.2807924893421026, 0.4514251109890908]"
"[0.376456666808269, 0.8115682724174295, 0.49635086869835965, 0.4677064918506398]",stable,0.6935232575905689,3010,"[0.7723012367541349, 0.6708998001381318, 0.09624884065331463, 0.8477227195623751]"
"[0.9297387367893912, 0.7697640719660949, 0.5248221908715592, 0.8508830318595502]",stable,0.19497267980738567,3011,"[0.9533248836408472, 0.7814041508243086, 0.5945759377674863, 0.67072487105042]"
"[0.919940086267997, 0.8442827190213013, 0.38810253273619705, 0.6688021280260081]",stable,0.6468020167522651,3012,"[0.6192514220492282, 0.6198304305196024, 0.9048109106103175, 0.77162624244561]"
"[0.5287334073092069, 0.5394789171813976, 0.8851335195454298, 0.8320029489560301]",stable,0.7036799115006541,3013,"[0.8834279948994054, 0.8467302726421032, 0.5934933774138214, 0.3962280076746368]"
"[0.5328170776923965, 0.5000571762740343, 0.6142964287783772, 0.5583469447962593]",stable,0.5773434705090855,3014,"[0.927297450578614, 0.670741766182332, 0.3553925484341937, 0.8439100198910394]"
"[0.9297387367893912, 0.7697640719660949, 0.5248221908715592, 0.8508830318595502]",stable,0.5091268962418214,3015,"[1.0, 0.6845730568018299, 0.09758860340150366, 0.5969391324612219]"
"[0.919940086267997, 0.8442827190213013, 0.38810253273619705, 0.6688021280260081]",stable,0.37814020473868787,3016,"[0.9221321783282221, 0.5552877264565386, 0.462413973946355, 0.9010625705253246]"
"[0.9177031755174568, 0.633779621106942, 0.6186195025302671, 0.6233898993539158]",stable,0.48374356463156865,3017,"[0.57740690884295, 0.34354248880399596, 0.45968438889218316, 0.530071498728631]"
"[0.6923689037453625, 0.36670746974592844, 0.4997033999055969, 0.7139715208958036]",stable,0.2630805869738896,3018,"[0.5409163627643445, 0.42798782158054954, 0.35501038766554016, 0.5670627949437923]"
"[0.376456666808269, 0.8115682724174295, 0.49635086869835965, 0.4677064918506398]",stable,0.46258670789849726,3019,"[0.6022230874059592, 0.41375987136275033, 0.48531154433691887, 0.5358430827753327]"
"[0.5334367742076962, 0.4992866646230407, 0.6131447780244356, 0.5581460174567867]",stable,0.42156813277438293,3020,"[0.6673038604512914, 0.8479513688433562, 0.4463670429309037, 0.45608032831709]"
"[0.6761530986117225, 0.7954520449660899, 0.42777125277412253, 0.493576881745748]",stable,0.7898794818956675,3021,"[0.37617392954099527, 0.29002561317654046, 0.9450634915120795, 0.597859938055777]"
"[0.5310905947478416, 0.38448423914385255, 0.8166324490017703, 0.5881205691193706]",stable,0.1896026586052095,3022,"[0.6740573670084082, 0.49742757868282367, 0.8441586565730775, 0.6327947241766841]"
"[0.6675174199290765, 0.6616003886307548, 0.9139988267896054, 0.6295221120011278]",stable,0.3382380254198997,3023,"[0.5731892620724163, 0.5160432168163046, 0.6341879811357405, 0.7071504628992974]"
"[0.5337885661357026, 0.4994349526955475, 0.6133310010608188, 0.5594646408677824]",stable,0.42719650286017913,3024,"[0.777263219928285, 0.6709664235598738, 0.8750249142629083, 0.7185564235363012]"
"[0.670069647836035, 0.6618182033965483, 0.913092456730845, 0.6315926773856667]",stable,0.37078598071887175,3025,"[0.6958432070336953, 0.7429943128466223, 0.6423314650088077, 0.3930200642042946]"
"[0.5337885661357026, 0.4994349526955475, 0.6133310010608188, 0.5594646408677824]",stable,0.1507990474250931,3026,"[0.5858968172027488, 0.6022564134694202, 0.5559942606878261, 0.6379842453164558]"
"[0.5342456560573434, 0.5003368953339148, 0.6128280471978979, 0.5601534093278584]",stable,0.4667150048314041,3027,"[0.8532906520906435, 0.24229424509313507, 0.5777725583557838, 0.7797400428000352]"
"[0.6951920923128236, 0.36452478159412505, 0.5010730342643721, 0.7151253546134217]",stable,0.5483268398021105,3028,"[0.820032920912155, 0.8008887414300316, 0.6419499712001082, 0.4415978898901628]"
"[0.5342456560573434, 0.5003368953339148, 0.6128280471978979, 0.5601534093278584]",stable,0.38993362888066324,3029,"[0.84429640225081, 0.6435670374233777, 0.6446261419737883, 0.7456009147911918]"
"[0.919940086267997, 0.8442827190213013, 0.38810253273619705, 0.6688021280260081]",stable,0.3989020818780121,3030,"[0.6713149264001239, 0.6770215630535583, 0.6512689458057164, 0.6774938219773825]"
"[0.6761530986117225, 0.7954520449660899, 0.42777125277412253, 0.493576881745748]",stable,0.3792894380976084,3031,"[1.0, 0.7111968452347984, 0.6055756015994731, 0.47713494844567694]"
"[0.919940086267997, 0.8442827190213013, 0.38810253273619705, 0.6688021280260081]",stable,0.2055722204318384,3032,"[0.8826304060559887, 0.7335699729785771, 0.33476920645165875, 0.5082836875063586]"
"[0.919940086267997, 0.8442827190213013, 0.38810253273619705, 0.6688021280260081]",stable,0.3592510681197895,3033,"[1.0, 0.745160645318578, 0.4440893549643345, 1.0]"
"[0.919940086267997, 0.8442827190213013, 0.38810253273619705, 0.6688021280260081]",stable,0.45008731820252174,3034,"[1.0, 0.7103565361199327, 0.1635001834318032, 0.31132965854006506]"
"[0.919940086267997, 0.8442827190213013, 0.38810253273619705, 0.6688021280260081]",stable,0.23871720093873972,3035,"[0.7948222644361931, 0.658034802034196, 0.3096212422819019, 0.6907983356692478]"
"[0.9304343928607834, 0.7695204736824561, 0.5240228558625768, 0.8523594374847031]",stable,0.42797149766810255,3036,"[1.0, 0.37973461588593915, 0.5367069702617058, 0.6904139916599622]"
"[0.9178233113446986, 0.6349580621940271, 0.618794674672331, 0.6230649813070106]",stable,0.2557773502109718,3037,"[1.0, 0.7703667464450739, 0.4190959597485912, 0.644371229447005]"
"[0.9205909798755743, 0.8436817761548279, 0.3883545118175986, 0.6686035028343089]",stable,0.29063763724188696,3038,"[1.0, 0.8738488103252491, 0.38136014504512405, 0.9464622305850096]"
"[0.9205909798755743, 0.8436817761548279, 0.3883545118175986, 0.6686035028343089]",stable,0.19441564332298628,3039,"[0.8126197110609891, 0.6920642978968119, 0.3369663489266624, 0.645997209891107]"
"[0.882490564015224, 0.6322763750155774, 0.35833247476005003, 0.9144243499158947]",stable,0.2850481360184552,3040,"[1.0, 0.831598200552425, 0.25982091061348056, 0.7802220626917553]"
"[0.9186101628434258, 0.6773916636677028, 0.19339138093304226, 0.5684629983388721]",stable,0.35128614821030907,3041,"[1.0, 0.7025797194487852, 0.5202770450248564, 0.6648423363179448]"
"[0.9205909798755743, 0.8436817761548279, 0.3883545118175986, 0.6686035028343089]",stable,0.44317359611754903,3042,"[1.0, 0.5421284323794999, 0.3418593337775678, 0.9800530542797777]"
"[0.9311164086170503, 0.7705433005122874, 0.5226242018349547, 0.8532820138876474]",stable,0.3172378630272607,3043,"[1.0, 0.5999743140325107, 0.2641868294497324, 0.8566373055550731]"
"[0.9311164086170503, 0.7705433005122874, 0.5226242018349547, 0.8532820138876474]",stable,0.580353099184282,3044,"[0.5114529796664024, 0.5736405967221547, 0.4906333372329328, 0.5055777775655457]"
"[0.5340474588713352, 0.5009743188242474, 0.6117654845025503, 0.5596788386168818]",stable,0.23740582258216486,3045,"[0.7399086011628287, 0.4402268894881828, 0.6570924622340666, 0.6504418796035205]"
"[0.695963066603341, 0.3658299903509192, 0.5037630244017806, 0.7140101222856647]",stable,0.30575040104178874,3046,"[0.6831705823753311, 0.45572954282595457, 0.43941469872104777, 0.42923473091315606]"
"[0.7570734776490662, 0.496436825333102, 0.4538171330809227, 0.47007024173302664]",stable,0.2923987316245546,3047,"[0.5828099439963067, 0.6338224721736413, 0.27894847552551216, 0.39473515202393394]"
"[0.376456666808269, 0.8115682724174295, 0.49635086869835965, 0.4677064918506398]",stable,0.462813210056768,3048,"[0.4244583337107815, 0.5987525678617232, 0.13589077930757182, 0.6592003748560086]"
"[0.1432764562602464, 0.4506985280531126, 0.3874481860496763, 0.284887647926073]",stable,0.5143412110609897,3049,"[0.479753719940139, 0.5537718208366358, 0.1708297615411462, 0.5911265855228163]"
"[0.376456666808269, 0.8115682724174295, 0.49635086869835965, 0.4677064918506398]",stable,0.494556885069756,3050,"[0.45642369694818163, 0.4431255996927961, 0.2509071891569643, 0.26228209274183956]"
"[0.295847515023091, 0.7035582894140313, 0.26731019902589825, 0.4475028536339173]",stable,0.3640404654754044,3051,"[0.37471044711251683, 0.4187210431863687, 0.4718331916611091, 0.5053318004580393]"
"[0.3614607039561159, 0.47479452142706613, 0.6145568759175134, 0.314722230957582]",stable,0.4953065106617222,3052,"[0.1107289442020869, 0.632601177094419, 0.5967247544736554, 0.7112587349851881]"
"[0.5340474588713352, 0.5009743188242474, 0.6117654845025503, 0.5596788386168818]",stable,0.38808076288239207,3053,"[0.3854593242021911, 0.41758974539280275, 0.9555977790437291, 0.6175978415358532]"
"[0.3657917476013563, 0.6041844734233138, 0.8827595632213322, 0.48904667989940115]",stable,0.3712708941170803,3054,"[0.23219239662799757, 0.7098598713618498, 0.5528831438928781, 0.48629923025227023]"
"[0.5340474588713352, 0.5009743188242474, 0.6117654845025503, 0.5596788386168818]",stable,0.4866343634182672,3055,"[0.5240166237114872, 0.8058118025609624, 0.44911679843991065, 0.21714139623041367]"
"[0.295847515023091, 0.7035582894140313, 0.26731019902589825, 0.4475028536339173]",stable,0.9092198748923456,3056,"[0.2231176638406544, 0.23846104449075972, 1.0, 0.7087333226828905]"
"[0.39362088528610983, 0.3542097916989663, 0.9131907634699741, 0.35067888060437075]",stable,0.24980571816674732,3057,"[0.43822812061833355, 0.5374091282522208, 0.767290127155903, 0.27608599358143426]"
"[0.324956421198713, 0.4286844695190243, 0.3741934734099493, 0.5023485359369619]",stable,0.5840948295347392,3058,"[0.43700445461432835, 0.5896989506889572, 0.8753308815296234, 0.7293895963942763]"
"[0.5260354969358282, 0.5409559769904435, 0.884845206662612, 0.8289849091748022]",stable,0.603391767959456,3059,"[0.28535942621564725, 0.49771515696241064, 0.8704429091771534, 0.2775509059301926]"
"[0.3924311989226982, 0.3557867737348283, 0.9127210068293936, 0.34987527648707206]",stable,0.188868482548266,3060,"[0.23331670779563501, 0.36132883370652263, 0.9914779652331985, 0.41406647127040563]"
"[0.3924311989226982, 0.3557867737348283, 0.9127210068293936, 0.34987527648707206]",stable,0.3799132912970273,3061,"[0.1834483614654468, 0.6015956939254027, 0.8250286452122741, 0.5302867700821647]"
"[0.5340474588713352, 0.5009743188242474, 0.6117654845025503, 0.5596788386168818]",stable,0.5359558628725968,3062,"[0.19065646635158442, 0.37017361642236213, 1.0, 0.5983628202041504]"
"[0.3924311989226982, 0.3557867737348283, 0.9127210068293936, 0.34987527648707206]",stable,0.3747294310709348,3063,"[0.2328017065082372, 0.5658907126290205, 0.827234450013804, 0.6018454237807714]"
"[0.5340474588713352, 0.5009743188242474, 0.6117654845025503, 0.5596788386168818]",stable,0.4823219882650922,3064,"[0.4381538164477575, 0.30579175822953214, 1.0, 0.37362336645096683]"
"[0.39292818389579665, 0.35524334965324905, 0.9136696915377698, 0.3501334078997231]",stable,0.11690841789193872,3065,"[0.34531820859324724, 0.4219647326141448, 0.9590140911682508, 0.28018334783096016]"
"[0.39241624867748964, 0.355960783878635, 0.9141572657273449, 0.349381256716188]",anomaly,0.5532520750880738,3066,"[0.23907130799660092, 0.06262061364431562, 0.5864606188486499, 0.05081863362315109]"
"[0.39241624867748964, 0.355960783878635, 0.9141572657273449, 0.349381256716188]",stable,0.40033071965692946,3067,"[0.19955382644383624, 0.027022180628659104, 0.8149219382763334, 0.4202368582509182]"
"[0.1341764745986037, 0.327271669053068, 0.9487167814739532, 0.48293513932889404]",stable,0.3262770510390521,3068,"[0.24263876191208986, 0.0803489967671007, 0.795802608323712, 0.3812537947941082]"
"[0.1341764745986037, 0.327271669053068, 0.9487167814739532, 0.48293513932889404]",stable,0.2658752710723512,3069,"[0.0, 0.3980045416837052, 0.8675050093337487, 0.2802337771545069]"
"[0.52919927954595, 0.3849141807834493, 0.8184371935477698, 0.5885033908390652]",stable,0.3502097877223769,3070,"[0.33649389534893726, 0.1278061297643678, 0.7678828473248777, 0.4586910705563612]"
"[0.39241624867748964, 0.355960783878635, 0.9141572657273449, 0.349381256716188]",stable,0.5046116024800663,3071,"[0.042026702928495946, 0.02123089990683677, 0.9784443744817752, 0.22414904036777045]"
"[0.1341764745986037, 0.327271669053068, 0.9487167814739532, 0.48293513932889404]",stable,0.09339444293004742,3072,"[0.18204232647621266, 0.24716178746257778, 0.9476164650365746, 0.47938853961367955]"
"[0.39241624867748964, 0.355960783878635, 0.9141572657273449, 0.349381256716188]",stable,0.3434449759727963,3073,"[0.20836811742979883, 0.07851254352729944, 0.9964147706871933, 0.36773646602895416]"
"[0.13531613773854678, 0.32536429091996105, 0.9486905834635395, 0.4828506964785318]",stable,0.4340387850393808,3074,"[0.16206629209310644, 0.06733369434531777, 0.7733388664526438, 0.1822744453655513]"
"[0.3407393134474917, 0.27186568280358336, 0.7086207735072101, 0.4117792360056735]",stable,0.39402426762980397,3075,"[0.2705954757056465, 0.0, 0.8831700468064941, 0.19740440723027286]"
"[0.3407393134474917, 0.27186568280358336, 0.7086207735072101, 0.4117792360056735]",stable,0.2149623855790391,3076,"[0.540758311903651, 0.2871863603952578, 0.7379962206365495, 0.3403398392101393]"
"[0.39241624867748964, 0.355960783878635, 0.9141572657273449, 0.349381256716188]",stable,0.18288999344928863,3077,"[0.4181381457365767, 0.40858534912852995, 0.8012034940223636, 0.21800685165401057]"
"[0.39268988588024595, 0.35652061967916576, 0.9129556298581429, 0.3479836566623351]",stable,0.2822523224298949,3078,"[0.16087303426970925, 0.2252891280576832, 0.8647184771858455, 0.4278510062823018]"
"[0.39268988588024595, 0.35652061967916576, 0.9129556298581429, 0.3479836566623351]",stable,0.37136420592965375,3079,"[0.7101015433062489, 0.46997002118083636, 0.9193032505371601, 0.5037082667484358]"
"[0.52919927954595, 0.3849141807834493, 0.8184371935477698, 0.5885033908390652]",stable,0.4154005945252704,3080,"[0.4118123219278419, 0.762936760650088, 0.7818812657012638, 0.4679191905333683]"
"[0.5340474588713352, 0.5009743188242474, 0.6117654845025503, 0.5596788386168818]",stable,0.2548606581334693,3081,"[0.5665709794179065, 0.6149341846153475, 0.8098100781008403, 0.6677883368621539]"
"[0.6677174053719865, 0.6607526575151573, 0.9107451299437994, 0.6324153060101323]",stable,0.2891746608494001,3082,"[0.4277867270118295, 0.5113558554815264, 0.8972636750041649, 0.6920315787369234]"
"[0.5232283892237138, 0.5401102592330458, 0.8852000200437993, 0.825071956876577]",stable,0.32570382720699875,3083,"[0.2734606325402743, 0.5520259945559368, 0.803078251871826, 0.6332046036800727]"
"[0.3407393134474917, 0.27186568280358336, 0.7086207735072101, 0.4117792360056735]",stable,0.6412418960980578,3084,"[0.48961210552692724, 0.7525534594685602, 1.0, 0.6820854860689125]"
"[0.6637595098198741, 0.6627926753363441, 0.9127285715006039, 0.6335190877892163]",stable,0.4304278825273383,3085,"[0.37080577318574653, 0.7425133297785097, 1.0, 0.9258794566357103]"
"[0.6943845949778338, 0.7184838765023585, 0.694144453271295, 0.4870520464155607]",stable,0.4467525215165055,3086,"[0.38137064246773345, 0.4879925767288351, 0.8340443011278151, 0.6570869672812308]"
"[0.3621025304383078, 0.6057991274909107, 0.8798262162523367, 0.49086738325142987]",stable,0.4032819346566426,3087,"[0.612016701306817, 0.34549431429593314, 0.8555933462965235, 0.6692865477510503]"
"[0.3621025304383078, 0.6057991274909107, 0.8798262162523367, 0.49086738325142987]",stable,0.5321898748764073,3088,"[0.5338973480370153, 0.171377986125155, 0.6251163730478156, 0.5015337451614417]"
"[0.39268988588024595, 0.35652061967916576, 0.9129556298581429, 0.3479836566623351]",stable,0.22033990716567026,3089,"[0.40124886450956104, 0.4378505636374126, 0.7083575564898571, 0.34676416318836295]"
"[0.324956421198713, 0.4286844695190243, 0.3741934734099493, 0.5023485359369619]",stable,0.7270338178368826,3090,"[0.2842129871819161, 0.15389723701465266, 0.9145317736475465, 0.10304333560527962]"
"[0.34312398054118953, 0.27062509395570156, 0.7075898549830201, 0.41288731636562126]",stable,0.2631574196182858,3091,"[0.38997067836080673, 0.46516791969028637, 0.5628406277185587, 0.503760659899885]"
"[0.5328054176600375, 0.5006656429696442, 0.6113437184957917, 0.5591967853520801]",stable,0.48929906121510347,3092,"[0.3024543101661083, 0.2637054578000499, 0.8945843745385184, 0.3356424519313673]"
"[0.3917400377148339, 0.3555436179751751, 0.9127622482231996, 0.3478537492441144]",stable,0.2572271510077054,3093,"[0.4762644421571347, 0.43577556528273664, 0.9545881092942141, 0.5733196319095857]"
"[0.3621025304383078, 0.6057991274909107, 0.8798262162523367, 0.49086738325142987]",stable,0.2604194718816798,3094,"[0.5215748338270947, 0.5178881056766045, 1.0, 0.3486815902538798]"
"[0.39309248350766995, 0.3572347063887316, 0.9136709748042079, 0.34786237258796615]",stable,0.38139328579311205,3095,"[0.4963398811959645, 0.42613334605408115, 0.8587285259467126, 0.704282234667042]"
"[0.3621025304383078, 0.6057991274909107, 0.8798262162523367, 0.49086738325142987]",stable,0.26233552592775516,3096,"[0.2197841139124836, 0.501378839852871, 0.6857677880455113, 0.48909920541553364]"
"[0.34312398054118953, 0.27062509395570156, 0.7075898549830201, 0.41288731636562126]",stable,0.4185401759989898,3097,"[0.0, 0.43074366926806124, 0.8218578271998173, 0.2759687812133774]"
"[0.5273374838538988, 0.3868368854652739, 0.8212668911832538, 0.5915893392125547]",stable,0.2530063188432932,3098,"[0.3794759536463878, 0.40294321815804574, 0.9818483387570595, 0.4646903636389973]"
"[0.3929521069111619, 0.35770592815954927, 0.9143738342264023, 0.3490667848668428]",stable,0.4399651145278557,3099,"[0.1778312677697278, 0.48152758039827015, 0.8920988912670844, 0.7116469165917165]"
"[0.34312398054118953, 0.27062509395570156, 0.7075898549830201, 0.41288731636562126]",anomaly,0.3718169501483643,3100,"[0.39284617465633226, 0.1649577378719002, 0.6439863782202895, 0.7601113872938321]"
"[0.34312398054118953, 0.27062509395570156, 0.7075898549830201, 0.41288731636562126]",stable,0.1541322953621549,3101,"[0.3667986699800932, 0.24931065392384835, 0.8469195922301171, 0.3551881611000418]"
"[0.39268523510574277, 0.35659985393265436, 0.9136855256346035, 0.34912924788963057]",stable,0.2198108406700142,3102,"[0.4241658523456825, 0.4392298895771181, 0.7895546726667968, 0.507526170098145]"
"[0.3621025304383078, 0.6057991274909107, 0.8798262162523367, 0.49086738325142987]",stable,0.2892220671140404,3103,"[0.3764854848391845, 0.46271794842444797, 0.9081038620071183, 0.24152688177616072]"
"[0.39252160126466645, 0.35767175387701594, 0.9136291451939219, 0.34804235530262584]",stable,0.07405459751575537,3104,"[0.3238738122624911, 0.3611446726691379, 0.9229720889687487, 0.3739694206015965]"
"[0.3918351233746447, 0.3577064830649372, 0.9137225746316702, 0.34830162595561553]",stable,0.5085751792609176,3105,"[0.2127953605792044, 0.4736055925144357, 0.4554367786584873, 0.4042927139649258]"
"[0.324956421198713, 0.4286844695190243, 0.3741934734099493, 0.5023485359369619]",stable,0.6247792599995654,3106,"[0.0, 0.3341849764482274, 0.8241342969062428, 0.23146932077240054]"
"[0.3627006569052187, 0.47506761343808207, 0.6171795773197553, 0.31465207877518453]",stable,0.3676074990873274,3107,"[0.3122665132801257, 0.6714396441544245, 0.8458900606995143, 0.5189097858184678]"
"[0.5328054176600375, 0.5006656429696442, 0.6113437184957917, 0.5591967853520801]",stable,0.3000417568196796,3108,"[0.4358138342297389, 0.7020186850363795, 0.42336539251585814, 0.6280356551232821]"
"[0.9205909798755743, 0.8436817761548279, 0.3883545118175986, 0.6686035028343089]",stable,0.7842034060406354,3109,"[0.34773525072734246, 0.6309323290137734, 0.6229320209086808, 0.2367211570529834]"
"[0.4419264015813286, 0.5840748588069881, 0.3607352545483732, 0.3011950227137921]",stable,0.452069418766767,3110,"[0.4442635494125299, 0.721997746622984, 0.6974123932985874, 0.5694991009228325]"
"[0.5328054176600375, 0.5006656429696442, 0.6113437184957917, 0.5591967853520801]",stable,0.4168615168881296,3111,"[0.39088997615918936, 0.8859747039745909, 0.6159293164698734, 0.48743724574515324]"
"[0.22275695839690468, 0.6945969705747431, 0.5457678670100504, 0.2320376470278306]",stable,0.2388346815238275,3112,"[0.19590017211897173, 0.8387256351062808, 0.6234395854828776, 0.40383622193240565]"
"[0.22275695839690468, 0.6945969705747431, 0.5457678670100504, 0.2320376470278306]",stable,0.06835205279943138,3113,"[0.20503387783791624, 0.6398798525847679, 0.5459794642749507, 0.2689684981263969]"
"[0.4419264015813286, 0.5840748588069881, 0.3607352545483732, 0.3011950227137921]",stable,0.3442073311059775,3114,"[0.1716156779959827, 0.6258250332464731, 0.5117605093929168, 0.44562180290112435]"
"[0.4419264015813286, 0.5840748588069881, 0.3607352545483732, 0.3011950227137921]",stable,0.2258384558017328,3115,"[0.40850568783906327, 0.6243359236432896, 0.5246638410001307, 0.4474568742474185]"
"[0.5328054176600375, 0.5006656429696442, 0.6113437184957917, 0.5591967853520801]",stable,0.5158474148113112,3116,"[0.3808153030002843, 0.744224607625464, 0.22385225084145088, 0.3760931162351065]"
"[0.14411403342071577, 0.4509745167815623, 0.38826732571966194, 0.2863262631795531]",stable,0.47835160646193675,3117,"[0.325281845395515, 0.8833116740553519, 0.3661261275409245, 0.3790237987056269]"
"[0.22247563965787312, 0.6937284448923626, 0.5457712256967949, 0.23262385101352215]",stable,0.38389265468884637,3118,"[0.0, 0.51945797136118, 0.3392316038266763, 0.39026060667613977]"
"[0.14411403342071577, 0.4509745167815623, 0.38826732571966194, 0.2863262631795531]",stable,0.36237681696453294,3119,"[0.10247989530781268, 0.6870589547205321, 0.40038731785162834, 0.5578051757505005]"
"[0.4419264015813286, 0.5840748588069881, 0.3607352545483732, 0.3011950227137921]",stable,0.21343541850983624,3120,"[0.2451919241008314, 0.65052390768216, 0.31314056068250723, 0.3142139421906228]"
"[0.14411403342071577, 0.4509745167815623, 0.38826732571966194, 0.2863262631795531]",stable,0.24060540305018316,3121,"[0.3633238298554474, 0.4134508387174883, 0.4745754656740798, 0.25500688122305637]"
"[0.324956421198713, 0.4286844695190243, 0.3741934734099493, 0.5023485359369619]",stable,0.15563719129634335,3122,"[0.2739023045082909, 0.43422094847758663, 0.27050529134294365, 0.39825953179168144]"
"[0.3627072166204842, 0.47441901580944423, 0.6156784814076954, 0.3140242345904253]",stable,0.5460166381679106,3123,"[0.0, 0.8416045437981128, 0.4438802413038082, 0.26671887653768445]"
"[0.11721601888262695, 0.7408360854261984, 0.33772109908936865, 0.27869882446850397]",stable,0.21664867852402164,3124,"[0.16157025759928653, 0.825945914827223, 0.14936622093448154, 0.3261130441568693]"
"[0.11775692423283012, 0.7418740101749913, 0.3354240883801627, 0.2792770466598255]",stable,0.3595706594537839,3125,"[0.0, 0.5367188788917366, 0.18607647223268783, 0.05337656504354038]"
"[0.11775692423283012, 0.7418740101749913, 0.3354240883801627, 0.2792770466598255]",stable,0.5567345342759965,3126,"[0.0, 0.48640536733140555, 0.7792293373808322, 0.46328607343254774]"
"[0.5260792932257498, 0.38747582453980856, 0.8208801568111018, 0.5905641786135986]",stable,0.40034893584745673,3127,"[0.1356699275790096, 0.38372436371477914, 0.7950538000849895, 0.6752915265564846]"
"[0.34312398054118953, 0.27062509395570156, 0.7075898549830201, 0.41288731636562126]",stable,0.13783449258932406,3128,"[0.37585577705413503, 0.1915259853543564, 0.7324278981198888, 0.5180223698729801]"
"[0.3918351233746447, 0.3577064830649372, 0.9137225746316702, 0.34830162595561553]",stable,0.25670541178525197,3129,"[0.27558739125345594, 0.21870109698270404, 0.8766326929949305, 0.17029607397248758]"
"[0.3435231487913474, 0.26966047068007537, 0.7078927579481038, 0.4141694511644915]",stable,0.3728696279498242,3130,"[0.11909026180711996, 0.20157980029539663, 0.9940319978118783, 0.3677906152851883]"
"[0.3918351233746447, 0.3577064830649372, 0.9137225746316702, 0.34830162595561553]",stable,0.6480281329537928,3131,"[0.11212408240679056, 0.5452919462212006, 0.36036325621614385, 0.3307701287174369]"
"[0.3243101665570621, 0.428754551531158, 0.3728809647761897, 0.501030953606009]",stable,0.5690956758191004,3132,"[0.642213464698934, 0.6359068629107165, 0.7689715861022368, 0.6527132559822951]"
"[0.6632911175346363, 0.6622082011531782, 0.9096034196441177, 0.6339363523151528]",stable,0.562628381525748,3133,"[0.6003092692688674, 0.7396318281620844, 0.47816443353946214, 0.286877328895385]"
"[0.6749862704679863, 0.7945932723998744, 0.4285465324782047, 0.4903968886249732]",stable,0.5596298035767386,3134,"[0.6205873363330154, 0.33784799186479453, 0.6724738911026222, 0.6956027984808155]"
"[0.6946855118529965, 0.3653557191901374, 0.5066225306170491, 0.7136981337465995]",stable,0.28359852391611623,3135,"[0.8180127687081932, 0.5733466251606654, 0.45434509588710237, 0.5750425772925307]"
"[0.7579317775231385, 0.49752006195039167, 0.4538245691767844, 0.47154872533245623]",stable,0.2827598407371863,3136,"[0.8722656404404076, 0.4065974463326596, 0.4488746786413565, 0.713601347456348]"
"[0.7579317775231385, 0.49752006195039167, 0.4538245691767844, 0.47154872533245623]",anomaly,0.5379551242033632,3137,"[0.8278336207246172, 0.8683600343150715, 0.7726847980903133, 0.6844226722763396]"
"[0.7579317775231385, 0.49752006195039167, 0.4538245691767844, 0.47154872533245623]",stable,0.5314016863833877,3138,"[0.7854720865897997, 0.8908577482563655, 0.14114486639182808, 0.6422711657595889]"
"[0.9186101628434258, 0.6773916636677028, 0.19339138093304226, 0.5684629983388721]",stable,0.35786578359374444,3139,"[0.7499672375348894, 0.5463320064151092, 0.41075258305028955, 0.7560928383577827]"
"[0.9205909798755743, 0.8436817761548279, 0.3883545118175986, 0.6686035028343089]",stable,0.3657169221442359,3140,"[0.6412323063479923, 0.7691009446744479, 0.5385368852834772, 0.5024994603085067]"
"[0.6744748467691986, 0.7942070250100952, 0.43021305297525425, 0.49058026092320856]",stable,0.3578877484454133,3141,"[0.9222385830470331, 0.5809578605113765, 0.5633981008516734, 0.5495998198484451]"
"[0.9205909798755743, 0.8436817761548279, 0.3883545118175986, 0.6686035028343089]",stable,0.5908541446532614,3142,"[0.4963740310239265, 0.6362743272301945, 0.6546374664971938, 0.4336053353124837]"
"[0.5324940382870793, 0.5018246915530677, 0.6117137505299918, 0.5581233541551605]",stable,0.25169783618773695,3143,"[0.49147688123403765, 0.4449869386976577, 0.8474360917166011, 0.6117315744644196]"
"[0.36142907074698105, 0.6066861614998771, 0.879367619555677, 0.4912463346374709]",stable,0.4622608500790256,3144,"[0.6275544989704802, 0.6779916751659304, 0.6567650068465835, 0.7882748694696452]"
"[0.6744748467691986, 0.7942070250100952, 0.43021305297525425, 0.49058026092320856]",stable,0.4486627684775794,3145,"[0.648973209172074, 0.5036534144966781, 0.7633625192086756, 0.4182063784528388]"
"[0.5256623966957291, 0.38816872952966214, 0.8212001078340597, 0.5908192074792711]",stable,0.35194631594761194,3146,"[0.589207799409316, 0.7244331125517462, 0.8171689741950855, 0.5087326325999024]"
"[0.5324940382870793, 0.5018246915530677, 0.6117137505299918, 0.5581233541551605]",stable,0.3527601766102161,3147,"[0.40793311940831195, 0.3687743392763355, 0.7568568888947113, 0.2932547209899151]"
"[0.39199450947398795, 0.3578160657997035, 0.9121694490303142, 0.34775660709456896]",stable,0.6502962229551202,3148,"[0.29656549845976343, 0.3939208202692357, 0.399811735965505, 0.7350091113011086]"
"[0.5324940382870793, 0.5018246915530677, 0.6117137505299918, 0.5581233541551605]",stable,0.3285105590643639,3149,"[0.46377282976666095, 0.6830583900240337, 0.873916734022947, 0.5981299148946457]"
"[0.5324940382870793, 0.5018246915530677, 0.6117137505299918, 0.5581233541551605]",stable,0.268864789390553,3150,"[0.6372389886186396, 0.29849015601582307, 0.7506818644110065, 0.5838079864529319]"
"[0.3627936542005768, 0.6077044578801992, 0.8792949410819072, 0.49267144904089993]",stable,0.2603180294336094,3151,"[0.4387329691761176, 0.3935235144583242, 0.9713354374358995, 0.5801572615768158]"
"[0.5269906894567162, 0.3871011274640212, 0.8203606049361662, 0.5907357405622908]",stable,0.30396857854961695,3152,"[0.5944923265906847, 0.6305016267641521, 0.9181334586504895, 0.7287107083887528]"
"[0.6618273134719991, 0.6615335931874543, 0.9097849098357426, 0.6359528279762933]",stable,0.1534536426916532,3153,"[0.5174005711261269, 0.6672005092419383, 0.9222966571414999, 0.6859556158234217]"
"[0.6588184230064601, 0.6616516539385894, 0.9100455712379459, 0.6369945527231085]",stable,0.3078149409569255,3154,"[0.6664840668072027, 0.42422399141498246, 0.7142981665375133, 0.6354666773823323]"
"[0.3627936542005768, 0.6077044578801992, 0.8792949410819072, 0.49267144904089993]",stable,0.23434448330670107,3155,"[0.3883706520194405, 0.4630275896173138, 0.7081621573427164, 0.5562743433003404]"
"[0.5312726536576926, 0.5014959025536122, 0.6125311099097606, 0.5581076845716451]",stable,0.22848975862434898,3156,"[0.5673580326278362, 0.633405353620711, 0.746403140755947, 0.6829419398747818]"
"[0.6569518844273045, 0.6610751988300612, 0.9067059297995377, 0.637932254501714]",stable,0.19793093558692965,3157,"[0.5154396577985872, 0.7982562410456318, 0.8915096632460302, 0.6278634851437208]"
"[0.6541216398947302, 0.6638188196743726, 0.9064020044684676, 0.6377308791145542]",stable,0.48763757050251033,3158,"[0.28442400286928776, 0.4818819660296324, 0.6474979730484859, 0.6063981303725674]"
"[0.3435231487913474, 0.26966047068007537, 0.7078927579481038, 0.4141694511644915]",stable,0.6577311903606695,3159,"[0.5086355648880161, 0.7258861073681426, 0.776100056297448, 0.8529793663948051]"
"[0.5286317880137807, 0.3875378670399149, 0.8191128115432409, 0.5912619868778207]",stable,0.41446424360984513,3160,"[0.5687116903507459, 0.7530864678083596, 0.724260219930023, 0.4252757916680121]"
"[0.5312726536576926, 0.5014959025536122, 0.6125311099097606, 0.5581076845716451]",stable,0.12683431755240318,3161,"[0.6289947136515439, 0.5353971533764649, 0.6800936589054938, 0.5294136039035499]"
"[0.5320938474391536, 0.5017807870143084, 0.6130988624223298, 0.5578665578433417]",stable,0.2452827671952424,3162,"[0.6558928974504047, 0.4336310941621545, 0.4222013620228985, 0.619113556175288]"
"[0.7579317775231385, 0.49752006195039167, 0.4538245691767844, 0.47154872533245623]",stable,0.39311398836624845,3163,"[0.6993266315078855, 0.5810037293254919, 0.7327849239957928, 0.7290669624159808]"
"[0.6550080122793018, 0.6621949943734142, 0.9029977479886113, 0.6395217827086997]",stable,0.38795502690675526,3164,"[0.9490063273684176, 0.579896333124157, 0.693179670872893, 0.5242941883615787]"
"[0.9205909798755743, 0.8436817761548279, 0.3883545118175986, 0.6686035028343089]",stable,0.4127123064236318,3165,"[0.8048988970361826, 0.4942328803703703, 0.4972043420310528, 0.5169988408369858]"
"[0.7585840986274862, 0.4974744066506691, 0.4544270660219826, 0.4721799769366858]",stable,0.5199936481820745,3166,"[1.0, 0.8853369373360278, 0.20845500573995732, 0.43794316100464203]"
"[0.9205909798755743, 0.8436817761548279, 0.3883545118175986, 0.6686035028343089]",stable,0.5971955004865201,3167,"[0.5197927604374425, 0.7058309957450298, 0.6967414287146292, 0.954781637784766]"
"[0.6744748467691986, 0.7942070250100952, 0.43021305297525425, 0.49058026092320856]",stable,0.4841920515249318,3168,"[0.8405430755872008, 0.6713329298875431, 0.687605030337348, 0.8448606765188484]"
"[0.9205909798755743, 0.8436817761548279, 0.3883545118175986, 0.6686035028343089]",stable,0.3982401617164087,3169,"[0.9692970310129144, 0.47609354239059887, 0.24992021534453426, 0.7126237589060355]"
"[0.885624148974818, 0.6306437083006553, 0.3568575576094793, 0.9145289053826021]",stable,0.1948776858096327,3170,"[1.0, 0.5893351770140977, 0.21836322593490665, 0.851216959702942]"
"[0.9302370558691877, 0.7695800930304937, 0.5242259574514828, 0.8532002533306687]",stable,0.3460743660420579,3171,"[0.9206319289497241, 0.8029627070693646, 0.21276064023939706, 1.0]"
"[0.9196953606721802, 0.6801642673166138, 0.1935922292638011, 0.5667227338410824]",stable,0.3363960189719949,3172,"[1.0, 0.5130292497443343, 0.4103563796221602, 0.7450276286229364]"
"[0.8871290943830441, 0.6301001749942533, 0.35503526377165595, 0.9136958534657644]",stable,0.12173246910570452,3173,"[0.8944154309408265, 0.5894812497203783, 0.244244174958771, 0.8846934245435375]"
"[0.9302370558691877, 0.7695800930304937, 0.5242259574514828, 0.8532002533306687]",stable,0.22767320440064215,3174,"[0.8231996956006155, 0.8839703973576956, 0.41859998752412214, 0.7261722868759274]"
"[0.9198055662927117, 0.844006684390335, 0.38859842694426416, 0.6690677672217412]",stable,0.12288344078236052,3175,"[0.8696651515081519, 0.804133276974845, 0.4899652867569695, 0.6959220022049595]"
"[0.9194044429744352, 0.843687697131011, 0.3894093618227658, 0.6692826011016071]",stable,0.32724158562673233,3176,"[0.7853174939809631, 0.7987992604936947, 0.6440120086762648, 0.8185148561424329]"
"[0.9194044429744352, 0.843687697131011, 0.3894093618227658, 0.6692826011016071]",stable,0.19183938755450247,3177,"[0.7671970798772332, 0.8803033488959814, 0.44959932421095034, 0.7624047343987908]"
"[0.9181964480292194, 0.8439782975418441, 0.3898870599369577, 0.6700216656515846]",stable,0.27364445801309933,3178,"[0.9177604360121987, 0.9038195952809734, 0.4722867368969147, 0.9240106646586194]"
"[0.9181964480292194, 0.8439782975418441, 0.3898870599369577, 0.6700216656515846]",stable,0.23551721076639526,3179,"[1.0, 0.8056877233935059, 0.3384061164391613, 0.8813509817440609]"
"[0.9272298286849242, 0.5691701252264395, 0.3701537854874403, 0.6835567316613747]",stable,0.22403794928861778,3180,"[0.7616860347089712, 0.6464462070237267, 0.26601227809879585, 0.7608303275294096]"
"[0.9287380446144715, 0.7711368422658621, 0.52487211774358, 0.8535443010843803]",stable,0.3114658274421388,3181,"[1.0, 0.7296697916050016, 0.2305162967423891, 0.7938129882656283]"
"[0.9272298286849242, 0.5691701252264395, 0.3701537854874403, 0.6835567316613747]",anomaly,0.3048679473704314,3182,"[0.938964471290191, 0.3762644696191509, 0.23905966802339718, 0.8795376080188207]"
"[0.9272298286849242, 0.5691701252264395, 0.3701537854874403, 0.6835567316613747]",stable,0.43564949017200366,3183,"[0.5501565465171642, 0.7668898834568764, 0.30922043807173377, 0.6142729489963533]"
"[0.9181964480292194, 0.8439782975418441, 0.3898870599369577, 0.6700216656515846]",stable,0.35854204331843137,3184,"[0.7483655327666611, 0.710089052893072, 0.14364116263164547, 0.8154399770010172]"
"[0.9287380446144715, 0.7711368422658621, 0.52487211774358, 0.8535443010843803]",stable,0.4155789255872415,3185,"[1.0, 0.5641205533447932, 0.19543372500714584, 0.7260994949153549]"
"[0.8872237221305478, 0.6295726564842029, 0.3535964184623977, 0.9133191985446966]",stable,0.513813527161405,3186,"[0.7395277710511584, 0.8504829525866059, 0.06626959394066614, 0.5804045192122806]"
"[0.9181964480292194, 0.8439782975418441, 0.3898870599369577, 0.6700216656515846]",stable,0.2668601188365142,3187,"[0.9988349304379487, 0.9716974074886293, 0.21746338515271432, 0.8066586427425391]"
"[0.9279295418706461, 0.5691215716506545, 0.3684737849058991, 0.6839657966926629]",stable,0.30403748653797336,3188,"[0.7521035842263286, 0.5490735454402735, 0.1267138097341804, 0.6322529657043597]"
"[0.9287380446144715, 0.7711368422658621, 0.52487211774358, 0.8535443010843803]",stable,0.6012003452699554,3189,"[0.4019823874021967, 0.6604239064035929, 0.5063757928821824, 0.5863910406757589]"
"[0.5320938474391536, 0.5017807870143084, 0.6130988624223298, 0.5578665578433417]",stable,0.300727285889791,3190,"[0.6929212442313503, 0.4061088638991437, 0.7848152549258203, 0.7189001338227585]"
"[0.3627936542005768, 0.6077044578801992, 0.8792949410819072, 0.49267144904089993]",stable,0.4185236847703531,3191,"[0.380535480159654, 0.23758627459130852, 0.7063249964544686, 0.40355786433069063]"
"[0.39199450947398795, 0.3578160657997035, 0.9121694490303142, 0.34775660709456896]",stable,0.2386942562122058,3192,"[0.45636860012224784, 0.39584449240251124, 0.8732926938307911, 0.5710800520733239]"
"[0.3627936542005768, 0.6077044578801992, 0.8792949410819072, 0.49267144904089993]",stable,0.24292854547986498,3193,"[0.4623245280776171, 0.5652131929423554, 0.9686259462136562, 0.6909700806054393]"
"[0.5215366153029889, 0.5408075629471933, 0.8875174068818509, 0.8213469047579343]",stable,0.6561560650001015,3194,"[0.10755526885996469, 0.24895181221517737, 1.0, 0.41969019381722744]"
"[0.39199450947398795, 0.3578160657997035, 0.9121694490303142, 0.34775660709456896]",stable,0.30340824158788615,3195,"[0.4362734993400737, 0.3780620093904342, 0.7659310418136537, 0.6090999868514461]"
"[0.3627936542005768, 0.6077044578801992, 0.8792949410819072, 0.49267144904089993]",stable,0.545169898440961,3196,"[0.41724273041294113, 0.08748599455367831, 1.0, 0.3975475538750647]"
"[0.5286280150552845, 0.3877356143646006, 0.818734408769838, 0.5926857847427534]",stable,0.48957647879982996,3197,"[0.26689574367288355, 0.23210358271249532, 0.8537624437806125, 0.21093579561613707]"
"[0.34396908049457997, 0.2692740345826204, 0.7078738692554094, 0.4140416007207108]",stable,0.28597218310099465,3198,"[0.2989013956073209, 0.5390123570666902, 0.6394517479508601, 0.46208995122431373]"
"[0.5286280150552845, 0.3877356143646006, 0.818734408769838, 0.5926857847427534]",stable,0.4441880064883799,3199,"[0.4126135657981157, 0.4895432348140378, 0.4071442920936471, 0.5288702933274261]"
"[0.3627072166204842, 0.47441901580944423, 0.6156784814076954, 0.3140242345904253]",stable,0.2640148617360698,3200,"[0.2872406358055581, 0.7212913789962371, 0.6658821538147264, 0.29073754377708627]"
"[0.4419264015813286, 0.5840748588069881, 0.3607352545483732, 0.3011950227137921]",stable,0.3163042203671408,3201,"[0.1816842619098853, 0.4815044213394768, 0.5081993742346693, 0.29370988249046764]"
"[0.3254139590475752, 0.429514410072194, 0.37330925636765794, 0.5013789453525268]",stable,0.4281020137268987,3202,"[0.26834441019427757, 0.24861504580487367, 0.7239782471449917, 0.34542677426923474]"
"[0.39199450947398795, 0.3578160657997035, 0.9121694490303142, 0.34775660709456896]",stable,0.3334432035791656,3203,"[0.28304029718259827, 0.09889439850566856, 0.7410335222361947, 0.40239555293995055]"
"[0.3423625692756119, 0.2670265213490357, 0.7084534460891784, 0.41309735514150797]",stable,0.3905932439287868,3204,"[0.28290658860816714, 0.5522181728416249, 0.9623881074659966, 0.35643186091393236]"
"[0.5320938474391536, 0.5017807870143084, 0.6130988624223298, 0.5578665578433417]",stable,0.5500064829457437,3205,"[0.27884804534668717, 0.6037055208545624, 0.7214556751862725, 0.09284629509759515]"
"[0.4419264015813286, 0.5840748588069881, 0.3607352545483732, 0.3011950227137921]",stable,0.4254412496788959,3206,"[0.36700903898847087, 0.6439899141804359, 0.7708395182522488, 0.36129764114235646]"
"[0.5320938474391536, 0.5017807870143084, 0.6130988624223298, 0.5578665578433417]",stable,0.423974061634462,3207,"[0.17838446936265046, 0.7168414193229194, 0.5575525973273044, 0.48501590469205186]"
"[0.4419264015813286, 0.5840748588069881, 0.3607352545483732, 0.3011950227137921]",stable,0.41521864880636816,3208,"[0.6380948602421288, 0.6943056031533779, 0.5258395496399072, 0.6086266685904008]"
"[0.9181964480292194, 0.8439782975418441, 0.3898870599369577, 0.6700216656515846]",stable,0.6334628628182144,3209,"[0.46363460076740115, 0.4635197423720969, 0.4939835888585299, 0.4723757042751879]"
"[0.531523353716889, 0.5014619449756234, 0.6121062351426314, 0.5571541340636071]",stable,0.4071495041467205,3210,"[0.6212334700816802, 0.8550974911012543, 0.7574106267627961, 0.4496769362909794]"
"[0.531523353716889, 0.5014619449756234, 0.6121062351426314, 0.5571541340636071]",stable,0.21748653023948172,3211,"[0.3852394908463098, 0.4251185191681678, 0.48377941794355905, 0.49710972031171846]"
"[0.3627072166204842, 0.47441901580944423, 0.6156784814076954, 0.3140242345904253]",stable,0.553459132771701,3212,"[0.8367138135870049, 0.7388281716657649, 0.6362419678799327, 0.42032427694260804]"
"[0.531523353716889, 0.5014619449756234, 0.6121062351426314, 0.5571541340636071]",stable,0.22178748200686643,3213,"[0.5245032565659092, 0.3849867174573215, 0.5878557357725751, 0.7441991555578977]"
"[0.7585840986274862, 0.4974744066506691, 0.4544270660219826, 0.4721799769366858]",stable,0.1691358912133843,3214,"[0.676608772578644, 0.4539582476990842, 0.565097745533945, 0.384172362367305]"
"[0.9173247344929562, 0.6824053026491137, 0.19191693143060196, 0.5669027573328087]",stable,0.5462668513840666,3215,"[0.7883903632183388, 0.416888839967246, 0.5768342247679198, 0.8181458391477368]"
"[0.7574611489555844, 0.49687829488420904, 0.4559431027276259, 0.47097439317546136]",stable,0.22030990433272843,3216,"[0.5634203150038589, 0.5551426967937023, 0.4723466830476185, 0.5559496291517707]"
"[0.9181964480292194, 0.8439782975418441, 0.3898870599369577, 0.6700216656515846]",stable,0.6510347341912944,3217,"[0.6755660193019686, 0.43650076356330053, 0.8337087357251741, 0.7143057438565567]"
"[0.3618109050992195, 0.607455096468013, 0.8789655611280686, 0.48919595039121794]",stable,0.2988551377130067,3218,"[0.34106276857595946, 0.4924347715634516, 0.8934418375531151, 0.21452401799187876]"
"[0.39149517868087, 0.3591358570326814, 0.911985844996224, 0.34645040524062104]",stable,0.2343856398170127,3219,"[0.5962177716309813, 0.3556395238802872, 0.9551509614563801, 0.4520431912805872]"
"[0.530279003867045, 0.3882835373893051, 0.8189026596345046, 0.5940523011372905]",stable,0.41007616978751504,3220,"[0.6240209346601068, 0.6935733109528085, 0.6904111506831735, 0.37120032846542367]"
"[0.531523353716889, 0.5014619449756234, 0.6121062351426314, 0.5571541340636071]",stable,0.4071855193049021,3221,"[0.9186876209868193, 0.45019147341218246, 0.4970912184835116, 0.5639924064701095]"
"[0.9173247344929562, 0.6824053026491137, 0.19191693143060196, 0.5669027573328087]",stable,0.5296472574805517,3222,"[0.7268941781678421, 0.5934925332921862, 0.6771951923299042, 0.5962617341236969]"
"[0.531523353716889, 0.5014619449756234, 0.6121062351426314, 0.5571541340636071]",stable,0.13198242486175166,3223,"[0.601660368920926, 0.4572546485706547, 0.556419435307722, 0.643437706308656]"
"[0.5321029984706415, 0.5010965954185576, 0.6116460136563925, 0.5578672214375332]",stable,0.6012665606577025,3224,"[1.0, 0.5761280173576816, 0.28537373803969623, 0.7325399462994127]"
"[0.8872237221305478, 0.6295726564842029, 0.3535964184623977, 0.9133191985446966]",stable,0.3186787786636126,3225,"[0.8979794945850682, 0.5319860263171101, 0.5290354144407446, 0.6660572208122134]"
"[0.9181964480292194, 0.8439782975418441, 0.3898870599369577, 0.6700216656515846]",stable,0.4361459364824976,3226,"[0.9923562517313237, 0.44232522112148953, 0.5413958711476301, 0.6910808145577939]"
"[0.9190788390321567, 0.6331066223302491, 0.6166243097043931, 0.6219436177187048]",stable,0.5964842666490412,3227,"[0.5990539149499132, 0.550933768493758, 0.12882222420287656, 0.5288078254649391]"
"[0.3710242166394907, 0.8159009523145277, 0.4992619292833246, 0.46438593662142147]",stable,0.7343300833367363,3228,"[1.0, 0.4757659597262296, 0.621271140887149, 0.5786316119887782]"
"[0.9181964480292194, 0.8439782975418441, 0.3898870599369577, 0.6700216656515846]",stable,0.23221525330125575,3229,"[0.832066209394655, 0.7639909178439638, 0.2049992810886187, 0.5930539179898907]"
"[0.9181964480292194, 0.8439782975418441, 0.3898870599369577, 0.6700216656515846]",stable,0.23048282781026874,3230,"[0.8817987201754918, 0.7033891340243884, 0.4123520367214122, 0.8475816590116881]"
"[0.9287380446144715, 0.7711368422658621, 0.52487211774358, 0.8535443010843803]",stable,0.2291084736675063,3231,"[0.8442341115338915, 0.6047753158356, 0.6289320142776076, 0.7708088282973831]"
"[0.9181964480292194, 0.8439782975418441, 0.3898870599369577, 0.6700216656515846]",stable,0.28989437335212864,3232,"[0.7706342400131956, 0.6069085410679121, 0.3177285680845492, 0.6992658973158901]"
"[0.9287380446144715, 0.7711368422658621, 0.52487211774358, 0.8535443010843803]",stable,0.3690514131841778,3233,"[0.6303791771785547, 0.669422388015469, 0.34750491812771234, 0.7802232393588067]"
"[0.9181964480292194, 0.8439782975418441, 0.3898870599369577, 0.6700216656515846]",stable,0.3288768531981582,3234,"[0.6713841381198903, 0.6565242791442678, 0.3115968644486189, 0.5927215717076377]"
"[0.9181964480292194, 0.8439782975418441, 0.3898870599369577, 0.6700216656515846]",stable,0.4326214153229027,3235,"[0.6664633942541491, 0.5267285930539738, 0.518464612830803, 0.7513370794872067]"
"[0.7596398850641145, 0.4962473918913438, 0.4564991583459487, 0.4722313933551187]",stable,0.5334859433323033,3236,"[0.30074363939139154, 0.4743627153561803, 0.7116519689960289, 0.5640986431830797]"
"[0.3423625692756119, 0.2670265213490357, 0.7084534460891784, 0.41309735514150797]",stable,0.19340891692102286,3237,"[0.28660980509165784, 0.4501364663679086, 0.6811726924306918, 0.41811202815396276]"
"[0.3261525458599053, 0.42946013981411957, 0.37467308552291595, 0.5013262388705415]",stable,0.19673712626503295,3238,"[0.3583896620739087, 0.5247477542817706, 0.46626182006404326, 0.35920643228663296]"
"[0.29627641748627764, 0.7034036886200258, 0.2673398541943002, 0.44494412052339094]",anomaly,0.9848397818600726,3239,"[0.5847265465256346, 0.0, 0.8901503236114705, 0.38141232524355123]"
"[0.29627641748627764, 0.7034036886200258, 0.2673398541943002, 0.44494412052339094]",stable,0.5852452253610847,3240,"[0.34145786442551224, 0.4917196396429899, 0.810718536109065, 0.4249420678866078]"
"[0.5321029984706415, 0.5010965954185576, 0.6116460136563925, 0.5578672214375332]",stable,0.5019913592649752,3241,"[0.08360013564534613, 0.3376515085435263, 0.7653783827651208, 0.5800611187708744]"
"[0.3423625692756119, 0.2670265213490357, 0.7084534460891784, 0.41309735514150797]",stable,0.43540050289537835,3242,"[0.0, 0.5228072050036515, 0.6399446338135494, 0.3657238014399943]"
"[0.4410993051505621, 0.583487461732481, 0.3617800720287263, 0.3017693931056024]",stable,0.6538240643516505,3243,"[0.12829968494337557, 0.1543275954729756, 0.6987389257742102, 0.1230997403992623]"
"[0.3619145352503923, 0.47416607258609494, 0.6163607127725182, 0.31510848244004547]",stable,0.26609894804357664,3244,"[0.22565407434050777, 0.49620421564768635, 0.40111717582691375, 0.38877175005740655]"
"[0.3261525458599053, 0.42946013981411957, 0.37467308552291595, 0.5013262388705415]",stable,0.439993560158824,3245,"[0.37275578060212256, 0.5764593895157485, 0.7275972529881839, 0.28858643512215]"
"[0.3261525458599053, 0.42946013981411957, 0.37467308552291595, 0.5013262388705415]",stable,0.2902721527108331,3246,"[0.06443308975960141, 0.4724997923709857, 0.41634830689993185, 0.6116512730599915]"
"[0.4410993051505621, 0.583487461732481, 0.3617800720287263, 0.3017693931056024]",stable,0.6400588429524615,3247,"[0.2753144943391705, 0.42089574120688567, 0.9118556039990395, 0.5323589863009124]"
"[0.39149517868087, 0.3591358570326814, 0.911985844996224, 0.34645040524062104]",stable,0.44562106248139405,3248,"[0.494723743399156, 0.21821216982889682, 0.5725984517303994, 0.5764041102126599]"
"[0.344134210835188, 0.2664589126104294, 0.7068737368524484, 0.4149962708981493]",anomaly,0.4929518162102631,3249,"[0.011096798461378843, 0.37231002355706383, 0.8247872427565016, 0.08791902849028549]"
"[0.344134210835188, 0.2664589126104294, 0.7068737368524484, 0.4149962708981493]",stable,0.37140829741780346,3250,"[0.2687080860800774, 0.25951038361067413, 0.9938842682268142, 0.1917661297429689]"
"[0.344134210835188, 0.2664589126104294, 0.7068737368524484, 0.4149962708981493]",stable,0.10632809434707342,3251,"[0.34226118520654325, 0.2245419536831732, 0.6374249951614716, 0.34627948798229036]"
"[0.34411268180497373, 0.26597710848482875, 0.7060754754537015, 0.41420642281865666]",stable,0.06616179486623545,3252,"[0.40896329374899776, 0.2766326037531121, 0.7096967896953156, 0.407488704890781]"
"[0.34484962057706486, 0.2660981936583319, 0.7061166267519017, 0.4141300851149308]",stable,0.3982997930588697,3253,"[0.5356428608181845, 0.16338840455659373, 0.7801045026350312, 0.0882203459631038]"
"[0.39149517868087, 0.3591358570326814, 0.911985844996224, 0.34645040524062104]",stable,0.3009085983871615,3254,"[0.2832243582931189, 0.3595218303769936, 0.8260174916138161, 0.6137193845053017]"
"[0.34484962057706486, 0.2660981936583319, 0.7061166267519017, 0.4141300851149308]",stable,0.21925161811688748,3255,"[0.14818096907343034, 0.2619381686358498, 0.7944329852419234, 0.4538242733229004]"
"[0.39149517868087, 0.3591358570326814, 0.911985844996224, 0.34645040524062104]",stable,0.22089934528118704,3256,"[0.2564088280126223, 0.33011473111210643, 0.7447050633764656, 0.30494000943695376]"
"[0.34385590380667785, 0.26681748059601484, 0.7065502046915035, 0.4129032303320322]",stable,0.4957980562598857,3257,"[0.12007405727772612, 0.5521129894167409, 1.0, 0.24488213631316197]"
"[0.530279003867045, 0.3882835373893051, 0.8189026596345046, 0.5940523011372905]",stable,0.3024235685645028,3258,"[0.26929770135953013, 0.3280665133883059, 0.9545738352021336, 0.5577753565949197]"
"[0.39149517868087, 0.3591358570326814, 0.911985844996224, 0.34645040524062104]",stable,0.3937036343688858,3259,"[0.14850921800316286, 0.5604186965671617, 0.6777820432822237, 0.37082605703594557]"
"[0.530279003867045, 0.3882835373893051, 0.8189026596345046, 0.5940523011372905]",anomaly,0.65040083818265,3260,"[0.706490568808224, 0.21667606803820394, 0.7208033494122855, 0.0]"
"[0.530279003867045, 0.3882835373893051, 0.8189026596345046, 0.5940523011372905]",stable,0.5731711851326737,3261,"[0.31770920216432397, 0.4406061103011084, 0.4591267973804885, 0.2052554850832905]"
"[0.3261525458599053, 0.42946013981411957, 0.37467308552291595, 0.5013262388705415]",stable,0.2649240675238372,3262,"[0.3113272572772987, 0.3567953312640709, 0.3417290033798146, 0.2491368548315807]"
"[0.05082060679547863, 0.5709874579431913, 0.18118499076654845, 0.38691997462095434]",stable,0.3393521814232041,3263,"[0.24893832272709426, 0.37375638814189677, 0.273675471684554, 0.5556051539204999]"
"[0.3615740853755521, 0.4748674333477752, 0.6158913518013309, 0.31371690035152866]",stable,0.5439704452511116,3264,"[0.05479002616134626, 0.43206498296416895, 0.1875812709744559, 0.4421918442977393]"
"[0.14512706037879758, 0.4529521566985818, 0.38948683536057754, 0.28812013494381644]",stable,0.2818800801885857,3265,"[0.3914535699903685, 0.5690572053556759, 0.45985214098569815, 0.30677413479160526]"
"[0.29627641748627764, 0.7034036886200258, 0.2673398541943002, 0.44494412052339094]",stable,0.4431538846773812,3266,"[0.1116257464649538, 0.31557507495509796, 0.21318318748429713, 0.35036337687210484]"
"[0.050937354423886506, 0.5669015027967493, 0.18137311665501632, 0.3885456178467421]",stable,0.16973840325882814,3267,"[0.19862609418651278, 0.6042688637741505, 0.1088033031075557, 0.40688857789835886]"
"[0.14512706037879758, 0.4529521566985818, 0.38948683536057754, 0.28812013494381644]",stable,0.29257562947052096,3268,"[0.00729403407926682, 0.6541612979193845, 0.5510170512039667, 0.28307764746642905]"
"[0.4406125822568347, 0.5833459886307476, 0.36274156290085346, 0.30181845920056327]",stable,0.339636941584994,3269,"[0.1385199154625177, 0.5124365748799372, 0.49818813944953605, 0.2749977078862421]"
"[0.325210908992432, 0.4287808257693364, 0.373441407305375, 0.5019881768589557]",stable,0.5846116922441262,3270,"[0.09265822164131544, 0.6189691802010533, 0.3528736332658738, 0.0008939393906623461]"
"[0.11775692423283012, 0.7418740101749913, 0.3354240883801627, 0.2792770466598255]",stable,0.25719351594985074,3271,"[0.29558746869244035, 0.9095247947168748, 0.2562440387317146, 0.29146459292660987]"
"[0.4406125822568347, 0.5833459886307476, 0.36274156290085346, 0.30181845920056327]",stable,0.4559761584920782,3272,"[0.005569263758095688, 0.7038332300981229, 0.4044556645169926, 0.25288660339334584]"
"[0.11640526567289357, 0.7414156875234628, 0.336255794116751, 0.2789590895120366]",stable,0.4356903334736337,3273,"[0.17488362023592924, 0.34464257592541514, 0.28629271132625, 0.4416893479178991]"
"[0.3615740853755521, 0.4748674333477752, 0.6158913518013309, 0.31371690035152866]",stable,0.514882346843666,3274,"[0.0, 0.7353625879399348, 0.3762263406638692, 0.40895853382429753]"
"[0.11501948870059721, 0.741343626814135, 0.33673163395659766, 0.2805067019443254]",anomaly,0.42608694897654437,3275,"[0.2498136186503837, 1.0, 0.1271797756395803, 0.05123496381369669]"
"[0.11501948870059721, 0.741343626814135, 0.33673163395659766, 0.2805067019443254]",stable,0.2945466676446371,3276,"[0.3950026503247184, 0.7844030204842882, 0.2624763570977701, 0.31211700252655905]"
"[0.14505111618435756, 0.45363588564319507, 0.39073627563746216, 0.28796930244890184]",stable,0.4226291706568952,3277,"[0.0, 0.8200000033448338, 0.264180197058955, 0.373622567531662]"
"[0.4406125822568347, 0.5833459886307476, 0.36274156290085346, 0.30181845920056327]",stable,0.2954375295202909,3278,"[0.23764290439186297, 0.6351765131660055, 0.3507428864159203, 0.5097998819417598]"
"[0.14505111618435756, 0.45363588564319507, 0.39073627563746216, 0.28796930244890184]",stable,0.3870384008257238,3279,"[0.2187158851813187, 0.6435988064641618, 0.710863500435987, 0.3641590273356599]"
"[0.530279003867045, 0.3882835373893051, 0.8189026596345046, 0.5940523011372905]",stable,0.5751474021757145,3280,"[0.19890912144816578, 0.663037288188945, 0.8488124568608773, 0.21378355971015478]"
"[0.530279003867045, 0.3882835373893051, 0.8189026596345046, 0.5940523011372905]",stable,0.3322850253444834,3281,"[0.5467283223320218, 0.6757272187911706, 0.7140035993365428, 0.4655413087632171]"
"[0.5321029984706415, 0.5010965954185576, 0.6116460136563925, 0.5578672214375332]",stable,0.33049051740885127,3282,"[0.4278717138574396, 0.7365002727753354, 0.5512152013491836, 0.3596424827799961]"
"[0.2210507274799624, 0.6921825791816519, 0.5503324560470158, 0.23215097121504555]",stable,0.3705204993840708,3283,"[0.540472510025832, 0.5765835953022045, 0.6546019373608423, 0.3371267564782445]"
"[0.3233997368387392, 0.42776711191579514, 0.37239142301646994, 0.5012616849440032]",stable,0.5176715555468414,3284,"[0.6902443096717245, 0.6098304294035973, 0.40716121971504293, 0.18653496464820968]"
"[0.2967653530929121, 0.7035594466250288, 0.2682976534031427, 0.4441152015407267]",stable,0.4315123310672451,3285,"[0.5812095846054774, 0.7609929578412961, 0.5846397515566918, 0.4002581639356275]"
"[0.5321029984706415, 0.5010965954185576, 0.6116460136563925, 0.5578672214375332]",stable,0.09165524948727456,3286,"[0.4742632821562328, 0.44739547017734466, 0.6278876836879501, 0.5141905769045927]"
"[0.5316289024352774, 0.5006564222608427, 0.611779142099274, 0.5575092161544764]",stable,0.5470814172311226,3287,"[0.8667720992693051, 0.6949561423298929, 0.62068856388681, 0.9437026336022396]"
"[0.9181964480292194, 0.8439782975418441, 0.3898870599369577, 0.6700216656515846]",stable,0.6202124481197475,3288,"[0.9798818882963682, 0.4488232597351558, 0.7421764339863058, 0.9872015519773916]"
"[0.9191547944505265, 0.6307857227165158, 0.6168362414013427, 0.6232630327793142]",stable,0.5420452024674023,3289,"[0.5112055476423629, 0.5700940954394336, 0.9667640761857755, 0.6587235794208656]"
"[0.6522425802670531, 0.6604238232400685, 0.9042240235308644, 0.6398910480300876]",stable,0.2965644023690492,3290,"[0.5132264893133219, 0.5015056508992286, 0.8205938100267005, 0.449166185734816]"
"[0.3615499686803258, 0.6059713085599998, 0.8780905992688506, 0.4883721826667998]",stable,0.36825007619713324,3291,"[0.4541010070803351, 0.261630124127857, 0.9248268946890696, 0.40907974100596156]"
"[0.39210300225756384, 0.3581891994316637, 0.9121105153815915, 0.347058457044168]",stable,0.3114977784062461,3292,"[0.29197211710576043, 0.5104770107801722, 0.7757877845344521, 0.5597300521381124]"
"[0.34385590380667785, 0.26681748059601484, 0.7065502046915035, 0.4129032303320322]",stable,0.32943090904214806,3293,"[0.4164380178777176, 0.3510341520242227, 1.0, 0.3126469066598099]"
"[0.392336992792373, 0.3581204008988998, 0.9129556065798454, 0.3467275767520107]",stable,0.25378873503643923,3294,"[0.3577860627221602, 0.47741646836287505, 0.7211276030112442, 0.4571151693391969]"
"[0.3233997368387392, 0.42776711191579514, 0.37239142301646994, 0.5012616849440032]",stable,0.3319768352750894,3295,"[0.539036024750435, 0.3558108142983238, 0.5730817932746907, 0.636373775497485]"
"[0.5316891229419046, 0.4994788156920418, 0.6114645295072043, 0.5581503914336878]",stable,0.4124585934206727,3296,"[0.2622343289184743, 0.655633259565469, 0.36969807428503, 0.436985313741163]"
"[0.14505111618435756, 0.45363588564319507, 0.39073627563746216, 0.28796930244890184]",stable,0.3419778357789328,3297,"[0.3573625353101174, 0.5668189740428838, 0.5727526857956018, 0.1269341621648607]"
"[0.3233997368387392, 0.42776711191579514, 0.37239142301646994, 0.5012616849440032]",stable,0.3066759916952594,3298,"[0.08904306816862587, 0.589554548694002, 0.3832135622935894, 0.3879708100496771]"
"[0.4430361912608628, 0.5836031191236878, 0.3631728217048747, 0.30069920197189964]",stable,0.27277823363896647,3299,"[0.40454063270717255, 0.6138394144618, 0.6184721156678298, 0.21803062471864643]"
"[0.3233997368387392, 0.42776711191579514, 0.37239142301646994, 0.5012616849440032]",stable,0.4706219277726208,3300,"[0.1039903357079908, 0.7189030785353668, 0.6691995488836149, 0.4791415819699]"
"[0.4430361912608628, 0.5836031191236878, 0.3631728217048747, 0.30069920197189964]",stable,0.293419540453483,3301,"[0.24154696400928274, 0.48050868238968797, 0.5456630104083663, 0.26112665892804654]"
"[0.3233997368387392, 0.42776711191579514, 0.37239142301646994, 0.5012616849440032]",stable,0.29872754632227655,3302,"[0.2998519010331736, 0.4204861584195292, 0.5876391406222071, 0.2955943464035631]"
"[0.3233997368387392, 0.42776711191579514, 0.37239142301646994, 0.5012616849440032]",stable,0.4687754900876509,3303,"[0.12208417309524955, 0.6709416463603158, 0.39954859680322513, 0.15578934507991968]"
"[0.11510260263465194, 0.7405153682205607, 0.3374706570489109, 0.27903943892239125]",stable,0.287412828513307,3304,"[0.2331557548661834, 0.5532254752304442, 0.38483088491968526, 0.4560961870061554]"
"[0.3618828939674215, 0.47762174770250915, 0.6159385477826589, 0.3119248456969459]",stable,0.6008843530617238,3305,"[0.10118510199820291, 0.8867005068550925, 0.2660250550344524, 0.3694903164212788]"
"[0.4430361912608628, 0.5836031191236878, 0.3631728217048747, 0.30069920197189964]",stable,0.48077426778442633,3306,"[0.0, 0.6056365521884648, 0.303470739192039, 0.4762355770276985]"
"[0.14505111618435756, 0.45363588564319507, 0.39073627563746216, 0.28796930244890184]",stable,0.10105879422342572,3307,"[0.20420103573717477, 0.38425019555754114, 0.39551652971403695, 0.3312929921473674]"
"[0.3223254037200182, 0.4292606638600171, 0.3725395118486511, 0.5007240004447431]",stable,0.5557194670218788,3308,"[0.0, 0.5847891448854378, 0.20947055909363985, 0.1081047594731401]"
"[0.11510260263465194, 0.7405153682205607, 0.3374706570489109, 0.27903943892239125]",stable,0.25171366480371626,3309,"[0.2995990870678978, 0.8705919572317427, 0.24710750227526634, 0.34411937078514854]"
"[0.1457232743610941, 0.4528474118922217, 0.39079059670651417, 0.28846161710456625]",stable,0.35844436027304477,3310,"[0.0, 0.7695202623686932, 0.46792174054751273, 0.32033918197265376]"
"[0.11376420027843506, 0.7408526344315856, 0.3389875301128481, 0.2795196684927431]",stable,0.390702599709601,3311,"[0.3094750006957921, 0.42959032662131325, 0.3737001721965221, 0.15201824796719685]"
"[0.04948200144034689, 0.5680082184936555, 0.1848616201560741, 0.39105104525191225]",stable,0.2705335760434188,3312,"[0.12068278191059967, 0.5303924493572034, 0.21285301762867515, 0.13430136130454856]"
"[0.11376420027843506, 0.7408526344315856, 0.3389875301128481, 0.2795196684927431]",stable,0.35640969480479817,3313,"[0.08320116649642462, 0.39657159694773225, 0.34855167711977514, 0.19307392922260586]"
"[0.3223254037200182, 0.4292606638600171, 0.3725395118486511, 0.5007240004447431]",stable,0.4285310015609745,3314,"[0.04448553145177987, 0.68763444662944, 0.33737942057189785, 0.30463580336075124]"
"[0.11296789374019765, 0.740240931123515, 0.33896904609513606, 0.2798083596981225]",stable,0.5547378061699608,3315,"[0.43040118003384775, 0.4325850363029809, 0.6376501777972583, 0.4318201167907588]"
"[0.3223254037200182, 0.4292606638600171, 0.3725395118486511, 0.5007240004447431]",stable,0.4139959458369689,3316,"[0.6066096231144208, 0.4300796601494311, 0.13315956720116257, 0.6831293104507978]"
"[0.3724107409618797, 0.8139643503745475, 0.5005290822605407, 0.46183121823504525]",stable,0.4900691148416825,3317,"[0.6131982279714918, 0.7011464492919092, 0.09642267730629395, 0.5403121591797637]"
"[0.3724107409618797, 0.8139643503745475, 0.5005290822605407, 0.46183121823504525]",stable,0.24303392619724162,3318,"[0.382010206021339, 0.5859500981989579, 0.5576117089443172, 0.40080324031421155]"
"[0.3223254037200182, 0.4292606638600171, 0.3725395118486511, 0.5007240004447431]",stable,0.3509727907228234,3319,"[0.5467008461839296, 0.42084335461526934, 0.10771728670235697, 0.4493829971380819]"
"[0.3724107409618797, 0.8139643503745475, 0.5005290822605407, 0.46183121823504525]",anomaly,0.31295843374717336,3320,"[0.2515664786305097, 0.8564666656369405, 0.37888287627595174, 0.7201631738308678]"
"[0.3724107409618797, 0.8139643503745475, 0.5005290822605407, 0.46183121823504525]",stable,0.2826735892265586,3321,"[0.2610024962015463, 0.6339088970661827, 0.4090628247009869, 0.6252525097108363]"
"[0.5316891229419046, 0.4994788156920418, 0.6114645295072043, 0.5581503914336878]",anomaly,0.5175391018680412,3322,"[0.36040121151913174, 0.24285662540680192, 0.4391979140254194, 0.18002813870785306]"
"[0.5316891229419046, 0.4994788156920418, 0.6114645295072043, 0.5581503914336878]",stable,0.4027649228689452,3323,"[0.2601264222379471, 0.6803661290335761, 0.5298306419628653, 0.3365900814580968]"
"[0.4430361912608628, 0.5836031191236878, 0.3631728217048747, 0.30069920197189964]",stable,0.1988872864481601,3324,"[0.47825234401233957, 0.5095860758472277, 0.4536601429617094, 0.4577007856978932]"
"[0.5312581811763436, 0.4995603258545836, 0.6101919134866761, 0.5573403139680766]",stable,0.5397974765505372,3325,"[0.12492210651430935, 0.6619574200416051, 0.5364902363625791, 0.249984564538715]"
"[0.4430361912608628, 0.5836031191236878, 0.3631728217048747, 0.30069920197189964]",stable,0.38695219843879824,3326,"[0.15006884080694566, 0.6283871596066675, 0.570126080089932, 0.4387820539357018]"
"[0.4430361912608628, 0.5836031191236878, 0.3631728217048747, 0.30069920197189964]",stable,0.50452302905253,3327,"[0.18992301469037143, 0.32919496980570295, 0.7001531071783, 0.4111437013984531]"
"[0.3421455383720522, 0.2675105638094558, 0.7064791258302457, 0.412883680010548]",stable,0.2130775017320587,3328,"[0.24622635277352128, 0.3669516637239966, 0.5513166742276917, 0.4601870925614564]"
"[0.36271917319497193, 0.47821883863738573, 0.6155931212843218, 0.31389440858101264]",stable,0.3640548069045778,3329,"[0.07013254936818633, 0.32204499838686745, 0.7160244013155861, 0.20230471550562207]"
"[0.36271917319497193, 0.47821883863738573, 0.6155931212843218, 0.31389440858101264]",stable,0.30430405835081126,3330,"[0.09253857162324851, 0.35602807785314705, 0.6235156345293095, 0.24599702846979235]"
"[0.36271917319497193, 0.47821883863738573, 0.6155931212843218, 0.31389440858101264]",stable,0.26789534950956906,3331,"[0.14940150219577406, 0.3519143177617438, 0.6038509088821769, 0.41475459885750177]"
"[0.36271917319497193, 0.47821883863738573, 0.6155931212843218, 0.31389440858101264]",stable,0.6009144594524763,3332,"[0.06679507525930067, 0.3306247417900145, 0.1222560968895734, 0.40533662408985405]"
"[0.14502077876710906, 0.4522150993647555, 0.3903160021044159, 0.2873898453306116]",stable,0.47388086147331693,3333,"[0.23590065094885046, 0.8506321255469096, 0.6287667000417559, 0.3140179809072438]"
"[0.4430361912608628, 0.5836031191236878, 0.3631728217048747, 0.30069920197189964]",stable,0.48820735018189376,3334,"[0.0, 0.7114493264901848, 0.4451834946532677, 0.16287704559184274]"
"[0.11168416767496812, 0.7399137537981363, 0.3401760284651148, 0.2784795947650966]",stable,0.4077487010710065,3335,"[0.4894193870319148, 0.8062086148424963, 0.24948500886004224, 0.38314686588913893]"
"[0.14502077876710906, 0.4522150993647555, 0.3903160021044159, 0.2873898453306116]",stable,0.21489006348645898,3336,"[0.0, 0.3896351144414247, 0.29247204923088305, 0.17942216737061684]"
"[0.3214301207677065, 0.42852761679959334, 0.37464277258252215, 0.5002470956461161]",stable,0.2679754581186153,3337,"[0.29457874674150664, 0.17378412712891878, 0.42774901045629243, 0.4421494895328837]"
"[0.36271917319497193, 0.47821883863738573, 0.6155931212843218, 0.31389440858101264]",stable,0.383263018230873,3338,"[0.48980725958331683, 0.7002265471193951, 0.3424992758057726, 0.23099996740494505]"
"[0.2986589618427892, 0.7061683347634361, 0.26901997840562397, 0.4421376244324122]",stable,0.3141418936993732,3339,"[0.16765032361964416, 0.6500167360187747, 0.5102641067645867, 0.3001160254458909]"
"[0.4434859130716556, 0.584724498239031, 0.36297403760969105, 0.3000290170241405]",stable,0.28501727068115373,3340,"[0.16127570792877852, 0.5634197396429979, 0.33008690418262465, 0.292493208118365]"
"[0.3211178954883321, 0.4255654831987715, 0.37526028697640323, 0.4995715420866599]",stable,0.3895061756486125,3341,"[0.15926519888803475, 0.5825683561606372, 0.33770960292904945, 0.18420063429566533]"
"[0.14360576943078554, 0.4527494362367875, 0.38857893561215956, 0.28625946824080684]",stable,0.3093167534460349,3342,"[0.13326573151670548, 0.6613799921422241, 0.6130636461387087, 0.3268777333530742]"
"[0.14360576943078554, 0.4527494362367875, 0.38857893561215956, 0.28625946824080684]",stable,0.47095321097910686,3343,"[0.07706015968400812, 0.6458407689132731, 0.029123081866271994, 0.5118161910579169]"
"[0.14360576943078554, 0.4527494362367875, 0.38857893561215956, 0.28625946824080684]",stable,0.40958765694651206,3344,"[0.0, 0.7061977892323552, 0.2566671771567122, 0.5421943272462801]"
"[0.14360576943078554, 0.4527494362367875, 0.38857893561215956, 0.28625946824080684]",stable,0.363950975763232,3345,"[0.35168731758080946, 0.7229233625269952, 0.46505869132375066, 0.38784331832401003]"
"[0.21846779223260535, 0.6927944032221425, 0.5512726398644161, 0.23731761247740885]",stable,0.3372457271410534,3346,"[0.3508331919671849, 0.7264908011842771, 0.24806680304585976, 0.29339661667273353]"
"[0.14360576943078554, 0.4527494362367875, 0.38857893561215956, 0.28625946824080684]",stable,0.3331348407660754,3347,"[0.19720541067982728, 0.7000897455306399, 0.5344949526273673, 0.44637563846434003]"
"[0.4434859130716556, 0.584724498239031, 0.36297403760969105, 0.3000290170241405]",stable,0.33671680607616195,3348,"[0.20931196697510943, 0.5794760538973104, 0.20523148120786994, 0.48341524931957125]"
"[0.14360576943078554, 0.4527494362367875, 0.38857893561215956, 0.28625946824080684]",stable,0.3826656323750258,3349,"[0.1934163967416585, 0.7987694575560467, 0.5238844490487832, 0.20935400362517093]"
"[0.14360576943078554, 0.4527494362367875, 0.38857893561215956, 0.28625946824080684]",stable,0.5514700123991207,3350,"[0.4425593023578607, 0.8403884412283695, 0.46391768395952926, 0.5287590239775019]"
"[0.21811985618411997, 0.6942662789767801, 0.5508922483253101, 0.23692922902112779]",anomaly,0.5504319267529496,3351,"[0.3035582269306773, 1.0, 0.7558559906512252, 0.6371695904968167]"
"[0.21811985618411997, 0.6942662789767801, 0.5508922483253101, 0.23692922902112779]",stable,0.29663632686157804,3352,"[0.14139227257595954, 0.598052571730008, 0.4247351974947876, 0.4755362477593852]"
"[0.4434859130716556, 0.584724498239031, 0.36297403760969105, 0.3000290170241405]",stable,0.19439039719953552,3353,"[0.3898803931012488, 0.735287972654688, 0.2538417953438634, 0.2817296011314401]"
"[0.14360576943078554, 0.4527494362367875, 0.38857893561215956, 0.28625946824080684]",stable,0.1925443590457549,3354,"[0.24423601985773333, 0.4353979105129485, 0.23419860939699266, 0.3392926873784753]"
"[0.04861257096409302, 0.5653273021162246, 0.1851102697164562, 0.3955220955446774]",stable,0.5559211266251401,3355,"[0.3177532478636569, 0.6008376383041985, 0.65697524054862, 0.5081900164076625]"
"[0.5300895314831148, 0.38954156087274866, 0.8189214501944179, 0.5924424554105963]",stable,0.5134603289199998,3356,"[0.4634591445486044, 0.6127686201021736, 0.3792121262967865, 0.46584351616992725]"
"[0.3003071878356955, 0.7067366348130004, 0.2686046754352616, 0.438584187293784]",stable,0.545383153311339,3357,"[0.6975768100230715, 0.440743313996613, 0.5292627927189163, 0.468990278429114]"
"[0.9162174809202509, 0.6834648560932026, 0.19208683207551125, 0.5672423827958877]",stable,0.8193607712209918,3358,"[0.2470375963361235, 0.8410854985980203, 0.6317101220993749, 0.6409814593346853]"
"[0.5300895314831148, 0.38954156087274866, 0.8189214501944179, 0.5924424554105963]",stable,0.35376689141302126,3359,"[0.466211957152352, 0.7136721601352957, 0.8052386156262744, 0.7182311815251938]"
"[0.6870773415392865, 0.7192356265338778, 0.6949091494062759, 0.4829386305657985]",stable,0.544807265559995,3360,"[0.4216765599347842, 0.2446787658527559, 0.6833599684707823, 0.5151843144766056]"
"[0.3430195056419723, 0.26725966493081077, 0.706225069155966, 0.4140078628068783]",stable,0.2711599694371954,3361,"[0.2397642790634147, 0.14355587598294092, 0.9134582499388557, 0.34605296164486876]"
"[0.14090811489016436, 0.31983377880078456, 0.9450961959356142, 0.4799795767437873]",stable,0.33335249965284314,3362,"[0.46923957105892, 0.30627560690083655, 1.0, 0.46883990938366044]"
"[0.5300895314831148, 0.38954156087274866, 0.8189214501944179, 0.5924424554105963]",stable,0.5518092940062942,3363,"[0.37628299941456245, 0.12606995500822182, 0.8802083171770895, 0.13674114919852715]"
"[0.3430195056419723, 0.26725966493081077, 0.706225069155966, 0.4140078628068783]",stable,0.38040518668480205,3364,"[0.24999367283571544, 0.49766130592655133, 0.5950824930220111, 0.14826981117674504]"
"[0.10291171165582984, 0.5855887593130272, 0.47920288582698917, 0.46327523790685377]",stable,0.6004142619618968,3365,"[0.09878709326121946, 0.25276937117518167, 0.9664889798247868, 0.5740172397230925]"
"[0.392336992792373, 0.3581204008988998, 0.9129556065798454, 0.3467275767520107]",stable,0.31044251841316933,3366,"[0.2935977912385952, 0.1588295357781018, 0.7698972768347179, 0.5093393619496762]"
"[0.34248231309410954, 0.26608107657045527, 0.7069171583698654, 0.4150440747540826]",stable,0.30581816558695146,3367,"[0.13710442165551526, 0.35875426699908214, 0.8621413327962442, 0.2784358482059218]"
"[0.392336992792373, 0.3581204008988998, 0.9129556065798454, 0.3467275767520107]",stable,0.1941448492457794,3368,"[0.44041407420528284, 0.23471102590748355, 0.8352198459423981, 0.465505076362957]"
"[0.34353534278347697, 0.26574376419773516, 0.7082967571609678, 0.41558666616923184]",stable,0.33138004460393267,3369,"[0.4479273028074019, 0.5376794898129813, 0.8527863175226523, 0.3516430916314851]"
"[0.5312581811763436, 0.4995603258545836, 0.6101919134866761, 0.5573403139680766]",stable,0.40356936102720015,3370,"[0.8840039865824091, 0.35262189228876617, 0.6174066504182476, 0.6869384244502934]"
"[0.7588123773969006, 0.49550733751941406, 0.4574693401375883, 0.4721881784894386]",stable,0.2892281050925031,3371,"[0.7063878314367327, 0.5936074005878436, 0.5933653814751051, 0.7019994213193583]"
"[0.6744748467691986, 0.7942070250100952, 0.43021305297525425, 0.49058026092320856]",stable,0.5532184781219507,3372,"[0.7317820193484267, 0.4310265589133704, 0.7540187962142203, 0.7475167554072898]"
"[0.7588123773969006, 0.49550733751941406, 0.4574693401375883, 0.4721881784894386]",stable,0.30649393358695715,3373,"[0.6676036179371532, 0.4283199104935691, 0.6181648126070762, 0.7073100794278132]"
"[0.7588123773969006, 0.49550733751941406, 0.4574693401375883, 0.4721881784894386]",stable,0.3459921478181464,3374,"[0.9555637053531304, 0.6782653773616186, 0.34701323011536567, 0.6603328779392715]"
"[0.8871541708234317, 0.6305190215808719, 0.35434969561956453, 0.9124764095763248]",stable,0.24848319461344004,3375,"[0.9351177865746649, 0.5667850804680425, 0.2848169616515551, 0.6876507588455214]"
"[0.8871541708234317, 0.6305190215808719, 0.35434969561956453, 0.9124764095763248]",stable,0.1862663624856001,3376,"[0.8562553334343092, 0.6878472169921516, 0.5111997559732058, 0.8359783297339995]"
"[0.9181964480292194, 0.8439782975418441, 0.3898870599369577, 0.6700216656515846]",stable,0.4346611452110905,3377,"[0.5977404442351575, 0.763730408993795, 0.40864437876115517, 0.3881587554227569]"
"[0.6733295571791382, 0.7937521501441803, 0.4298911324645961, 0.48905158173663466]",stable,0.3741913479135752,3378,"[0.42879868904225393, 0.9371311647799183, 0.6091321188844725, 0.6550002073136924]"
"[0.21811985618411997, 0.6942662789767801, 0.5508922483253101, 0.23692922902112779]",stable,0.28887312368674367,3379,"[0.0, 0.8254766503669531, 0.43515988658460864, 0.30946383326164056]"
"[0.11042928938648534, 0.74087513465846, 0.341243262826008, 0.27882773227629376]",stable,0.18127520059917385,3380,"[0.10210261499129028, 0.7327976214898302, 0.22150228850900383, 0.14322456971578307]"
"[0.14360576943078554, 0.4527494362367875, 0.38857893561215956, 0.28625946824080684]",stable,0.5920465501764748,3381,"[0.5907534509489878, 0.8168763217602435, 0.399827923569019, 0.4199125265585862]"
"[0.6721152026757536, 0.7940922114914752, 0.42944902645142585, 0.48803483092519273]",stable,0.5681735011365211,3382,"[0.224401274819212, 0.8482041490845685, 0.24822000917539339, 0.19375382966265023]"
"[0.11169564478018229, 0.7420676792631945, 0.3402096711187789, 0.2778824666916977]",stable,0.2685014655566692,3383,"[0.1993554852188852, 0.982806968068368, 0.288285706368935, 0.33917917207279163]"
"[0.443676134323817, 0.5849915851139181, 0.3631286860733776, 0.3016082027302908]",stable,0.39697033141740223,3384,"[0.060648535194072484, 0.5448720799627117, 0.32997690570212307, 0.39197792716931046]"
"[0.14360576943078554, 0.4527494362367875, 0.38857893561215956, 0.28625946824080684]",stable,0.3465087002345278,3385,"[0.32615787618495196, 0.4609023260783196, 0.6829871692155657, 0.28568498448005925]"
"[0.3211178954883321, 0.4255654831987715, 0.37526028697640323, 0.4995715420866599]",stable,0.34961057069140045,3386,"[0.13469795666128748, 0.19453913175107576, 0.38082974796628977, 0.31498832619763184]"
"[0.3211178954883321, 0.4255654831987715, 0.37526028697640323, 0.4995715420866599]",stable,0.6939294637241554,3387,"[0.09087615417402205, 0.19951584466934527, 0.9342974733137068, 0.24480532298798308]"
"[0.34353534278347697, 0.26574376419773516, 0.7082967571609678, 0.41558666616923184]",stable,0.18439101091350193,3388,"[0.2025230049711008, 0.2945777175400957, 0.6288933271610314, 0.3320446771500131]"
"[0.36237747883039234, 0.47805700207141316, 0.616222972199567, 0.3136307691034336]",stable,0.4434915320693919,3389,"[0.07573190639053681, 0.34040070212683654, 0.7768220593072739, 0.04947602066300921]"
"[0.10291171165582984, 0.5855887593130272, 0.47920288582698917, 0.46327523790685377]",stable,0.4312823249697027,3390,"[0.4402512308918646, 0.5696818824190504, 0.724558424911586, 0.3548588032631156]"
"[0.3211178954883321, 0.4255654831987715, 0.37526028697640323, 0.4995715420866599]",stable,0.3617601956809315,3391,"[0.41251918323668, 0.21457048737527368, 0.5031041162335492, 0.251270694654837]"
"[0.34426921342659617, 0.26519936763579405, 0.7061138567255697, 0.41383862391907866]",stable,0.5515128070895202,3392,"[0.4553391818262404, 0.5792668413737246, 0.352780606595245, 0.15240588917516779]"
"[0.3003071878356955, 0.7067366348130004, 0.2686046754352616, 0.438584187293784]",stable,0.33480219777419223,3393,"[0.2566032551104692, 0.4944881887432273, 0.4206922267271842, 0.23363919032686198]"
"[0.3211178954883321, 0.4255654831987715, 0.37526028697640323, 0.4995715420866599]",stable,0.24578323638128152,3394,"[0.19925751570159075, 0.5561087505217122, 0.5421579883405931, 0.4738215952849865]"
"[0.44378616307383983, 0.5849375780975012, 0.3630310626820745, 0.30020063373448774]",stable,0.3691617485348927,3395,"[0.13420411274783628, 0.6613662726378187, 0.4114331525445591, 0.4797980809465624]"
"[0.44378616307383983, 0.5849375780975012, 0.3630310626820745, 0.30020063373448774]",stable,0.2039425082008719,3396,"[0.3087662911382836, 0.7282322614850479, 0.32541487063107655, 0.2625996145699242]"
"[0.14472501322551873, 0.45042178514023623, 0.38884091521935477, 0.28600257125202055]",stable,0.2812976842599021,3397,"[0.08186989489947576, 0.6396786734274695, 0.5438405286008521, 0.40983540759853554]"
"[0.44378616307383983, 0.5849375780975012, 0.3630310626820745, 0.30020063373448774]",stable,0.487144771619172,3398,"[0.16606494243970854, 0.23602760034273135, 0.17057231155774175, 0.33764938089926627]"
"[0.048929306864881957, 0.5647890067963953, 0.18892254961081587, 0.39542882795585194]",stable,0.42173755783461325,3399,"[0.32337860843374044, 0.4340652295267195, 0.4545062046012291, 0.5175630361653084]"
"[0.3630985320902208, 0.4789053805931505, 0.6172260782431969, 0.3140125101604677]",stable,0.24380095725310114,3400,"[0.15283403530948134, 0.42297126678198793, 0.5937526127322357, 0.4214746871351432]"
"[0.44378616307383983, 0.5849375780975012, 0.3630310626820745, 0.30020063373448774]",stable,0.2904734607808604,3401,"[0.2718120741013693, 0.5321355518057248, 0.5860067941776239, 0.25230999452799935]"
"[0.32114388069460115, 0.42566318143242604, 0.3761711595927806, 0.49977834086917305]",stable,0.4608113838496041,3402,"[0.3424569787444486, 0.6754954073487909, 0.7477356648540401, 0.3929300340948743]"
"[0.5312581811763436, 0.4995603258545836, 0.6101919134866761, 0.5573403139680766]",anomaly,0.6906052299653453,3403,"[0.38031916808319477, 0.5080185950823622, 1.0, 0.0076757695844632545]"
"[0.5312581811763436, 0.4995603258545836, 0.6101919134866761, 0.5573403139680766]",stable,0.5073666383802269,3404,"[0.10307059641179156, 0.24128309229487876, 0.666997739670736, 0.4929798701299276]"
"[0.3622610416499561, 0.47939373078776126, 0.6169396627930539, 0.3134464320353992]",stable,0.5488526267838687,3405,"[0.10295126672957272, 0.09563782206748545, 0.9047671310049377, 0.37577136784206666]"
"[0.13998962059289247, 0.31927090041223843, 0.9438649543506102, 0.47782945543261607]",stable,0.11216927617117532,3406,"[0.1659551265141844, 0.2608218797967029, 0.9729156452744953, 0.3903794218994815]"
"[0.392336992792373, 0.3581204008988998, 0.9129556065798454, 0.3467275767520107]",stable,0.2486671432505842,3407,"[0.20824758175476932, 0.3871379037077916, 1.0, 0.4864691059446171]"
"[0.392336992792373, 0.3581204008988998, 0.9129556065798454, 0.3467275767520107]",stable,0.3657833117486543,3408,"[0.07093736953843047, 0.24486963050591304, 1.0, 0.4472126498004457]"
"[0.392336992792373, 0.3581204008988998, 0.9129556065798454, 0.3467275767520107]",stable,0.18895600385267686,3409,"[0.23006345533885678, 0.3316720474067787, 1.0, 0.37982483654747184]"
"[0.392336992792373, 0.3581204008988998, 0.9129556065798454, 0.3467275767520107]",stable,0.4620344019372685,3410,"[0.04947688125605848, 0.3046264538941219, 0.8969693366608188, 0.04208751159517449]"
"[0.34426921342659617, 0.26519936763579405, 0.7061138567255697, 0.41383862391907866]",stable,0.20574775802130146,3411,"[0.24099316155582381, 0.21629194143290864, 0.8626771616223594, 0.34482998487452327]"
"[0.14212378819983082, 0.3182971570746131, 0.9475215437556483, 0.4739881256633855]",stable,0.09593118458373844,3412,"[0.17271167120532852, 0.3832987504887946, 0.9562267116796591, 0.536965792291433]"
"[0.392336992792373, 0.3581204008988998, 0.9129556065798454, 0.3467275767520107]",stable,0.2990581348787495,3413,"[0.345028688411775, 0.09428544778663075, 0.8733489135758739, 0.473298188504206]"
"[0.1426799315272035, 0.31947900422759823, 0.9476798195360849, 0.4751331741475318]",stable,0.26382832098556347,3414,"[0.09417499451814293, 0.18435781474585577, 0.7383472960560039, 0.4031970023957006]"
"[0.3622610416499561, 0.47939373078776126, 0.6169396627930539, 0.3134464320353992]",stable,0.26236247284138936,3415,"[0.22311647591557374, 0.34580490017393084, 0.7565026092075975, 0.20322363355269193]"
"[0.10235800178234422, 0.22087791351691716, 0.6689979067944185, 0.2846841870763855]",stable,0.4321678013749232,3416,"[0.17776761924488177, 0.42837429754440737, 0.8283713695307299, 0.6202847653392107]"
"[0.34426921342659617, 0.26519936763579405, 0.7061138567255697, 0.41383862391907866]",stable,0.23104003601810308,3417,"[0.3285934878690984, 0.2369548097668481, 0.8026231139611437, 0.2064212232745861]"
"[0.34426921342659617, 0.26519936763579405, 0.7061138567255697, 0.41383862391907866]",anomaly,0.2860566803345704,3418,"[0.3643966993433422, 0.0, 0.6150746674296014, 0.46679587170078995]"
"[0.34426921342659617, 0.26519936763579405, 0.7061138567255697, 0.41383862391907866]",stable,0.5557858192581654,3419,"[0.21971547720138904, 0.7997246842321177, 0.6783351575428909, 0.3308008405302523]"
"[0.14472501322551873, 0.45042178514023623, 0.38884091521935477, 0.28600257125202055]",stable,0.3429169768339875,3420,"[0.34081163385686436, 0.2853592300731693, 0.5902048451974945, 0.3925343075038558]"
"[0.34423281785217796, 0.2654115767140822, 0.7048937618673794, 0.41361436795681317]",stable,0.4554332747039205,3421,"[0.01438476345625439, 0.4931985575295448, 0.5030844807325313, 0.33611705098665934]"
"[0.44378616307383983, 0.5849375780975012, 0.3630310626820745, 0.30020063373448774]",stable,0.4344593582594807,3422,"[0.16478175553759217, 0.5181526791726795, 0.6874211319692549, 0.33516253840295307]"
"[0.5300895314831148, 0.38954156087274866, 0.8189214501944179, 0.5924424554105963]",stable,0.7398790546193086,3423,"[0.06161172419646577, 0.4715171472783388, 0.5507077727290344, 0.09315197282735091]"
"[0.10346902119546501, 0.5843213800042846, 0.48082792135006974, 0.4616741775168343]",stable,0.40533538086225024,3424,"[0.270405879098191, 0.3326842641694222, 0.310887785245981, 0.2513697112600608]"
"[0.048929306864881957, 0.5647890067963953, 0.18892254961081587, 0.39542882795585194]",stable,0.327587322931438,3425,"[0.2871368732507596, 0.3719037753990245, 0.15168715544210853, 0.5048793756556587]"
"[0.14472501322551873, 0.45042178514023623, 0.38884091521935477, 0.28600257125202055]",stable,0.17437087043606475,3426,"[0.024421613947688187, 0.3738833292971213, 0.43344832325359073, 0.37591550972279064]"
"[0.32114388069460115, 0.42566318143242604, 0.3761711595927806, 0.49977834086917305]",stable,0.4365488813459272,3427,"[0.1444261236381929, 0.6928550423496258, 0.5809203921578965, 0.28522759775945433]"
"[0.14344518982894605, 0.4496075462482882, 0.389315462113336, 0.28695909187405]",stable,0.22770159246872537,3428,"[0.00984704468129699, 0.5645335702982914, 0.5020111343159708, 0.37691044144011016]"
"[0.44378616307383983, 0.5849375780975012, 0.3630310626820745, 0.30020063373448774]",stable,0.5891711635683752,3429,"[0.0, 0.6669909451724532, 0.0, 0.1922553053302478]"
"[0.14344518982894605, 0.4496075462482882, 0.389315462113336, 0.28695909187405]",stable,0.13158203985994843,3430,"[0.2245607860640605, 0.3466773885053269, 0.3941969937329092, 0.29771299986989774]"
"[0.32114388069460115, 0.42566318143242604, 0.3761711595927806, 0.49977834086917305]",stable,0.32126765685197,3431,"[0.15988666565895063, 0.6317190044031147, 0.22791066450201578, 0.3867790428473948]"
"[0.1442990382103683, 0.44852407090362545, 0.38936684665669996, 0.2870722909055853]",stable,0.3715608858573395,3432,"[0.2542160828088784, 0.2994187086938547, 0.45053511215938885, 0.6033028546743419]"
"[0.3622610416499561, 0.47939373078776126, 0.6169396627930539, 0.3134464320353992]",stable,0.22582923823666948,3433,"[0.18968454751560693, 0.3647304539389, 0.6892302081341802, 0.2601303133524405]"
"[0.10429859168752784, 0.22407463663740568, 0.6694475134908576, 0.2841385454380756]",stable,0.3457355076393907,3434,"[0.23414952631783664, 0.49581040242464874, 0.8060321244963049, 0.3850151713075686]"
"[0.5300895314831148, 0.38954156087274866, 0.8189214501944179, 0.5924424554105963]",stable,0.38265329718709684,3435,"[0.4202811375329343, 0.3714977887036235, 0.5032790828299487, 0.4069431813508285]"
"[0.32038333753680887, 0.42422858515130596, 0.37701620450831014, 0.5009547557987772]",anomaly,0.6787428791874015,3436,"[0.0, 0.12429091704437553, 0.8807865353571429, 0.6205342778057374]"
"[0.32038333753680887, 0.42422858515130596, 0.37701620450831014, 0.5009547557987772]",stable,0.6336137977734329,3437,"[0.39498590019524366, 0.346056460046017, 0.9916796559012908, 0.39150676471689944]"
"[0.39236222048192415, 0.3580055062241104, 0.9137053594305259, 0.3471540452088192]",stable,0.336063379416394,3438,"[0.3518739852778649, 0.03654257789100246, 0.9547276192591466, 0.26791984993377266]"
"[0.34423281785217796, 0.2654115767140822, 0.7048937618673794, 0.41361436795681317]",anomaly,0.3316596263063706,3439,"[0.4247381522924945, 0.007190415941252637, 0.8564877088158148, 0.2958939099808878]"
"[0.34423281785217796, 0.2654115767140822, 0.7048937618673794, 0.41361436795681317]",stable,0.3306077461265292,3440,"[0.10955209333875862, 0.1206791821758457, 0.8764719504123472, 0.3516474531750048]"
"[0.1426799315272035, 0.31947900422759823, 0.9476798195360849, 0.4751331741475318]",anomaly,0.565396084476537,3441,"[0.5781047384519755, 0.555703737701095, 0.917981685177195, 0.20422015126583082]"
"[0.1426799315272035, 0.31947900422759823, 0.9476798195360849, 0.4751331741475318]",anomaly,0.5904454957325198,3442,"[0.4178631379976999, 0.2695473727836404, 0.7363616108713482, 0.0]"
"[0.1426799315272035, 0.31947900422759823, 0.9476798195360849, 0.4751331741475318]",stable,0.2425981236433848,3443,"[0.3246208554833746, 0.33953946187484046, 0.9457564745059888, 0.31593132564022275]"
"[0.39172315100080574, 0.3578312982585513, 0.9140077284406717, 0.3468594912506249]",stable,0.25257068321150977,3444,"[0.6033335107476938, 0.2776256528930601, 1.0, 0.2748498436380083]"
"[0.5300895314831148, 0.38954156087274866, 0.8189214501944179, 0.5924424554105963]",stable,0.4969916163402479,3445,"[0.1559941683755545, 0.20311860473983498, 0.8411885559154092, 0.32447980233485385]"
"[0.1426799315272035, 0.31947900422759823, 0.9476798195360849, 0.4751331741475318]",stable,0.21078500823345042,3446,"[0.20776004125196207, 0.2157210981663736, 1.0, 0.6385094106698688]"
"[0.39172315100080574, 0.3578312982585513, 0.9140077284406717, 0.3468594912506249]",stable,0.2857992760834434,3447,"[0.6207441023825138, 0.2559234940110738, 0.7803290663159795, 0.3780916023551886]"
"[0.39172315100080574, 0.3578312982585513, 0.9140077284406717, 0.3468594912506249]",stable,0.3334017875592416,3448,"[0.39319174453324535, 0.05703087304656146, 0.7826936301313073, 0.288290668842975]"
"[0.34474280667177243, 0.2632409443842122, 0.7057041771617953, 0.4123089127577107]",stable,0.46270972280536943,3449,"[0.17114639355412387, 0.10486310407806343, 0.9894272326866329, 0.13234059241607188]"
"[0.34474280667177243, 0.2632409443842122, 0.7057041771617953, 0.4123089127577107]",stable,0.3765225889082619,3450,"[0.15810786523258136, 0.15017719811568656, 1.0, 0.32545722001726823]"
"[0.14384207634371707, 0.3176261844765049, 0.9486141084729406, 0.47805060694257356]",stable,0.5374248029770933,3451,"[0.5017216505914058, 0.46955407911163305, 0.6779135200415248, 0.22430519231231238]"
"[0.32038333753680887, 0.42422858515130596, 0.37701620450831014, 0.5009547557987772]",stable,0.5418026888766975,3452,"[0.327364221405968, 0.11371958782280578, 0.7466147695756846, 0.2550228867524662]"
"[0.34474280667177243, 0.2632409443842122, 0.7057041771617953, 0.4123089127577107]",stable,0.3518620930160288,3453,"[0.3216115115879452, 0.3676047689147761, 0.928120133168419, 0.16148784041254527]"
"[0.39106790203433045, 0.35792263910580574, 0.9141396200736414, 0.34512704591568955]",stable,0.5643459421085749,3454,"[0.19433123109635128, 0.39495487685912006, 0.43706454749005796, 0.11971849867533557]"
"[0.10270786691486201, 0.5841605035026098, 0.48100014259369495, 0.46098504145116986]",stable,0.3939722021433035,3455,"[0.07081170956448493, 0.2641123885621921, 0.698561778536624, 0.5275648424184717]"
"[0.34474280667177243, 0.2632409443842122, 0.7057041771617953, 0.4123089127577107]",stable,0.41464623958263463,3456,"[0.5614980002819439, 0.5428706447273407, 0.4896392839885765, 0.40383054811030145]"
"[0.5315000997291883, 0.4999068084055657, 0.6092274924506913, 0.5561122358412145]",stable,0.663143996307119,3457,"[0.0, 0.5385145541907768, 0.5918550750745839, 0.1618087424431292]"
"[0.10270786691486201, 0.5841605035026098, 0.48100014259369495, 0.46098504145116986]",stable,0.2775064658630258,3458,"[0.1882948010369609, 0.7974385298676182, 0.38300881386255553, 0.34017569468230946]"
"[0.112537393750037, 0.7426761501489574, 0.3406799913687105, 0.27856700765862746]",stable,0.635994902149375,3459,"[0.6359377328938501, 0.4654073380206289, 0.4017252505363988, 0.5020330737586731]"
"[0.9162174809202509, 0.6834648560932026, 0.19208683207551125, 0.5672423827958877]",stable,0.79203062084489,3460,"[0.1912277897741601, 0.620843461243222, 0.4176275615505584, 0.35064969514751826]"
"[0.44378616307383983, 0.5849375780975012, 0.3630310626820745, 0.30020063373448774]",stable,0.4685945234633359,3461,"[0.0, 0.5910415000039466, 0.49384463060047956, 0.2261383527147478]"
"[0.32038333753680887, 0.42422858515130596, 0.37701620450831014, 0.5009547557987772]",stable,0.1702194271995558,3462,"[0.3128691768229222, 0.4902855882227383, 0.424247992206546, 0.3515431720411572]"
"[0.3640401470988248, 0.478333049762894, 0.6164650076334627, 0.3134856708605554]",stable,0.4045505668141632,3463,"[0.11485245927119518, 0.4406283298023987, 0.3058545569430847, 0.3740344888457271]"
"[0.3202989087647427, 0.4249707986689625, 0.37754689875211056, 0.4992759739588039]",stable,0.42022800807856997,3464,"[0.22303201271125567, 0.7812513636833347, 0.1989037227896935, 0.4082732026773569]"
"[0.14250784628099158, 0.44991192335722435, 0.3895829857724748, 0.2873406234803204]",stable,0.4375510763695539,3465,"[0.08446321761712053, 0.8131316232249061, 0.3020572003435114, 0.0671306054781805]"
"[0.11223223966163573, 0.7434419705084786, 0.34026017842278444, 0.2762687858957965]",stable,0.3931567254093865,3466,"[0.23830301079468547, 0.42357770359621366, 0.49019859409750055, 0.3940978725348149]"
"[0.3640401470988248, 0.478333049762894, 0.6164650076334627, 0.3134856708605554]",stable,0.31589325504607335,3467,"[0.17979985105323226, 0.4995105335406731, 0.598064513407676, 0.5685484041042118]"
"[0.34474280667177243, 0.2632409443842122, 0.7057041771617953, 0.4123089127577107]",stable,0.5939674852529443,3468,"[0.539618897030259, 0.8176824420760147, 0.6589754621514209, 0.3399781739598269]"
"[0.5315000997291883, 0.4999068084055657, 0.6092274924506913, 0.5561122358412145]",anomaly,0.5829393052105459,3469,"[0.15554712925317285, 0.9017712398167501, 0.5327552251223225, 0.7325621399098714]"
"[0.5315000997291883, 0.4999068084055657, 0.6092274924506913, 0.5561122358412145]",stable,0.6214396596225229,3470,"[0.017178404944948183, 0.48377149347537424, 0.49479285966312436, 0.22701527253571338]"
"[0.3193878432317421, 0.4249553198348209, 0.3787985842559482, 0.4981073283874263]",stable,0.3121070007953755,3471,"[0.5603575678007143, 0.5080857059679802, 0.292281394581535, 0.34015642912176325]"
"[0.2995339735455623, 0.7078154028528024, 0.268459835463916, 0.43626625968321897]",stable,0.3728785208845306,3472,"[0.1537047119252123, 0.45091895622740774, 0.23490646036404286, 0.2112093679359281]"
"[0.051774367346781154, 0.566505160581183, 0.18992224486443637, 0.3952070385940966]",stable,0.4710689819091847,3473,"[0.3251907567922032, 0.7355845281654527, 0.44595859365124585, 0.16497450558277832]"
"[0.10342173726050152, 0.5844563338069696, 0.4804890733917342, 0.4600952402713017]",stable,0.20472157032066002,3474,"[0.274113026670295, 0.5800173991487975, 0.4076848899798048, 0.37375144019855944]"
"[0.2995339735455623, 0.7078154028528024, 0.268459835463916, 0.43626625968321897]",stable,0.5319426170411159,3475,"[0.24146738053673034, 0.24855118017468558, 0.273053475976746, 0.17426150622328282]"
"[0.051774367346781154, 0.566505160581183, 0.18992224486443637, 0.3952070385940966]",stable,0.3209566166165602,3476,"[0.09943521100356564, 0.45445114834603784, 0.4830395981064858, 0.44282751005600807]"
"[0.4432944803731299, 0.5841804294764065, 0.362789434526493, 0.3012516207886669]",stable,0.38966672535871305,3477,"[0.30720828525140664, 0.9389060356066712, 0.3861327405605792, 0.3845915198046261]"
"[0.2185861600385123, 0.6962044845476716, 0.5515927469703249, 0.23786543244524916]",stable,0.48589725536482264,3478,"[0.32119622682514376, 0.7644543051089282, 0.3207091006544368, 0.6472576903377829]"
"[0.1412289744306238, 0.4502574291747565, 0.3906565559142161, 0.2867250586747632]",stable,0.5991503555743668,3479,"[0.10395931184773724, 0.49972751261765763, 0.5696260991476996, 0.8551568789265843]"
"[0.5315000997291883, 0.4999068084055657, 0.6092274924506913, 0.5561122358412145]",stable,0.45964841866560224,3480,"[0.4591345714247593, 0.7366769077692317, 0.2300575308232967, 0.4773089405940645]"
"[0.1412289744306238, 0.4502574291747565, 0.3906565559142161, 0.2867250586747632]",stable,0.20582473588838762,3481,"[0.3035116286430818, 0.5531197651481946, 0.46355192689319624, 0.29829081732729906]"
"[0.30152587300884565, 0.7087549677667865, 0.2686119998655632, 0.4390358653048168]",stable,0.3950863911474952,3482,"[0.3954639288040296, 0.34800737028421286, 0.25038049113078453, 0.5686417337798871]"
"[0.3640401470988248, 0.478333049762894, 0.6164650076334627, 0.3134856708605554]",stable,0.4351011545796052,3483,"[0.16733909055628576, 0.4304328342909226, 0.23393528756628873, 0.35818792689559903]"
"[0.051774367346781154, 0.566505160581183, 0.18992224486443637, 0.3952070385940966]",stable,0.3040364019838106,3484,"[0.1646458884130413, 0.7124877491136483, 0.41632770826199694, 0.3107807189269047]"
"[0.11279582728261858, 0.7431091294182116, 0.341078108851163, 0.2766398819498944]",stable,0.5699473267003516,3485,"[0.6512836867616523, 0.8974045324958603, 0.3860221812125185, 0.371738458991031]"
"[0.671813296648013, 0.7955894915060316, 0.428819651882746, 0.48634937625948027]",stable,0.33127143296735845,3486,"[0.5199747529836254, 0.5418507601496236, 0.5416917746717037, 0.38856206079944744]"
"[0.5314086287232712, 0.5002396969114709, 0.6086914946905406, 0.5547824725472321]",stable,0.5126509185869532,3487,"[0.5497084318439901, 0.7197067506720564, 0.1686663523607112, 0.6986162932051412]"
"[0.9274815151142348, 0.7696464653947436, 0.5256398194666908, 0.8542227343663193]",stable,0.38632851389936335,3488,"[0.6097985425567232, 0.61733965523566, 0.5029544928795221, 0.6973302197726898]"
"[0.9181964480292194, 0.8439782975418441, 0.3898870599369577, 0.6700216656515846]",stable,0.2655808490719465,3489,"[1.0, 0.7567940718045086, 0.3099957078060626, 0.44673340148165896]"
"[0.9181964480292194, 0.8439782975418441, 0.3898870599369577, 0.6700216656515846]",stable,0.3808543654684951,3490,"[0.7588903349513763, 0.7421999834304216, 0.369221057185542, 1.0]"
"[0.9274815151142348, 0.7696464653947436, 0.5256398194666908, 0.8542227343663193]",stable,0.32545829696592615,3491,"[0.6807578815237423, 0.7700718367349109, 0.33573550008914144, 0.7594244209169861]"
"[0.9274815151142348, 0.7696464653947436, 0.5256398194666908, 0.8542227343663193]",stable,0.5243058359220163,3492,"[0.4926306156509558, 0.6254989119691228, 0.3509546519170712, 0.6684597673964989]"
"[0.9181964480292194, 0.8439782975418441, 0.3898870599369577, 0.6700216656515846]",stable,0.4182765241927011,3493,"[0.6207378028561439, 0.5761991963509169, 0.5092589003646086, 0.6472549842768156]"
"[0.608555209497726, 0.6174108584142933, 0.4048573040973421, 0.6549666267165702]",stable,0.37880512022589424,3494,"[0.3623487050579571, 0.5386130046542398, 0.6814176392609707, 0.6415146551921119]"
"[0.5300895314831148, 0.38954156087274866, 0.8189214501944179, 0.5924424554105963]",stable,0.23716917981702446,3495,"[0.3822264802444192, 0.2641507695022707, 0.9483127223016068, 0.5486156819104671]"
"[0.5300895314831148, 0.38954156087274866, 0.8189214501944179, 0.5924424554105963]",stable,0.1967784410185812,3496,"[0.5512865804183134, 0.26707783567218585, 0.6678206307272073, 0.5713802064214566]"
"[0.36239102298271575, 0.605986712060522, 0.8761448590668379, 0.48547004217170936]",stable,0.33315068030042827,3497,"[0.41997545040980744, 0.42416026262912276, 0.6569845463443134, 0.32243228851609673]"
"[0.32022384417209687, 0.4241097379716274, 0.37738739641940794, 0.49888243174338737]",stable,0.5781971675601443,3498,"[0.5282357255751705, 0.35422024203078584, 0.8772812360718529, 0.3084496897991569]"
"[0.3923379744745234, 0.35788835765140736, 0.9137983387402914, 0.3447874407664624]",stable,0.22433891959328692,3499,"[0.30063461784317214, 0.39619976261098666, 0.8205427501061093, 0.5229841766101411]"
"[0.34474280667177243, 0.2632409443842122, 0.7057041771617953, 0.4123089127577107]",stable,0.3017791166895803,3500,"[0.22015755264706427, 0.3062864789527695, 0.6971972526460922, 0.14097173517503309]"
"[0.10338984505044604, 0.5834162923232822, 0.4805094775894522, 0.4599570984295793]",stable,0.5445059421241533,3501,"[0.09024941531943911, 0.11749515490795504, 0.5535695061206201, 0.18812300186399225]"
"[0.10399317480996069, 0.2217576913824176, 0.6669284263741133, 0.2820512510125521]",stable,0.37899295057063687,3502,"[0.15542656929306736, 0.5850041249837343, 0.5981353398983787, 0.34770033511315995]"
"[0.44201206888936795, 0.5838954692532119, 0.3637138610619673, 0.30122445745415893]",stable,0.38029258031196855,3503,"[0.1484535461283768, 0.6228484710192259, 0.37313019244792284, 0.06281339078281822]"
"[0.1412289744306238, 0.4502574291747565, 0.3906565559142161, 0.2867250586747632]",stable,0.3638201064585501,3504,"[0.2730197866496653, 0.5024628965185245, 0.7021234990243186, 0.41025312919811846]"
"[0.32022384417209687, 0.4241097379716274, 0.37738739641940794, 0.49888243174338737]",stable,0.43107018868262387,3505,"[0.0, 0.5396428477056582, 0.5034830262435193, 0.2664384817490658]"
"[0.32022384417209687, 0.4241097379716274, 0.37738739641940794, 0.49888243174338737]",stable,0.3101378531122186,3506,"[0.27066998903001016, 0.2641885517838891, 0.22666916221896202, 0.28571786747104067]"
"[0.051774367346781154, 0.566505160581183, 0.18992224486443637, 0.3952070385940966]",stable,0.5124073872260949,3507,"[0.08301272043598137, 0.42235325514754607, 0.6472330852335553, 0.5731747862926325]"
"[0.34474280667177243, 0.2632409443842122, 0.7057041771617953, 0.4123089127577107]",stable,0.8014691696609708,3508,"[0.05933803581535718, 0.46821853343730274, 0.005197893573097356, 0.24446350374043618]"
"[0.13980241913334476, 0.4511603121902201, 0.39179621723067376, 0.28652014375632184]",stable,0.3242695953931546,3509,"[0.0, 0.6916609074312365, 0.2474177653637974, 0.36970896768204903]"
"[0.13980241913334476, 0.4511603121902201, 0.39179621723067376, 0.28652014375632184]",stable,0.47000713625403007,3510,"[0.2489333367572143, 0.7494505526082728, 0.04634902771338112, 0.31271790461924026]"
"[0.13980241913334476, 0.4511603121902201, 0.39179621723067376, 0.28652014375632184]",stable,0.30632050614809747,3511,"[0.0069315525985980675, 0.6036761138596792, 0.3081967717444103, 0.5008275124318847]"
"[0.13980241913334476, 0.4511603121902201, 0.39179621723067376, 0.28652014375632184]",stable,0.5062449798525969,3512,"[0.2520585512114635, 0.8251123308082613, 0.3333343900671635, 0.6034186179921759]"
"[0.13980241913334476, 0.4511603121902201, 0.39179621723067376, 0.28652014375632184]",stable,0.43715960736954446,3513,"[0.30105041328825055, 0.7797844555082005, 0.4638803054469932, 0.5143746222092569]"
"[0.2185861600385123, 0.6962044845476716, 0.5515927469703249, 0.23786543244524916]",stable,0.48639563793459584,3514,"[0.13791336449598762, 0.6151428739255603, 0.0802138591338355, 0.2017603629045317]"
"[0.13980241913334476, 0.4511603121902201, 0.39179621723067376, 0.28652014375632184]",stable,0.49611134846771426,3515,"[0.13749927916134563, 0.8741699901189048, 0.14469048138052418, 0.2082722472136688]"
"[0.1130586299621795, 0.7445033938937509, 0.33898887877168815, 0.2759125666867431]",stable,0.2776151672197838,3516,"[0.23327273273763016, 0.7213857322598548, 0.5858265252245197, 0.2419199119129608]"
"[0.44201206888936795, 0.5838954692532119, 0.3637138610619673, 0.30122445745415893]",stable,0.6460274071681932,3517,"[0.09064465821922105, 0.8288353257352411, 0.8397089358492449, 0.21563526995812227]"
"[0.5303224660867983, 0.3881958056507644, 0.8172610016288441, 0.5922110021250013]",anomaly,0.562157948385903,3518,"[0.084712435397467, 0.1810858766348413, 0.5492947801171589, 0.5397434796537569]"
"[0.5303224660867983, 0.3881958056507644, 0.8172610016288441, 0.5922110021250013]",stable,0.5183074585128246,3519,"[0.28188303703216383, 0.47288322417495393, 0.3746190276536639, 0.5304324001652997]"
"[0.3637296598675135, 0.47806718303388385, 0.6175816273688761, 0.3144211936569546]",stable,0.3738172098350809,3520,"[0.01035115264810299, 0.43992917135378384, 0.689770140864215, 0.22388254120018464]"
"[0.10380283492538749, 0.5834288941697937, 0.4814430161792056, 0.45906617173659187]",stable,0.4842525230247953,3521,"[0.14379125537366064, 0.5349274287610268, 0.9207139515022222, 0.2651845441398122]"
"[0.5303224660867983, 0.3881958056507644, 0.8172610016288441, 0.5922110021250013]",stable,0.5135002060484133,3522,"[0.06043537717615019, 0.33003508999345615, 0.6827407726409651, 0.44588867151850103]"
"[0.10306641315817748, 0.22406146582095035, 0.6672648592734081, 0.28553715357650844]",stable,0.43212824588229254,3523,"[0.2470153492196855, 0.5360480285297998, 0.889006948854897, 0.1458648403099952]"
"[0.5303224660867983, 0.3881958056507644, 0.8172610016288441, 0.5922110021250013]",stable,0.3842382747222363,3524,"[0.2017941118983589, 0.3141070650380926, 0.6486508903974886, 0.5161211791475873]"
"[0.34474280667177243, 0.2632409443842122, 0.7057041771617953, 0.4123089127577107]",stable,0.3565699215513097,3525,"[0.10533312507448729, 0.24000252503539704, 0.9224529296602997, 0.2629601013493021]"
"[0.34474280667177243, 0.2632409443842122, 0.7057041771617953, 0.4123089127577107]",stable,0.4687223524980763,3526,"[0.0, 0.549771753165302, 0.6521089045013456, 0.5383274960980515]"
"[0.44201206888936795, 0.5838954692532119, 0.3637138610619673, 0.30122445745415893]",stable,0.5766175886136404,3527,"[0.6772644201754399, 0.3410831543859058, 0.7427465972896787, 0.5742089612808385]"
"[0.36239102298271575, 0.605986712060522, 0.8761448590668379, 0.48547004217170936]",stable,0.413396200990209,3528,"[0.17737240685385758, 0.7654600360873159, 0.5506955243367302, 0.5583776558103066]"
"[0.5319196612399357, 0.3876837116152768, 0.8164510624512445, 0.5920153277679996]",stable,0.5796721831958703,3529,"[0.362759824128723, 0.5593643214465404, 0.650054421148484, 0.09177267119950921]"
"[0.3198070962684019, 0.42463988456079405, 0.3773573054545629, 0.499225366182756]",stable,0.4969696902877024,3530,"[0.3890026166085934, 0.39799497824475005, 0.8644423356490857, 0.43419402483633235]"
"[0.39230737486107453, 0.35825630829905275, 0.9133455313724822, 0.34560768465701164]",stable,0.18461128741087815,3531,"[0.45310838503131534, 0.3739951313926023, 1.0, 0.49603327129802366]"
"[0.5319196612399357, 0.3876837116152768, 0.8164510624512445, 0.5920153277679996]",stable,0.3213350664968452,3532,"[0.48215079261452254, 0.4032620168295365, 1.0, 0.33346864222039346]"
"[0.3931241332042877, 0.3586654511038753, 0.914133299269096, 0.3454973297257697]",stable,0.3682249808967596,3533,"[0.49272494314577253, 0.4759203314158345, 0.9078205958477006, 0.6799831411348051]"
"[0.36239102298271575, 0.605986712060522, 0.8761448590668379, 0.48547004217170936]",stable,0.2947453634516149,3534,"[0.20661144178785704, 0.5626387546645869, 1.0, 0.2724244836331523]"
"[0.531498212658278, 0.38863249247334736, 0.8174335305522816, 0.5929612182343094]",stable,0.09915671236532685,3535,"[0.45752295963805506, 0.3678200060954431, 0.7916997527982166, 0.5358269146945961]"
"[0.36239102298271575, 0.605986712060522, 0.8761448590668379, 0.48547004217170936]",stable,0.09816229104959658,3536,"[0.39695795885197993, 0.5651390941790401, 0.8604235211821023, 0.4046908742059628]"
"[0.5314086287232712, 0.5002396969114709, 0.6086914946905406, 0.5547824725472321]",stable,0.18148514169837188,3537,"[0.40562107174742335, 0.48839649716218614, 0.6650260492717551, 0.6722580178626749]"
"[0.5304181755187369, 0.5001464433701379, 0.6091350738604715, 0.5557074768410545]",stable,0.584161592707884,3538,"[0.11907926701606643, 0.7109377535465269, 0.28738137050018453, 0.4005087440018161]"
"[0.11312200508906253, 0.7441500713637801, 0.3384456418425144, 0.2772241053953228]",stable,0.09285452835172814,3539,"[0.13873151966863542, 0.6607112536899846, 0.3698867692954779, 0.27328260718954467]"
"[0.11338877086593308, 0.7432809170130114, 0.3387731535868161, 0.2771830481223459]",stable,0.34449317044885597,3540,"[0.2152797326055343, 0.5189049860726571, 0.1771156310872839, 0.45555362707427477]"
"[0.13980241913334476, 0.4511603121902201, 0.39179621723067376, 0.28652014375632184]",stable,0.3248463399438447,3541,"[0.09005504949436102, 0.6631858188407039, 0.38186492805320943, 0.5273455946824925]"
"[0.44201206888936795, 0.5838954692532119, 0.3637138610619673, 0.30122445745415893]",stable,0.28733663618962957,3542,"[0.28937435917410503, 0.6226489464848102, 0.5910911386109299, 0.3790821078588091]"
"[0.5307112418814671, 0.3884110830437952, 0.8171597669591534, 0.5923534064945252]",stable,0.6285598666055522,3543,"[0.13529978689686825, 0.6884463756978256, 0.7458627490499284, 0.21336416446592338]"
"[0.5307112418814671, 0.3884110830437952, 0.8171597669591534, 0.5923534064945252]",stable,0.5110405662516363,3544,"[0.5217688027243879, 0.763052637958717, 0.48474110019798894, 0.49123946850190975]"
"[0.21877940441613228, 0.6965358167544109, 0.552043191421038, 0.23791878085929802]",stable,0.47628225374351146,3545,"[0.397041393887903, 0.5461777930091467, 0.7709092386139245, 0.590845921246864]"
"[0.5304181755187369, 0.5001464433701379, 0.6091350738604715, 0.5557074768410545]",stable,0.36166542849420097,3546,"[0.2649185801079388, 0.2871039295359828, 0.7299424178501976, 0.5738821829450964]"
"[0.34474280667177243, 0.2632409443842122, 0.7057041771617953, 0.4123089127577107]",stable,0.45396039473578376,3547,"[0.5805332424542071, 0.6027997496888976, 0.7841884023200363, 0.5826701598873424]"
"[0.6508895738932258, 0.6593365765692918, 0.9019592004891507, 0.6388114086311678]",stable,0.5226889832923753,3548,"[0.5854698746219981, 0.5739780093656516, 0.39045402017875297, 0.6381775923735897]"
"[0.6083854643883456, 0.6170914992301121, 0.4047513975979407, 0.6548431779346365]",stable,0.13100890710197086,3549,"[0.6429649522088536, 0.6882270939499974, 0.34024408352799485, 0.5727083719297901]"
"[0.6086378694089333, 0.6176107371477754, 0.4042805412908608, 0.6542436538032144]",stable,0.10331073262802216,3550,"[0.5845425841130861, 0.6713179446258896, 0.4372388493840166, 0.5760016542429409]"
"[0.6084632658922966, 0.6179999198106603, 0.4045193696103764, 0.653676682791908]",stable,0.7210679692815601,3551,"[0.020732890714112273, 0.2532386264926198, 0.5013999032316694, 0.47458066519534764]"
"[0.10135113144059278, 0.22466932333494347, 0.6638093393558718, 0.2894755600685676]",stable,0.374471519722258,3552,"[0.3438128168761863, 0.4659900183961294, 0.7394515911789554, 0.4217019645918248]"
"[0.3198070962684019, 0.42463988456079405, 0.3773573054545629, 0.499225366182756]",stable,0.41114489159222745,3553,"[0.35365339055210565, 0.15604817319011108, 0.6401798245252941, 0.33589329248647215]"
"[0.3448346683612604, 0.2621358642688091, 0.7050286683717283, 0.41152112285800724]",stable,0.29766520647403594,3554,"[0.39877041730439533, 0.3330208476090295, 0.6930781857220761, 0.6952957081056481]"
"[0.3632351364799652, 0.6047591933174384, 0.8746697742090617, 0.4857700020632875]",stable,0.638476723743456,3555,"[0.18875763864454714, 0.0, 0.7825689392027023, 0.43105360780670643]"
"[0.14384207634371707, 0.3176261844765049, 0.9486141084729406, 0.47805060694257356]",stable,0.21099302894198071,3556,"[0.2893818063737959, 0.1763572704826497, 1.0, 0.5052320222083264]"
"[0.3931241332042877, 0.3586654511038753, 0.914133299269096, 0.3454973297257697]",anomaly,0.4500196777979931,3557,"[0.027628524575159297, 0.34930600000639345, 1.0, 0.09756592619048576]"
"[0.3931241332042877, 0.3586654511038753, 0.914133299269096, 0.3454973297257697]",stable,0.3794707715100249,3558,"[0.7420257772600243, 0.2523109517870026, 0.8200297247021836, 0.3913115953469106]"
"[0.5293223910964453, 0.3878280279339555, 0.8158536450513946, 0.5934370096693791]",stable,0.46285174087029257,3559,"[0.5294162856383426, 0.19974098701125545, 0.5938302071971729, 0.2334917592620281]"
"[0.3931241332042877, 0.3586654511038753, 0.914133299269096, 0.3454973297257697]",stable,0.3382880644333735,3560,"[0.6159593061561193, 0.3312203791063026, 0.7623150511532157, 0.5479356852705592]"
"[0.3632351364799652, 0.6047591933174384, 0.8746697742090617, 0.4857700020632875]",stable,0.5956478732717314,3561,"[0.25064245208458347, 0.12358595361942448, 0.5421499447605996, 0.48106332851799705]"
"[0.34387352329721266, 0.260722089670346, 0.7033666405797779, 0.4122307372014765]",stable,0.24135924779189535,3562,"[0.24673866099077668, 0.1398882522941099, 0.6236844996127484, 0.24529049287667917]"
"[0.36354803657420814, 0.47866909584931777, 0.6189237383044387, 0.3134179958176278]",stable,0.39730748028074064,3563,"[0.3719786430472046, 0.09797770555245033, 0.6333439966386811, 0.42588256919493817]"
"[0.3441574133956975, 0.25907820700248846, 0.7026593411460296, 0.4123686344943398]",stable,0.6072910152638412,3564,"[0.5986926665649591, 0.7498791804087392, 0.4943234106293173, 0.552813380474598]"
"[0.6707687162182551, 0.7949364870617845, 0.4297554198648399, 0.4872988620339819]",stable,0.27542191889960727,3565,"[0.6702572268076332, 0.7761267280681601, 0.5848963868642588, 0.7140904957289038]"
"[0.6707687162182551, 0.7949364870617845, 0.4297554198648399, 0.4872988620339819]",stable,0.2103110171712742,3566,"[0.7399717528780086, 0.6083196603993741, 0.3724099503418441, 0.523731276067694]"
"[0.9172916157802476, 0.6844049742433475, 0.19359848432846705, 0.5656973958559617]",stable,0.4190459467183672,3567,"[0.9424594225944674, 0.7874529840093903, 0.5602265180899663, 0.7387034058807272]"
"[0.9181964480292194, 0.8439782975418441, 0.3898870599369577, 0.6700216656515846]",stable,0.48120965234794993,3568,"[0.8427892202905266, 0.42535952568300606, 0.4293908724845539, 0.8915487569050073]"
"[0.9191547944505265, 0.6307857227165158, 0.6168362414013427, 0.6232630327793142]",stable,0.25218589526222907,3569,"[1.0, 0.4010958469077702, 0.5513658378887831, 0.6190244335129275]"
"[0.9181964480292194, 0.8439782975418441, 0.3898870599369577, 0.6700216656515846]",stable,0.26910580976515114,3570,"[1.0, 0.8206267583196237, 0.45323591502023586, 0.42270053046513834]"
"[0.9188405704856822, 0.8437944271542674, 0.39038586981950324, 0.6680742551383055]",stable,0.4234332983516556,3571,"[1.0, 0.4882099951459083, 0.17742669994606503, 0.6377921014173209]"
"[0.8855305779642917, 0.6319327046422587, 0.3545379407026782, 0.9135843031259916]",stable,0.3245657170805854,3572,"[0.8520140895649633, 0.7726811476023199, 0.4165870006953134, 0.6297545307839044]"
"[0.9183184886034891, 0.8432388546577678, 0.3905905661544705, 0.6677748822917867]",stable,0.359133223892811,3573,"[0.7661968434162392, 0.528091107551706, 0.4095573623553802, 0.7462467607261353]"
"[0.8855305779642917, 0.6319327046422587, 0.3545379407026782, 0.9135843031259916]",stable,0.32328033857522304,3574,"[0.7367716099486008, 0.6412330607706833, 0.23922238146469849, 0.6509119370161666]"
"[0.9276201994427554, 0.7698113405671014, 0.5259600666761656, 0.8531531109544157]",stable,0.368742304513088,3575,"[0.6669367854906384, 0.7612108081793845, 0.5586471678801868, 0.594555684274609]"
"[0.6707147453629366, 0.7944614775000607, 0.43157079659745046, 0.4888095215021598]",stable,0.3398900902658997,3576,"[0.8007608472590086, 0.7652382995854697, 0.5244596162939577, 0.7873576045483583]"
"[0.9183184886034891, 0.8432388546577678, 0.3905905661544705, 0.6677748822917867]",stable,0.6350047752119361,3577,"[0.6084063784695147, 0.36398954677806783, 0.6682653375157125, 0.6878340642436872]"
"[0.7569719193576545, 0.49658152353735135, 0.45564072352204377, 0.4732451654095359]",stable,0.4454409208533568,3578,"[0.5316652771811924, 0.43803871517541715, 0.7201522803999666, 0.745753709915886]"
"[0.3632351364799652, 0.6047591933174384, 0.8746697742090617, 0.4857700020632875]",stable,0.2587022175403544,3579,"[0.2687025473150908, 0.4470052784864459, 0.7054541418595542, 0.41891045472609556]"
"[0.3198070962684019, 0.42463988456079405, 0.3773573054545629, 0.499225366182756]",stable,0.45879880795827865,3580,"[0.49234043249115717, 0.4499423577059657, 0.7780356306086649, 0.3594210075946748]"
"[0.39401797373840364, 0.359487765577768, 0.912907194146029, 0.34562276826512917]",stable,0.649690727855761,3581,"[0.5157908248746268, 0.5104109977329611, 0.3067740895733581, 0.4763677571741843]"
"[0.3749343231847242, 0.8160579672971345, 0.49775648963947833, 0.4658912363354862]",stable,0.44446232401652397,3582,"[0.1756824594300116, 0.4527658643602054, 0.3808320298769959, 0.35546944992828167]"
"[0.3198070962684019, 0.42463988456079405, 0.3773573054545629, 0.499225366182756]",stable,0.333477443938634,3583,"[0.4490952241305354, 0.6297253148715269, 0.6051859437406886, 0.5221570791737349]"
"[0.5302397086340167, 0.3877620798763659, 0.8143150887776873, 0.5945381991111078]",stable,0.5196814283454857,3584,"[0.27136878902536765, 0.5727448552514156, 0.41355010400511083, 0.5038550488407467]"
"[0.3627304030461123, 0.47839613190653435, 0.6196696900592241, 0.31432741356683874]",stable,0.1789361340803135,3585,"[0.38229595255731497, 0.48635133381199086, 0.752390954078758, 0.19618719944974308]"
"[0.319286254255036, 0.4262324111273598, 0.37774647533145056, 0.4992751477167129]",stable,0.3161987350806385,3586,"[0.2980769310256109, 0.5211540333371325, 0.38544373337054955, 0.19850539769106568]"
"[0.3004284551803616, 0.7104437091418722, 0.26691801511340646, 0.4394451641435457]",stable,0.32356431317687934,3587,"[0.19103992197159853, 0.4644062944789514, 0.19469082324429066, 0.2751988950694846]"
"[0.049654045593771914, 0.5680299242236753, 0.18970904715224582, 0.3935255830720033]",stable,0.3853103675231979,3588,"[0.18675133371230446, 0.4455791238409239, 0.3300080915052924, 0.08532046865848264]"
"[0.049654045593771914, 0.5680299242236753, 0.18970904715224582, 0.3935255830720033]",stable,0.4163313513942034,3589,"[0.27872180496085, 0.2641442902362727, 0.35596319423569867, 0.42306937778253617]"
"[0.36289762996501146, 0.47846412508521347, 0.6208040598371688, 0.31331766814703454]",stable,0.17514992126672116,3590,"[0.38250379273279633, 0.30474038128414827, 0.6128322078766297, 0.320360658798942]"
"[0.3445408771890685, 0.25953482874530504, 0.7017610698133356, 0.4114485547373858]",stable,0.524104496710786,3591,"[0.5096839189602349, 0.5511314250229802, 0.4726904824326871, 0.7429774226559913]"
"[0.6077526231086128, 0.6175188515028353, 0.4050098092709686, 0.6543191341578367]",stable,0.6201004550682936,3592,"[0.3415997826455594, 0.2631988033568867, 0.8336588378326312, 0.587952322539762]"
"[0.5302397086340167, 0.3877620798763659, 0.8143150887776873, 0.5945381991111078]",stable,0.2802614111527648,3593,"[0.2952229291399038, 0.4648667464620961, 0.8973299638099218, 0.4921811141016153]"
"[0.5304181755187369, 0.5001464433701379, 0.6091350738604715, 0.5557074768410545]",stable,0.3470556789392868,3594,"[0.4143986974883098, 0.6244169343873306, 0.80225430861831, 0.3227934771964448]"
"[0.5304181755187369, 0.5001464433701379, 0.6091350738604715, 0.5557074768410545]",stable,0.44409475488603767,3595,"[0.20096525859003855, 0.27530648051533857, 0.8031128105321272, 0.5333343763930554]"
"[0.3445408771890685, 0.25953482874530504, 0.7017610698133356, 0.4114485547373858]",stable,0.6446961117514628,3596,"[0.5036944889753867, 0.7954023914240819, 0.8638384519611437, 0.6887211315055277]"
"[0.6847733033438329, 0.7207738580267237, 0.6943476855429187, 0.4807048734313302]",stable,0.25932416254136575,3597,"[0.6947963295645373, 0.509105355650401, 0.5733158449564277, 0.3929763211283844]"
"[0.9172916157802476, 0.6844049742433475, 0.19359848432846705, 0.5656973958559617]",stable,1.0304226628569522,3598,"[0.371955458998571, 0.3550427585616266, 1.0, 0.490754306516884]"
"[0.3938209869996551, 0.35944807801512385, 0.913684808484011, 0.3469185855709484]",stable,0.5850611734213119,3599,"[0.15598060008037584, 0.5797455302920346, 0.4338809215621261, 0.2633375493835257]"
"[0.31885471756041694, 0.42450806941575253, 0.377514738298517, 0.4984644480365621]",stable,0.5762458165535994,3600,"[0.09457439513808424, 0.5251095986511052, 0.8600935485412557, 0.6953263343677418]"
"[0.3445408771890685, 0.25953482874530504, 0.7017610698133356, 0.4114485547373858]",stable,0.3168218948650434,3601,"[0.21450833106450848, 0.4837691260593523, 0.5766249703732084, 0.5438403465495176]"
"[0.3445408771890685, 0.25953482874530504, 0.7017610698133356, 0.4114485547373858]",stable,0.31078388755954,3602,"[0.27968123605599043, 0.41423344879200874, 0.44580754360746133, 0.4656332490442983]"
"[0.36289762996501146, 0.47846412508521347, 0.6208040598371688, 0.31331766814703454]",stable,0.28310956735635145,3603,"[0.21722289825207136, 0.47739424608782904, 0.8463639309615412, 0.40304781673908197]"
"[0.5302397086340167, 0.3877620798763659, 0.8143150887776873, 0.5945381991111078]",anomaly,0.7782353640351783,3604,"[0.5745971757913295, 0.8357552674363258, 0.2606578045472687, 0.2839767519531928]"
"[0.5302397086340167, 0.3877620798763659, 0.8143150887776873, 0.5945381991111078]",stable,0.669594854035491,3605,"[0.17736784748646245, 0.39256177255366764, 0.2453391431360776, 0.5854798111468409]"
"[0.36289762996501146, 0.47846412508521347, 0.6208040598371688, 0.31331766814703454]",stable,0.4658848562800838,3606,"[0.18443517578908863, 0.8099914408309754, 0.39048462291729036, 0.4624566893720009]"
"[0.4407035676360611, 0.5833250925630658, 0.36391140535568167, 0.300290647819949]",stable,0.48990359584222815,3607,"[0.0618776752786815, 0.47082991534854624, 0.15662907803542916, 0.5024671755944505]"
"[0.1403178470664507, 0.4524493297176637, 0.3921043411611468, 0.28697327951670965]",stable,0.5153755304785099,3608,"[0.10376270020098055, 0.830238088046655, 0.34170183515940405, 0.6319528443066154]"
"[0.4407035676360611, 0.5833250925630658, 0.36391140535568167, 0.300290647819949]",stable,0.3628439115467955,3609,"[0.19080077956211589, 0.5140916604701448, 0.43171641160621455, 0.5448586622197222]"
"[0.4407035676360611, 0.5833250925630658, 0.36391140535568167, 0.300290647819949]",stable,0.34510268950702694,3610,"[0.3451632531493227, 0.6444602742736741, 0.6841580601749664, 0.36089167295176805]"
"[0.31697283889814215, 0.4240682681919419, 0.3768492925708764, 0.49902886641279137]",stable,0.5110497378378853,3611,"[0.41279871457624656, 0.7429927401515325, 0.7577578830872389, 0.571036247637428]"
"[0.5302397086340167, 0.3877620798763659, 0.8143150887776873, 0.5945381991111078]",stable,0.28997044523640325,3612,"[0.6715103908339598, 0.6126964009717699, 0.9306318771711674, 0.5938983612123421]"
"[0.6512714408736097, 0.6584728696137822, 0.9024901759832621, 0.6379796855308192]",stable,0.29406175191571654,3613,"[0.45650665120099093, 0.5623054148721858, 0.777021627434281, 0.48452462821091197]"
"[0.5304181755187369, 0.5001464433701379, 0.6091350738604715, 0.5557074768410545]",stable,0.4194728843913755,3614,"[0.7671917815361582, 0.8324172279181662, 0.6775468851097559, 0.4863409860075311]"
"[0.5304181755187369, 0.5001464433701379, 0.6091350738604715, 0.5557074768410545]",stable,0.3423176807247287,3615,"[0.25911517563107217, 0.5239343739605694, 0.8121547596161832, 0.5133610679899142]"
"[0.5304181755187369, 0.5001464433701379, 0.6091350738604715, 0.5557074768410545]",stable,0.3887530199072925,3616,"[0.5272763431797749, 0.24569352421386742, 0.8850466693097194, 0.4544872080896989]"
"[0.5302397086340167, 0.3877620798763659, 0.8143150887776873, 0.5945381991111078]",stable,0.2698184428669021,3617,"[0.2762561121616364, 0.3277798416875821, 0.80077504697274, 0.5273584164093226]"
"[0.3445408771890685, 0.25953482874530504, 0.7017610698133356, 0.4114485547373858]",stable,0.5012895705965158,3618,"[0.3811454098070258, 0.6598470225524804, 1.0, 0.38397074931081476]"
"[0.5304181755187369, 0.5001464433701379, 0.6091350738604715, 0.5557074768410545]",stable,0.3788252919211584,3619,"[0.6323365588675418, 0.6332176888075649, 0.7112689918669207, 0.8797166609162916]"
"[0.6707147453629366, 0.7944614775000607, 0.43157079659745046, 0.4888095215021598]",stable,0.2690039247430842,3620,"[0.6822442881002772, 0.5947158748068647, 0.5656015171272251, 0.3689444251210527]"
"[0.9172916157802476, 0.6844049742433475, 0.19359848432846705, 0.5656973958559617]",stable,0.5316860605608654,3621,"[0.6941876527477937, 0.4881504587116122, 0.5680045034384097, 0.7985471041692743]"
"[0.7552389671924584, 0.4979822600358648, 0.4585221908010256, 0.4709088415542241]",stable,0.4618786631038403,3622,"[0.7239654109748113, 0.6219619407744845, 0.3038315666977873, 0.8869060935771107]"
"[0.9264563521750147, 0.7697693860626829, 0.5259463010763288, 0.8525494824552776]",stable,0.20616251377217226,3623,"[0.9301829968705647, 0.8548771133069994, 0.38787613888575456, 0.7253394227895822]"
"[0.9184104615357921, 0.8433290737170642, 0.39056952408261997, 0.6682211190398317]",stable,0.2318147583515588,3624,"[1.0, 1.0, 0.3111209239171288, 0.5408501247272334]"
"[0.9190380733701321, 0.8445342346884713, 0.3899583810044239, 0.667241342160504]",stable,0.32035678103712295,3625,"[1.0, 0.6488518402895571, 0.14990153239840598, 0.6548017460053959]"
"[0.9190380733701321, 0.8445342346884713, 0.3899583810044239, 0.667241342160504]",stable,0.4158372908996393,3626,"[0.7463452596190957, 0.6568609254375342, 0.337258774626111, 0.3430510815667069]"
"[0.67176516917205, 0.7925503587214144, 0.43026090740340406, 0.4867850987252785]",stable,0.37190865731640305,3627,"[1.0, 0.9013535487548014, 0.3162018077139495, 0.5624840606390755]"
"[0.919656103344406, 0.8449679699103517, 0.3893953537273974, 0.6664416682557602]",stable,0.41141871661010787,3628,"[0.6491893572856358, 0.6765887624219146, 0.6479374595403982, 0.6967322882697825]"
"[0.67176516917205, 0.7925503587214144, 0.43026090740340406, 0.4867850987252785]",stable,0.49198416961908953,3629,"[0.9928476712797744, 0.7656024333948547, 0.30402378419352016, 0.8364884702279207]"
"[0.9280876210081764, 0.5690470002711286, 0.3653712075442346, 0.6843761954244459]",stable,0.2512896501247563,3630,"[1.0, 0.6701255967471336, 0.5161128334822989, 0.8426012805138478]"
"[0.919656103344406, 0.8449679699103517, 0.3893953537273974, 0.6664416682557602]",stable,0.2628182133362093,3631,"[0.8443923085459181, 0.6130912836126519, 0.4764146559449376, 0.711934720988445]"
"[0.8835110133769233, 0.6318080700939115, 0.35390411102761704, 0.9132508255066305]",stable,0.25281104361620793,3632,"[0.7881123459777579, 0.7569966869866973, 0.3169608316545318, 0.7188915644913316]"
"[0.9271249307916055, 0.7688635334325414, 0.525856905916383, 0.8524590442558101]",stable,0.1261484173765891,3633,"[1.0, 0.8197506166431815, 0.5353629812283814, 0.9414690818300402]"
"[0.919656103344406, 0.8449679699103517, 0.3893953537273974, 0.6664416682557602]",stable,0.39017061197306835,3634,"[1.0, 0.5642598133307566, 0.6041040529793559, 0.8109445056426138]"
"[0.9201528834079274, 0.6279500452373955, 0.6160279648147678, 0.6232107043933094]",stable,0.24087540677476374,3635,"[0.9491732457986398, 0.5905713701156827, 0.3813033414946676, 0.597019751585095]"
"[0.8835110133769233, 0.6318080700939115, 0.35390411102761704, 0.9132508255066305]",stable,0.27677031683016257,3636,"[0.9684314063861925, 0.8074349799793508, 0.3002470472230591, 0.7243952109292894]"
"[0.9200256132159346, 0.8446836290775411, 0.3887199877690312, 0.6668807102457113]",stable,0.31988226033020123,3637,"[0.8467719602194348, 0.8900415785721295, 0.08079250321487247, 0.6759296588267186]"
"[0.92752356976789, 0.5696377088583907, 0.36651513170956007, 0.6838374754399832]",stable,0.3437318298370132,3638,"[0.7713290870263909, 0.648752147960564, 0.16153392633970265, 0.8970942816030828]"
"[0.9277814629466361, 0.7693219756236283, 0.5259425462345091, 0.8532609364862085]",anomaly,0.5652265706083004,3639,"[1.0, 0.6265350417233245, 0.0040756113038337705, 1.0]"
"[0.9277814629466361, 0.7693219756236283, 0.5259425462345091, 0.8532609364862085]",stable,0.5210214409056887,3640,"[0.7717014891463755, 0.5901552543765678, 0.1419116952107012, 0.5934110276514005]"
"[0.9200256132159346, 0.8446836290775411, 0.3887199877690312, 0.6668807102457113]",stable,0.2828930330370137,3641,"[0.9065276436892438, 0.7126433370853474, 0.6163823711672558, 0.5640144211341006]"
"[0.9200256132159346, 0.8446836290775411, 0.3887199877690312, 0.6668807102457113]",stable,0.3101643935447877,3642,"[0.8050105518313563, 0.9133172938089804, 0.11070971768913934, 0.6356846131605697]"
"[0.7547139307654892, 0.6746768905097349, 0.20557532524401279, 0.7584662379726193]",stable,0.23425997154046846,3643,"[0.9813891092941778, 0.6325798010424251, 0.19021368895209134, 0.7198922455172836]"
"[0.9200256132159346, 0.8446836290775411, 0.3887199877690312, 0.6668807102457113]",stable,0.5315952837098755,3644,"[0.8257325504610514, 0.4704525836792629, 0.2381044924420337, 1.0]"
"[0.9277814629466361, 0.7693219756236283, 0.5259425462345091, 0.8532609364862085]",stable,0.4722493951213268,3645,"[0.950166988284068, 0.548486737335536, 0.17034384689060478, 0.6357758979134568]"
"[0.9200256132159346, 0.8446836290775411, 0.3887199877690312, 0.6668807102457113]",stable,0.38719462740354355,3646,"[1.0, 0.7657038667850425, 0.14447733345780178, 0.3882564113916678]"
"[0.9200256132159346, 0.8446836290775411, 0.3887199877690312, 0.6668807102457113]",stable,0.43203779035301065,3647,"[0.926577814266048, 0.4782310214645999, 0.20000583815565978, 0.7961601636166498]"
"[0.8827976990199372, 0.6298160270517553, 0.35247448610680737, 0.9143218029695116]",stable,0.353806951145348,3648,"[0.8970710851030701, 0.37596263311200445, 0.5308831346184915, 0.7448979627049476]"
"[0.9199867219479435, 0.6289828902599315, 0.6160322868434568, 0.6224887984999045]",stable,0.4557493713418869,3649,"[0.6303988464534296, 0.6078239210448819, 0.6479880010804845, 0.27266386772101175]"
"[0.5304181755187369, 0.5001464433701379, 0.6091350738604715, 0.5557074768410545]",stable,0.30727522635495685,3650,"[0.7277761350793266, 0.32616715141797387, 0.5447848136573941, 0.41059320975063185]"
"[0.6968107884977002, 0.3737525868170558, 0.516968406096161, 0.7156917869068437]",stable,0.2431680289431548,3651,"[0.5445786793891466, 0.4929606362822243, 0.629857268381544, 0.6208149142187002]"
"[0.5305288044552245, 0.5000903042522635, 0.6092969660051674, 0.5562161286955674]",stable,0.5167660169315177,3652,"[0.13236873555416984, 0.6991575634418123, 0.8248938179494254, 0.4065301255474452]"
"[0.5302397086340167, 0.3877620798763659, 0.8143150887776873, 0.5945381991111078]",stable,0.3751079701294187,3653,"[0.36169668256656884, 0.5796146106186579, 0.5492690018067473, 0.6669427283051526]"
"[0.5305288044552245, 0.5000903042522635, 0.6092969660051674, 0.5562161286955674]",stable,0.2950288081554458,3654,"[0.4672499240681409, 0.2510468991253908, 0.748086094522326, 0.5980818796961166]"
"[0.36312264430602803, 0.6025933832674093, 0.8736974959151926, 0.4831031173103364]",stable,0.40878191085235277,3655,"[0.1639224032406305, 0.43255322813537994, 1.0, 0.19577762643949315]"
"[0.5295969557302832, 0.38636702701156006, 0.813639282713857, 0.5945743591170773]",stable,0.1489507916720096,3656,"[0.6050386801617336, 0.3499847077699829, 0.8066620986416525, 0.4716006615083852]"
"[0.5295969557302832, 0.38636702701156006, 0.813639282713857, 0.5945743591170773]",stable,0.26230680774186166,3657,"[0.4473903392728838, 0.6278824378767248, 0.8521066114101765, 0.5472720913495382]"
"[0.5305288044552245, 0.5000903042522635, 0.6092969660051674, 0.5562161286955674]",stable,0.4956963256405242,3658,"[0.24326009479480745, 0.11687981438736472, 0.7275216512455243, 0.5075932949558682]"
"[0.34353809716536293, 0.258122402860573, 0.7020161250750404, 0.4124004828583609]",stable,0.44645501879025073,3659,"[0.05531584050531896, 0.329398916194135, 0.5806903376778494, 0.10183692007570433]"
"[0.10356599247794805, 0.5832487588982183, 0.481608606842951, 0.46087495652566546]",stable,0.7427787871916554,3660,"[0.26391884577735275, 0.10043853897892999, 0.9952859157139125, 0.6312780170416705]"
"[0.5295969557302832, 0.38636702701156006, 0.813639282713857, 0.5945743591170773]",stable,0.510342438397376,3661,"[0.22587594127265131, 0.07974958149783934, 0.7844999427925592, 0.3237615256290795]"
"[0.146395404940736, 0.31514778247661274, 0.9495156153418364, 0.4785274738770604]",stable,0.43775324274237404,3662,"[0.369447544049915, 0.12828493314810785, 0.7438236293490924, 0.2242663340827996]"
"[0.34353809716536293, 0.258122402860573, 0.7020161250750404, 0.4124004828583609]",stable,0.5221249073251545,3663,"[0.13221474979487063, 0.5681516225160115, 0.9688457078456835, 0.1661471205996582]"
"[0.5295969557302832, 0.38636702701156006, 0.813639282713857, 0.5945743591170773]",stable,0.43031717588645957,3664,"[0.19943654081862922, 0.41726860054149306, 0.5775549533222188, 0.45501700726008165]"
"[0.34353809716536293, 0.258122402860573, 0.7020161250750404, 0.4124004828583609]",stable,0.31974237880102685,3665,"[0.19607142971211944, 0.4772748506471183, 0.8820497655735857, 0.40541022466714066]"
"[0.5295969557302832, 0.38636702701156006, 0.813639282713857, 0.5945743591170773]",stable,0.5232268297018823,3666,"[0.21507493269366193, 0.46624223058873554, 0.40774845539144833, 0.533625195924553]"
"[0.36274733863606495, 0.47987087211223434, 0.6213409581451163, 0.313720837679278]",stable,0.2246206200292079,3667,"[0.4892029137042613, 0.5956987560894279, 0.504852315796615, 0.40019457920609247]"
"[0.3004284551803616, 0.7104437091418722, 0.26691801511340646, 0.4394451641435457]",stable,0.3805235846661589,3668,"[0.3580824039881869, 0.49749371108972845, 0.5759612864168377, 0.41456996634103926]"
"[0.3159223450197455, 0.42450305130943455, 0.3771678406411916, 0.49938552960363425]",stable,0.3279580378665896,3669,"[0.27482647947670436, 0.5255402670601433, 0.6858081098411186, 0.47937878828694275]"
"[0.34353809716536293, 0.258122402860573, 0.7020161250750404, 0.4124004828583609]",stable,0.3292598254680383,3670,"[0.0721064244619162, 0.37185867415998086, 0.5544485444036616, 0.4173753644002284]"
"[0.36270813750457015, 0.48001896319607884, 0.620959616365887, 0.3145683093487046]",stable,0.2928071957650877,3671,"[0.1146117651226183, 0.537009221035242, 0.4945760642075519, 0.38502079090895436]"
"[0.44114049868172056, 0.5834365670092492, 0.36518114328758194, 0.3011906832378422]",stable,0.45353902992544226,3672,"[0.10574555570946008, 0.8338126610366037, 0.4411592347735543, 0.45850255516141925]"
"[0.44114049868172056, 0.5834365670092492, 0.36518114328758194, 0.3011906832378422]",stable,0.2848063330661587,3673,"[0.39991407433036197, 0.8641627552674667, 0.37986030922807307, 0.28138263933904156]"
"[0.21877940441613228, 0.6965358167544109, 0.552043191421038, 0.23791878085929802]",stable,0.2809529079213044,3674,"[0.0, 0.5822453987347664, 0.4479391723198236, 0.3225955913130953]"
"[0.44114049868172056, 0.5834365670092492, 0.36518114328758194, 0.3011906832378422]",stable,0.42549152306520255,3675,"[0.12554159520609715, 0.8232074697227867, 0.3952959561235204, 0.14939022017820053]"
"[0.11351405771480075, 0.7441049020924936, 0.33935586289131814, 0.2758655962878702]",stable,0.46476528371013587,3676,"[0.34063815332965847, 0.9625673496552595, 0.3728370431106158, 0.6158282173351035]"
"[0.21877940441613228, 0.6965358167544109, 0.552043191421038, 0.23791878085929802]",stable,0.45412595685291157,3677,"[0.1876969788968415, 0.6285800619782517, 0.2438927695196165, 0.5630181508774337]"
"[0.1403178470664507, 0.4524493297176637, 0.3921043411611468, 0.28697327951670965]",stable,0.3182923287960309,3678,"[0.3349879904862856, 0.43988678401522824, 0.2528920011932496, 0.07750813044069171]"
"[0.04993831605156051, 0.5657694589009978, 0.188939745544878, 0.39605910847950204]",stable,0.24385709338470976,3679,"[0.206280468230192, 0.71008223549035, 0.30378588619451086, 0.42780182318932436]"
"[0.1403178470664507, 0.4524493297176637, 0.3921043411611468, 0.28697327951670965]",stable,0.5900176903389432,3680,"[0.10486206656261574, 0.6370737956952824, 0.8353660272637086, 0.6279962211757101]"
"[0.34353809716536293, 0.258122402860573, 0.7020161250750404, 0.4124004828583609]",stable,0.3833232531834977,3681,"[0.28671857804205925, 0.6194889948816935, 0.6337995333237278, 0.5044273346933128]"
"[0.5295969557302832, 0.38636702701156006, 0.813639282713857, 0.5945743591170773]",stable,0.5312829834250379,3682,"[0.5625806262647882, 0.7023529643637928, 0.47792772528215793, 0.33261191227117126]"
"[0.298250776620007, 0.7095781815543443, 0.2670637269606413, 0.4406233709412264]",stable,0.7277366978419949,3683,"[0.8986957602267884, 0.609085436331176, 0.6252553909785231, 0.6157417966794543]"
"[0.9200256132159346, 0.8446836290775411, 0.3887199877690312, 0.6668807102457113]",stable,0.3156573102670104,3684,"[0.8592599772684328, 0.5782806479627774, 0.5370703935599459, 0.7213663392476523]"
"[0.9200256132159346, 0.8446836290775411, 0.3887199877690312, 0.6668807102457113]",stable,0.40316711405600053,3685,"[0.8102838073287116, 0.528931021722441, 0.277065123359146, 0.47109015863782244]"
"[0.6968107884977002, 0.3737525868170558, 0.516968406096161, 0.7156917869068437]",anomaly,0.6036846130492259,3686,"[0.5687803021451108, 0.6476054958881766, 0.061413919923063276, 0.9716566300348843]"
"[0.6968107884977002, 0.3737525868170558, 0.516968406096161, 0.7156917869068437]",stable,0.2812296081370521,3687,"[0.7850534605591903, 0.5405010666955515, 0.31662569495775783, 0.7736664871845805]"
"[0.8827976990199372, 0.6298160270517553, 0.35247448610680737, 0.9143218029695116]",stable,0.4409312920864303,3688,"[0.5796693470259838, 0.5575774225929303, 0.31888739436733116, 0.6041813543776451]"
"[0.6075520282794511, 0.6170906984391931, 0.404394649164514, 0.6539610071594067]",stable,0.5122207788544739,3689,"[0.3838988525551006, 0.24235937453392664, 0.6683518144778146, 0.7014208116540503]"
"[0.3640802317488332, 0.6028807588879698, 0.8734521449549084, 0.48383231019714557]",stable,0.444531521121254,3690,"[0.726426799888525, 0.6976114807476871, 0.6510696507508927, 0.5726318284126255]"
"[0.5305288044552245, 0.5000903042522635, 0.6092969660051674, 0.5562161286955674]",stable,0.34416154488466705,3691,"[0.3508885889996293, 0.596814379319702, 0.6295475127670995, 0.2797908573713642]"
"[0.3159223450197455, 0.42450305130943455, 0.3771678406411916, 0.49938552960363425]",stable,0.3773954238204455,3692,"[0.5462774392315459, 0.6046958066412551, 0.6030751753513939, 0.4228330408044743]"
"[0.5306508868953511, 0.5009011996196201, 0.6092487350698668, 0.555182151270055]",stable,0.24635368939639987,3693,"[0.3443131480334485, 0.6543163203088673, 0.6542320671114346, 0.5349661195775344]"
"[0.5281252577184127, 0.3849124042592607, 0.8121717325296546, 0.5956536162134105]",stable,0.6547681497503727,3694,"[0.43756309297115953, 0.5772500491216774, 0.3425237187333322, 0.19197453854184465]"
"[0.298250776620007, 0.7095781815543443, 0.2670637269606413, 0.4406233709412264]",stable,0.45622790471412933,3695,"[0.1720118571625609, 0.5705075548311325, 0.5195676571883542, 0.7709395259449326]"
"[0.5306508868953511, 0.5009011996196201, 0.6092487350698668, 0.555182151270055]",stable,0.41223293510512005,3696,"[0.15125416932820168, 0.5815397822046708, 0.5322799018208599, 0.43870322102249787]"
"[0.44218353161864543, 0.5844341765620543, 0.3659783924684698, 0.3005022326567566]",stable,0.10828550268307136,3697,"[0.4237473819995925, 0.6078503363252125, 0.2681235422056617, 0.2649780124606846]"
"[0.298250776620007, 0.7095781815543443, 0.2670637269606413, 0.4406233709412264]",stable,0.4160794029014549,3698,"[0.13248641554205381, 0.6820123731047365, 0.4939851625712201, 0.13502390369659478]"
"[0.44202181100795196, 0.5846395814722575, 0.36512001658897153, 0.3001906166901244]",stable,0.33431266689814815,3699,"[0.14688522388609143, 0.7332674188028164, 0.37344924803448276, 0.3501880572704243]"
"[0.11385457981858943, 0.7439943155283132, 0.3397037545764525, 0.2766239887468759]",stable,0.41035166131007234,3700,"[0.2108389103657427, 0.3629660984188675, 0.44215641828677676, 0.2191481239572688]"
"[0.3159223450197455, 0.42450305130943455, 0.3771678406411916, 0.49938552960363425]",stable,0.46220889150916167,3701,"[0.03612146701226257, 0.5286501120922883, 0.6962721881757031, 0.3488055403247268]"
"[0.3159223450197455, 0.42450305130943455, 0.3771678406411916, 0.49938552960363425]",stable,0.7296444537229413,3702,"[0.11373216979401488, 0.03634978165689007, 0.9601562886902713, 0.46837471551882803]"
"[0.146395404940736, 0.31514778247661274, 0.9495156153418364, 0.4785274738770604]",stable,0.4772954382275477,3703,"[0.49093173472149476, 0.24794857634573064, 0.7042309420376668, 0.2677542579517985]"
"[0.3938209869996551, 0.35944807801512385, 0.913684808484011, 0.3469185855709484]",stable,0.43781761355492727,3704,"[0.0, 0.22773930155556327, 0.8854418258843828, 0.4827288395098601]"
"[0.3938209869996551, 0.35944807801512385, 0.913684808484011, 0.3469185855709484]",stable,0.22842469529145246,3705,"[0.18619299309863838, 0.38715013221641986, 1.0, 0.37608605845117654]"
"[0.14458866228339984, 0.31488666160913403, 0.9492852864469331, 0.4768623882873471]",stable,0.23680357713955627,3706,"[0.24023748724056287, 0.3202253484253541, 0.9001545796087855, 0.2659479305110579]"
"[0.34353809716536293, 0.258122402860573, 0.7020161250750404, 0.4124004828583609]",anomaly,0.3390840876463965,3707,"[0.5238177054084718, 0.0, 0.8167434898837506, 0.3605570816173787]"
"[0.34353809716536293, 0.258122402860573, 0.7020161250750404, 0.4124004828583609]",stable,0.30568632117649297,3708,"[0.3481716060890805, 0.22285443946101466, 1.0, 0.470576410799609]"
"[0.5281252577184127, 0.3849124042592607, 0.8121717325296546, 0.5956536162134105]",stable,0.45980749693351464,3709,"[0.43588018804673556, 0.6831206482598062, 0.9942239553797196, 0.3113252625041948]"
"[0.5306508868953511, 0.5009011996196201, 0.6092487350698668, 0.555182151270055]",stable,0.45374229219269874,3710,"[0.4867273179904891, 0.2748215871082177, 1.0, 0.5676017157205201]"
"[0.5281252577184127, 0.3849124042592607, 0.8121717325296546, 0.5956536162134105]",stable,0.17053202576045048,3711,"[0.5790221939569739, 0.44856495145722514, 0.6626018601607719, 0.5874146717265326]"
"[0.5310229738727481, 0.500498613095294, 0.6096591437244122, 0.5554300937351049]",stable,0.5073371748704447,3712,"[0.36796179128249795, 0.7911101380267678, 0.9062330307494388, 0.7970722482728914]"
"[0.6858135648042301, 0.7204086499018068, 0.6927590509207153, 0.4790559489812881]",stable,0.8359843661307398,3713,"[0.1352774145786551, 0.17125395407364424, 0.9838406503266965, 0.38168844800199875]"
"[0.14458866228339984, 0.31488666160913403, 0.9492852864469331, 0.4768623882873471]",stable,0.5216721389386222,3714,"[0.4762851626936453, 0.48276786291484675, 0.5963520320353359, 0.3800467266463571]"
"[0.3159223450197455, 0.42450305130943455, 0.3771678406411916, 0.49938552960363425]",stable,0.4915587909277321,3715,"[0.2303691793252341, 0.34761614625119747, 0.803752795642718, 0.28392235229741175]"
"[0.3923745108255452, 0.35934337065438116, 0.9127119588128492, 0.3463610967809171]",stable,0.29687287866161133,3716,"[0.10988535011311401, 0.43788974780085854, 0.9259167529515088, 0.39096468647655697]"
"[0.14401027374722838, 0.3169367130456628, 0.948895810888676, 0.475430759923834]",stable,0.4055965699852247,3717,"[0.433241733873364, 0.49436771479580255, 0.7296580551497597, 0.5115802569270845]"
"[0.5302765521933636, 0.5004518123449162, 0.6105751659490332, 0.5550953621564177]",stable,0.19329443924883888,3718,"[0.40609320373037455, 0.4328132086151691, 0.5623688807693056, 0.6777428634098225]"
"[0.5293357692504621, 0.4999393986802969, 0.6102099668188837, 0.556024509893186]",stable,0.27114603514155894,3719,"[0.6554494885733757, 0.4737994846345755, 0.5726969645889912, 0.7916619044826511]"
"[0.7555794858100278, 0.4962431693330091, 0.45734695074441434, 0.4701664426070636]",stable,0.23795935950023966,3720,"[0.763595984208888, 0.6862923043940018, 0.5910900114356661, 0.5207086280237043]"
"[0.5293357692504621, 0.4999393986802969, 0.6102099668188837, 0.556024509893186]",stable,0.4373643052588198,3721,"[0.7912281765304329, 0.7095618619198988, 0.6149928111294708, 0.8366228880590165]"
"[0.9200256132159346, 0.8446836290775411, 0.3887199877690312, 0.6668807102457113]",stable,0.30870844507436873,3722,"[0.8251473909175467, 0.8719964889794861, 0.6552424337507173, 0.5463866420695219]"
"[0.5293357692504621, 0.4999393986802969, 0.6102099668188837, 0.556024509893186]",stable,0.4199656128412274,3723,"[0.8661286339853825, 0.6438442956718411, 0.4051239712083378, 0.5691697470168562]"
"[0.8827976990199372, 0.6298160270517553, 0.35247448610680737, 0.9143218029695116]",stable,0.45954556610344527,3724,"[1.0, 0.7725332738073403, 0.31895429377525814, 0.49485317225336833]"
"[0.9200256132159346, 0.8446836290775411, 0.3887199877690312, 0.6668807102457113]",stable,0.3000347295745301,3725,"[1.0, 0.6247862930383739, 0.4412560917443528, 0.48657525888234887]"
"[0.8827976990199372, 0.6298160270517553, 0.35247448610680737, 0.9143218029695116]",stable,0.7180735524847818,3726,"[0.48652004507573915, 0.9750329384461003, 0.5054473716033, 0.4495441914682443]"
"[0.21765871624893646, 0.6963472006031164, 0.551289191046365, 0.23658248375328889]",stable,0.4810921840761751,3727,"[0.554966973734087, 0.7135563936076986, 0.5021141865187144, 0.5756377766147222]"
"[0.6071790846301932, 0.6177748523056364, 0.4050876955287282, 0.6534055232548345]",stable,0.4343829865802934,3728,"[0.42439594186799123, 0.6270456993323823, 0.1598999678208808, 0.34506167082826666]"
"[0.14100923003997318, 0.45157204313630295, 0.3925950477996334, 0.28630832701122494]",stable,0.5795574904163168,3729,"[0.3974690238011583, 0.5203836674954817, 0.04413373294668588, 0.6657222583390503]"
"[0.14100923003997318, 0.45157204313630295, 0.3925950477996334, 0.28630832701122494]",stable,0.6068212033622793,3730,"[0.39405243035053017, 0.8794107444207298, 0.12017313399481316, 0.5029681022091379]"
"[0.14100923003997318, 0.45157204313630295, 0.3925950477996334, 0.28630832701122494]",stable,0.40493809342572085,3731,"[0.40159794731567666, 0.37220972214885906, 0.3019736136441944, 0.5718915156182552]"
"[0.3635491083862572, 0.4810069327484953, 0.6208272222507687, 0.31482203633482286]",stable,0.21851934229170483,3732,"[0.2692965051548258, 0.6484106079067029, 0.5609032683048994, 0.3999823500185821]"
"[0.5281252577184127, 0.3849124042592607, 0.8121717325296546, 0.5956536162134105]",stable,0.5945108371695466,3733,"[0.23900539780921032, 0.5559992845224541, 0.33934546479025945, 0.46520269802745123]"
"[0.3635491083862572, 0.4810069327484953, 0.6208272222507687, 0.31482203633482286]",stable,0.4086583241154782,3734,"[0.49655807214614733, 0.6471767435434472, 0.31946063800846436, 0.13910630763961623]"
"[0.3005388881558678, 0.71047818238573, 0.26444460992862495, 0.44028092796344237]",stable,0.16156027824824812,3735,"[0.2551125555861945, 0.8497910403114531, 0.33214628666909934, 0.4471060580000339]"
"[0.44249603936567544, 0.5851833828815722, 0.3647229785143584, 0.29878988356794606]",stable,0.1940620165118467,3736,"[0.304750558651778, 0.6591471858019169, 0.4674256925072811, 0.35044021940025133]"
"[0.44249603936567544, 0.5851833828815722, 0.3647229785143584, 0.29878988356794606]",stable,0.30010755976308706,3737,"[0.20587465912994404, 0.5059981923248811, 0.4515898467012067, 0.1564567438913355]"
"[0.31601081628323435, 0.4253030806432977, 0.37602625879424284, 0.49977263217371953]",stable,0.4813495001088672,3738,"[0.0, 0.7286121415674928, 0.17735283947436206, 0.4806156161198043]"
"[0.14163899148744863, 0.452100452351726, 0.39316781283751273, 0.28504763202947847]",stable,0.38255302886561066,3739,"[0.27339171206878193, 0.7182946905708244, 0.15425927899449027, 0.25262263380895184]"
"[0.14163899148744863, 0.452100452351726, 0.39316781283751273, 0.28504763202947847]",stable,0.40269289524025764,3740,"[0.2953369750711045, 0.6963991630024418, 0.22362266638654124, 0.5089026766646527]"
"[0.14163899148744863, 0.452100452351726, 0.39316781283751273, 0.28504763202947847]",stable,0.574095468355208,3741,"[0.40689510774401316, 0.9005121416437855, 0.287307353266447, 0.5017163182305855]"
"[0.2187752783310242, 0.6958702773364343, 0.5502140179881716, 0.23804219831286533]",stable,0.5041352636683843,3742,"[0.497639955520199, 0.5979369798274026, 0.20342066529205327, 0.4537510197712422]"
"[0.3775662856894472, 0.824647051921136, 0.4890197468679198, 0.46559528380668286]",stable,0.27117559602478614,3743,"[0.5421225091162928, 1.0, 0.476607575057178, 0.34087666129230476]"
"[0.2187752783310242, 0.6958702773364343, 0.5502140179881716, 0.23804219831286533]",stable,0.5472944875417292,3744,"[0.7232369812952464, 0.6820306691248653, 0.4501080359802766, 0.4246886661251065]"
"[0.6724702624888061, 0.7910363903707768, 0.43053278587705984, 0.4859344626622624]",stable,0.3429567232921152,3745,"[0.8603608676847693, 0.7226828700599511, 0.3954393243146094, 0.762362897789768]"
"[0.9195770061066777, 0.8437663301375593, 0.38877050909644156, 0.6675986214302531]",stable,0.22488720766006076,3746,"[1.0, 0.7304111970286418, 0.23684624422391354, 0.5771772204060737]"
"[0.9195770061066777, 0.8437663301375593, 0.38877050909644156, 0.6675986214302531]",stable,0.41320326624191545,3747,"[0.7276837197363512, 0.7258886777156076, 0.13929599264158485, 0.9079758886126721]"
"[0.9265622371750629, 0.7687884031798449, 0.526737637885357, 0.8531123824823943]",stable,0.5205707513395322,3748,"[0.6359180163655138, 0.7126665817809216, 0.7138190344996356, 0.467923161106804]"
"[0.5293357692504621, 0.4999393986802969, 0.6102099668188837, 0.556024509893186]",stable,0.7766294464056182,3749,"[0.9852303700328914, 0.7074010598175098, 0.01950480578342756, 0.6138214119381101]"
"[0.9195770061066777, 0.8437663301375593, 0.38877050909644156, 0.6675986214302531]",stable,0.36270277160419434,3750,"[0.7829400898423455, 0.5889756174512353, 0.6054198196191919, 0.6996676504450244]"
"[0.9195770061066777, 0.8437663301375593, 0.38877050909644156, 0.6675986214302531]",stable,0.31473092758876564,3751,"[0.9070733371881246, 0.5310381165476323, 0.3566649868345859, 0.6759361816013433]"
"[0.8827976990199372, 0.6298160270517553, 0.35247448610680737, 0.9143218029695116]",stable,0.5473714769855388,3752,"[0.5210576665095762, 0.6141997560190506, 0.17855061622309876, 0.5424800325073417]"
"[0.38073082844765577, 0.8280192239995756, 0.48878105125617477, 0.46319684875832945]",stable,0.34510186812736693,3753,"[0.2034470095450592, 0.7081964354982246, 0.21907903483316898, 0.4393416892863173]"
"[0.14163899148744863, 0.452100452351726, 0.39316781283751273, 0.28504763202947847]",stable,0.20950351232335143,3754,"[0.0853968309458697, 0.6373085441597455, 0.47222653793315006, 0.29832248677522294]"
"[0.44249603936567544, 0.5851833828815722, 0.3647229785143584, 0.29878988356794606]",stable,0.08428347786622772,3755,"[0.43902222207707364, 0.5293155493218868, 0.41271156438190404, 0.3396251383663773]"
"[0.29950561753268024, 0.7103129221203685, 0.26357402893228615, 0.4409645896808574]",stable,0.33132497944880657,3756,"[0.48512646975070073, 0.6466651821258331, 0.5293779965662299, 0.41609780033745125]"
"[0.5281252577184127, 0.3849124042592607, 0.8121717325296546, 0.5956536162134105]",stable,0.6094340697182435,3757,"[0.18253730608726246, 0.6741001129666095, 0.42813495823858, 0.4512061235199526]"
"[0.4424660926649116, 0.5847017636267474, 0.36513667322011306, 0.29914191162655324]",stable,0.15189115650318344,3758,"[0.4192124557373642, 0.4707067311124108, 0.39988788346514514, 0.39039802233743814]"
"[0.29950561753268024, 0.7103129221203685, 0.26357402893228615, 0.4409645896808574]",stable,0.29724057386649516,3759,"[0.4393861120173661, 0.6314897933669119, 0.4990975253599069, 0.5252320390265428]"
"[0.5281252577184127, 0.3849124042592607, 0.8121717325296546, 0.5956536162134105]",stable,0.4546133275035989,3760,"[0.45982679248038505, 0.5461916661015819, 0.39351763158367076, 0.6226043240098751]"
"[0.6061413924319551, 0.6172707453605374, 0.40500621620517147, 0.6531886134009968]",stable,0.3722562034248279,3761,"[0.3699025555194848, 0.5216666230054827, 0.4437326590264105, 0.38462575793203363]"
"[0.29950561753268024, 0.7103129221203685, 0.26357402893228615, 0.4409645896808574]",stable,0.9269724528989974,3762,"[0.8295351125818133, 0.507197546300383, 0.9821698397217964, 0.2970518813024194]"
"[0.5281252577184127, 0.3849124042592607, 0.8121717325296546, 0.5956536162134105]",stable,0.5042020391632229,3763,"[0.28082320536491695, 0.057030490326524685, 0.9176499792660434, 0.3228364958207849]"
"[0.14401027374722838, 0.3169367130456628, 0.948895810888676, 0.475430759923834]",stable,0.32316794121146264,3764,"[0.1838127992832464, 0.5300895418651009, 0.7408240742184297, 0.5942806701177796]"
"[0.34353809716536293, 0.258122402860573, 0.7020161250750404, 0.4124004828583609]",stable,0.6352110613779727,3765,"[0.10094704636233162, 0.6776939295032629, 1.0, 0.12989735210997383]"
"[0.31601081628323435, 0.4253030806432977, 0.37602625879424284, 0.49977263217371953]",anomaly,0.5727120354615094,3766,"[0.21592097373808175, 0.1098698352435824, 0.8009002940237008, 0.6946187788284381]"
"[0.31601081628323435, 0.4253030806432977, 0.37602625879424284, 0.49977263217371953]",stable,0.46362336421154926,3767,"[0.5231606254537094, 0.3622059497244985, 0.7402372058742035, 0.31161121609591524]"
"[0.3923745108255452, 0.35934337065438116, 0.9127119588128492, 0.3463610967809171]",stable,0.3024627329467187,3768,"[0.3120033316811024, 0.13979876524867846, 0.7229745173973714, 0.3176548614496791]"
"[0.3432289327978702, 0.25696236719771126, 0.7022215995095732, 0.41147160421709933]",stable,0.2832131831305119,3769,"[0.44010282213456453, 0.22327022671309527, 0.9653952682101928, 0.3907444134783576]"
"[0.39279318022299275, 0.35814974658472076, 0.9131740931058082, 0.34675042412036833]",stable,0.3655554971252792,3770,"[0.1336723725044754, 0.1461523934808917, 0.9075392992298734, 0.4934221659821165]"
"[0.14401027374722838, 0.3169367130456628, 0.948895810888676, 0.475430759923834]",stable,0.3203599979033962,3771,"[0.4372809506895358, 0.2358164839067248, 0.9688097052064203, 0.37721780996298293]"
"[0.39318003040096267, 0.35708597908317297, 0.913657881037118, 0.34701535791030413]",stable,0.08192041452785515,3772,"[0.42120922012111406, 0.2995269831791549, 0.8763068057915809, 0.3819034362261248]"
"[0.39342166134682605, 0.3565897808426211, 0.9133358890091392, 0.3473161172061302]",stable,0.35420037320528663,3773,"[0.2671742984946708, 0.0774437383322252, 0.7357663098888775, 0.3391896620454867]"
"[0.14401027374722838, 0.3169367130456628, 0.948895810888676, 0.475430759923834]",stable,0.30759607807730593,3774,"[0.29068262907252823, 0.5599422650996867, 0.8304046320478362, 0.47215820133822234]"
"[0.5293357692504621, 0.4999393986802969, 0.6102099668188837, 0.556024509893186]",stable,0.4889434444535443,3775,"[0.2621247156324666, 0.3492721398255887, 0.9524052301027395, 0.38909421427924445]"
"[0.3922994652296093, 0.3565272369023046, 0.9136698150013922, 0.3476731949588919]",stable,0.28563310715701656,3776,"[0.4692728453647113, 0.09695032938405598, 1.0, 0.37645337730921]"
"[0.5281252577184127, 0.3849124042592607, 0.8121717325296546, 0.5956536162134105]",stable,0.22397866962883564,3777,"[0.530104884290266, 0.3392533641077608, 0.8549442815174487, 0.3805994680719027]"
"[0.39346730776402167, 0.35638084814980847, 0.9131721409888164, 0.347952231171714]",anomaly,0.5686944084229467,3778,"[0.032348705379331155, 0.22216863984442883, 0.5697997617812369, 0.5868856476759208]"
"[0.39346730776402167, 0.35638084814980847, 0.9131721409888164, 0.347952231171714]",stable,0.638492279985216,3779,"[0.04805568319970549, 0.3828293170179526, 0.426137302974991, 0.5725869263368574]"
"[0.4416540827151407, 0.5832015079222085, 0.3660972426781752, 0.30063970787245464]",stable,0.2879212529650757,3780,"[0.29030996810877957, 0.5872571943247186, 0.42752524265255926, 0.5377130279866069]"
"[0.3635491083862572, 0.4810069327484953, 0.6208272222507687, 0.31482203633482286]",stable,0.29715821371898987,3781,"[0.168861586266291, 0.4806774003915377, 0.5553550013922511, 0.5295615352997961]"
"[0.4416540827151407, 0.5832015079222085, 0.3660972426781752, 0.30063970787245464]",stable,0.37388541166981143,3782,"[0.17953127549149112, 0.5898642736279174, 0.6283985031233886, 0.3479217479585275]"
"[0.14163899148744863, 0.452100452351726, 0.39316781283751273, 0.28504763202947847]",stable,0.36979406973077933,3783,"[0.3754250433739995, 0.23206921165131972, 0.38857999379705854, 0.4685059133460855]"
"[0.3635491083862572, 0.4810069327484953, 0.6208272222507687, 0.31482203633482286]",stable,0.4087535810382894,3784,"[0.22579651062150918, 0.5854016541524656, 0.6535078868889624, 0.6837900947389106]"
"[0.5293357692504621, 0.4999393986802969, 0.6102099668188837, 0.556024509893186]",stable,0.3392124400612941,3785,"[0.6576392796721519, 0.6869590138742958, 0.6267063485753753, 0.304320672760255]"
"[0.5293357692504621, 0.4999393986802969, 0.6102099668188837, 0.556024509893186]",stable,0.3227122413222262,3786,"[0.23308188045819106, 0.4745164496344386, 0.650407186963258, 0.43721928597963977]"
"[0.31634461211408893, 0.42499338009566845, 0.37666044412950156, 0.4998387081834744]",stable,0.574624220474282,3787,"[0.6716647602607597, 0.5478895045952984, 0.7832118887979573, 0.653308745968272]"
"[0.6516422284988306, 0.6564622629770824, 0.9003214798526201, 0.6382583957205911]",stable,0.21705052725876173,3788,"[0.7800548938896739, 0.7352240977895916, 0.8143429071786854, 0.5077770669089725]"
"[0.5293357692504621, 0.4999393986802969, 0.6102099668188837, 0.556024509893186]",stable,0.2921354574303047,3789,"[0.7243383622002436, 0.5577960293355937, 0.6015341232040828, 0.765534543680743]"
"[0.6724702624888061, 0.7910363903707768, 0.43053278587705984, 0.4859344626622624]",stable,0.3186154248934814,3790,"[0.5945027837972816, 0.5573397624645824, 0.23231419379411916, 0.44679193969208564]"
"[0.38073082844765577, 0.8280192239995756, 0.48878105125617477, 0.46319684875832945]",stable,0.39467684387504653,3791,"[0.6249340112365891, 0.7225698967823135, 0.7726975164761593, 0.5295782977733877]"
"[0.5293357692504621, 0.4999393986802969, 0.6102099668188837, 0.556024509893186]",stable,0.5361004428960443,3792,"[0.9179169614771814, 0.8393583754784076, 0.5168577145884804, 0.6677762754892206]"
"[0.9195646177139203, 0.8437334349535358, 0.38972638376429264, 0.6675999472068125]",stable,0.1803996854801306,3793,"[0.8973487129939172, 0.8630237917524172, 0.5671129573513716, 0.6821734074825833]"
"[0.9194000554567351, 0.8438763264853792, 0.39104035838345613, 0.6677078987644107]",stable,0.368503957312015,3794,"[0.839775518131816, 0.7071103606251429, 0.4327814425347286, 0.9978712705769136]"
"[0.9265622371750629, 0.7687884031798449, 0.526737637885357, 0.8531123824823943]",anomaly,0.5210822623027543,3795,"[1.0, 0.5151714246494676, 0.10219544316385637, 1.0]"
"[0.9265622371750629, 0.7687884031798449, 0.526737637885357, 0.8531123824823943]",stable,0.09577546996896731,3796,"[1.0, 0.7335167147642094, 0.5125575692638485, 0.8047939668497963]"
"[0.9194000554567351, 0.8438763264853792, 0.39104035838345613, 0.6677078987644107]",stable,0.3551436795889242,3797,"[1.0, 0.6329870769971021, 0.46032191980427123, 0.9329558427506895]"
"[0.9272121288814782, 0.7684762643443083, 0.5266121505524233, 0.8526847858838758]",stable,0.18479666771446843,3798,"[0.8438619310311117, 0.7898666489746852, 0.5976278674886158, 1.0]"
"[0.9194000554567351, 0.8438763264853792, 0.39104035838345613, 0.6677078987644107]",stable,0.17904711494989353,3799,"[0.8965155645928613, 0.721546115140205, 0.5154442282843532, 0.6346448378700028]"
"[0.9194000554567351, 0.8438763264853792, 0.39104035838345613, 0.6677078987644107]",stable,0.1690508092739808,3800,"[0.93049105349265, 0.81911683326112, 0.4145474473285622, 0.8329033894515354]"
"[0.9194000554567351, 0.8438763264853792, 0.39104035838345613, 0.6677078987644107]",stable,0.31619350779023014,3801,"[0.6943315732841633, 0.6955928397858757, 0.23785838803119552, 0.7299156493463307]"
"[0.9265158569402678, 0.7691026204621099, 0.5262552028455739, 0.8537937756028651]",stable,0.42755101804333534,3802,"[0.8949986980714403, 0.6004646032636838, 0.14810771043513504, 0.9556379451257687]"
"[0.9265158569402678, 0.7691026204621099, 0.5262552028455739, 0.8537937756028651]",stable,0.15677729171719365,3803,"[0.9413296057301033, 0.7474589913032073, 0.3932088760766697, 0.775117856192263]"
"[0.9195613021499217, 0.8431673754913928, 0.3910563033664945, 0.668497677863145]",stable,0.15918654323741704,3804,"[0.9068964711203706, 0.7265522224372507, 0.46926898982611476, 0.5945812428990646]"
"[0.9194688581278082, 0.8423161699946471, 0.39162719888809755, 0.6679581418415094]",stable,0.45854871278997633,3805,"[0.5639445318937216, 0.8259175947895895, 0.6171772405613396, 0.4870503175508341]"
"[0.5293357692504621, 0.4999393986802969, 0.6102099668188837, 0.556024509893186]",stable,0.43156291193855917,3806,"[0.39397956541588885, 0.6706066700121467, 0.3719491492563683, 0.26961621679578884]"
"[0.29950561753268024, 0.7103129221203685, 0.26357402893228615, 0.4409645896808574]",anomaly,0.3096775413845154,3807,"[0.4354719076939525, 0.9008577746283042, 0.06347644954581738, 0.40830015207443543]"
"[0.29950561753268024, 0.7103129221203685, 0.26357402893228615, 0.4409645896808574]",stable,0.1943620726570827,3808,"[0.3780179272023415, 0.5530909859225916, 0.23834255271252022, 0.3618629594581756]"
"[0.29950561753268024, 0.7103129221203685, 0.26357402893228615, 0.4409645896808574]",stable,0.3618048999265962,3809,"[0.6055879042793503, 0.5888426715578969, 0.4092988708310908, 0.4059550476575411]"
"[0.6962199127844956, 0.37518182821444895, 0.5177645283603444, 0.7167770743007837]",stable,0.5992131407076169,3810,"[0.347536123103927, 0.7861397888119085, 0.2899335641887782, 0.587615899031608]"
"[0.14163899148744863, 0.452100452351726, 0.39316781283751273, 0.28504763202947847]",stable,0.25316803031988455,3811,"[0.2817766127828052, 0.5320977611053276, 0.1981900477710781, 0.29134051655156906]"
"[0.04880335432311595, 0.5694704289615999, 0.1886764067705481, 0.397980847289509]",stable,0.4095339173414858,3812,"[0.19684009533853458, 0.48417858357512233, 0.484598620422882, 0.6237207359673155]"
"[0.5293357692504621, 0.4999393986802969, 0.6102099668188837, 0.556024509893186]",stable,0.4570361371854571,3813,"[0.2023149645767119, 0.6583886790624268, 0.43000769374158837, 0.3454054453997315]"
"[0.14163899148744863, 0.452100452351726, 0.39316781283751273, 0.28504763202947847]",stable,0.3396689656516309,3814,"[0.21029087031966046, 0.7640117049509514, 0.3254220325754827, 0.19132567345878337]"
"[0.1148286837630447, 0.744196511381067, 0.33955949475826086, 0.2757623896025517]",stable,0.1638293324214409,3815,"[0.19056403622108817, 0.8265899719027132, 0.44153018415073614, 0.33835234660686814]"
"[0.11558603728762513, 0.7450204459862835, 0.34057920165218564, 0.2763882891725949]",stable,0.48088955455374965,3816,"[0.24081477971263052, 0.4544981412613677, 0.0, 0.15320093751326874]"
"[0.04880335432311595, 0.5694704289615999, 0.1886764067705481, 0.397980847289509]",stable,0.2432072750828374,3817,"[0.06610002814344501, 0.6455999286680351, 0.23445791714340875, 0.17223994202331752]"
"[0.14163899148744863, 0.452100452351726, 0.39316781283751273, 0.28504763202947847]",stable,0.3956709871251159,3818,"[0.46388831738015834, 0.4660830429702314, 0.2859949883228273, 0.487604722400064]"
"[0.38073082844765577, 0.8280192239995756, 0.48878105125617477, 0.46319684875832945]",stable,0.5733815931478058,3819,"[0.0, 0.49747001528514634, 0.2293531535705431, 0.378080022272871]"
"[0.14163899148744863, 0.452100452351726, 0.39316781283751273, 0.28504763202947847]",stable,0.3545130966948382,3820,"[0.21045786086571006, 0.2161873456934309, 0.14602330301893082, 0.22017779066212007]"
"[0.047718835338157815, 0.5678704197687898, 0.18958033447721465, 0.3975386067335837]",stable,0.23847796299386625,3821,"[0.23383623750770755, 0.42659524557063894, 0.17815967404345326, 0.4438305619083306]"
"[0.14163899148744863, 0.452100452351726, 0.39316781283751273, 0.28504763202947847]",stable,0.35721512244851117,3822,"[0.17183005003567897, 0.543781490735349, 0.08115019425313216, 0.14037304344020757]"
"[0.14163899148744863, 0.452100452351726, 0.39316781283751273, 0.28504763202947847]",stable,0.19235149726426176,3823,"[0.17664081672516552, 0.5796886962118054, 0.38074195088676166, 0.14597639591893902]"
"[0.14163899148744863, 0.452100452351726, 0.39316781283751273, 0.28504763202947847]",stable,0.2064419483806465,3824,"[0.30527877987644947, 0.5593190128746984, 0.3273755975449028, 0.2890303940702123]"
"[0.2999859225883927, 0.7110711907872839, 0.2638376242848511, 0.4424311027743649]",stable,0.23400813799231251,3825,"[0.2939934477606897, 0.6095967218438413, 0.07016837347920715, 0.5256119439404376]"
"[0.14163899148744863, 0.452100452351726, 0.39316781283751273, 0.28504763202947847]",stable,0.2834308620568378,3826,"[0.2538748695856063, 0.6334586435772566, 0.2071430459818864, 0.3005445293167256]"
"[0.14163899148744863, 0.452100452351726, 0.39316781283751273, 0.28504763202947847]",stable,0.27043424793129045,3827,"[0.16419617520212704, 0.575536579316517, 0.5179863194121122, 0.4895218819815045]"
"[0.4396070911808371, 0.5834776413523144, 0.3647697680623013, 0.30079334792788287]",stable,0.42588214764845467,3828,"[0.3074441660362935, 0.39148646687835503, 0.6625306524125317, 0.4967178476158401]"
"[0.3432289327978702, 0.25696236719771126, 0.7022215995095732, 0.41147160421709933]",stable,0.23014180950626564,3829,"[0.42569801607287133, 0.4192496244596729, 0.5825581684772995, 0.48568489272106835]"
"[0.528556538023563, 0.49933270864856283, 0.6100020585606764, 0.5554956405911399]",stable,0.24398094429572642,3830,"[0.43324411396014684, 0.3766468127576824, 0.6146182906576833, 0.36742888555647535]"
"[0.31634461211408893, 0.42499338009566845, 0.37666044412950156, 0.4998387081834744]",stable,0.27766648652070763,3831,"[0.5544126920554022, 0.47659741330469174, 0.4918490695829244, 0.5668526721948942]"
"[0.5287494943969349, 0.4991630422653996, 0.6091203198369618, 0.5555803945583322]",stable,0.33141255457928315,3832,"[0.7426815625544012, 0.5094808703322959, 0.5258532079080104, 0.3167761189650569]"
"[0.6962199127844956, 0.37518182821444895, 0.5177645283603444, 0.7167770743007837]",stable,0.3415542232170129,3833,"[0.625309403078478, 0.6144209634945161, 0.5871772446601216, 0.4941170240516602]"
"[0.5287494943969349, 0.4991630422653996, 0.6091203198369618, 0.5555803945583322]",stable,0.5231748650776415,3834,"[0.9206931341894973, 0.8170188012306511, 0.5777764917739647, 0.6900326299809825]"
"[0.9194688581278082, 0.8423161699946471, 0.39162719888809755, 0.6679581418415094]",stable,0.29624069696403993,3835,"[0.8974405392052764, 0.5918271662381018, 0.36244079114283473, 0.5140857391723884]"
"[0.8838260456764069, 0.6304245265723585, 0.3522814815169706, 0.9160301321307597]",stable,0.3637624998955164,3836,"[0.9782196605069092, 0.8048408046805907, 0.48190284426536995, 0.6400042890298174]"
"[0.9198945885798306, 0.8420446093764293, 0.39228137023141113, 0.6677555776907]",stable,0.19320757565924157,3837,"[1.0, 0.6990239905935021, 0.45294692411113374, 0.5854325339620937]"
"[0.9204708865037168, 0.8410156840614443, 0.3927178130650782, 0.6671633255775445]",stable,0.32413151722355754,3838,"[0.8305760587120667, 0.5348949352014365, 0.42701764840442824, 0.7129210441290242]"
"[0.8838260456764069, 0.6304245265723585, 0.3522814815169706, 0.9160301321307597]",stable,0.22129057352432638,3839,"[0.9070082041331683, 0.6981407527646355, 0.3286541618420762, 0.7079715636091349]"
"[0.8838260456764069, 0.6304245265723585, 0.3522814815169706, 0.9160301321307597]",stable,0.3015653109173093,3840,"[0.9983531041515341, 0.49579392583109705, 0.4810658020747226, 0.7083900836135879]"
"[0.8838260456764069, 0.6304245265723585, 0.3522814815169706, 0.9160301321307597]",stable,0.22891234866024981,3841,"[0.7948908356300531, 0.5598350993836084, 0.5480351412225768, 0.9505124357688374]"
"[0.9171665417635092, 0.6287730792813928, 0.6139283413209938, 0.6245988616422593]",stable,0.255621082860344,3842,"[1.0, 0.6208332173818714, 0.47691938566230596, 0.8237125499251361]"
"[0.9204708865037168, 0.8410156840614443, 0.3927178130650782, 0.6671633255775445]",stable,0.1580195211011709,3843,"[0.864450851898717, 0.7465667596964418, 0.3544572256263115, 0.7741560959269123]"
"[0.9200707433993953, 0.8403410488874086, 0.39244452315480133, 0.6679275596514687]",stable,0.4032412411956062,3844,"[0.8448092481780766, 0.8488475545376623, 0.6322145605494347, 0.9831690138852398]"
"[0.9200707433993953, 0.8403410488874086, 0.39244452315480133, 0.6679275596514687]",stable,0.47647099276648786,3845,"[0.6444677520527284, 0.7470784384279341, 0.015134394565426701, 0.6653293943746771]"
"[0.9263968299194777, 0.7689279739516339, 0.5271716844510738, 0.8532474439671258]",stable,0.4403347882679725,3846,"[0.5449061510912518, 0.6715748920100792, 0.336245792764368, 0.8039598284202478]"
"[0.6057131739610411, 0.617650494637807, 0.4045253740832078, 0.6542429575619705]",stable,0.3315187530167164,3847,"[0.8544952968117191, 0.578778662377517, 0.5369961381899973, 0.4840882742136712]"
"[0.6962199127844956, 0.37518182821444895, 0.5177645283603444, 0.7167770743007837]",stable,0.49346369161693604,3848,"[0.8111418772195179, 0.7640155453995492, 0.7751414086373302, 0.6033538010562084]"
"[0.5287494943969349, 0.4991630422653996, 0.6091203198369618, 0.5555803945583322]",stable,0.22709411136266167,3849,"[0.5035647515414875, 0.6550020915720701, 0.5820364345865965, 0.7165714440419607]"
"[0.6724702624888061, 0.7910363903707768, 0.43053278587705984, 0.4859344626622624]",stable,0.49893607877220336,3850,"[0.9869457631631333, 0.7585026699635037, 0.7979863797688479, 0.6040944539820144]"
"[0.9200707433993953, 0.8403410488874086, 0.39244452315480133, 0.6679275596514687]",stable,0.6153795407987337,3851,"[0.5579152996451378, 0.6722905870032885, 0.7836873491372656, 0.925266843808797]"
"[0.5225198229879119, 0.5443611581919527, 0.8847111891049703, 0.8241555517593089]",stable,0.7528123627877813,3852,"[0.9718745058789331, 0.6232167773624415, 0.2886757047865018, 0.7664466677940183]"
"[0.8838260456764069, 0.6304245265723585, 0.3522814815169706, 0.9160301321307597]",stable,0.4773885729270814,3853,"[0.7066646992250903, 0.5651083675123469, 0.31613554331262106, 0.47906219577628695]"
"[0.38073082844765577, 0.8280192239995756, 0.48878105125617477, 0.46319684875832945]",stable,0.7025953508949129,3854,"[1.0, 0.9455188893826039, 0.6556919265853504, 0.7248846562613611]"
"[0.9200707433993953, 0.8403410488874086, 0.39244452315480133, 0.6679275596514687]",stable,0.3930930015819672,3855,"[1.0, 0.6749889160926424, 0.07031522737223633, 0.7984067181820398]"
"[0.9213631859025214, 0.6834850118774852, 0.19154459556177483, 0.5674696047656018]",stable,0.38364293329301613,3856,"[0.7166914033132435, 0.45554535768716936, 0.37145250058873847, 0.42266621587637293]"
"[0.6962199127844956, 0.37518182821444895, 0.5177645283603444, 0.7167770743007837]",stable,0.5790225714786812,3857,"[0.8717095987308676, 0.9069307356574396, 0.5626751038200806, 0.5764323271483189]"
"[0.9197277565577745, 0.8408133161694655, 0.3936518322375338, 0.6672786572932903]",stable,0.5724596898220833,3858,"[0.5078984346618213, 0.45283492677224146, 0.48023046308213724, 0.658134471177233]"
"[0.5285950421026008, 0.49881987103952435, 0.6081655801572964, 0.5563400543851388]",stable,0.2876637828301208,3859,"[0.7763064123358485, 0.6187139102416626, 0.6917403354593373, 0.5508438148250504]"
"[0.5285950421026008, 0.49881987103952435, 0.6081655801572964, 0.5563400543851388]",stable,0.17486970532124033,3860,"[0.4104784314987804, 0.4055880472814115, 0.51928981935699, 0.5502732331824166]"
"[0.5277265376128667, 0.4981343429236559, 0.6075120819161176, 0.5562954454057071]",stable,0.28699105791858054,3861,"[0.4686315560354674, 0.373443605807565, 0.8341356594863003, 0.6656829430657697]"
"[0.36406248012240655, 0.6032952188388981, 0.874315748260661, 0.4817858529021248]",stable,0.5870571280007691,3862,"[0.27146411964414024, 0.07103634558172162, 0.9367621185410884, 0.26073708486427905]"
"[0.3432289327978702, 0.25696236719771126, 0.7022215995095732, 0.41147160421709933]",stable,0.269856174025293,3863,"[0.42188605719503547, 0.28470289773788543, 0.957336631503332, 0.3835038574842795]"
"[0.39370612078445033, 0.3557785124320612, 0.9135432711612074, 0.3482509843340044]",stable,0.30461095704771973,3864,"[0.3816532957815436, 0.0803597847726307, 1.0, 0.4447513628614122]"
"[0.5275303207015832, 0.3847977162747438, 0.812391371799221, 0.5963539094819341]",stable,0.3948265197131558,3865,"[0.4037867947453061, 0.20578056133448044, 0.8885437754944638, 0.2758399626695658]"
"[0.39379012640079086, 0.354528529506248, 0.9133349420306512, 0.34764755915346746]",stable,0.29335716733982325,3866,"[0.5034493665701786, 0.16785112199698848, 0.7240327822149752, 0.28977255168167765]"
"[0.39379012640079086, 0.354528529506248, 0.9133349420306512, 0.34764755915346746]",anomaly,0.6084913236862535,3867,"[0.0, 0.0, 0.8453883963060767, 0.638995831914666]"
"[0.39379012640079086, 0.354528529506248, 0.9133349420306512, 0.34764755915346746]",stable,0.41567447259460966,3868,"[0.0, 0.2766628603977743, 1.0, 0.4119958988174802]"
"[0.14164944958743778, 0.31627648595307445, 0.949733584480665, 0.4743908441679921]",stable,0.48020878990781724,3869,"[0.6039392150193978, 0.3552778608900605, 1.0, 0.36107343639030054]"
"[0.5275303207015832, 0.3847977162747438, 0.812391371799221, 0.5963539094819341]",stable,0.5738492967687,3870,"[0.0, 0.271422565314555, 1.0, 0.6507951981495667]"
"[0.1393647810457049, 0.3155530356201951, 0.9505443331180736, 0.4772360756838239]",stable,0.30795211844422304,3871,"[0.029568908068241584, 0.11515918128525479, 1.0, 0.27679702337751266]"
"[0.1393647810457049, 0.3155530356201951, 0.9505443331180736, 0.4772360756838239]",stable,0.49748287003629693,3872,"[0.5309318402363865, 0.1798326378629445, 0.7544298457030318, 0.2841466518541862]"
"[0.39379012640079086, 0.354528529506248, 0.9133349420306512, 0.34764755915346746]",stable,0.2632159802779766,3873,"[0.35353148996394473, 0.18186745260011056, 0.8287731527105691, 0.5228598611603212]"
"[0.5275303207015832, 0.3847977162747438, 0.812391371799221, 0.5963539094819341]",stable,0.1175192114244013,3874,"[0.48942574615529094, 0.46033651868872877, 0.8836053172066309, 0.5565887266981147]"
"[0.36406248012240655, 0.6032952188388981, 0.874315748260661, 0.4817858529021248]",stable,0.4471330591221492,3875,"[0.665045010379695, 0.29278414394216623, 0.7606712706050877, 0.4794849607447639]"
"[0.5271530476862735, 0.38554562520953567, 0.8130964603676113, 0.5959601948009062]",stable,0.5521389054140271,3876,"[0.6402429198925779, 0.5464392822056849, 0.297168893179288, 0.5961282117803813]"
"[0.38073082844765577, 0.8280192239995756, 0.48878105125617477, 0.46319684875832945]",stable,0.5169907377952929,3877,"[0.7325857803322137, 0.6140959026780843, 0.6681364971687676, 0.7192162863342951]"
"[0.6724702624888061, 0.7910363903707768, 0.43053278587705984, 0.4859344626622624]",stable,0.21966803314841785,3878,"[0.8607535844307966, 0.7556076635391588, 0.5370358520200532, 0.5002640712757223]"
"[0.9197277565577745, 0.8408133161694655, 0.3936518322375338, 0.6672786572932903]",stable,0.40720892655831653,3879,"[0.7103017077897986, 0.5028412237962588, 0.3097387788746484, 0.6936093279722524]"
"[0.6064394832237407, 0.6168532080347406, 0.4038671338387039, 0.6545163351342641]",stable,0.4822882553390275,3880,"[1.0, 0.4462823774196857, 0.31013232253309414, 0.85409453475927]"
"[0.9270153439537678, 0.7704119312241631, 0.5282516864858156, 0.8521687650788421]",stable,0.28172317837893596,3881,"[0.8048275513775647, 0.595527549769491, 0.4951945684906669, 0.6711693931065723]"
"[0.9197277565577745, 0.8408133161694655, 0.3936518322375338, 0.6672786572932903]",stable,0.3070391865794342,3882,"[1.0, 0.591989479654883, 0.4556537349043012, 0.8158447754897946]"
"[0.916054488658801, 0.6312822775446285, 0.6137983612796073, 0.6234947193213326]",stable,0.25120454731768055,3883,"[1.0, 0.7009507814981922, 0.4000671478745312, 0.5491835916753904]"
"[0.9202930540468043, 0.8398283687422031, 0.3936970105166676, 0.6664470019016149]",stable,0.35834116110009895,3884,"[0.931947283837792, 0.5547390604975949, 0.5248310809637153, 0.8390752399136662]"
"[0.916054488658801, 0.6312822775446285, 0.6137983612796073, 0.6234947193213326]",stable,0.6375627155366879,3885,"[1.0, 0.6255161519867084, 0.0, 0.4729700009037277]"
"[0.9202930540468043, 0.8398283687422031, 0.3936970105166676, 0.6664470019016149]",stable,0.24209473085461827,3886,"[0.8403883731077125, 0.6152821856335321, 0.4187204162856686, 0.7007681540769007]"
"[0.8851927980802139, 0.6282581483470329, 0.3517856090583367, 0.9153014780440363]",stable,0.3604889572932965,3887,"[1.0, 0.6422872187793279, 0.1162350664673251, 0.6681361046891844]"
"[0.9202930540468043, 0.8398283687422031, 0.3936970105166676, 0.6664470019016149]",stable,0.1853978338588389,3888,"[0.9509093030435365, 0.7361017925502464, 0.5335220250048635, 0.6105474060910032]"
"[0.9202930540468043, 0.8398283687422031, 0.3936970105166676, 0.6664470019016149]",stable,0.35116379711731344,3889,"[1.0, 0.6470392727915893, 0.5030972217533543, 0.9268827395348694]"
"[0.9202930540468043, 0.8398283687422031, 0.3936970105166676, 0.6664470019016149]",stable,0.22764428717780136,3890,"[0.9682478183315049, 0.6827655890079423, 0.30694093495862884, 0.5348152099856684]"
"[0.9202930540468043, 0.8398283687422031, 0.3936970105166676, 0.6664470019016149]",stable,0.39043278834200335,3891,"[0.6474029674295376, 0.5949165172848296, 0.4990715035644563, 0.7494118382431354]"
"[0.606721990011367, 0.6167019205123274, 0.40452371569888146, 0.6551707868798425]",stable,0.34036247636785,3892,"[0.6239140420568415, 0.9127865634517018, 0.5649748071735862, 0.6089065444699636]"
"[0.6718140973478336, 0.7926816629799784, 0.43234956994863455, 0.48759624755155573]",stable,0.3068901747824992,3893,"[0.6366977444302334, 0.5926360834042763, 0.6259415707044425, 0.6119036265416388]"
"[0.5285219478816067, 0.49882413664979175, 0.6076466037320908, 0.5567013445380861]",anomaly,0.5097970097837238,3894,"[0.4764773128558236, 1.0, 0.5988392990804893, 0.6337048024436014]"
"[0.5285219478816067, 0.49882413664979175, 0.6076466037320908, 0.5567013445380861]",stable,0.21501550365605285,3895,"[0.6606882516802739, 0.5028227546118477, 0.7771541888787453, 0.560564579556521]"
"[0.36406248012240655, 0.6032952188388981, 0.874315748260661, 0.4817858529021248]",stable,0.2953292975299559,3896,"[0.3249913680100917, 0.34824157958234647, 0.7831514096332792, 0.3707473611865715]"
"[0.3430518690620665, 0.25784857314319315, 0.7030073258214538, 0.4110762232168029]",stable,0.36067743335268126,3897,"[0.506087885469192, 0.4949441803487748, 0.9185455999300268, 0.4399966955865183]"
"[0.5285219478816067, 0.49882413664979175, 0.6076466037320908, 0.5567013445380861]",stable,0.5680776636867171,3898,"[0.15672608823586887, 0.4627818649451372, 1.0, 0.38570474276644084]"
"[0.1396403573503107, 0.31789000116503546, 0.951329343703501, 0.475783197383548]",stable,0.2964036457090783,3899,"[0.33423618440895586, 0.26337303629687664, 0.7641660400595643, 0.3663054206813963]"
"[0.3429671028634789, 0.25790169298120935, 0.7035953903814356, 0.4106457347308856]",stable,0.05459289189948501,3900,"[0.32132073975332026, 0.27646524254793364, 0.6989635810376387, 0.36432338829054967]"
"[0.3427609470243345, 0.2580784886913686, 0.7035512779114947, 0.41020456952669193]",stable,0.25579394265805255,3901,"[0.3356390226080084, 0.3831412528236673, 0.6989092657298293, 0.18723018524981244]"
"[0.31634461211408893, 0.42499338009566845, 0.37666044412950156, 0.4998387081834744]",stable,0.522938617936341,3902,"[0.25940507130947255, 0.3338070115851382, 0.8778925319863656, 0.6031543755463697]"
"[0.3427609470243345, 0.2580784886913686, 0.7035512779114947, 0.41020456952669193]",stable,0.32053804391750235,3903,"[0.3581926800944971, 0.36323447675392484, 1.0, 0.46992786949906123]"
"[0.3934959326296644, 0.35460047948350154, 0.9140511821791583, 0.34865814023070374]",stable,0.6153163664091406,3904,"[0.31394558029960823, 0.5384688079301959, 1.0, 0.9240633980486437]"
"[0.5170310271276934, 0.5442060963429591, 0.8877451051811552, 0.8267847056090283]",stable,0.16512487136656562,3905,"[0.6077950808530229, 0.62734509573178, 0.849099842176285, 0.723718900789581]"
"[0.6508592437194413, 0.6559423135619877, 0.899406807751257, 0.6397844761682515]",stable,0.3989934055421901,3906,"[0.5316639919628329, 0.3068027020341512, 0.9941452616334963, 0.5209804920472316]"
"[0.5284622163528813, 0.38669540098798977, 0.8127440851569361, 0.595613178965177]",stable,0.2503589726013895,3907,"[0.44971888850755753, 0.503090860274941, 1.0, 0.5069203218935162]"
"[0.5285219478816067, 0.49882413664979175, 0.6076466037320908, 0.5567013445380861]",stable,0.43530055698911063,3908,"[0.4858347285890449, 0.6267443726735764, 1.0, 0.6884571864455891]"
"[0.5162311220369588, 0.5463224624027186, 0.8906234358175359, 0.823237846143299]",stable,0.491662669681117,3909,"[0.4927808062980078, 0.4234292879780447, 0.5580053178791454, 0.4834662776613904]"
"[0.5282629541020154, 0.49827779716666315, 0.6072868842693884, 0.5561706556476752]",stable,0.3395711208697715,3910,"[0.6379523624325089, 0.4711962395087761, 0.8788381283691918, 0.3864553325577117]"
"[0.5284622163528813, 0.38669540098798977, 0.8127440851569361, 0.595613178965177]",stable,0.2236837635854208,3911,"[0.5501788692671925, 0.20018948976375778, 0.8906007475620741, 0.502249919191918]"
"[0.5284622163528813, 0.38669540098798977, 0.8127440851569361, 0.595613178965177]",stable,0.42002775531206155,3912,"[0.3269032899139651, 0.7542995288772268, 0.7869996925856718, 0.5942918859580433]"
"[0.5284622163528813, 0.38669540098798977, 0.8127440851569361, 0.595613178965177]",anomaly,0.7823430171003918,3913,"[0.34151008409503203, 0.7892168762476306, 0.17725980484409687, 0.7016588676095655]"
"[0.5284622163528813, 0.38669540098798977, 0.8127440851569361, 0.595613178965177]",stable,0.5071685935898752,3914,"[0.284699423492221, 0.4501288269388447, 0.6216107750679555, 0.1990732170606171]"
"[0.31634461211408893, 0.42499338009566845, 0.37666044412950156, 0.4998387081834744]",stable,0.46621578227521066,3915,"[0.48354007609036403, 0.8007591578673774, 0.5112250731335574, 0.673318601384007]"
"[0.6718140973478336, 0.7926816629799784, 0.43234956994863455, 0.48759624755155573]",stable,0.2834790338766463,3916,"[0.5227964688978194, 0.7229524179580417, 0.6570930362881339, 0.4348485861328033]"
"[0.5282629541020154, 0.49827779716666315, 0.6072868842693884, 0.5561706556476752]",stable,0.3643170595555855,3917,"[0.4243072630802546, 0.3780168779759525, 0.8844670323494044, 0.3811603387713207]"
"[0.39374848451860367, 0.35479241717606264, 0.9138086891477668, 0.34892455169415143]",stable,0.4796548102492158,3918,"[0.5781143661771833, 0.6823877119820242, 0.6543381492365435, 0.4953291978452873]"
"[0.5282629541020154, 0.49827779716666315, 0.6072868842693884, 0.5561706556476752]",stable,0.28523429138539713,3919,"[0.33526300267761255, 0.412669931193267, 0.7658663584081893, 0.4483121214575139]"
"[0.34269021170030883, 0.2595368985262922, 0.704139156029388, 0.41056407473358647]",stable,0.3364244762444999,3920,"[0.4737944634001485, 0.4266066431435592, 0.4434041510112073, 0.4204666498684498]"
"[0.36220885244204554, 0.4790901776377805, 0.6216451152860939, 0.31427534376288085]",stable,0.4938446257295594,3921,"[0.5935259617888201, 0.4864771672522158, 0.9177346125037668, 0.6346678394728192]"
"[0.36653728244557976, 0.6010283123491799, 0.8761626406890165, 0.4816048236812094]",stable,0.47221243960201287,3922,"[0.7333759517000917, 0.36719503158020594, 0.7248064696246377, 0.37755058234520167]"
"[0.39374848451860367, 0.35479241717606264, 0.9138086891477668, 0.34892455169415143]",stable,0.5816311635210498,3923,"[0.36824649854533825, 0.6245323026954479, 0.6577797546651988, 0.7953929581441257]"
"[0.5282629541020154, 0.49827779716666315, 0.6072868842693884, 0.5561706556476752]",stable,0.21017780683271614,3924,"[0.5067106033735841, 0.6392755356165067, 0.5198519144794468, 0.6833908210026641]"
"[0.606036980513848, 0.6168565343144109, 0.4053136348686114, 0.6553640747847934]",stable,0.48239286160926365,3925,"[1.0, 0.725612938108245, 0.6605963956610865, 0.633030940545899]"
"[0.9202930540468043, 0.8398283687422031, 0.3936970105166676, 0.6664470019016149]",stable,0.38526651164087045,3926,"[0.8486876064343393, 0.5741986075885035, 0.6499859540568858, 0.7504693338890746]"
"[0.9202930540468043, 0.8398283687422031, 0.3936970105166676, 0.6664470019016149]",stable,0.19235315730837527,3927,"[0.7698205134559539, 0.7372079014875498, 0.39912077817937086, 0.7280698393842648]"
"[0.9192407985181968, 0.8391107430970657, 0.39373493896186135, 0.6668779308350599]",stable,0.3401136118448691,3928,"[0.6173951466985823, 0.7214836929475067, 0.409149956293504, 0.5644439240134353]"
"[0.6710885113391769, 0.7917323567128789, 0.4320402417665661, 0.4886208832377141]",stable,0.4386256724751202,3929,"[0.872344218997219, 0.4588192777376139, 0.615570497943846, 0.5744937404396442]"
"[0.9192407985181968, 0.8391107430970657, 0.39373493896186135, 0.6668779308350599]",stable,0.27045134391724285,3930,"[0.9194726632161496, 0.6108155923001848, 0.3289853941958279, 0.7966188119813873]"
"[0.8851927980802139, 0.6282581483470329, 0.3517856090583367, 0.9153014780440363]",stable,0.14302884192588772,3931,"[0.8246394529968569, 0.67072562946896, 0.34883514573107843, 0.7929154092486471]"
"[0.9276235494208198, 0.769383825737225, 0.5280420659463784, 0.8527913815326423]",stable,0.12304733842241863,3932,"[1.0, 0.7934593657162455, 0.583469612328512, 0.7737315790336751]"
"[0.9192407985181968, 0.8391107430970657, 0.39373493896186135, 0.6668779308350599]",stable,0.3741151612051453,3933,"[0.8900887430798923, 0.6797878033353009, 0.056498357826894774, 0.6668511475929835]"
"[0.9192407985181968, 0.8391107430970657, 0.39373493896186135, 0.6668779308350599]",stable,0.4389481314817952,3934,"[0.5556005804153606, 0.7482252060955409, 0.20365764348370108, 0.7935732141613688]"
"[0.9282217019049452, 0.7695827971420102, 0.5285001448420985, 0.8521379947351303]",stable,0.22645014915436174,3935,"[0.8097044346815021, 0.5862161399100705, 0.5321262577134087, 0.7921642692968309]"
"[0.9161375335387997, 0.630955433521038, 0.6138465486725992, 0.624296467102841]",stable,0.45672337089690174,3936,"[1.0, 0.6633263693312058, 0.2555830556416468, 0.3556652769582348]"
"[0.9192407985181968, 0.8391107430970657, 0.39373493896186135, 0.6668779308350599]",stable,0.33451474922275826,3937,"[0.852201140554974, 0.6552602095158329, 0.3344085050909015, 0.4021419165608597]"
"[0.6962199127844956, 0.37518182821444895, 0.5177645283603444, 0.7167770743007837]",stable,0.359458316559573,3938,"[0.6461981577399132, 0.7173912800181826, 0.45474295141875065, 0.7918042513907211]"
"[0.6710885113391769, 0.7917323567128789, 0.4320402417665661, 0.4886208832377141]",stable,0.47327847285717994,3939,"[0.6774563957911743, 0.3763298714739967, 0.38093774683228443, 0.7094857133634777]"
"[0.7555069262572784, 0.49980935450516806, 0.4560827003826313, 0.4664547607493681]",stable,0.35836569787420264,3940,"[0.7946824034865303, 0.708665059046105, 0.26529155072155997, 0.6829479183512659]"
"[0.9282217019049452, 0.7695827971420102, 0.5285001448420985, 0.8521379947351303]",stable,0.5095164742356518,3941,"[0.7024827256355651, 0.443776484996478, 0.439429425962337, 0.5446227819167195]"
"[0.6959556378972658, 0.3751979978378228, 0.5158373905923436, 0.7166743790763147]",stable,0.2162945080373074,3942,"[0.701429988961441, 0.4927123302938424, 0.6156744623723822, 0.5650950716055042]"
"[0.5295087601081984, 0.4982377578366428, 0.6073472265578991, 0.5562348600790264]",stable,0.258752372803032,3943,"[0.370018169971234, 0.7006937425905615, 0.6143715574076972, 0.5343767928635634]"
"[0.5290939032017739, 0.3876641560002638, 0.8137634106651577, 0.5959923504264162]",stable,0.29588644203517533,3944,"[0.39132229617498077, 0.40801199671069255, 0.5599668371476476, 0.5348283452707349]"
"[0.5285217139372468, 0.49759328811431464, 0.6070087952049686, 0.5560819564018243]",stable,0.32445956841490176,3945,"[0.2835472361239376, 0.6891082362613096, 0.5370829189278954, 0.4953043847226425]"
"[0.5285217139372468, 0.49759328811431464, 0.6070087952049686, 0.5560819564018243]",stable,0.2982663901055245,3946,"[0.4827382235160193, 0.5080549348383313, 0.8143728542817741, 0.3468992314400261]"
"[0.39447197833159076, 0.3560384539050242, 0.9130002677260921, 0.3489080856758252]",stable,0.4289571245641636,3947,"[0.3927255203734831, 0.6213132947826434, 0.5917728458713658, 0.4511008782048261]"
"[0.5285217139372468, 0.49759328811431464, 0.6070087952049686, 0.5560819564018243]",stable,0.42443544102631253,3948,"[0.8832760951256604, 0.6304781435610561, 0.4232949642969316, 0.6097998877917977]"
"[0.884488689416454, 0.6287519562670553, 0.3517513013452291, 0.9138783842208341]",stable,0.39838678935611793,3949,"[0.5720196492417687, 0.6972680101639995, 0.4664699559106108, 0.705983426324096]"
"[0.6058055700970311, 0.6174035511569251, 0.4057296642634549, 0.6557084241149927]",stable,0.31063014442030207,3950,"[0.9097214373363911, 0.5870256301399215, 0.36502612541843, 0.6950357187448251]"
"[0.884488689416454, 0.6287519562670553, 0.3517513013452291, 0.9138783842208341]",stable,0.2714961557448642,3951,"[0.7249175657230587, 0.4979858703088966, 0.23452848612660507, 0.7819455929107489]"
"[0.9282217019049452, 0.7695827971420102, 0.5285001448420985, 0.8521379947351303]",stable,0.4229804141643766,3952,"[0.9071247546831425, 0.730818151181869, 0.3371157585643346, 0.4775226340019422]"
"[0.9192407985181968, 0.8391107430970657, 0.39373493896186135, 0.6668779308350599]",stable,0.31254328588178504,3953,"[0.7023322418698287, 0.7200274558540395, 0.5078198082026841, 0.8199720094671354]"
"[0.6710885113391769, 0.7917323567128789, 0.4320402417665661, 0.4886208832377141]",anomaly,0.6322667484498562,3954,"[0.39568379038358914, 0.6017355333719991, 0.24753894683753314, 0.9923807071226813]"
"[0.6710885113391769, 0.7917323567128789, 0.4320402417665661, 0.4886208832377141]",stable,0.3865800210296866,3955,"[1.0, 0.932097373131827, 0.4293158166116131, 0.6354254640910296]"
"[0.9198016263062649, 0.8397564835834181, 0.39398202838998464, 0.6666595109271153]",stable,0.4040804223965226,3956,"[1.0, 0.563595005686798, 0.22240485706060564, 0.8928128240259856]"
"[0.9282217019049452, 0.7695827971420102, 0.5285001448420985, 0.8521379947351303]",stable,0.553804454041287,3957,"[0.9653043245949127, 0.6044828830856745, 0.1299612112318475, 0.5068366927019697]"
"[0.9198016263062649, 0.8397564835834181, 0.39398202838998464, 0.6666595109271153]",stable,0.27306943172998355,3958,"[0.8780523762296678, 0.6913855800100799, 0.2517173317908912, 0.8415044300348118]"
"[0.9282217019049452, 0.7695827971420102, 0.5285001448420985, 0.8521379947351303]",stable,0.524203046900362,3959,"[0.7498743099028451, 0.3816077344757125, 0.3304248544939976, 0.6214378164771363]"
"[0.7548974526869139, 0.49916529853380376, 0.45589128343527163, 0.4673532437512917]",stable,0.18123938366865275,3960,"[0.8339342448541691, 0.4071685253506466, 0.5811224499584197, 0.5168976514240203]"
"[0.6967045083417877, 0.3752870219577935, 0.5132622164798666, 0.715351649040215]",stable,0.46194647021380125,3961,"[0.3314084850884025, 0.40327570300744514, 0.6269835891376924, 0.45798529562125423]"
"[0.3178882381070895, 0.4250091964000595, 0.3773147941969692, 0.4990605507490134]",stable,0.4122150493789436,3962,"[0.6583806920026736, 0.3212163470247773, 0.5716541566471517, 0.5728534528173358]"
"[0.7557955980524508, 0.49811988065672247, 0.45731436487303473, 0.4679162483839363]",stable,0.4967019024782181,3963,"[0.43629352139097216, 0.6477428701317733, 0.8064997794971535, 0.4502043831852896]"
"[0.5285217139372468, 0.49759328811431464, 0.6070087952049686, 0.5560819564018243]",stable,0.15338343736843035,3964,"[0.5386038176991093, 0.49792533708255365, 0.7319137518472865, 0.4676315658297436]"
"[0.5285932182192459, 0.49759564307153614, 0.6078946459612972, 0.5554546486672707]",stable,0.30008541504489955,3965,"[0.5718224016935674, 0.28954437216668627, 0.8174347178981842, 0.5869208360177274]"
"[0.36728734953101405, 0.601530619422111, 0.8754135776654481, 0.48126718453609196]",stable,0.5128381921332983,3966,"[0.8213922289053002, 0.36785895965673715, 0.840875743601129, 0.4497003779244661]"
"[0.5295047541488104, 0.3867206965403256, 0.8137987116962445, 0.5959051243263326]",stable,0.5260710026488591,3967,"[0.1900267068053539, 0.0671178438964635, 0.6280376969121754, 0.4382592643485062]"
"[0.361964405082096, 0.4784884754581747, 0.6216874841261859, 0.3154158989363601]",stable,0.5434402905599961,3968,"[0.28430383201020654, 0.11518694325997345, 1.0, 0.43452854238676464]"
"[0.1396403573503107, 0.31789000116503546, 0.951329343703501, 0.475783197383548]",stable,0.47664480722206487,3969,"[0.4480620543444874, 0.05159695870687406, 1.0, 0.2333259602693809]"
"[0.34269021170030883, 0.2595368985262922, 0.704139156029388, 0.41056407473358647]",stable,0.28424983521874175,3970,"[0.25526678431388183, 0.18019584044708475, 0.9625651327680048, 0.4018391555101387]"
"[0.1396403573503107, 0.31789000116503546, 0.951329343703501, 0.475783197383548]",stable,0.33216919936782946,3971,"[0.40608663110853327, 0.20569829638383738, 0.8677700426796919, 0.33516447601358224]"
"[0.39456564488624357, 0.3548260332798533, 0.9126355078466857, 0.34879725011403295]",stable,0.22549948784117654,3972,"[0.40111300254835675, 0.16979946358741527, 0.8742663805221623, 0.2259146650969477]"
"[0.34269021170030883, 0.2595368985262922, 0.704139156029388, 0.41056407473358647]",stable,0.1674198857891573,3973,"[0.29794055343080134, 0.20978224596351386, 0.8457419183390933, 0.3514031205743176]"
"[0.3422719905949863, 0.25907190177336903, 0.7054625463313479, 0.41001116861994846]",stable,0.3231108165537894,3974,"[0.21767196607414988, 0.39038868290590745, 0.44883354308839185, 0.4859907142291413]"
"[0.361964405082096, 0.4784884754581747, 0.6216874841261859, 0.3154158989363601]",stable,0.3836975476304746,3975,"[0.33921365430087624, 0.7420806083030198, 0.37565168793838266, 0.44461259352670324]"
"[0.14163899148744863, 0.452100452351726, 0.39316781283751273, 0.28504763202947847]",stable,0.32456342340571426,3976,"[0.22365458501713661, 0.5479012219746558, 0.48363835083111206, 0.0]"
"[0.10419654412998083, 0.5816812865233373, 0.48176748570102185, 0.4594188901384579]",stable,0.5218769791783623,3977,"[0.4020561272899159, 0.4951861288411563, 0.5690601942478197, 0.04889018121760669]"
"[0.3169152645922066, 0.42467307490982503, 0.37800915098232285, 0.4989336591323156]",stable,0.28349731967679137,3978,"[0.47883334302865965, 0.49562224123088205, 0.5938592076370749, 0.448652102077479]"
"[0.5282427965629741, 0.49758174587547516, 0.6077958048463379, 0.5547025180574834]",stable,0.4859133343107523,3979,"[0.4264498274403181, 0.4995257252006999, 0.6810700857258898, 0.08525916619897156]"
"[0.3169152645922066, 0.42467307490982503, 0.37800915098232285, 0.4989336591323156]",stable,0.5867224674220942,3980,"[0.024273637583946406, 0.36879879449010655, 0.8706948599923168, 0.38604881141249553]"
"[0.3422719905949863, 0.25907190177336903, 0.7054625463313479, 0.41001116861994846]",stable,0.24663753256071425,3981,"[0.39054266734991483, 0.4237956487128775, 0.7341680114474118, 0.23524819285008527]"
"[0.3169152645922066, 0.42467307490982503, 0.37800915098232285, 0.4989336591323156]",stable,0.5385611366402178,3982,"[0.6320623618347426, 0.27238325872698044, 0.6033161375509837, 0.8406572004477355]"
"[0.7557955980524508, 0.49811988065672247, 0.45731436487303473, 0.4679162483839363]",stable,0.6697756217260213,3983,"[0.11724214338913819, 0.49824738254545764, 0.42044278786215, 0.6666354964401475]"
"[0.5282427965629741, 0.49758174587547516, 0.6077958048463379, 0.5547025180574834]",stable,0.2313394742169315,3984,"[0.35638613975698297, 0.3638949164261872, 0.598715862144788, 0.47705827735176426]"
"[0.3424026771613011, 0.2600424852423766, 0.7044741511073982, 0.4106319751822801]",stable,0.5559154116970658,3985,"[0.4171184733947709, 0.7565017514268063, 0.4992049808704264, 0.5325018218440344]"
"[0.21807897437360113, 0.6940766823116526, 0.5496887449992794, 0.24075773327202193]",stable,0.493698792549427,3986,"[0.43311583498231965, 0.7426950596356713, 0.4935168704108012, 0.6789113823905752]"
"[0.5282427965629741, 0.49758174587547516, 0.6077958048463379, 0.5547025180574834]",stable,0.4648339771952526,3987,"[0.6915406850119304, 0.9051659682964519, 0.5488876116413086, 0.6954482191999181]"
"[0.6710885113391769, 0.7917323567128789, 0.4320402417665661, 0.4886208832377141]",stable,0.3143107601996279,3988,"[0.8241823289548296, 0.5328816937085458, 0.48054708303318916, 0.5660609090492095]"
"[0.6953130764114341, 0.3731657457663904, 0.5152682416317368, 0.7151193160021696]",stable,0.31578030422186115,3989,"[0.7428813722505049, 0.6011517210868181, 0.40551331287657705, 0.5322786519348978]"
"[0.7564119592202334, 0.499650921250966, 0.4569969389415202, 0.4697218824307834]",stable,0.29454777471260823,3990,"[0.7674710097753745, 0.405930924679263, 0.6290775528681888, 0.6893600247061838]"
"[0.7564119592202334, 0.499650921250966, 0.4569969389415202, 0.4697218824307834]",stable,0.4702625513112227,3991,"[0.611244919088541, 0.3171312988282245, 0.5781256810588526, 0.8597062576163498]"
"[0.7564119592202334, 0.499650921250966, 0.4569969389415202, 0.4697218824307834]",stable,0.38004354915481514,3992,"[0.5040236522507711, 0.638003851428494, 0.6724204071895303, 0.5929470332668343]"
"[0.5280734319174342, 0.4985637186415802, 0.6082477251424442, 0.5549699622197866]",anomaly,0.37640244260345085,3993,"[0.36363047374968804, 0.3618168416312354, 0.38335689210240115, 0.7679528656401271]"
"[0.5280734319174342, 0.4985637186415802, 0.6082477251424442, 0.5549699622197866]",stable,0.21962685989388064,3994,"[0.3327758494112384, 0.5747360488987259, 0.6374567659112154, 0.4963233945909259]"
"[0.5280734319174342, 0.4985637186415802, 0.6082477251424442, 0.5549699622197866]",stable,0.2810700260342708,3995,"[0.5963387621464497, 0.44534600966936544, 0.7778442625410437, 0.3482210948038241]"
"[0.5295047541488104, 0.3867206965403256, 0.8137987116962445, 0.5959051243263326]",stable,0.23829727290476554,3996,"[0.3768238515440347, 0.3259173230145455, 0.7533709825801103, 0.4342710574487375]"
"[0.3427184677519684, 0.26064684155221307, 0.7049227458915516, 0.4108488474966513]",stable,0.3313908757414453,3997,"[0.5698884769885388, 0.2794696117010743, 0.9440129008412983, 0.3844802950493177]"
"[0.5295047541488104, 0.3867206965403256, 0.8137987116962445, 0.5959051243263326]",stable,0.5379125751548732,3998,"[0.17128384679877107, 0.1721765015305219, 0.8262745916261324, 0.2570203934005618]"
"[0.3427184677519684, 0.26064684155221307, 0.7049227458915516, 0.4108488474966513]",stable,0.3095022785362686,3999,"[0.29300051344371003, 0.33770456292213535, 1.0, 0.42849274512833924]"
"[0.3937531238347033, 0.35468906151699153, 0.9133344237839122, 0.3494348140741474]",stable,0.24344478064066064,4000,"[0.5598848268908148, 0.23976263925446625, 0.8263782219257771, 0.4538194627788223]"
"[0.5295047541488104, 0.3867206965403256, 0.8137987116962445, 0.5959051243263326]",stable,0.3031105715905586,4001,"[0.31950000285868047, 0.27226081766160337, 1.0, 0.5973332022709157]"
"[0.5295047541488104, 0.3867206965403256, 0.8137987116962445, 0.5959051243263326]",stable,0.5300160179205592,4002,"[0.2223384921095631, 0.31795179245811234, 0.8702087934246976, 0.17322959010661507]"
"[0.3427184677519684, 0.26064684155221307, 0.7049227458915516, 0.4108488474966513]",stable,0.31446581818677366,4003,"[0.18317320104386992, 0.20297472986155402, 0.964855831999842, 0.4612748027010786]"
"[0.3427184677519684, 0.26064684155221307, 0.7049227458915516, 0.4108488474966513]",stable,0.3506570919563365,4004,"[0.19413344386798664, 0.336677388711724, 1.0, 0.3212293360992178]"
"[0.1393776181146269, 0.3172048634312215, 0.9510499900804958, 0.47186203614206546]",stable,0.4429279940194837,4005,"[0.5586175528870547, 0.32693334007418184, 0.8286700812197199, 0.3987074079387196]"
"[0.5295047541488104, 0.3867206965403256, 0.8137987116962445, 0.5959051243263326]",stable,0.3676765755305521,4006,"[0.3473148708787096, 0.2675237527479843, 1.0, 0.3654402041052976]"
"[0.3933845662715605, 0.35399727335215814, 0.9140222458173731, 0.3495618409791565]",stable,0.2666925695049926,4007,"[0.32017959867468415, 0.11816058029284068, 1.0, 0.29707527754742974]"
"[0.3427184677519684, 0.26064684155221307, 0.7049227458915516, 0.4108488474966513]",stable,0.29739944835611465,4008,"[0.24086811802310157, 0.18130600770519298, 0.9676198139115925, 0.3582349645306281]"
"[0.1393776181146269, 0.3172048634312215, 0.9510499900804958, 0.47186203614206546]",stable,0.3837821526317076,4009,"[0.3826567862840561, 0.23587054930548784, 0.6689834360941531, 0.4279624292943501]"
"[0.34308154337498736, 0.2604216025317883, 0.7045960248933933, 0.411004425512994]",stable,0.4039313459595353,4010,"[0.30066294906188834, 0.09311610096005371, 0.960295456648715, 0.15025959843291853]"
"[0.34308154337498736, 0.2604216025317883, 0.7045960248933933, 0.411004425512994]",stable,0.3264202907540711,4011,"[0.33618923782236954, 0.07893974524851854, 0.8640208535652206, 0.19157160704657802]"
"[0.34308154337498736, 0.2604216025317883, 0.7045960248933933, 0.411004425512994]",anomaly,0.46414775985353973,4012,"[0.46894241701515904, 0.0, 0.8874010779393433, 0.09738828278555939]"
"[0.34308154337498736, 0.2604216025317883, 0.7045960248933933, 0.411004425512994]",stable,0.322957491430026,4013,"[0.16172753565213827, 0.23911680516144934, 0.9409962455044689, 0.5337778202599004]"
"[0.13971119897339573, 0.31603937002420995, 0.9508999341913015, 0.47278615232292864]",stable,0.4163637819441579,4014,"[0.15818954432148025, 0.06873206143070046, 0.7782073557321969, 0.1863708627006393]"
"[0.34308154337498736, 0.2604216025317883, 0.7045960248933933, 0.411004425512994]",stable,0.38377903755739334,4015,"[0.26965587956820175, 0.062394074026158736, 1.0, 0.5351680715942018]"
"[0.13971119897339573, 0.31603937002420995, 0.9508999341913015, 0.47278615232292864]",stable,0.4340727665085225,4016,"[0.3504942545834132, 0.6862128011621171, 0.9988390402441133, 0.4044989420818231]"
"[0.5280734319174342, 0.4985637186415802, 0.6082477251424442, 0.5549699622197866]",stable,0.25385578403819437,4017,"[0.5542125449216802, 0.68299103563128, 0.7806584811047158, 0.5504310375127178]"
"[0.5280734319174342, 0.4985637186415802, 0.6082477251424442, 0.5549699622197866]",stable,0.23372598049395696,4018,"[0.48546415279469, 0.5692286542220364, 0.6738154074355727, 0.3463563739552179]"
"[0.3169152645922066, 0.42467307490982503, 0.37800915098232285, 0.4989336591323156]",stable,0.23840783362679435,4019,"[0.20325591013611205, 0.48809155097093104, 0.5225727536889334, 0.3610956819786396]"
"[0.3169152645922066, 0.42467307490982503, 0.37800915098232285, 0.4989336591323156]",stable,0.5497365703563974,4020,"[0.34642169138029333, 0.7565321392183876, 0.7172491129642025, 0.22302520113185512]"
"[0.1422314618590704, 0.45244652060767987, 0.3944120911149302, 0.28577886327898966]",stable,0.3103053809534494,4021,"[0.24525756854266034, 0.6297288182627798, 0.5694369234559432, 0.43944195511439343]"
"[0.5280734319174342, 0.4985637186415802, 0.6082477251424442, 0.5549699622197866]",stable,0.42425308024249386,4022,"[0.22102194841953912, 0.5343132628680305, 0.3421225796035172, 0.4383104594929539]"
"[0.3639386755016841, 0.4790560312669752, 0.6230056669135087, 0.31121659369387117]",stable,0.30425027422472267,4023,"[0.33158865873528, 0.4963676192954214, 0.40088998859054154, 0.5158788524131911]"
"[0.3639386755016841, 0.4790560312669752, 0.6230056669135087, 0.31121659369387117]",stable,0.27084317530851776,4024,"[0.3958840434891741, 0.4323166475523547, 0.623122168402024, 0.5760768125126379]"
"[0.5271554500533491, 0.4981036695367939, 0.6083510198873023, 0.5551165375690424]",stable,0.4186364692500253,4025,"[0.47039223144192055, 0.31293369621244915, 0.2648603573491527, 0.41454386551944744]"
"[0.3639386755016841, 0.4790560312669752, 0.6230056669135087, 0.31121659369387117]",stable,0.6348783275674038,4026,"[0.7708372870331186, 0.6139440992214626, 0.4803144902968374, 0.7572529688784854]"
"[0.6069206492655181, 0.6173801764816854, 0.40623361579070744, 0.6563945359039354]",stable,0.4843869291931019,4027,"[0.9942130362683645, 0.8438086537310521, 0.3603920095507485, 0.8332108133521222]"
"[0.9203148084439347, 0.8397844295844362, 0.3937503730876451, 0.6678081405990118]",stable,0.45730488519846124,4028,"[0.9023927163022621, 0.4901446322859693, 0.2709127521112419, 0.935145918807756]"
"[0.9282217019049452, 0.7695827971420102, 0.5285001448420985, 0.8521379947351303]",stable,0.47962170806811794,4029,"[0.8650249679219031, 0.6130749755289473, 0.10440719719772323, 0.7048504216127028]"
"[0.9282217019049452, 0.7695827971420102, 0.5285001448420985, 0.8521379947351303]",stable,0.13406122425738837,4030,"[1.0, 0.7136403670240298, 0.4366432503643892, 0.8167396441891924]"
"[0.9203148084439347, 0.8397844295844362, 0.3937503730876451, 0.6678081405990118]",stable,0.24510551552859527,4031,"[0.6760001872361516, 0.8556170840657011, 0.3965385908143352, 0.6791497674938367]"
"[0.6711531386536107, 0.7925729452306791, 0.43157311478035254, 0.49112784224108413]",stable,0.524898806767433,4032,"[1.0, 0.5641595899785806, 0.7412211465235914, 0.6301383983457208]"
"[0.9203148084439347, 0.8397844295844362, 0.3937503730876451, 0.6678081405990118]",stable,0.30904577382362425,4033,"[0.7711151725036609, 0.7607891637324309, 0.6380417429631033, 0.7534249235967134]"
"[0.6711531386536107, 0.7925729452306791, 0.43157311478035254, 0.49112784224108413]",stable,0.38254324811824036,4034,"[1.0, 0.6649838302904979, 0.4396831284622441, 0.6389599222857855]"
"[0.8859154200263704, 0.6271662186174113, 0.3482656950185668, 0.9130674630995539]",stable,0.24086462831429048,4035,"[0.8304028785677926, 0.8436621838499702, 0.29336280404908177, 0.8420090609573266]"
"[0.924387092777487, 0.6818139267545351, 0.1900555871290679, 0.5643568072760803]",stable,0.47232087593386735,4036,"[1.0, 0.4855844883163469, 0.5968141473284678, 0.6801634534542672]"
"[0.9203148084439347, 0.8397844295844362, 0.3937503730876451, 0.6678081405990118]",stable,0.23264894237011396,4037,"[0.859278234887276, 1.0, 0.40285648058222623, 0.8248053280805329]"
"[0.9198967497209439, 0.8408817965050908, 0.39381274368692304, 0.6688834638009401]",stable,0.27379709848797645,4038,"[0.7605472975320331, 0.9537818912265812, 0.2032665956935742, 0.6916504865378728]"
"[0.924387092777487, 0.6818139267545351, 0.1900555871290679, 0.5643568072760803]",stable,0.5048153533150025,4039,"[0.739829910506374, 0.8269518018250671, 0.6336796614694995, 0.6182999745941371]"
"[0.5271554500533491, 0.4981036695367939, 0.6083510198873023, 0.5551165375690424]",stable,0.7028241899408371,4040,"[1.0, 0.6820187104014235, 0.20594975169756477, 0.828298437875039]"
"[0.924387092777487, 0.6818139267545351, 0.1900555871290679, 0.5643568072760803]",stable,0.4581343168483213,4041,"[1.0, 0.6500236519158156, 0.5800305667964365, 0.7903626350649934]"
"[0.9198967497209439, 0.8408817965050908, 0.39381274368692304, 0.6688834638009401]",stable,0.2770426222247807,4042,"[0.8681862722800172, 0.6495565114332044, 0.5866092131610533, 0.686284547171987]"
"[0.9198967497209439, 0.8408817965050908, 0.39381274368692304, 0.6688834638009401]",stable,0.1800615393866059,4043,"[0.8849956108928282, 0.7323634751569434, 0.2573558853979333, 0.6972976896825936]"
"[0.9198967497209439, 0.8408817965050908, 0.39381274368692304, 0.6688834638009401]",stable,0.16883139370856848,4044,"[0.8065238870954202, 0.8375102995412835, 0.42615623141925896, 0.7896856381654898]"
"[0.919125505757505, 0.8408588611515954, 0.3940327674129933, 0.6697052473000187]",stable,0.7756611267783177,4045,"[0.3152679687227518, 0.47000787357796675, 0.5415883449757943, 0.9484581039797371]"
"[0.5271554500533491, 0.4981036695367939, 0.6083510198873023, 0.5551165375690424]",stable,0.31925814384851076,4046,"[0.6368404614796466, 0.5706756833414427, 0.8161856924261703, 0.35156553073044006]"
"[0.3933845662715605, 0.35399727335215814, 0.9140222458173731, 0.3495618409791565]",stable,0.3121557929955818,4047,"[0.4557960917761576, 0.36993250455140425, 0.9124768068533867, 0.6549955008955526]"
"[0.36710869958476294, 0.6024314936959407, 0.8767266145013913, 0.48045050110572735]",stable,0.3887350351464699,4048,"[0.31205449533623103, 0.5141380812904368, 0.5366960814592264, 0.32339168387555417]"
"[0.31759693482635865, 0.4253296348498856, 0.37681901393134404, 0.497725472340133]",stable,0.3582873345622616,4049,"[0.5258910951747267, 0.3739112273154565, 0.5941685780365823, 0.6850718660134156]"
"[0.527146730364531, 0.49724716993526746, 0.6082532099435043, 0.5560127812134864]",stable,0.5002279635092581,4050,"[0.4116994082202336, 0.2060408816562549, 0.9636215851952946, 0.3953511902093079]"
"[0.39352877762548705, 0.35283226239392274, 0.9144127917967269, 0.34992238703608686]",stable,0.40639473016565103,4051,"[0.49198597667414756, 0.4276590257390444, 0.5487940466902383, 0.22269524615822836]"
"[0.527146730364531, 0.49724716993526746, 0.6082532099435043, 0.5560127812134864]",anomaly,0.46885890383289164,4052,"[0.8051708983080509, 0.17357739515755952, 0.45967710837545167, 0.430736076751397]"
"[0.527146730364531, 0.49724716993526746, 0.6082532099435043, 0.5560127812134864]",stable,0.10905529666455871,4053,"[0.4886553295207188, 0.5825522784885164, 0.555050925437506, 0.5734490987644233]"
"[0.5268830906327241, 0.49783145150070074, 0.6078888107345591, 0.5561322080460271]",stable,0.3288994852412289,4054,"[0.6239662891125872, 0.6083591468196317, 0.42913367988105366, 0.7897557422327537]"
"[0.6070350495329482, 0.6173196326584501, 0.4063873074960118, 0.6572895775571489]",stable,0.327659487456943,4055,"[0.6919416269701916, 0.6355517806617493, 0.4282837879157093, 0.34210749406753244]"
"[0.6951563629382901, 0.3728595711871103, 0.5175928041404679, 0.7166828377168827]",stable,0.24376041833218048,4056,"[0.8653858528841507, 0.27516460037434093, 0.4008332888375517, 0.6314539074034499]"
"[0.7557034940306726, 0.5011443372884471, 0.45668140980936844, 0.4683195265147037]",stable,0.39698108415588074,4057,"[0.7921951806757381, 0.3851437694274221, 0.5091467765381513, 0.8425568730386855]"
"[0.6985828797034607, 0.3717645612823352, 0.5159876048724522, 0.7172039288067336]",stable,0.4429465665250536,4058,"[1.0, 0.612258101972036, 0.3341176076034975, 0.5970559310356641]"
"[0.8859154200263704, 0.6271662186174113, 0.3482656950185668, 0.9130674630995539]",stable,0.4196843647062067,4059,"[1.0, 0.43021489149011366, 0.5538342259944335, 0.6265863495749219]"
"[0.919125505757505, 0.8408588611515954, 0.3940327674129933, 0.6697052473000187]",anomaly,0.45945316545977,4060,"[1.0, 0.6968500833714587, 0.5244084264175444, 0.2612689770038761]"
"[0.919125505757505, 0.8408588611515954, 0.3940327674129933, 0.6697052473000187]",stable,0.524791595680552,4061,"[0.9817669918496851, 0.3709096691942347, 0.436240247025818, 0.8907223252837346]"
"[0.9182368751689525, 0.6268904206048946, 0.6140846160779306, 0.6255953009186713]",stable,0.44908468266021284,4062,"[0.7733129401360528, 0.40863182255933606, 0.24988758812856504, 0.6455405877463962]"
"[0.8859154200263704, 0.6271662186174113, 0.3482656950185668, 0.9130674630995539]",stable,0.5570866761283585,4063,"[0.7355480867194508, 0.6275794479809008, 0.545723199624281, 0.4143234476865508]"
"[0.6985828797034607, 0.3717645612823352, 0.5159876048724522, 0.7172039288067336]",stable,0.5078986248715527,4064,"[0.7247710589266396, 0.7685935714252279, 0.6991890401146721, 0.4598342273079138]"
"[0.5268830906327241, 0.49783145150070074, 0.6078888107345591, 0.5561322080460271]",stable,0.4738602252926983,4065,"[0.8195878598544114, 0.5917892194551916, 0.9488118727797816, 0.6736517161969932]"
"[0.6538193948797038, 0.6548168206829212, 0.9002735632780732, 0.640378638274019]",stable,0.5145274244080587,4066,"[0.255121967604911, 0.5804850436362247, 0.6141924309297323, 0.7760665323096443]"
"[0.5268830906327241, 0.49783145150070074, 0.6078888107345591, 0.5561322080460271]",stable,0.22800389679503907,4067,"[0.35568742210468085, 0.46404611973195803, 0.7527110952127127, 0.5798572434888648]"
"[0.34308154337498736, 0.2604216025317883, 0.7045960248933933, 0.411004425512994]",stable,0.5060383374412806,4068,"[0.4726088726425208, 0.48384107050768155, 0.5503456188455442, 0.8179295089086945]"
"[0.21720778192637744, 0.4164582963337757, 0.7354877613131042, 0.5853690904243054]",stable,0.28909821753666787,4069,"[0.343392714607146, 0.5301087619608278, 0.6169940551900823, 0.38363174777497433]"
"[0.5268830906327241, 0.49783145150070074, 0.6078888107345591, 0.5561322080460271]",stable,0.36829456337021366,4070,"[0.1988425664981239, 0.6538332290168328, 0.5703287444084633, 0.5083515973033877]"
"[0.5268830906327241, 0.49783145150070074, 0.6078888107345591, 0.5561322080460271]",stable,0.2962955220239179,4071,"[0.41562020849027387, 0.5901345289734349, 0.3601392937465986, 0.48188986062842487]"
"[0.29991843904633086, 0.7106142973589084, 0.26437801139613115, 0.44106144510078354]",stable,0.32307628363404767,4072,"[0.3104069070086269, 0.6523053090917441, 0.43134423186655935, 0.17089368204295388]"
"[0.1422314618590704, 0.45244652060767987, 0.3944120911149302, 0.28577886327898966]",stable,0.33273929746381675,4073,"[0.27049802900143366, 0.7170565883652485, 0.3442541548743493, 0.4331858553236301]"
"[0.1422314618590704, 0.45244652060767987, 0.3944120911149302, 0.28577886327898966]",stable,0.38703623917000574,4074,"[0.03163631187942734, 0.755040835128505, 0.19432304436583742, 0.20853368593727165]"
"[0.11475485188754397, 0.7451196577599689, 0.3391311208869743, 0.2757164614177897]",stable,0.26696882187360843,4075,"[0.3707112531678911, 0.7147536734741877, 0.38805667257406795, 0.2262910642351106]"
"[0.2996328039973513, 0.7106768438735331, 0.2651535079347546, 0.44098498306411216]",stable,0.4034790552108338,4076,"[0.27714864490888536, 0.6435312272025825, 0.16328875553599312, 0.05705159175185809]"
"[0.1422314618590704, 0.45244652060767987, 0.3944120911149302, 0.28577886327898966]",stable,0.5759499582309996,4077,"[0.0, 0.8733640734474524, 0.1381993855539626, 0.547832348018705]"
"[0.4388519471100768, 0.5845990472038834, 0.36492144635657825, 0.3016599676759136]",stable,0.3214516750648773,4078,"[0.25944568906707954, 0.6700380897862965, 0.26224519198486984, 0.5325329430710901]"
"[0.1422314618590704, 0.45244652060767987, 0.3944120911149302, 0.28577886327898966]",stable,0.22174642796517283,4079,"[0.22081162420481928, 0.5570352748824275, 0.41894739936735415, 0.1084208988983498]"
"[0.31759693482635865, 0.4253296348498856, 0.37681901393134404, 0.497725472340133]",stable,0.46230763625859345,4080,"[0.1259216178380113, 0.6329716575956, 0.517642775708992, 0.16002385565865343]"
"[0.14297984435760133, 0.45344260398172515, 0.39464576071733426, 0.28408973980869784]",stable,0.2735669416604972,4081,"[0.08901157532933571, 0.4322465417641884, 0.20424231188096664, 0.09641035595085987]"
"[0.14297984435760133, 0.45344260398172515, 0.39464576071733426, 0.28408973980869784]",stable,0.16550200130294174,4082,"[0.23506858776792838, 0.5896601251848366, 0.3764864271297327, 0.2790299677466407]"
"[0.31759693482635865, 0.4253296348498856, 0.37681901393134404, 0.497725472340133]",stable,0.4075202520347802,4083,"[0.09133831327985517, 0.4704964139019497, 0.37392739654622026, 0.16182162804339534]"
"[0.31759693482635865, 0.4253296348498856, 0.37681901393134404, 0.497725472340133]",stable,0.43640316856074396,4084,"[0.46904230445807504, 0.8188223663086509, 0.2780780018909473, 0.4436356546539163]"
"[0.14335785568781237, 0.45487504632867215, 0.3942824177476267, 0.2828997595860122]",stable,0.5246476590463073,4085,"[0.03932675220378801, 0.9646309320194268, 0.37992111659493816, 0.216753061380413]"
"[0.11401536071417381, 0.7472717290762381, 0.33953102280567976, 0.27513838886840364]",stable,0.27207887237811595,4086,"[0.0, 0.9848626168579482, 0.2727741360655531, 0.2861610215679302]"
"[0.4388519471100768, 0.5845990472038834, 0.36492144635657825, 0.3016599676759136]",stable,0.5581667506665804,4087,"[0.05998243648039875, 0.7256703363648432, 0.0, 0.42388617120201794]"
"[0.14335785568781237, 0.45487504632867215, 0.3942824177476267, 0.2828997595860122]",stable,0.3984238265817777,4088,"[0.08791032707442181, 0.7778500888176781, 0.27665119133597205, 0.4765931607664565]"
"[0.4388519471100768, 0.5845990472038834, 0.36492144635657825, 0.3016599676759136]",stable,0.30713109623678275,4089,"[0.2816342127666786, 0.5845309642842387, 0.13239588123533583, 0.42633535102523196]"
"[0.14335785568781237, 0.45487504632867215, 0.3942824177476267, 0.2828997595860122]",stable,0.2424133444281794,4090,"[0.0, 0.6216345171455155, 0.3879260424584488, 0.3847016758524411]"
"[0.4388519471100768, 0.5845990472038834, 0.36492144635657825, 0.3016599676759136]",stable,0.4533849552952261,4091,"[0.19768520014191113, 0.9665681957764463, 0.32624372099501864, 0.3020077383677243]"
"[0.4388519471100768, 0.5845990472038834, 0.36492144635657825, 0.3016599676759136]",stable,0.45096287365867344,4092,"[0.2884944184547426, 0.2702395117962994, 0.392880361497966, 0.5865397819092032]"
"[0.3643568496378682, 0.4793172175465947, 0.6217535404668847, 0.3111870365264061]",stable,0.30478442539420103,4093,"[0.45254379588143845, 0.2614426216060723, 0.6978509771447282, 0.48967078662686386]"
"[0.3440676897939644, 0.2604308009018269, 0.7045352586974594, 0.4117131314689748]",stable,0.6094181253702945,4094,"[0.09387743536949036, 0.7266830856747375, 1.0, 0.347645341496756]"
"[0.3173249486920445, 0.4238801944475156, 0.3769691199833685, 0.4985555126164794]",stable,0.3525901552900155,4095,"[0.08040289534734976, 0.28033933193590466, 0.559407440629067, 0.37897274548103066]"
"[0.3643568496378682, 0.4793172175465947, 0.6217535404668847, 0.3111870365264061]",stable,0.4492361697586498,4096,"[0.0, 0.3667543149352998, 0.7430465125104554, 0.5153311773434964]"
"[0.3440676897939644, 0.2604308009018269, 0.7045352586974594, 0.4117131314689748]",stable,0.29029903985493627,4097,"[0.25160408537026946, 0.39052285279510335, 0.5247099604148854, 0.5743874519054122]"
"[0.3643568496378682, 0.4793172175465947, 0.6217535404668847, 0.3111870365264061]",stable,0.42041025112919367,4098,"[0.15216515226854233, 0.1897305929035523, 0.8404337914434389, 0.30502282670542724]"
"[0.13971119897339573, 0.31603937002420995, 0.9508999341913015, 0.47278615232292864]",stable,0.4826792118115865,4099,"[0.12907456879855267, 0.4124230407115674, 0.49816368067075195, 0.3363817668121037]"
"[0.3167164221798058, 0.42357133017295623, 0.3783370907281048, 0.499257660202488]",stable,0.18045595364174227,4100,"[0.2566445851322211, 0.3458584018826277, 0.43583555749045383, 0.3592206911728765]"
"[0.3167164221798058, 0.42357133017295623, 0.3783370907281048, 0.499257660202488]",stable,0.5202249420066638,4101,"[0.14741004949689304, 0.4043688049659008, 0.7904495187718876, 0.23136971323151723]"
"[0.3167164221798058, 0.42357133017295623, 0.3783370907281048, 0.499257660202488]",stable,0.45521140007954203,4102,"[0.039406635556566594, 0.5600945440529573, 0.6770919029909594, 0.34951229223735747]"
"[0.3167164221798058, 0.42357133017295623, 0.3783370907281048, 0.499257660202488]",stable,0.41384962307342893,4103,"[0.3888170884590493, 0.5886313947699092, 0.6491083418998018, 0.24330627994781578]"
"[0.5268830906327241, 0.49783145150070074, 0.6078888107345591, 0.5561322080460271]",stable,0.4115792584864394,4104,"[0.2848239776022323, 0.4954343835028026, 0.3608851329589664, 0.3329992677492536]"
"[0.3167164221798058, 0.42357133017295623, 0.3783370907281048, 0.499257660202488]",stable,0.12773355150378302,4105,"[0.3711096589022743, 0.44774874325321024, 0.3641123662859448, 0.611375214090871]"
"[0.36453938873354863, 0.4801329949885597, 0.6219576807760856, 0.3106804637161182]",stable,0.3980846289656777,4106,"[0.17600424195028078, 0.38739340857068805, 0.32425897480291377, 0.15036602325895276]"
"[0.04798543536298914, 0.5713008527382692, 0.18545902285814475, 0.39811137987420187]",stable,0.2782540067043342,4107,"[0.2077756148100151, 0.3781361947073377, 0.12436369726290697, 0.5022611128431733]"
"[0.14554394263753573, 0.45386677984786294, 0.3953009370010566, 0.2845352363767049]",stable,0.2735145888060194,4108,"[0.0, 0.5956146356539403, 0.559993303084724, 0.364604962112406]"
"[0.4388519471100768, 0.5845990472038834, 0.36492144635657825, 0.3016599676759136]",stable,0.564734208153412,4109,"[0.018776138916435314, 0.6688825736501023, 0.6583556678769114, 0.07972825286330315]"
"[0.14554394263753573, 0.45386677984786294, 0.3953009370010566, 0.2845352363767049]",stable,0.3240849435381537,4110,"[0.09443472203846619, 0.6811635829565127, 0.43267284355793767, 0.506702745465625]"
"[0.4388519471100768, 0.5845990472038834, 0.36492144635657825, 0.3016599676759136]",stable,0.48397829364303047,4111,"[0.07954086974177148, 0.29631586254911835, 0.46591520671162073, 0.4103963655043409]"
"[0.3172154427001954, 0.42379314130213286, 0.3782065886690024, 0.500286261614308]",stable,0.6520736304623216,4112,"[0.04159903491717448, 0.1043516177378424, 0.8522232055710135, 0.35028301088688935]"
"[0.13971119897339573, 0.31603937002420995, 0.9508999341913015, 0.47278615232292864]",stable,0.31353637739487694,4113,"[0.1432178891699153, 0.46826358767055115, 0.849693102417218, 0.21807508495839487]"
"[0.3172154427001954, 0.42379314130213286, 0.3782065886690024, 0.500286261614308]",stable,0.3386463298464866,4114,"[0.07131797984089991, 0.514563579791641, 0.41470188055218826, 0.28899358392612995]"
"[0.3172154427001954, 0.42379314130213286, 0.3782065886690024, 0.500286261614308]",stable,0.5524013569529589,4115,"[0.1616062018640066, 0.3037295427360666, 0.8937904423016537, 0.4739985172735221]"
"[0.14003318431002237, 0.3158583431523255, 0.9500600887223359, 0.4728039812192609]",stable,0.4299411470084442,4116,"[0.5025481167366457, 0.2503098122168873, 0.7340477546284669, 0.42306088853110985]"
"[0.3454826936059527, 0.26034043493142567, 0.7047987631254148, 0.4118144507284582]",stable,0.2196309083158197,4117,"[0.37902628446565606, 0.17770465712691358, 0.6490834691310873, 0.2189940741038966]"
"[0.34577953954276425, 0.2596091448623592, 0.7043057074263499, 0.41010807571408153]",stable,0.32897902073794855,4118,"[0.1614680721297487, 0.39626194296597556, 0.8931051229969835, 0.26890866878756514]"
"[0.3172154427001954, 0.42379314130213286, 0.3782065886690024, 0.500286261614308]",anomaly,0.7064634501866537,4119,"[0.43275444692406406, 0.7226447690298361, 0.911001210796377, 0.1647882136479483]"
"[0.3172154427001954, 0.42379314130213286, 0.3782065886690024, 0.500286261614308]",stable,0.275503317914362,4120,"[0.2122935331052554, 0.4523135161639966, 0.6055804534261938, 0.38901548866880153]"
"[0.5268830906327241, 0.49783145150070074, 0.6078888107345591, 0.5561322080460271]",stable,0.655559817368936,4121,"[0.08331843128803897, 0.6141337088076115, 0.4264853775040088, 0.12418817638600696]"
"[0.11371733227314337, 0.7459791269377077, 0.34037523984158585, 0.2736728528248852]",stable,0.554180347970247,4122,"[0.4676258803087421, 0.4346980670935183, 0.451236237096086, 0.5432624275004913]"
"[0.3634116416548205, 0.47992692477504445, 0.6218363679809013, 0.3112607231602122]",stable,0.2778477536842255,4123,"[0.23894119199827735, 0.34737662093657107, 0.412467128175159, 0.32862216794922644]"
"[0.3185828103148186, 0.4238922769911455, 0.37887049456379407, 0.5006769540314552]",stable,0.2787287065962227,4124,"[0.45228398285205884, 0.5281567385087261, 0.42534500803734476, 0.2843837964771395]"
"[0.3008634933833556, 0.7113197654768464, 0.26524890010624325, 0.44188211288884344]",stable,0.4244190756572724,4125,"[0.1243375827699974, 0.6818547202416624, 0.3341866417236407, 0.06326680211301167]"
"[0.14512950205052988, 0.45206727297825006, 0.3962494450049132, 0.2860786559187366]",stable,0.34134931858428846,4126,"[0.15501506582063754, 0.7002736901545195, 0.30741135066898007, 0.5026958306629954]"
"[0.14512950205052988, 0.45206727297825006, 0.3962494450049132, 0.2860786559187366]",stable,0.20052854853228935,4127,"[0.07864944525005578, 0.623302219542275, 0.3535856765686493, 0.2178841050931405]"
"[0.11338014105176754, 0.7447995412896748, 0.3405022632716538, 0.2731364225582338]",stable,0.25131433968742095,4128,"[0.14543148098005818, 0.5537053086032997, 0.1895247453877141, 0.2200290570715543]"
"[0.14512950205052988, 0.45206727297825006, 0.3962494450049132, 0.2860786559187366]",stable,0.3065990600627992,4129,"[0.056127975888220466, 0.7112704087292661, 0.3479741341194603, 0.1573737968499161]"
"[0.11283488233592423, 0.7444802162176709, 0.3405734239463948, 0.27203392136101173]",stable,0.2651223908756364,4130,"[0.07823926857470179, 0.829019777068949, 0.10630070125162591, 0.3560718872118758]"
"[0.43896026997896376, 0.5841438672950515, 0.36540873314432637, 0.3015206437146331]",stable,0.37809008264958716,4131,"[0.24179349074347944, 0.5158030914047003, 0.10705999521001702, 0.12079200812433222]"
"[0.14512950205052988, 0.45206727297825006, 0.3962494450049132, 0.2860786559187366]",stable,0.3292066950539427,4132,"[0.12070520517581848, 0.7237896077886344, 0.33043971704656966, 0.4581732643809362]"
"[0.43896026997896376, 0.5841438672950515, 0.36540873314432637, 0.3015206437146331]",stable,0.4323151656604613,4133,"[0.029503894112797205, 0.4477478791210783, 0.3903092138350059, 0.3057608316815883]"
"[0.3185828103148186, 0.4238922769911455, 0.37887049456379407, 0.5006769540314552]",stable,0.4892198128402043,4134,"[0.3345203093948235, 0.8120048722718508, 0.08146461646310496, 0.5012921402739298]"
"[0.14411524233177783, 0.45202938355845035, 0.3961973377139491, 0.28625130658332304]",stable,0.31897843109960006,4135,"[0.045524578189173465, 0.668573963953124, 0.23324577823810452, 0.1499341968106775]"
"[0.14411524233177783, 0.45202938355845035, 0.3961973377139491, 0.28625130658332304]",stable,0.21218598438943936,4136,"[0.1884879348521328, 0.4169542961592543, 0.6007038618682645, 0.2871321879990644]"
"[0.5268830906327241, 0.49783145150070074, 0.6078888107345591, 0.5561322080460271]",stable,0.6511946488552606,4137,"[0.18184972590310008, 0.9792838527487282, 0.3479630600090192, 0.4809747908248818]"
"[0.43896026997896376, 0.5841438672950515, 0.36540873314432637, 0.3015206437146331]",stable,0.32195228837270196,4138,"[0.15521240356494947, 0.4936912337716628, 0.2640810006795119, 0.37001470196888364]"
"[0.14411524233177783, 0.45202938355845035, 0.3961973377139491, 0.28625130658332304]",stable,0.05270211932868484,4139,"[0.18694389368297493, 0.4422662252569272, 0.39654576749237974, 0.257134655988836]"
"[0.3185828103148186, 0.4238922769911455, 0.37887049456379407, 0.5006769540314552]",stable,0.42919397895724876,4140,"[0.19248470004902257, 0.6439649659040657, 0.09507928764559026, 0.3023406219309126]"
"[0.14448766538700564, 0.45194448652974145, 0.39620036753810933, 0.285998118317284]",stable,0.30935011862112644,4141,"[0.2936874196217113, 0.4379585339319313, 0.4323499786192725, 0.5542042479560767]"
"[0.3621254379283302, 0.47946389074110485, 0.6216809819065436, 0.31108330746049784]",stable,0.45309211919518105,4142,"[0.6580984613597592, 0.8048879405195363, 0.7276123154879469, 0.3349617133769179]"
"[0.5268830906327241, 0.49783145150070074, 0.6078888107345591, 0.5561322080460271]",stable,0.5243929607804452,4143,"[0.166725660052556, 0.663378987422989, 0.7506834590854891, 0.24391705103668873]"
"[0.3621254379283302, 0.47946389074110485, 0.6216809819065436, 0.31108330746049784]",stable,0.3542030533569869,4144,"[0.10136776623282565, 0.428242824948227, 0.7151129043549277, 0.5258206305927209]"
"[0.34577953954276425, 0.2596091448623592, 0.7043057074263499, 0.41010807571408153]",anomaly,0.46274060912765946,4145,"[0.281871381114183, 0.39156282078677274, 0.8623924678383189, 0.0006676988402463113]"
"[0.34577953954276425, 0.2596091448623592, 0.7043057074263499, 0.41010807571408153]",stable,0.4473814117200365,4146,"[0.5275973063885099, 0.6539761872540162, 0.8114997867471287, 0.4013620797349766]"
"[0.5268830906327241, 0.49783145150070074, 0.6078888107345591, 0.5561322080460271]",stable,0.43674211150102193,4147,"[0.4655631267761037, 0.5782314112872349, 1.0, 0.3925223192551623]"
"[0.5268830906327241, 0.49783145150070074, 0.6078888107345591, 0.5561322080460271]",stable,0.443804138728616,4148,"[0.38248401762969775, 0.39906902027850605, 1.0, 0.4438565708826683]"
"[0.39344249043802, 0.353193487064896, 0.915081441860815, 0.35065624784738825]",stable,0.2328244605088235,4149,"[0.5072148883991188, 0.4663591152009422, 0.8525215051468298, 0.5073178762071189]"
"[0.3698060228555451, 0.6027163333954133, 0.8773312661445617, 0.4787107448221721]",stable,0.3641298278125077,4150,"[0.18213701024862025, 0.7552735763723349, 0.6188123383500058, 0.3934750433987539]"
"[0.10263829477032743, 0.5827767784960941, 0.4813052695010079, 0.45854569523142286]",stable,0.61033080838921,4151,"[0.3485293326411542, 0.8579315667087258, 0.8698201606905905, 0.7507567747808519]"
"[0.6842328126926603, 0.7228303665094956, 0.6917176093569131, 0.48195798487521063]",stable,0.5789787178238703,4152,"[0.2146100741071153, 0.7298064551501, 0.4561696819567564, 0.2387721563794806]"
"[0.10263829477032743, 0.5827767784960941, 0.4813052695010079, 0.45854569523142286]",stable,0.45507591428749966,4153,"[0.23281588798246705, 0.6121401991067733, 0.18012432960643562, 0.14457800109019306]"
"[0.14448766538700564, 0.45194448652974145, 0.39620036753810933, 0.285998118317284]",stable,0.5332586516063443,4154,"[0.1069779956304648, 0.9665064665595832, 0.5231952186609504, 0.33134225447432164]"
"[0.43896026997896376, 0.5841438672950515, 0.36540873314432637, 0.3015206437146331]",stable,0.4270098554704814,4155,"[0.14948910943670735, 0.4828819250374829, 0.6465983227046154, 0.20548784902249825]"
"[0.10263829477032743, 0.5827767784960941, 0.4813052695010079, 0.45854569523142286]",stable,0.09604204666805514,4156,"[0.09454736647331322, 0.573675625150023, 0.38664948535403765, 0.4477724346862149]"
"[0.43896026997896376, 0.5841438672950515, 0.36540873314432637, 0.3015206437146331]",stable,0.44492516909009533,4157,"[0.2698713579302587, 0.717235524961201, 0.7533785615138717, 0.2678550998066965]"
"[0.10258091230013584, 0.5827122313092425, 0.4806339518829443, 0.45846928912826534]",stable,0.4006768783568851,4158,"[0.24513746561627808, 0.4103956683681182, 0.15105843996714025, 0.5021336228347728]"
"[0.14448766538700564, 0.45194448652974145, 0.39620036753810933, 0.285998118317284]",stable,0.2737434132615201,4159,"[0.2681186429269178, 0.5231551022726174, 0.2096632503695418, 0.42665297895335896]"
"[0.14448766538700564, 0.45194448652974145, 0.39620036753810933, 0.285998118317284]",stable,0.3413909963254013,4160,"[0.18063386165618384, 0.5492465598402565, 0.07282007198403165, 0.32062117196875695]"
"[0.2417901344187631, 0.5272576828261354, 0.10362724469758913, 0.4873737708825381]",stable,0.4541563572056609,4161,"[0.14823325290533257, 0.6094791389019771, 0.0, 0.06310247438824049]"
"[0.14448766538700564, 0.45194448652974145, 0.39620036753810933, 0.285998118317284]",stable,0.22878086152148516,4162,"[0.09015078776466323, 0.39746253384712144, 0.2309073898758465, 0.14780211730351012]"
"[0.05026686021835, 0.5696495842496181, 0.18713183089689728, 0.3975135782166419]",stable,0.4058578481999224,4163,"[0.4314546860158236, 0.5435837986318626, 0.27323958281375416, 0.2911065094231617]"
"[0.29981497364923176, 0.7121575134345349, 0.2639253315727815, 0.4430056992922008]",stable,0.2903764311437533,4164,"[0.42448899856757016, 0.45105093238736693, 0.2410160052739403, 0.45157164213793277]"
"[0.3621254379283302, 0.47946389074110485, 0.6216809819065436, 0.31108330746049784]",stable,0.31421092900374614,4165,"[0.47010898429969294, 0.7377746948091455, 0.548956180692174, 0.18838573858273366]"
"[0.10258091230013584, 0.5827122313092425, 0.4806339518829443, 0.45846928912826534]",stable,0.45325136575393604,4166,"[0.045013161857019715, 0.7737817379548281, 0.0824382418773959, 0.37447301045999837]"
"[0.14448766538700564, 0.45194448652974145, 0.39620036753810933, 0.285998118317284]",anomaly,0.5806011753972443,4167,"[0.32589460229025413, 0.8273468854713787, 0.0, 0.3652922274778857]"
"[0.14448766538700564, 0.45194448652974145, 0.39620036753810933, 0.285998118317284]",stable,0.2798197312281464,4168,"[0.37025806831609076, 0.5719183550985637, 0.507397741351622, 0.26216070940944464]"
"[0.5268830906327241, 0.49783145150070074, 0.6078888107345591, 0.5561322080460271]",stable,0.7732074105266621,4169,"[0.1665934706089895, 0.6935495349692242, 0.13197381035405523, 0.10531025470664948]"
"[0.14448766538700564, 0.45194448652974145, 0.39620036753810933, 0.285998118317284]",stable,0.40275820333226864,4170,"[0.0, 0.6667582428665627, 0.08929019577520803, 0.3176000400844952]"
"[0.14448766538700564, 0.45194448652974145, 0.39620036753810933, 0.285998118317284]",stable,0.3451728106703549,4171,"[0.0605085946386657, 0.7771725666076346, 0.36581832386638025, 0.3594515883067587]"
"[0.11234123811236518, 0.7447886346175763, 0.3408115833796022, 0.272858616332198]",stable,0.4656406962488191,4172,"[0.2964110340770844, 0.33620076000475174, 0.2878684755231542, 0.15799981489988757]"
"[0.04913378759427489, 0.5757973559296621, 0.18299845897564848, 0.3954124740148299]",stable,0.2137901923642964,4173,"[0.1948409222516267, 0.6399271743663585, 0.2302497884885254, 0.2607634654494153]"
"[0.14448766538700564, 0.45194448652974145, 0.39620036753810933, 0.285998118317284]",anomaly,0.4993543188637504,4174,"[0.22309024145880785, 0.38556138714144383, 0.0, 0.0]"
"[0.14448766538700564, 0.45194448652974145, 0.39620036753810933, 0.285998118317284]",stable,0.31725372620374725,4175,"[0.28815317476100216, 0.5915363928381037, 0.17416075381945625, 0.18006107173139368]"
"[0.14448766538700564, 0.45194448652974145, 0.39620036753810933, 0.285998118317284]",stable,0.2609112346498821,4176,"[0.06620551003653663, 0.640134617663614, 0.3480455325524868, 0.44160069841007743]"
"[0.43890022530725864, 0.583819386745746, 0.36467137994168175, 0.3014373306403013]",stable,0.5320563047389805,4177,"[0.2328593372487599, 0.2524821307846536, 0.003498845703205966, 0.32146449180944003]"
"[0.04913378759427489, 0.5757973559296621, 0.18299845897564848, 0.3954124740148299]",stable,0.4428807714401324,4178,"[0.3119644215610213, 0.6332475076190653, 0.49021979122004733, 0.22401244879637716]"
"[0.1023247474954626, 0.5831166143117381, 0.47970023062005374, 0.4583504962358837]",stable,0.29685920457509596,4179,"[0.0, 0.780766221300676, 0.31261552211087246, 0.3550433501593957]"
"[0.11129131999916551, 0.7451248737454557, 0.3405480687883057, 0.2736266979567512]",stable,0.06186688721963393,4180,"[0.10213456349176202, 0.804515343326152, 0.355237687423711, 0.27281875498737795]"
"[0.11120653521668954, 0.7456747855008325, 0.3406840837756705, 0.2736192170033311]",stable,0.37971317153369893,4181,"[0.1467883927044262, 0.46600810765047834, 0.21651131131356524, 0.4956185321669665]"
"[0.2392900885841753, 0.5256458519004602, 0.10659787802958849, 0.48759073828475985]",stable,0.4226867850384466,4182,"[0.0, 0.44531637680179614, 0.44379534458386716, 0.5229378135706265]"
"[0.43890022530725864, 0.583819386745746, 0.36467137994168175, 0.3014373306403013]",stable,0.5239869745824595,4183,"[0.0, 0.7931239916858092, 0.17206293050291163, 0.3334140301728269]"
"[0.11018629177433459, 0.7461100993190434, 0.33913710071812225, 0.2741677932709411]",stable,0.2104447841605636,4184,"[0.0, 0.7861349179349038, 0.2363151280502828, 0.41548886076220004]"
"[0.43890022530725864, 0.583819386745746, 0.36467137994168175, 0.3014373306403013]",anomaly,0.6151656518276908,4185,"[0.0, 0.7758364005438345, 0.0239758056647546, 0.12018787962318858]"
"[0.43890022530725864, 0.583819386745746, 0.36467137994168175, 0.3014373306403013]",stable,0.2835135049728368,4186,"[0.2145974544916665, 0.6906015884947881, 0.32075420830500423, 0.17206570341279778]"
"[0.11113548416267398, 0.7456054764933683, 0.33896998351436664, 0.2732395924540489]",stable,0.26940977247532255,4187,"[0.19358933038801332, 0.6668860803516719, 0.369004900779477, 0.515487707335915]"
"[0.14448766538700564, 0.45194448652974145, 0.39620036753810933, 0.285998118317284]",stable,0.48896703531858765,4188,"[0.3803982781830093, 0.7421715545713888, 0.7109843266022068, 0.2966870139732712]"
"[0.10160918982066916, 0.5821529762871931, 0.47944914750091955, 0.4588021557976651]",stable,0.34307042202826177,4189,"[0.2467417490220281, 0.34427253015286935, 0.2878195247340529, 0.40114076702253065]"
"[0.36218480019393423, 0.4801387408459038, 0.6208467976689165, 0.31072620820465074]",stable,0.2784622903653014,4190,"[0.256573498529111, 0.4565812488941572, 0.4939817963752615, 0.533745974449384]"
"[0.36218480019393423, 0.4801387408459038, 0.6208467976689165, 0.31072620820465074]",stable,0.4219471183574768,4191,"[0.3169483717832654, 0.717594574537385, 0.46900152505409776, 0.0]"
"[0.10160918982066916, 0.5821529762871931, 0.47944914750091955, 0.4588021557976651]",anomaly,0.7080544446049178,4192,"[0.5724389712767702, 0.6672310493684899, 0.07634472168034817, 0.12724679573931874]"
"[0.10160918982066916, 0.5821529762871931, 0.47944914750091955, 0.4588021557976651]",stable,0.3516317163165704,4193,"[0.18549000352265083, 0.5565270454372315, 0.26401070736838905, 0.19510068975364486]"
"[0.14448766538700564, 0.45194448652974145, 0.39620036753810933, 0.285998118317284]",stable,0.29036008447223,4194,"[0.2573405394482949, 0.49224451515828893, 0.40764670576943507, 0.5502292605099856]"
"[0.36218480019393423, 0.4801387408459038, 0.6208467976689165, 0.31072620820465074]",stable,0.38512826659780086,4195,"[0.46533634010747554, 0.4658487665307247, 0.3179694925651424, 0.5246062592455057]"
"[0.36218480019393423, 0.4801387408459038, 0.6208467976689165, 0.31072620820465074]",stable,0.36414817468788785,4196,"[0.3512653451130803, 0.5633786417527177, 0.35188574472246825, 0.5414115556461806]"
"[0.36218480019393423, 0.4801387408459038, 0.6208467976689165, 0.31072620820465074]",stable,0.374542127589316,4197,"[0.41707373243499685, 0.6037595501480683, 0.626886705077235, 0.6599402192101433]"
"[0.5268830906327241, 0.49783145150070074, 0.6078888107345591, 0.5561322080460271]",stable,0.115494427732906,4198,"[0.6086673660572077, 0.5420031653982186, 0.5408552800515581, 0.541791336867098]"
"[0.5274394462478567, 0.49813193935034367, 0.6074328003217496, 0.5560346510992317]",stable,0.4685795985553562,4199,"[0.9112198887139048, 0.669752619439464, 0.609028111820696, 0.7629723453693482]"
"[0.919125505757505, 0.8408588611515954, 0.3940327674129933, 0.6697052473000187]",stable,0.22974617326710203,4200,"[0.9460249082047743, 0.7089561710271142, 0.5788460309208626, 0.6472227152283619]"
"[0.919125505757505, 0.8408588611515954, 0.3940327674129933, 0.6697052473000187]",stable,0.22141115792238045,4201,"[0.8903699869032123, 0.8558182407782498, 0.4036767006901771, 0.8885184838742273]"
"[0.919125505757505, 0.8408588611515954, 0.3940327674129933, 0.6697052473000187]",stable,0.3647757054618746,4202,"[0.8037069156217163, 0.6413463679449358, 0.23950913383360112, 0.43294149148811345]"
"[0.919125505757505, 0.8408588611515954, 0.3940327674129933, 0.6697052473000187]",stable,0.4131508839063417,4203,"[0.9148259785477764, 0.4551241500968778, 0.25295462238508937, 0.6251984318513314]"
"[0.8859154200263704, 0.6271662186174113, 0.3482656950185668, 0.9130674630995539]",stable,0.4057869818075455,4204,"[0.6086459312565067, 0.4862742687958164, 0.6088304958688319, 0.9194037265968036]"
"[0.6974444373180562, 0.3732140512508603, 0.5171628313407608, 0.7197634199180003]",stable,0.32289836748181094,4205,"[0.7672055605919285, 0.6661906628157159, 0.6163407766536231, 0.6587291537924799]"
"[0.919125505757505, 0.8408588611515954, 0.3940327674129933, 0.6697052473000187]",stable,0.35811599595680504,4206,"[0.8838104000882847, 0.5007258092059917, 0.29478576849801563, 0.7079079965760324]"
"[0.8859154200263704, 0.6271662186174113, 0.3482656950185668, 0.9130674630995539]",stable,0.5266372798491218,4207,"[0.6400575838058694, 0.8347823005966217, 0.48259416336057587, 0.5184129635783307]"
"[0.6707493002789646, 0.7931211186769901, 0.4322357258008749, 0.49148219446624314]",stable,0.3027390276629277,4208,"[0.45803238527400086, 0.6060545241232562, 0.5388329600282087, 0.48473298723740266]"
"[0.5269704796196549, 0.49886114600421466, 0.6069692878873337, 0.5555528831001653]",stable,0.38463037637780495,4209,"[0.5608583507493315, 0.7388501305072372, 0.3325870950864982, 0.43760442735002225]"
"[0.6693404419516616, 0.7924253367773779, 0.43095817925325464, 0.4907914538621891]",stable,0.45232142050574414,4210,"[0.2544357206391504, 0.6321781932982562, 0.4059411183048913, 0.41240944477075775]"
"[0.14448766538700564, 0.45194448652974145, 0.39620036753810933, 0.285998118317284]",stable,0.313377327422896,4211,"[0.27719170614209815, 0.7324390668934868, 0.4365529136155672, 0.30301132852643364]"
"[0.10160918982066916, 0.5821529762871931, 0.47944914750091955, 0.4588021557976651]",anomaly,0.5492506187669893,4212,"[0.32533357296805904, 0.15641376277209906, 0.23371502278367995, 0.5587246488922724]"
"[0.10160918982066916, 0.5821529762871931, 0.47944914750091955, 0.4588021557976651]",anomaly,0.3863916701554732,4213,"[0.20474448256686412, 0.8203637300227279, 0.34766455345591957, 0.7128692566447359]"
"[0.10160918982066916, 0.5821529762871931, 0.47944914750091955, 0.4588021557976651]",stable,0.3366285392295221,4214,"[0.16098816643013303, 0.6424905993191292, 0.2589653290753245, 0.21892892340201023]"
"[0.14448766538700564, 0.45194448652974145, 0.39620036753810933, 0.285998118317284]",stable,0.18859578228893425,4215,"[0.16495148698816775, 0.5280771457528968, 0.5670982954331804, 0.2738606744581797]"
"[0.10160918982066916, 0.5821529762871931, 0.47944914750091955, 0.4588021557976651]",stable,0.2756011440916,4216,"[0.3320495836521313, 0.7302410545312874, 0.4864845944771754, 0.4883595420693706]"
"[0.22404329028252373, 0.6938757673672585, 0.5521598387397517, 0.2374231092191446]",stable,0.5054092110512496,4217,"[0.33363337458788095, 0.3562423340283968, 0.4924558353964399, 0.5922013226342097]"
"[0.36218480019393423, 0.4801387408459038, 0.6208467976689165, 0.31072620820465074]",stable,0.2166231419763588,4218,"[0.281405788501346, 0.47867065358798677, 0.6742434200721853, 0.5044966454374863]"
"[0.34577953954276425, 0.2596091448623592, 0.7043057074263499, 0.41010807571408153]",stable,0.7805078625836107,4219,"[0.7527423045442958, 0.6006846654829431, 0.14768575390426103, 0.5420760567989269]"
"[0.3805031691912038, 0.8248841195173336, 0.4889315600123832, 0.46494624998789885]",stable,0.5923284471211531,4220,"[0.6649702667319863, 0.30601039103516847, 0.4652834466074911, 0.4530181189907445]"
"[0.6974444373180562, 0.3732140512508603, 0.5171628313407608, 0.7197634199180003]",stable,0.5700002047243338,4221,"[0.1374631266245311, 0.39683595539396993, 0.6141873939461511, 0.7564976676390387]"
"[0.21371622619852082, 0.4167737885996223, 0.7345259373260685, 0.5826358590230168]",stable,0.2434215772502174,4222,"[0.049307302172566236, 0.5132383262171006, 0.8708585319006643, 0.5168195494150143]"
"[0.36218480019393423, 0.4801387408459038, 0.6208467976689165, 0.31072620820465074]",stable,0.506903237903783,4223,"[0.3659945454053701, 0.10331645213479931, 0.7572212580209499, 0.6211184563890728]"
"[0.5285991076570902, 0.3873136232070397, 0.8150949464944306, 0.5956268519532194]",stable,0.5831872536160597,4224,"[0.1893264805772666, 0.5919800342778396, 0.7802146957455812, 0.16913360982423442]"
"[0.36218480019393423, 0.4801387408459038, 0.6208467976689165, 0.31072620820465074]",stable,0.2871376942074247,4225,"[0.39115684548458624, 0.3231190916658858, 0.75967795155761, 0.5048380741679425]"
"[0.3461775860861136, 0.26016624965888135, 0.7047914288660978, 0.4109390406127996]",stable,0.4181255409654097,4226,"[0.23295502838886434, 0.2254446854441653, 0.8433707889625521, 0.034641559396342114]"
"[0.3461775860861136, 0.26016624965888135, 0.7047914288660978, 0.4109390406127996]",stable,0.26693662535898144,4227,"[0.6024273536715603, 0.25176869716792627, 0.7721042991472505, 0.3794799055782806]"
"[0.39344249043802, 0.353193487064896, 0.915081441860815, 0.35065624784738825]",stable,0.7080148388823578,4228,"[0.4236099509050025, 0.426673950745999, 0.21370518351094753, 0.2954574970740759]"
"[0.04913378759427489, 0.5757973559296621, 0.18299845897564848, 0.3954124740148299]",stable,0.2639467776403593,4229,"[0.0, 0.4313230187924198, 0.3967775575228617, 0.36934649472255465]"
"[0.3192642067765017, 0.4253875251852752, 0.3788210125887573, 0.5018947116361177]",stable,0.45402547269851345,4230,"[0.40056154803800154, 0.7049343953053515, 0.5622326138314544, 0.20567924259613174]"
"[0.10160918982066916, 0.5821529762871931, 0.47944914750091955, 0.4588021557976651]",stable,0.3005953668588914,4231,"[0.0, 0.6784683674053219, 0.22297275875464387, 0.3882588742575362]"
"[0.14324208206470387, 0.45176671525614387, 0.39620534331383994, 0.28671663880353637]",stable,0.2734049395048133,4232,"[0.2651108991897659, 0.6668478873285377, 0.39871988936175967, 0.4034728756232756]"
"[0.14324208206470387, 0.45176671525614387, 0.39620534331383994, 0.28671663880353637]",stable,0.4186765772139241,4233,"[0.17388604890054635, 0.5186852328471053, 0.7845220792352228, 0.42485804537999317]"
"[0.36218480019393423, 0.4801387408459038, 0.6208467976689165, 0.31072620820465074]",stable,0.33384952127809925,4234,"[0.5626054933312291, 0.6248610867892005, 0.39870064968102326, 0.34224731444780343]"
"[0.29812125573349757, 0.7106069645315792, 0.26739705806121594, 0.4430270895635948]",stable,0.44569391777306955,4235,"[0.015608570064627764, 0.547061431264818, 0.42567820684142477, 0.18412636097176918]"
"[0.3192642067765017, 0.4253875251852752, 0.3788210125887573, 0.5018947116361177]",stable,0.3726812726259297,4236,"[0.0, 0.601524632502507, 0.37291382343053486, 0.5787225827482385]"
"[0.4398820131487187, 0.5841451145238686, 0.3649414535110416, 0.3017612194006783]",stable,0.2874953348080541,4237,"[0.18734519650031775, 0.5822653572095057, 0.44130013892804837, 0.41597392205372274]"
"[0.4398820131487187, 0.5841451145238686, 0.3649414535110416, 0.3017612194006783]",stable,0.3113409203629365,4238,"[0.1998819555525003, 0.6561577700915822, 0.5455907155468908, 0.3406606102730449]"
"[0.10149971959211039, 0.5822873489571078, 0.4784513245171729, 0.4593338260956419]",stable,0.2909239056934516,4239,"[0.0, 0.7336587890968949, 0.470282701929486, 0.23271854297978034]"
"[0.11013426358463187, 0.7454978486789856, 0.3401529809775659, 0.2728745379542807]",stable,0.1065582584151541,4240,"[0.1571446845324078, 0.6562936100683349, 0.3359817802109897, 0.3070781584767147]"
"[0.11055399948595131, 0.744701382262819, 0.34011573811357865, 0.273179927423231]",anomaly,0.32224772923999745,4241,"[0.37353826831739767, 0.7515731908419812, 0.30635415014207557, 0.09016133063039669]"
"[0.11055399948595131, 0.744701382262819, 0.34011573811357865, 0.273179927423231]",stable,0.22768265381466862,4242,"[0.27720144549391185, 0.6277439303391013, 0.2386594655745679, 0.26340246409600077]"
"[0.1421511973467545, 0.4525812000083547, 0.3964572481303151, 0.2858397988220682]",stable,0.12209268434233767,4243,"[0.11057374807780015, 0.42868603321568816, 0.33441155844297266, 0.3832504843897049]"
"[0.3192642067765017, 0.4253875251852752, 0.3788210125887573, 0.5018947116361177]",stable,0.5958558782832084,4244,"[0.08811140488154799, 0.7408032331403858, 0.19273686701754505, 0.09262923324467759]"
"[0.14188359184447524, 0.4523786985948576, 0.3959314372007613, 0.28666531310653975]",stable,0.23314894209390039,4245,"[0.21889020533019915, 0.5243888687165924, 0.2300144899523736, 0.41202285254386195]"
"[0.10149971959211039, 0.5822873489571078, 0.4784513245171729, 0.4593338260956419]",stable,0.4320495414416658,4246,"[0.3838536638997209, 0.43815608839438447, 0.22704078821064727, 0.30780172270974554]"
"[0.0481511118423894, 0.5778507761591753, 0.18379794497122837, 0.395269402019684]",stable,0.40314771190819815,4247,"[0.16789842578838413, 0.3664958686282609, 0.4831143402787764, 0.27725475469898425]"
"[0.3192642067765017, 0.4253875251852752, 0.3788210125887573, 0.5018947116361177]",anomaly,0.6866716276506714,4248,"[0.0, 1.0, 0.39037466784259983, 0.700074698843116]"
"[0.3192642067765017, 0.4253875251852752, 0.3788210125887573, 0.5018947116361177]",stable,0.4833886970846888,4249,"[0.03663514630880535, 0.7310748803094149, 0.16789471823955673, 0.6277946159955045]"
"[0.14210220389442405, 0.4516569941413568, 0.39666406663839165, 0.2865862327837872]",stable,0.13810249032631244,4250,"[0.08120534529521894, 0.5303050301889853, 0.3326854453025015, 0.21527639555996972]"
"[0.3192642067765017, 0.4253875251852752, 0.3788210125887573, 0.5018947116361177]",stable,0.2261114455681455,4251,"[0.3948252973473793, 0.3719170080578827, 0.23047161382953169, 0.35854106817156683]"
"[0.04792530859663285, 0.5808551703581997, 0.18348611699609757, 0.39982871994077857]",stable,0.3928132723737203,4252,"[0.2605784366335774, 0.6217185229431138, 0.4968127033973012, 0.30371654194681413]"
"[0.10149971959211039, 0.5822873489571078, 0.4784513245171729, 0.4593338260956419]",stable,0.39291041613453515,4253,"[0.10333688335297558, 0.48887335069819343, 0.4400084819983663, 0.07963500765570111]"
"[0.10149971959211039, 0.5822873489571078, 0.4784513245171729, 0.4593338260956419]",stable,0.3714777689183861,4254,"[0.1793994835145053, 0.5615891426149597, 0.21016471570187611, 0.21536407517142842]"
"[0.14159473007276402, 0.4523123944417537, 0.3961309114605926, 0.2859919841402554]",stable,0.16090140225170413,4255,"[0.18955878312211752, 0.4506601806457433, 0.3082993317934608, 0.41197450143687103]"
"[0.3192642067765017, 0.4253875251852752, 0.3788210125887573, 0.5018947116361177]",stable,0.26180716978439167,4256,"[0.2974670804827667, 0.5700837003133434, 0.5714461649621811, 0.4017625638898973]"
"[0.5269704796196549, 0.49886114600421466, 0.6069692878873337, 0.5555528831001653]",stable,0.7042607411219576,4257,"[0.11669681000623966, 1.0, 0.4786315459363601, 0.3105059885793259]"
"[0.4398820131487187, 0.5841451145238686, 0.3649414535110416, 0.3017612194006783]",stable,0.37378290480875365,4258,"[0.14114300031318608, 0.5034376036974091, 0.5645393456677841, 0.23760795541431812]"
"[0.10149971959211039, 0.5822873489571078, 0.4784513245171729, 0.4593338260956419]",stable,0.25112205602589904,4259,"[0.14475774493391896, 0.4355805288276424, 0.3749762771841108, 0.28915435091392827]"
"[0.3192642067765017, 0.4253875251852752, 0.3788210125887573, 0.5018947116361177]",stable,0.29311621391032505,4260,"[0.2270132516890791, 0.6258269552848986, 0.24782293722271917, 0.3602246186231117]"
"[0.14201380439989933, 0.45216170526626087, 0.395237581838104, 0.28705054876378233]",stable,0.22812034786657187,4261,"[0.23743944627355962, 0.5422480413883213, 0.2623562659772002, 0.15605494607825873]"
"[0.14201380439989933, 0.45216170526626087, 0.395237581838104, 0.28705054876378233]",stable,0.0947056645418914,4262,"[0.14386699091951863, 0.508578017927743, 0.35564305432976523, 0.22212596441302918]"
"[0.29748064308444877, 0.7098431806644919, 0.2672207146302385, 0.4422811213569238]",stable,0.34540488243029166,4263,"[0.12482045751094488, 0.4759688677394272, 0.45375225457085555, 0.44361659341492554]"
"[0.22601091600519566, 0.6928464276405739, 0.5516198024538808, 0.2388583911687129]",stable,0.20858600070956243,4264,"[0.38685448085703167, 0.779213619521155, 0.5832769625415861, 0.33464982982377794]"
"[0.22601091600519566, 0.6928464276405739, 0.5516198024538808, 0.2388583911687129]",stable,0.32736999447849513,4265,"[0.18358461804880966, 0.6357894609324652, 0.33934099040489224, 0.0]"
"[0.14202887095696942, 0.45262037447489084, 0.39491567511039394, 0.28652270661458923]",stable,0.38398221272276517,4266,"[0.1955986779589851, 0.6408969407372554, 0.5343942116721874, 0.5859726822370153]"
"[0.5269704796196549, 0.49886114600421466, 0.6069692878873337, 0.5555528831001653]",stable,0.4450618419368796,4267,"[0.24299366238863554, 0.405854683352993, 0.27820508032046165, 0.529074511707238]"
"[0.36171583121052003, 0.48079051591450844, 0.6204888220695923, 0.31138589194150035]",stable,0.24753410382451607,4268,"[0.31278512306883144, 0.585428251650366, 0.5141279459914345, 0.502742173931193]"
"[0.5269704796196549, 0.49886114600421466, 0.6069692878873337, 0.5555528831001653]",stable,0.3199912206135306,4269,"[0.30389396788165424, 0.3132180068481166, 0.5221537610564277, 0.4507950553582333]"
"[0.36171583121052003, 0.48079051591450844, 0.6204888220695923, 0.31138589194150035]",stable,0.5410471973293706,4270,"[0.7165773755428386, 0.5513394712535594, 0.466674657179017, 0.6830973414176125]"
"[0.6077653317063475, 0.6168797649157508, 0.4067892231605652, 0.6574616293162187]",stable,0.551793358636549,4271,"[0.7494961828282347, 0.28665857338196155, 0.5432374678121771, 0.26157765935890026]"
"[0.39344249043802, 0.353193487064896, 0.915081441860815, 0.35065624784738825]",stable,0.5493902016110493,4272,"[0.7019277673315757, 0.4060509816655407, 0.6630117695699869, 0.725267236930561]"
"[0.6975004789432251, 0.3736245128810438, 0.5189859430686261, 0.7198322176306573]",stable,0.27860302308194307,4273,"[0.6423014039702319, 0.40761829977005903, 0.6915600821848449, 0.5109415870275501]"
"[0.5277445126689877, 0.49824877790868344, 0.607537011338995, 0.5552534784285369]",stable,0.6261855704834907,4274,"[1.0, 0.854197534300087, 0.47551282251466975, 0.7132193600491418]"
"[0.9196719550429272, 0.8409489873215176, 0.39458330832584243, 0.6699992615753505]",anomaly,0.35885090820835347,4275,"[0.9734005247960847, 0.8019962110565668, 0.5936130680304899, 0.3788686189294703]"
"[0.9196719550429272, 0.8409489873215176, 0.39458330832584243, 0.6699992615753505]",stable,0.31467478326656684,4276,"[1.0, 0.7398300176120206, 0.25819320525921885, 0.9224677114212687]"
"[0.9290741606242063, 0.7688629089830752, 0.5271682906753623, 0.8516477268232192]",stable,0.2193247328971315,4277,"[0.973865579128729, 0.6658688348609806, 0.35049613675456115, 0.7862547760298193]"
"[0.8871830264705218, 0.6284180386062402, 0.34726488957679624, 0.9131719103031284]",stable,0.4303320871687832,4278,"[0.8471519802568058, 1.0, 0.5391704825830066, 0.8199929967777081]"
"[0.9196719550429272, 0.8409489873215176, 0.39458330832584243, 0.6699992615753505]",stable,0.39753745757354714,4279,"[0.9520275752237828, 1.0, 0.07610378179150662, 0.8439610693412118]"
"[0.9227021279454825, 0.6819200529607752, 0.19128457497089316, 0.5643728658720649]",stable,0.39034624523850187,4280,"[1.0, 0.6288841249249323, 0.5479446392526593, 0.6923416864165373]"
"[0.9196719550429272, 0.8409489873215176, 0.39458330832584243, 0.6699992615753505]",stable,0.320526847300831,4281,"[0.8139071012529356, 0.6424847017489864, 0.6057421961519321, 0.7570343521286762]"
"[0.9196719550429272, 0.8409489873215176, 0.39458330832584243, 0.6699992615753505]",stable,0.5264321109387926,4282,"[0.6186347717132413, 0.45544158177126515, 0.5659630500845039, 0.7623053072118637]"
"[0.6965268282366821, 0.37463460015129346, 0.5195659073527727, 0.7203565767612894]",stable,0.27234947564708933,4283,"[0.5810833595403013, 0.22350694013276654, 0.35324716647294, 0.6186435037074097]"
"[0.695118981057458, 0.37279157990716505, 0.5175376300249699, 0.719116173431364]",anomaly,0.6525261317974423,4284,"[0.19507014931023833, 0.022207828247298778, 0.6159705710051923, 0.5114060202157562]"
"[0.695118981057458, 0.37279157990716505, 0.5175376300249699, 0.719116173431364]",stable,0.5191246305787462,4285,"[0.6773138503959303, 0.2869175262327939, 0.9858873694723116, 0.513088195086713]"
"[0.5285991076570902, 0.3873136232070397, 0.8150949464944306, 0.5956268519532194]",stable,0.38225061408937877,4286,"[0.6981612945583862, 0.1341851960492292, 0.6149884929653837, 0.7107250855000363]"
"[0.6951556354369872, 0.3699168041980333, 0.5187117368073845, 0.7190150759864082]",stable,0.6026946466080647,4287,"[0.372937638861652, 0.32832963187298614, 0.8500043916180202, 0.33439567489030525]"
"[0.39328353810021865, 0.35300074400139286, 0.9145769686031189, 0.35053019689423254]",stable,0.32694147837529625,4288,"[0.1920573627126639, 0.14884043695913002, 0.7703426131779059, 0.41309037883613275]"
"[0.14003318431002237, 0.3158583431523255, 0.9500600887223359, 0.4728039812192609]",stable,0.24696170084914712,4289,"[0.18145754629918792, 0.09773374728907178, 1.0, 0.5687298372809374]"
"[0.14003318431002237, 0.3158583431523255, 0.9500600887223359, 0.4728039812192609]",stable,0.5500021483541232,4290,"[0.6493580222069999, 0.12806988034745845, 0.9937462123994993, 0.3958781173578964]"
"[0.5285991076570902, 0.3873136232070397, 0.8150949464944306, 0.5956268519532194]",stable,0.33208435882216275,4291,"[0.33836892297731186, 0.3160234379220093, 0.8034447194282887, 0.33318737340176796]"
"[0.3928611179838886, 0.35271630318539765, 0.9137221051479278, 0.35039679055967515]",stable,0.27389488467017903,4292,"[0.3419173810887541, 0.1264125027775982, 0.7883971695303669, 0.4245816539287684]"
"[0.34614054082526696, 0.2590031735990441, 0.7055184353066567, 0.41105767203293847]",stable,0.23686287442895423,4293,"[0.3556796325618695, 0.02345348873159736, 0.7234382527901883, 0.4254886495393537]"
"[0.34622277437472043, 0.2569725728674282, 0.7056729164918596, 0.41118207701144205]",stable,0.279469007644951,4294,"[0.20727471863758715, 0.20129558784155632, 0.9227457421621599, 0.3185763226823269]"
"[0.14003318431002237, 0.3158583431523255, 0.9500600887223359, 0.4728039812192609]",stable,0.4027897973126688,4295,"[0.15114695315774002, 0.0859555901246214, 0.7880439119142019, 0.18468666559255617]"
"[0.34622277437472043, 0.2569725728674282, 0.7056729164918596, 0.41118207701144205]",stable,0.349377423870862,4296,"[0.43186993980162014, 0.3526851956612001, 0.9845988830054061, 0.5778210472656966]"
"[0.5285991076570902, 0.3873136232070397, 0.8150949464944306, 0.5956268519532194]",stable,0.4914013320132051,4297,"[0.2071255662961579, 0.06192279630280012, 0.7290257276451058, 0.4380104484843691]"
"[0.14003318431002237, 0.3158583431523255, 0.9500600887223359, 0.4728039812192609]",stable,0.2930134768926428,4298,"[0.1143270779556242, 0.17167993895660483, 0.6971483926481878, 0.45172424001390427]"
"[0.36171583121052003, 0.48079051591450844, 0.6204888220695923, 0.31138589194150035]",anomaly,0.5447074752481044,4299,"[0.2065607046346385, 0.0, 0.5358609383198074, 0.49662012578362813]"
"[0.36171583121052003, 0.48079051591450844, 0.6204888220695923, 0.31138589194150035]",anomaly,0.3236016971124099,4300,"[0.46922137426935506, 0.23543268081890656, 0.4486750505350845, 0.2527328676891722]"
"[0.36171583121052003, 0.48079051591450844, 0.6204888220695923, 0.31138589194150035]",stable,0.2934389133857662,4301,"[0.08214208504037691, 0.4179059955762098, 0.6147854877499206, 0.37429793705904324]"
"[0.10464070666203427, 0.22653551031289923, 0.6581548213155112, 0.300013831990197]",stable,0.30894479612611436,4302,"[0.23718903227538685, 0.4549588136336021, 0.7970267327168914, 0.3801088702528036]"
"[0.36171583121052003, 0.48079051591450844, 0.6204888220695923, 0.31138589194150035]",stable,0.15575392739382765,4303,"[0.37132767154450247, 0.43351202434606045, 0.7673902060874089, 0.3301375860691767]"
"[0.5277445126689877, 0.49824877790868344, 0.607537011338995, 0.5552534784285369]",stable,0.27242095763669816,4304,"[0.6029872476655959, 0.579329271889331, 0.856479684457067, 0.557535579786662]"
"[0.6529429785484261, 0.6535153112209627, 0.8995184964018489, 0.6389503096794094]",stable,0.2463664737516713,4305,"[0.5461227292612783, 0.5447799545869704, 0.8663921451891708, 0.44825384719497485]"
"[0.5277445126689877, 0.49824877790868344, 0.607537011338995, 0.5552534784285369]",stable,0.3795806986408176,4306,"[0.434233030595025, 0.5755662291986845, 0.9138503043737435, 0.743750925990059]"
"[0.5141811697509103, 0.5470535565726178, 0.8912041075314411, 0.821250673139468]",stable,0.724918603131661,4307,"[0.8273649993299312, 0.8075538148094002, 0.3995503828318339, 0.47797367055387396]"
"[0.6713407528045511, 0.7926168364993023, 0.4305606122099455, 0.4906292034405648]",stable,0.18421617860059725,4308,"[0.7567360243741875, 0.6379742506989681, 0.4415115169489052, 0.43955086758141904]"
"[0.6951556354369872, 0.3699168041980333, 0.5187117368073845, 0.7190150759864082]",stable,0.568639338776971,4309,"[0.6783114375736589, 0.7970908870966776, 0.8919346568142044, 0.6830439002433651]"
"[0.6533729524302098, 0.6559487955578392, 0.8993899567478211, 0.6396976586720187]",stable,0.2994595016548934,4310,"[0.6901898647516121, 0.6851128090863168, 0.6539516191012189, 0.8047127816962389]"
"[0.6713407528045511, 0.7926168364993023, 0.4305606122099455, 0.4906292034405648]",stable,0.4869629891993672,4311,"[0.8797438525133585, 0.8062938751785244, 0.6321059680509901, 0.8816451993200399]"
"[0.9196719550429272, 0.8409489873215176, 0.39458330832584243, 0.6699992615753505]",stable,0.3061548476617731,4312,"[0.745484513823668, 0.6193649784661209, 0.5128243194022395, 0.6524175555291946]"
"[0.6086773792700384, 0.616896223283634, 0.4074914423409736, 0.657428224854053]",stable,0.29591585351439703,4313,"[0.6848368880686184, 0.6120466024067895, 0.6933152799698232, 0.6505626148169934]"
"[0.5277445126689877, 0.49824877790868344, 0.607537011338995, 0.5552534784285369]",stable,0.29761611409329025,4314,"[0.8107571734380122, 0.4807163438887506, 0.644570890298503, 0.4727896028285107]"
"[0.6951556354369872, 0.3699168041980333, 0.5187117368073845, 0.7190150759864082]",stable,0.4942897825760811,4315,"[0.5800043026989394, 0.38652289058466643, 0.911712791975849, 0.4427236207092786]"
"[0.5285991076570902, 0.3873136232070397, 0.8150949464944306, 0.5956268519532194]",stable,0.17372530082246362,4316,"[0.465837177207607, 0.5189926857836622, 0.7367603631342476, 0.543036569953232]"
"[0.5273317970992452, 0.49838707062785, 0.6083985003509633, 0.5551720323720349]",stable,0.2826108420884578,4317,"[0.6030829598334858, 0.47640306529777, 0.5547198853255575, 0.2891533127131374]"
"[0.5273317970992452, 0.49838707062785, 0.6083985003509633, 0.5551720323720349]",stable,0.4108877811618366,4318,"[0.30575016925557474, 0.5940911302124409, 0.28166877599618856, 0.6169682386660177]"
"[0.14202887095696942, 0.45262037447489084, 0.39491567511039394, 0.28652270661458923]",stable,0.33520378066904916,4319,"[0.18144306797955953, 0.28144277145148006, 0.6800094862664254, 0.301617166246424]"
"[0.10603711323144382, 0.22753382415178253, 0.6585521788600733, 0.3000429835221283]",stable,0.3481269566000219,4320,"[0.2113202849305602, 0.3252311523886474, 0.9736761036480425, 0.33553912063833546]"
"[0.34622277437472043, 0.2569725728674282, 0.7056729164918596, 0.41118207701144205]",anomaly,0.38018338226289317,4321,"[0.3986763002147515, 0.0, 0.43356048057094865, 0.45250943824930495]"
"[0.34622277437472043, 0.2569725728674282, 0.7056729164918596, 0.41118207701144205]",stable,0.3726990710081315,4322,"[0.11922332072070708, 0.18594153181486966, 0.9515238607265422, 0.26323698585594474]"
"[0.34622277437472043, 0.2569725728674282, 0.7056729164918596, 0.41118207701144205]",stable,0.3088957340018661,4323,"[0.21131890073216636, 0.1141466792376086, 0.9430262690711317, 0.43312904693917026]"
"[0.14106633069582725, 0.31599418096734466, 0.9504023498082158, 0.4708146354137403]",stable,0.5491488664894055,4324,"[0.1960743719283535, 0.35255432616518706, 0.4252057490778107, 0.3246281814219295]"
"[0.2975544781395481, 0.7088096802140272, 0.26734971517814876, 0.4438408277614693]",stable,0.6444381060433368,4325,"[0.508498920808235, 0.4505665334619996, 0.8186800595004229, 0.4560163447120317]"
"[0.3716237208597279, 0.6021190511396561, 0.8772184917017225, 0.47839675618684013]",stable,0.23877386042765275,4326,"[0.4815163028928371, 0.5208991060581043, 0.6819196802479148, 0.49247765116195946]"
"[0.5270283832303285, 0.49853615695520265, 0.608885395582069, 0.5547568377944848]",stable,0.5010880360686841,4327,"[0.7943378615586678, 0.6731082152181893, 0.6202677552775937, 0.940800748572246]"
"[0.9196719550429272, 0.8409489873215176, 0.39458330832584243, 0.6699992615753505]",stable,0.5087403411758867,4328,"[0.7394177119835382, 0.38835757850150066, 0.46103297682584166, 0.5393447522103966]"
"[0.6951556354369872, 0.3699168041980333, 0.5187117368073845, 0.7190150759864082]",stable,0.31781249590180394,4329,"[0.842661070418861, 0.4215300669380636, 0.2595164618629548, 0.6220573029202302]"
"[0.8871830264705218, 0.6284180386062402, 0.34726488957679624, 0.9131719103031284]",stable,0.2930265935279724,4330,"[0.8167976335539306, 0.8572117777358945, 0.3609524438416378, 0.7447184841821279]"
"[0.9189815233550815, 0.8410581335659094, 0.3943575978259485, 0.6705007328680134]",stable,0.35421530022477465,4331,"[0.9864462761820569, 0.7639774719581469, 0.06450393044009362, 0.7490635469567016]"
"[0.9227021279454825, 0.6819200529607752, 0.19128457497089316, 0.5643728658720649]",stable,0.3969580275545323,4332,"[0.5886592216407159, 0.6481780537043145, 0.37292235790695494, 0.6732774373266135]"
"[0.6085456808645823, 0.6171020247995596, 0.4072640141539077, 0.6575324959887409]",stable,0.34886954815464843,4333,"[0.5873108293453096, 0.8531647315476569, 0.6610065328550898, 0.6236477590630236]"
"[0.5270283832303285, 0.49853615695520265, 0.608885395582069, 0.5547568377944848]",stable,0.2622027207632333,4334,"[0.7541420210970923, 0.4109689122938809, 0.6861666037210243, 0.4953493062721745]"
"[0.5284112554435495, 0.38790477190101136, 0.8151284522234585, 0.5943220808575074]",stable,0.27907682569659975,4335,"[0.5333464925523304, 0.2498813133949294, 0.6624931841554447, 0.40587708113770626]"
"[0.3928611179838886, 0.35271630318539765, 0.9137221051479278, 0.35039679055967515]",stable,0.32903304811889794,4336,"[0.6002343143746459, 0.41063467478520455, 0.7637106949978999, 0.5488940027041287]"
"[0.3716237208597279, 0.6021190511396561, 0.8772184917017225, 0.47839675618684013]",stable,0.4753489183371702,4337,"[0.7801021566417482, 0.7068916736629484, 0.6752646383861717, 0.5640664729249286]"
"[0.5270283832303285, 0.49853615695520265, 0.608885395582069, 0.5547568377944848]",stable,0.41701711612409753,4338,"[0.9079167889639936, 0.37407146583148054, 0.5022718769048086, 0.5103789624864461]"
"[0.6951556354369872, 0.3699168041980333, 0.5187117368073845, 0.7190150759864082]",stable,0.35139275414242543,4339,"[0.8530621897626589, 0.5217413202254406, 0.6875228847737058, 0.5022329263058383]"
"[0.9189815233550815, 0.8410581335659094, 0.3943575978259485, 0.6705007328680134]",stable,0.5493669636654781,4340,"[0.8600922322523772, 0.4174502459746816, 0.739021483893449, 0.6605370301529382]"
"[0.9189815233550815, 0.8410581335659094, 0.3943575978259485, 0.6705007328680134]",stable,0.7755892947535304,4341,"[0.49154399118834147, 0.3599820532367115, 0.8256562419405814, 0.707692059161384]"
"[0.3716237208597279, 0.6021190511396561, 0.8772184917017225, 0.47839675618684013]",stable,0.27787313714115297,4342,"[0.6107064854479791, 0.5526346204772734, 0.8321254542228553, 0.3536136599179377]"
"[0.5287319508075485, 0.3878571313892673, 0.8147533149068673, 0.5949454010423743]",stable,0.32943251557561243,4343,"[0.25817608753563515, 0.3247155918848279, 0.6777892045998813, 0.48278798646584736]"
"[0.345470238589771, 0.2575515730299701, 0.7054345941679965, 0.41179409333156514]",stable,0.1597519902628457,4344,"[0.3350775903183889, 0.2103962815721807, 0.5653989381098279, 0.47161954589765054]"
"[0.3453821652993356, 0.25715195191592105, 0.7042478513200459, 0.4123010886922947]",stable,0.33431406390502544,4345,"[0.22008910790504782, 0.3497780234439176, 1.0, 0.41661623851193397]"
"[0.3453821652993356, 0.25715195191592105, 0.7042478513200459, 0.4123010886922947]",stable,0.4200893364751648,4346,"[0.0, 0.3199201996353737, 0.9329713669168181, 0.44282830613131396]"
"[0.14019247782981872, 0.31652530577219823, 0.950855401460334, 0.46965710405903277]",stable,0.273551563068068,4347,"[0.34642717897335934, 0.23564639656435155, 0.8538013516342705, 0.34184153709269427]"
"[0.3925066604341899, 0.35182263977607664, 0.9132646948157626, 0.3503314832813012]",stable,0.37189421967505965,4348,"[0.22558712427957073, 0.13260975575361264, 0.6960861698778994, 0.22695247833306872]"
"[0.10817193485730324, 0.2258387515018152, 0.6592224286996774, 0.29873779592946653]",stable,0.5623363946361313,4349,"[0.4544680818058632, 0.6329482234627872, 0.8223262985965568, 0.3616679540832841]"
"[0.5270283832303285, 0.49853615695520265, 0.608885395582069, 0.5547568377944848]",stable,0.2697520749252243,4350,"[0.4501873781182507, 0.41116778234418117, 0.4131772798074515, 0.6994176216911808]"
"[0.3635085381316411, 0.48042147347032854, 0.6210683395501193, 0.3113610284764954]",stable,0.09543048552388464,4351,"[0.3466282086919534, 0.501374011189705, 0.6989224352667138, 0.26317635260748684]"
"[0.5270283832303285, 0.49853615695520265, 0.608885395582069, 0.5547568377944848]",stable,0.3329866398967709,4352,"[0.2794053323056036, 0.6214845537120588, 0.7034755159943729, 0.714441927442133]"
"[0.21371622619852082, 0.4167737885996223, 0.7345259373260685, 0.5826358590230168]",stable,0.3926192693219366,4353,"[0.3934686192642273, 0.48221858950449015, 0.9533646212747979, 0.31869348600922154]"
"[0.3925139480010841, 0.3528104878800798, 0.9135684821374219, 0.3500918014837855]",stable,0.5148581721664133,4354,"[0.5779118411273714, 0.6332738494596096, 0.7418617067746711, 0.7001827107872256]"
"[0.6521152672418291, 0.6555708797895355, 0.8967644859149353, 0.6407057428739388]",stable,0.3158346256177985,4355,"[0.40491374943327196, 0.6097457207275198, 0.9738947852643769, 0.4657946453086698]"
"[0.5270283832303285, 0.49853615695520265, 0.608885395582069, 0.5547568377944848]",stable,0.25006194387649044,4356,"[0.6372486537887214, 0.40741302886026337, 0.8053652262885632, 0.6137035882143713]"
"[0.3727967955013408, 0.602507493987242, 0.8776405533225052, 0.4770903833284389]",stable,0.45323386373983476,4357,"[0.41573343594323475, 0.2644631537314453, 0.5795615951769503, 0.49835864324753515]"
"[0.34597335244760363, 0.2572133905866397, 0.7032000676549778, 0.41302426141964965]",stable,0.45902317591362574,4358,"[0.5670418693596203, 0.6205100781807812, 0.6185829930760158, 0.5636444935565573]"
"[0.5272916298496002, 0.4993386169632657, 0.6089491955655818, 0.5548153092139722]",stable,0.3785277653533993,4359,"[0.6767572959709478, 0.6587006284128384, 0.7137020928702154, 0.8456311678038557]"
"[0.6713407528045511, 0.7926168364993023, 0.4305606122099455, 0.4906292034405648]",stable,0.35515521232862407,4360,"[0.843571081727804, 0.7950384910843595, 0.6764813348645142, 0.6803370641140316]"
"[0.9189815233550815, 0.8410581335659094, 0.3943575978259485, 0.6705007328680134]",stable,0.4688655711197637,4361,"[0.608280394452047, 0.49390455767005104, 0.4431870136430588, 0.650505354063892]"
"[0.6085439469664612, 0.6162968125960987, 0.40749880500024205, 0.6574865669565523]",stable,0.43761665152510165,4362,"[0.8949671695644513, 0.6999795734865071, 0.4743185624865089, 0.9705398959403848]"
"[0.9189815233550815, 0.8410581335659094, 0.3943575978259485, 0.6705007328680134]",stable,0.27640485937572873,4363,"[0.7054806543335637, 0.7144859162700147, 0.33981577742278124, 0.7792283229704454]"
"[0.9267296623538662, 0.7696748623264418, 0.5283963344698673, 0.8532601325522622]",stable,0.27707968145361006,4364,"[1.0, 0.8649618713650975, 0.7031541051459197, 0.6749774497351725]"
"[0.9189815233550815, 0.8410581335659094, 0.3943575978259485, 0.6705007328680134]",stable,0.47869404428157825,4365,"[0.8804855414605668, 0.3660090216402924, 0.35206666156669736, 0.6561527233325636]"
"[0.8871830264705218, 0.6284180386062402, 0.34726488957679624, 0.9131719103031284]",stable,0.3491672424891488,4366,"[1.0, 0.9032074803414202, 0.5023702345160861, 0.8150740591887582]"
"[0.9189815233550815, 0.8410581335659094, 0.3943575978259485, 0.6705007328680134]",stable,0.2996008965154201,4367,"[1.0, 0.6532627804521988, 0.24599233286001032, 0.8314894192266018]"
"[0.9272976494674021, 0.7707099989002013, 0.5281945817570474, 0.8529641164796768]",stable,0.5243402813858806,4368,"[0.8250284694219038, 0.47821207398442006, 0.472734188367461, 0.4336279098605963]"
"[0.6951556354369872, 0.3699168041980333, 0.5187117368073845, 0.7190150759864082]",stable,0.6377031510266434,4369,"[1.0, 0.8403898259598885, 0.33394070143549137, 0.9603654903331634]"
"[0.9227021279454825, 0.6819200529607752, 0.19128457497089316, 0.5643728658720649]",stable,0.2444855522208242,4370,"[0.7039169948302643, 0.5742342223049778, 0.200240582086145, 0.5492136249609874]"
"[0.3806186475851279, 0.8240537467901305, 0.4906469309674596, 0.462577224166733]",stable,0.896132586143377,4371,"[1.0, 0.6781083537327209, 0.14993890571750865, 0.9936500402704552]"
"[0.9272976494674021, 0.7707099989002013, 0.5281945817570474, 0.8529641164796768]",stable,0.2827524725952154,4372,"[0.8760950946411056, 0.5439968118170593, 0.36738658179097844, 0.8612813929260354]"
"[0.9272976494674021, 0.7707099989002013, 0.5281945817570474, 0.8529641164796768]",stable,0.3104758151002691,4373,"[1.0, 0.7047753008563951, 0.30261663348733064, 0.6635523828476]"
"[0.8894899728708394, 0.628311735704985, 0.34427051486322746, 0.9126009976312327]",stable,0.430213475773542,4374,"[0.8099207871114065, 0.6002610777348449, 0.6099746906637492, 0.5849322152238442]"
"[0.9189815233550815, 0.8410581335659094, 0.3943575978259485, 0.6705007328680134]",stable,0.5874929134686121,4375,"[0.6567523529427803, 0.6071500188911493, 0.8649531507416188, 0.6850129699804698]"
"[0.6521912850402054, 0.6547770951846439, 0.896242988617012, 0.6414320908592918]",stable,0.4005248488405759,4376,"[0.8281248642601543, 0.8324554957685624, 0.600226989241278, 0.5400790232138071]"
"[0.5272916298496002, 0.4993386169632657, 0.6089491955655818, 0.5548153092139722]",stable,0.15879959120513895,4377,"[0.49358676286718267, 0.3480062727494815, 0.6101933619788213, 0.5891411850704406]"
"[0.5270713366013491, 0.4983495166742868, 0.6089573273722042, 0.555039661343753]",stable,0.32763750201575437,4378,"[0.5819035003019727, 0.533138422495049, 0.9083018515544732, 0.6713253200679336]"
"[0.6510576110928145, 0.6528151811090053, 0.896437486406326, 0.6419142397174957]",stable,0.12437891525065597,4379,"[0.6189258673058645, 0.7411398159246823, 0.910781402250837, 0.7221057390367038]"
"[0.6505475834136565, 0.6542171594394128, 0.8966651676102071, 0.6431871206590705]",stable,0.3934745306114722,4380,"[0.8187864699838328, 0.6870028819011933, 0.6595807578505896, 0.3800636471012394]"
"[0.5270713366013491, 0.4983495166742868, 0.6089573273722042, 0.555039661343753]",stable,0.41954723410579425,4381,"[0.6061074549367232, 0.8057966645090234, 0.606053077840531, 0.8293405732402361]"
"[0.9147100994486558, 0.6291971222898635, 0.6162641496607512, 0.6290099170801714]",stable,0.28748306519103267,4382,"[0.8407362454799994, 0.6848650704501935, 0.6349397021022739, 0.9005364995528239]"
"[0.9189815233550815, 0.8410581335659094, 0.3943575978259485, 0.6705007328680134]",stable,0.47290508727054914,4383,"[1.0, 0.6130942331452902, 0.7649475563467614, 0.5038550885893143]"
"[0.9189815233550815, 0.8410581335659094, 0.3943575978259485, 0.6705007328680134]",stable,0.2620011079172374,4384,"[0.7784046294787755, 0.6409596800030506, 0.3050777380851699, 0.7000377094290801]"
"[0.9266317925136529, 0.7700496532967398, 0.5290156980673952, 0.8533300578879319]",stable,0.3967032208484546,4385,"[1.0, 0.7005819481559691, 0.7962746871060886, 0.5781257296474979]"
"[0.9189815233550815, 0.8410581335659094, 0.3943575978259485, 0.6705007328680134]",stable,0.31024254732162465,4386,"[0.8151812508283136, 0.6807882064828354, 0.14987810173602806, 0.6748902722953286]"
"[0.9266317925136529, 0.7700496532967398, 0.5290156980673952, 0.8533300578879319]",stable,0.26876291931304686,4387,"[0.8607479672019884, 0.5637383018979946, 0.4672388195055944, 1.0]"
"[0.9266317925136529, 0.7700496532967398, 0.5290156980673952, 0.8533300578879319]",stable,0.1475231611155676,4388,"[1.0, 0.6936132220511168, 0.4653309133874197, 0.7728197518739294]"
"[0.9189815233550815, 0.8410581335659094, 0.3943575978259485, 0.6705007328680134]",stable,0.11233879383198057,4389,"[1.0, 0.9125088042343672, 0.36357476776431413, 0.6722979741387294]"
"[0.9195216465327144, 0.8415344713703657, 0.3941523789588709, 0.6705127144764849]",stable,0.38762745369977497,4390,"[1.0, 0.656169969426631, 0.4234168212474673, 1.0]"
"[0.9271918551662205, 0.7694661690887579, 0.5285295546728916, 0.8527154753992754]",stable,0.2674904950809717,4391,"[0.9558301119403798, 1.0, 0.48120939031717447, 0.7288366230541903]"
"[0.9197620999460101, 0.842583911957317, 0.3947289154579325, 0.6708989655266684]",stable,0.3827394604415211,4392,"[0.6935319249363944, 0.7906655725067555, 0.15882780135121938, 0.4786372873739665]"
"[0.3806186475851279, 0.8240537467901305, 0.4906469309674596, 0.462577224166733]",stable,0.6053548068317047,4393,"[0.8661298912266848, 0.5501807855295858, 0.2621489236490176, 0.521869181410196]"
"[0.9197620999460101, 0.842583911957317, 0.3947289154579325, 0.6708989655266684]",stable,0.7082955445934953,4394,"[0.5854115477505136, 0.3789676138334225, 0.7921188155841338, 0.5403865824776003]"
"[0.3727967955013408, 0.602507493987242, 0.8776405533225052, 0.4770903833284389]",stable,0.13214170619914453,4395,"[0.47883093159971263, 0.5483576596496869, 0.8485060276045724, 0.4277227081603754]"
"[0.5270713366013491, 0.4983495166742868, 0.6089573273722042, 0.555039661343753]",stable,0.3439029353939562,4396,"[0.3459719725397145, 0.3029709339631628, 0.8261602475085705, 0.5661008643108326]"
"[0.53022020576182, 0.3879532249020164, 0.8144648231236147, 0.5946228728316286]",stable,0.18181680922299856,4397,"[0.43675118521147904, 0.5054577367454618, 0.8775389742004316, 0.6754636761166323]"
"[0.5122926335426315, 0.5460390243817116, 0.8908708115965385, 0.8176948927242769]",stable,0.5225024934385661,4398,"[0.5088142343822607, 0.41557159485524536, 0.8863183515135274, 0.31177564884364617]"
"[0.39338838624455164, 0.35328237590244943, 0.9133635939372422, 0.34980371011055134]",stable,0.311430475334745,4399,"[0.3590468245103218, 0.4958359439942444, 0.6388358770838625, 0.3608766956360473]"
"[0.5270713366013491, 0.4983495166742868, 0.6089573273722042, 0.555039661343753]",stable,0.3069269355620302,4400,"[0.3078306383749218, 0.4301174483518551, 0.7706786952968641, 0.43123237551732396]"
"[0.34597335244760363, 0.2572133905866397, 0.7032000676549778, 0.41302426141964965]",stable,0.5504412877200067,4401,"[0.6075809476047719, 0.5822024478348691, 0.9634081650548216, 0.6604529099214]"
"[0.6498762297291427, 0.6530919295705918, 0.8977080269452792, 0.6434568986162944]",stable,0.5095836760727519,4402,"[0.2905395300535911, 0.3572698311047794, 1.0, 0.4629623073013265]"
"[0.14228063133292668, 0.31709120195737295, 0.9515379653289404, 0.4695641207707313]",stable,0.29091744373052225,4403,"[0.4055268807943158, 0.19442637662447956, 0.9361229409380053, 0.4766414691648196]"
"[0.53022020576182, 0.3879532249020164, 0.8144648231236147, 0.5946228728316286]",stable,0.4973321255726074,4404,"[0.12093649009909685, 0.23776168658753183, 0.7460254468656793, 0.36530946978672074]"
"[0.10839587442294873, 0.22604792580156463, 0.660745288667502, 0.2999057200322254]",stable,0.3915679559160529,4405,"[0.3388245231632124, 0.42085881004617565, 0.8124703450145706, 0.4980378188863076]"
"[0.34597335244760363, 0.2572133905866397, 0.7032000676549778, 0.41302426141964965]",stable,0.3765767118627805,4406,"[0.03356206653032534, 0.4570232704757101, 0.7664585985685466, 0.3961844718049148]"
"[0.36335824205374667, 0.48067757916218284, 0.6217417313335724, 0.3113704016545978]",stable,0.2809453603597422,4407,"[0.5758657163175086, 0.6350998342239651, 0.5252637988117596, 0.33620273073691254]"
"[0.2975544781395481, 0.7088096802140272, 0.26734971517814876, 0.4438408277614693]",stable,0.3565607022429528,4408,"[0.5259488413268731, 0.6150163312477206, 0.5245580757383161, 0.44810887132725463]"
"[0.5270640476709954, 0.49910709339229603, 0.6084092802836725, 0.5543453055644252]",stable,0.5148562636289729,4409,"[0.2277992275096349, 0.6721519675222469, 0.5014813216521339, 0.18809481367121772]"
"[0.10165945067374624, 0.5815591401816442, 0.47828215280521186, 0.45922617381700687]",stable,0.3347910889197472,4410,"[0.34138299209077533, 0.5101785604508509, 0.30206598540621277, 0.32332042671611416]"
"[0.2975544781395481, 0.7088096802140272, 0.26734971517814876, 0.4438408277614693]",stable,0.40478825793299994,4411,"[0.6102664741138814, 0.504662383157552, 0.1740373178358096, 0.5690663001740025]"
"[0.3806186475851279, 0.8240537467901305, 0.4906469309674596, 0.462577224166733]",stable,0.6178939605885688,4412,"[0.9142212070058966, 0.5580880844472744, 0.38007840255379827, 0.581312737347904]"
"[0.890350688886211, 0.6279252599146129, 0.34639803708456013, 0.9144409766284699]",stable,0.5132933532425012,4413,"[0.8056740408049541, 0.7713258078686822, 0.07584062020688659, 0.5112848049386302]"
"[0.9197620999460101, 0.842583911957317, 0.3947289154579325, 0.6708989655266684]",stable,0.44737777422126274,4414,"[0.8842217312325589, 0.5003642315328953, 0.1464607723705677, 0.8127875644944555]"
"[0.9271918551662205, 0.7694661690887579, 0.5285295546728916, 0.8527154753992754]",stable,0.4746514168167174,4415,"[0.9043314098590642, 0.4843673512441339, 0.156109204433114, 0.7834831540648366]"
"[0.890350688886211, 0.6279252599146129, 0.34639803708456013, 0.9144409766284699]",stable,0.5214051068247701,4416,"[0.6999479593594751, 0.6710593882129879, 0.47190041467248006, 0.44753768235069646]"
"[0.6716983428864877, 0.7910973683957233, 0.43107735974072725, 0.49009055942694146]",stable,0.29156651530863154,4417,"[0.7055816839548568, 0.6568798818527022, 0.5582483879450023, 0.7129720255447065]"
"[0.9162750517523501, 0.6297042960212538, 0.6192796904325983, 0.6273948802368362]",stable,0.6761181544457069,4418,"[0.3590422519357047, 0.4476777354220003, 0.3000565327938538, 0.7350530078590771]"
"[0.36335824205374667, 0.48067757916218284, 0.6217417313335724, 0.3113704016545978]",anomaly,0.6379129231683085,4419,"[0.9956225216952312, 0.557552847802548, 0.5871631652102054, 0.30304609562379914]"
"[0.36335824205374667, 0.48067757916218284, 0.6217417313335724, 0.3113704016545978]",stable,0.7478849194858983,4420,"[1.0, 0.5960052143549683, 0.3292440341348257, 0.5462400645057268]"
"[0.890350688886211, 0.6279252599146129, 0.34639803708456013, 0.9144409766284699]",stable,0.3836405197816724,4421,"[0.5996405545187948, 0.5658506124529744, 0.44344779914436083, 0.6921894344041696]"
"[0.608486132729788, 0.6159692398678966, 0.4077322400271519, 0.6577119102516666]",stable,0.3910593973133715,4422,"[0.9539563004085612, 0.7601260150154177, 0.49168708807370254, 0.7335289475166866]"
"[0.9197620999460101, 0.842583911957317, 0.3947289154579325, 0.6708989655266684]",stable,0.4568296453681664,4423,"[1.0, 0.5367887092374319, 0.09672179689828514, 0.5297031597695168]"
"[0.9197620999460101, 0.842583911957317, 0.3947289154579325, 0.6708989655266684]",stable,0.5826394028026473,4424,"[0.5328824860965296, 0.4102204896135132, 0.4337066840322149, 0.6343552566012521]"
"[0.6932238122305533, 0.370396609976789, 0.5176997718933943, 0.7180072209937278]",stable,0.44939786490471323,4425,"[0.6985164158511832, 0.7952363108639057, 0.37159367183099057, 0.7277368357101436]"
"[0.6090669732660551, 0.617125801616258, 0.4074990879742735, 0.658163683964302]",stable,0.48297608797986646,4426,"[0.8449303145086154, 0.5176544775484934, 0.8103748475874304, 0.7318587572226873]"
"[0.9197620999460101, 0.842583911957317, 0.3947289154579325, 0.6708989655266684]",stable,0.3245460257917952,4427,"[1.0, 0.6074158866925504, 0.4072360159175144, 0.879301399733514]"
"[0.927394616115026, 0.7693954103457781, 0.5282504450774432, 0.8518125471577406]",stable,0.4104520827614351,4428,"[0.7830324410577296, 0.3918833388538174, 0.4705559712783161, 0.8095460329080766]"
"[0.6942803843344024, 0.3706493950224011, 0.5171451389449816, 0.7190841481927202]",stable,0.4744046303359215,4429,"[0.8322494142476332, 0.6769902720738131, 0.18302608753826174, 0.7424085260710203]"
"[0.927394616115026, 0.7693954103457781, 0.5282504450774432, 0.8518125471577406]",stable,0.3504718135553085,4430,"[1.0, 0.9066657726633667, 0.34886092498951093, 0.5938683709500158]"
"[0.920289980867418, 0.8430055031461726, 0.3944271523627455, 0.6703921852991904]",stable,0.32868979636409706,4431,"[0.6156694698633792, 0.7487427563451425, 0.32595066056649946, 0.7112435150977839]"
"[0.6091092969621917, 0.6179695000440072, 0.40697634164473645, 0.6585039392920807]",stable,0.3240182117330094,4432,"[0.7160606771198997, 0.9208555082130094, 0.37611517465873784, 0.6292317981895214]"
"[0.6722460260251718, 0.7926993207391467, 0.43039881424588783, 0.49180835249808447]",anomaly,0.37267140050134145,4433,"[0.5410139747731912, 0.8706446915406656, 0.09175994812937616, 0.4616361964305142]"
"[0.6722460260251718, 0.7926993207391467, 0.43039881424588783, 0.49180835249808447]",stable,0.36051123754564657,4434,"[0.5957607560215474, 0.5025215197545894, 0.45124120864120687, 0.2931106064595275]"
"[0.2975544781395481, 0.7088096802140272, 0.26734971517814876, 0.4438408277614693]",stable,0.1851869543464116,4435,"[0.22453804006559333, 0.7183303034682924, 0.3375312816860174, 0.5985880839130542]"
"[0.14246472177125477, 0.4518133902143287, 0.3951599499004537, 0.28683000883077747]",stable,0.34945375004805046,4436,"[0.2732948288859785, 0.7570373697334066, 0.31546731148621016, 0.2127434904613106]"
"[0.111994183816925, 0.7448105502935323, 0.3398976104443099, 0.2726450916979043]",stable,0.417395007904118,4437,"[0.4501773978160457, 0.5616294418040568, 0.2726635196769591, 0.4202085184802825]"
"[0.29690831497075204, 0.7088939335171623, 0.2679707909879529, 0.4452102725061736]",stable,0.09582081697980029,4438,"[0.2247080623904052, 0.6885636534637631, 0.3108226924911141, 0.48667286702851664]"
"[0.14246472177125477, 0.4518133902143287, 0.3951599499004537, 0.28683000883077747]",stable,0.5430991023452475,4439,"[0.41181636710141184, 0.5864368428669176, 0.041706700811678155, 0.5685278129234523]"
"[0.10165945067374624, 0.5815591401816442, 0.47828215280521186, 0.45922617381700687]",stable,0.30883882843267935,4440,"[0.2552733785914639, 0.6850825384636321, 0.41100530980240557, 0.6970095111244912]"
"[0.21649119720030677, 0.41699440481732847, 0.7359702052458064, 0.5796484979642522]",stable,0.5669689702782243,4441,"[0.18330643744151662, 0.4530955854597226, 0.5313033627962241, 0.05318788848236078]"
"[0.10165945067374624, 0.5815591401816442, 0.47828215280521186, 0.45922617381700687]",stable,0.2036708305079679,4442,"[0.0, 0.534439861793276, 0.6293128447104392, 0.381017050338315]"
"[0.22602935220627235, 0.6926330826909005, 0.5511029108992236, 0.23833505531822327]",stable,0.5711374167890917,4443,"[0.5056040221736006, 0.5963952134782774, 0.5379322575728207, 0.7268028221048823]"
"[0.6084500276960224, 0.6178320842060089, 0.4078104557589281, 0.6589389640233725]",stable,0.5268754881224189,4444,"[0.43001356742188307, 0.8670141389183202, 0.832627035879082, 0.7154844014470952]"
"[0.6873918711567099, 0.7237100205179012, 0.6897949519878039, 0.4859196847927553]",stable,0.14724837369387947,4445,"[0.6163186823875799, 0.7873703541658581, 0.6306690701220363, 0.581220143380876]"
"[0.5270640476709954, 0.49910709339229603, 0.6084092802836725, 0.5543453055644252]",stable,0.2580326355507038,4446,"[0.4427378636717116, 0.3092173606293863, 0.7554129140074837, 0.5118982000731485]"
"[0.37385713686232447, 0.6019659956438664, 0.8773492080653259, 0.47659670657675823]",stable,0.18304130005546548,4447,"[0.3194206793960658, 0.42834275568852975, 0.8759172701564436, 0.4567545865852895]"
"[0.3928363884322495, 0.3538425279904053, 0.9130841437597736, 0.3506018509797658]",stable,0.44213634354702563,4448,"[0.38179224269214007, 0.657859292721653, 0.6615896692067321, 0.549817586205775]"
"[0.5270640476709954, 0.49910709339229603, 0.6084092802836725, 0.5543453055644252]",stable,0.47635776078328906,4449,"[0.27700652187165625, 0.40527242056383156, 0.9616039892178387, 0.7299485566894164]"
"[0.34597335244760363, 0.2572133905866397, 0.7032000676549778, 0.41302426141964965]",stable,0.33710581063531486,4450,"[0.5576813285027858, 0.2322505165564252, 0.8201657238019876, 0.17953775080080842]"
"[0.3928363884322495, 0.3538425279904053, 0.9130841437597736, 0.3506018509797658]",stable,0.29816608193372446,4451,"[0.18629171331025662, 0.1585108617466212, 0.9615048853987852, 0.2748174097268678]"
"[0.1776884370237879, 0.09101128317764365, 0.902413489443635, 0.39852188646094133]",stable,0.3828686779311674,4452,"[0.41332698826538306, 0.28851532912485933, 0.6823915656519224, 0.4588990559457395]"
"[0.3465346327460851, 0.2574742400744582, 0.703026663471619, 0.41340655137403376]",stable,0.4753203460172666,4453,"[0.02898495685552796, 0.41209013199463296, 1.0, 0.2994223505534552]"
"[0.1407286357921404, 0.3183925571633628, 0.9522018288175851, 0.46723341158967274]",stable,0.20405247977475,4454,"[0.1112603743057351, 0.18168184989185462, 0.8991386854231499, 0.3284403231536155]"
"[0.1407286357921404, 0.3183925571633628, 0.9522018288175851, 0.46723341158967274]",stable,0.5476396928898741,4455,"[0.6633827825667521, 0.3598897655864534, 1.0, 0.6180153488783462]"
"[0.5294391134217298, 0.38725022611386795, 0.8139375739350777, 0.5938842596819993]",stable,0.3473505731959218,4456,"[0.5453964437452742, 0.24490874786393607, 0.5970535779389605, 0.36345418317534817]"
"[0.3928363884322495, 0.3538425279904053, 0.9130841437597736, 0.3506018509797658]",stable,0.6138129798468227,4457,"[0.4414211458581434, 0.5156161241889762, 0.6572644524560047, 0.8823832766506228]"
"[0.5106052171691914, 0.5453146696152179, 0.8853087554265258, 0.8192350923415708]",stable,0.4044406391672369,4458,"[0.4519329071310792, 0.5056845648597981, 0.4906068350837593, 0.7666077276003869]"
"[0.21724763875869862, 0.4168478800141598, 0.7387906275454568, 0.5815272486983167]",anomaly,0.9114210824804093,4459,"[1.0, 0.7983069939703047, 0.8873353978206935, 0.8060501343126747]"
"[0.21724763875869862, 0.4168478800141598, 0.7387906275454568, 0.5815272486983167]",stable,0.6419795450112004,4460,"[0.6929078816540838, 0.4724512586372125, 0.3542658305541987, 0.7684336807064853]"
"[0.6942644250009103, 0.37183313762257336, 0.5152511934985771, 0.719657979966136]",stable,0.32223072960471943,4461,"[0.5723792404326495, 0.6181671869918749, 0.4258675366224821, 0.5771562505410871]"
"[0.6082217315741023, 0.6178342051097168, 0.4079247410808493, 0.6584213519127252]",stable,0.2210317551873455,4462,"[0.7932242836430555, 0.530498499743789, 0.4317765876348473, 0.5782175084052393]"
"[0.6942644250009103, 0.37183313762257336, 0.5152511934985771, 0.719657979966136]",stable,0.7076558900345336,4463,"[0.1880059051488694, 0.6935901854362481, 0.2609442306435, 0.4434704701047312]"
"[0.14246472177125477, 0.4518133902143287, 0.3951599499004537, 0.28683000883077747]",stable,0.6371033905638686,4464,"[0.18008595769966396, 0.7947389336133958, 0.6250922058834494, 0.7705847010232367]"
"[0.21724763875869862, 0.4168478800141598, 0.7387906275454568, 0.5815272486983167]",stable,0.45565815525395814,4465,"[0.3386115654177469, 0.5430731556129635, 0.4045316299033734, 0.32611923384629]"
"[0.29533350921073265, 0.708584072402951, 0.26828231569368083, 0.4455556880898336]",stable,0.19825457180071612,4466,"[0.22849200523656513, 0.7996821095226071, 0.35658494301391225, 0.30865834615929527]"
"[0.11301609453113237, 0.745291879760454, 0.3400439905545696, 0.2729609974387937]",stable,0.4227071547841703,4467,"[0.2570594499817064, 0.6831288233438928, 0.4200790307327559, 0.6572304305412663]"
"[0.21724763875869862, 0.4168478800141598, 0.7387906275454568, 0.5815272486983167]",anomaly,0.49736427020089263,4468,"[0.3442786151429705, 0.8745598953525668, 0.7877567035943893, 0.44247192617325454]"
"[0.21724763875869862, 0.4168478800141598, 0.7387906275454568, 0.5815272486983167]",stable,0.42003144492815153,4469,"[0.5132100878562452, 0.5648521503166283, 0.4968675614759037, 0.48987240960973705]"
"[0.5269746672850938, 0.4995312550498724, 0.6076896562913643, 0.5539293513969755]",stable,0.2552803988596986,4470,"[0.605624055153032, 0.7222652490278567, 0.5802766487459589, 0.4610829687324032]"
"[0.5269746672850938, 0.4995312550498724, 0.6076896562913643, 0.5539293513969755]",anomaly,0.38999731923640735,4471,"[0.4094885809548222, 0.31104574965630594, 0.5325961945002573, 0.8655847938059595]"
"[0.5269746672850938, 0.4995312550498724, 0.6076896562913643, 0.5539293513969755]",stable,0.34478611400772113,4472,"[0.6927111634990853, 0.2965464359917492, 0.8006886531614079, 0.4400986495878735]"
"[0.5294391134217298, 0.38725022611386795, 0.8139375739350777, 0.5938842596819993]",stable,0.2750244803104991,4473,"[0.39671014144741523, 0.3059803343447989, 0.6044036185392182, 0.5072112477537671]"
"[0.3469493063717159, 0.25787511688660975, 0.7022115969845745, 0.41418179679865963]",stable,0.6235932352661152,4474,"[0.6213065582477003, 0.7797102771553399, 0.837459991072717, 0.5658147708399458]"
"[0.649436696321736, 0.6550399041488186, 0.8967811340857014, 0.6422624043428121]",stable,0.3659055290168945,4475,"[0.3894912423960043, 0.5357760429958512, 1.0, 0.8458237324253595]"
"[0.5077886131046987, 0.5450928410891861, 0.8879759936724205, 0.8198534328086357]",stable,0.19399877821838254,4476,"[0.5705282793428864, 0.5201686683226806, 1.0, 0.6765751446810557]"
"[0.6482411142462988, 0.6529964005756954, 0.8983450562965241, 0.6427822943479369]",stable,0.35584238719123523,4477,"[0.48504173323137983, 0.39415012017462225, 0.7370889160043168, 0.5592070175078735]"
"[0.37385713686232447, 0.6019659956438664, 0.8773492080653259, 0.47659670657675823]",stable,0.10869930520316187,4478,"[0.38997651628093966, 0.5112167681818749, 0.8754295408956021, 0.534186611523876]"
"[0.5269746672850938, 0.4995312550498724, 0.6076896562913643, 0.5539293513969755]",stable,0.4867312868446571,4479,"[0.4078894475857018, 0.15525828202349545, 0.9281311012181894, 0.5929095573917035]"
"[0.5290462162519036, 0.38731128712325513, 0.8132574973162214, 0.5935773814326707]",stable,0.326213976997052,4480,"[0.7372716063027545, 0.6056484434704622, 0.69659561361267, 0.6357275507722892]"
"[0.920289980867418, 0.8430055031461726, 0.3944271523627455, 0.6703921852991904]",stable,0.6730291235848542,4481,"[0.46088855725181554, 0.786297525087391, 0.8729023271039463, 0.7692063824280282]"
"[0.6856936377703452, 0.7244013045418781, 0.6879211277088305, 0.48670261526528613]",stable,0.5101443606003903,4482,"[0.8604901746876787, 0.6621903257982162, 0.5886826938225047, 0.9514336844844994]"
"[0.920289980867418, 0.8430055031461726, 0.3944271523627455, 0.6703921852991904]",stable,0.4883990427643621,4483,"[0.7859410409462799, 0.6872857236646479, 0.6903900319297509, 1.0]"
"[0.920289980867418, 0.8430055031461726, 0.3944271523627455, 0.6703921852991904]",stable,0.3126078282171353,4484,"[0.6762218541013496, 0.8657108293608826, 0.5835342169675936, 0.6270633261224504]"
"[0.6722945117334178, 0.7935897049906312, 0.43226631915712815, 0.49345780339594264]",stable,0.2825059171638411,4485,"[0.7591224768696182, 0.6483433731794547, 0.3292620886826486, 0.6948631888816533]"
"[0.9258397055434135, 0.767982613545564, 0.5299114289251848, 0.8536618649948229]",stable,0.19456496983444463,4486,"[0.7462072272654316, 0.7661333166639233, 0.5514211958552272, 0.9252272914383753]"
"[0.914019662719077, 0.6284781188048253, 0.6216978082734533, 0.6284110653496408]",stable,0.3699321720401986,4487,"[1.0, 0.701412454010914, 0.29831817793846765, 0.7682802576111668]"
"[0.891492869210313, 0.6277116206102163, 0.3470317660307367, 0.9140749393691475]",stable,0.32231082364853353,4488,"[1.0, 0.5777339836724847, 0.5710233291595586, 0.7154786527421988]"
"[0.920289980867418, 0.8430055031461726, 0.3944271523627455, 0.6703921852991904]",stable,0.416017238705055,4489,"[0.7148252945408827, 0.6002058569069675, 0.36668543388152824, 0.40368385319398054]"
"[0.6942644250009103, 0.37183313762257336, 0.5152511934985771, 0.719657979966136]",stable,0.5870638584416861,4490,"[0.8065615172907209, 0.8574836650924109, 0.2073736101898837, 0.6823981380990404]"
"[0.9217194498658416, 0.680007146264381, 0.18986475472437797, 0.563043667387393]",stable,0.4937016098621398,4491,"[0.6813313960436949, 0.8723471260784905, 0.5664185235974739, 0.4783828472127449]"
"[0.672403389857638, 0.7945385895820513, 0.4338826107768914, 0.49327617741783175]",stable,0.37597968899047784,4492,"[0.9844005036252363, 0.641969464901483, 0.293776920221245, 0.4599357334766445]"
"[0.920289980867418, 0.8430055031461726, 0.3944271523627455, 0.6703921852991904]",stable,0.23038763154098005,4493,"[0.8532896400450433, 1.0, 0.3218557303811321, 0.5337337359960895]"
"[0.9198520701430887, 0.8440316109687467, 0.3939528293432578, 0.6694989928200852]",stable,0.10609625003062999,4494,"[1.0, 0.8418153768956118, 0.3345595977840756, 0.633439930689963]"
"[0.9203725112460556, 0.8440172198384017, 0.39356715900845796, 0.6692648430659934]",stable,0.17897007067925566,4495,"[0.8686523426975198, 0.7413197203091755, 0.5299962960249828, 0.6552782592221919]"
"[0.9203725112460556, 0.8440172198384017, 0.39356715900845796, 0.6692648430659934]",stable,0.3872013821111895,4496,"[0.7497789611975905, 0.8487297005535577, 0.12425337076562426, 0.8889706167235845]"
"[0.9223525918230073, 0.6796229272607153, 0.19091437255767965, 0.5620021731054662]",stable,0.39567103565237693,4497,"[0.9132098857581177, 0.5710852880726334, 0.47105200609926223, 0.8193238910642021]"
"[0.9252577869401932, 0.5693872581754316, 0.3610624031805683, 0.6814601561681742]",stable,0.6042906774641555,4498,"[0.5897236805632475, 0.8265444371980717, 0.7256776143278296, 0.9127824841113894]"
"[0.9143790699514607, 0.6290276539054626, 0.6204378437481226, 0.6294193377502167]",stable,0.09805592037741816,4499,"[0.8590056095427605, 0.6534026676565674, 0.5954439241398127, 0.7024255435869501]"
"[0.9203725112460556, 0.8440172198384017, 0.39356715900845796, 0.6692648430659934]",stable,0.21278378130866277,4500,"[0.8265870324858535, 0.7029791048112867, 0.2958578086647101, 0.5853461054281243]"
"[0.9203725112460556, 0.8440172198384017, 0.39356715900845796, 0.6692648430659934]",stable,0.19119471444402447,4501,"[1.0, 0.7728612853869282, 0.23744228467173345, 0.6413948148680868]"
"[0.9203725112460556, 0.8440172198384017, 0.39356715900845796, 0.6692648430659934]",stable,0.37004590149508526,4502,"[1.0, 0.7034142352544326, 0.4314945757669056, 1.0]"
"[0.9258397055434135, 0.767982613545564, 0.5299114289251848, 0.8536618649948229]",stable,0.45796419609372213,4503,"[0.5991580776829495, 0.8535669321668522, 0.3916127505822285, 0.576968679504237]"
"[0.6715314218555585, 0.7952413079461561, 0.4333793981555263, 0.49427251672838424]",stable,0.2507912498707111,4504,"[0.5251506449131107, 0.9809231810885651, 0.35233944136314355, 0.5148561641907237]"
"[0.6698092950680002, 0.797425800571361, 0.4324259868991453, 0.49451467728676474]",stable,0.20670621030952765,4505,"[0.6248920086086871, 0.6399032318570554, 0.5018071375196693, 0.3892398415382455]"
"[0.6692870010394036, 0.7955941427956134, 0.4332327444645003, 0.49329055128968896]",stable,0.11569609416047058,4506,"[0.5654207931549945, 0.8050909390935373, 0.46771272600847, 0.45698161579848484]"
"[0.6680931365809621, 0.7957033013737503, 0.43362906609144247, 0.49287320720358313]",stable,0.6905007944148606,4507,"[0.10641555006571204, 0.7145881463691132, 0.04084290200571683, 0.4716836620137389]"
"[0.14246472177125477, 0.4518133902143287, 0.3951599499004537, 0.28683000883077747]",stable,0.5091433554447741,4508,"[0.5008264722920951, 0.5570252864959913, 0.11606538331383237, 0.491379494138967]"
"[0.3806186475851279, 0.8240537467901305, 0.4906469309674596, 0.462577224166733]",stable,0.5710179533765198,4509,"[0.1540592127783577, 0.5132306138080726, 0.2934640077324653, 0.08942819178681843]"
"[0.14246472177125477, 0.4518133902143287, 0.3951599499004537, 0.28683000883077747]",stable,0.4238174312748858,4510,"[0.2650433148421869, 0.7428584575845685, 0.18631602425582408, 0.4772839062810171]"
"[0.14246472177125477, 0.4518133902143287, 0.3951599499004537, 0.28683000883077747]",stable,0.18832927108369907,4511,"[0.14444800224271157, 0.6148921089393251, 0.3267861951679565, 0.35159374952171324]"
"[0.1132894154677548, 0.7441579687098355, 0.33992870537729464, 0.27364476050038433]",stable,0.3793723025945801,4512,"[0.46720040622936077, 0.6871842383337539, 0.22809698606943332, 0.3276634165159998]"
"[0.2950723868454866, 0.7088795412407236, 0.26757570973300965, 0.4458292072121714]",stable,0.17629904271123534,4513,"[0.2750183411065193, 0.6666269120548877, 0.30079634240042363, 0.2791250002992732]"
"[0.14246472177125477, 0.4518133902143287, 0.3951599499004537, 0.28683000883077747]",stable,0.5435785948732359,4514,"[0.5683096209587077, 0.5906530414463094, 0.27529433406860676, 0.5705368928280179]"
"[0.3806186475851279, 0.8240537467901305, 0.4906469309674596, 0.462577224166733]",stable,0.38657898996512324,4515,"[0.19896938794951857, 0.6003783269022486, 0.23345853024545019, 0.47901787586685235]"
"[0.1009678897848092, 0.5812386008728797, 0.47930957247803657, 0.4586941389634103]",stable,0.2482128059647251,4516,"[0.2568441784651316, 0.6688802639792959, 0.30735028338690384, 0.4508761177722933]"
"[0.14246472177125477, 0.4518133902143287, 0.3951599499004537, 0.28683000883077747]",stable,0.3517031181367886,4517,"[0.13226240563796351, 0.7564025622580969, 0.23571269718495896, 0.21339292059990309]"
"[0.1134529757278428, 0.7442635255507688, 0.3390302915135676, 0.27312534808744915]",stable,0.7530171754998826,4518,"[0.6255824190036903, 0.6369246277517625, 0.6997699823137349, 0.6769861365139633]"
"[0.9138933378426125, 0.62924146981556, 0.6202185988392778, 0.6300597430645741]",stable,0.42216108102307703,4519,"[0.6757425950150905, 0.8295668825732547, 0.3619461565783511, 0.5089429540000187]"
"[0.6681800622449864, 0.796088114796472, 0.4328144875742482, 0.4930558179626336]",stable,0.2005637107175622,4520,"[0.5154764228255906, 0.6950603624714727, 0.35487852699683103, 0.46802024579215956]"
"[0.666464291015555, 0.7949529715119213, 0.43193880262394013, 0.49277451939892036]",stable,0.1534775453950398,4521,"[0.6066667258546644, 0.883963860092499, 0.47244115570927275, 0.5948344490969295]"
"[0.6657998736248785, 0.7959419813850388, 0.43238882876933266, 0.4939085186177872]",stable,0.5103077057440637,4522,"[0.4007121617966497, 0.5547984728423325, 0.7451592381481689, 0.6787515300738678]"
"[0.6482411142462988, 0.6529964005756954, 0.8983450562965241, 0.6427822943479369]",stable,0.5397317312039116,4523,"[0.6080460596690486, 0.6531913255878243, 0.4647173673170174, 0.32393799283004043]"
"[0.29457846943769567, 0.7081824911860858, 0.26819431317641057, 0.44445923012443606]",stable,0.4180360149370005,4524,"[0.4561104489857116, 0.7048908443710591, 0.6055594598357459, 0.6311018089977407]"
"[0.5269746672850938, 0.4995312550498724, 0.6076896562913643, 0.5539293513969755]",stable,0.35206106913102736,4525,"[0.6996773378748099, 0.7367018373566919, 0.7983769836016772, 0.5150803866700259]"
"[0.5269746672850938, 0.4995312550498724, 0.6076896562913643, 0.5539293513969755]",stable,0.6108526749794243,4526,"[0.22700135110752767, 0.7999908336727032, 0.19513674993643781, 0.4033267578507608]"
"[0.14246472177125477, 0.4518133902143287, 0.3951599499004537, 0.28683000883077747]",stable,0.6511943585840346,4527,"[0.4585086818184714, 1.0, 0.5368965802911527, 0.3466002056392885]"
"[0.22602935220627235, 0.6926330826909005, 0.5511029108992236, 0.23833505531822327]",stable,0.40647440208441793,4528,"[0.21876057019343106, 0.8748678645821386, 0.25048816359066955, 0.44227098233355316]"
"[0.44212164323534286, 0.5841741541787628, 0.3656481476557685, 0.30355245541406495]",stable,0.33941909798521797,4529,"[0.5204579248078257, 0.6951654896574608, 0.272210835680452, 0.6002326590778385]"
"[0.6076697579466415, 0.6183205653898912, 0.40707119450600404, 0.6580553852911221]",stable,0.3256806448797481,4530,"[0.4801754829881781, 0.46706271659755455, 0.5821671176724746, 0.467593911046853]"
"[0.5266746725139597, 0.49932312339312673, 0.6075260502745765, 0.5533759190870388]",stable,0.33709233823069634,4531,"[0.420887382773739, 0.766285269217334, 0.6591286025198495, 0.7222210644776166]"
"[0.5266746725139597, 0.49932312339312673, 0.6075260502745765, 0.5533759190870388]",stable,0.17456440578733917,4532,"[0.4147419803711323, 0.5269905602904803, 0.7297590728398142, 0.5060746999944733]"
"[0.5266746725139597, 0.49932312339312673, 0.6075260502745765, 0.5533759190870388]",stable,0.27302899744231496,4533,"[0.6155475964416193, 0.464973827315521, 0.8618484751293947, 0.5253283360923772]"
"[0.5290462162519036, 0.38731128712325513, 0.8132574973162214, 0.5935773814326707]",stable,0.44419679579455124,4534,"[0.345301423769433, 0.7022029297890111, 0.7379534412389426, 0.3512528115944227]"
"[0.5266746725139597, 0.49932312339312673, 0.6075260502745765, 0.5533759190870388]",stable,0.3304403887310231,4535,"[0.3586472212083867, 0.4230458754296995, 0.8736596759229875, 0.4877078076872109]"
"[0.39258313534170236, 0.3543551453788445, 0.9127921106646864, 0.3516174506590802]",stable,0.22734619329327319,4536,"[0.33267327289381526, 0.37608279679810747, 0.6954716968796659, 0.3715384672628602]"
"[0.34683228970386426, 0.2588440322957204, 0.7021563519017473, 0.41383226131066125]",stable,0.3085633389259086,4537,"[0.3149053222496775, 0.18569434571213383, 1.0, 0.40241790550178186]"
"[0.1407286357921404, 0.3183925571633628, 0.9522018288175851, 0.46723341158967274]",stable,0.21785331702519276,4538,"[0.299579273287234, 0.2807411762409174, 1.0, 0.3311295870565944]"
"[0.39189928341483127, 0.3538138661940068, 0.9134333451450931, 0.35146680460317953]",stable,0.27668427032243037,4539,"[0.26117163398055, 0.18475510293881592, 1.0, 0.5044040987831804]"
"[0.1407286357921404, 0.3183925571633628, 0.9522018288175851, 0.46723341158967274]",stable,0.2530107067188132,4540,"[0.037469164567472846, 0.28332709966651054, 0.7703913832438923, 0.32914910803714326]"
"[0.10717300011509572, 0.22703549776475337, 0.6626357385739915, 0.30040991637713776]",stable,0.41464310227004625,4541,"[0.2578241181119511, 0.33085929600140457, 0.9026688783656811, 0.584729900950653]"
"[0.14231100717484055, 0.3185610266071201, 0.9515324646222891, 0.4688212019864428]",stable,0.2766447187958553,4542,"[0.25197606872478523, 0.11982257737161062, 0.7937373048466697, 0.45835262711990765]"
"[0.14231100717484055, 0.3185610266071201, 0.9515324646222891, 0.4688212019864428]",stable,0.49233291792209066,4543,"[0.3008360091500066, 0.39561085096394294, 0.5234109339900229, 0.6362631483264265]"
"[0.36335824205374667, 0.48067757916218284, 0.6217417313335724, 0.3113704016545978]",stable,0.37468350867476774,4544,"[0.1411028332612572, 0.6216677675614899, 0.7307133015430813, 0.5547573951372408]"
"[0.34683228970386426, 0.2588440322957204, 0.7021563519017473, 0.41383226131066125]",stable,0.4812753436304539,4545,"[0.3720648993699034, 0.5691026496239163, 0.9601076329151648, 0.6749644094525279]"
"[0.6482411142462988, 0.6529964005756954, 0.8983450562965241, 0.6427822943479369]",anomaly,0.4255444532851306,4546,"[0.8368257320337138, 0.29173079541950186, 0.8309538730548528, 0.7451029403981453]"
"[0.6482411142462988, 0.6529964005756954, 0.8983450562965241, 0.6427822943479369]",stable,0.4392981267314548,4547,"[0.359300320196187, 0.42996646661461196, 0.7792357111737723, 0.4293187748763416]"
"[0.3916613347781988, 0.35436972459123744, 0.9124538003715797, 0.35203506715991795]",stable,0.6419067091733526,4548,"[0.8194328951882797, 0.7156606802435602, 0.5992899463979426, 0.373317954987876]"
"[0.5266746725139597, 0.49932312339312673, 0.6075260502745765, 0.5533759190870388]",stable,0.4558488977464105,4549,"[0.743419970524078, 0.6837327336373983, 0.2543750734794977, 0.5991708599141655]"
"[0.9258397055434135, 0.767982613545564, 0.5299114289251848, 0.8536618649948229]",stable,0.35923708400608817,4550,"[0.7542748654911123, 0.6628778778024885, 0.4822642744211283, 0.5598940461734442]"
"[0.6667721262827492, 0.7944797384885273, 0.43293691058968203, 0.494633634305212]",stable,0.4437816766387168,4551,"[0.8521967817707151, 0.7009065568628133, 0.33888058875087096, 0.8753662723335729]"
"[0.9258397055434135, 0.767982613545564, 0.5299114289251848, 0.8536618649948229]",stable,0.42578760621956663,4552,"[0.8158494855330741, 0.8181880309782279, 0.4157549884863598, 0.4616861511055376]"
"[0.668392532361557, 0.7947374373199372, 0.43275015056681987, 0.4942755094878242]",stable,0.4929524623638267,4553,"[1.0, 0.7829693026610497, 0.5222311688616512, 0.8476779372221981]"
"[0.9203725112460556, 0.8440172198384017, 0.39356715900845796, 0.6692648430659934]",stable,0.2927112578413912,4554,"[1.0, 0.7073746452027673, 0.48245675820686096, 0.8989750723835451]"
"[0.9203725112460556, 0.8440172198384017, 0.39356715900845796, 0.6692648430659934]",stable,0.4382326132630277,4555,"[0.5783784556145375, 0.5716520136886272, 0.36902017388990765, 0.6866582107855872]"
"[0.6074866873070659, 0.6180288869417583, 0.40683337562715344, 0.6582341529504625]",stable,0.20256292792765293,4556,"[0.7675969199488683, 0.617083719158248, 0.29769941172334646, 0.7172709021370074]"
"[0.9269302981089516, 0.7676471629630102, 0.5295060250223771, 0.8539510508743531]",stable,0.5170763997018393,4557,"[0.6172598401745035, 0.7288352554185654, 0.5774187403981614, 0.4444755105189296]"
"[0.5266746725139597, 0.49932312339312673, 0.6075260502745765, 0.5533759190870388]",stable,0.4891063428490422,4558,"[0.9614991622558843, 0.6936030582878789, 0.5920204867127671, 0.6636825921932531]"
"[0.9203725112460556, 0.8440172198384017, 0.39356715900845796, 0.6692648430659934]",stable,0.44156588347406595,4559,"[1.0, 0.633904141235462, 0.7395877737833734, 0.8266246881147139]"
"[0.9203725112460556, 0.8440172198384017, 0.39356715900845796, 0.6692648430659934]",stable,0.3756127408395672,4560,"[0.823371482499116, 0.6075602637546932, 0.337985264580166, 0.3996827731235794]"
"[0.6942644250009103, 0.37183313762257336, 0.5152511934985771, 0.719657979966136]",stable,0.6382178779964505,4561,"[0.9863971037519204, 0.6823157558675013, 0.04051789470109862, 0.7341285217904658]"
"[0.9203725112460556, 0.8440172198384017, 0.39356715900845796, 0.6692648430659934]",stable,0.3940022279701447,4562,"[1.0, 0.45907454865259834, 0.4074709542617321, 0.6463947084342997]"
"[0.8921991043465384, 0.6292309833744696, 0.3478104561578418, 0.9145567393037932]",stable,0.663581055601231,4563,"[0.828009135606408, 0.43682528600089443, 0.3427423919410631, 0.2827546914998407]"
"[0.6942644250009103, 0.37183313762257336, 0.5152511934985771, 0.719657979966136]",anomaly,0.6486832064452188,4564,"[0.6145857998318458, 0.9831453378965573, 0.7090184034763615, 0.7761635650779093]"
"[0.6942644250009103, 0.37183313762257336, 0.5152511934985771, 0.719657979966136]",stable,0.47017356274654,4565,"[0.6780960249301389, 0.6228479928905751, 0.7089095820799631, 0.37282987713741333]"
"[0.5266746725139597, 0.49932312339312673, 0.6075260502745765, 0.5533759190870388]",stable,0.41844713242068227,4566,"[0.5714091078737218, 0.7870855961030965, 0.6681613157522847, 0.8476767121617892]"
"[0.9150460316923595, 0.6298365065387688, 0.6210045562773604, 0.6320441206005986]",stable,0.4038928009473517,4567,"[0.5481245035808557, 0.6466988792031684, 0.5425521490124251, 0.48352184264917597]"
"[0.5268112956417743, 0.5002618224747194, 0.6071122037697221, 0.5529309886638677]",stable,0.40620077670282034,4568,"[0.6702840863207208, 0.6134590976389097, 0.9386036209756891, 0.4055727634338119]"
"[0.5290462162519036, 0.38731128712325513, 0.8132574973162214, 0.5935773814326707]",stable,0.3694926075417012,4569,"[0.4608496319744874, 0.6846895384288175, 1.0, 0.5010169889167373]"
"[0.5268112956417743, 0.5002618224747194, 0.6071122037697221, 0.5529309886638677]",stable,0.25149560897313966,4570,"[0.5953423828524431, 0.40518286666182546, 0.4591384839615716, 0.3867464471861394]"
"[0.6942644250009103, 0.37183313762257336, 0.5152511934985771, 0.719657979966136]",stable,0.4423562733441769,4571,"[0.44345259356625766, 0.7134550920175569, 0.513076796828146, 0.5929212052958972]"
"[0.5268112956417743, 0.5002618224747194, 0.6071122037697221, 0.5529309886638677]",stable,0.34147899339529963,4572,"[0.8361398337309888, 0.6127238158287157, 0.5787262500358592, 0.6393618635600596]"
"[0.9203725112460556, 0.8440172198384017, 0.39356715900845796, 0.6692648430659934]",stable,0.7962688138890407,4573,"[0.29937491740594524, 0.36037240346416266, 0.4714160895570937, 0.577432125455028]"
"[0.36335824205374667, 0.48067757916218284, 0.6217417313335724, 0.3113704016545978]",stable,0.5620381089421652,4574,"[0.8307456061184, 0.6372169144418348, 0.6797800547068251, 0.5751181549079798]"
"[0.9203725112460556, 0.8440172198384017, 0.39356715900845796, 0.6692648430659934]",stable,0.4577583220458415,4575,"[0.6469109152793941, 0.5985019033503916, 0.609865503682377, 0.502835601660808]"
"[0.5268112956417743, 0.5002618224747194, 0.6071122037697221, 0.5529309886638677]",stable,0.13187414872061465,4576,"[0.542591545271783, 0.5740379742941654, 0.499405754486141, 0.5628393198976749]"
"[0.5269111706394325, 0.5007287601444628, 0.6064305173818513, 0.5529936996210437]",stable,0.4755890832965382,4577,"[0.7091298173981845, 0.5152155784423795, 0.2586091861231249, 0.285053791169053]"
"[0.38200954105358054, 0.8271956441688781, 0.49147281756252553, 0.4605062059787429]",stable,0.5520521926366272,4578,"[0.743359384767521, 0.5692985568597128, 0.6663395206356788, 0.7381726287896276]"
"[0.9203725112460556, 0.8440172198384017, 0.39356715900845796, 0.6692648430659934]",stable,0.39846993307621736,4579,"[0.7328296037248019, 0.7748040883023635, 0.6901400686370953, 0.844934980259595]"
"[0.9122318025288286, 0.6292460003834238, 0.6215241542315307, 0.6325190809825806]",stable,0.25832011167181373,4580,"[0.7944506941303964, 0.4674906876860365, 0.4616017060360459, 0.6659394337022633]"
"[0.6954159913127435, 0.3729326496922683, 0.5146345327231457, 0.7190405254113789]",stable,0.6673526383377124,4581,"[1.0, 0.8163733305843839, 0.1899008877044399, 0.49432615588617723]"
"[0.9203725112460556, 0.8440172198384017, 0.39356715900845796, 0.6692648430659934]",stable,0.3541794987668634,4582,"[0.9822442297272792, 0.7258037752422444, 0.06625778798134307, 0.6918295268322794]"
"[0.9203725112460556, 0.8440172198384017, 0.39356715900845796, 0.6692648430659934]",stable,0.343869856622653,4583,"[1.0, 0.5992013249483314, 0.5448899048547462, 0.8397715746842439]"
"[0.9257955007032134, 0.5685936415601593, 0.36139627764877813, 0.6812078867600169]",stable,0.22474573544965878,4584,"[0.8578988009058452, 0.7772044104377077, 0.3277780710412709, 0.7165921636672413]"
"[0.9199694550503124, 0.8435861694551715, 0.3931427132796374, 0.6695701806182596]",stable,0.28384508822580845,4585,"[0.7369153096270659, 0.7574765074047772, 0.21078034500299267, 0.5896432972098457]"
"[0.9269302981089516, 0.7676471629630102, 0.5295060250223771, 0.8539510508743531]",stable,0.6213834116013878,4586,"[0.6914093027480074, 0.7433562954717492, 0.7300650373141118, 0.3155894239889894]"
"[0.5269111706394325, 0.5007287601444628, 0.6064305173818513, 0.5529936996210437]",stable,0.2963826540213371,4587,"[0.7410293671399182, 0.5877028380317608, 0.48922398782351995, 0.6968485387355388]"
"[0.6083161449457793, 0.6178405263895222, 0.4073451185600501, 0.6584739938559598]",stable,0.42261524353526037,4588,"[0.812780437602042, 0.30555620379880927, 0.47004849030743706, 0.47047190308963327]"
"[0.6954159913127435, 0.3729326496922683, 0.5146345327231457, 0.7190405254113789]",stable,0.4120400227838507,4589,"[1.0, 0.5278444190555834, 0.3242133380657729, 0.589627719376955]"
"[0.8921991043465384, 0.6292309833744696, 0.3478104561578418, 0.9145567393037932]",stable,0.6229121145595375,4590,"[0.6753224994255748, 0.6852062298243086, 0.45348228856143635, 0.3429937276206219]"
"[0.668467048136439, 0.7935596824006292, 0.4329730767818158, 0.4926488236612952]",stable,0.4994196252873952,4591,"[0.9293102985359417, 0.8232136033878176, 0.4191897994506491, 0.9172797540930318]"
"[0.9199694550503124, 0.8435861694551715, 0.3931427132796374, 0.6695701806182596]",stable,0.18785918780109503,4592,"[0.8272150135843984, 0.8069338423534498, 0.40973709871197816, 0.5112384992661538]"
"[0.6701558562795024, 0.7937019606979996, 0.4327258855257537, 0.49284658616772986]",stable,0.306951916840518,4593,"[0.904312158954111, 0.7467487311864831, 0.4834042484559982, 0.6789041120541466]"
"[0.9198690877676443, 0.8429654166457567, 0.3937213128641013, 0.6696300135120793]",stable,0.3236800726136403,4594,"[0.7067955679722885, 0.6994816483101115, 0.5705869271581605, 0.5830307798331517]"
"[0.5269111706394325, 0.5007287601444628, 0.6064305173818513, 0.5529936996210437]",stable,0.7462822498077105,4595,"[1.0, 0.9383416869304135, 0.31341504734870673, 0.789131406358861]"
"[0.9203794757436465, 0.8435729088131749, 0.39320980798820704, 0.6703911688805301]",stable,0.21546276895679198,4596,"[0.9820016673186178, 0.809028017574249, 0.3908578746609934, 0.8739299347482158]"
"[0.9203794757436465, 0.8435729088131749, 0.39320980798820704, 0.6703911688805301]",anomaly,0.4421794215691924,4597,"[0.7531226645946032, 1.0, 0.5787802355201936, 1.0]"
"[0.9203794757436465, 0.8435729088131749, 0.39320980798820704, 0.6703911688805301]",stable,0.2980473626398779,4598,"[0.9890706802292414, 0.988920010951023, 0.5857632817175455, 0.8313605089978331]"
"[0.9203794757436465, 0.8435729088131749, 0.39320980798820704, 0.6703911688805301]",stable,0.36337084033084255,4599,"[0.6221689510095432, 0.8238129493122177, 0.3983675730969013, 0.8770110904760952]"
"[0.9122318025288286, 0.6292460003834238, 0.6215241542315307, 0.6325190809825806]",stable,0.5965173951502581,4600,"[0.8776968576773464, 0.9617525182195957, 0.28883955703064623, 0.9977597067112953]"
"[0.9241166822734883, 0.6825288754875304, 0.18971634179743857, 0.565242694829291]",stable,0.12676905013941353,4601,"[0.818095915869677, 0.7123108888090647, 0.24807993845236906, 0.5420756615186973]"
"[0.9203794757436465, 0.8435729088131749, 0.39320980798820704, 0.6703911688805301]",stable,0.5162588453529605,4602,"[0.5911570365673944, 0.5419833020105679, 0.26033570073612133, 0.8929309667563732]"
"[0.9277906704237497, 0.7699365165099458, 0.5281196428695861, 0.8543878641492886]",stable,0.4538419189153876,4603,"[0.6893741374901363, 0.5991080978522402, 0.3716414468309704, 0.5454181735126102]"
"[0.6088165029244482, 0.6177248941146007, 0.40712472552468537, 0.6577761184217417]",stable,0.18670674622946845,4604,"[0.7645453272200967, 0.6630669923293921, 0.31517394623554545, 0.6479226576748638]"
"[0.9277906704237497, 0.7699365165099458, 0.5281196428695861, 0.8543878641492886]",stable,0.38254785418923076,4605,"[0.7819454171115501, 0.8384186165914205, 0.1971094873407318, 0.9583806607088572]"
"[0.9231069606886901, 0.6828125137096404, 0.19027218557510459, 0.5650220564168091]",stable,0.8445036397809266,4606,"[0.5922484634255526, 0.34507039961907643, 0.8809912288718362, 0.6770779352848796]"
"[0.3749671465252735, 0.6021317246257388, 0.8757506044375667, 0.476463478554859]",stable,0.4914771169223808,4607,"[0.5974488040610526, 0.5316002674682037, 0.44932572948059646, 0.404083867560913]"
"[0.6954159913127435, 0.3729326496922683, 0.5146345327231457, 0.7190405254113789]",stable,0.2944574037701287,4608,"[0.5142419674976679, 0.4647394688728148, 0.664513333872948, 0.5674193242304506]"
"[0.5268314901165283, 0.500502412400616, 0.6067958181144997, 0.553084426819845]",stable,0.1739305375610653,4609,"[0.44040764567120994, 0.4780429788714091, 0.6654536731312803, 0.415834359796364]"
"[0.5268314901165283, 0.500502412400616, 0.6067958181144997, 0.553084426819845]",stable,0.322264496890478,4610,"[0.32578856097482134, 0.6467240577028242, 0.4127080822078071, 0.48686261912838547]"
"[0.14246472177125477, 0.4518133902143287, 0.3951599499004537, 0.28683000883077747]",stable,0.46302592216814475,4611,"[0.4637157331903673, 0.5312808228893838, 0.37045838076874327, 0.6097317770023454]"
"[0.6079263141530735, 0.6171945623892926, 0.4068997786243422, 0.6574813678608865]",stable,0.2847442237440322,4612,"[0.41338942054567673, 0.49935409029536293, 0.4305938976705451, 0.4878143945264158]"
"[0.3638970490720506, 0.4806591553839257, 0.6220474092482416, 0.3121009188444004]",stable,0.14940825824052772,4613,"[0.29535328334059785, 0.5530224890502338, 0.5807550585687377, 0.41545985423887594]"
"[0.5268314901165283, 0.500502412400616, 0.6067958181144997, 0.553084426819845]",stable,0.5211075474424774,4614,"[0.2590820705126969, 0.5298759011216937, 0.4461243834057637, 0.1369291522740159]"
"[0.294275410881087, 0.7084354070944471, 0.2687897815580058, 0.44446982109718836]",stable,0.4451005911205029,4615,"[0.19670185343441693, 0.5045661453925593, 0.29085936836380094, 0.06165890879926145]"
"[0.1433976605611863, 0.45243789030158765, 0.39556766536849625, 0.28563080197832336]",stable,0.2103143112430839,4616,"[0.154809918677475, 0.25946941941620294, 0.31382434938782894, 0.29916111664506984]"
"[0.049050120932576685, 0.5834269583584095, 0.18074297824628255, 0.4012105457498739]",stable,0.37056892249818424,4617,"[0.1840367200431578, 0.49228963083495586, 0.49344922179461104, 0.28715469469522287]"
"[0.294275410881087, 0.7084354070944471, 0.2687897815580058, 0.44446982109718836]",stable,0.18655149982930397,4618,"[0.19488124765660397, 0.6132020718950212, 0.2113939079975114, 0.3324047151520764]"
"[0.14372019277929718, 0.4527541739566143, 0.39634450311790986, 0.2856428963649654]",stable,0.17967027636060465,4619,"[0.14172155293573607, 0.5880419672145641, 0.3176087357733127, 0.19746520314086546]"
"[0.14372019277929718, 0.4527541739566143, 0.39634450311790986, 0.2856428963649654]",stable,0.2778752668971524,4620,"[0.23283509491330104, 0.32666037995976555, 0.1686254450048276, 0.24668671767170108]"
"[0.05180165162548286, 0.58398875295344, 0.181321297675551, 0.3999123225310476]",stable,0.37969473595754905,4621,"[0.4035050103899056, 0.6719669676490632, 0.21828030183187414, 0.5065270761931948]"
"[0.14372019277929718, 0.4527541739566143, 0.39634450311790986, 0.2856428963649654]",stable,0.5829173914406948,4622,"[0.20760891800047923, 0.8750609568000594, 0.21645718852196474, 0.6392082386222565]"
"[0.44212164323534286, 0.5841741541787628, 0.3656481476557685, 0.30355245541406495]",stable,0.1863904320547242,4623,"[0.6035244810985265, 0.6302570960897826, 0.4256777534326829, 0.35798889528986333]"
"[0.29517813484396976, 0.7081340150329151, 0.2683723478412609, 0.4449826909740149]",stable,0.4416932649764615,4624,"[0.5258949385477746, 0.5286426016293881, 0.4873456200630237, 0.6933699599335261]"
"[0.6074261228384071, 0.6166546114090492, 0.40739030204774873, 0.6577002007393782]",anomaly,0.3814042491262333,4625,"[0.42575908180783495, 0.8026862763106848, 0.26113677679383934, 0.8953310351432322]"
"[0.6074261228384071, 0.6166546114090492, 0.40739030204774873, 0.6577002007393782]",anomaly,0.46831583381625197,4626,"[0.7048851794998475, 0.8223540624090511, 0.1308362227630033, 0.355993340414761]"
"[0.6074261228384071, 0.6166546114090492, 0.40739030204774873, 0.6577002007393782]",stable,0.2597916582044471,4627,"[0.5874565664198128, 0.43022424072256726, 0.24083186509852053, 0.7254860875875396]"
"[0.607305095223749, 0.6155247303745857, 0.40638085697532916, 0.6581110242960337]",stable,0.2095787002585163,4628,"[0.545778630880362, 0.6190251121420985, 0.4135349116108317, 0.4579253789135417]"
"[0.29517813484396976, 0.7081340150329151, 0.2683723478412609, 0.4449826909740149]",stable,0.6124745851558001,4629,"[0.8146671426165133, 0.6489027533069525, 0.48635039930287455, 0.677863593970839]"
"[0.9203794757436465, 0.8435729088131749, 0.39320980798820704, 0.6703911688805301]",stable,0.03725877430920279,4630,"[0.9467501644899404, 0.8649453535596933, 0.3821240899853894, 0.6597549806540448]"
"[0.9205463788369775, 0.8437081774508113, 0.3931396452160373, 0.670323851233527]",anomaly,0.28578351874620966,4631,"[1.0, 1.0, 0.36522701835830307, 0.4463749884607907]"
"[0.9205463788369775, 0.8437081774508113, 0.3931396452160373, 0.670323851233527]",anomaly,0.38085306573593414,4632,"[0.7148492309136386, 0.9165355868516174, 0.08862659996610439, 0.6017256389445504]"
"[0.9205463788369775, 0.8437081774508113, 0.3931396452160373, 0.670323851233527]",stable,0.4655328178198099,4633,"[0.846697842761417, 0.5295186154303297, 0.698936711175996, 0.8083103424361355]"
"[0.9263255328410476, 0.5683025756851267, 0.36113068522318525, 0.6805537427072806]",stable,0.5078680450272535,4634,"[0.5041283294870453, 0.5792562385591293, 0.44721901437175826, 0.4119494063798243]"
"[0.29517813484396976, 0.7081340150329151, 0.2683723478412609, 0.4449826909740149]",stable,0.884582204769438,4635,"[0.7995959169044151, 0.4630377585183427, 0.6682873261304945, 1.0]"
"[0.9263255328410476, 0.5683025756851267, 0.36113068522318525, 0.6805537427072806]",stable,0.3519059682429721,4636,"[0.6618904235357614, 0.6395709196386509, 0.5252129324161904, 0.8285730750863344]"
"[0.911418763696226, 0.6294098066577866, 0.620397706273792, 0.6328969519241494]",stable,0.3314086544939556,4637,"[0.7927114933025736, 0.7019637090176619, 0.5318074709493527, 0.9203477854360675]"
"[0.9205463788369775, 0.8437081774508113, 0.3931396452160373, 0.670323851233527]",stable,0.11090865215944179,4638,"[0.8907117958366142, 0.7393319622141086, 0.3945264729458702, 0.6476454654283653]"
"[0.9203587399501827, 0.8430517232669326, 0.39314836740301734, 0.6701812198762619]",anomaly,0.5875551435103269,4639,"[0.9481624816953276, 0.3487728239614395, 0.19363978316864186, 0.9158083623677942]"
"[0.9203587399501827, 0.8430517232669326, 0.39314836740301734, 0.6701812198762619]",stable,0.37089432265780653,4640,"[0.8436248388966664, 0.5780992484905814, 0.2698280185718239, 0.8852783716076179]"
"[0.9268258191585984, 0.7694509964564294, 0.5281459844987273, 0.8548590064441941]",stable,0.41749242657907526,4641,"[0.7921492146252748, 0.40291492559091074, 0.4023477593066752, 0.7774751984785965]"
"[0.6965152324867495, 0.37327335737293477, 0.513358546661595, 0.7197045557871428]",anomaly,0.7412497890441392,4642,"[0.9263517140205484, 0.9497813898625438, 0.2323336169166907, 0.42766017756531155]"
"[0.6965152324867495, 0.37327335737293477, 0.513358546661595, 0.7197045557871428]",stable,0.5132198958607485,4643,"[0.8225283679725941, 0.8017663170439084, 0.27932684553693704, 0.6241101125728444]"
"[0.9197473001253227, 0.8427936894780386, 0.3924369828913543, 0.6698932754556155]",stable,0.4961667291247384,4644,"[0.7620992219215729, 0.7152954714790338, 0.8313948867250529, 0.7811976760784552]"
"[0.6499404889877208, 0.6539262374548497, 0.8973458000342632, 0.6448481955677954]",stable,0.7269819355539594,4645,"[0.8309955546494612, 0.299746966185483, 0.33215604151029854, 0.4193723022161403]"
"[0.6965152324867495, 0.37327335737293477, 0.513358546661595, 0.7197045557871428]",stable,0.2628851481649072,4646,"[0.6817647013100134, 0.3723596903757219, 0.7590570274600945, 0.8120216435965886]"
"[0.696349496181393, 0.3732630914516178, 0.5161192037492186, 0.720741826436687]",stable,0.3586108693174023,4647,"[0.510736574936129, 0.6621877112299966, 0.4632523664505557, 0.6319878932317955]"
"[0.6067233571497271, 0.6158058326688953, 0.40672345642999924, 0.6579536560366106]",stable,0.6182180590268703,4648,"[0.15235603913597073, 0.6314039307989283, 0.6778095161211708, 0.33855898419035513]"
"[0.3634210506989155, 0.4811616785343862, 0.6217606568129673, 0.3128186892290843]",stable,0.29308422999555317,4649,"[0.12582458612356268, 0.4644261382365531, 0.7596409414504002, 0.4135918736216573]"
"[0.3634210506989155, 0.4811616785343862, 0.6217606568129673, 0.3128186892290843]",stable,0.2699070322675002,4650,"[0.28980766163290655, 0.23601704249320818, 0.5364682990963718, 0.32057730721481165]"
"[0.34636867484149875, 0.25865844701277313, 0.7008092945618662, 0.4130740909521584]",stable,0.4862135424683252,4651,"[0.2980699491032723, 0.65277308534454, 0.45360961591171944, 0.280270428730267]"
"[0.4445265440571069, 0.5847330952394592, 0.3670414361590624, 0.3058848547842197]",stable,0.26434346828330757,4652,"[0.5061157140720998, 0.5612314471141501, 0.612056601229601, 0.3800433659731802]"
"[0.5268314901165283, 0.500502412400616, 0.6067958181144997, 0.553084426819845]",stable,0.29000285685259314,4653,"[0.3706336924011249, 0.6956103366501226, 0.5109080663385661, 0.44153918072692855]"
"[0.2267644603378744, 0.6922263480241009, 0.5501080813585347, 0.23876296729181554]",stable,0.43204661748726964,4654,"[0.3127439222087755, 0.8171511454185925, 0.8672638140851983, 0.4899160043292755]"
"[0.5268314901165283, 0.500502412400616, 0.6067958181144997, 0.553084426819845]",stable,0.3736381241018495,4655,"[0.5165503241068882, 0.6129926127883571, 0.25157463268979, 0.5273238047384355]"
"[0.3818099647614322, 0.8248871300018824, 0.49181378683929816, 0.4601734511497637]",stable,0.33939158258863683,4656,"[0.5421535515177118, 0.5360693349299894, 0.5629341921428479, 0.49183967475504636]"
"[0.5269272530002856, 0.5007247056664246, 0.6065216829521768, 0.55270164711944]",stable,0.21615198883814282,4657,"[0.6593788926338635, 0.5525020005607789, 0.5536539789609215, 0.3987459293133854]"
"[0.696349496181393, 0.3732630914516178, 0.5161192037492186, 0.720741826436687]",stable,0.496006111661423,4658,"[0.3295627501330035, 0.6327127652653839, 0.3091522872331364, 0.6841343414851951]"
"[0.14372019277929718, 0.4527541739566143, 0.39634450311790986, 0.2856428963649654]",stable,0.40964722000602827,4659,"[0.30193371883587933, 0.3848216947395911, 0.7570000187208062, 0.3755990099095613]"
"[0.34601032842209856, 0.2596758925589572, 0.701262445563148, 0.41277187255665365]",stable,0.3826646740100413,4660,"[0.2057909540051244, 0.5714836913315225, 0.5833754409734382, 0.28767458822643033]"
"[0.4445265440571069, 0.5847330952394592, 0.3670414361590624, 0.3058848547842197]",stable,0.3850538783260781,4661,"[0.7256309586200582, 0.4561741379899844, 0.459456680516506, 0.5160724244653411]"
"[0.696349496181393, 0.3732630914516178, 0.5161192037492186, 0.720741826436687]",stable,0.4493570890621933,4662,"[0.7684556501524712, 0.7796386147415251, 0.5689597449295983, 0.551067705461903]"
"[0.5269272530002856, 0.5007247056664246, 0.6065216829521768, 0.55270164711944]",stable,0.21124882270607886,4663,"[0.5815681854442784, 0.5709433532042917, 0.5175391729629247, 0.38301992137880286]"
"[0.5272666376738508, 0.5011608463343616, 0.605968996554728, 0.5516477233570759]",stable,0.4311684954739465,4664,"[0.7431558514413901, 0.5984496412210046, 0.313083317090435, 0.7615309957308991]"
"[0.9268258191585984, 0.7694509964564294, 0.5281459844987273, 0.8548590064441941]",stable,0.5314877258370014,4665,"[0.7410898140092299, 0.5539585539924137, 0.09532312282332916, 0.9740593284175569]"
"[0.9268258191585984, 0.7694509964564294, 0.5281459844987273, 0.8548590064441941]",stable,0.4581025090029747,4666,"[0.9895168343820088, 0.35418401386667514, 0.5802456312004287, 0.6794546012844682]"
"[0.9263255328410476, 0.5683025756851267, 0.36113068522318525, 0.6805537427072806]",stable,0.19956765477168392,4667,"[0.9533684463209016, 0.734293087094577, 0.46339673240622875, 0.6476184215888248]"
"[0.9199561271203263, 0.8421197726930482, 0.392877726677161, 0.6697549223260082]",stable,0.4429470153182824,4668,"[0.7789258451068735, 0.6120345168648882, 0.27324712165833653, 1.0]"
"[0.9268258191585984, 0.7694509964564294, 0.5281459844987273, 0.8548590064441941]",stable,0.343992485992007,4669,"[0.9515444376104604, 0.717082769934745, 0.2934239954753243, 0.6101490208680771]"
"[0.9199561271203263, 0.8421197726930482, 0.392877726677161, 0.6697549223260082]",stable,0.31627285248998865,4670,"[0.6931766113517627, 0.8089421840752771, 0.1902045830041927, 0.7498948805064081]"
"[0.9268258191585984, 0.7694509964564294, 0.5281459844987273, 0.8548590064441941]",stable,0.2639427236287649,4671,"[0.8184735216143346, 0.9016654779614748, 0.38893763761020395, 1.0]"
"[0.9199561271203263, 0.8421197726930482, 0.392877726677161, 0.6697549223260082]",stable,0.19259592322729016,4672,"[1.0, 0.8793353443219608, 0.49787824233307737, 0.8049439048597924]"
"[0.9199561271203263, 0.8421197726930482, 0.392877726677161, 0.6697549223260082]",stable,0.44018151960116625,4673,"[0.5940945263460586, 0.5501494579299143, 0.4326324741539041, 0.6424257677580266]"
"[0.6066477354083878, 0.6154126807243506, 0.40687860024870526, 0.6578606746696729]",stable,0.4752212693335753,4674,"[0.7145346963261381, 0.4659643385364257, 0.5979253099456612, 0.2637008007324667]"
"[0.3916613347781988, 0.35436972459123744, 0.9124538003715797, 0.35203506715991795]",stable,0.4345680738255147,4675,"[0.29088340814138464, 0.3952039938273299, 0.5275631467281539, 0.5219908481298325]"
"[0.36440515182562716, 0.4817138838349363, 0.6216937322917028, 0.3132823076893884]",stable,0.34879213037416296,4676,"[0.654169334877476, 0.2908332580120664, 0.6542020635172122, 0.29912379372626974]"
"[0.3916613347781988, 0.35436972459123744, 0.9124538003715797, 0.35203506715991795]",stable,0.34040175116038907,4677,"[0.5349498647237371, 0.6002914743261556, 0.7783499270697725, 0.4819596358598954]"
"[0.5272666376738508, 0.5011608463343616, 0.605968996554728, 0.5516477233570759]",stable,0.28050728182073176,4678,"[0.7457091425641759, 0.46247337261970084, 0.6644629939161089, 0.713044559949247]"
"[0.6968979366967573, 0.37425431679792975, 0.5177674680844062, 0.7206563012534933]",stable,0.38192637221268927,4679,"[1.0, 0.5215103247027713, 0.6676813692570448, 0.6214676759782517]"
"[0.9199561271203263, 0.8421197726930482, 0.392877726677161, 0.6697549223260082]",stable,0.3301901048820895,4680,"[0.7159199696711657, 0.8858615109093311, 0.37150506206713285, 0.4147556647570654]"
"[0.6706375837888883, 0.79467206122654, 0.4320814558051366, 0.49202457646867026]",stable,0.24931761442639663,4681,"[0.7847624236277119, 0.8870935754239628, 0.48918762208746036, 0.6852393359489527]"
"[0.9191215980864212, 0.8423973887592884, 0.39347223220438504, 0.6698505051261499]",stable,0.21807905480335543,4682,"[1.0, 0.8927345710152816, 0.5895267312497792, 0.6766298660412359]"
"[0.9196177846012284, 0.8427062058283434, 0.39467502054208686, 0.6698920962974081]",stable,0.2500392927635785,4683,"[0.8313417941522417, 0.6785707688390656, 0.24604071189912458, 0.5944308608547759]"
"[0.9196177846012284, 0.8427062058283434, 0.39467502054208686, 0.6698920962974081]",anomaly,0.44944968495452553,4684,"[0.9828410738595071, 0.7641879604472895, 0.6052760068817997, 0.28584790001772603]"
"[0.9196177846012284, 0.8427062058283434, 0.39467502054208686, 0.6698920962974081]",anomaly,0.7637651046135379,4685,"[0.8380746582915028, 0.23288569513143292, 0.8028844721139478, 0.8652682513361544]"
"[0.9196177846012284, 0.8427062058283434, 0.39467502054208686, 0.6698920962974081]",stable,0.5256761420106293,4686,"[0.5843980300887424, 0.7125545977724972, 0.7228732641122582, 0.4716256233331177]"
"[0.5272666376738508, 0.5011608463343616, 0.605968996554728, 0.5516477233570759]",stable,0.47450775789877386,4687,"[0.22149909288234348, 0.30588114541063804, 0.3174088625598024, 0.45034269715271347]"
"[0.36440515182562716, 0.4817138838349363, 0.6216937322917028, 0.3132823076893884]",stable,0.4339613715977804,4688,"[0.30612798689629866, 0.257937678690474, 0.2611167767188782, 0.3828144096841037]"
"[0.05180165162548286, 0.58398875295344, 0.181321297675551, 0.3999123225310476]",stable,0.5298282407955682,4689,"[0.28091891112766676, 0.4803767495307776, 0.594360945276438, 0.6164441871588959]"
"[0.5272666376738508, 0.5011608463343616, 0.605968996554728, 0.5516477233570759]",stable,0.7718920273271003,4690,"[0.0, 0.47706802931495, 0.12824327792471768, 0.25331088591529716]"
"[0.14372019277929718, 0.4527541739566143, 0.39634450311790986, 0.2856428963649654]",stable,0.5062818637746966,4691,"[0.502368789739912, 0.7928684885655211, 0.4886358595272937, 0.3447789092132513]"
"[0.22655260673855368, 0.6910067252292263, 0.5504441152940388, 0.23925702406893284]",stable,0.20538488070814875,4692,"[0.30754303564225394, 0.6345939792279375, 0.37270690503567006, 0.21009221946369577]"
"[0.29545997595289625, 0.7075158080676074, 0.268706609639555, 0.4469429504044344]",stable,0.1535639024276534,4693,"[0.2079221576500641, 0.6498410052836671, 0.19223983171032946, 0.36481225277835616]"
"[0.14372019277929718, 0.4527541739566143, 0.39634450311790986, 0.2856428963649654]",stable,0.26331307922259095,4694,"[0.022827707412671372, 0.5058594834832749, 0.176002389077854, 0.3435044859732645]"
"[0.14372019277929718, 0.4527541739566143, 0.39634450311790986, 0.2856428963649654]",stable,0.3169078304092768,4695,"[0.3675068269563737, 0.500884931069503, 0.2598893404572069, 0.11413915255337559]"
"[0.05033300442842296, 0.5806242076241918, 0.18025953534194136, 0.3962212448369833]",stable,0.32739505292356486,4696,"[0.3694175416264836, 0.6463342332972732, 0.20185591200704453, 0.42047753970873303]"
"[0.14372019277929718, 0.4527541739566143, 0.39634450311790986, 0.2856428963649654]",stable,0.2240433018136281,4697,"[0.15743391720930575, 0.6178960104689627, 0.24835050719059865, 0.3145095874224115]"
"[0.14372019277929718, 0.4527541739566143, 0.39634450311790986, 0.2856428963649654]",stable,0.34868620752076224,4698,"[0.27128856678396057, 0.7767479385229248, 0.38501392448085464, 0.2712193122431842]"
"[0.11480199787362158, 0.7445411701060864, 0.3394233140175615, 0.27310905718279727]",stable,0.3128763291516683,4699,"[0.24161998585690267, 0.640455874446933, 0.1652707583266715, 0.47471742467079003]"
"[0.1009678897848092, 0.5812386008728797, 0.47930957247803657, 0.4586941389634103]",stable,0.2848588535118718,4700,"[0.15736625696246379, 0.565840735410951, 0.33773584801133283, 0.21852008357100397]"
"[0.2953504577865314, 0.7065572888937826, 0.26755082354631526, 0.44606717533732326]",stable,0.24324222336219603,4701,"[0.11595907268686076, 0.6035920058183412, 0.1433069428705791, 0.4152918804722244]"
"[0.1438276421035741, 0.4536446193223965, 0.39588301764462974, 0.28511437027997355]",stable,0.22274249322401804,4702,"[0.14165908546073366, 0.5174453949994788, 0.2046647303767512, 0.19038030414175577]"
"[0.1438276421035741, 0.4536446193223965, 0.39588301764462974, 0.28511437027997355]",stable,0.25418533620929995,4703,"[0.3673914487806039, 0.4762384683000329, 0.49291333672785986, 0.3537004086179092]"
"[0.5272666376738508, 0.5011608463343616, 0.605968996554728, 0.5516477233570759]",stable,0.44142291619208224,4704,"[0.1189134635924293, 0.6416575549579251, 0.5550080776718033, 0.47571659818627565]"
"[0.22655260673855368, 0.6910067252292263, 0.5504441152940388, 0.23925702406893284]",stable,0.07960704005624496,4705,"[0.24889101034754885, 0.6826695693096654, 0.47473121960012726, 0.23322993459440025]"
"[0.4435266644336408, 0.5850970432977692, 0.36708278994648286, 0.30518563846801144]",stable,0.5460210350516901,4706,"[0.0, 0.5231186757078978, 0.4978893022170934, 0.5888604645519997]"
"[0.22677599077464364, 0.6909233536700308, 0.5496869863370997, 0.23919675317418754]",stable,0.18872572150174083,4707,"[0.18609918398998138, 0.7463031337710173, 0.4840417232740966, 0.40225065450596004]"
"[0.10041069303328444, 0.5812540305971754, 0.47994231230980045, 0.45968198315677583]",stable,0.1820104525143827,4708,"[0.2687312804945223, 0.6191286716542788, 0.4569299401929695, 0.5128978356402814]"
"[0.5272666376738508, 0.5011608463343616, 0.605968996554728, 0.5516477233570759]",stable,0.6455054566959632,4709,"[0.10720166599102207, 0.8186454790393534, 0.2937905100362862, 0.34677992515394257]"
"[0.11473758828139616, 0.7451691727241649, 0.3390365953397541, 0.2737333865723833]",stable,0.33072164322772063,4710,"[0.1925555187346384, 0.44768554517061965, 0.22332826464983369, 0.23583551663549013]"
"[0.05336330234139349, 0.5816810427301378, 0.18080582269943776, 0.39512227954260903]",stable,0.43714879096229553,4711,"[0.4130726164529183, 0.5111945637872335, 0.37264398568122054, 0.25392011847125856]"
"[0.2953504577865314, 0.7065572888937826, 0.26755082354631526, 0.44606717533732326]",stable,0.4215802518494681,4712,"[0.5566208191543391, 0.3815215698405082, 0.22689323758434685, 0.3995220460168219]"
"[0.38388856519209563, 0.8243350844598762, 0.49175899498909115, 0.45818389008189275]",stable,0.4567498085862697,4713,"[0.5168269370287549, 0.8537998060264762, 0.8857635825851248, 0.6448386303734114]"
"[0.6861097269064618, 0.722562588225502, 0.6848408810451412, 0.48417260845927235]",stable,0.43856351052479525,4714,"[0.7514684259942398, 0.6934442693025675, 0.25971947663682093, 0.5647338164590607]"
"[0.9196177846012284, 0.8427062058283434, 0.39467502054208686, 0.6698920962974081]",stable,0.34989208198328237,4715,"[0.8636478015156754, 0.5510066363206327, 0.5390596501933491, 0.7854614256953197]"
"[0.9196177846012284, 0.8427062058283434, 0.39467502054208686, 0.6698920962974081]",stable,0.38971710926580855,4716,"[0.9879122627826755, 0.48025241402444563, 0.29054803512260713, 0.7406035467057414]"
"[0.8905806290996431, 0.6285477013605348, 0.34628499843698657, 0.9151183882337935]",anomaly,0.4616277110872307,4717,"[0.4630083984159653, 0.7127688994101294, 0.2190765858942797, 0.8314109168272634]"
"[0.8905806290996431, 0.6285477013605348, 0.34628499843698657, 0.9151183882337935]",stable,0.18735999458080416,4718,"[0.8182188252231716, 0.7747506855248845, 0.25679279803332367, 0.9371040744275788]"
"[0.9209313475006425, 0.6831889976628576, 0.19238670064256716, 0.5657095335365452]",stable,0.3641601285194414,4719,"[0.9385164027600836, 1.0, 0.3065917728438331, 0.7031553603791861]"
"[0.9197330200778069, 0.8436653143293902, 0.394137927568317, 0.6700949210783945]",stable,0.28590898723004293,4720,"[1.0, 0.8204224325890558, 0.24833254827489645, 0.9013993108564221]"
"[0.9209313475006425, 0.6831889976628576, 0.19238670064256716, 0.5657095335365452]",stable,0.22639573147022254,4721,"[0.8967402041864445, 0.6924524911051491, 0.2367007618765194, 0.7862095731721135]"
"[0.9265780859423809, 0.771155917790025, 0.5269524909138387, 0.8555296113172322]",stable,0.338965451118085,4722,"[0.8942431252578252, 0.8256729868455196, 0.394775074397794, 0.5499006743463399]"
"[0.9195785358667766, 0.843556269920397, 0.39414178906425323, 0.6693664710982004]",stable,0.4018071599205015,4723,"[0.9348298878350672, 0.6411166287719888, 0.14058294012942016, 0.43284481913993883]"
"[0.9195785358667766, 0.843556269920397, 0.39414178906425323, 0.6693664710982004]",stable,0.11350254294319986,4724,"[1.0, 0.8357320757970985, 0.4511114888012853, 0.6136129899563475]"
"[0.9200630025181816, 0.843509136220859, 0.39448498002652455, 0.6690306067539723]",stable,0.22494236432056303,4725,"[0.8316324734726689, 0.6421643824878557, 0.4336012298100852, 0.6423975831569044]"
"[0.8905806290996431, 0.6285477013605348, 0.34628499843698657, 0.9151183882337935]",stable,0.32444710110278546,4726,"[0.9789985622457734, 0.5821552580006918, 0.48641909244866555, 0.6400577269119732]"
"[0.8905806290996431, 0.6285477013605348, 0.34628499843698657, 0.9151183882337935]",stable,0.29463236100710377,4727,"[0.9412135241574366, 0.6306981376067227, 0.6329912727690763, 0.8699583841012609]"
"[0.9264623629108237, 0.5683002283246904, 0.3620200299904006, 0.6804236561943631]",stable,0.44414677658963403,4728,"[0.6416597001776302, 0.4257221503019081, 0.6624077152085647, 0.6056404181550294]"
"[0.5279727676893062, 0.5006951753711983, 0.6063173837069122, 0.5519810115965695]",stable,0.35539092749577833,4729,"[0.778618422039226, 0.7145743076982314, 0.5751732766939346, 0.6814616227134846]"
"[0.9200630025181816, 0.843509136220859, 0.39448498002652455, 0.6690306067539723]",stable,0.4396192814619244,4730,"[0.6221096751636659, 0.8289245665090921, 0.675009777337656, 0.5090866922984897]"
"[0.5279727676893062, 0.5006951753711983, 0.6063173837069122, 0.5519810115965695]",stable,0.28287899572370895,4731,"[0.683012737655045, 0.7289388403326671, 0.600937525714998, 0.6141020262986863]"
"[0.5279727676893062, 0.5006951753711983, 0.6063173837069122, 0.5519810115965695]",stable,0.3540025102746382,4732,"[0.24757886664722625, 0.4796751999241788, 0.8207670366171405, 0.5683072033766188]"
"[0.34601032842209856, 0.2596758925589572, 0.701262445563148, 0.41277187255665365]",stable,0.45839587170094376,4733,"[0.5304487615597886, 0.5739863798411965, 0.8012168708054871, 0.6722468617811583]"
"[0.6499404889877208, 0.6539262374548497, 0.8973458000342632, 0.6448481955677954]",stable,0.4142490590760229,4734,"[0.2438806104546472, 0.6998717403943726, 0.9551464866963841, 0.6804255671977705]"
"[0.6854453997679053, 0.7236788083283807, 0.6839128170942735, 0.4857057124362885]",stable,0.5099742754922271,4735,"[0.5845525262698527, 0.3709778995751343, 1.0, 0.6456599293500161]"
"[0.3758894059015184, 0.6041428488756755, 0.874751666062848, 0.47664223971598585]",stable,0.21417006911122577,4736,"[0.35312144784160404, 0.5079539507666225, 0.6904218478792494, 0.4305916957685262]"
"[0.5279727676893062, 0.5006951753711983, 0.6063173837069122, 0.5519810115965695]",stable,0.6339727694106878,4737,"[0.16366127864397667, 0.20081306788427694, 1.0, 0.39614991540051536]"
"[0.14231100717484055, 0.3185610266071201, 0.9515324646222891, 0.4688212019864428]",stable,0.4812572768522591,4738,"[0.1472735665015523, 0.7477053214994599, 0.8171070076885425, 0.29750596560131914]"
"[0.36434870687985127, 0.4818551399668872, 0.6212852133802994, 0.3143552838050868]",stable,0.3266591752483421,4739,"[0.1436817543435459, 0.4242217146402089, 0.6038953845657841, 0.5475682658004789]"
"[0.34601032842209856, 0.2596758925589572, 0.701262445563148, 0.41277187255665365]",stable,0.5628244346305827,4740,"[0.6297198072235337, 0.580324071209679, 0.34816898196581303, 0.31901672684045657]"
"[0.2953504577865314, 0.7065572888937826, 0.26755082354631526, 0.44606717533732326]",stable,0.5500385515845062,4741,"[0.0076361948014425085, 0.6126080880922824, 0.026093891627753385, 0.05538186872679435]"
"[0.1438276421035741, 0.4536446193223965, 0.39588301764462974, 0.28511437027997355]",stable,0.3852903200858795,4742,"[0.20040062445407242, 0.7873372264886646, 0.3728192530987967, 0.10245229127230765]"
"[0.11545744572822537, 0.7455235261171439, 0.3393204832200822, 0.27229404963708853]",stable,0.4288600798645833,4743,"[0.25097956556125955, 0.4133806117103237, 0.5742881785148581, 0.27739206048667575]"
"[0.5279727676893062, 0.5006951753711983, 0.6063173837069122, 0.5519810115965695]",anomaly,0.6792168203980761,4744,"[0.4048242936103813, 0.9456163553914705, 0.25096544932510634, 0.20278180090991582]"
"[0.5279727676893062, 0.5006951753711983, 0.6063173837069122, 0.5519810115965695]",stable,0.5031103329591091,4745,"[0.070561101575106, 0.5336301196565632, 0.39942057939771486, 0.5500898097515381]"
"[0.22637325011340936, 0.691471668324496, 0.549037033237466, 0.24081114823687835]",stable,0.4415897918260354,4746,"[0.4504604721505934, 0.4920043514003712, 0.26611440467590186, 0.3987796162661817]"
"[0.2953504577865314, 0.7065572888937826, 0.26755082354631526, 0.44606717533732326]",stable,0.3599635129134063,4747,"[0.0, 0.5083273277442965, 0.2546568343495101, 0.499737141421831]"
"[0.1438276421035741, 0.4536446193223965, 0.39588301764462974, 0.28511437027997355]",stable,0.36274972723924465,4748,"[0.07141856721636045, 0.7379482033455594, 0.20913860483961982, 0.3882758305440697]"
"[0.1438276421035741, 0.4536446193223965, 0.39588301764462974, 0.28511437027997355]",stable,0.35968086855578096,4749,"[0.1893355446091277, 0.6996151981001514, 0.6453671354886574, 0.35260886882548176]"
"[0.10021169575689658, 0.5809365378575713, 0.4794055007570532, 0.4602847020007409]",stable,0.23777238482940793,4750,"[0.0, 0.7644703105639548, 0.4427222754656669, 0.35321921606164747]"
"[0.11449530034715684, 0.7456814159875339, 0.34018216482212876, 0.2729684260239598]",stable,0.25786051169280383,4751,"[0.12195291344210193, 0.4969775013310982, 0.27353533720168416, 0.2610944755399875]"
"[0.2953504577865314, 0.7065572888937826, 0.26755082354631526, 0.44606717533732326]",stable,0.2995175221404131,4752,"[0.15015828046919452, 0.8338625631852963, 0.3938444328023735, 0.25508741433206805]"
"[0.11479003572006623, 0.7464101857990857, 0.3406256546401473, 0.2728206490678285]",stable,0.45912224195654605,4753,"[0.0, 0.5593050015660026, 0.7344009618487932, 0.3597064259500759]"
"[0.36358269916823915, 0.481392474235424, 0.6209676658474248, 0.3141055322961786]",stable,0.4928316199485784,4754,"[0.27591177741357514, 0.16774287103635727, 0.8375011310086645, 0.6139955120857037]"
"[0.5300784645753088, 0.3868019456010612, 0.8154703341356944, 0.5947563649263191]",stable,0.595873986624067,4755,"[0.35941724612296044, 0.8466255212355668, 0.48146003893074, 0.5405349813270784]"
"[0.22601013535356348, 0.6915515068517083, 0.5499814460046345, 0.24190720432108034]",stable,0.5267775166010733,4756,"[0.11737274286468133, 0.35254105450262574, 0.6260604530214463, 0.622664826489064]"
"[0.34601032842209856, 0.2596758925589572, 0.701262445563148, 0.41277187255665365]",stable,0.3125199858352258,4757,"[0.26025272950116257, 0.2586842135942023, 1.0, 0.38007224082041924]"
"[0.14388356347252484, 0.31776266910028117, 0.9521786984273253, 0.4676378825042291]",stable,0.6836355690074688,4758,"[0.5294700020780314, 0.45240600916103807, 0.422134392417737, 0.6076553607695686]"
"[0.6061883441385643, 0.6144424029174261, 0.4069694085354256, 0.6575618335155057]",stable,0.3935619885969735,4759,"[0.8460528864597281, 0.8949988998626124, 0.5154093631402628, 0.5745867259674616]"
"[0.9196198281705261, 0.8438174581588336, 0.395209078129002, 0.6684650745336939]",stable,0.3626914000920525,4760,"[0.6999510740652134, 0.568391851174549, 0.4273028379423197, 0.5884562264671427]"
"[0.6067431531913846, 0.6141699144455748, 0.4070897246857623, 0.6571529245980597]",stable,0.3077366846684587,4761,"[0.5983822438934128, 0.44158260801152904, 0.1696514779735694, 0.5651275860084839]"
"[0.38347379707227974, 0.8247128884730235, 0.49158443641183097, 0.4595796712894383]",stable,0.5158932497330674,4762,"[0.858748082336109, 0.825604642236843, 0.3261886575532612, 0.3459854813055613]"
"[0.6725970681487552, 0.7949942756120639, 0.4309784058233463, 0.49050333589405454]",stable,0.3138132354160043,4763,"[0.8236247590572796, 0.6075275962781934, 0.42533426976411826, 0.6917339776183616]"
"[0.8905806290996431, 0.6285477013605348, 0.34628499843698657, 0.9151183882337935]",stable,0.28008951561689677,4764,"[0.6855831123128963, 0.4702747213384493, 0.44810365710065253, 0.8833571002776088]"
"[0.6967735979672643, 0.3753094860785948, 0.5170019316999693, 0.7224442221218902]",stable,0.5377530115941184,4765,"[0.7927161390527478, 0.8355212936105713, 0.31026876733423725, 0.5629455661774383]"
"[0.9188644490686345, 0.8437680762269987, 0.39470348104093794, 0.6678369822220495]",stable,0.5012500988206117,4766,"[0.8581303305513361, 0.5507417220882156, 0.7960987574608098, 0.6437451524130281]"
"[0.9188644490686345, 0.8437680762269987, 0.39470348104093794, 0.6678369822220495]",stable,0.46575773416304345,4767,"[0.5896740322128815, 0.5687781592956067, 0.22231525133665442, 0.611032226888388]"
"[0.38347379707227974, 0.8247128884730235, 0.49158443641183097, 0.4595796712894383]",stable,0.669217909867361,4768,"[0.7147724709210003, 0.3583236474915254, 0.1528393717824394, 0.3832471311820257]"
"[0.38347379707227974, 0.8247128884730235, 0.49158443641183097, 0.4595796712894383]",stable,0.5881819635195569,4769,"[0.7972655460277565, 0.8631901724979291, 0.11277446609660031, 0.6320816008726456]"
"[0.921058857044995, 0.6828030126271615, 0.19191143678464836, 0.5644905912026313]",stable,0.41841666096674807,4770,"[0.6618622538143962, 0.44662692416188504, 0.35712400112537424, 0.40696190534038734]"
"[0.6967735979672643, 0.3753094860785948, 0.5170019316999693, 0.7224442221218902]",stable,0.67040947116848,4771,"[0.6294380015686953, 0.8000496158026769, 0.3433905461642913, 0.2383267926645299]"
"[0.672152129318033, 0.7950463925212455, 0.4300754381979952, 0.4879035777164306]",stable,0.6440821222983998,4772,"[0.23283882783481508, 0.4110864421517419, 0.2793100059599328, 0.26054891126191393]"
"[0.052764861028403214, 0.5830863553679273, 0.18253775140774714, 0.3967793712863495]",stable,0.4092506474320038,4773,"[0.4063305864282265, 0.7768145198701261, 0.22304245569669018, 0.33928034994611017]"
"[0.14365674578590634, 0.4539831574630895, 0.39492717639116925, 0.2849267148523174]",stable,0.13194159206526906,4774,"[0.09674704930882418, 0.5746844575392746, 0.4187016058755815, 0.2763222534656101]"
"[0.29623829881566494, 0.7071193467415933, 0.26719475660351827, 0.4452128807341936]",stable,0.36164288993985066,4775,"[0.45545600508827705, 0.6834494466630755, 0.3327511257447058, 0.7623522824941018]"
"[0.6058532287907781, 0.6145774411056777, 0.4066524388096385, 0.6577717443503894]",stable,0.23653463024301566,4776,"[0.7228034371063261, 0.7221445424636185, 0.23785998942795267, 0.6107642149925134]"
"[0.9265780859423809, 0.771155917790025, 0.5269524909138387, 0.8555296113172322]",stable,0.7292095502698103,4777,"[0.664869819859266, 0.6027279970438276, 0.0005308001113542016, 0.45832992522189475]"
"[0.38347379707227974, 0.8247128884730235, 0.49158443641183097, 0.4595796712894383]",stable,0.37008394539848144,4778,"[0.7327262793900231, 0.7405090506309768, 0.40618974174256006, 0.48412126968100316]"
"[0.6727702328901961, 0.7944898890325693, 0.42983170660151115, 0.48786498273647727]",stable,0.6096561693096522,4779,"[0.4007356902446309, 0.3269320406320766, 0.2594855037708244, 0.7115828451552072]"
"[0.36358269916823915, 0.481392474235424, 0.6209676658474248, 0.3141055322961786]",stable,0.46881921845527763,4780,"[0.27012004455686833, 0.37194319418204436, 0.38197104813749955, 0.690878227173376]"
"[0.36358269916823915, 0.481392474235424, 0.6209676658474248, 0.3141055322961786]",stable,0.3276529488134288,4781,"[0.1478648821098892, 0.627006713234781, 0.6499572743950869, 0.5110277866673063]"
"[0.22601013535356348, 0.6915515068517083, 0.5499814460046345, 0.24190720432108034]",stable,0.3610837815195144,4782,"[0.35636747126189305, 0.6996962183074171, 0.3308238859358038, 0.4974303731165841]"
"[0.14329310472794446, 0.4549188264559281, 0.3951114742941492, 0.2848600136012576]",stable,0.45100550167557885,4783,"[0.33573866797172636, 0.8228872988310623, 0.2682502300897285, 0.40682761498064257]"
"[0.14329310472794446, 0.4549188264559281, 0.3951114742941492, 0.2848600136012576]",stable,0.299490534808068,4784,"[0.40891170978968716, 0.41824267229340983, 0.27856330473559265, 0.34976549082062386]"
"[0.29702278339521054, 0.7079724555892728, 0.26770408418476627, 0.4453217959044994]",stable,0.5006596340853526,4785,"[0.36010271728725357, 0.5264937595288064, 0.6541184095417021, 0.19149027071940394]"
"[0.5279727676893062, 0.5006951753711983, 0.6063173837069122, 0.5519810115965695]",stable,0.4320578771811549,4786,"[0.4116951812791595, 0.22603055853794185, 0.5272664821822036, 0.24955112656387632]"
"[0.34653580724495503, 0.25940672988678903, 0.6998704778561003, 0.41146610658871147]",stable,0.609837614117374,4787,"[0.10428391919212365, 0.6714461586572401, 0.6662568252595206, 0.7887055130998109]"
"[0.5279727676893062, 0.5006951753711983, 0.6063173837069122, 0.5519810115965695]",stable,0.14347345244673265,4788,"[0.5143235641449992, 0.5204391928788838, 0.6864985344522286, 0.4354499529151863]"
"[0.5278890302442492, 0.5008163043129633, 0.6068092926071902, 0.5512660971261316]",stable,0.4812054104218956,4789,"[0.6067823691738176, 0.9667841891306495, 0.5175611549461385, 0.5668605940534052]"
"[0.6721036888122529, 0.7962302354982065, 0.43071786264539624, 0.488662918204325]",stable,0.6204467283819554,4790,"[0.5247005635057423, 0.260121719797918, 0.6998418957535719, 0.43047034473512596]"
"[0.3916613347781988, 0.35436972459123744, 0.9124538003715797, 0.35203506715991795]",stable,0.5344954733780549,4791,"[0.5014908415219098, 0.5076278646752351, 0.5678057330492613, 0.7144609805533294]"
"[0.5277280656788691, 0.5008578382176112, 0.6065714660245198, 0.5522611878787365]",stable,0.2881195984597999,4792,"[0.640904696231153, 0.7557285490779543, 0.5464175018315758, 0.592589523461619]"
"[0.6717916988864419, 0.795825218634004, 0.4318748590372581, 0.48970218425689793]",anomaly,0.6778313607636581,4793,"[1.0, 0.7266831599965595, 0.8145561157580821, 0.9374846048551293]"
"[0.6717916988864419, 0.795825218634004, 0.4318748590372581, 0.48970218425689793]",stable,0.40333891910357783,4794,"[1.0, 0.9722568378569574, 0.5543438516316869, 0.5836959305119918]"
"[0.91934454108598, 0.8445283647573534, 0.395648098618398, 0.6673391061764279]",stable,0.49723278946999727,4795,"[1.0, 0.3582904140435956, 0.3510858184397757, 0.7155262656948168]"
"[0.8905806290996431, 0.6285477013605348, 0.34628499843698657, 0.9151183882337935]",anomaly,0.37392099670207185,4796,"[0.7167522632226244, 0.9498015841606235, 0.4081840128682585, 0.8644719096839456]"
"[0.8905806290996431, 0.6285477013605348, 0.34628499843698657, 0.9151183882337935]",stable,0.3588979701573253,4797,"[0.7259420475310595, 0.8977647241529155, 0.38940942513600735, 0.7496965973390606]"
"[0.9182068793591862, 0.8448415198126215, 0.39561140053908983, 0.6678235620067964]",stable,0.18506741192721055,4798,"[1.0, 1.0, 0.34398522167420514, 0.6391806561656128]"
"[0.918685201702115, 0.8457488793458809, 0.3953094930603478, 0.6676560596334561]",stable,0.21962271484513987,4799,"[0.7843625842854501, 0.9594204164896336, 0.26847442892205287, 0.6332581022130368]"
"[0.917904256252018, 0.8464097603757864, 0.394572079896753, 0.6674560715089188]",stable,0.3451760914551165,4800,"[0.9114807773515277, 0.5894837089804253, 0.5989169983509463, 0.5609786962248552]"
"[0.917904256252018, 0.8464097603757864, 0.394572079896753, 0.6674560715089188]",stable,0.23674266207935687,4801,"[0.7206144415239668, 0.975184319887995, 0.371314378241949, 0.6673602113787364]"
"[0.9167638526986767, 0.847154121991464, 0.39443764231493333, 0.6674555174041201]",stable,0.3459461012014194,4802,"[0.7432990565187177, 0.6778092781580245, 0.47844867131105157, 0.43539272353843084]"
"[0.6724996925263654, 0.794656743975826, 0.43233598589145406, 0.4891644668240418]",stable,0.3492830742460519,4803,"[0.6965160860732102, 0.7891038128777805, 0.5202256312972928, 0.8263090262973223]"
"[0.9106329126894291, 0.628270055341968, 0.6216580254404659, 0.6327039304695771]",anomaly,0.9264440227563177,4804,"[0.04714418910515983, 0.9505448710014446, 0.6507555639669965, 0.7220237378309088]"
"[0.9106329126894291, 0.628270055341968, 0.6216580254404659, 0.6327039304695771]",stable,0.3202234024796336,4805,"[0.8311653730894795, 0.726517914631192, 0.8093071413756938, 0.40606963236053956]"
"[0.5277280656788691, 0.5008578382176112, 0.6065714660245198, 0.5522611878787365]",stable,0.4946068996652086,4806,"[0.824994079035124, 0.7616656790985954, 0.42922893895398806, 0.7905840796179597]"
"[0.9167638526986767, 0.847154121991464, 0.39443764231493333, 0.6674555174041201]",stable,0.6220498503850523,4807,"[0.8864129746369849, 0.3767025770946275, 0.7849542330963666, 0.7778954413156153]"
"[0.9262602941745177, 0.5671224183500173, 0.362381271564353, 0.6807437453731524]",stable,0.6769555275362852,4808,"[0.5144602703326808, 0.6929814531349496, 0.8330158126693592, 0.9073538923385482]"
"[0.6868740269573325, 0.7237066427038985, 0.6851421732146796, 0.48492496655319295]",stable,0.4664347131576508,4809,"[0.2840154985383063, 0.5633570758833608, 0.8250293019097918, 0.584854718701488]"
"[0.5277280656788691, 0.5008578382176112, 0.6065714660245198, 0.5522611878787365]",stable,0.560793129368859,4810,"[0.2460896737066821, 0.7841982041826357, 1.0, 0.5422125171532646]"
"[0.5277280656788691, 0.5008578382176112, 0.6065714660245198, 0.5522611878787365]",stable,0.3457048292703254,4811,"[0.5607042553298619, 0.5551968757920596, 0.9170340901379015, 0.690408312065389]"
"[0.6499404889877208, 0.6539262374548497, 0.8973458000342632, 0.6448481955677954]",stable,0.5695484892287006,4812,"[0.6308915208358941, 0.3819518397535614, 0.4069549200229673, 0.5470252422704522]"
"[0.6967735979672643, 0.3753094860785948, 0.5170019316999693, 0.7224442221218902]",stable,0.44866157265496753,4813,"[0.6071666381006763, 0.2535507971708557, 0.9251591954419761, 0.613585280133633]"
"[0.5300784645753088, 0.3868019456010612, 0.8154703341356944, 0.5947563649263191]",stable,0.21670141354805517,4814,"[0.6867566873208482, 0.41487990106568406, 0.681827277648698, 0.6560963928099494]"
"[0.6966647185037163, 0.3757395992849762, 0.5187935115472382, 0.7217230500641516]",stable,0.6278585429904381,4815,"[0.28441801400919403, 0.39033012721695604, 0.9731129667326456, 0.5889075623596579]"
"[0.1457327009795863, 0.3187175040755006, 0.9524541493260795, 0.4692335361865374]",stable,0.5373383367504205,4816,"[0.4937569777190608, 0.6859979670663374, 0.8153101054093659, 0.35130065839123786]"
"[0.5277280656788691, 0.5008578382176112, 0.6065714660245198, 0.5522611878787365]",stable,0.5029116538176247,4817,"[0.7621921085071937, 0.8408618157877408, 0.8772789248391584, 0.45706921791914595]"
"[0.5277280656788691, 0.5008578382176112, 0.6065714660245198, 0.5522611878787365]",stable,0.3935325767606597,4818,"[0.6887233279618002, 0.6565238082762119, 0.8498045790414842, 0.7656954236332802]"
"[0.6505108248549868, 0.653964437025752, 0.8966466644314283, 0.6466253606864055]",stable,0.4438547355597015,4819,"[0.6083887692333922, 0.6049322260006529, 0.45754642768796605, 0.6510506383962729]"
"[0.6058680565126646, 0.6145210363389816, 0.4069500644755936, 0.6577324396372074]",stable,0.46398104476422003,4820,"[0.830551786843477, 0.21244488366876269, 0.3902652905978251, 0.7111367184890981]"
"[0.6981043643998427, 0.37398374212781255, 0.5174114876660617, 0.7216092185418392]",stable,0.33482388004830954,4821,"[0.9201214555172582, 0.601745650626081, 0.5226617526409879, 0.6171468346073077]"
"[0.9167638526986767, 0.847154121991464, 0.39443764231493333, 0.6674555174041201]",stable,0.4114465539485017,4822,"[0.6566556067450091, 0.5313588099672829, 0.35079637189672475, 0.6683084903454283]"
"[0.6061633329675038, 0.6140375350228671, 0.4066235895187397, 0.6577939283041156]",stable,0.33070474004187056,4823,"[0.8294170122330661, 0.8283898038968055, 0.34859607139130055, 0.5567526904399884]"
"[0.9162618593626675, 0.847046281082874, 0.3941741850107745, 0.6668192942606481]",stable,0.29612842332148026,4824,"[0.8664526420574793, 0.7177994228869721, 0.6529500814095451, 0.7060795802989779]"
"[0.9162618593626675, 0.847046281082874, 0.3941741850107745, 0.6668192942606481]",stable,0.5443417628044266,4825,"[0.407686928095059, 0.7463462688067072, 0.2696376314944349, 0.5572307529571444]"
"[0.14329310472794446, 0.4549188264559281, 0.3951114742941492, 0.2848600136012576]",stable,0.26126709207752163,4826,"[0.17364770008379715, 0.4883636534476807, 0.14242773124182823, 0.3335576674255125]"
"[0.14329310472794446, 0.4549188264559281, 0.3951114742941492, 0.2848600136012576]",stable,0.422063975171225,4827,"[0.20462267298622122, 0.6316464205329871, 0.07398258198401958, 0.4849106952046784]"
"[0.14329310472794446, 0.4549188264559281, 0.3951114742941492, 0.2848600136012576]",stable,0.4915101938317637,4828,"[0.4099444031746202, 0.6368688065620857, 0.2291752769225479, 0.6162792930924508]"
"[0.14329310472794446, 0.4549188264559281, 0.3951114742941492, 0.2848600136012576]",anomaly,0.5911068803012592,4829,"[0.2523247055828727, 0.8145856141463527, 0.0, 0.5129963295793452]"
"[0.14329310472794446, 0.4549188264559281, 0.3951114742941492, 0.2848600136012576]",stable,0.35709440487508654,4830,"[0.3462054785810516, 0.6768661423684907, 0.2074799602704765, 0.24153812035104816]"
"[0.2987560063756699, 0.7077187359318329, 0.26742039999908757, 0.44751455911566684]",anomaly,0.3704892431878039,4831,"[0.3595561868197172, 0.8883971515916587, 0.2402541764998815, 0.13099769733530386]"
"[0.2987560063756699, 0.7077187359318329, 0.26742039999908757, 0.44751455911566684]",stable,0.34112394718980815,4832,"[0.0, 0.728630828833952, 0.4297080948061546, 0.42919013591936644]"
"[0.22601013535356348, 0.6915515068517083, 0.5499814460046345, 0.24190720432108034]",stable,0.29461169259869324,4833,"[0.018587159216195692, 0.5569426170775366, 0.46832427666939314, 0.3796907732837998]"
"[0.22601013535356348, 0.6915515068517083, 0.5499814460046345, 0.24190720432108034]",stable,0.3540367291150722,4834,"[0.2413767154644691, 0.7086843276800123, 0.27000138331161827, 0.4573683486675125]"
"[0.14329310472794446, 0.4549188264559281, 0.3951114742941492, 0.2848600136012576]",anomaly,0.551988365067034,4835,"[0.1431245803418411, 0.967173087819152, 0.3149566509023115, 0.0954876218142034]"
"[0.14329310472794446, 0.4549188264559281, 0.3951114742941492, 0.2848600136012576]",anomaly,0.5297215634674182,4836,"[0.3655176820242806, 0.9009072984629707, 0.2547892323335399, 0.17249843967225675]"
"[0.14329310472794446, 0.4549188264559281, 0.3951114742941492, 0.2848600136012576]",stable,0.09964968270051149,4837,"[0.17352525880083636, 0.4464652037005642, 0.3007268009729989, 0.2908721535526623]"
"[0.2983146272148145, 0.7077261635606651, 0.26744025371687624, 0.4475903574968349]",stable,0.5589666796824739,4838,"[0.0, 0.3542482754592251, 0.16633710746588054, 0.15046467932944507]"
"[0.05477957501265977, 0.5815076436692564, 0.1818692510716485, 0.3957256762220022]",stable,0.5106447576045234,4839,"[0.33217256431357145, 0.31595862867837166, 0.5184267619590455, 0.3908307341041324]"
"[0.34642181325343613, 0.25985555448037306, 0.6984304483648539, 0.41130233379121484]",stable,0.6257373511093387,4840,"[0.29968242458488015, 0.5136502474549363, 0.17914791152883605, 0.17615012164912502]"
"[0.05477957501265977, 0.5815076436692564, 0.1818692510716485, 0.3957256762220022]",stable,0.46880110604247144,4841,"[0.3826311857894872, 0.8682123181102366, 0.2073828908846329, 0.5672986408022913]"
"[0.1435256597592744, 0.45485379858857916, 0.394385438345525, 0.28490626083165305]",stable,0.45633041826155135,4842,"[0.13832200990756338, 0.8979678190873208, 0.37932261141508966, 0.3927647270792672]"
"[0.4437431205042716, 0.5833586389637575, 0.36453037225350104, 0.30544684889343054]",stable,0.47678853011534356,4843,"[0.0, 0.6216124783808149, 0.19436577851607023, 0.3054306405490567]"
"[0.1435256597592744, 0.45485379858857916, 0.394385438345525, 0.28490626083165305]",stable,0.5718156666088803,4844,"[0.5712571360921799, 0.5382131404190179, 0.046739824722850765, 0.41223531561469007]"
"[0.38347379707227974, 0.8247128884730235, 0.49158443641183097, 0.4595796712894383]",stable,0.5332645096288523,4845,"[0.17666866053204625, 0.37421588541556494, 0.6230981417275587, 0.31343156736519395]"
"[0.10835089266453556, 0.22953008060629254, 0.6619656098138824, 0.30063062232608784]",stable,0.5644065437883513,4846,"[0.08605331259375859, 0.6427530243371135, 0.2827222760010998, 0.3596124595906266]"
"[0.1435256597592744, 0.45485379858857916, 0.394385438345525, 0.28490626083165305]",stable,0.2673325357316978,4847,"[0.2149356987321207, 0.701144253397074, 0.46575374726739466, 0.3097027796698568]"
"[0.09933468238470962, 0.5820461492665489, 0.4801229722838472, 0.459886365986808]",stable,0.4040906005065017,4848,"[0.0846544117471066, 0.8104418925509458, 0.18936038973958957, 0.297509618533629]"
"[0.11454302240881246, 0.7469350358544287, 0.339385775419651, 0.2730230176700072]",stable,0.28163930872637816,4849,"[0.13677271931885937, 0.7212929187045171, 0.19248596187950695, 0.03513760953175943]"
"[0.1435256597592744, 0.45485379858857916, 0.394385438345525, 0.28490626083165305]",stable,0.31319527913248163,4850,"[0.21790328343436877, 0.7047660244952733, 0.22561347896318407, 0.24466751040465676]"
"[0.1435256597592744, 0.45485379858857916, 0.394385438345525, 0.28490626083165305]",stable,0.2283162805599938,4851,"[0.19359571197555525, 0.6024240951693417, 0.22890703276992538, 0.3063822636029296]"
"[0.1435256597592744, 0.45485379858857916, 0.394385438345525, 0.28490626083165305]",stable,0.26399048395557156,4852,"[0.0, 0.6555222269568224, 0.48297033189521216, 0.25366111559640553]"
"[0.11361177832418796, 0.7461918422861554, 0.3405531295373384, 0.2728656038320105]",anomaly,0.3434964209385495,4853,"[0.10063662416370069, 0.7756113347299685, 0.0, 0.3041625046175194]"
"[0.11361177832418796, 0.7461918422861554, 0.3405531295373384, 0.2728656038320105]",stable,0.41226224836759884,4854,"[0.22766217741892214, 0.549304942464606, 0.570307255368036, 0.5286023009207755]"
"[0.5277280656788691, 0.5008578382176112, 0.6065714660245198, 0.5522611878787365]",anomaly,0.6768711819705431,4855,"[0.35221142020569485, 0.9598277502791572, 0.5062121675107916, 0.09770301209911947]"
"[0.5277280656788691, 0.5008578382176112, 0.6065714660245198, 0.5522611878787365]",stable,0.4135177461429344,4856,"[0.47545603968671535, 0.5555605915471094, 0.2556384971804791, 0.3470339435121866]"
"[0.29895826506652956, 0.7089512487098985, 0.2669818005654851, 0.4485041611861895]",stable,0.30803392374939365,4857,"[0.39405433084441627, 0.5795206897696076, 0.4633893710822681, 0.27382321457175784]"
"[0.29895826506652956, 0.7089512487098985, 0.2669818005654851, 0.4485041611861895]",stable,0.45889531515802406,4858,"[0.09214526071946548, 0.32215505885199014, 0.30307795659261, 0.31850775147271354]"
"[0.29895826506652956, 0.7089512487098985, 0.2669818005654851, 0.4485041611861895]",stable,0.4435443287480924,4859,"[0.27538349984517446, 0.3802883330300106, 0.5035190224533119, 0.26904209687248065]"
"[0.5277280656788691, 0.5008578382176112, 0.6065714660245198, 0.5522611878787365]",stable,0.7249560693570356,4860,"[0.0, 0.6608445251113076, 0.24143635435646868, 0.25536894911796937]"
"[0.11269555430544452, 0.7455035574702292, 0.33975380070523464, 0.272724501777865]",stable,0.46365237151057453,4861,"[0.10998755158941485, 0.37513676918008276, 0.07585202055982765, 0.18244448795200807]"
"[0.29895826506652956, 0.7089512487098985, 0.2669818005654851, 0.4485041611861895]",stable,0.3485628233518532,4862,"[0.0, 0.5608992702618367, 0.3429882405036227, 0.5150145388499107]"
"[0.22590261655141353, 0.6916446403133137, 0.5491637013567001, 0.24256541379048593]",stable,0.5941782566356841,4863,"[0.22461689834355086, 0.513561559873786, 0.0, 0.1020243409303119]"
"[0.143133442972711, 0.45384083110967394, 0.3936884346680218, 0.2851627607602108]",stable,0.4316187532593873,4864,"[0.4236190893012994, 0.20565332387541946, 0.37577204388626373, 0.498948902881313]"
"[0.3629715046268789, 0.4810191218626771, 0.620405679849426, 0.31298767431617547]",stable,0.15794391993838502,4865,"[0.2730024130304849, 0.4312131343312555, 0.5268209262472818, 0.23806703695857886]"
"[0.5277280656788691, 0.5008578382176112, 0.6065714660245198, 0.5522611878787365]",stable,0.3793249809209166,4866,"[0.2655634861959328, 0.4502931012386291, 0.37019914800721515, 0.42292245019910146]"
"[0.3623756828282273, 0.48068928088564783, 0.6197859132692792, 0.3124915111548669]",stable,0.42128749602170534,4867,"[0.0316780603797851, 0.4089107956910628, 0.5828421181958938, 0.06428747839163312]"
"[0.0986896519796141, 0.5819088318704144, 0.47923248701254706, 0.4602443411352697]",stable,0.23833702922434213,4868,"[0.1774045267829228, 0.4656430208510978, 0.5854110069243894, 0.29956798605607515]"
"[0.5277280656788691, 0.5008578382176112, 0.6065714660245198, 0.5522611878787365]",stable,0.5636190107689616,4869,"[0.14579791817182947, 0.3214190145569034, 0.8958719682497991, 0.315823712632327]"
"[0.14573354795610893, 0.31875258862720707, 0.9517193158056082, 0.46724120081570353]",stable,0.3487710209490221,4870,"[0.15384471850942816, 0.5692960742058295, 0.7476111945657348, 0.33630888759959204]"
"[0.36115876732792923, 0.48059029233278894, 0.6195597625696417, 0.31240648796342746]",stable,0.061363778646159516,4871,"[0.41058894304731786, 0.4908671797387006, 0.5896720152893185, 0.3303864547553592]"
"[0.5277280656788691, 0.5008578382176112, 0.6065714660245198, 0.5522611878787365]",stable,0.14557750452302415,4872,"[0.45395207458725184, 0.5205826246815481, 0.7301668856452249, 0.5614817089776033]"
"[0.527280938460132, 0.5009773823779987, 0.6073205291737362, 0.5523170698247902]",stable,0.41889828328588263,4873,"[0.5022779592333829, 0.3016117420187062, 0.7895067268149878, 0.23308023986496493]"
"[0.3916613347781988, 0.35436972459123744, 0.9124538003715797, 0.35203506715991795]",stable,0.5399303952375447,4874,"[0.5794360067341324, 0.5253243592411071, 0.6783133554599399, 0.7670269577090245]"
"[0.6505108248549868, 0.653964437025752, 0.8966466644314283, 0.6466253606864055]",stable,0.6650917175378692,4875,"[0.6312161625349223, 0.3497620144238496, 0.311274017018676, 0.7289324593325535]"
"[0.6973927877842585, 0.3737260641735151, 0.515218535850664, 0.7216871253587618]",stable,0.24529050450637446,4876,"[0.5810762320430518, 0.27373184946744555, 0.7066205043642806, 0.7237689360906637]"
"[0.37493705665619276, 0.6061715158527884, 0.8748992294493675, 0.47708665416642654]",stable,0.8461988463432881,4877,"[1.0, 0.5044674240999052, 0.3674547615213565, 0.7168890605368945]"
"[0.8905806290996431, 0.6285477013605348, 0.34628499843698657, 0.9151183882337935]",stable,0.39212492423549583,4878,"[0.7876348981859064, 0.8006306827494335, 0.5960260852013646, 0.6888862733796348]"
"[0.9103575815163806, 0.6287700947295007, 0.6211206903862563, 0.6331628078820146]",stable,0.26812645289585185,4879,"[1.0, 0.6215995459297639, 0.4465288720618265, 0.815706807386241]"
"[0.9258677082717008, 0.7710895524844905, 0.5262691094316019, 0.8550754467598946]",stable,0.3748377334570137,4880,"[1.0, 0.5746670118706142, 0.6246969637231059, 0.5605625051348071]"
"[0.9162618593626675, 0.847046281082874, 0.3941741850107745, 0.6668192942606481]",stable,0.15026371614704534,4881,"[0.8367461391746198, 0.7229703619092447, 0.40590509932406715, 0.6399122958422234]"
"[0.9158074838187357, 0.8463372758304533, 0.3942412188068505, 0.6666655399839714]",stable,0.16347540805986943,4882,"[0.9632629829490992, 0.7856403659687511, 0.519046359334975, 0.5944731118933164]"
"[0.9160771173365219, 0.8459924070244209, 0.3949503389234876, 0.6662553557334564]",stable,0.6984352327551613,4883,"[0.700306339065556, 0.23557781721848997, 0.5740993765125699, 0.4750633148921586]"
"[0.3916613347781988, 0.35436972459123744, 0.9124538003715797, 0.35203506715991795]",stable,1.0024611439631868,4884,"[0.7583614478913179, 0.47063538841574437, 0.10845255265846329, 0.8108636422181911]"
"[0.9258677082717008, 0.7710895524844905, 0.5262691094316019, 0.8550754467598946]",stable,0.42706436195117153,4885,"[0.8645468015643204, 0.6117820727521146, 0.18966340420227326, 0.6552218959840053]"
"[0.9160771173365219, 0.8459924070244209, 0.3949503389234876, 0.6662553557334564]",stable,0.26309243172121105,4886,"[0.8899020866216608, 0.9224907673479107, 0.43416693104608545, 0.913525562523849]"
"[0.9160771173365219, 0.8459924070244209, 0.3949503389234876, 0.6662553557334564]",stable,0.14453029763713685,4887,"[1.0, 0.8820421234424358, 0.36276704336084054, 0.773542867278088]"
"[0.9165512579165415, 0.8461960777386469, 0.3947685123948851, 0.6668614998664769]",stable,0.33938540001232537,4888,"[0.8274547145739639, 0.5412597965838423, 0.5016837314677696, 0.613689551698243]"
"[0.9165512579165415, 0.8461960777386469, 0.3947685123948851, 0.6668614998664769]",stable,0.1951839427398533,4889,"[0.7545838275111723, 0.9496478483480788, 0.3801449193798915, 0.6976381903393253]"
"[0.9156413285322417, 0.8467772674611719, 0.39468635737794694, 0.6670344026219424]",stable,0.40829257552647885,4890,"[0.5213007804679446, 0.7732693066636428, 0.363287516449332, 0.7363817304011993]"
"[0.6056727979819572, 0.6149579498878426, 0.4063730919865466, 0.658248193056122]",anomaly,0.5670768272817943,4891,"[0.9629597701380558, 0.5164034377461215, 0.5992181319104353, 0.27481639171359606]"
"[0.6056727979819572, 0.6149579498878426, 0.4063730919865466, 0.658248193056122]",anomaly,0.5609061299017353,4892,"[0.6774065012757676, 0.9775304693818176, 0.5138811833148332, 0.2502615011410085]"
"[0.6056727979819572, 0.6149579498878426, 0.4063730919865466, 0.658248193056122]",stable,0.23531240163779016,4893,"[0.4521656361732868, 0.6903433638676412, 0.5585257868692013, 0.6037131177647874]"
"[0.527280938460132, 0.5009773823779987, 0.6073205291737362, 0.5523170698247902]",stable,0.40980169306326597,4894,"[0.48390124772544413, 0.8556794853385782, 0.4169917886973743, 0.48893711421336505]"
"[0.22590261655141353, 0.6916446403133137, 0.5491637013567001, 0.24256541379048593]",stable,0.2855481101567061,4895,"[0.4587442616147248, 0.7001240929414386, 0.5677881397003948, 0.40658895087521846]"
"[0.22590261655141353, 0.6916446403133137, 0.5491637013567001, 0.24256541379048593]",stable,0.2831300993713513,4896,"[0.4549876055487194, 0.5576181594243477, 0.5158459066451201, 0.14977776395381787]"
"[0.29895826506652956, 0.7089512487098985, 0.2669818005654851, 0.4485041611861895]",stable,0.3025656798033389,4897,"[0.22509347947477076, 0.5997159350433366, 0.4925776833099367, 0.2959783339264771]"
"[0.11269555430544452, 0.7455035574702292, 0.33975380070523464, 0.272724501777865]",stable,0.44624142656953236,4898,"[0.4127198631648876, 0.542441552176235, 0.08904894717627798, 0.20180395959697717]"
"[0.29895826506652956, 0.7089512487098985, 0.2669818005654851, 0.4485041611861895]",stable,0.27240318552849563,4899,"[0.23258122850863672, 0.4751036664364836, 0.3646563255075825, 0.5231538761627266]"
"[0.3614818403718468, 0.4806574615315204, 0.6193644178161756, 0.31252400408625053]",stable,0.5461197775736522,4900,"[0.3180548436325636, 0.7273582799576355, 0.14159431681640067, 0.3975848304980097]"
"[0.143133442972711, 0.45384083110967394, 0.3936884346680218, 0.2851627607602108]",stable,0.5140358233923166,4901,"[0.616403265894034, 0.5802616189051114, 0.23863007940066433, 0.3001024166330683]"
"[0.38635409076401106, 0.8231780983309573, 0.4916108471589475, 0.45919224051090884]",stable,0.5022438607337583,4902,"[0.46359082188959105, 0.3717366643532666, 0.2975546449517569, 0.38972134672888104]"
"[0.3614818403718468, 0.4806574615315204, 0.6193644178161756, 0.31252400408625053]",stable,0.4157930363463913,4903,"[0.3500597822919139, 0.6671020088071045, 0.29168868448555196, 0.4875109471443274]"
"[0.143133442972711, 0.45384083110967394, 0.3936884346680218, 0.2851627607602108]",stable,0.27479794853421663,4904,"[0.04136859580254787, 0.5998836234603632, 0.6030282011245228, 0.287651411277739]"
"[0.11269555430544452, 0.7455035574702292, 0.33975380070523464, 0.272724501777865]",stable,0.41763393299872975,4905,"[0.17628414420269922, 0.4119181138761715, 0.09959726699810476, 0.23503916820101894]"
"[0.29948607029804397, 0.7087749915019658, 0.26622480357428946, 0.4484145931807005]",stable,0.3100449228355596,4906,"[0.1042245353599603, 0.946881541471059, 0.24673084292336367, 0.47884555619023295]"
"[0.44369669715645804, 0.5829629391282389, 0.365504735413138, 0.3044419825165855]",stable,0.4650987983814004,4907,"[0.0, 0.5944059778508024, 0.4591902742286338, 0.407117246674595]"
"[0.22413744361974205, 0.6898952143883335, 0.5491377821349959, 0.2435034987202311]",stable,0.12307327654768913,4908,"[0.2910466172750496, 0.734036740309088, 0.46804020330026674, 0.19719040902109627]"
"[0.11269555430544452, 0.7455035574702292, 0.33975380070523464, 0.272724501777865]",stable,0.4989908252849992,4909,"[0.39575183261689073, 0.4190919972121743, 0.5210257624875424, 0.44438392106085534]"
"[0.3614818403718468, 0.4806574615315204, 0.6193644178161756, 0.31252400408625053]",stable,0.49396056067718974,4910,"[0.0, 0.611659176509283, 0.3280674842885148, 0.20616347674563917]"
"[0.11179398987100096, 0.7444328024225416, 0.33966031017390086, 0.27219201357760714]",stable,0.295025949927823,4911,"[0.014428696216999881, 0.5952026489258931, 0.5742185636959636, 0.25566634522407516]"
"[0.11179398987100096, 0.7444328024225416, 0.33966031017390086, 0.27219201357760714]",stable,0.4428181089264269,4912,"[0.34202686258174475, 0.6438590090072904, 0.22972790773820922, 0.61987071710907]"
"[0.143133442972711, 0.45384083110967394, 0.3936884346680218, 0.2851627607602108]",stable,0.23338857288270817,4913,"[0.3243191095228951, 0.5325103684729237, 0.4472677060763062, 0.39733381654289623]"
"[0.3614818403718468, 0.4806574615315204, 0.6193644178161756, 0.31252400408625053]",stable,0.6978105891075523,4914,"[0.0, 0.7811609462895263, 0.11607642915229774, 0.42508222665117623]"
"[0.143133442972711, 0.45384083110967394, 0.3936884346680218, 0.2851627607602108]",stable,0.3711675617844448,4915,"[0.023430926077203096, 0.5214797399352038, 0.0836011539138811, 0.4358529153731937]"
"[0.143133442972711, 0.45384083110967394, 0.3936884346680218, 0.2851627607602108]",anomaly,0.5681533615601837,4916,"[0.37281188997746395, 0.7870944229242873, 0.0, 0.3483886509075504]"
"[0.143133442972711, 0.45384083110967394, 0.3936884346680218, 0.2851627607602108]",stable,0.39193752786545927,4917,"[0.32411427320022046, 0.7975522488507194, 0.4191061168088685, 0.3307409089068441]"
"[0.44369669715645804, 0.5829629391282389, 0.365504735413138, 0.3044419825165855]",stable,0.33538009907939725,4918,"[0.1728616917979632, 0.609089088002145, 0.31296511865585147, 0.49334731263457443]"
"[0.143133442972711, 0.45384083110967394, 0.3936884346680218, 0.2851627607602108]",stable,0.09290375955058623,4919,"[0.21803415009570284, 0.48462938284864865, 0.42335519745547456, 0.25062378453568407]"
"[0.2988632289186634, 0.707555718272377, 0.26630068075388563, 0.45001747350205046]",stable,0.22529881755200373,4920,"[0.1952799238197145, 0.6982722659433133, 0.44963546023628786, 0.5295927978187134]"
"[0.22280286816415856, 0.6894227747664485, 0.5486142606651477, 0.24318433756887325]",stable,0.43438523854204886,4921,"[0.36234052956853746, 0.47497299330892173, 0.21775417559804208, 0.36049875209341586]"
"[0.2988632289186634, 0.707555718272377, 0.26630068075388563, 0.45001747350205046]",stable,0.148650390065342,4922,"[0.3515782081471635, 0.8051040735436786, 0.36228213177568613, 0.4743063366934547]"
"[0.44369669715645804, 0.5829629391282389, 0.365504735413138, 0.3044419825165855]",stable,0.2112379768453561,4923,"[0.2659216958797578, 0.6598112373941817, 0.3205134740977359, 0.23311416717315633]"
"[0.11301722563297523, 0.7437612027000943, 0.3395083511574234, 0.2718818719394766]",stable,0.2841117267695724,4924,"[0.31116111212424835, 0.664985965539021, 0.2254806012690562, 0.4210482481766645]"
"[0.14370087257212763, 0.454074077713757, 0.393913182870957, 0.2849011018494189]",stable,0.4083099151029837,4925,"[0.369107525500984, 0.7839834934160816, 0.31892001859409325, 0.3229093947538618]"
"[0.14370087257212763, 0.454074077713757, 0.393913182870957, 0.2849011018494189]",stable,0.45072798127665736,4926,"[0.2770211494419546, 0.7185094785500918, 0.07967505194195726, 0.4141672332832141]"
"[0.14370087257212763, 0.454074077713757, 0.393913182870957, 0.2849011018494189]",stable,0.3043160926651453,4927,"[0.23937917284167698, 0.40080259335561697, 0.15226256477518021, 0.1358337518336602]"
"[0.2993030847180199, 0.7078804413353339, 0.26503382299695405, 0.44862669419558376]",stable,0.2799730717210069,4928,"[0.14800425461193395, 0.8245346013262951, 0.4667257191758587, 0.4139024826136493]"
"[0.44369669715645804, 0.5829629391282389, 0.365504735413138, 0.3044419825165855]",anomaly,0.6636566653658608,4929,"[0.0, 0.8235528516609375, 0.0, 0.532687886740659]"
"[0.44369669715645804, 0.5829629391282389, 0.365504735413138, 0.3044419825165855]",stable,0.2481561137655184,4930,"[0.49624314661570973, 0.3635347991280331, 0.29645908237237795, 0.38128153366478185]"
"[0.3614818403718468, 0.4806574615315204, 0.6193644178161756, 0.31252400408625053]",stable,0.43084613593479465,4931,"[0.04304198777838264, 0.5204185481943899, 0.34890534716484994, 0.40996834830388784]"
"[0.22280286816415856, 0.6894227747664485, 0.5486142606651477, 0.24318433756887325]",stable,0.26273987662014725,4932,"[0.27802295381604697, 0.5433626266773731, 0.4681359242190084, 0.04780610078179487]"
"[0.09832183641056476, 0.5823379420384225, 0.4780862043411594, 0.46002743266005564]",stable,0.2893540663161215,4933,"[0.1808611656776237, 0.5996360700158515, 0.4850767850007343, 0.18332372583931766]"
"[0.11301722563297523, 0.7437612027000943, 0.3395083511574234, 0.2718818719394766]",stable,0.34123297036909084,4934,"[0.2445654545574816, 0.9179659053183717, 0.4798166475379671, 0.49347001938018586]"
"[0.44369669715645804, 0.5829629391282389, 0.365504735413138, 0.3044419825165855]",stable,0.392730814086233,4935,"[0.17465977957782947, 0.7135718086778204, 0.2918921938811812, 0.06076361614646256]"
"[0.14370087257212763, 0.454074077713757, 0.393913182870957, 0.2849011018494189]",stable,0.2676258202408746,4936,"[0.30778329303590035, 0.6215593547252567, 0.2933406499901626, 0.365736654477414]"
"[0.14370087257212763, 0.454074077713757, 0.393913182870957, 0.2849011018494189]",stable,0.4799616776656035,4937,"[0.24864548961428867, 0.6653063078451135, 0.13202520241533142, 0.610700840996126]"
"[0.14370087257212763, 0.454074077713757, 0.393913182870957, 0.2849011018494189]",stable,0.2895734325961471,4938,"[0.08053391067578192, 0.6772273630396299, 0.3632484721106193, 0.11424063615054841]"
"[0.11276145149945402, 0.7432373141988309, 0.33969528124366904, 0.2706406023663354]",stable,0.42069181650697585,4939,"[0.11152408621463722, 0.46041677216008753, 0.6455013399151748, 0.21168919115505103]"
"[0.09832183641056476, 0.5823379420384225, 0.4780862043411594, 0.46002743266005564]",stable,0.31799081652232764,4940,"[0.3371510648232213, 0.5050817907961208, 0.28432798430428846, 0.4838601478163673]"
"[0.3614818403718468, 0.4806574615315204, 0.6193644178161756, 0.31252400408625053]",stable,0.42645771108142844,4941,"[0.25244284917826826, 0.5607160228757573, 0.3626621557192355, 0.0]"
"[0.14370087257212763, 0.454074077713757, 0.393913182870957, 0.2849011018494189]",stable,0.41740154016607756,4942,"[0.20984445957372627, 0.7262631370572057, 0.1400272691872025, 0.46183083490259846]"
"[0.14370087257212763, 0.454074077713757, 0.393913182870957, 0.2849011018494189]",stable,0.3163059186013087,4943,"[0.0, 0.6622104686217911, 0.38408496061540437, 0.4745906961641845]"
"[0.222414519067061, 0.6885914163891281, 0.5480259507052921, 0.24263007264545144]",stable,0.31461129473884203,4944,"[0.2467296474726851, 0.5242844218967302, 0.37862471622024935, 0.44925890563757576]"
"[0.3614818403718468, 0.4806574615315204, 0.6193644178161756, 0.31252400408625053]",stable,0.31970718164041845,4945,"[0.6138164541272605, 0.5414357516238004, 0.7037157001184624, 0.4790496337075921]"
"[0.5278022367472834, 0.5012211074939372, 0.607901222974608, 0.5518756997276987]",stable,0.23643013928813525,4946,"[0.3362901402362606, 0.5504493068442032, 0.7337615835379457, 0.5828285942830838]"
"[0.34642181325343613, 0.25985555448037306, 0.6984304483648539, 0.41130233379121484]",stable,0.38116227087957677,4947,"[0.49314750080456327, 0.5489023779235208, 0.5142265252822371, 0.33207419527260484]"
"[0.2987246674549741, 0.7073951671147037, 0.2643431106625502, 0.44812893777407553]",stable,0.6869919826042017,4948,"[0.38876834699210167, 0.5008312297160638, 0.8879781671344782, 0.26851608733320964]"
"[0.3916403710985894, 0.3554310398457652, 0.9122764407104413, 0.3514298571611737]",stable,0.4328006521815429,4949,"[0.416958168776841, 0.6049941269192309, 0.849034074807302, 0.6984083613582308]"
"[0.6505108248549868, 0.653964437025752, 0.8966466644314283, 0.6466253606864055]",stable,0.5275580831155033,4950,"[0.47933979601012683, 0.8220407789004527, 0.4799328420195189, 0.8636920404361331]"
"[0.9104102342627962, 0.6276637401904027, 0.6202155287801497, 0.6324434832028664]",stable,0.29118126237733627,4951,"[0.7582696584787145, 0.7064695442789326, 0.38516854097251757, 0.6189404641231832]"
"[0.606549791433088, 0.6154838785912397, 0.4062512267508338, 0.6580222865680018]",anomaly,0.5561666662310368,4952,"[0.8034752290516386, 0.3004605321438579, 0.006735122205030308, 0.7661375308535663]"
"[0.606549791433088, 0.6154838785912397, 0.4062512267508338, 0.6580222865680018]",stable,0.2887173162595625,4953,"[0.32884524556982664, 0.6421694222226623, 0.4004736990607036, 0.5839117215324467]"
"[0.14370087257212763, 0.454074077713757, 0.393913182870957, 0.2849011018494189]",stable,0.4225314708926933,4954,"[0.26619576832459446, 0.7284600542293658, 0.2917089930286716, 0.5638177271688736]"
"[0.14370087257212763, 0.454074077713757, 0.393913182870957, 0.2849011018494189]",stable,0.31210695763116514,4955,"[0.4472791922848325, 0.49805574586343976, 0.33691074405790766, 0.29310424992368944]"
"[0.2987077074478225, 0.7070841751585251, 0.2654944942594817, 0.4498998643455767]",stable,0.4310990588685213,4956,"[0.7238584698167692, 0.7631556462720782, 0.22728167666822907, 0.472013175118228]"
"[0.6730032099507812, 0.7943479096846128, 0.4303256495265204, 0.48899631690535733]",stable,0.5108020080002105,4957,"[0.30541453753286585, 0.5882748997986593, 0.16175653395383952, 0.3831577414985936]"
"[0.14370087257212763, 0.454074077713757, 0.393913182870957, 0.2849011018494189]",stable,0.6111293466602115,4958,"[0.7209642572785109, 0.5349190264498983, 0.4718953779006476, 0.4511206390550949]"
"[0.6973927877842585, 0.3737260641735151, 0.515218535850664, 0.7216871253587618]",stable,0.7640364568223805,4959,"[0.166157672301281, 0.6972970755845083, 0.3508157633096892, 0.3096015900790187]"
"[0.1131786094744683, 0.7428784060846565, 0.3397821600098098, 0.27094498508284076]",stable,0.5880481907076084,4960,"[0.189188194221115, 0.5993625107809506, 0.7507552285349531, 0.6589237762085125]"
"[0.34642181325343613, 0.25985555448037306, 0.6984304483648539, 0.41130233379121484]",stable,0.6113128317954751,4961,"[0.4871513227180895, 0.7808682296894845, 0.4436042363419483, 0.27898461985561673]"
"[0.4440574678964342, 0.5821536346760654, 0.3663219313213957, 0.30455282932041633]",stable,0.44192119518864514,4962,"[0.40149529233652603, 0.5474860121320544, 0.8023822584475463, 0.35073021580285657]"
"[0.5278022367472834, 0.5012211074939372, 0.607901222974608, 0.5518756997276987]",stable,0.635400441755936,4963,"[0.06815864291786769, 0.5176990719796212, 0.7128560130350136, 0.1262297708560572]"
"[0.09769954630670043, 0.5828434643585704, 0.4774912597606166, 0.46011960521387923]",stable,0.6727401431410752,4964,"[0.39901654533391406, 0.285193973346674, 1.0, 0.4468243743200522]"
"[0.3916934371002824, 0.35492573720908105, 0.9129075454535317, 0.35211614865152535]",stable,0.2646284194146136,4965,"[0.36321853939077486, 0.4750959511791405, 0.6790324409388118, 0.3432315707252141]"
"[0.5278022367472834, 0.5012211074939372, 0.607901222974608, 0.5518756997276987]",stable,0.3353308960548747,4966,"[0.3911793227865353, 0.2738679706205358, 0.8129553459875153, 0.558535055482656]"
"[0.5305181005017549, 0.3858272033930128, 0.8145319735342167, 0.5958685422639427]",stable,0.6180342517016136,4967,"[0.0, 0.21848742383714953, 0.7882699579509702, 0.32786744892273295]"
"[0.10654504445345996, 0.22934603632680683, 0.664070682282834, 0.3010845694360319]",stable,0.3202996565763993,4968,"[0.20378702707116864, 0.48113562186453424, 0.7948554565123376, 0.4134821417586305]"
"[0.3614931176382034, 0.48062134782793353, 0.6197518725117771, 0.31272340386962044]",stable,0.29536648343905697,4969,"[0.5430213250986512, 0.49020004650865684, 0.8296529928870293, 0.4134142059925012]"
"[0.5305181005017549, 0.3858272033930128, 0.8145319735342167, 0.5958685422639427]",stable,0.4371495020416421,4970,"[0.13248361178014803, 0.5553828342503624, 0.8629698281762428, 0.6355282851479912]"
"[0.34642181325343613, 0.25985555448037306, 0.6984304483648539, 0.41130233379121484]",stable,0.3076036771971235,4971,"[0.4649927872467838, 0.49168486529579974, 0.7105952434906445, 0.5746061450077719]"
"[0.5274261322592565, 0.5011640042472417, 0.608516157229195, 0.5520118101784776]",stable,0.23801681812246914,4972,"[0.7344019382813323, 0.38509453179068576, 0.6226288691112267, 0.5401067542085053]"
"[0.6977823577894909, 0.37384573225369583, 0.5163491709376172, 0.7197757530308644]",stable,0.4199085110952182,4973,"[0.7015254389856029, 0.6510230740761386, 0.6008741994375093, 0.4159050769683336]"
"[0.5274261322592565, 0.5011640042472417, 0.608516157229195, 0.5520118101784776]",anomaly,0.6580095310097153,4974,"[0.9996688747261472, 0.6604596960456046, 0.9960735015467526, 0.7374505400246956]"
"[0.5274261322592565, 0.5011640042472417, 0.608516157229195, 0.5520118101784776]",stable,0.5215056646750407,4975,"[1.0, 0.40619518234286356, 0.43317089095811157, 0.4577936681933612]"
"[0.6977823577894909, 0.37384573225369583, 0.5163491709376172, 0.7197757530308644]",stable,0.39606664238287004,4976,"[0.7800817225870741, 0.7303637327776956, 0.39756904577214813, 0.625532467167099]"
"[0.9148840122979112, 0.8461269125188062, 0.3947024617823838, 0.6668025482339266]",stable,0.3463642537040633,4977,"[0.7475421735071248, 0.6117960001027061, 0.48584841058297, 0.4972550777792775]"
"[0.6977823577894909, 0.37384573225369583, 0.5163491709376172, 0.7197757530308644]",stable,0.48710471165515185,4978,"[0.7647151180727068, 0.7096122811907476, 0.1865164660439113, 0.8258993466136401]"
"[0.9256179470102422, 0.772140949809931, 0.5256295109705913, 0.8554813503415887]",stable,0.3590359139868145,4979,"[0.8884121530652469, 0.48009660652299785, 0.3983281894633557, 0.6941525199178693]"
"[0.8916639892075674, 0.6284789077424083, 0.3472775120372325, 0.9141341151560949]",stable,0.4976521281636336,4980,"[0.822636427463709, 0.6878782378284256, 0.3591438142225626, 0.4250290683172075]"
"[0.6744559596353726, 0.7933142235500867, 0.42963456374687037, 0.48837527565692873]",stable,0.42273634849891284,4981,"[0.928887929491948, 0.585304081292303, 0.49093802394476094, 0.7471107767826136]"
"[0.8916639892075674, 0.6284789077424083, 0.3472775120372325, 0.9141341151560949]",stable,0.1373542244344928,4982,"[1.0, 0.6303726778780758, 0.4069542755443406, 0.8544299338320629]"
"[0.9256179470102422, 0.772140949809931, 0.5256295109705913, 0.8554813503415887]",stable,0.5474060657374031,4983,"[0.9966653668646575, 0.374264644540946, 0.33689341260149913, 0.5381821290755313]"
"[0.8927261069604344, 0.6284974741162874, 0.3478625783461257, 0.913548780045075]",stable,0.6379855149831255,4984,"[0.6690899013693794, 0.6481223520258343, 0.6939331564556199, 0.42686368266575825]"
"[0.5274261322592565, 0.5011640042472417, 0.608516157229195, 0.5520118101784776]",stable,0.26268195437654696,4985,"[0.40168944605545864, 0.7020085607378472, 0.6363390480170329, 0.4421052781893825]"
"[0.5274261322592565, 0.5011640042472417, 0.608516157229195, 0.5520118101784776]",stable,0.3458382397121714,4986,"[0.4915065028299142, 0.752183452745672, 0.3800905772434873, 0.4961113705325407]"
"[0.4440574678964342, 0.5821536346760654, 0.3663219313213957, 0.30455282932041633]",stable,0.21344946649213029,4987,"[0.3196229463920137, 0.49211517137141947, 0.5110710043641328, 0.27265446599645793]"
"[0.5274261322592565, 0.5011640042472417, 0.608516157229195, 0.5520118101784776]",stable,0.4487587443529754,4988,"[0.21003173122585939, 0.6812714812280862, 0.4211918365240127, 0.37003351357735326]"
"[0.11392940886788994, 0.7424008330237528, 0.3404132427734858, 0.2717131132107052]",stable,0.28957907362477514,4989,"[0.15932571983108829, 0.7030173043030408, 0.39723894443357055, 0.5492288643468514]"
"[0.222414519067061, 0.6885914163891281, 0.5480259507052921, 0.24263007264545144]",anomaly,0.5473423549084399,4990,"[0.3261760992677253, 0.7227430300641055, 0.320736023728004, 0.7284182408103748]"
"[0.222414519067061, 0.6885914163891281, 0.5480259507052921, 0.24263007264545144]",stable,0.3430264114702506,4991,"[0.24097768558199253, 0.7832703215790042, 0.22520362399591734, 0.30700536375227844]"
"[0.14370087257212763, 0.454074077713757, 0.393913182870957, 0.2849011018494189]",stable,0.3465513496487853,4992,"[0.20068635388530387, 0.7133166062449883, 0.18192210612602772, 0.3534838084463414]"
"[0.14370087257212763, 0.454074077713757, 0.393913182870957, 0.2849011018494189]",stable,0.34444037498131347,4993,"[0.2106099284591177, 0.4333603424460428, 0.30655606141326697, 0.6106341592130597]"
"[0.36122298750113124, 0.4806955015282141, 0.6190507056205019, 0.3124648945930194]",anomaly,0.817754514493995,4994,"[0.07945353877625189, 0.8518483837909527, 0.189210421091377, 0.8290026875226073]"
"[0.36122298750113124, 0.4806955015282141, 0.6190507056205019, 0.3124648945930194]",stable,0.3743275441420146,4995,"[0.3150690742616101, 0.7311574265468737, 0.3451432343707482, 0.3277765863866553]"
"[0.14370087257212763, 0.454074077713757, 0.393913182870957, 0.2849011018494189]",stable,0.5254579179782604,4996,"[0.0, 0.813843974357526, 0.19068806564199697, 0.5759702619888342]"
"[0.4440574678964342, 0.5821536346760654, 0.3663219313213957, 0.30455282932041633]",stable,0.1796315562117593,4997,"[0.3506413974957666, 0.7338494114948418, 0.38697382089056065, 0.3146930724401321]"
"[0.29774639704358413, 0.7078186015646994, 0.2651895665471662, 0.44740721721142884]",stable,0.28728819204521305,4998,"[0.24169123646542603, 0.4862526429728033, 0.21695121471396206, 0.28015318387640187]"
"[0.29774639704358413, 0.7078186015646994, 0.2651895665471662, 0.44740721721142884]",stable,0.16563433421121027,4999,"[0.3235524897352323, 0.8319079019119683, 0.3691679805316174, 0.4237616422726724]"
